x,y,psi,u,v,r,n1x,n1y,n2x,n2y,n3x,n3y,n4x,n4y
-0.036950,0.011949,0.016665,-0.004089,0.005039,0.002625,-0.064333,0.072820,-0.032165,0.000000,0.000000,0.000000,0.000000,0.040176
-0.036589,0.011720,0.016367,-0.004497,0.003396,0.001985,-0.069286,0.176885,-0.054356,0.000000,0.000000,0.000000,0.000000,0.031593
-0.035924,0.011779,0.015216,-0.006402,0.000749,0.006134,-0.056293,0.052336,-0.007355,0.000000,0.000000,0.000000,0.000000,0.077904
-0.035354,0.011463,0.013627,-0.006063,0.005881,0.009774,-0.040580,0.000000,0.000000,0.000000,0.000000,0.000000,0.000000,0.082835
-0.034777,0.011157,0.012079,-0.006694,0.006151,0.010305,-0.054465,0.071892,0.000000,0.000000,0.000000,0.000000,0.000000,0.183832
-0.034076,0.010426,0.010205,-0.007536,0.011100,0.011523,-0.077385,0.000000,0.000000,0.000000,0.000000,0.000000,0.000000,0.166577
-0.033375,0.008527,0.007364,-0.006239,0.022674,0.015145,-0.065829,0.001960,0.000000,0.000000,0.000000,0.000000,0.000000,0.158686
-0.032809,0.006599,0.005130,-0.006494,0.027772,0.014861,-0.046447,0.000000,0.000000,-0.051423,0.000000,0.000000,0.000000,0.113550
-0.032154,0.004242,0.002978,-0.007231,0.030588,0.013225,-0.074480,0.000000,0.000000,-0.312039,0.000000,0.000000,0.000000,0.000000
-0.031418,0.001212,0.001896,-0.009302,0.040446,0.007220,-0.070365,0.000000,0.000000,-0.406107,0.000000,0.000000,0.000000,0.000000
-0.030588,-0.002587,0.000972,-0.009793,0.046151,0.005677,-0.028670,0.000000,0.000000,-0.409887,0.000000,0.000000,0.000000,0.000000
-0.029585,-0.007340,0.000278,-0.010372,0.049563,0.003699,0.000000,0.000000,0.000000,-0.406754,0.000000,-0.187283,0.000000,0.000000
-0.028762,-0.011178,-0.000203,-0.010752,0.050001,0.003209,0.000000,0.000000,0.000000,-0.481167,0.000000,-0.289162,0.000000,0.000000
-0.027765,-0.014848,-0.000898,-0.012117,0.044306,0.004270,0.000000,0.000000,0.000000,-0.548750,0.000000,-0.291510,0.000000,0.000000
-0.026743,-0.017486,-0.001656,-0.013591,0.034761,0.005045,0.000000,0.000000,0.000000,-0.559289,0.000000,-0.271864,0.013807,0.000000
-0.025456,-0.019796,-0.002102,-0.013489,0.024149,0.002377,0.000000,0.000000,0.000000,-0.519585,0.000000,-0.218099,0.081977,0.000000
-0.024334,-0.021703,-0.001892,-0.013167,0.022438,-0.001288,0.000000,0.000000,0.000000,-0.445273,0.000000,-0.142117,0.122920,0.000000
-0.023259,-0.023165,-0.001437,-0.013416,0.018356,-0.003029,0.000000,0.000000,0.000000,-0.318621,0.000000,-0.131310,0.100651,0.000000
-0.022138,-0.024633,-0.000632,-0.012623,0.016722,-0.004951,0.000000,0.000000,0.000000,-0.265967,0.000000,-0.239119,0.031461,0.000000
-0.020706,-0.026339,0.000924,-0.013482,0.016440,-0.008291,0.000000,0.000000,0.000000,-0.211417,0.000000,-0.262027,0.000000,0.000000
-0.019451,-0.027044,0.002017,-0.014990,0.008165,-0.007283,0.000000,0.000000,0.000000,-0.147723,0.000000,-0.243239,0.062857,0.000000
-0.018125,-0.027272,0.003540,-0.014197,0.001602,-0.009360,0.000000,0.000000,0.000000,-0.079677,0.000000,-0.319704,0.087378,0.000000
-0.016890,-0.026738,0.004617,-0.014689,-0.007646,-0.007179,0.000000,0.005769,0.000000,-0.048856,0.000000,-0.253452,0.056412,0.000000
-0.015558,-0.025414,0.005538,-0.014898,-0.016299,-0.005664,0.000000,0.069141,0.000000,0.000000,0.000000,-0.200585,0.067602,0.000000
-0.014041,-0.023433,0.006302,-0.014976,-0.020766,-0.004067,0.000000,0.096416,0.000000,0.000000,0.000000,-0.113858,0.084611,0.000000
-0.012877,-0.021627,0.006987,-0.014332,-0.023612,-0.004567,0.000000,0.107968,0.000000,0.000000,0.000000,-0.039608,0.034311,0.118573
-0.011720,-0.019580,0.007737,-0.013129,-0.024668,-0.004613,0.000000,0.138317,0.000000,0.000000,0.000000,-0.010727,0.000781,0.182731
-0.010853,-0.017357,0.008845,-0.010274,-0.029101,-0.007374,0.000000,0.272362,0.000000,0.000000,0.000000,-0.064216,0.000000,0.196307
-0.009842,-0.014245,0.010244,-0.009615,-0.032517,-0.007456,0.000000,0.323654,0.000000,0.000000,0.000000,-0.084421,0.000000,0.206957
-0.008968,-0.011963,0.011458,-0.009723,-0.027519,-0.007464,0.000000,0.357736,0.000000,0.000000,0.000000,-0.067109,0.000000,0.247976
-0.008220,-0.010789,0.012368,-0.009185,-0.015431,-0.006060,0.000000,0.382518,0.000000,0.000000,0.000000,-0.022843,0.000000,0.309712
-0.007737,-0.011158,0.011662,-0.006009,0.004590,0.004338,0.000000,0.372829,0.000000,0.000000,0.000000,-0.094125,0.000000,0.244308
-0.007202,-0.011164,0.010593,-0.005891,0.000333,0.005696,0.000000,0.298893,0.000000,0.000000,0.000000,-0.230787,0.000000,0.086367
-0.006789,-0.010931,0.009368,-0.005861,-0.002639,0.008159,0.000000,0.000000,0.000000,-0.097862,0.000000,-0.171517,0.000000,0.000000
-0.006308,-0.010455,0.007558,-0.006455,-0.005186,0.011132,0.000000,0.000000,0.000000,-0.149343,0.000000,0.000000,0.000000,0.095125
-0.005930,-0.010154,0.005715,-0.005626,-0.003397,0.012269,0.000000,0.000000,0.000000,-0.054972,0.000000,0.000000,0.042008,0.178163
-0.005760,-0.009039,0.004820,-0.002361,-0.013048,0.005506,0.000000,0.000000,0.000000,-0.009252,0.000000,0.000000,0.000000,0.200608
-0.005696,-0.006539,0.004696,-0.000695,-0.025699,0.000658,0.000000,0.000000,0.000000,-0.074030,0.000000,0.000000,0.000000,0.196876
-0.005636,-0.004598,0.004633,-0.000787,-0.024959,0.000425,0.000000,0.159928,0.000000,0.000000,0.000000,0.000000,0.000000,0.259954
-0.005512,-0.002942,0.004833,-0.001447,-0.019685,-0.001231,0.000000,0.404541,0.000000,0.000000,0.000000,0.000000,0.000000,0.387619
-0.005386,-0.002126,0.005235,-0.001567,-0.010580,-0.002675,0.000000,0.336756,0.000000,0.000000,0.000000,0.000000,0.000000,0.374683
-0.005320,-0.001343,0.005701,-0.000645,-0.008145,-0.002483,0.000000,0.295400,0.000000,0.000000,0.000000,-0.031142,0.000000,0.264172
-0.005193,-0.001037,0.006467,-0.001474,-0.003786,-0.004713,0.000000,0.280343,0.000000,0.000000,0.000000,-0.130327,0.000000,0.139270
-0.005144,-0.000686,0.007272,-0.000588,-0.004671,-0.005361,0.000000,0.191019,0.000000,0.000000,0.000000,-0.087911,0.000000,0.132947
-0.005100,-0.000959,0.008325,-0.000505,0.003027,-0.006477,0.000000,0.083680,0.000000,0.000000,0.000000,-0.082079,0.000000,0.086976
-0.004926,-0.002276,0.010042,-0.002170,0.016592,-0.011437,0.000000,0.168333,0.000000,0.000000,0.000000,-0.092330,0.000000,0.085975
-0.004491,-0.004640,0.012805,-0.004267,0.023876,-0.014717,0.000000,0.154878,0.000000,0.000000,0.000000,-0.170695,0.000000,0.000000
-0.003952,-0.007034,0.015283,-0.005971,0.028002,-0.015233,0.000000,0.088245,0.000000,0.000000,0.000000,-0.425417,0.000000,0.000000
-0.003339,-0.009095,0.017200,-0.007333,0.026214,-0.012771,0.000000,0.009123,0.000000,0.000000,0.000000,-0.525687,0.000000,0.000000
-0.002592,-0.011354,0.019147,-0.008203,0.026585,-0.011977,0.000000,0.000000,0.000000,0.000000,0.000000,-0.471972,0.012926,0.000000
-0.001699,-0.014537,0.021124,-0.008466,0.032574,-0.010535,0.000000,0.000000,0.000000,-0.001759,0.000000,-0.379670,0.105646,0.000000
-0.000899,-0.017376,0.022665,-0.009377,0.036394,-0.010260,0.000000,0.000000,0.000000,-0.025578,0.000000,-0.426178,0.089701,0.000000
0.000005,-0.019663,0.023744,-0.010042,0.027131,-0.006638,0.000000,0.000000,0.000000,-0.180243,0.000000,-0.541532,0.000000,0.000000
0.000864,-0.020606,0.023885,-0.010918,0.012116,-0.000938,0.000000,0.000000,0.000000,-0.238809,0.000000,-0.580494,0.006033,0.000000
0.002011,-0.021844,0.023862,-0.011818,0.012730,0.000122,0.000000,0.000000,0.000000,-0.128574,0.000000,-0.382363,0.218548,0.000000
0.002973,-0.023221,0.023347,-0.011847,0.016322,0.003169,0.000000,0.000000,0.000000,-0.058512,0.000000,-0.123796,0.310542,0.000000
0.003888,-0.024634,0.022841,-0.012235,0.018110,0.003369,0.000000,0.000000,0.000000,-0.225758,0.030117,-0.228875,0.059979,0.000000
0.004959,-0.026420,0.022504,-0.013036,0.021162,0.002076,0.000000,0.000000,0.000000,-0.380520,0.103322,-0.356494,0.000000,0.000000
0.005925,-0.027932,0.022026,-0.012918,0.019348,0.003179,0.000000,0.000000,0.000000,-0.266588,0.042990,-0.299342,0.127056,0.000000
0.007366,-0.030095,0.021864,-0.014978,0.022211,0.000862,0.000000,0.000000,0.000000,-0.253873,0.000000,-0.250608,0.288500,0.000000
0.008746,-0.032018,0.021763,-0.016486,0.022802,0.000621,0.000000,0.000000,0.000000,-0.345889,0.057013,-0.292506,0.139571,0.000000
0.010053,-0.033618,0.021515,-0.017130,0.020485,0.001653,0.000000,0.000000,0.000000,-0.418680,0.112904,-0.436308,0.039778,0.000000
0.011434,-0.035026,0.021301,-0.016667,0.016640,0.001317,0.000000,0.000000,0.000000,-0.357249,0.083057,-0.407098,0.206335,0.000000
0.013003,-0.035686,0.020938,-0.016546,0.006652,0.001932,0.000000,0.000000,0.000000,-0.321451,0.051522,-0.272588,0.363845,0.000000
0.014371,-0.035710,0.020286,-0.018539,-0.000027,0.004344,0.000000,0.000000,0.000000,-0.375810,0.091632,-0.283135,0.243700,0.000000
0.015727,-0.035061,0.019065,-0.017724,-0.008360,0.007509,0.000000,0.035696,0.000000,-0.335878,0.134686,-0.266959,0.131599,0.000000
0.016867,-0.034152,0.017671,-0.016649,-0.012572,0.009286,0.000000,0.008299,0.000000,-0.248088,0.135961,-0.135535,0.276362,0.000000
0.018194,-0.033132,0.016183,-0.015294,-0.011297,0.007928,0.000000,0.000000,0.000000,-0.193015,0.122763,0.000000,0.313822,0.024677
0.019192,-0.031561,0.015391,-0.012818,-0.019185,0.004871,0.000000,0.000000,0.000000,-0.253289,0.175302,0.000000,0.155876,0.080912
0.020133,-0.029868,0.014557,-0.013176,-0.022430,0.005556,0.000000,0.062284,0.000000,-0.234170,0.191706,-0.066362,0.042874,0.027206
0.021094,-0.028012,0.013956,-0.012072,-0.022474,0.003695,0.000000,0.206369,0.000000,0.000000,0.089753,-0.005393,0.173153,0.094348
0.022006,-0.026219,0.013564,-0.012170,-0.023395,0.002610,0.000000,0.069453,0.000000,0.000000,0.068632,0.000000,0.263536,0.177910
0.023212,-0.023639,0.013101,-0.012805,-0.026867,0.002467,0.000000,0.045193,0.000000,0.000000,0.098045,-0.063076,0.000000,0.173307
0.024061,-0.020317,0.013821,-0.009438,-0.038822,-0.004425,0.000000,0.261279,0.000000,0.000000,0.145781,-0.087330,0.000000,0.194452
0.024696,-0.016746,0.015001,-0.007206,-0.044764,-0.007859,0.000000,0.183488,0.000000,0.000000,0.124365,0.000000,0.148626,0.279167
0.025315,-0.013071,0.016628,-0.006329,-0.042118,-0.009996,0.000000,0.338039,0.000000,0.000000,0.000000,0.000000,0.072280,0.353823
0.026011,-0.008803,0.018444,-0.006408,-0.042430,-0.009683,0.000000,0.674041,0.000000,0.000000,0.000000,-0.015103,0.000000,0.389362
0.026469,-0.005167,0.019959,-0.005345,-0.045137,-0.010083,0.000000,0.651464,0.000000,0.000000,0.000000,-0.179089,0.000000,0.361671
0.026798,-0.000313,0.022130,-0.003500,-0.055514,-0.013356,0.000000,0.486095,0.000000,0.000000,0.000000,-0.200788,0.000000,0.362494
0.026935,0.005147,0.024529,-0.001735,-0.067591,-0.015974,0.000000,0.491524,0.000000,0.000000,0.000000,-0.073137,0.000000,0.460866
0.026782,0.012598,0.028399,0.000905,-0.073298,-0.020624,0.000000,0.754846,0.000000,0.000000,0.000000,0.000000,0.006891,0.603519
0.026700,0.018932,0.031245,-0.000369,-0.072388,-0.017505,0.000000,1.000000,0.000000,0.000000,0.000000,0.000000,0.000000,0.705695
0.026599,0.024315,0.033625,-0.000535,-0.066649,-0.015855,0.000000,1.000000,0.000000,0.000000,0.000000,-0.080709,0.000000,0.687800
0.026431,0.029322,0.035789,0.000029,-0.057307,-0.013304,0.000000,1.000000,0.000000,0.000000,0.000000,-0.084621,0.000000,0.691456
0.026259,0.033051,0.037278,0.000440,-0.046375,-0.009919,0.000000,1.000000,0.000000,0.000000,0.000000,-0.049593,0.000000,0.690882
0.026104,0.035954,0.038412,0.000384,-0.028887,-0.006037,0.000000,0.944225,0.000000,0.000000,0.000000,-0.069102,0.000000,0.633715
0.026154,0.037536,0.038597,-0.000847,-0.018615,-0.001137,0.000000,0.828623,0.000000,0.000000,0.000000,-0.109828,0.000000,0.550731
0.026382,0.038519,0.037838,-0.001779,-0.013448,0.005055,0.000000,0.625581,0.000000,0.000000,0.000000,-0.157624,0.000000,0.417226
0.026784,0.038327,0.036805,-0.003290,0.001260,0.006345,0.000000,0.445762,0.000000,0.000000,0.000000,-0.108614,0.000000,0.386317
0.027338,0.036626,0.034931,-0.003388,0.015880,0.009990,0.000000,0.271119,0.000000,0.000000,0.000000,0.000000,0.000000,0.447622
0.027776,0.034376,0.032922,-0.002660,0.026713,0.013384,0.000000,0.195207,0.000000,0.000000,0.000000,-0.065249,0.000000,0.283649
0.028191,0.031273,0.030323,-0.001606,0.034092,0.015962,0.000000,0.152628,0.000000,0.000000,0.000000,-0.198238,0.000000,0.109031
0.028625,0.028429,0.027347,-0.001837,0.033213,0.019847,0.000000,0.000000,0.000000,-0.065405,0.000813,-0.150749,0.000000,0.030865
0.029279,0.025183,0.022713,-0.002500,0.029069,0.024692,0.000000,0.000000,0.000000,-0.339559,0.056812,-0.047841,0.000000,0.001507
0.029683,0.022190,0.018477,-0.000849,0.030845,0.026007,0.000000,0.000000,0.000000,-0.400634,0.145682,0.000000,0.017452,0.050111
0.029877,0.018848,0.013899,0.001570,0.037492,0.030524,0.000000,0.000000,0.000000,-0.440886,0.122300,0.000000,0.145929,0.101756
0.029892,0.014644,0.008637,0.003471,0.044030,0.032369,0.000000,0.000000,0.000000,-0.527187,0.084058,0.000000,0.089283,0.044550
0.029713,0.010572,0.003852,0.005087,0.046547,0.031860,0.000000,0.000000,0.000000,-0.773720,0.114845,0.000000,0.000000,0.000000
0.029258,0.005876,-0.001662,0.006520,0.043002,0.029384,0.000000,0.000000,0.000000,-0.902449,0.128330,0.000000,0.000000,0.000000
0.028692,0.002995,-0.005810,0.007598,0.029686,0.025508,0.000000,0.000000,0.000000,-0.869376,0.060459,0.000000,0.166178,0.000000
0.028114,0.000924,-0.009262,0.007825,0.022605,0.022975,0.000000,0.000000,0.000000,-0.789195,0.011215,0.000000,0.232461,0.000000
0.027412,-0.001272,-0.012206,0.008425,0.022995,0.018107,0.000000,0.000000,0.000000,-0.658412,0.010307,0.000000,0.180380,0.005660
0.026556,-0.003619,-0.014418,0.008709,0.022188,0.011787,0.000000,0.000000,0.000000,-0.593420,0.028371,0.000000,0.132917,0.081429
0.025782,-0.005343,-0.015399,0.009808,0.021120,0.006537,0.000000,0.000000,0.000000,-0.541050,0.023304,0.000000,0.094081,0.024104
0.024939,-0.007048,-0.015461,0.009999,0.020180,0.000382,0.000000,0.000000,0.000000,-0.392118,0.000000,0.000000,0.063854,0.000000
0.024230,-0.008544,-0.014480,0.009390,0.020224,-0.006533,0.000000,0.000000,0.000000,-0.301773,0.000000,-0.022270,0.097402,0.000000
0.023462,-0.010300,-0.012693,0.009686,0.022462,-0.010988,0.000000,0.000000,0.000000,-0.200352,0.000000,-0.145943,0.067228,0.000000
0.022484,-0.011343,-0.009535,0.011106,0.013132,-0.016827,0.000000,0.000000,0.000000,-0.103748,0.000000,-0.281351,0.032061,0.000000
0.021585,-0.011509,-0.006411,0.012978,0.004975,-0.020807,0.000000,0.000000,0.000000,-0.068754,0.000000,-0.345552,0.037921,0.000000
0.020619,-0.011658,-0.002329,0.013185,0.005060,-0.025093,0.000000,0.095996,0.000000,0.000000,0.000000,-0.309564,0.100612,0.000000
0.019873,-0.011569,0.001472,0.011374,0.002035,-0.025318,0.000000,0.237644,0.000000,0.000000,0.000000,-0.276485,0.133236,0.000000
0.018890,-0.010262,0.006364,0.011913,-0.010292,-0.026071,0.000000,0.297695,0.000000,0.000000,0.000000,-0.408383,0.000000,0.000000
0.017918,-0.008551,0.010851,0.013246,-0.017142,-0.027597,0.000000,0.289926,0.000000,0.000000,0.000000,-0.441380,0.000000,0.000000
0.016946,-0.006749,0.014831,0.013844,-0.020279,-0.026501,0.000000,0.320756,0.000000,0.000000,0.000000,-0.282162,0.050800,0.000000
0.015912,-0.004622,0.018598,0.013212,-0.022863,-0.023166,0.000000,0.439732,0.000000,0.000000,0.000000,-0.228895,0.092057,0.030917
0.014641,-0.002527,0.022461,0.013645,-0.019565,-0.020582,0.000000,0.524969,0.000000,0.000000,0.000000,-0.269498,0.000000,0.035120
0.013635,-0.001056,0.025291,0.013213,-0.017238,-0.018853,0.000000,0.501063,0.000000,0.000000,0.000000,-0.242330,0.000000,0.082523
0.012548,-0.000279,0.027903,0.013013,-0.007894,-0.016063,0.000000,0.365286,0.000000,0.000000,0.000000,-0.219059,0.000000,0.077303
0.011624,0.000102,0.029905,0.011892,-0.003884,-0.013329,0.000000,0.390420,0.000000,0.000000,0.000000,-0.244038,0.000000,0.055726
0.010609,0.000044,0.031425,0.012048,0.001349,-0.009348,0.000000,0.349453,0.000000,0.000000,0.000000,-0.290394,0.000000,0.000000
0.009582,-0.001056,0.033187,0.010547,0.011911,-0.009380,0.000000,0.234822,0.000000,0.000000,0.000000,-0.274337,0.000000,0.000000
0.008752,-0.002373,0.034002,0.010722,0.017257,-0.005430,0.000000,0.085203,0.000000,0.000000,0.000000,-0.213650,0.000000,0.000000
0.007782,-0.004321,0.034083,0.011521,0.023149,-0.000502,0.000000,0.066190,0.000000,0.000000,0.000000,-0.334926,0.000000,0.000000
0.006820,-0.006186,0.033958,0.012338,0.023934,0.000836,0.000000,0.041543,0.000000,0.000000,0.000000,-0.341744,0.000000,0.000000
0.005689,-0.009043,0.033567,0.011573,0.029335,0.002083,0.000000,0.000000,0.000000,-0.065778,0.000000,-0.253481,0.000000,0.000000
0.004535,-0.012008,0.032083,0.013197,0.034880,0.009125,0.000000,0.000000,0.000000,-0.107618,0.000000,-0.235885,0.000000,0.000000
0.003425,-0.013707,0.030524,0.013518,0.021562,0.010385,0.000000,0.000000,0.000000,-0.176909,0.000000,-0.319581,0.000000,0.000000
0.002204,-0.014947,0.028295,0.013349,0.014444,0.013701,0.000000,0.000000,0.000000,-0.411211,0.000000,-0.255053,0.000000,0.000000
0.000661,-0.015794,0.025900,0.014718,0.008542,0.012760,0.000000,0.000000,0.000000,-0.278781,0.000000,-0.050998,0.000000,0.000000
-0.000587,-0.016136,0.023862,0.014736,0.004348,0.013570,0.000000,0.000000,0.000000,-0.198416,0.000000,0.000000,0.052519,0.000000
-0.001880,-0.015808,0.021150,0.013715,-0.003827,0.016672,-0.008763,0.000000,0.000000,-0.131556,0.000000,0.000000,0.000000,0.000000
-0.003021,-0.014977,0.018375,0.012898,-0.010464,0.018471,-0.039759,0.000000,0.000000,-0.152213,0.000000,0.000000,0.000000,0.000000
-0.004334,-0.014574,0.015030,0.013728,-0.004399,0.020588,-0.047395,0.000000,0.000000,-0.120366,0.000000,0.000000,0.000000,0.156662
-0.005772,-0.014767,0.011434,0.013100,0.002500,0.019159,-0.050397,0.000000,0.000000,-0.075894,0.000000,0.000000,0.000000,0.279757
-0.006845,-0.014982,0.008600,0.012124,0.003428,0.018884,-0.076483,0.000000,0.000000,-0.147841,0.000000,0.000000,0.000000,0.227359
-0.007995,-0.015202,0.005749,0.012056,0.003345,0.017525,-0.073241,0.000000,0.000000,-0.180708,0.000000,0.000000,0.000000,0.122749
-0.009126,-0.015393,0.003293,0.013045,0.003267,0.016361,-0.061712,0.000000,0.000000,-0.206787,0.000000,0.000000,0.000000,0.114138
-0.010535,-0.015619,0.000319,0.013016,0.003200,0.015845,-0.070007,0.000000,0.000000,-0.233824,0.000000,0.000000,0.000000,0.114568
-0.011750,-0.014811,-0.001798,0.013189,-0.008749,0.013011,-0.090140,0.000000,0.000000,-0.217735,0.000000,0.000000,0.000000,0.109603
-0.012912,-0.013860,-0.003302,0.014049,-0.011513,0.010020,-0.097335,0.000000,0.000000,-0.214071,0.000000,0.000000,0.000000,0.111573
-0.014396,-0.013770,-0.005819,0.016315,0.000140,0.015471,-0.097477,0.000000,0.000000,-0.009174,0.000000,0.000000,0.000000,0.252104
-0.015753,-0.013726,-0.007844,0.016335,0.000618,0.013492,-0.104250,0.053946,0.000000,0.000000,0.000000,0.000000,0.000000,0.265773
-0.017386,-0.013986,-0.010107,0.015807,0.003836,0.012060,-0.171148,0.000000,-0.013912,-0.175877,0.000000,0.000000,0.000000,0.181540
-0.018674,-0.015045,-0.011448,0.014586,0.013435,0.008244,-0.175321,0.000000,-0.037730,-0.164926,0.000000,0.000000,0.000000,0.154226
-0.019794,-0.016623,-0.012359,0.013851,0.020993,0.006073,-0.138526,0.000000,0.000000,-0.141076,0.000000,0.000000,0.000000,0.094942
-0.020962,-0.018371,-0.013127,0.013390,0.021314,0.004717,-0.102556,0.000000,-0.010938,-0.196296,0.000000,0.000000,0.000000,0.000000
-0.022432,-0.020471,-0.014057,0.014570,0.022233,0.004958,-0.122469,0.000000,-0.068993,-0.327526,0.000000,-0.046946,0.000000,0.000000
-0.023601,-0.022052,-0.014557,0.014616,0.020779,0.003329,-0.124404,0.000000,-0.057607,-0.344164,0.000000,-0.043686,0.000000,0.000000
-0.024823,-0.023473,-0.014822,0.014295,0.017105,0.001631,-0.106200,0.000000,-0.007257,-0.303306,0.000000,-0.028639,0.000000,0.000000
-0.025872,-0.024312,-0.015138,0.013195,0.011104,0.002106,-0.109784,0.000000,-0.023218,-0.264210,0.000000,-0.045565,0.000000,0.000000
-0.027089,-0.024842,-0.015012,0.012616,0.005354,-0.000671,-0.138314,0.000000,-0.069061,-0.238184,0.000000,-0.043428,0.000000,0.000000
-0.028167,-0.024926,-0.014313,0.013447,0.000288,-0.004303,-0.130643,0.000000,-0.035678,-0.184558,0.000000,0.000000,0.000000,0.000000
-0.029133,-0.026096,-0.013520,0.013212,0.014137,-0.005276,-0.090638,0.000000,-0.011389,-0.026780,0.000000,0.000000,0.000000,0.000000
-0.029884,-0.028511,-0.011772,0.010626,0.026776,-0.010746,-0.111499,0.018232,-0.078366,0.000000,0.000000,-0.018542,0.000000,0.000000
-0.030281,-0.031077,-0.009678,0.007531,0.030474,-0.013953,-0.137231,0.000000,-0.190229,-0.135760,0.000000,-0.186479,0.000000,0.000000
-0.030477,-0.035035,-0.006398,0.005319,0.037510,-0.017469,-0.041461,0.000000,-0.199867,-0.158666,0.000000,-0.453728,0.000000,0.000000
-0.030614,-0.038780,-0.003874,0.004945,0.041615,-0.015523,0.000000,0.000000,-0.050604,-0.048116,0.000000,-0.512555,0.000000,0.000000
-0.030657,-0.042297,-0.001619,0.004091,0.042488,-0.015029,0.000000,0.000000,0.000000,-0.111800,0.000000,-0.547691,0.000000,0.000000
-0.030636,-0.045900,0.000506,0.003109,0.040310,-0.013051,0.000000,0.000000,-0.084373,-0.362238,0.000000,-0.537432,0.000000,0.000000
-0.030697,-0.049493,0.001910,0.002719,0.035606,-0.007490,0.000000,0.000000,-0.077031,-0.412974,0.000000,-0.542650,0.000000,0.000000
-0.030831,-0.052371,0.002526,0.002951,0.036243,-0.004101,0.000000,0.000000,0.000000,-0.301259,0.000000,-0.527376,0.000000,0.000000
-0.031156,-0.055979,0.002490,0.003783,0.042853,0.000221,0.000000,0.000000,0.000000,-0.366197,0.000000,-0.407281,0.000000,0.000000
-0.031559,-0.059527,0.001974,0.004019,0.046288,0.003436,0.000000,0.000000,0.000000,-0.550422,0.000000,-0.374970,0.000000,0.000000
-0.032089,-0.063395,0.001198,0.003957,0.040580,0.004138,-0.013760,0.000000,-0.002908,-0.713280,0.000000,-0.434256,0.000000,0.000000
-0.032568,-0.066021,0.000796,0.004748,0.031672,0.002471,-0.015074,0.000000,0.000000,-0.778885,0.000000,-0.424447,0.000000,0.000000
-0.032947,-0.067010,0.002055,0.008228,0.011066,-0.008386,-0.004311,0.000000,0.000000,-0.690752,0.000000,-0.331660,0.020918,0.000000
-0.033280,-0.067232,0.003422,0.007375,0.000964,-0.008407,-0.005190,0.000000,0.000000,-0.540850,0.000000,-0.283565,0.084037,0.000000
-0.033503,-0.067064,0.004736,0.006435,-0.003916,-0.008746,-0.012148,0.128756,0.000000,-0.091707,0.000000,-0.329334,0.093366,0.000000
-0.033445,-0.067507,0.007186,0.004733,0.001927,-0.013056,-0.027128,0.186475,-0.025148,-0.041643,0.000000,-0.282791,0.006796,0.000000
-0.033144,-0.067975,0.009817,0.003060,0.002298,-0.016174,-0.050520,0.000000,-0.084238,-0.169028,0.000000,-0.279026,0.000000,0.000000
-0.032780,-0.067643,0.011989,0.001285,-0.007160,-0.014466,0.000000,0.000000,-0.081944,-0.109130,0.000000,-0.476975,0.000000,0.000000
-0.032346,-0.066421,0.013532,-0.001250,-0.016388,-0.009488,0.000000,0.059184,-0.013273,0.000000,0.000000,-0.546963,0.000000,0.000000
-0.031875,-0.063999,0.014423,-0.002932,-0.025840,-0.004749,0.000000,0.040755,0.000000,0.000000,0.000000,-0.338312,0.000000,0.000000
-0.031484,-0.061983,0.014785,-0.004085,-0.026393,-0.002410,0.000000,0.000000,0.000000,0.000000,0.000000,-0.134564,0.000000,0.000000
-0.031085,-0.059619,0.015010,-0.004221,-0.028338,-0.001386,0.000000,0.071022,0.000000,0.000000,0.000000,-0.054052,0.000000,0.000000
-0.030739,-0.057197,0.015106,-0.004224,-0.031264,-0.000638,0.000000,0.113467,0.000000,0.000000,0.000000,-0.100745,0.000000,0.000000
-0.030396,-0.054298,0.014893,-0.004514,-0.034154,0.001309,0.000000,0.100588,0.000000,0.000000,0.000000,-0.101527,0.000000,0.000000
-0.030145,-0.051635,0.013867,-0.004381,-0.026381,0.005465,0.000000,0.083511,0.000000,0.000000,0.000000,-0.025945,0.000000,0.073244
-0.029937,-0.049291,0.012929,-0.004639,-0.029017,0.006253,0.000000,0.085037,0.000000,0.000000,0.000000,0.000000,0.000000,0.158299
-0.029712,-0.046686,0.011869,-0.004616,-0.029730,0.006514,0.000000,0.029043,0.000000,0.000000,0.000000,0.000000,0.000000,0.099795
-0.029447,-0.044061,0.010857,-0.005315,-0.032539,0.006742,0.000000,0.114536,0.000000,0.000000,0.000000,0.000000,0.000000,0.151680
-0.029105,-0.040468,0.009874,-0.004912,-0.036035,0.005240,0.000000,0.103757,0.000000,0.000000,0.000000,0.000000,0.000000,0.196213
-0.028997,-0.038045,0.008455,-0.003424,-0.027222,0.008728,0.000000,0.119689,0.000000,0.000000,0.000000,0.000000,0.000000,0.248899
-0.029098,-0.036633,0.006406,-0.001841,-0.015748,0.013647,0.000000,0.231555,0.000000,0.000000,0.000000,0.000000,0.000000,0.305337
-0.029322,-0.035329,0.003909,-0.000746,-0.012749,0.015335,-0.004930,0.124836,0.000000,0.000000,0.000000,0.000000,0.000000,0.244476
-0.029542,-0.034218,0.001246,-0.000764,-0.008898,0.014200,-0.051225,0.000000,0.000000,-0.125752,0.000000,0.000000,0.000000,0.151285
-0.029722,-0.033818,-0.000941,-0.000704,-0.002522,0.014556,-0.073164,0.000000,0.000000,-0.191404,0.000000,0.000000,0.000000,0.161940
-0.029904,-0.033769,-0.003243,-0.000732,0.001980,0.014147,-0.049419,0.000000,0.000000,-0.178672,0.000000,0.000000,0.000000,0.121354
-0.030087,-0.033713,-0.005192,-0.000300,0.001643,0.013001,-0.043923,0.000000,0.000000,-0.250820,0.000000,0.000000,0.000000,0.044702
-0.030389,-0.034060,-0.007607,0.000556,0.006855,0.014853,-0.055436,0.000000,0.000000,-0.337774,0.000000,0.000000,0.000000,0.000000
-0.030848,-0.035609,-0.010755,0.001281,0.019021,0.016758,-0.060171,0.000000,0.000000,-0.333810,0.000000,0.000000,0.000000,0.000000
-0.031114,-0.037087,-0.013153,-0.000028,0.022001,0.015965,-0.074320,0.000000,0.000000,-0.447800,0.000000,0.000000,0.000000,0.000000
-0.031371,-0.038423,-0.015712,-0.000477,0.018864,0.015746,-0.090788,0.000000,0.000000,-0.669553,0.000000,0.000000,0.000000,0.000000
-0.031605,-0.039501,-0.017722,-0.000094,0.016411,0.013384,-0.063294,0.000000,0.000000,-0.677357,0.000000,0.000000,0.000000,0.000000
-0.031859,-0.040497,-0.019535,0.000300,0.012110,0.009668,-0.043233,0.000000,0.000000,-0.581034,0.000000,0.000000,0.000000,0.000000
-0.031993,-0.041244,-0.020399,0.000281,0.009888,0.005309,-0.049503,0.000000,0.000000,-0.518609,0.000000,0.000000,0.000000,0.000000
-0.032023,-0.041736,-0.020678,-0.000077,0.006698,0.001859,-0.054290,0.000000,0.000000,-0.436323,0.000000,0.000000,0.000000,0.000000
-0.031913,-0.042102,-0.020400,-0.000867,0.004004,-0.001708,-0.038052,0.000000,0.000000,-0.344041,0.000000,-0.016063,0.000000,0.000000
-0.031629,-0.042085,-0.019588,-0.001815,-0.001006,-0.004329,-0.022597,0.000000,0.000000,-0.260191,0.000000,-0.055572,0.000000,0.000000
-0.031336,-0.041676,-0.018453,-0.001835,-0.006707,-0.007556,-0.007906,0.000000,0.000000,-0.183527,0.000000,-0.097241,0.000000,0.000000
-0.031023,-0.041385,-0.016923,-0.001339,-0.005245,-0.009414,0.000000,0.000000,0.000000,-0.092517,0.000000,-0.088083,0.000000,0.000000
-0.030634,-0.041447,-0.014952,-0.001701,-0.001657,-0.013128,0.000000,0.044508,0.000000,0.000000,0.000000,-0.076560,0.000000,0.000000
-0.030303,-0.041806,-0.012852,-0.000675,0.001866,-0.012911,0.000000,0.041805,0.000000,0.000000,0.000000,-0.140347,0.000000,0.000000
-0.029959,-0.042555,-0.010324,-0.000112,0.005250,-0.013472,0.000000,0.031617,-0.031399,0.000000,0.000000,-0.275045,0.000000,0.000000
-0.029708,-0.042616,-0.007900,0.000949,-0.002133,-0.016142,0.000000,0.000000,-0.031105,-0.007859,0.000000,-0.283592,0.000000,0.000000
-0.029415,-0.042361,-0.005325,0.000628,-0.005860,-0.015829,0.000000,0.000000,0.000000,-0.024814,0.000000,-0.280179,0.000000,0.000000
-0.029108,-0.042174,-0.002857,0.000291,-0.005326,-0.016447,0.000000,0.075167,0.000000,0.000000,0.000000,-0.255735,0.000000,0.000000
-0.028769,-0.041783,0.000115,0.000575,-0.006793,-0.015823,0.000000,0.156958,0.000000,0.000000,0.000000,-0.221841,0.000000,0.000000
-0.028383,-0.041649,0.002924,-0.000191,-0.004592,-0.017272,0.000000,0.130733,-0.001661,0.000000,0.000000,-0.276493,0.000000,0.000000
-0.027824,-0.042378,0.006041,-0.001932,0.005829,-0.020755,0.000000,0.111790,-0.012350,0.000000,0.000000,-0.291647,0.000000,0.000000
-0.027161,-0.043591,0.009380,-0.002573,0.010975,-0.020553,0.000000,0.134206,0.000000,0.000000,0.000000,-0.327226,0.000000,0.000000
-0.026201,-0.045049,0.013041,-0.004704,0.011823,-0.019513,0.000000,0.120409,-0.018682,0.000000,0.000000,-0.515462,0.000000,0.000000
-0.025324,-0.046053,0.015725,-0.006375,0.010081,-0.017867,0.000000,0.074462,-0.019720,0.000000,0.000000,-0.574446,0.000000,0.000000
-0.024427,-0.046172,0.018026,-0.006688,-0.000739,-0.014151,0.000000,0.000000,0.000000,0.000000,0.000000,-0.508205,0.000000,0.000000
-0.023658,-0.045760,0.019480,-0.007183,-0.006725,-0.009681,0.000000,0.000000,0.000000,0.000000,0.000000,-0.456541,0.000000,0.000000
-0.022943,-0.045029,0.020332,-0.007029,-0.009425,-0.005239,0.000000,0.095318,0.000000,0.000000,0.000000,-0.322706,0.061156,0.000000
-0.022249,-0.044160,0.020793,-0.006470,-0.009287,-0.002456,0.000000,0.076944,0.000000,0.000000,0.000000,-0.219559,0.060241,0.000000
-0.021729,-0.043537,0.020901,-0.006495,-0.008108,-0.000720,0.000000,0.023670,0.000000,0.000000,0.000000,-0.194868,0.000000,0.000000
-0.021253,-0.042419,0.021092,-0.005336,-0.013435,-0.001176,0.000000,0.010132,0.000000,0.000000,0.000000,-0.194045,0.000000,0.000000
-0.020834,-0.041237,0.021058,-0.005446,-0.015169,0.000230,0.000000,0.000000,0.000000,0.000000,0.000000,-0.178785,0.000000,0.000000
-0.020261,-0.039083,0.020370,-0.006810,-0.021696,0.003662,0.000000,0.049047,0.000000,0.000000,0.000000,-0.122833,0.000000,0.000000
-0.019765,-0.036371,0.018960,-0.007940,-0.031130,0.008671,0.000000,0.048804,0.000000,0.000000,0.000000,-0.080498,0.000000,0.000000
-0.019368,-0.034009,0.017271,-0.007592,-0.029011,0.011251,0.000000,0.022942,0.000000,0.000000,0.000000,0.000000,0.000000,0.121043
-0.018939,-0.031368,0.015280,-0.007608,-0.029899,0.012241,0.000000,0.013053,0.000000,0.000000,0.000000,0.000000,0.000000,0.320719
-0.018527,-0.028955,0.013335,-0.007760,-0.029551,0.012964,0.000000,0.078125,0.000000,0.000000,0.000000,0.000000,0.000000,0.316227
-0.018013,-0.025853,0.010922,-0.007538,-0.030450,0.012849,0.000000,0.231856,0.000000,0.000000,0.000000,0.000000,0.000000,0.350996
-0.017578,-0.022474,0.009244,-0.006783,-0.038992,0.010321,0.000000,0.171603,0.000000,0.000000,0.000000,0.000000,0.000000,0.374556
-0.017173,-0.019295,0.007762,-0.006553,-0.039829,0.009873,0.000000,0.121033,0.000000,0.000000,0.000000,0.000000,0.000000,0.399662
-0.016788,-0.015766,0.006437,-0.005519,-0.041040,0.008142,0.000000,0.301747,0.000000,0.000000,0.000000,0.000000,0.000000,0.516951
-0.016326,-0.011363,0.004773,-0.005599,-0.044384,0.008867,0.000000,0.370588,0.000000,0.000000,0.000000,0.000000,0.000000,0.553137
-0.016065,-0.008441,0.002859,-0.004234,-0.036312,0.012745,0.000000,0.412665,0.000000,0.000000,0.000000,0.000000,0.000000,0.549323
-0.015757,-0.004760,0.000750,-0.004316,-0.042446,0.012970,0.000000,0.421956,0.000000,0.000000,0.000000,0.000000,0.000000,0.625493
-0.015430,-0.001465,-0.000976,-0.004524,-0.041257,0.011499,0.000000,0.256631,0.000000,0.000000,0.000000,0.000000,0.000000,0.587751
-0.015104,0.001844,-0.003129,-0.003458,-0.032967,0.011469,0.000000,0.357603,0.000000,0.000000,0.000000,0.000000,0.000000,0.691803
-0.014997,0.004162,-0.004498,-0.001171,-0.026749,0.008415,0.000000,0.443149,0.000000,0.000000,0.000000,0.000000,0.000000,0.713372
-0.014831,0.005279,-0.004785,-0.002087,-0.014198,0.001913,-0.006255,0.401502,0.000000,0.000000,0.000000,0.000000,0.000000,0.615448
-0.014537,0.005073,-0.003960,-0.003652,0.001985,-0.005068,-0.024368,0.386123,0.000000,0.000000,0.000000,0.000000,0.000000,0.510674
-0.014163,0.004398,-0.002704,-0.005071,0.007954,-0.008367,0.000000,0.360200,0.000000,0.000000,0.000000,0.000000,0.000000,0.299806
-0.013777,0.003020,-0.000718,-0.004243,0.013258,-0.010577,0.000000,0.290398,0.000000,0.000000,0.000000,-0.233246,0.000000,0.014240
-0.013442,0.001032,0.001397,-0.004212,0.022504,-0.013005,0.000000,0.156580,0.000000,0.000000,0.000000,-0.296483,0.000000,0.000000
-0.013234,-0.003272,0.002374,-0.002718,0.054867,-0.006511,0.000000,0.000000,0.000000,0.000000,0.000000,-0.183482,0.000000,0.000000
-0.012947,-0.008296,0.003291,-0.003289,0.059139,-0.005632,0.000000,0.000000,0.000000,0.000000,0.000000,-0.291450,0.000000,0.000000
-0.012471,-0.013480,0.003578,-0.004830,0.053269,-0.001529,0.000000,0.000000,-0.000957,-0.475519,0.000000,-0.561523,0.000000,0.000000
-0.012078,-0.017847,0.003612,-0.005024,0.056135,-0.000232,0.000000,0.000000,0.000000,-0.594280,0.000000,-0.570631,0.000000,0.000000
-0.011657,-0.022518,0.003164,-0.005300,0.055646,0.002753,0.000000,0.000000,0.000000,-0.513810,0.000000,-0.310822,0.141837,0.000000
-0.011282,-0.026780,0.002193,-0.005713,0.055282,0.006470,0.000000,0.000000,0.000000,-0.560182,0.000000,-0.328370,0.188590,0.000000
-0.010791,-0.032010,0.000641,-0.006382,0.054338,0.008267,0.000000,0.000000,0.000000,-0.743746,0.000000,-0.434016,0.000000,0.000000
-0.010328,-0.036164,-0.000897,-0.007342,0.049960,0.009464,0.000000,0.000000,0.000000,-0.862997,0.000000,-0.374200,0.000000,0.000000
-0.009824,-0.039837,-0.002186,-0.008362,0.047787,0.008585,0.000000,0.000000,0.000000,-0.764174,0.000000,-0.291419,0.192265,0.000000
-0.009191,-0.043676,-0.003284,-0.009140,0.045957,0.006749,0.000000,0.000000,0.000000,-0.722931,0.000000,-0.266413,0.250825,0.000000
-0.008544,-0.047156,-0.003776,-0.009194,0.044930,0.003275,0.000000,0.000000,0.000000,-0.852110,0.000000,-0.331583,0.080345,0.000000
-0.007683,-0.050707,-0.003489,-0.008419,0.036463,-0.001530,0.000000,0.000000,0.000000,-0.869107,0.000000,-0.384685,0.034274,0.000000
-0.006860,-0.052849,-0.002433,-0.007778,0.025135,-0.006493,0.000000,0.000000,0.000000,-0.671433,0.000000,-0.408065,0.238210,0.000000
-0.006011,-0.054375,-0.000757,-0.007334,0.019170,-0.011164,0.000000,0.000000,0.000000,-0.459566,0.000000,-0.406980,0.338114,0.000000
-0.004862,-0.055861,0.001946,-0.008151,0.017053,-0.016618,0.000000,0.000000,0.000000,-0.414000,0.000000,-0.415624,0.190265,0.000000
-0.003420,-0.056825,0.005637,-0.008172,0.009386,-0.019677,0.000000,0.068903,0.000000,-0.369772,0.000000,-0.480474,0.059702,0.000000
-0.002231,-0.057369,0.008940,-0.007698,0.006569,-0.021982,0.000000,0.119700,0.000000,-0.159575,0.000000,-0.590582,0.169865,0.000000
-0.000983,-0.057403,0.012563,-0.007065,0.000149,-0.022277,0.000000,0.133531,0.000000,0.000000,0.000000,-0.581542,0.257801,0.000000
0.000124,-0.056774,0.016080,-0.006078,-0.008179,-0.023408,0.000000,0.105447,0.000000,-0.026633,0.000000,-0.581510,0.106782,0.000000
0.001336,-0.054867,0.020062,-0.005168,-0.019575,-0.021234,0.000000,0.140007,0.000000,-0.018514,0.000000,-0.559392,0.000000,0.000000
0.002423,-0.053282,0.023445,-0.005970,-0.018595,-0.020788,0.000000,0.222908,0.000000,0.000000,0.000000,-0.508830,0.149667,0.000000
0.003287,-0.051558,0.026138,-0.005318,-0.021889,-0.017946,0.000000,0.245143,0.000000,0.000000,0.000000,-0.383284,0.224406,0.000000
0.004214,-0.049578,0.028726,-0.006037,-0.023180,-0.015916,0.000000,0.268869,0.000000,0.000000,0.000000,-0.436379,0.068728,0.000000
0.004928,-0.047554,0.030481,-0.005657,-0.025715,-0.011686,0.000000,0.314982,0.000000,0.000000,0.000000,-0.425035,0.000000,0.000000
0.005634,-0.045153,0.031789,-0.005261,-0.024489,-0.006969,0.000000,0.212646,0.000000,0.000000,0.000000,-0.357792,0.082953,0.000000
0.006081,-0.042835,0.031959,-0.005011,-0.027475,-0.001049,0.000000,0.116664,0.000000,0.000000,0.000000,-0.264890,0.090541,0.000000
0.006396,-0.039718,0.031484,-0.004874,-0.040177,0.003163,0.000000,0.135867,0.000000,0.000000,0.000000,-0.209776,0.059221,0.007687
0.006614,-0.035041,0.031145,-0.003092,-0.055644,0.002086,0.000000,0.133930,0.000000,0.000000,0.000000,-0.096632,0.072255,0.113525
0.006750,-0.029798,0.030093,-0.002588,-0.054154,0.005604,0.000000,0.163909,0.000000,0.000000,0.000000,0.000000,0.097345,0.340869
0.006560,-0.026185,0.028258,0.000224,-0.046968,0.012227,0.000000,0.459237,0.000000,0.000000,0.000000,0.000000,0.058526,0.528425
0.006228,-0.022736,0.025597,0.001348,-0.041576,0.016357,0.000000,0.590202,0.000000,0.000000,0.000000,0.000000,0.000000,0.539789
0.005876,-0.019708,0.022901,0.002046,-0.039624,0.017965,0.000000,0.372792,0.000000,0.000000,0.000000,0.000000,0.000000,0.505008
0.005554,-0.015983,0.019221,0.001114,-0.045002,0.022619,0.000000,0.166110,0.000000,0.000000,0.000000,0.000000,0.000000,0.498668
0.005269,-0.012328,0.015204,0.000851,-0.038296,0.021399,0.000000,0.207316,0.000000,0.000000,0.000000,0.000000,0.000000,0.551120
0.005021,-0.009913,0.012068,0.001614,-0.031711,0.020888,0.000000,0.262756,0.000000,0.000000,0.000000,0.000000,0.000000,0.735760
0.004809,-0.007704,0.009059,0.001402,-0.026790,0.018507,0.000000,0.241840,0.000000,0.000000,0.000000,0.000000,0.000000,0.666014
0.004672,-0.006286,0.006829,0.001074,-0.018659,0.014845,0.000000,0.303715,0.000000,0.000000,0.000000,0.000000,0.000000,0.579259
0.004590,-0.005865,0.004608,0.000385,-0.004665,0.011838,0.000000,0.260932,0.000000,0.000000,0.000000,0.000000,0.000000,0.524733
0.004612,-0.005200,0.003068,-0.000596,-0.008153,0.009465,0.000000,0.157227,0.000000,0.000000,0.000000,0.000000,0.000000,0.397911
0.004789,-0.003488,0.001489,-0.002611,-0.022320,0.010520,0.000000,0.069213,0.000000,0.000000,0.000000,-0.011148,0.000000,0.200489
0.005245,-0.002224,0.000597,-0.005525,-0.015158,0.005482,0.000000,0.095018,0.000000,0.000000,0.000000,0.000000,0.000000,0.249074
0.005781,-0.000734,0.000776,-0.005504,-0.015312,-0.000950,0.000000,0.074432,0.000000,0.000000,0.000000,0.000000,0.000000,0.496329
0.006219,0.000803,0.001333,-0.005618,-0.019620,-0.003711,0.000000,0.136066,0.000000,0.000000,0.000000,0.000000,0.000000,0.346599
0.006543,0.002465,0.002692,-0.003884,-0.019418,-0.008360,0.000000,0.480511,0.000000,0.000000,0.000000,-0.073208,0.000000,0.266379
0.006806,0.003928,0.004208,-0.003535,-0.018427,-0.010098,0.000000,0.428153,0.000000,0.000000,0.000000,-0.034422,0.000000,0.307501
0.007073,0.005886,0.006048,-0.003446,-0.022767,-0.011315,0.000000,0.263825,0.000000,0.000000,0.000000,-0.089959,0.000000,0.254528
0.007576,0.008994,0.007263,-0.005404,-0.031693,-0.006473,0.000000,0.374782,0.000000,0.000000,0.000000,-0.155408,0.000000,0.216699
0.008184,0.011888,0.007515,-0.007896,-0.037117,-0.001678,0.000000,0.488506,0.000000,0.000000,0.000000,-0.066327,0.000000,0.301061
0.008922,0.014871,0.007727,-0.008869,-0.035371,-0.001302,0.000000,0.370812,0.000000,0.000000,0.000000,0.000000,0.000000,0.503399
0.009676,0.017147,0.008259,-0.010017,-0.029085,-0.003546,0.000000,0.353669,0.000000,0.000000,0.000000,0.000000,0.000000,0.602889
0.010640,0.019140,0.009471,-0.010585,-0.020121,-0.006457,0.000000,0.576331,0.000000,0.000000,0.000000,0.000000,0.000000,0.579430
0.011469,0.020306,0.010729,-0.010734,-0.013344,-0.007733,0.000000,0.660223,0.000000,0.000000,0.000000,-0.014233,0.000000,0.480837
0.012196,0.020748,0.011733,-0.010178,-0.005223,-0.006689,0.000000,0.515116,0.000000,0.000000,0.000000,-0.169730,0.000000,0.322540
0.013007,0.020500,0.013034,-0.010634,0.003545,-0.008002,0.000000,0.374518,0.000000,0.000000,0.000000,-0.229989,0.000000,0.230598
0.014010,0.019838,0.014460,-0.011269,0.007404,-0.007599,0.000000,0.210323,0.000000,0.000000,0.000000,-0.148002,0.000000,0.205322
0.014867,0.018615,0.015821,-0.012105,0.016479,-0.009055,0.000000,0.152307,0.000000,0.000000,0.000000,-0.191708,0.000000,0.104130
0.015963,0.017711,0.016575,-0.013532,0.011157,-0.004641,0.000000,0.206092,0.000000,0.000000,0.000000,-0.254891,0.000000,0.039035
0.016989,0.016823,0.016837,-0.013382,0.011582,-0.001740,0.000000,0.096200,0.000000,0.000000,0.000000,-0.329257,0.045596,0.000000
0.018181,0.015769,0.016682,-0.014058,0.012426,0.000948,0.000000,0.000000,0.000000,0.000000,0.000000,-0.167474,0.090249,0.043481
0.019597,0.014168,0.016471,-0.014472,0.016350,0.001127,0.000000,0.000000,0.000000,0.000000,0.048890,-0.063947,0.165252,0.094932
0.020686,0.012332,0.016208,-0.013855,0.023398,0.001749,0.000000,0.000000,0.000000,0.000000,0.125150,-0.121406,0.112651,0.067155
0.021834,0.010321,0.015747,-0.013405,0.023514,0.002836,0.000000,0.046087,0.000000,-0.035315,0.135174,-0.213765,0.000000,0.000000
0.022897,0.008380,0.015357,-0.013511,0.024607,0.002598,0.000000,0.000000,0.000000,-0.176821,0.118680,-0.199202,0.015800,0.000000
0.024212,0.006038,0.014674,-0.013347,0.023598,0.003639,0.000000,0.000000,0.000000,-0.216196,0.098522,-0.120625,0.137379,0.000000
0.025300,0.002737,0.013944,-0.012740,0.038501,0.004485,0.000000,0.000000,0.000000,-0.180944,0.100794,-0.152196,0.232682,0.000000
0.026283,-0.000641,0.012929,-0.012534,0.042426,0.006765,0.000000,0.000000,0.000000,-0.245791,0.131265,-0.186541,0.157450,0.000000
0.027269,-0.004514,0.011784,-0.011739,0.044851,0.007036,0.000000,0.000000,0.000000,-0.547581,0.174344,-0.320836,0.018481,0.000000
0.028244,-0.009526,0.010315,-0.010247,0.050270,0.007831,0.000000,0.000000,0.000000,-0.632585,0.171089,-0.296616,0.081991,0.000000
0.028927,-0.013463,0.009177,-0.009223,0.049328,0.007576,0.000000,0.000000,0.000000,-0.552840,0.078843,-0.222688,0.353283,0.000000
0.029577,-0.017421,0.008013,-0.008306,0.045725,0.007157,0.000000,0.000000,0.000000,-0.677165,0.080997,-0.285834,0.312436,0.000000
0.030097,-0.020394,0.007049,-0.007362,0.037103,0.006426,0.000000,0.000000,0.000000,-0.824064,0.154358,-0.385739,0.087282,0.000000
0.030591,-0.023165,0.006280,-0.006450,0.032026,0.004726,0.000000,0.000000,0.000000,-0.743414,0.115724,-0.330552,0.206577,0.000000
0.031192,-0.025664,0.005547,-0.006735,0.024982,0.003902,0.000000,0.000000,0.000000,-0.500579,0.024605,-0.179690,0.468228,0.000000
0.031661,-0.028048,0.005145,-0.006455,0.030148,0.002684,0.000000,0.000000,0.000000,-0.503852,0.050981,-0.220450,0.364501,0.000000
0.032150,-0.030463,0.005132,-0.005813,0.028675,0.000077,0.000000,0.000000,0.000000,-0.591218,0.164149,-0.323701,0.068964,0.000000
0.032771,-0.032805,0.006211,-0.006656,0.031495,-0.007181,0.000000,0.000000,0.000000,-0.610068,0.148764,-0.374112,0.124856,0.000000
0.033862,-0.035206,0.008157,-0.009168,0.026774,-0.010368,0.000000,0.000000,0.000000,-0.415475,0.044940,-0.302699,0.383540,0.000000
0.034823,-0.036911,0.010179,-0.008757,0.022795,-0.012433,0.000000,0.000000,0.000000,-0.329350,0.017564,-0.462082,0.403777,0.000000
0.035568,-0.038331,0.012090,-0.006750,0.020965,-0.012735,0.000000,0.064196,0.000000,-0.371704,0.129309,-0.618181,0.186124,0.000000
0.036213,-0.039837,0.013955,-0.004990,0.020333,-0.011452,0.000000,0.069376,0.000000,-0.325769,0.135414,-0.579085,0.209111,0.000000
0.036873,-0.041133,0.016006,-0.004158,0.015762,-0.010941,0.000000,0.000000,0.000000,-0.245840,0.017355,-0.447710,0.361320,0.000000
0.037293,-0.041682,0.017496,-0.002933,0.009283,-0.009928,0.000000,0.000000,0.000000,-0.291577,0.021947,-0.453012,0.292906,0.000000
0.037636,-0.041941,0.018926,-0.001849,0.005067,-0.008780,0.000000,0.069279,0.000000,-0.260783,0.119906,-0.546432,0.179842,0.000000
0.037842,-0.042031,0.020116,-0.000638,0.002968,-0.007932,0.000000,0.104704,0.000000,-0.145638,0.089798,-0.465920,0.264252,0.000000
0.038038,-0.042442,0.021578,-0.000044,0.006957,-0.008990,0.000000,0.008558,0.000000,-0.134754,0.015692,-0.319354,0.303177,0.000000
0.038194,-0.043033,0.023140,0.000536,0.007998,-0.008325,0.000000,0.000000,0.000000,-0.192308,0.043951,-0.355971,0.140302,0.000000
0.038288,-0.043412,0.024293,0.000790,0.006657,-0.007676,0.000000,0.092790,0.000000,-0.149922,0.109555,-0.530787,0.108089,0.000000
0.038340,-0.042950,0.024150,-0.000852,-0.005681,0.000877,0.000000,0.034964,0.000000,-0.080084,0.071879,-0.501149,0.243993,0.000000
0.038391,-0.042666,0.023413,-0.001940,-0.004798,0.004910,0.000000,0.000000,0.000000,-0.155062,0.012589,-0.370326,0.238476,0.000000
0.038141,-0.043090,0.021298,-0.000345,0.001752,0.011267,0.000000,0.000000,0.000000,-0.237840,0.134139,-0.131428,0.177982,0.000000
0.037740,-0.043089,0.018969,0.001007,-0.003313,0.014324,0.000000,0.000000,0.000000,-0.260161,0.196941,-0.159333,0.192971,0.000000
0.037229,-0.042900,0.016699,0.002602,-0.005885,0.015123,0.000000,0.000000,0.000000,-0.448955,0.178069,-0.139767,0.112164,0.000000
0.036520,-0.042670,0.014179,0.004375,-0.006207,0.015496,0.000000,0.000000,0.000000,-0.490004,0.151434,0.000000,0.114670,0.000000
0.035698,-0.042624,0.011789,0.006429,-0.004101,0.015908,0.000000,0.000000,0.000000,-0.370438,0.096036,0.000000,0.254390,0.000000
0.034751,-0.043244,0.009795,0.006987,0.004087,0.010625,0.000000,0.000000,0.000000,-0.342782,0.088202,0.000000,0.209382,0.000000
0.034421,-0.044655,0.009849,0.004014,0.016833,-0.000333,0.000000,0.000000,0.000000,-0.476421,0.130049,0.000000,0.029800,0.000000
0.034576,-0.046703,0.011580,0.001114,0.028736,-0.011521,0.000000,0.000000,0.000000,-0.462003,0.104343,-0.161504,0.016683,0.000000
0.035185,-0.049250,0.014805,-0.001628,0.034423,-0.019829,0.000000,0.000000,0.000000,-0.279909,0.017250,-0.466879,0.206343,0.000000
0.035876,-0.051628,0.018950,-0.000548,0.029231,-0.022099,0.000000,0.000000,0.000000,-0.205552,0.000000,-0.748650,0.281911,0.000000
0.036383,-0.053125,0.022286,0.000425,0.024114,-0.022209,0.000000,0.009724,0.000000,-0.267539,0.042557,-0.904284,0.212991,0.000000
0.036845,-0.054373,0.025731,0.001307,0.019527,-0.021176,0.000000,0.034809,0.000000,-0.238340,0.024453,-0.791932,0.246289,0.000000
0.037141,-0.055255,0.028655,0.002604,0.015724,-0.019485,0.000000,0.056875,0.000000,-0.139169,0.000000,-0.664683,0.374651,0.000000
0.037248,-0.055755,0.031853,0.004587,0.009016,-0.017037,0.000000,0.098508,0.000000,-0.113271,0.000000,-0.698945,0.304868,0.000000
0.037222,-0.056222,0.034262,0.005301,0.008894,-0.014803,0.000000,0.132390,0.000000,-0.174597,0.002387,-0.736313,0.125342,0.000000
0.037010,-0.056568,0.035607,0.005785,0.006494,-0.008961,0.000000,0.088201,0.000000,-0.118081,0.000000,-0.632842,0.143459,0.000000
0.036663,-0.056345,0.035769,0.004466,-0.002425,-0.001001,0.000000,0.000000,0.000000,-0.056730,0.000000,-0.587971,0.260389,0.000000
0.036072,-0.056045,0.034834,0.005456,-0.005245,0.006227,0.000000,0.000000,0.000000,-0.141813,0.000000,-0.522871,0.194322,0.000000
0.035055,-0.055572,0.032579,0.006372,-0.007474,0.012015,0.000000,0.000000,0.000000,-0.241252,0.105776,-0.312435,0.143750,0.000000
0.033836,-0.055141,0.029728,0.008549,-0.008819,0.017524,0.000000,0.000000,0.000000,-0.291821,0.115550,-0.173298,0.179714,0.000000
0.032148,-0.055569,0.025641,0.012571,-0.000025,0.027237,0.000000,0.000000,0.000000,-0.350515,0.085355,-0.064904,0.157837,0.000000
0.030145,-0.056121,0.021092,0.014305,0.001162,0.027968,0.000000,0.000000,0.000000,-0.450064,0.090274,0.000000,0.072800,0.000000
0.027424,-0.056697,0.015545,0.017890,0.000610,0.029551,0.000000,0.000000,0.000000,-0.732151,0.121909,0.000000,0.000000,0.000000
0.025127,-0.056765,0.011254,0.019677,-0.003809,0.028588,0.000000,0.000000,0.000000,-0.703137,0.079717,0.000000,0.008114,0.000000
0.022639,-0.055783,0.006757,0.019992,-0.015812,0.027652,0.000000,0.000000,0.000000,-0.634144,0.000000,0.000000,0.150831,0.000000
0.020462,-0.054681,0.003308,0.020185,-0.017268,0.022962,0.000000,0.000000,0.000000,-0.577753,0.000000,0.000000,0.127218,0.000000
0.017896,-0.052462,-0.000544,0.019592,-0.025342,0.020532,0.000000,0.000000,0.000000,-0.491374,0.000000,0.000000,0.049770,0.186967
0.015813,-0.050284,-0.003120,0.019673,-0.027560,0.015844,0.000000,0.000000,0.000000,-0.389009,0.000000,0.000000,0.043752,0.176300
0.014001,-0.048075,-0.004858,0.019769,-0.029514,0.011577,0.000000,0.000000,0.000000,-0.141273,0.000000,0.000000,0.000000,0.278465
0.012083,-0.045378,-0.005842,0.020996,-0.032505,0.006046,0.000000,0.041488,0.000000,-0.041414,0.000000,0.000000,0.000000,0.285463
0.010320,-0.041972,-0.005491,0.023320,-0.043641,-0.002340,0.000000,0.101700,0.000000,0.000000,0.000000,0.000000,0.000000,0.291114
0.008130,-0.037308,-0.004592,0.023755,-0.047688,-0.004794,0.000000,0.188361,0.000000,0.000000,0.000000,0.000000,0.000000,0.290877
0.006226,-0.033082,-0.003592,0.023989,-0.049865,-0.006147,0.000000,0.427655,0.000000,0.000000,0.000000,0.000000,0.000000,0.360924
0.004468,-0.028992,-0.002572,0.023969,-0.052339,-0.006792,-0.018978,0.489770,0.000000,0.000000,0.000000,0.000000,0.000000,0.407563
0.002590,-0.024182,-0.001675,0.023261,-0.056930,-0.005513,-0.045394,0.480911,0.000000,0.000000,0.000000,0.000000,0.000000,0.416502
0.000592,-0.018833,-0.000464,0.021505,-0.054952,-0.006459,-0.055670,0.539063,0.000000,0.000000,0.000000,0.000000,0.000000,0.452832
-0.001016,-0.014987,0.000656,0.021521,-0.049413,-0.007455,-0.064392,0.587021,0.000000,0.000000,0.000000,0.000000,0.000000,0.553248
-0.002718,-0.010966,0.001929,0.020920,-0.047766,-0.007822,-0.059620,0.611258,0.000000,0.000000,0.000000,0.000000,0.000000,0.538504
-0.004226,-0.007758,0.003431,0.020052,-0.041414,-0.010005,-0.065836,0.656771,-0.030736,0.000000,0.000000,0.000000,0.000000,0.463450
-0.006062,-0.004741,0.005572,0.019433,-0.031347,-0.011416,-0.076664,0.650671,-0.043384,0.000000,0.000000,0.000000,0.000000,0.459695
-0.007738,-0.002635,0.007419,0.020226,-0.025413,-0.011353,-0.059268,0.551656,-0.050027,0.000000,0.000000,0.000000,0.000000,0.372568
-0.009488,-0.001711,0.008275,0.022593,-0.012146,-0.005700,-0.048978,0.509020,-0.086374,0.000000,0.000000,-0.094419,0.000000,0.242146
-0.011483,-0.001734,0.008377,0.023688,0.000240,-0.000629,-0.068409,0.462816,-0.112251,0.000000,0.000000,-0.099065,0.000000,0.190225
-0.013085,-0.002870,0.009124,0.020665,0.014268,-0.004978,-0.122185,0.119528,-0.098512,0.000000,0.000000,-0.024106,0.000000,0.120857
-0.014792,-0.005421,0.010338,0.017664,0.025729,-0.006469,-0.148195,0.000000,-0.108805,0.000000,0.000000,-0.027592,0.000000,0.018860
-0.016153,-0.007875,0.011282,0.016358,0.028616,-0.005803,-0.066117,0.000000,-0.147562,0.000000,0.000000,-0.239974,0.000000,0.000000
-0.017144,-0.009411,0.011530,0.012813,0.019564,-0.001651,-0.010937,0.000000,-0.135995,0.000000,0.000000,-0.364439,0.000000,0.000000
-0.018078,-0.011442,0.011935,0.011234,0.023870,-0.002491,-0.020209,0.000000,-0.066948,-0.000460,0.000000,-0.288099,0.000000,0.000000
-0.018999,-0.013734,0.012225,0.009584,0.023413,-0.001545,-0.034142,0.000000,0.000000,-0.024689,0.000000,-0.075611,0.000000,0.000000
-0.019619,-0.015322,0.012101,0.007898,0.020506,0.000824,-0.040881,0.000000,-0.022916,-0.109180,0.000000,-0.178335,0.000000,0.000000
-0.020416,-0.017648,0.011213,0.008967,0.028290,0.005468,-0.047576,0.000000,-0.102579,-0.144650,0.000000,-0.272664,0.000000,0.000000
-0.021171,-0.019511,0.010395,0.009119,0.024619,0.005441,-0.027793,0.000000,0.000000,-0.148859,0.000000,-0.162473,0.000000,0.000000
-0.021976,-0.021493,0.009479,0.008883,0.024243,0.005633,-0.022104,0.000000,0.000000,-0.316355,0.000000,-0.125958,0.000000,0.000000
-0.022888,-0.025172,0.008243,0.008531,0.038744,0.006591,-0.080015,0.000000,-0.023943,-0.340423,0.000000,-0.127777,0.000000,0.000000
-0.023566,-0.028783,0.007319,0.007774,0.047255,0.006145,-0.073148,0.000000,-0.004948,-0.302523,0.000000,-0.133380,0.000000,0.000000
-0.024275,-0.032280,0.006718,0.007787,0.042082,0.003700,-0.037930,0.000000,-0.013036,-0.508153,0.000000,-0.281755,0.000000,0.000000
-0.024944,-0.035553,0.006231,0.007961,0.042567,0.003243,-0.037776,0.000000,-0.054825,-0.661659,0.000000,-0.387200,0.000000,0.000000
-0.025694,-0.039611,0.005878,0.007317,0.042028,0.001879,-0.029419,0.000000,0.000000,-0.518879,0.000000,-0.302344,0.000000,0.000000
-0.026192,-0.043332,0.006116,0.006257,0.043953,-0.001463,-0.003466,0.000000,0.000000,-0.464935,0.000000,-0.271489,0.012128,0.000000
-0.026535,-0.046730,0.006691,0.005425,0.043084,-0.003826,-0.023579,0.000000,0.000000,-0.540426,0.000000,-0.357507,0.000000,0.000000
-0.026832,-0.050009,0.007510,0.004948,0.038123,-0.005034,-0.006794,0.000000,-0.038418,-0.542671,0.000000,-0.479787,0.000000,0.000000
-0.026996,-0.053609,0.008926,0.003983,0.035801,-0.007544,0.000000,0.000000,0.000000,-0.474871,0.000000,-0.490516,0.000000,0.000000
-0.027048,-0.056366,0.010248,0.003535,0.034038,-0.008811,0.000000,0.000000,0.000000,-0.391636,0.000000,-0.435225,0.026021,0.000000
-0.027044,-0.057823,0.011002,0.001532,0.016529,-0.004634,0.000000,0.000000,0.000000,-0.378282,0.000000,-0.483121,0.021935,0.000000
-0.026879,-0.058701,0.011534,-0.000872,0.010706,-0.003541,0.000000,0.000000,0.000000,-0.380884,0.000000,-0.549973,0.000000,0.000000
-0.026704,-0.059406,0.012063,-0.000921,0.007849,-0.003255,0.000000,0.000000,0.000000,-0.269608,0.000000,-0.305527,0.037809,0.000000
-0.026369,-0.060310,0.013006,-0.001640,0.008483,-0.005023,0.000000,0.000000,0.000000,-0.220958,0.000000,-0.215208,0.113808,0.000000
-0.025915,-0.060814,0.013912,-0.003630,0.005525,-0.006038,0.000000,0.000000,0.000000,-0.224989,0.000000,-0.320529,0.000000,0.000000
-0.025337,-0.060676,0.014369,-0.005823,-0.002079,-0.002813,0.000000,0.000000,0.000000,-0.240616,0.000000,-0.423081,0.000000,0.000000
-0.024557,-0.060429,0.014937,-0.008631,-0.003754,-0.003783,0.000000,0.000000,0.000000,-0.135368,0.000000,-0.375454,0.008035,0.000000
-0.022770,-0.061598,0.017574,-0.013227,0.009958,-0.014048,0.000000,0.000000,0.000000,-0.118084,0.000000,-0.201679,0.092548,0.000000
-0.021180,-0.063263,0.019853,-0.013639,0.017842,-0.014015,0.000000,0.000000,0.000000,-0.108377,0.000000,-0.248434,0.050767,0.000000
-0.019797,-0.064426,0.021344,-0.013947,0.013683,-0.009926,0.000000,0.093340,0.000000,-0.087774,0.000000,-0.704158,0.000000,0.000000
-0.018377,-0.065571,0.022582,-0.013895,0.012681,-0.007611,0.000000,0.000000,0.000000,-0.176510,0.000000,-0.786128,0.000000,0.000000
-0.016870,-0.066527,0.023200,-0.014190,0.009472,-0.003297,0.000000,0.000000,0.000000,-0.290703,0.000000,-0.468716,0.099769,0.000000
-0.015723,-0.066945,0.023181,-0.014806,0.005389,0.000127,0.000000,0.000000,0.000000,-0.266393,0.000000,-0.379864,0.231155,0.000000
-0.014451,-0.068323,0.023128,-0.015239,0.016397,0.000326,0.000000,0.000000,0.000000,-0.308077,0.000000,-0.437141,0.139262,0.000000
-0.013123,-0.070264,0.023408,-0.016306,0.024804,-0.001866,0.000000,0.000000,0.000000,-0.404315,0.001105,-0.389809,0.030368,0.000000
-0.011690,-0.072410,0.023635,-0.016412,0.025357,-0.001394,0.000000,0.000000,0.000000,-0.501373,0.008791,-0.475736,0.088517,0.000000
-0.010141,-0.073418,0.024220,-0.014568,0.010149,-0.003118,0.000000,0.000000,0.000000,-0.474967,0.000000,-0.632243,0.176693,0.000000
-0.008960,-0.073565,0.024699,-0.013758,0.001690,-0.003191,0.000000,0.000000,0.000000,-0.513443,0.000000,-0.588818,0.223556,0.000000
-0.007812,-0.073154,0.024942,-0.012965,-0.004954,-0.001492,0.000000,0.000000,0.000000,-0.357975,0.000000,-0.407838,0.272059,0.000000
-0.006901,-0.072051,0.025446,-0.010226,-0.014347,-0.003353,0.000000,0.047382,0.000000,-0.257792,0.000000,-0.348480,0.287461,0.000000
-0.005888,-0.069976,0.026112,-0.008876,-0.021506,-0.003553,0.000000,0.061831,0.000000,-0.267764,0.000000,-0.357765,0.136287,0.000000
-0.005091,-0.067804,0.026577,-0.008234,-0.025862,-0.002856,0.000000,0.139888,0.000000,-0.144124,0.000000,-0.331163,0.054077,0.000000
-0.004503,-0.065977,0.026611,-0.007471,-0.023512,-0.000230,0.000000,0.151169,0.000000,0.000000,0.000000,-0.250723,0.174561,0.000000
-0.003919,-0.064205,0.026449,-0.007335,-0.021002,0.000999,0.000000,0.058732,0.000000,0.000000,0.000000,-0.215744,0.115594,0.000000
-0.003213,-0.062492,0.026121,-0.007943,-0.017586,0.001746,0.000000,0.000000,0.000000,-0.085422,0.000000,-0.231120,0.000000,0.000000
-0.002671,-0.060979,0.025688,-0.008069,-0.019405,0.002885,0.000000,0.000000,0.000000,-0.060502,0.007085,-0.229682,0.000000,0.000000
-0.002239,-0.059305,0.024811,-0.007119,-0.019771,0.005393,0.000000,0.000000,0.000000,-0.004564,0.013319,-0.221439,0.124958,0.000000
-0.001919,-0.057381,0.023904,-0.006287,-0.024642,0.006036,0.000000,0.000000,0.000000,-0.008554,0.024610,-0.170815,0.118298,0.000000
-0.001615,-0.055080,0.022696,-0.006189,-0.027256,0.007434,0.000000,0.000000,0.000000,-0.135014,0.053440,-0.107303,0.000000,0.000000
-0.001322,-0.052254,0.021030,-0.005982,-0.028983,0.008876,0.000000,0.000000,0.000000,-0.068433,0.040840,-0.046349,0.000000,0.056721
-0.001274,-0.050600,0.019108,-0.004679,-0.021154,0.012802,0.000000,0.004470,0.000000,0.000000,0.000000,0.000000,0.124729,0.100352
-0.001266,-0.048897,0.016881,-0.004292,-0.020091,0.013694,0.000000,0.024004,0.000000,0.000000,0.021144,0.000000,0.040085,0.152966
-0.001209,-0.047387,0.014730,-0.004983,-0.019287,0.014319,0.000000,0.000000,0.000000,-0.162097,0.080384,-0.022788,0.000000,0.106437
-0.001181,-0.046238,0.011823,-0.004737,-0.011690,0.015492,0.000000,0.000000,0.000000,-0.141223,0.056466,-0.000356,0.000000,0.114278
-0.001259,-0.045672,0.009183,-0.003623,-0.006577,0.016228,0.000000,0.000000,0.000000,-0.139541,0.018545,0.000000,0.000000,0.119544
-0.001383,-0.045383,0.006741,-0.002911,-0.003574,0.016266,0.000000,0.000000,0.000000,-0.260476,0.049716,0.000000,0.000000,0.050117
-0.001506,-0.045115,0.004269,-0.002725,-0.003041,0.015206,0.000000,0.000000,0.000000,-0.334316,0.065911,-0.002050,0.000000,0.012405
-0.001557,-0.044861,0.002073,-0.003349,-0.003118,0.014620,0.000000,0.000000,0.000000,-0.393145,0.033302,0.000000,0.000000,0.000000
-0.001674,-0.044658,-0.000584,-0.002646,-0.001941,0.014165,0.000000,0.000000,0.000000,-0.390442,0.009397,0.000000,0.028582,0.000000
-0.001727,-0.044049,-0.002717,-0.002930,-0.007082,0.013107,0.000000,0.000000,0.000000,-0.363665,0.014765,0.000000,0.076309,0.000000
-0.001572,-0.043418,-0.004452,-0.005083,-0.007988,0.011565,0.000000,0.000000,0.000000,-0.387625,0.021121,0.000000,0.048454,0.000000
-0.001276,-0.042825,-0.005827,-0.005735,-0.006950,0.008451,0.000000,0.000000,0.000000,-0.342998,0.021814,0.000000,0.031865,0.036414
-0.001035,-0.042678,-0.007262,-0.004469,-0.001447,0.007649,0.000000,0.000000,0.000000,-0.288180,0.025514,0.000000,0.089616,0.040699
-0.000987,-0.043168,-0.008610,-0.002940,0.006365,0.008981,0.000000,0.000000,0.000000,-0.226681,0.020816,-0.002411,0.070583,0.000339
-0.000930,-0.043328,-0.010067,-0.003014,0.001952,0.008950,0.000000,0.000000,0.000000,-0.330402,0.028164,-0.061641,0.000000,0.000000
-0.000849,-0.042919,-0.010970,-0.002628,-0.005225,0.006020,0.000000,0.000000,0.000000,-0.493269,0.053152,-0.097733,0.000000,0.000000
-0.000603,-0.043169,-0.011191,-0.002838,0.002583,0.001174,0.000000,0.000000,0.000000,-0.388938,0.016078,-0.005539,0.058215,0.000000
-0.000314,-0.043815,-0.010802,-0.002800,0.007659,-0.002391,0.000000,0.000000,0.000000,-0.199348,0.000000,0.000000,0.199740,0.000000
0.000313,-0.045039,-0.009237,-0.005303,0.015737,-0.010424,0.000000,0.000000,0.000000,-0.232820,0.000000,-0.175506,0.066620,0.000000
0.001038,-0.046660,-0.007317,-0.005373,0.019276,-0.011808,0.000000,0.000000,0.000000,-0.346297,0.012513,-0.324216,0.000000,0.000000
0.001863,-0.048599,-0.004896,-0.006048,0.025042,-0.016122,0.000000,0.000000,0.000000,-0.224942,0.000000,-0.484088,0.050028,0.000000
0.003201,-0.051337,-0.000956,-0.007578,0.028448,-0.020993,0.000000,0.000000,0.000000,-0.192470,0.000000,-0.473168,0.198825,0.000000
0.004400,-0.052969,0.002536,-0.007554,0.019835,-0.021480,0.000000,0.000000,0.000000,-0.254341,0.000000,-0.571104,0.158024,0.000000
0.005466,-0.052653,0.005414,-0.007558,-0.003525,-0.019172,0.000000,0.000000,0.000000,-0.282188,0.000000,-0.744602,0.071115,0.000000
0.006608,-0.051887,0.008193,-0.008092,-0.008498,-0.017074,0.000000,0.067677,0.000000,-0.125217,0.000000,-0.646520,0.207972,0.000000
0.008268,-0.051494,0.012118,-0.010509,-0.003172,-0.020924,0.000000,0.169245,0.000000,0.000000,0.000000,-0.307709,0.426035,0.000000
0.009627,-0.050979,0.015250,-0.010956,-0.005542,-0.020851,0.000000,0.148449,0.000000,0.000000,0.000000,-0.301469,0.214673,0.000000
0.011071,-0.050709,0.018303,-0.011350,-0.002077,-0.018775,0.000000,0.261850,0.000000,-0.035614,0.000000,-0.647416,0.000000,0.000000
0.012439,-0.050343,0.020898,-0.012263,-0.003528,-0.017264,0.000000,0.224322,0.000000,0.000000,0.000000,-0.648209,0.021745,0.000000
0.013947,-0.050116,0.023374,-0.011505,-0.001318,-0.013206,0.000000,0.000000,0.000000,0.000000,0.000000,-0.492616,0.209323,0.000000
0.015137,-0.049565,0.024650,-0.011745,-0.005879,-0.007848,0.000000,0.000000,0.000000,0.000000,0.000000,-0.468939,0.216209,0.000000
0.016180,-0.048374,0.024536,-0.013628,-0.015377,0.000755,0.000000,0.102236,0.000000,-0.011556,0.076853,-0.486641,0.166064,0.000000
0.017139,-0.046577,0.023549,-0.013169,-0.021933,0.006072,0.000000,0.049076,0.000000,-0.059907,0.115347,-0.366364,0.161117,0.000000
0.017782,-0.044814,0.021994,-0.011197,-0.023733,0.010357,0.000000,0.000000,0.000000,-0.163958,0.113427,-0.080250,0.163207,0.008121
0.018236,-0.042959,0.019089,-0.008889,-0.020740,0.015483,0.000000,0.000000,0.000000,-0.147025,0.139681,0.000000,0.190532,0.133833
0.018487,-0.041448,0.016288,-0.007478,-0.019828,0.017219,0.000000,0.003196,0.000000,-0.113946,0.158315,0.000000,0.152250,0.144824
0.018564,-0.040657,0.013484,-0.005696,-0.012237,0.018681,0.000000,0.000000,0.000000,-0.221056,0.162126,0.000000,0.000000,0.149929
0.018504,-0.039707,0.010499,-0.003815,-0.013319,0.018346,0.000000,0.000000,0.000000,-0.266001,0.159340,0.000000,0.000000,0.175759
0.018328,-0.038151,0.007141,-0.002511,-0.017995,0.017888,0.000000,0.000000,0.000000,-0.288166,0.124710,0.000000,0.051343,0.102656
0.018084,-0.036949,0.004661,-0.000699,-0.017284,0.016527,0.000000,0.000000,0.000000,-0.247438,0.092700,0.000000,0.053161,0.127103
0.017709,-0.036074,0.002061,0.000869,-0.012123,0.015985,0.000000,0.000000,0.000000,-0.225510,0.093711,0.000000,0.085742,0.219484
0.017358,-0.035200,-0.000197,0.001206,-0.012846,0.015036,0.000000,0.000000,0.000000,-0.196355,0.086472,0.000000,0.037602,0.219900
0.016872,-0.033594,-0.002401,0.002488,-0.017743,0.011739,0.000000,0.000000,0.000000,-0.236269,0.069651,0.000000,0.000000,0.153255
0.016489,-0.031501,-0.004528,0.001888,-0.026188,0.013090,0.000000,0.000000,0.000000,-0.192352,0.065174,0.000000,0.000000,0.170817
0.016186,-0.029127,-0.006550,0.001318,-0.031857,0.013458,0.000000,0.000000,0.000000,-0.049914,0.024591,0.000000,0.040221,0.225175
0.015867,-0.025649,-0.008035,0.002170,-0.042194,0.009137,0.000000,0.004011,0.000000,0.000000,0.037447,0.000000,0.041135,0.379602
0.015575,-0.021791,-0.008932,0.002818,-0.050162,0.005972,0.000000,0.037971,0.000000,0.000000,0.081722,0.000000,0.000000,0.497391
0.015253,-0.016679,-0.009834,0.002676,-0.053076,0.004809,0.000000,0.320990,0.000000,0.000000,0.013058,0.000000,0.000000,0.599498
0.015051,-0.012328,-0.010300,0.002109,-0.051890,0.002860,0.000000,0.520342,0.000000,0.000000,0.000000,0.000000,0.000000,0.672509
0.014940,-0.007846,-0.010835,0.001167,-0.057890,0.003560,0.000000,0.498357,0.000000,0.000000,0.000000,0.000000,0.000000,0.712196
0.014837,-0.002380,-0.010882,0.001211,-0.064995,0.000291,0.000000,0.483449,0.000000,0.000000,0.000000,0.000000,0.000000,0.676736
0.014860,0.003547,-0.010628,-0.000224,-0.060806,-0.001352,0.000000,0.570784,0.000000,0.000000,0.000000,0.000000,0.000000,0.788562
0.014917,0.007124,-0.009596,-0.000879,-0.045446,-0.006883,0.000000,0.693291,0.000000,0.000000,0.000000,0.000000,0.000000,0.881923
0.015027,0.010431,-0.007664,-0.001824,-0.038177,-0.011877,0.000000,0.742467,0.000000,0.000000,0.000000,0.000000,0.000000,0.825018
0.015096,0.013225,-0.005400,-0.001843,-0.034562,-0.015080,0.000000,0.741212,0.000000,0.000000,0.000000,0.000000,0.000000,0.574669
0.015006,0.015837,-0.001882,-0.000593,-0.025154,-0.018739,0.000000,0.733753,0.000000,0.000000,0.000000,-0.127330,0.000000,0.448865
0.014827,0.016884,0.001351,0.000207,-0.010622,-0.019876,0.000000,0.617168,0.000000,0.000000,0.000000,-0.135331,0.000000,0.404359
0.014721,0.017053,0.004605,-0.000868,-0.000240,-0.021683,0.000000,0.529422,0.000000,0.000000,0.000000,-0.180394,0.000000,0.298932
0.014650,0.016378,0.008409,-0.001580,0.010091,-0.023388,0.000000,0.481306,0.000000,0.000000,0.000000,-0.313570,0.000000,0.112549
0.014573,0.015176,0.011848,-0.001294,0.017472,-0.022905,0.000000,0.400983,0.000000,0.000000,0.000000,-0.400456,0.000000,0.000000
0.014484,0.013496,0.015720,-0.000995,0.019099,-0.020635,0.000000,0.208150,0.000000,0.000000,0.000000,-0.424396,0.000000,0.000000
0.014429,0.012311,0.018272,-0.000648,0.015441,-0.015694,0.000000,0.080063,0.000000,0.000000,0.000000,-0.423301,0.000000,0.000000
0.014294,0.010913,0.020200,0.000779,0.019092,-0.012839,0.000000,0.133488,0.000000,0.000000,0.000000,-0.398592,0.084456,0.000000
0.014043,0.009239,0.021871,0.002299,0.020768,-0.010273,0.000000,0.147062,0.000000,0.000000,0.000000,-0.280320,0.154340,0.000000
0.013952,0.006285,0.024486,0.000150,0.031594,-0.013941,0.000000,0.077935,0.000000,0.000000,0.000000,-0.298265,0.022071,0.000000
0.013740,0.003683,0.026444,0.002228,0.034536,-0.013037,0.000000,0.071652,0.000000,0.000000,0.000000,-0.345172,0.000000,0.000000
0.013466,0.000447,0.027722,0.003068,0.039067,-0.007855,0.000000,0.031120,0.000000,0.000000,0.000000,-0.542253,0.009743,0.000000
0.013193,-0.002372,0.028416,0.003497,0.036647,-0.004622,0.000000,0.000000,0.000000,0.000000,0.000000,-0.547866,0.006912,0.000000
0.012897,-0.005023,0.028109,0.003027,0.027131,0.001637,0.000000,0.000000,0.000000,-0.153518,0.000000,-0.415723,0.040913,0.000000
0.012617,-0.006880,0.027035,0.003116,0.021507,0.006594,0.000000,0.000000,0.000000,-0.193604,0.000000,-0.347048,0.052070,0.000000
0.012387,-0.008586,0.025795,0.002618,0.021334,0.008270,0.000000,0.000000,0.000000,-0.181339,0.000000,-0.216321,0.087063,0.000000
0.012127,-0.010787,0.024047,0.002524,0.025326,0.010750,0.000000,0.000000,0.000000,-0.220524,0.000000,-0.108748,0.077321,0.000000
0.011800,-0.013285,0.021898,0.003259,0.031065,0.014312,0.000000,0.000000,0.000000,-0.278928,0.000000,-0.149614,0.000000,0.000000
0.011254,-0.017969,0.018642,0.004212,0.046951,0.017345,0.000000,0.000000,0.000000,-0.376202,0.000000,-0.201449,0.000000,0.000000
0.010590,-0.022443,0.015570,0.005816,0.051809,0.018881,0.000000,0.000000,0.000000,-0.500934,0.000000,-0.169194,0.000000,0.000000
0.009835,-0.026384,0.012734,0.007151,0.049541,0.018915,0.000000,0.000000,0.000000,-0.788117,0.011584,-0.243017,0.000000,0.000000
0.008923,-0.030470,0.009888,0.008020,0.047464,0.017488,0.000000,0.000000,0.000000,-0.877333,0.000000,-0.270649,0.000000,0.000000
0.007873,-0.035097,0.007141,0.008090,0.046813,0.014637,0.000000,0.000000,0.000000,-0.792119,0.000000,-0.180287,0.144088,0.000000
0.007165,-0.038914,0.005664,0.007012,0.048624,0.009842,0.000000,0.000000,0.000000,-0.738786,0.000000,-0.172438,0.195304,0.000000
0.006488,-0.043162,0.004863,0.006855,0.050151,0.004918,0.000000,0.000000,0.000000,-0.819560,0.000000,-0.277917,0.039555,0.000000
0.005895,-0.046944,0.004718,0.007383,0.048679,0.000968,0.000000,0.000000,0.000000,-0.821296,0.000000,-0.404931,0.000000,0.000000
0.005317,-0.050881,0.005368,0.008005,0.046863,-0.003998,0.000000,0.000000,0.000000,-0.662611,0.000000,-0.461753,0.160755,0.000000
0.004706,-0.054717,0.007304,0.009462,0.039805,-0.010314,0.000000,0.000000,0.000000,-0.569176,0.000000,-0.472619,0.234556,0.000000
0.004410,-0.058074,0.009669,0.009035,0.043645,-0.015755,0.000000,0.000000,0.000000,-0.618988,0.000000,-0.555662,0.092001,0.000000
0.004284,-0.061706,0.012858,0.008392,0.043648,-0.019593,0.000000,0.000000,0.000000,-0.486857,0.000000,-0.630032,0.038643,0.000000
0.004418,-0.064991,0.016480,0.007311,0.042959,-0.024145,0.000000,0.000000,0.000000,-0.334935,0.000000,-0.748438,0.180687,0.000000
0.004929,-0.068983,0.021870,0.006058,0.041884,-0.028690,0.000000,0.000000,0.000000,-0.286031,0.000000,-0.834842,0.182592,0.000000
0.005694,-0.072367,0.027153,0.004503,0.041317,-0.032531,0.000000,0.000000,0.000000,-0.330984,0.000000,-0.901825,0.083757,0.000000
0.006434,-0.074950,0.031725,0.003846,0.034356,-0.030438,0.000000,0.060375,0.000000,-0.247402,0.000000,-0.986364,0.117289,0.000000
0.007070,-0.077095,0.035889,0.004085,0.026541,-0.025608,0.000000,0.123872,0.000000,-0.088855,0.000000,-1.000000,0.251397,0.000000
0.007479,-0.078325,0.039504,0.004789,0.013530,-0.019265,0.000000,0.067426,0.000000,-0.127342,0.000000,-0.976745,0.205831,0.000000
0.007526,-0.078059,0.041431,0.005484,-0.002813,-0.012820,0.000000,0.000000,0.000000,-0.285123,0.000000,-0.862788,0.026908,0.000000
0.007227,-0.076542,0.042030,0.005293,-0.017856,-0.003684,0.000000,0.016867,0.000000,-0.183144,0.000000,-0.663778,0.125988,0.000000
0.006599,-0.074411,0.041270,0.005735,-0.027625,0.005064,0.000000,0.117165,0.000000,0.000000,0.000000,-0.449901,0.358691,0.000000
0.005499,-0.071485,0.039238,0.007417,-0.035211,0.012490,0.000000,0.095239,0.000000,0.000000,0.000000,-0.242711,0.203942,0.000000
0.003879,-0.067421,0.035670,0.008425,-0.042417,0.019019,0.000000,0.018597,0.000000,-0.217580,0.000000,-0.098876,0.000000,0.000000
0.002567,-0.063861,0.032221,0.007465,-0.046251,0.022961,0.000000,0.000000,0.000000,-0.149444,0.000000,0.000000,0.000000,0.128504
0.001124,-0.059710,0.028171,0.007478,-0.049596,0.024902,0.000000,0.000000,0.000000,0.000000,0.000000,0.000000,0.080776,0.301396
-0.000253,-0.056051,0.023939,0.007510,-0.047205,0.028205,0.000000,0.029974,0.000000,0.000000,0.000000,0.000000,0.000000,0.405752
-0.001935,-0.050561,0.017930,0.006421,-0.056331,0.032019,0.000000,0.122887,0.000000,0.000000,0.000000,0.000000,0.000000,0.509725
-0.003432,-0.046011,0.012079,0.006732,-0.053449,0.035948,0.000000,0.063702,0.000000,0.000000,0.000000,0.000000,0.000000,0.546904
-0.004850,-0.042373,0.006335,0.007573,-0.045897,0.038262,0.000000,0.083834,0.000000,0.000000,0.000000,0.000000,0.000000,0.751332
-0.006281,-0.038540,0.000194,0.007296,-0.044316,0.037776,-0.037758,0.033924,0.000000,0.000000,0.000000,0.000000,0.000000,0.811645
-0.007684,-0.034284,-0.006348,0.006291,-0.042366,0.034852,-0.073733,0.063816,0.000000,-0.049176,0.000000,0.000000,0.000000,0.760893
-0.008587,-0.031235,-0.010686,0.005616,-0.037827,0.028894,-0.076645,0.115290,0.000000,-0.016526,0.000000,0.000000,0.000000,0.777571
-0.009309,-0.028507,-0.014353,0.004311,-0.031198,0.022555,-0.068271,0.101270,0.000000,-0.003887,0.000000,0.000000,0.000000,0.771737
-0.009834,-0.026238,-0.017063,0.003629,-0.028116,0.018040,-0.054680,0.140167,0.000000,0.000000,0.000000,0.000000,0.000000,0.680693
-0.010360,-0.024541,-0.019309,0.004055,-0.019308,0.013806,-0.028912,0.197902,0.000000,0.000000,0.000000,0.000000,0.000000,0.561128
-0.010855,-0.023440,-0.020645,0.004032,-0.010889,0.007126,-0.021340,0.162657,0.000000,0.000000,0.000000,0.000000,0.000000,0.503063
-0.011174,-0.023056,-0.020807,0.003949,-0.004871,0.001076,-0.029196,0.045284,0.000000,-0.009078,0.000000,0.000000,0.000000,0.367220
-0.011477,-0.023565,-0.020231,0.004089,0.005809,-0.003546,-0.006899,0.080075,0.000000,0.000000,0.000000,0.000000,0.000000,0.200743
-0.011640,-0.025104,-0.018844,0.003425,0.019140,-0.009235,0.000000,0.112593,0.000000,0.000000,0.000000,-0.034139,0.000000,0.071892
-0.011668,-0.027795,-0.016145,0.002475,0.026685,-0.014382,0.000000,0.000000,0.000000,-0.077142,0.000000,-0.176787,0.000000,0.000000
-0.011549,-0.030425,-0.013085,0.001764,0.029899,-0.018809,0.000000,0.000000,-0.013583,-0.208136,0.000000,-0.375138,0.000000,0.000000
-0.011433,-0.032236,-0.009503,0.002927,0.021645,-0.023862,0.000000,0.000000,0.000000,-0.187164,0.000000,-0.461519,0.000000,0.000000
-0.011579,-0.034091,-0.005541,0.006513,0.020371,-0.024371,0.000000,0.000000,0.000000,-0.112225,0.000000,-0.499963,0.015219,0.000000
-0.011842,-0.036710,-0.001220,0.007472,0.025364,-0.023021,0.000000,0.103158,0.000000,0.000000,0.000000,-0.489813,0.083341,0.000000
-0.012081,-0.038840,0.002138,0.008054,0.025792,-0.022357,0.000000,0.107954,0.000000,0.000000,0.000000,-0.489746,0.023079,0.000000
-0.012339,-0.040295,0.005485,0.007929,0.015784,-0.020577,0.000000,0.000000,-0.046619,-0.105287,0.000000,-0.573446,0.000000,0.000000
-0.012742,-0.040939,0.008360,0.009868,0.006873,-0.019150,0.000000,0.000000,-0.031020,-0.089775,0.000000,-0.594822,0.000000,0.000000
-0.013374,-0.041526,0.010769,0.011188,0.005835,-0.014817,0.000000,0.033075,0.000000,0.000000,0.000000,-0.440329,0.032374,0.000000
-0.014143,-0.041097,0.011852,0.009357,-0.004877,-0.005772,0.000000,0.101380,0.000000,0.000000,0.000000,-0.325509,0.049444,0.000000
-0.014652,-0.040155,0.011718,0.006334,-0.012037,0.000898,0.000000,0.063998,-0.003717,0.000000,0.000000,-0.329190,0.000000,0.000000
-0.015142,-0.038394,0.010708,0.004304,-0.020339,0.006205,0.000000,0.000000,0.000000,-0.001947,0.000000,-0.136463,0.000000,0.000000
-0.015607,-0.036567,0.009291,0.003783,-0.022629,0.009441,0.000000,0.000000,0.000000,-0.012605,0.000000,0.000000,0.000000,0.036162
-0.016165,-0.033950,0.007108,0.003164,-0.025815,0.011628,0.000000,0.000000,0.000000,0.000000,0.000000,0.000000,0.000000,0.179155
-0.016772,-0.031658,0.004802,0.004291,-0.025823,0.014190,0.000000,0.000000,0.000000,0.000000,0.000000,0.000000,0.000000,0.225273
-0.017359,-0.029293,0.002388,0.004457,-0.028744,0.016071,-0.007073,0.066024,0.000000,0.000000,0.000000,0.000000,0.000000,0.310892
-0.017907,-0.026657,-0.000363,0.003512,-0.029513,0.016922,-0.041510,0.051941,0.000000,0.000000,0.000000,0.000000,0.000000,0.361617
-0.018512,-0.023695,-0.003598,0.003448,-0.028576,0.017226,-0.062589,0.067936,0.000000,0.000000,0.000000,0.000000,0.000000,0.435059
-0.018871,-0.022034,-0.005758,0.002559,-0.019740,0.014393,-0.054665,0.098206,0.000000,0.000000,0.000000,0.000000,0.000000,0.478343
-0.019227,-0.020378,-0.007796,0.002558,-0.018226,0.012532,-0.060598,0.127772,0.000000,0.000000,0.000000,0.000000,0.000000,0.492755
-0.019522,-0.019020,-0.009285,0.002571,-0.016298,0.009921,-0.046907,0.121877,0.000000,0.000000,0.000000,0.000000,0.000000,0.357993
-0.019728,-0.018368,-0.010213,0.001787,-0.007067,0.005702,-0.045635,0.136990,0.000000,0.000000,0.000000,0.000000,0.000000,0.331783
-0.020025,-0.017552,-0.010693,0.002766,-0.008081,0.002558,-0.049004,0.066982,0.000000,0.000000,0.000000,0.000000,0.000000,0.303812
-0.020227,-0.017633,-0.010564,0.002694,0.000930,-0.000858,-0.024691,0.040239,0.000000,0.000000,0.000000,0.000000,0.000000,0.140847
-0.020460,-0.018104,-0.010319,0.002921,0.005404,-0.001510,-0.022406,0.132658,0.000000,0.000000,0.000000,0.000000,0.000000,0.132703
-0.020637,-0.018693,-0.009971,0.002529,0.007295,-0.002313,-0.017011,0.009471,0.000000,0.000000,0.000000,-0.051433,0.000000,0.000000
-0.020856,-0.019580,-0.009423,0.002585,0.008755,-0.002920,-0.021615,0.000000,-0.012863,-0.069955,0.000000,-0.119909,0.000000,0.000000
-0.021021,-0.020302,-0.008863,0.002367,0.008133,-0.003444,-0.014488,0.000000,0.000000,-0.103753,0.000000,-0.072380,0.000000,0.000000
-0.021064,-0.021675,-0.007851,0.001387,0.016815,-0.006747,-0.001521,0.000000,0.000000,-0.089504,0.000000,-0.067905,0.000000,0.000000
-0.020811,-0.024013,-0.006376,-0.001807,0.026600,-0.009071,-0.001010,0.000000,0.000000,-0.064465,0.000000,-0.098305,0.000000,0.000000
-0.020288,-0.026620,-0.004645,-0.004031,0.025657,-0.009222,0.000000,0.000000,-0.005223,-0.114089,0.000000,-0.265232,0.000000,0.000000
-0.019674,-0.029247,-0.002625,-0.005724,0.032134,-0.013449,0.000000,0.000000,-0.006336,-0.214811,0.000000,-0.427277,0.000000,0.000000
-0.019058,-0.031636,-0.000230,-0.004686,0.026606,-0.014724,0.000000,0.000000,0.000000,-0.219131,0.000000,-0.368487,0.000000,0.000000
-0.018561,-0.034373,0.001904,-0.003666,0.033577,-0.014223,0.000000,0.000000,0.000000,-0.208468,0.000000,-0.453844,0.034945,0.000000
-0.018072,-0.037855,0.003805,-0.003356,0.039994,-0.011679,0.000000,0.000000,0.000000,-0.107529,0.000000,-0.476644,0.040718,0.000000
-0.017536,-0.041343,0.006418,-0.002316,0.034403,-0.013936,0.000000,0.000000,0.000000,-0.244696,0.000000,-0.518675,0.003316,0.000000
-0.017088,-0.043864,0.008386,-0.002469,0.031024,-0.013102,0.000000,0.000000,0.000000,-0.431665,0.000000,-0.562940,0.000000,0.000000
-0.016553,-0.046191,0.010088,-0.003563,0.026556,-0.010467,0.000000,0.000000,0.000000,-0.258946,0.000000,-0.551165,0.048190,0.000000
-0.016099,-0.048576,0.011330,-0.003521,0.029837,-0.008268,0.000000,0.000000,0.000000,-0.177638,0.000000,-0.493939,0.180313,0.000000
-0.015559,-0.051250,0.012568,-0.003610,0.026863,-0.006597,0.000000,0.000000,0.000000,-0.274488,0.000000,-0.453410,0.070448,0.000000
-0.015168,-0.053200,0.013358,-0.003128,0.022711,-0.004858,0.000000,0.000000,0.000000,-0.465647,0.000000,-0.502002,0.000000,0.000000
-0.014927,-0.054451,0.014070,-0.001573,0.015646,-0.004743,0.000000,0.000000,0.000000,-0.379459,0.000000,-0.483954,0.016274,0.000000
-0.014797,-0.055421,0.014631,-0.000408,0.011195,-0.003451,0.000000,0.000000,0.000000,-0.271467,0.000000,-0.388373,0.186417,0.000000
-0.014713,-0.056185,0.014925,-0.000418,0.009663,-0.001954,0.000000,0.000000,0.000000,-0.225854,0.000000,-0.340578,0.140893,0.000000
-0.014724,-0.056774,0.014845,-0.000027,0.006088,0.000426,0.000000,0.000000,0.000000,-0.318099,0.000000,-0.333645,0.000000,0.000000
-0.015289,-0.058204,0.012980,0.002756,0.018016,0.011467,0.000000,0.000000,0.000000,-0.318782,0.000000,-0.327200,0.000000,0.000000
-0.016293,-0.060439,0.009872,0.005610,0.030691,0.020698,0.000000,0.000000,0.000000,-0.221844,0.000000,-0.248782,0.071108,0.000000
-0.017104,-0.063977,0.007397,0.004058,0.043540,0.015220,0.000000,0.000000,0.000000,-0.624731,0.000000,-0.157950,0.000000,0.000000
-0.017877,-0.068587,0.005177,0.003371,0.048686,0.011834,-0.027394,0.000000,0.000000,-1.000000,0.000000,-0.147266,0.000000,0.000000
-0.018523,-0.072090,0.003574,0.003866,0.046217,0.010676,0.000000,0.000000,0.000000,-0.957164,0.000000,-0.386904,0.000000,0.000000
-0.019124,-0.075113,0.002399,0.003974,0.036653,0.007212,0.000000,0.000000,0.000000,-0.837209,0.000000,-0.465043,0.086834,0.000000
-0.019550,-0.077272,0.001935,0.004073,0.028152,0.003096,0.000000,0.000000,0.000000,-0.843755,0.000000,-0.360724,0.140107,0.000000
-0.019888,-0.079238,0.002340,0.004490,0.019972,-0.002158,0.000000,0.000000,0.000000,-0.786614,0.000000,-0.320698,0.098585,0.000000
-0.019857,-0.080322,0.003694,0.003633,0.011870,-0.008327,0.000000,0.000000,0.000000,-0.637231,0.000000,-0.370610,0.083821,0.000000
-0.019487,-0.081122,0.006010,0.002760,0.008455,-0.015419,0.000000,0.000000,0.000000,-0.434757,0.000000,-0.423755,0.112329,0.000000
-0.019116,-0.082188,0.008753,0.003907,0.010698,-0.016864,0.000000,0.035365,0.000000,-0.256696,0.000000,-0.466124,0.123494,0.000000
-0.018713,-0.082752,0.011601,0.004283,0.005096,-0.018972,0.000000,0.116809,0.000000,-0.148004,0.000000,-0.575544,0.067098,0.000000
-0.018172,-0.082687,0.015546,0.004997,-0.002992,-0.021021,0.000000,0.031094,0.000000,-0.219944,0.000000,-0.639982,0.000000,0.000000
-0.017634,-0.082079,0.019169,0.004799,-0.009611,-0.022282,0.000000,0.000000,0.000000,-0.143656,0.000000,-0.602472,0.000000,0.000000
-0.017146,-0.080933,0.022633,0.005231,-0.017131,-0.023062,0.000000,0.159341,0.000000,0.000000,0.000000,-0.532553,0.133567,0.000000
-0.016735,-0.078044,0.026391,0.006469,-0.036625,-0.023106,0.000000,0.251370,0.000000,0.000000,0.000000,-0.528615,0.139004,0.000000
-0.016621,-0.073783,0.029918,0.007741,-0.045724,-0.018806,0.000000,0.268881,0.000000,0.000000,0.000000,-0.541659,0.000000,0.000000
-0.017217,-0.071881,0.030846,0.010434,-0.025065,-0.006175,0.000000,0.420937,0.000000,0.000000,0.000000,-0.360963,0.000000,0.000000
-0.018021,-0.071248,0.031153,0.010369,-0.007719,-0.001892,0.000000,0.380465,0.000000,0.000000,0.000000,-0.177238,0.015379,0.000000
-0.018795,-0.070819,0.031078,0.009726,-0.005451,0.000505,0.000000,0.000000,0.000000,0.000000,0.000000,-0.245108,0.000000,0.000000
-0.019772,-0.069958,0.030067,0.007743,-0.008248,0.005388,0.000000,0.000000,-0.046156,-0.213741,0.000000,-0.426365,0.000000,0.000000
-0.020757,-0.068756,0.028289,0.007052,-0.012948,0.010929,0.000000,0.000000,0.000000,-0.146344,0.000000,-0.327368,0.000000,0.000000
-0.021809,-0.067490,0.026113,0.007497,-0.014424,0.014494,0.000000,0.000000,0.000000,-0.148695,0.000000,-0.109911,0.000000,0.000000
-0.023026,-0.065908,0.023434,0.007718,-0.016582,0.016473,0.000000,0.000000,0.000000,-0.251494,0.000000,0.000000,0.000000,0.000000
-0.024188,-0.064103,0.021016,0.008506,-0.020931,0.016104,-0.019944,0.000000,0.000000,-0.280719,0.000000,0.000000,0.000000,0.000000
-0.025573,-0.061916,0.018063,0.008144,-0.020166,0.015738,-0.038124,0.000000,0.000000,-0.251934,0.000000,0.000000,0.000000,0.000000
-0.026655,-0.060711,0.015736,0.007472,-0.012067,0.014298,-0.053311,0.000000,0.000000,-0.176399,0.000000,0.000000,0.000000,0.018509
-0.027566,-0.059998,0.013770,0.006907,-0.007035,0.013093,-0.060866,0.000000,0.000000,-0.186042,0.000000,0.000000,0.000000,0.030345
-0.028458,-0.059971,0.011911,0.006429,0.001608,0.011442,-0.055931,0.000000,0.000000,-0.275403,0.000000,0.000000,0.000000,0.000000
-0.029333,-0.060778,0.010257,0.005797,0.009826,0.008809,-0.049775,0.000000,0.000000,-0.310813,0.000000,-0.036022,0.000000,0.000000
-0.029959,-0.061655,0.009223,0.005525,0.012511,0.006884,-0.041125,0.000000,0.000000,-0.383660,0.000000,-0.123906,0.000000,0.000000
-0.030680,-0.062878,0.008044,0.005854,0.015839,0.007250,-0.028127,0.000000,0.000000,-0.441357,0.000000,-0.226881,0.000000,0.000000
-0.031348,-0.064450,0.006993,0.005920,0.021530,0.007005,-0.021817,0.000000,0.000000,-0.436068,0.000000,-0.235395,0.000000,0.000000
-0.031711,-0.067190,0.006982,0.003708,0.028207,0.000056,-0.035015,0.000000,0.000000,-0.494853,0.000000,-0.201198,0.000000,0.000000
-0.031917,-0.068882,0.006958,0.002383,0.020104,0.000152,-0.038813,0.000000,0.000000,-0.579710,0.000000,-0.258320,0.000000,0.000000
-0.032015,-0.070154,0.007234,0.002036,0.016009,-0.001842,0.000000,0.000000,-0.003944,-0.509832,0.000000,-0.483130,0.000000,0.000000
-0.032023,-0.071422,0.007930,0.001908,0.014218,-0.004279,0.000000,0.000000,0.000000,-0.401884,0.000000,-0.381427,0.005318,0.000000
-0.031970,-0.072355,0.009131,0.002787,0.010443,-0.007996,0.000000,0.000000,0.000000,-0.361054,0.000000,-0.280642,0.063653,0.000000
-0.031675,-0.073681,0.011293,0.002036,0.011430,-0.011525,0.000000,0.000000,0.000000,-0.326436,0.000000,-0.377827,0.000000,0.000000
-0.030551,-0.076234,0.014859,-0.003524,0.026153,-0.021934,0.000000,0.008432,-0.027292,-0.230553,0.000000,-0.470751,0.000000,0.000000
-0.029126,-0.079100,0.018910,-0.005817,0.031910,-0.026950,0.000000,0.010316,0.000000,-0.153225,0.000000,-0.520804,0.000000,0.000000
-0.027690,-0.081881,0.022853,-0.005394,0.028811,-0.024252,0.000000,0.000000,0.000000,-0.149640,0.000000,-0.873436,0.000000,0.000000
-0.026419,-0.085383,0.026169,-0.004286,0.033123,-0.017680,0.000000,0.025306,-0.019189,-0.165299,0.000000,-1.000000,0.000000,0.000000
-0.025642,-0.088041,0.027969,-0.003776,0.032268,-0.011984,0.000000,0.000000,0.000000,-0.215295,0.000000,-0.820302,0.106926,0.000000
-0.025127,-0.090828,0.028833,-0.003272,0.032285,-0.005315,0.000000,0.000000,0.000000,-0.411192,0.000000,-0.726838,0.084922,0.000000
-0.024726,-0.093842,0.029186,-0.003864,0.038381,-0.002352,0.000000,0.000000,0.000000,-0.558162,0.000000,-0.725301,0.000000,0.000000
-0.024480,-0.096566,0.029069,-0.003323,0.032451,0.000721,0.000000,0.000000,0.000000,-0.619465,0.000000,-0.662031,0.050277,0.000000
-0.024417,-0.098448,0.028324,-0.002969,0.019945,0.003966,0.000000,0.000000,0.000000,-0.663733,0.000000,-0.676510,0.142242,0.000000
-0.024628,-0.099361,0.027053,-0.002341,0.012999,0.008463,0.000000,0.000000,0.000000,-0.678138,0.000000,-0.605625,0.131682,0.000000
-0.025600,-0.100106,0.024272,0.001248,0.011454,0.017111,0.000000,0.000000,0.000000,-0.647865,0.000000,-0.425317,0.139684,0.000000
-0.026711,-0.100533,0.021262,0.002131,0.008661,0.020053,0.000000,0.000000,0.000000,-0.656954,0.000000,-0.311746,0.134151,0.000000
-0.028168,-0.100021,0.017369,0.002359,-0.001827,0.020735,0.000000,0.000000,0.000000,-0.842721,0.000000,-0.211146,0.000000,0.000000
-0.029319,-0.098204,0.014417,0.002665,-0.018417,0.018155,0.000000,0.000000,0.000000,-0.873469,0.000000,-0.168513,0.000000,0.000000
-0.030242,-0.095825,0.012000,0.002282,-0.027690,0.016098,0.000000,0.000000,0.000000,-0.625809,0.000000,-0.059784,0.119335,0.000000
-0.031041,-0.093128,0.010001,0.002354,-0.029745,0.012289,0.000000,0.000000,0.000000,-0.358749,0.000000,0.000000,0.192023,0.000000
-0.031903,-0.090331,0.008086,0.003113,-0.026837,0.010207,-0.004409,0.000000,0.000000,-0.333859,0.000000,0.000000,0.000878,0.000000
-0.032380,-0.087798,0.007188,0.002859,-0.031421,0.005986,-0.030999,0.000000,0.000000,-0.330548,0.000000,0.000000,0.000000,0.000000
-0.032635,-0.084732,0.006790,0.001723,-0.035900,0.002443,-0.000121,0.000000,0.000000,-0.219319,0.000000,-0.029736,0.000000,0.000000
-0.032811,-0.081816,0.006668,0.001842,-0.037331,0.000812,0.000000,0.038785,0.000000,-0.054266,0.000000,-0.041169,0.000000,0.000000
-0.032918,-0.076758,0.007283,0.002731,-0.052699,-0.003277,0.000000,0.101236,0.000000,0.000000,0.000000,-0.032413,0.000000,0.000000
-0.032919,-0.071516,0.008767,0.004262,-0.064054,-0.009123,0.000000,0.059121,0.000000,0.000000,0.000000,-0.037527,0.000000,0.008989
-0.032690,-0.067265,0.010870,0.003142,-0.057431,-0.014007,0.000000,0.242028,0.000000,0.000000,0.000000,0.000000,0.000000,0.198362
-0.032420,-0.063266,0.013617,0.003698,-0.050776,-0.016888,0.000000,0.518640,0.000000,0.000000,0.000000,0.000000,0.000000,0.318402
-0.032280,-0.059733,0.016119,0.004610,-0.048682,-0.016660,0.000000,0.644059,-0.037199,0.000000,0.000000,-0.144646,0.000000,0.156704
-0.032291,-0.055380,0.019020,0.005729,-0.047786,-0.015458,0.000000,0.614475,-0.109537,0.000000,0.000000,-0.317211,0.000000,0.025520
-0.032601,-0.052425,0.020686,0.007128,-0.037095,-0.010250,0.000000,0.358554,-0.039834,0.000000,0.000000,-0.215379,0.000000,0.060517
-0.033094,-0.050790,0.021564,0.008190,-0.022154,-0.005844,0.000000,0.157600,0.000000,0.000000,0.000000,-0.063380,0.000000,0.140956
-0.033854,-0.049464,0.021683,0.009250,-0.015898,-0.000728,-0.032497,0.246467,-0.022143,0.000000,0.000000,-0.087714,0.000000,0.056610
-0.034773,-0.047764,0.021505,0.009179,-0.017304,0.000945,-0.062565,0.305502,-0.143544,0.000000,0.000000,-0.219962,0.000000,0.000000
-0.035493,-0.046258,0.021100,0.008477,-0.018798,0.002698,-0.090882,0.007636,-0.112138,0.000000,0.000000,-0.153664,0.000000,0.000000
-0.036248,-0.045010,0.020335,0.007640,-0.013793,0.004706,-0.052517,0.000000,0.000000,0.000000,0.000000,-0.040998,0.000000,0.000000
-0.036919,-0.044181,0.019426,0.006986,-0.009336,0.006056,-0.044011,0.000000,0.000000,0.000000,0.000000,0.000000,0.000000,0.000426
-0.037692,-0.043824,0.018099,0.006985,-0.002397,0.008154,-0.113690,0.017990,-0.088761,0.000000,0.000000,-0.011486,0.000000,0.000000
-0.038519,-0.043722,0.016465,0.006196,0.000945,0.008710,-0.119980,0.000000,-0.109130,-0.049194,0.000000,-0.042892,0.000000,0.000000
-0.039117,-0.043624,0.015173,0.005413,0.000750,0.008592,-0.070304,0.000000,-0.057496,-0.129334,0.000000,-0.083901,0.000000,0.000000
-0.039706,-0.043389,0.013628,0.004482,-0.000524,0.009502,-0.057160,0.000000,-0.026975,-0.163009,0.000000,-0.081467,0.000000,0.000000
-0.040345,-0.043433,0.011708,0.004857,0.003658,0.012798,-0.093349,0.000000,-0.028824,-0.189956,0.000000,-0.033759,0.000000,0.000000
-0.041092,-0.043803,0.009319,0.004346,0.006929,0.012728,-0.111562,0.000000,-0.023247,-0.214270,0.000000,0.000000,0.000000,0.000000
-0.041745,-0.044092,0.007359,0.004565,0.006445,0.012055,-0.120305,0.000000,-0.024958,-0.328762,0.000000,0.000000,0.000000,0.000000
-0.042345,-0.043813,0.006429,0.006062,-0.002016,0.006198,-0.115324,0.000000,-0.036538,-0.374383,0.000000,-0.022546,0.000000,0.000000
-0.043029,-0.043101,0.006211,0.007758,-0.008096,0.001341,-0.111849,0.000000,-0.016955,-0.328930,0.000000,-0.011532,0.000000,0.000000
-0.043966,-0.042777,0.005552,0.008730,-0.002414,0.003511,-0.105680,0.000000,-0.022094,-0.076779,0.000000,-0.005127,0.000000,0.000000
-0.044814,-0.042741,0.004763,0.009544,0.000934,0.005257,-0.123787,0.113307,-0.077465,0.000000,0.000000,-0.021394,0.000000,0.000000
-0.045660,-0.043148,0.003988,0.008808,0.006121,0.004759,-0.164203,0.000000,-0.155511,-0.100176,0.000000,-0.047418,0.000000,0.000000
-0.046126,-0.044014,0.003960,0.005938,0.011199,0.000192,-0.165034,0.000000,-0.153113,-0.212158,0.000000,-0.063711,0.000000,0.000000
-0.045995,-0.045958,0.005339,0.000715,0.020712,-0.008479,-0.097489,0.000000,-0.088116,-0.148522,0.000000,-0.108537,0.000000,0.000000
-0.045260,-0.049425,0.008319,-0.003110,0.031253,-0.015876,-0.040472,0.000000,-0.070842,-0.096278,0.000000,-0.239876,0.000000,0.000000
-0.044581,-0.052202,0.010783,-0.003794,0.031218,-0.016407,0.000000,0.000000,-0.135542,-0.122394,0.000000,-0.493516,0.000000,0.000000
-0.043893,-0.055036,0.013520,-0.002825,0.029102,-0.016822,0.000000,0.000000,-0.152270,-0.163594,0.000000,-0.712083,0.000000,0.000000
-0.043435,-0.057640,0.015495,-0.001481,0.030002,-0.013156,0.000000,0.000000,-0.034291,-0.148459,0.000000,-0.630869,0.000000,0.000000
-0.042887,-0.061056,0.017317,-0.002237,0.032606,-0.009711,0.000000,0.000000,0.000000,-0.119302,0.000000,-0.536453,0.000000,0.000000
-0.042405,-0.064968,0.018625,-0.002743,0.044353,-0.008048,0.000000,0.000000,-0.032968,-0.283371,0.000000,-0.524845,0.000000,0.000000
-0.041921,-0.068956,0.019673,-0.003462,0.049504,-0.006981,0.000000,0.000000,-0.065959,-0.425668,0.000000,-0.567681,0.000000,0.000000
-0.041677,-0.074284,0.019818,-0.002532,0.062996,-0.000890,0.000000,0.000000,-0.043184,-0.547744,0.000000,-0.684689,0.000000,0.000000
-0.041521,-0.080879,0.019692,-0.001903,0.068064,0.000674,0.000000,0.000000,0.000000,-0.585723,0.000000,-0.718684,0.000000,0.000000
-0.041564,-0.085342,0.019670,0.000480,0.057379,0.000143,0.000000,0.000000,0.000000,-0.876139,0.000000,-0.689958,0.000000,0.000000
-0.041646,-0.089398,0.019302,-0.000204,0.048706,0.002262,0.000000,0.000000,0.000000,-1.000000,0.000000,-0.714117,0.000000,0.000000
-0.041787,-0.092241,0.018583,-0.000775,0.037808,0.004797,0.000000,0.000000,0.000000,-0.777294,0.000000,-0.616120,0.094138,0.000000
-0.041990,-0.094804,0.017726,-0.000536,0.031753,0.005264,0.000000,0.000000,0.000000,-0.690132,0.000000,-0.497204,0.188177,0.000000
-0.042199,-0.096778,0.016799,-0.000694,0.021578,0.004942,0.000000,0.000000,0.000000,-0.798941,0.000000,-0.447893,0.028078,0.000000
-0.042297,-0.097500,0.016170,-0.001201,0.010359,0.004192,-0.003891,0.000000,0.000000,-0.844257,0.000000,-0.460528,0.000000,0.000000
-0.042252,-0.097659,0.016056,-0.000942,0.002073,0.000702,0.000000,0.000000,0.000000,-0.598091,0.000000,-0.391216,0.080856,0.000000
-0.042025,-0.097722,0.016540,-0.001012,-0.000023,-0.003227,0.000000,0.000000,0.000000,-0.422698,0.000000,-0.292392,0.176043,0.000000
-0.041599,-0.097902,0.017690,-0.000748,0.000301,-0.006129,0.000000,0.000000,0.000000,-0.385830,0.000000,-0.335338,0.023136,0.000000
-0.041144,-0.097309,0.019168,-0.000003,-0.009329,-0.009086,0.000000,0.019471,-0.051069,-0.375796,0.000000,-0.455595,0.000000,0.000000
-0.040670,-0.096249,0.020860,0.000574,-0.016411,-0.011268,0.000000,0.000000,0.000000,-0.246390,0.000000,-0.500880,0.000000,0.000000
-0.040187,-0.095174,0.022701,0.000885,-0.015540,-0.011318,0.000000,0.036359,0.000000,-0.026150,0.000000,-0.415787,0.038397,0.000000
-0.039781,-0.093802,0.024171,0.000436,-0.020028,-0.009798,0.000000,0.146778,0.000000,0.000000,0.000000,-0.361859,0.042885,0.000000
-0.039405,-0.091513,0.025580,0.000399,-0.025340,-0.007503,0.000000,0.069107,-0.035666,-0.032154,0.000000,-0.436682,0.000000,0.000000
-0.039250,-0.088990,0.026327,0.000720,-0.031040,-0.004593,0.000000,0.030115,-0.035283,-0.037461,0.000000,-0.409970,0.000000,0.000000
-0.039442,-0.086751,0.026148,0.001828,-0.028528,0.001191,0.000000,0.028415,0.000000,0.000000,0.000000,-0.268448,0.000000,0.000000
-0.039656,-0.085179,0.025707,0.001103,-0.018015,0.002711,0.000000,0.064872,0.000000,0.000000,0.000000,-0.155663,0.000000,0.000000
-0.039846,-0.083935,0.025041,0.000130,-0.011935,0.003546,-0.005274,0.000000,0.000000,-0.021572,0.000000,-0.123576,0.000000,0.000000
-0.039935,-0.083602,0.024500,-0.000699,-0.003411,0.003606,-0.003940,0.000000,-0.030681,-0.179365,0.000000,-0.253991,0.000000,0.000000
-0.039452,-0.085419,0.025175,-0.003626,0.020561,-0.004146,0.000000,0.000000,-0.038160,-0.235064,0.000000,-0.298791,0.000000,0.000000
-0.039170,-0.087593,0.025311,-0.003158,0.027755,-0.000912,0.000000,0.000000,0.000000,-0.298710,0.000000,-0.308592,0.000000,0.000000
-0.039030,-0.090263,0.024938,-0.002495,0.027930,0.001989,0.000000,0.000000,-0.015196,-0.430158,0.000000,-0.682856,0.000000,0.000000
-0.039058,-0.092392,0.024290,-0.001853,0.026225,0.003987,0.000000,0.000000,-0.025654,-0.607793,0.000000,-0.688696,0.000000,0.000000
-0.039156,-0.093867,0.023611,-0.001261,0.020037,0.004523,0.000000,0.000000,0.000000,-0.661547,0.000000,-0.454199,0.003324,0.000000
-0.039252,-0.095069,0.022848,-0.001533,0.015388,0.004691,0.000000,0.000000,0.000000,-0.620841,0.000000,-0.391644,0.088559,0.000000
-0.039404,-0.095858,0.021951,-0.001486,0.011581,0.005972,0.000000,0.000000,0.000000,-0.558902,0.000000,-0.428185,0.061918,0.000000
-0.039668,-0.095661,0.019824,-0.003872,0.000697,0.011334,0.000000,0.000000,0.000000,-0.578165,0.000000,-0.420294,0.000000,0.000000
-0.039883,-0.094893,0.017711,-0.004974,-0.005957,0.012994,0.000000,0.000000,0.000000,-0.580427,0.000000,-0.350351,0.000000,0.000000
-0.039670,-0.094448,0.016579,-0.007073,-0.003895,0.007539,0.000000,0.000000,0.000000,-0.533879,0.000000,-0.150942,0.073928,0.000000
-0.039028,-0.094335,0.016281,-0.008665,-0.000904,0.001828,0.000000,0.000000,0.000000,-0.490213,0.000000,-0.079249,0.080397,0.000000
-0.038095,-0.094611,0.016509,-0.008913,0.002563,-0.001213,0.000000,0.000000,0.000000,-0.442378,0.000000,-0.298259,0.000000,0.000000
-0.037287,-0.094622,0.016907,-0.008852,-0.000473,-0.002651,0.000000,0.000000,0.000000,-0.369383,0.000000,-0.474978,0.000000,0.000000
-0.036286,-0.093878,0.018185,-0.007381,-0.010611,-0.007864,0.000000,0.000000,0.000000,-0.347578,0.000000,-0.463784,0.050117,0.000000
-0.035315,-0.092911,0.019689,-0.006781,-0.014631,-0.010017,0.000000,0.000000,0.000000,-0.319159,0.000000,-0.382651,0.092005,0.000000
-0.034369,-0.091754,0.021274,-0.004962,-0.013696,-0.008448,0.000000,0.074899,0.000000,-0.099501,0.000000,-0.382877,0.106310,0.000000
-0.033802,-0.090687,0.022154,-0.003724,-0.013786,-0.005410,0.000000,0.186843,0.000000,-0.009299,0.000000,-0.427428,0.066564,0.000000
-0.033250,-0.089916,0.022927,-0.004265,-0.010979,-0.005154,0.000000,0.025763,0.000000,-0.142029,0.000000,-0.431244,0.000000,0.000000
-0.032718,-0.089482,0.023573,-0.004147,-0.005946,-0.003966,0.000000,0.000000,0.000000,-0.250107,0.000000,-0.366187,0.000000,0.000000
-0.032171,-0.088981,0.024018,-0.005424,-0.007027,-0.002968,0.000000,0.000000,0.000000,-0.142084,0.000000,-0.363871,0.000000,0.000000
-0.031482,-0.088557,0.024359,-0.006105,-0.004719,-0.001817,0.000000,0.000000,0.000000,-0.171771,0.000000,-0.416177,0.015319,0.000000
-0.030926,-0.087739,0.024502,-0.006134,-0.009887,-0.000875,0.000000,0.000000,0.000000,-0.210775,0.000000,-0.402872,0.000000,0.000000
-0.030476,-0.086565,0.024399,-0.006147,-0.014964,0.000682,0.000000,0.000000,0.000000,-0.267553,0.000000,-0.379877,0.000000,0.000000
-0.030064,-0.085067,0.023963,-0.006298,-0.017291,0.002681,0.000000,0.000000,0.000000,-0.194007,0.000000,-0.313614,0.038256,0.000000
-0.029697,-0.083065,0.023040,-0.006320,-0.019696,0.004921,0.000000,0.000000,0.000000,-0.135216,0.000000,-0.236623,0.081546,0.000000
-0.029425,-0.082010,0.022153,-0.006461,-0.012488,0.005902,0.000000,0.000000,0.000000,-0.177616,0.000000,-0.206324,0.000777,0.000000
-0.029326,-0.082082,0.020662,-0.005742,0.002500,0.009170,0.000000,0.000000,0.000000,-0.217941,0.000000,-0.168710,0.000000,0.000000
-0.029493,-0.082445,0.018627,-0.004590,0.007103,0.013554,0.000000,0.000000,0.000000,-0.269026,0.000000,-0.225475,0.000000,0.000000
-0.029757,-0.082957,0.015935,-0.004444,0.007865,0.014346,0.000000,0.000000,0.000000,-0.519939,0.000000,-0.321033,0.000000,0.000000
-0.029961,-0.083024,0.013859,-0.003992,0.003112,0.012767,0.000000,0.000000,0.000000,-0.675647,0.000000,-0.240669,0.000000,0.000000
-0.030107,-0.082388,0.012213,-0.003631,-0.006166,0.010952,0.000000,0.000000,0.000000,-0.644567,0.000000,-0.151692,0.036603,0.000000
-0.030166,-0.081848,0.010774,-0.003728,-0.004784,0.008853,0.000000,0.000000,0.000000,-0.499949,0.000000,-0.145415,0.114256,0.000000
-0.030145,-0.081508,0.009782,-0.003553,-0.003153,0.006611,0.000000,0.000000,0.000000,-0.372595,0.000000,-0.120591,0.088365,0.000000
-0.030012,-0.081226,0.009027,-0.003352,-0.002166,0.004022,0.000000,0.000000,0.000000,-0.438301,0.000000,-0.176720,0.000000,0.000000
-0.029740,-0.081654,0.008939,-0.003495,0.005178,0.000540,0.000000,0.000000,0.000000,-0.437566,0.000000,-0.248609,0.000000,0.000000
-0.029425,-0.082289,0.009216,-0.003140,0.007836,-0.001849,0.000000,0.000000,0.000000,-0.334918,0.000000,-0.263618,0.013972,0.000000
-0.029093,-0.082707,0.009809,-0.002121,0.004308,-0.003640,0.000000,0.000000,0.000000,-0.364070,0.000000,-0.364609,0.023541,0.000000
-0.028527,-0.081333,0.012188,0.000544,-0.016356,-0.012685,0.000000,0.000000,0.000000,-0.391238,0.000000,-0.440272,0.000000,0.000000
-0.028053,-0.079495,0.014958,0.003032,-0.026786,-0.018449,0.000000,0.000000,0.000000,-0.312910,0.000000,-0.386615,0.020606,0.000000
-0.027601,-0.077729,0.017972,0.003578,-0.024060,-0.018522,0.000000,0.246538,0.000000,0.000000,0.000000,-0.300936,0.185498,0.000000
-0.027343,-0.076356,0.020499,0.004632,-0.020451,-0.016843,0.000000,0.462059,0.000000,0.000000,0.000000,-0.328350,0.166569,0.000000
-0.027316,-0.075191,0.023108,0.006168,-0.014277,-0.013905,0.000000,0.275968,-0.090849,0.000000,0.000000,-0.454755,0.000000,0.000000
-0.027643,-0.074170,0.024703,0.008366,-0.013726,-0.009807,0.000000,0.100477,-0.095401,0.000000,0.000000,-0.467407,0.000000,0.000000
-0.028095,-0.073242,0.025636,0.008605,-0.012960,-0.006207,0.000000,0.000000,0.000000,0.000000,0.000000,-0.409270,0.000000,0.000000
-0.028738,-0.072196,0.026108,0.008920,-0.012912,-0.002902,0.000000,0.000000,0.000000,0.000000,0.000000,-0.311924,0.000000,0.000000
-0.029326,-0.071320,0.026333,0.008221,-0.011541,-0.001505,0.000000,0.039068,-0.001254,0.000000,0.000000,-0.251883,0.000000,0.000000
-0.030048,-0.070521,0.026472,0.007748,-0.008350,-0.000736,-0.011718,0.006435,-0.026666,-0.019599,0.000000,-0.235880,0.000000,0.000000
-0.030739,-0.069948,0.026286,0.007706,-0.006584,0.001143,-0.014715,0.000000,-0.041486,-0.066755,0.000000,-0.257435,0.000000,0.000000
-0.031579,-0.069479,0.025465,0.008491,-0.005016,0.005462,0.000000,0.000000,-0.032831,-0.078877,0.000000,-0.280194,0.000000,0.000000
-0.032495,-0.068818,0.024382,0.008064,-0.006559,0.006661,-0.001934,0.000000,-0.007373,-0.115614,0.000000,-0.245968,0.000000,0.000000
-0.033517,-0.067584,0.022897,0.007224,-0.011136,0.007914,-0.046815,0.000000,-0.001308,-0.236456,0.000000,-0.155252,0.000000,0.000000
-0.034337,-0.066632,0.021466,0.006641,-0.010295,0.009537,-0.065612,0.000000,-0.006036,-0.245850,0.000000,-0.117217,0.000000,0.000000
-0.035247,-0.065873,0.019778,0.006608,-0.006835,0.010376,-0.053189,0.000000,0.000000,-0.165368,0.000000,-0.074415,0.000000,0.000000
-0.036097,-0.064631,0.017944,0.006056,-0.013357,0.012214,-0.052953,0.000000,0.000000,-0.200019,0.000000,-0.061073,0.000000,0.000000
-0.036992,-0.062536,0.015452,0.004632,-0.021484,0.015317,-0.075563,0.000000,-0.020268,-0.289353,0.000000,-0.088936,0.000000,0.000000
-0.038033,-0.060312,0.012398,0.004549,-0.019184,0.016269,-0.088520,0.000000,0.000000,-0.236241,0.000000,0.000000,0.000000,0.000000
-0.038921,-0.058676,0.009702,0.004876,-0.016883,0.017964,-0.081538,0.000000,0.000000,-0.163541,0.000000,0.000000,0.000000,0.064675
-0.039883,-0.056528,0.007493,0.006595,-0.022267,0.013573,-0.105198,0.000000,0.000000,-0.229235,0.000000,0.000000,0.000000,0.050052
-0.040754,-0.054284,0.005966,0.007718,-0.026392,0.010179,-0.133250,0.000000,0.000000,-0.289919,0.000000,0.000000,0.000000,0.060138
-0.041924,-0.052062,0.004005,0.008605,-0.020275,0.010448,-0.137258,0.000000,0.000000,-0.103707,0.000000,0.000000,0.000000,0.100085
-0.042968,-0.050355,0.002460,0.009405,-0.017826,0.009496,-0.134878,0.090797,0.000000,0.000000,0.000000,0.000000,0.000000,0.130942
-0.043878,-0.048317,0.001615,0.009983,-0.024750,0.005632,-0.166903,0.000000,-0.059080,-0.053323,0.000000,0.000000,0.000000,0.080797
-0.044810,-0.046200,0.000799,0.009603,-0.023803,0.005016,-0.192914,0.000000,-0.116539,-0.108747,0.000000,0.000000,0.000000,0.050108
-0.045840,-0.043678,-0.000062,0.009303,-0.024693,0.004586,-0.150512,0.023696,-0.068407,0.000000,0.000000,0.000000,0.000000,0.116956
-0.046637,-0.041420,-0.000508,0.009466,-0.028209,0.002974,-0.115947,0.000000,-0.024352,0.000000,0.000000,0.000000,0.000000,0.107556
-0.047475,-0.039313,-0.001049,0.009112,-0.024071,0.003326,-0.166150,0.038881,-0.096242,0.000000,0.000000,0.000000,0.000000,0.142561
-0.048227,-0.037724,-0.001649,0.008722,-0.019279,0.003996,-0.204017,0.166104,-0.129253,0.000000,0.000000,0.000000,0.000000,0.198114
-0.048874,-0.036889,-0.001927,0.007293,-0.009420,0.001708,-0.159529,0.054889,-0.099856,0.000000,0.000000,0.000000,0.000000,0.147550
-0.049302,-0.037214,-0.001543,0.004854,0.002733,-0.002043,-0.141191,0.000000,-0.097353,0.000000,0.000000,0.000000,0.000000,0.084190
-0.049507,-0.038269,-0.001131,0.003264,0.012772,-0.002746,-0.144073,0.000000,-0.144899,0.000000,0.000000,-0.008846,0.000000,0.000000
-0.049781,-0.039762,-0.000932,0.003534,0.017351,-0.001223,-0.104680,0.000000,-0.173457,0.000000,0.000000,-0.179461,0.000000,0.000000
-0.049998,-0.040479,-0.000453,0.003564,0.008262,-0.003192,-0.058505,0.000000,-0.151037,-0.105942,0.000000,-0.283955,0.000000,0.000000
-0.050209,-0.040978,0.000130,0.002927,0.004185,-0.003105,-0.071928,0.000000,-0.101444,-0.218382,0.000000,-0.225007,0.000000,0.000000
-0.050355,-0.041778,0.000484,0.002282,0.008847,-0.002177,-0.090119,0.000000,-0.051940,-0.067195,0.000000,-0.108046,0.000000,0.000000
-0.050450,-0.042532,0.000771,0.001705,0.009104,-0.001911,-0.095376,0.000000,-0.049884,-0.007814,0.000000,-0.088204,0.000000,0.000000
-0.050483,-0.042792,0.001146,0.000987,0.002378,-0.002302,-0.111950,0.000000,-0.144000,-0.151046,0.000000,-0.188440,0.000000,0.000000
-0.050250,-0.043828,0.002232,-0.000897,0.008900,-0.005791,-0.107150,0.000000,-0.156357,-0.179808,0.000000,-0.208751,0.000000,0.000000
-0.049974,-0.044968,0.003183,-0.001864,0.012724,-0.006334,-0.043630,0.000000,-0.015396,0.000000,0.000000,-0.115388,0.000000,0.000000
-0.049914,-0.046627,0.003374,-0.000390,0.019346,-0.001174,0.000000,0.000000,-0.015404,0.000000,0.000000,-0.253196,0.000000,0.000000
-0.049912,-0.047983,0.003282,-0.000201,0.017604,0.000612,-0.069970,0.000000,-0.173586,-0.175823,0.000000,-0.344112,0.000000,0.000000
-0.049995,-0.049934,0.002809,0.000146,0.024068,0.002912,-0.122979,0.000000,-0.147829,-0.406025,0.000000,-0.247741,0.000000,0.000000
-0.050006,-0.052695,0.002288,-0.000733,0.029234,0.002773,-0.026345,0.000000,0.000000,-0.277623,0.000000,-0.185954,0.000000,0.000000
-0.049996,-0.054984,0.001841,-0.001081,0.030335,0.002977,-0.014270,0.000000,0.000000,-0.349232,0.000000,-0.247664,0.000000,0.000000
-0.050111,-0.057951,0.000933,-0.000491,0.036937,0.005586,-0.105837,0.000000,-0.120525,-0.577532,0.000000,-0.321849,0.000000,0.000000
-0.050413,-0.061193,-0.000555,0.000412,0.044695,0.009909,-0.100895,0.000000,-0.086037,-0.600130,0.000000,-0.303694,0.000000,0.000000
-0.050444,-0.066024,-0.001593,-0.001735,0.051404,0.005533,-0.015024,0.000000,0.000000,-0.600302,0.000000,-0.306580,0.000000,0.000000
-0.050285,-0.070644,-0.001876,-0.002583,0.055388,0.001738,-0.055065,0.000000,0.000000,-0.826284,0.000000,-0.311257,0.000000,0.000000
-0.050015,-0.074907,-0.001740,-0.003079,0.054548,-0.000909,-0.071751,0.000000,-0.059120,-0.919574,0.000000,-0.454402,0.000000,0.000000
-0.049512,-0.079368,-0.001075,-0.004115,0.051702,-0.004088,-0.009245,0.000000,-0.020739,-0.826076,0.000000,-0.557929,0.000000,0.000000
-0.049055,-0.084503,-0.000284,-0.002675,0.051583,-0.004215,0.000000,0.000000,0.000000,-0.716655,0.000000,-0.554257,0.042653,0.000000
-0.048519,-0.087970,0.000867,-0.002950,0.042298,-0.007668,0.000000,0.000000,0.000000,-0.713933,0.000000,-0.566783,0.055556,0.000000
-0.047663,-0.091049,0.002814,-0.003767,0.033053,-0.011973,0.000000,0.000000,-0.017744,-0.820652,0.000000,-0.609691,0.000000,0.000000
-0.046690,-0.093375,0.005263,-0.003491,0.025228,-0.016310,0.000000,0.000000,-0.005949,-0.664416,0.000000,-0.607553,0.009018,0.000000
-0.045434,-0.095173,0.008558,-0.003400,0.015661,-0.020254,0.000000,0.000000,0.000000,-0.388531,0.000000,-0.598545,0.169774,0.000000
-0.043767,-0.096321,0.012743,-0.004244,0.005758,-0.022305,0.000000,0.003801,0.000000,-0.282355,0.000000,-0.650411,0.136688,0.000000
-0.042327,-0.096860,0.016234,-0.004896,0.000834,-0.023235,0.000000,0.102765,-0.078425,-0.274802,0.000000,-0.694042,0.000000,0.000000
-0.040654,-0.097466,0.020099,-0.005859,0.001180,-0.023780,0.000000,0.162017,-0.030770,-0.121495,0.000000,-0.657557,0.000000,0.000000
-0.039183,-0.097940,0.023293,-0.006317,0.000906,-0.021266,0.000000,0.031584,0.000000,0.000000,0.000000,-0.660974,0.051887,0.000000
-0.037328,-0.098695,0.026937,-0.007520,0.003224,-0.019419,0.000000,0.004341,0.000000,-0.032892,0.000000,-0.732665,0.000000,0.000000
-0.035814,-0.099379,0.029563,-0.008303,0.004505,-0.016151,0.000000,0.036091,0.000000,-0.103827,0.000000,-0.697396,0.000000,0.000000
-0.034485,-0.099741,0.031517,-0.009223,0.001849,-0.013007,0.000000,0.000000,0.000000,-0.119387,0.000000,-0.679761,0.031979,0.000000
-0.032708,-0.100423,0.033877,-0.012315,0.005100,-0.014518,0.000000,0.000000,0.000000,-0.182233,0.000000,-0.678685,0.037003,0.000000
-0.031332,-0.100169,0.035239,-0.012159,-0.005058,-0.009070,0.000000,0.000000,0.000000,-0.205808,0.000000,-0.621876,0.056312,0.000000
-0.030187,-0.099148,0.035577,-0.010689,-0.010848,-0.001804,0.000000,0.000000,0.000000,-0.193004,0.000000,-0.709480,0.114898,0.000000
-0.029796,-0.097859,0.034309,-0.009319,-0.013861,0.007800,0.000000,0.000000,0.000000,-0.171152,0.000000,-0.552603,0.126083,0.000000
-0.029872,-0.096258,0.032056,-0.007919,-0.017850,0.015004,0.000000,0.000000,0.000000,-0.290356,0.000000,-0.316867,0.102918,0.000000
-0.030276,-0.093958,0.028591,-0.007636,-0.023379,0.021316,0.000000,0.000000,0.000000,-0.451993,0.000000,-0.177981,0.000000,0.000000
-0.030495,-0.091020,0.024285,-0.010783,-0.025908,0.022930,0.000000,0.000000,0.000000,-0.477946,0.000000,-0.092756,0.000000,0.000000
-0.030540,-0.088322,0.020601,-0.012957,-0.030111,0.024560,0.000000,0.000000,0.000000,-0.422822,0.000000,0.000000,0.071528,0.000000
-0.030458,-0.085265,0.016674,-0.013870,-0.031729,0.024141,0.000000,0.000000,0.000000,-0.416872,0.000000,0.000000,0.085476,0.000000
-0.030303,-0.082522,0.013092,-0.014299,-0.030774,0.023836,0.000000,0.000000,0.000000,-0.447227,0.031471,0.000000,0.009163,0.067562
-0.029906,-0.079882,0.009166,-0.014545,-0.023266,0.020934,0.000000,0.000000,0.000000,-0.429711,0.040392,0.000000,0.015050,0.121090
-0.029352,-0.077966,0.006484,-0.014543,-0.019707,0.016487,0.000000,0.000000,0.000000,-0.369213,0.013955,0.000000,0.042667,0.126150
-0.028567,-0.076748,0.004764,-0.015509,-0.013613,0.011461,0.000000,0.000000,0.000000,-0.392943,0.005194,0.000000,0.000000,0.021506
-0.027673,-0.075273,0.003014,-0.015623,-0.015629,0.010756,0.000000,0.000000,0.000000,-0.364206,0.009877,-0.009285,0.000000,0.000000
-0.027183,-0.074968,0.000785,-0.013068,-0.001417,0.014849,0.000000,0.000000,0.000000,-0.352071,0.005931,-0.116485,0.041910,0.000000
-0.026701,-0.075105,-0.001926,-0.011510,0.003818,0.014441,0.000000,0.000000,0.000000,-0.333764,0.013223,-0.081225,0.057471,0.000000
-0.026350,-0.075515,-0.004062,-0.010148,0.007015,0.013138,0.000000,0.000000,0.000000,-0.647645,0.037294,-0.074419,0.000000,0.000000
-0.025936,-0.075750,-0.005586,-0.009973,0.004662,0.010148,0.000000,0.000000,0.000000,-0.729994,0.037590,-0.129881,0.000000,0.000000
-0.025404,-0.075727,-0.006688,-0.009430,0.000792,0.006778,0.000000,0.000000,0.000000,-0.626561,0.000000,-0.132576,0.086139,0.000000
-0.024621,-0.075938,-0.007028,-0.008881,0.002450,0.001814,0.000000,0.000000,0.000000,-0.520631,0.000000,-0.121102,0.170200,0.000000
-0.023974,-0.076342,-0.006842,-0.007752,0.005016,-0.001240,0.000000,0.000000,0.000000,-0.474251,0.000000,-0.165264,0.095969,0.000000
-0.023241,-0.076732,-0.006310,-0.007185,0.004157,-0.003272,0.000000,0.000000,0.000000,-0.469364,0.000000,-0.284874,0.000000,0.000000
-0.022272,-0.076993,-0.005120,-0.008769,0.002239,-0.007928,0.000000,0.000000,0.000000,-0.417529,0.000000,-0.347452,0.025201,0.000000
-0.020501,-0.078038,-0.002021,-0.010501,0.008564,-0.016505,0.000000,0.000000,0.000000,-0.325331,0.000000,-0.320722,0.131971,0.000000
-0.018234,-0.079570,0.002207,-0.014589,0.015036,-0.026006,0.000000,0.000000,0.000000,-0.237031,0.000000,-0.375297,0.155388,0.000000
-0.015961,-0.080924,0.006567,-0.015193,0.014299,-0.029049,0.000000,0.060960,0.000000,-0.210064,0.000000,-0.646279,0.063302,0.000000
-0.013624,-0.082448,0.011018,-0.014279,0.015522,-0.027341,0.000000,0.155645,0.000000,-0.129078,0.000000,-0.911214,0.075820,0.000000
-0.011483,-0.083461,0.014894,-0.014623,0.010990,-0.025845,0.000000,0.085175,0.000000,-0.059161,0.000000,-0.864976,0.202594,0.000000
-0.008942,-0.084583,0.019251,-0.014374,0.009993,-0.023198,0.000000,0.000000,0.000000,-0.201927,0.000000,-0.757784,0.169535,0.000000
-0.006985,-0.085307,0.022300,-0.013608,0.007630,-0.018761,0.000000,0.000000,0.000000,-0.223169,0.000000,-0.741040,0.114970,0.000000
-0.005374,-0.085551,0.024375,-0.013563,0.002573,-0.013811,0.000000,0.091409,0.000000,-0.136347,0.000000,-0.760214,0.235731,0.000000
-0.004050,-0.085712,0.025433,-0.012343,0.001706,-0.006510,0.000000,0.029605,0.000000,-0.149611,0.000000,-0.692164,0.271107,0.000000
-0.003024,-0.084644,0.024969,-0.011845,-0.010922,0.002474,0.000000,0.000000,0.000000,-0.319201,0.000000,-0.577939,0.114692,0.000000
-0.002461,-0.082961,0.023514,-0.012217,-0.021460,0.009692,0.000000,0.000000,0.000000,-0.440152,0.033410,-0.473102,0.087731,0.000000
-0.002076,-0.080771,0.021429,-0.011019,-0.025781,0.012818,0.000000,0.000000,0.000000,-0.302714,0.042448,-0.230036,0.273367,0.000000
-0.001950,-0.078641,0.019099,-0.009221,-0.027163,0.015515,0.000000,0.000000,0.000000,-0.269244,0.048529,-0.009137,0.340672,0.000000
-0.002338,-0.076595,0.015048,-0.006296,-0.020729,0.021586,0.000000,0.000000,0.000000,-0.397238,0.112912,-0.005327,0.070613,0.000000
-0.002935,-0.075052,0.011174,-0.003979,-0.017919,0.023828,0.000000,0.000000,0.000000,-0.446542,0.135011,-0.022985,0.000000,0.000000
-0.003543,-0.072966,0.007311,-0.003895,-0.026295,0.025729,0.000000,0.000000,0.000000,-0.507952,0.079430,0.000000,0.064611,0.000000
-0.004230,-0.070287,0.003222,-0.002968,-0.031192,0.025146,0.000000,0.000000,0.000000,-0.555776,0.048152,0.000000,0.094407,0.004704
-0.004829,-0.067563,-0.000062,-0.001616,-0.034424,0.021878,0.000000,0.000000,0.000000,-0.488806,0.061676,0.000000,0.110732,0.169990
-0.005233,-0.064161,-0.003114,-0.002509,-0.034478,0.016254,0.000000,0.000000,0.000000,-0.403457,0.042951,0.000000,0.132243,0.265750
-0.005339,-0.061495,-0.004752,-0.002663,-0.031319,0.010072,0.000000,0.000000,0.000000,-0.247154,0.000000,0.000000,0.013585,0.290941
-0.005315,-0.059420,-0.005587,-0.002382,-0.026484,0.005559,0.000000,0.140230,0.000000,-0.104673,0.000000,0.000000,0.000000,0.264893
-0.005247,-0.057037,-0.006014,-0.001758,-0.028236,0.002630,0.000000,0.140471,0.000000,0.000000,0.000000,0.000000,0.000000,0.196521
-0.005128,-0.053846,-0.005507,-0.000287,-0.032899,-0.002704,0.000000,0.025600,0.000000,-0.008736,0.000000,-0.066260,0.000000,0.096087
-0.005044,-0.051264,-0.004703,0.000675,-0.033382,-0.005358,0.000000,0.005260,0.000000,0.000000,0.000000,-0.065349,0.000000,0.114704
-0.004850,-0.048713,-0.003309,0.000358,-0.030536,-0.008566,0.000000,0.142056,0.000000,0.000000,0.000000,-0.007921,0.000000,0.170897
-0.004583,-0.046927,-0.001559,0.000013,-0.023316,-0.011662,0.000000,0.240184,0.000000,0.000000,0.000000,-0.039730,0.000000,0.162266
-0.004379,-0.045262,0.000333,0.000889,-0.020068,-0.011629,0.000000,0.281147,0.000000,0.000000,0.000000,-0.185352,0.000000,0.068710
-0.004161,-0.043288,0.002554,0.001007,-0.020618,-0.011839,0.000000,0.227217,0.000000,0.000000,0.000000,-0.305836,0.000000,0.000000
-0.004012,-0.041777,0.004350,0.001226,-0.019720,-0.011965,0.000000,0.080198,0.000000,0.000000,0.000000,-0.232565,0.000000,0.000000
-0.004063,-0.040750,0.005714,0.002739,-0.012391,-0.008385,0.000000,0.050851,0.000000,0.000000,0.000000,-0.138805,0.000000,0.003862
-0.004474,-0.040169,0.006215,0.006098,-0.007545,-0.003335,0.000000,0.164471,0.000000,0.000000,0.000000,-0.170096,0.025989,0.000000
-0.005104,-0.039680,0.006432,0.006769,-0.005068,-0.001156,0.000000,0.089542,0.000000,0.000000,0.000000,-0.219943,0.000000,0.000000
-0.005609,-0.040203,0.006664,0.006337,0.006158,-0.001428,0.000000,0.000000,0.000000,-0.046893,0.000000,-0.158295,0.000000,0.000000
-0.005957,-0.041228,0.007187,0.005328,0.013070,-0.003485,0.000000,0.000000,0.000000,-0.084675,0.000000,-0.102141,0.000000,0.000000
-0.006295,-0.042614,0.008002,0.005258,0.016268,-0.005008,0.000000,0.000000,0.000000,-0.166888,0.000000,-0.241942,0.000000,0.000000
-0.006919,-0.044042,0.008970,0.007760,0.014497,-0.005161,0.000000,0.000000,0.000000,-0.196481,0.000000,-0.387116,0.000000,0.000000
-0.007317,-0.045036,0.009556,0.006159,0.012619,-0.003899,0.000000,0.000000,0.000000,-0.204913,0.000000,-0.380825,0.000000,0.000000
-0.007668,-0.046651,0.010166,0.005185,0.019012,-0.003751,0.000000,0.000000,0.000000,-0.188353,0.000000,-0.292083,0.000000,0.000000
-0.008067,-0.048657,0.010388,0.005553,0.025722,-0.001481,0.000000,0.000000,0.000000,-0.194856,0.000000,-0.268350,0.013781,0.000000
-0.008426,-0.051484,0.010763,0.004939,0.033453,-0.002307,0.000000,0.000000,0.000000,-0.282260,0.000000,-0.391723,0.000000,0.000000
-0.008834,-0.054792,0.011064,0.004708,0.033959,-0.001604,0.000000,0.000000,0.000000,-0.430378,0.000000,-0.439945,0.000000,0.000000
-0.009223,-0.057467,0.011049,0.004957,0.034369,0.000101,0.000000,0.000000,0.000000,-0.506124,0.000000,-0.480959,0.000000,0.000000
-0.009506,-0.060797,0.011362,0.004033,0.039455,-0.001927,0.000000,0.000000,0.000000,-0.501011,0.000000,-0.457605,0.051352,0.000000
-0.009854,-0.063802,0.011378,0.004511,0.038634,-0.000105,0.000000,0.000000,0.000000,-0.534785,0.000000,-0.417934,0.089787,0.000000
-0.010351,-0.067373,0.011196,0.004740,0.036810,0.000970,0.000000,0.000000,0.000000,-0.604830,0.000000,-0.538026,0.037637,0.000000
-0.010591,-0.070258,0.011346,0.003230,0.034153,-0.000925,0.000000,0.000000,0.000000,-0.658215,0.000000,-0.529520,0.006735,0.000000
-0.010707,-0.072874,0.011649,0.002356,0.033523,-0.002016,0.000000,0.000000,0.000000,-0.633250,0.000000,-0.445067,0.107739,0.000000
-0.010792,-0.075117,0.011839,0.001515,0.026535,-0.001169,0.000000,0.000000,0.000000,-0.542080,0.000000,-0.474658,0.176996,0.000000
-0.010872,-0.076807,0.011821,0.000786,0.017417,0.000099,0.000000,0.000000,0.000000,-0.591139,0.000000,-0.551247,0.088076,0.000000
-0.011464,-0.078230,0.010885,0.004705,0.018714,0.006235,0.000000,0.000000,0.000000,-0.614761,0.000000,-0.482845,0.037106,0.000000
-0.012397,-0.080091,0.009359,0.006618,0.022726,0.009370,0.000000,0.000000,0.000000,-0.479193,0.000000,-0.345531,0.176617,0.000000
-0.013276,-0.081598,0.008113,0.007274,0.020005,0.008299,0.000000,0.000000,0.000000,-0.590974,0.000000,-0.269461,0.129724,0.000000
-0.014149,-0.082732,0.006955,0.006846,0.014065,0.007129,0.000000,0.000000,0.000000,-0.841512,0.000000,-0.325554,0.000000,0.000000
-0.014912,-0.083813,0.006334,0.006182,0.011394,0.003308,0.000000,0.000000,0.000000,-0.726755,0.000000,-0.343149,0.000000,0.000000
-0.015321,-0.084925,0.006589,0.006137,0.014157,-0.001699,0.000000,0.000000,0.000000,-0.481744,0.000000,-0.252024,0.195589,0.000000
-0.015735,-0.085890,0.007465,0.007677,0.010952,-0.005383,0.000000,0.000000,0.000000,-0.424883,0.000000,-0.301444,0.167887,0.000000
-0.016051,-0.086531,0.008684,0.008301,0.007483,-0.008124,0.000000,0.000000,0.000000,-0.543536,0.000000,-0.494679,0.000000,0.000000
-0.016408,-0.086091,0.010670,0.009234,-0.005539,-0.010583,0.000000,0.000000,0.000000,-0.433004,0.000000,-0.513614,0.000000,0.000000
-0.016517,-0.085301,0.012979,0.008703,-0.010760,-0.014190,0.000000,0.000000,0.000000,-0.210950,0.000000,-0.427939,0.158441,0.000000
-0.016387,-0.085033,0.015727,0.007811,-0.005242,-0.018313,0.000000,0.087180,0.000000,-0.021524,0.000000,-0.350558,0.162868,0.000000
-0.016230,-0.084168,0.018399,0.006620,-0.011874,-0.016435,0.000000,0.197794,0.000000,-0.011251,0.000000,-0.431871,0.000000,0.000000
-0.016123,-0.082791,0.020930,0.005784,-0.015452,-0.013478,0.000000,0.134541,-0.078685,-0.059161,0.000000,-0.640710,0.000000,0.000000
-0.016014,-0.081271,0.022625,0.004275,-0.020657,-0.011295,0.000000,0.013353,0.000000,0.000000,0.000000,-0.526460,0.000000,0.000000
-0.015971,-0.078594,0.023332,0.001642,-0.032192,-0.004352,0.000000,0.000000,0.000000,0.000000,0.000000,-0.345052,0.000000,0.000000
-0.015888,-0.075990,0.023679,0.000031,-0.033690,-0.002307,0.000000,0.087593,0.000000,0.000000,0.000000,-0.294218,0.042727,0.000000
-0.015837,-0.073288,0.023629,-0.000754,-0.032054,0.000308,0.000000,0.110208,0.000000,0.000000,0.000000,-0.144194,0.034651,0.000000
-0.015845,-0.070448,0.023045,-0.001303,-0.028933,0.003113,0.000000,0.071810,0.000000,0.000000,0.000000,-0.121583,0.000000,0.000000
-0.015855,-0.067939,0.022285,-0.002033,-0.031740,0.005057,0.000000,0.038097,0.000000,0.000000,0.000000,-0.157222,0.000000,0.000000
-0.015889,-0.065034,0.021247,-0.002221,-0.033875,0.006379,0.000000,0.000000,0.000000,0.000000,0.000000,-0.125471,0.000000,0.000000
-0.015966,-0.062307,0.020026,-0.002214,-0.034280,0.008138,0.000000,0.000000,0.000000,0.000000,0.000000,-0.022010,0.000000,0.066515
-0.016135,-0.059424,0.017993,-0.002354,-0.028619,0.010840,0.000000,0.000656,0.000000,0.000000,0.000000,0.000000,0.000000,0.130089
-0.016599,-0.057788,0.015015,-0.001083,-0.017602,0.018305,0.000000,0.055186,0.000000,0.000000,0.000000,0.000000,0.000000,0.146821
-0.017008,-0.056605,0.012184,-0.001342,-0.013279,0.018857,0.000000,0.009844,0.000000,0.000000,0.000000,0.000000,0.000000,0.119644
-0.017420,-0.056812,0.009154,-0.001499,0.004403,0.018620,0.000000,0.000000,0.000000,-0.316332,0.000000,0.000000,0.000000,0.074749
-0.017877,-0.058299,0.005741,-0.001552,0.017263,0.018198,0.000000,0.000000,0.000000,-0.387254,0.007480,0.000000,0.000000,0.047656
-0.018231,-0.059799,0.003122,-0.001601,0.021194,0.017433,0.000000,0.000000,0.000000,-0.550139,0.000000,-0.067578,0.000000,0.000000
-0.018755,-0.061875,0.000023,-0.000687,0.026791,0.019055,0.000000,0.000000,0.000000,-0.724580,0.000000,-0.172277,0.000000,0.000000
-0.019445,-0.064425,-0.003171,0.000906,0.035244,0.021272,0.000000,0.000000,0.000000,-0.755739,0.000000,-0.158192,0.000000,0.000000
-0.020113,-0.067161,-0.006071,0.000971,0.034625,0.017833,0.000000,0.000000,0.000000,-0.834989,0.000000,-0.105960,0.042367,0.000000
-0.020570,-0.070616,-0.008168,0.000154,0.036931,0.011178,0.000000,0.000000,0.000000,-0.999926,0.000000,-0.141091,0.000000,0.000000
-0.020501,-0.073412,-0.008634,-0.002223,0.036326,0.003102,0.000000,0.000000,0.000000,-0.939938,0.000000,-0.210357,0.000000,0.000000
-0.020137,-0.076329,-0.008130,-0.002942,0.034258,-0.003100,0.000000,0.000000,0.000000,-0.778110,0.000000,-0.316858,0.131211,0.000000
-0.019761,-0.079269,-0.007189,-0.001924,0.037054,-0.006268,0.000000,0.000000,0.000000,-0.656552,0.000000,-0.446375,0.172130,0.000000
-0.019220,-0.083484,-0.005378,-0.000930,0.042198,-0.009644,0.000000,0.000000,0.000000,-0.660686,0.000000,-0.530236,0.085438,0.000000
-0.018678,-0.087301,-0.003294,0.000060,0.043842,-0.012818,0.000000,0.000000,0.000000,-0.718619,0.000000,-0.582733,0.030729,0.000000
-0.018240,-0.090832,-0.001255,0.001568,0.043900,-0.013580,0.000000,0.000000,0.000000,-0.678835,0.000000,-0.679959,0.092759,0.000000
-0.018012,-0.094891,0.000652,0.003760,0.046900,-0.011723,0.000000,0.000000,0.000000,-0.589188,0.000000,-0.746706,0.168124,0.000000
-0.017715,-0.098306,0.002858,0.004637,0.042349,-0.014694,0.000000,0.000000,0.000000,-0.637181,0.000000,-0.744129,0.131374,0.000000
-0.016660,-0.102819,0.007122,0.002716,0.044058,-0.022720,0.000000,0.000000,0.000000,-0.806106,0.000000,-0.742275,0.021259,0.000000
-0.015407,-0.106428,0.011451,0.001742,0.040242,-0.026594,0.000000,0.000000,0.000000,-0.656651,0.000000,-0.776888,0.089312,0.000000
-0.014141,-0.109227,0.015601,0.001581,0.033539,-0.027647,0.000000,0.000000,0.000000,-0.380235,0.000000,-0.961601,0.279348,0.000000
-0.012747,-0.111293,0.020044,0.001561,0.022332,-0.027356,0.000000,0.022671,0.000000,-0.361638,0.000000,-1.000000,0.218742,0.000000
-0.011389,-0.112334,0.024792,0.003128,0.008875,-0.025286,0.000000,0.000000,0.000000,-0.487087,0.000000,-0.980883,0.060571,0.000000
-0.010596,-0.112312,0.028071,0.004686,-0.001714,-0.021846,0.000000,0.042300,0.000000,-0.334935,0.000000,-0.901182,0.136036,0.000000
-0.009919,-0.111249,0.030635,0.002699,-0.013589,-0.015763,0.000000,0.161196,0.000000,-0.041618,0.000000,-0.773208,0.343398,0.000000
-0.009723,-0.109211,0.031792,0.002693,-0.026656,-0.007708,0.000000,0.140515,0.000000,-0.083645,0.000000,-0.685592,0.198156,0.000000
-0.010188,-0.106307,0.031435,0.003517,-0.029764,0.001903,0.000000,0.031863,0.000000,-0.295462,0.000000,-0.576927,0.000000,0.000000
-0.011274,-0.104017,0.029351,0.004629,-0.026363,0.012808,0.000000,0.000000,0.000000,-0.176828,0.000000,-0.347575,0.000000,0.000000
-0.012534,-0.101835,0.026610,0.004694,-0.026770,0.018269,0.000000,0.000000,0.000000,-0.089104,0.000000,-0.154684,0.206028,0.000000
-0.014144,-0.099108,0.022886,0.004983,-0.030563,0.022901,0.000000,0.000000,0.000000,-0.361829,0.000000,-0.078641,0.009522,0.000000
-0.015718,-0.096402,0.019103,0.005111,-0.032526,0.025185,0.000000,0.000000,0.000000,-0.584208,0.020900,-0.047378,0.000000,0.000000
-0.017528,-0.093253,0.014648,0.004753,-0.030040,0.023746,0.000000,0.000000,0.000000,-0.440184,0.000000,0.000000,0.000000,0.000000
-0.018988,-0.090524,0.011020,0.004730,-0.029947,0.022296,0.000000,0.000000,0.000000,-0.394384,0.000000,0.000000,0.082270,0.055710
-0.020030,-0.087836,0.008028,0.002471,-0.032224,0.019930,0.000000,0.000000,0.000000,-0.428998,0.000000,0.000000,0.000000,0.042710
-0.021005,-0.084680,0.005183,0.002259,-0.035288,0.017490,0.000000,0.000000,0.000000,-0.430689,0.000000,0.000000,0.000000,0.053436
-0.021950,-0.080242,0.002447,0.002247,-0.043791,0.014587,0.000000,0.000000,0.000000,-0.305544,0.000000,0.000000,0.000000,0.088986
-0.022410,-0.076293,0.000797,0.000567,-0.049300,0.010985,0.000000,0.000000,0.000000,-0.202543,0.000000,0.000000,0.000000,0.133747
-0.022737,-0.071935,-0.000563,0.000017,-0.050547,0.008359,0.000000,0.017027,0.000000,-0.035680,0.000000,0.000000,0.000000,0.259108
-0.022955,-0.067841,-0.001465,0.000184,-0.051842,0.006006,0.000000,0.131207,0.000000,0.000000,0.000000,0.000000,0.000000,0.328575
-0.022912,-0.063241,-0.001726,-0.001015,-0.047118,0.001393,0.000000,0.222043,0.000000,0.000000,0.000000,0.000000,0.000000,0.349458
-0.022646,-0.058969,-0.002076,-0.003990,-0.050422,0.002152,0.000000,0.267761,0.000000,0.000000,0.000000,0.000000,0.000000,0.358799
-0.022296,-0.054661,-0.002647,-0.005863,-0.054918,0.003808,0.000000,0.300175,0.000000,0.000000,0.000000,0.000000,0.000000,0.267630
-0.021836,-0.050551,-0.003029,-0.006240,-0.048465,0.002347,0.000000,0.302102,0.000000,0.000000,0.000000,0.000000,0.000000,0.347946
-0.021370,-0.047061,-0.003211,-0.006358,-0.044708,0.001209,0.000000,0.224984,0.000000,0.000000,0.000000,0.000000,0.000000,0.464369
-0.020839,-0.043132,-0.003356,-0.005682,-0.040318,0.000773,0.000000,0.275657,0.000000,0.000000,0.000000,0.000000,0.000000,0.386276
-0.020107,-0.040454,-0.002623,-0.007503,-0.032346,-0.004503,0.000000,0.413738,0.000000,0.000000,0.000000,0.000000,0.000000,0.346843
-0.019086,-0.038810,-0.000931,-0.010374,-0.022522,-0.011280,0.000000,0.311515,0.000000,0.000000,0.000000,0.000000,0.000000,0.314074
-0.018150,-0.037540,0.000670,-0.008786,-0.016208,-0.009837,0.000000,0.251676,0.000000,0.000000,0.000000,-0.129690,0.000000,0.157213
-0.017358,-0.036915,0.001856,-0.006713,-0.007127,-0.006322,0.000000,0.343151,0.000000,0.000000,0.000000,-0.336140,0.000000,0.000000
-0.016716,-0.037184,0.002864,-0.006756,0.002755,-0.006713,0.000000,0.150532,0.000000,0.000000,0.000000,-0.246328,0.000000,0.000000
-0.015870,-0.038078,0.004280,-0.008071,0.009732,-0.008709,0.000000,0.000000,0.000000,-0.091068,0.000000,-0.120187,0.000000,0.000000
-0.014974,-0.039334,0.005675,-0.009380,0.015273,-0.009292,0.000000,0.000000,0.000000,-0.114195,0.000000,-0.259858,0.000000,0.000000
-0.013917,-0.041372,0.007076,-0.009089,0.020293,-0.007464,0.000000,0.000000,0.000000,-0.054757,0.000000,-0.427719,0.000000,0.000000
-0.012988,-0.043138,0.008137,-0.009383,0.020409,-0.006520,0.000000,0.000000,0.000000,-0.130743,0.000000,-0.442695,0.022561,0.000000
-0.012129,-0.044790,0.009011,-0.009526,0.020781,-0.005822,0.000000,0.000000,0.000000,-0.282366,0.000000,-0.398693,0.019278,0.000000
-0.011207,-0.046400,0.009921,-0.009432,0.018709,-0.005598,0.000000,0.000000,0.000000,-0.301799,0.000000,-0.391126,0.055233,0.000000
-0.010307,-0.048028,0.010974,-0.009593,0.020468,-0.007010,0.000000,0.000000,0.000000,-0.272189,0.000000,-0.412030,0.127324,0.000000
-0.008508,-0.052198,0.014201,-0.013501,0.041860,-0.017204,0.000000,0.000000,0.000000,-0.269638,0.000000,-0.407101,0.124523,0.000000
-0.006907,-0.056084,0.016872,-0.013795,0.045281,-0.016410,0.000000,0.000000,0.000000,-0.318907,0.000000,-0.459451,0.074609,0.000000
-0.005571,-0.059774,0.018753,-0.012919,0.046944,-0.012532,0.000000,0.000000,0.000000,-0.382593,0.000000,-0.912620,0.061394,0.000000
-0.004278,-0.063582,0.020122,-0.012292,0.044935,-0.008421,0.000000,0.000000,0.000000,-0.416262,0.000000,-0.942264,0.125459,0.000000
-0.002987,-0.066850,0.020730,-0.012027,0.033523,-0.003239,0.000000,0.000000,0.000000,-0.530226,0.000000,-0.684253,0.280155,0.000000
-0.002267,-0.069337,0.020104,-0.010953,0.032080,0.004174,0.000000,0.000000,0.000000,-0.633199,0.000000,-0.606274,0.258343,0.000000
-0.001857,-0.072130,0.018354,-0.009397,0.033318,0.010758,0.000000,0.000000,0.000000,-0.656498,0.000000,-0.546956,0.180847,0.000000
-0.001640,-0.073807,0.016182,-0.009126,0.021753,0.014471,0.000000,0.000000,0.000000,-0.756571,0.009086,-0.442608,0.190966,0.000000
-0.001426,-0.075576,0.013916,-0.008776,0.021156,0.013931,0.000000,0.000000,0.000000,-0.879941,0.041064,-0.371802,0.182260,0.000000
-0.001102,-0.077355,0.012034,-0.007925,0.018405,0.010028,0.000000,0.000000,0.000000,-0.804752,0.039047,-0.232437,0.224088,0.000000
-0.000872,-0.077945,0.011105,-0.005861,0.007627,0.006186,0.000000,0.000000,0.000000,-0.762213,0.005286,-0.238578,0.266618,0.000000
-0.000602,-0.078015,0.010416,-0.005212,0.000866,0.004237,0.000000,0.000000,0.000000,-0.710142,0.006306,-0.355591,0.177387,0.000000
-0.000288,-0.077695,0.010223,-0.004639,-0.004116,0.001288,0.000000,0.000000,0.000000,-0.528852,0.000000,-0.332011,0.178720,0.000000
0.000357,-0.077413,0.011040,-0.004584,-0.002908,-0.004352,0.000000,0.000000,0.000000,-0.390280,0.000000,-0.245764,0.274177,0.000000
0.001012,-0.077194,0.012340,-0.004030,-0.002574,-0.007997,0.000000,0.000000,0.000000,-0.324191,0.000000,-0.278845,0.199777,0.000000
0.001793,-0.077184,0.014234,-0.004131,-0.000028,-0.012612,0.000000,0.069457,0.000000,-0.297543,0.000000,-0.450899,0.058279,0.000000
0.002678,-0.077130,0.016580,-0.003760,-0.000461,-0.014424,0.000000,0.079592,0.000000,-0.199099,0.000000,-0.514970,0.091389,0.000000
0.003720,-0.076693,0.019383,-0.003729,-0.004225,-0.014942,0.000000,0.009035,0.000000,-0.102607,0.000000,-0.558404,0.192431,0.000000
0.004391,-0.076590,0.021173,-0.003091,-0.001042,-0.011917,0.000000,0.006121,0.000000,-0.106933,0.000000,-0.575058,0.145817,0.000000
0.004834,-0.076654,0.022526,-0.001391,0.000988,-0.008322,0.000000,0.086729,0.000000,-0.093219,0.000000,-0.536121,0.115011,0.000000
0.005163,-0.076549,0.023576,-0.000979,-0.001131,-0.006996,0.000000,0.000000,0.000000,-0.161809,0.000000,-0.513570,0.126221,0.000000
0.005458,-0.076331,0.024449,-0.001007,-0.002418,-0.005364,0.000000,0.000000,0.000000,-0.270292,0.000000,-0.503565,0.040857,0.000000
0.005638,-0.075892,0.024910,-0.000716,-0.004435,-0.002456,0.000000,0.000000,0.000000,-0.210939,0.000000,-0.460098,0.120742,0.000000
0.005695,-0.075441,0.024929,-0.000683,-0.005791,-0.000125,0.000000,0.000000,0.000000,-0.139700,0.000000,-0.421375,0.230338,0.000000
0.005963,-0.075285,0.025198,-0.002415,-0.001796,-0.001657,0.000000,0.000000,0.000000,-0.229703,0.000000,-0.374573,0.131214,0.000000
0.006147,-0.074903,0.024992,-0.002994,-0.004967,0.001373,0.000000,0.000000,0.000000,-0.336603,0.015855,-0.340108,0.008869,0.000000
0.006113,-0.074508,0.023975,-0.002111,-0.004261,0.005418,0.000000,0.000000,0.000000,-0.266846,0.002176,-0.434284,0.108261,0.000000
0.005889,-0.074548,0.022644,-0.001040,0.000182,0.008186,0.000000,0.000000,0.000000,-0.192626,0.000000,-0.349197,0.235382,0.000000
0.005574,-0.074150,0.021075,-0.000673,-0.005482,0.010442,0.000000,0.000000,0.000000,-0.373947,0.029036,-0.236843,0.142493,0.000000
0.005104,-0.073743,0.019032,-0.000078,-0.005234,0.012562,0.000000,0.000000,0.000000,-0.576785,0.075902,-0.267908,0.000000,0.000000
0.004305,-0.073920,0.016100,0.001236,0.001372,0.015631,0.000000,0.000000,0.000000,-0.448542,0.026891,-0.185989,0.080666,0.000000
0.003917,-0.074334,0.014416,-0.000054,0.005040,0.011221,0.000000,0.000000,0.000000,-0.379715,0.000000,-0.077348,0.265141,0.000000
0.003644,-0.074788,0.013022,-0.000619,0.005195,0.008568,0.000000,0.000000,0.000000,-0.604212,0.031355,-0.142487,0.065704,0.000000
0.003621,-0.075568,0.012474,-0.001362,0.009941,0.003649,0.000000,0.000000,0.000000,-0.662953,0.066778,-0.330634,0.000000,0.000000
0.003716,-0.076632,0.012395,-0.001350,0.012637,0.000487,0.000000,0.000000,0.000000,-0.461508,0.000000,-0.303743,0.165556,0.000000
0.003599,-0.077967,0.012107,0.000489,0.013699,0.001534,0.000000,0.000000,0.000000,-0.397733,0.000000,-0.322833,0.299540,0.000000
0.003560,-0.079038,0.012167,0.000692,0.013768,-0.000401,0.000000,0.000000,0.000000,-0.506166,0.000000,-0.480191,0.090301,0.000000
0.003680,-0.080111,0.012619,-0.000093,0.012807,-0.002782,0.000000,0.000000,0.000000,-0.644314,0.000838,-0.465318,0.000000,0.000000
0.003799,-0.081033,0.013137,0.000148,0.011914,-0.003445,0.000000,0.000000,0.000000,-0.473743,0.000000,-0.419069,0.196035,0.000000
0.003927,-0.081740,0.014072,0.001134,0.007396,-0.004983,0.000000,0.000000,0.000000,-0.313597,0.000000,-0.456863,0.336684,0.000000
0.003998,-0.081963,0.015108,0.002316,0.002812,-0.006380,0.000000,0.000000,0.000000,-0.459321,0.000000,-0.507568,0.119738,0.000000
0.003883,-0.082604,0.015726,0.003535,0.008347,-0.004113,0.000000,0.000000,0.000000,-0.502142,0.000000,-0.489331,0.000000,0.000000
0.003870,-0.083043,0.016545,0.002674,0.005332,-0.005031,0.000000,0.000000,0.000000,-0.245438,0.000000,-0.438325,0.221056,0.000000
0.004102,-0.083046,0.017620,0.000491,0.000169,-0.005732,0.000000,0.000000,0.000000,-0.277301,0.000000,-0.460416,0.265073,0.000000
0.004449,-0.082923,0.018672,-0.000936,-0.001402,-0.007006,0.000000,0.000000,0.000000,-0.426039,0.000000,-0.504028,0.000000,0.000000
0.004802,-0.082758,0.019732,-0.000899,-0.001783,-0.006515,0.000000,0.000000,0.000000,-0.359930,0.000000,-0.466020,0.042675,0.000000
0.005223,-0.082300,0.020747,-0.002034,-0.005681,-0.006764,0.000000,0.000000,0.000000,-0.116755,0.000000,-0.454156,0.322794,0.000000
0.005577,-0.080770,0.021570,-0.001665,-0.018004,-0.005062,0.000000,0.000000,0.000000,-0.158838,0.000000,-0.471993,0.251535,0.000000
0.005817,-0.077896,0.022125,-0.001025,-0.029454,-0.002954,0.000000,0.012145,0.000000,-0.326934,0.015315,-0.466238,0.000000,0.000000
0.005690,-0.075912,0.021763,0.000499,-0.025612,0.002412,0.000000,0.079523,0.000000,-0.143852,0.000000,-0.298624,0.094569,0.000000
0.005171,-0.073751,0.020814,0.003473,-0.025854,0.005836,0.000000,0.123599,0.000000,0.000000,0.000000,-0.119889,0.368150,0.000000
0.004511,-0.072218,0.019504,0.004572,-0.019971,0.008721,0.000000,0.000000,0.000000,-0.098046,0.000000,-0.153872,0.063614,0.000000
0.003521,-0.070248,0.017454,0.005406,-0.020553,0.010928,0.000000,0.000000,0.000000,-0.327936,0.010438,-0.162932,0.000000,0.000000
0.002595,-0.069287,0.015541,0.005979,-0.011646,0.011764,0.000000,0.000000,0.000000,-0.231225,0.013759,-0.108383,0.000000,0.000000
0.001788,-0.068626,0.013903,0.005793,-0.008664,0.010903,0.000000,0.000000,0.000000,-0.169833,0.000000,-0.006609,0.121115,0.000000
0.000919,-0.067977,0.012147,0.005823,-0.007806,0.010799,0.000000,0.000000,0.000000,-0.327452,0.000000,-0.091114,0.000000,0.000000
