x,y,psi,u,v,r,n1x,n1y,n2x,n2y,n3x,n3y,n4x,n4y
-0.011636,-0.081279,0.020771,0.006581,-0.016217,0.003826,0.000000,0.017224,0.000000,0.000000,0.000000,-0.258680,0.000000,0.000000
-0.012321,-0.079871,0.019981,0.006211,-0.017733,0.005263,0.000000,0.000000,0.000000,-0.225552,0.000000,-0.243801,0.000000,0.000000
-0.013174,-0.078401,0.018847,0.005849,-0.014653,0.006039,0.000000,0.000000,0.000000,-0.231762,0.000000,-0.198978,0.000000,0.000000
-0.014103,-0.077223,0.017426,0.006872,-0.013283,0.008743,0.000000,0.000000,0.000000,-0.161671,0.000000,-0.134958,0.003261,0.000000
-0.014969,-0.075920,0.016105,0.007017,-0.015994,0.008795,0.000000,0.000000,0.000000,-0.206332,0.000000,-0.157448,0.000000,0.000000
-0.016147,-0.074805,0.014085,0.008278,-0.012099,0.012427,0.000000,0.000000,0.000000,-0.294083,0.000000,-0.138070,0.000000,0.000000
-0.017450,-0.074230,0.011691,0.009514,-0.005798,0.015933,0.000000,0.000000,0.000000,-0.246337,0.000000,-0.076762,0.000000,0.000000
-0.019459,-0.074203,0.007842,0.011453,0.001951,0.020506,0.000000,0.000000,0.000000,-0.346223,0.000000,-0.027245,0.000000,0.000000
-0.021139,-0.074886,0.004688,0.011234,0.010442,0.019405,-0.020617,0.000000,0.000000,-0.514668,0.000000,-0.036109,0.000000,0.000000
-0.022744,-0.076503,0.001755,0.011763,0.023329,0.019530,-0.072855,0.000000,0.000000,-0.688913,0.000000,-0.014130,0.000000,0.000000
-0.024227,-0.078748,-0.000604,0.010892,0.028699,0.014508,-0.061564,0.000000,0.000000,-0.736254,0.000000,-0.084066,0.000000,0.000000
-0.026040,-0.081667,-0.003177,0.012106,0.032062,0.013714,-0.047082,0.000000,0.000000,-0.850484,0.000000,-0.193771,0.000000,0.000000
-0.027624,-0.084800,-0.005248,0.013541,0.042484,0.013793,-0.026719,0.000000,0.000000,-0.830064,0.000000,-0.290985,0.000000,0.000000
-0.029475,-0.089192,-0.007450,0.015015,0.054412,0.013532,-0.047522,0.000000,0.000000,-0.850131,0.000000,-0.261631,0.000000,0.000000
-0.030967,-0.093198,-0.008586,0.015103,0.052870,0.007563,-0.077916,0.000000,0.000000,-1.000000,0.000000,-0.307045,0.000000,0.000000
-0.032708,-0.099169,-0.009216,0.016020,0.062087,0.003358,-0.085710,0.000000,-0.017880,-1.000000,0.000000,-0.437332,0.000000,0.000000
-0.033592,-0.104848,-0.008003,0.014988,0.065949,-0.007460,-0.049184,0.000000,-0.002184,-0.996425,0.000000,-0.496820,0.000000,0.000000
-0.033657,-0.110258,-0.005101,0.013133,0.065680,-0.019320,-0.032243,0.000000,-0.022114,-1.000000,0.000000,-0.613320,0.000000,0.000000
-0.033148,-0.115970,-0.000771,0.011796,0.062490,-0.026620,0.000000,0.000000,-0.086252,-0.908965,0.000000,-0.829133,0.000000,0.000000
-0.031975,-0.120439,0.004683,0.010533,0.050394,-0.036337,0.000000,0.000000,-0.090444,-0.670439,0.000000,-1.000000,0.065431,0.000000
-0.029674,-0.125699,0.013013,0.008864,0.045931,-0.044384,0.000000,0.000000,-0.044501,-0.499950,0.000000,-1.000000,0.120211,0.000000
-0.026944,-0.130191,0.021136,0.005776,0.044813,-0.049930,0.000000,0.000000,-0.068400,-0.308093,0.000000,-1.000000,0.112545,0.000000
-0.024348,-0.133474,0.028276,0.004253,0.034874,-0.047564,0.000000,0.141387,-0.146756,-0.217564,0.000000,-1.000000,0.075223,0.000000
-0.021642,-0.136198,0.035173,0.002279,0.026448,-0.042415,0.000000,0.148268,-0.148835,-0.146055,0.000000,-1.000000,0.039663,0.000000
-0.018909,-0.137932,0.041587,0.000169,0.013628,-0.034165,0.000000,0.000000,-0.055827,-0.104065,0.000000,-1.000000,0.000000,0.000000
-0.017229,-0.137877,0.045237,-0.001261,-0.003380,-0.024333,0.000000,0.000000,0.000000,-0.106759,0.000000,-1.000000,0.000000,0.000000
-0.016174,-0.136992,0.047421,-0.001289,-0.011871,-0.013423,0.000000,0.019250,0.000000,-0.081771,0.000000,-1.000000,0.150896,0.000000
-0.016006,-0.135603,0.047642,-0.000936,-0.017989,-0.001471,0.000000,0.037363,0.000000,-0.094459,0.000000,-0.919914,0.215946,0.000000
-0.015992,-0.134171,0.047098,-0.002909,-0.016689,0.003343,0.000000,0.000000,0.000000,-0.303708,0.000000,-0.664828,0.105853,0.000000
-0.016902,-0.132085,0.044311,-0.002727,-0.019968,0.014854,0.000000,0.000000,0.000000,-0.499886,0.000000,-0.433995,0.017707,0.000000
-0.018363,-0.130336,0.040390,-0.002108,-0.019667,0.026098,0.000000,0.000000,0.000000,-0.443275,0.000000,-0.471361,0.129055,0.000000
-0.020212,-0.128041,0.035316,-0.002691,-0.023589,0.031206,0.000000,0.000000,0.000000,-0.511593,0.000000,-0.304869,0.174220,0.000000
-0.021750,-0.126003,0.030712,-0.004010,-0.022271,0.030668,0.000000,0.000000,0.000000,-0.848801,0.032863,-0.056279,0.029163,0.000000
-0.023486,-0.123230,0.025256,-0.004326,-0.024509,0.029072,0.000000,0.000000,0.000000,-0.907571,0.058826,0.000000,0.000000,0.000000
-0.024796,-0.120518,0.021002,-0.003971,-0.028344,0.026159,0.000000,0.000000,0.000000,-0.712653,0.000000,-0.020674,0.154107,0.000000
-0.025832,-0.118075,0.017523,-0.003601,-0.027821,0.023164,0.000000,0.000000,0.000000,-0.630583,0.000000,0.000000,0.189021,0.000000
-0.026223,-0.116777,0.015335,-0.004979,-0.013260,0.013445,0.000000,0.000000,0.000000,-0.655080,0.000000,0.000000,0.028359,0.000000
-0.026341,-0.116639,0.013762,-0.004729,-0.000075,0.008392,0.000000,0.000000,0.000000,-0.642404,0.000000,-0.034448,0.000000,0.000000
-0.026215,-0.116544,0.013201,-0.004256,-0.000611,0.003733,0.000000,0.000000,0.000000,-0.530575,0.000000,-0.325065,0.052708,0.000000
-0.025711,-0.116359,0.013548,-0.004469,-0.002538,-0.002134,0.000000,0.000000,0.000000,-0.585802,0.000000,-0.512671,0.035811,0.000000
-0.024806,-0.116549,0.014916,-0.005203,0.001031,-0.009105,0.000000,0.000000,0.000000,-0.579285,0.000000,-0.454726,0.060427,0.000000
-0.023745,-0.117223,0.016762,-0.004565,0.006320,-0.011348,0.000000,0.000000,0.000000,-0.410757,0.000000,-0.443077,0.198289,0.000000
-0.022166,-0.117623,0.020007,-0.003942,0.001684,-0.017290,0.000000,0.000000,0.000000,-0.313877,0.000000,-0.641420,0.186298,0.000000
-0.020152,-0.118692,0.024062,-0.006609,0.010242,-0.027022,0.000000,0.000000,0.000000,-0.460325,0.000000,-0.769692,0.000000,0.000000
-0.017563,-0.120291,0.029160,-0.008140,0.015328,-0.031345,0.000000,0.051364,0.000000,-0.306665,0.000000,-0.758572,0.065599,0.000000
-0.015108,-0.121335,0.033911,-0.008452,0.010232,-0.031632,0.000000,0.157320,0.000000,-0.045122,0.000000,-0.971823,0.328403,0.000000
-0.012425,-0.122556,0.038951,-0.007819,0.010257,-0.026865,0.000000,0.134843,0.000000,-0.120192,0.000000,-1.000000,0.197391,0.000000
-0.010295,-0.124004,0.042646,-0.008382,0.015574,-0.022716,0.000000,0.053456,0.000000,-0.334381,0.000000,-1.000000,0.000000,0.000000
-0.008532,-0.124840,0.045360,-0.009079,0.009685,-0.018084,0.000000,0.000000,0.000000,-0.315994,0.000000,-1.000000,0.076401,0.000000
-0.007086,-0.125056,0.047162,-0.008781,0.002009,-0.011080,0.000000,0.000000,0.000000,-0.227875,0.000000,-1.000000,0.324999,0.000000
-0.005767,-0.124723,0.047945,-0.010404,-0.003598,-0.004170,0.000000,0.000000,0.000000,-0.274938,0.000000,-0.895410,0.325119,0.000000
-0.005075,-0.124060,0.047424,-0.011516,-0.008404,0.003464,0.000000,0.000000,0.000000,-0.496192,0.000000,-0.714549,0.148725,0.000000
-0.004771,-0.122744,0.045692,-0.011625,-0.015263,0.010648,0.000000,0.000000,0.000000,-0.545601,0.016474,-0.605895,0.158000,0.000000
-0.004963,-0.120605,0.042686,-0.012434,-0.026849,0.020021,0.000000,0.000000,0.000000,-0.454528,0.019510,-0.506354,0.324244,0.000000
-0.005653,-0.117553,0.038345,-0.011330,-0.035324,0.026707,0.000000,0.000000,0.000000,-0.511048,0.052784,-0.339770,0.313186,0.000000
-0.006814,-0.113713,0.032569,-0.009985,-0.038232,0.030763,0.000000,0.000000,0.000000,-0.690683,0.149262,-0.088823,0.152004,0.000000
-0.007790,-0.110220,0.027955,-0.008642,-0.043500,0.030739,0.000000,0.000000,0.000000,-0.700059,0.154918,0.000000,0.128883,0.000000
-0.008703,-0.106670,0.023522,-0.007378,-0.040747,0.027263,0.000000,0.000000,0.000000,-0.614172,0.089419,0.000000,0.209266,0.002527
-0.009415,-0.104184,0.020099,-0.005587,-0.030672,0.022794,0.000000,0.000000,0.000000,-0.523122,0.065703,0.000000,0.205091,0.085001
-0.010201,-0.101164,0.016731,-0.003247,-0.029998,0.017953,0.000000,0.000000,0.000000,-0.525459,0.076823,0.000000,0.104699,0.068877
-0.010637,-0.098317,0.014958,-0.001509,-0.033106,0.010898,0.000000,0.000000,0.000000,-0.534553,0.057775,0.000000,0.000000,0.000000
-0.010765,-0.095949,0.014386,-0.000625,-0.030201,0.003812,0.000000,0.000000,0.000000,-0.391680,0.000000,-0.025920,0.038376,0.000000
-0.010257,-0.094704,0.015599,-0.001688,-0.015250,-0.007460,0.000000,0.000438,0.000000,-0.154346,0.000000,-0.072739,0.170575,0.000000
-0.009427,-0.094432,0.017985,-0.001230,-0.003561,-0.012700,0.000000,0.070476,0.000000,-0.067456,0.000000,-0.238066,0.093970,0.000000
-0.008705,-0.094271,0.020163,-0.000975,-0.002873,-0.014502,0.000000,0.115022,0.000000,-0.146571,0.000000,-0.588795,0.000000,0.000000
-0.007960,-0.093675,0.022792,0.000404,-0.007905,-0.016189,0.000000,0.000000,0.000000,-0.203492,0.000000,-0.739495,0.000000,0.000000
-0.007257,-0.093014,0.025314,0.000503,-0.009264,-0.016796,0.000000,0.000000,0.000000,-0.151415,0.000000,-0.605676,0.082167,0.000000
-0.006580,-0.093181,0.027867,0.000823,0.001325,-0.015689,0.000000,0.058480,0.000000,0.000000,0.000000,-0.500354,0.254955,0.000000
-0.005800,-0.094599,0.030604,0.000221,0.014045,-0.014586,0.000000,0.135584,0.000000,0.000000,0.000000,-0.579363,0.149413,0.000000
-0.005208,-0.095469,0.032451,-0.000556,0.010767,-0.012294,0.000000,0.028728,0.000000,-0.272508,0.000000,-0.746558,0.000000,0.000000
-0.004957,-0.096336,0.033495,0.000740,0.010109,-0.006426,0.000000,0.000000,0.000000,-0.438545,0.000000,-0.845490,0.000000,0.000000
-0.005185,-0.097497,0.033248,0.001966,0.014968,0.001643,0.000000,0.000000,0.000000,-0.244212,0.000000,-0.679394,0.208834,0.000000
-0.005767,-0.099195,0.031957,0.001926,0.017699,0.006878,0.000000,0.000000,0.000000,-0.286366,0.000000,-0.512505,0.313006,0.000000
-0.005965,-0.101391,0.031164,-0.000586,0.026240,0.004876,0.000000,0.000000,0.000000,-0.707146,0.000000,-0.511222,0.000000,0.000000
-0.006419,-0.103490,0.029709,-0.000118,0.027341,0.009682,0.000000,0.000000,0.000000,-0.896596,0.000000,-0.526528,0.000000,0.000000
-0.006821,-0.105875,0.028198,-0.001060,0.028715,0.009302,0.000000,0.000000,0.000000,-0.647497,0.000000,-0.618829,0.234999,0.000000
-0.007020,-0.108615,0.026879,-0.002467,0.028471,0.007027,0.000000,0.000000,0.000000,-0.700473,0.000000,-0.512987,0.300969,0.000000
-0.006325,-0.112363,0.027540,-0.006039,0.048030,-0.004403,0.000000,0.000000,0.000000,-0.976996,0.000000,-0.525317,0.064351,0.000000
-0.004661,-0.117328,0.029962,-0.009608,0.058418,-0.014895,0.000000,0.000000,0.000000,-0.963148,0.000000,-0.619659,0.036735,0.000000
-0.002984,-0.121364,0.032399,-0.010002,0.051455,-0.016222,0.000000,0.000000,0.000000,-0.727333,0.000000,-0.975970,0.304347,0.000000
-0.001229,-0.124791,0.034873,-0.009644,0.040478,-0.015219,0.000000,0.000000,0.000000,-0.642651,0.000000,-1.000000,0.367274,0.000000
0.000540,-0.127300,0.037212,-0.008762,0.025757,-0.012469,0.000000,0.000000,0.000000,-0.805434,0.000000,-1.000000,0.245182,0.000000
0.001404,-0.128715,0.038196,-0.006044,0.018218,-0.006551,0.000000,0.000000,0.000000,-0.783700,0.000000,-1.000000,0.219379,0.000000
0.002282,-0.129827,0.039191,-0.005648,0.013253,-0.006113,0.000000,0.000000,0.000000,-0.526226,0.000000,-0.871526,0.418162,0.000000
0.002696,-0.129877,0.039645,-0.002940,0.000690,-0.003022,0.000000,0.000000,0.000000,-0.554823,0.000000,-0.717702,0.412418,0.000000
0.002341,-0.129648,0.038713,-0.000259,-0.002433,0.004962,0.000000,0.000000,0.000000,-0.735097,0.000000,-0.764316,0.155483,0.000000
0.001685,-0.129014,0.037225,0.000594,-0.007639,0.009150,0.000000,0.000000,0.000000,-0.621420,0.000000,-0.666242,0.148760,0.000000
0.000791,-0.126898,0.035154,0.000692,-0.027313,0.013794,0.000000,0.000000,0.000000,-0.532361,0.000000,-0.450109,0.360525,0.000000
-0.000332,-0.123184,0.032748,0.001949,-0.044140,0.014801,0.000000,0.000000,0.000000,-0.602848,0.000000,-0.374258,0.272603,0.000000
-0.002057,-0.118135,0.029278,0.003927,-0.051808,0.018479,0.000000,0.000000,0.000000,-0.594375,0.032394,-0.189302,0.093802,0.000000
-0.003393,-0.113196,0.026751,0.005123,-0.063288,0.016843,0.000000,0.047521,0.000000,-0.313183,0.000000,-0.000095,0.213495,0.000000
-0.004571,-0.107789,0.024576,0.004804,-0.063886,0.013372,0.000000,0.018555,0.000000,-0.176963,0.000000,0.000000,0.247394,0.079700
-0.005363,-0.102934,0.023207,0.004230,-0.062154,0.009114,0.000000,0.104865,0.000000,-0.101649,0.000000,0.000000,0.000000,0.219818
-0.006069,-0.098055,0.022160,0.004354,-0.057696,0.006439,0.000000,0.226058,0.000000,-0.001585,0.000000,0.000000,0.000000,0.237718
-0.006865,-0.092502,0.021150,0.004996,-0.056932,0.005379,0.000000,0.237613,0.000000,0.000000,0.000000,-0.036420,0.000000,0.197064
-0.007657,-0.088861,0.020087,0.006209,-0.046493,0.007078,0.000000,0.170062,0.000000,0.000000,0.000000,-0.116975,0.000000,0.139458
-0.008544,-0.085253,0.018935,0.006715,-0.042528,0.007088,0.000000,0.155322,0.000000,0.000000,0.000000,-0.067356,0.000000,0.172519
-0.009354,-0.082167,0.017931,0.006960,-0.039305,0.006684,0.000000,0.014634,0.000000,0.000000,0.000000,-0.034941,0.000000,0.113840
-0.010381,-0.078683,0.016661,0.007197,-0.035460,0.006767,0.000000,0.040333,0.000000,0.000000,0.000000,-0.075224,0.000000,0.075374
-0.011407,-0.076436,0.015243,0.008019,-0.026122,0.008725,0.000000,0.070744,0.000000,0.000000,0.000000,-0.064844,0.000000,0.059330
-0.012363,-0.075646,0.013912,0.008177,-0.009544,0.008856,0.000000,0.000000,0.000000,0.000000,0.000000,-0.038235,0.000000,0.049925
-0.013531,-0.074992,0.012540,0.010006,-0.007125,0.008440,0.000000,0.000000,0.000000,-0.169566,0.000000,-0.071975,0.000000,0.000000
-0.014955,-0.074676,0.011229,0.011472,-0.002669,0.006989,0.000000,0.000000,0.000000,-0.358783,0.000000,-0.221189,0.000000,0.000000
-0.015724,-0.076576,0.011177,0.009729,0.024462,0.000346,0.000000,0.000000,0.000000,-0.358994,0.000000,-0.184655,0.000000,0.000000
-0.016518,-0.080089,0.011252,0.009636,0.041675,-0.000464,0.000000,0.000000,0.000000,-0.347674,0.000000,-0.145261,0.000000,0.000000
-0.017847,-0.084782,0.010037,0.013171,0.061164,0.008089,0.000000,0.000000,0.000000,-0.555069,0.000000,-0.563485,0.000000,0.000000
-0.019559,-0.089858,0.008554,0.015629,0.061251,0.009119,0.000000,0.000000,-0.074250,-0.770138,0.000000,-0.783025,0.000000,0.000000
-0.021985,-0.097012,0.006048,0.017681,0.075210,0.013356,0.000000,0.000000,0.000000,-1.000000,0.000000,-0.584495,0.000000,0.000000
-0.023902,-0.102843,0.004349,0.017994,0.076504,0.011315,0.000000,0.000000,0.000000,-1.000000,0.000000,-0.459394,0.000000,0.000000
-0.025677,-0.108939,0.003268,0.016936,0.073354,0.006642,-0.038044,0.000000,0.000000,-1.000000,0.000000,-0.564353,0.000000,0.000000
-0.027075,-0.114287,0.002915,0.016426,0.069138,0.002352,-0.033133,0.000000,-0.026928,-1.000000,0.000000,-0.683663,0.000000,0.000000
-0.028509,-0.120552,0.003293,0.016148,0.064112,-0.002011,0.000000,0.000000,-0.000667,-1.000000,0.000000,-0.718267,0.000000,0.000000
-0.029829,-0.125747,0.003776,0.017834,0.061152,-0.002973,0.000000,0.000000,0.000000,-1.000000,0.000000,-0.728424,0.000000,0.000000
-0.030684,-0.130116,0.005116,0.017808,0.054597,-0.008925,0.000000,0.000000,-0.001864,-1.000000,0.000000,-0.764423,0.029741,0.000000
-0.030924,-0.134642,0.007905,0.016401,0.050580,-0.017147,0.000000,0.000000,-0.025516,-1.000000,0.000000,-0.771441,0.022746,0.000000
-0.030535,-0.138983,0.012349,0.015365,0.040365,-0.023686,0.000000,0.000000,-0.046912,-0.840651,0.000000,-0.825274,0.056755,0.000000
-0.029944,-0.141487,0.016547,0.016011,0.027191,-0.027966,0.000000,0.000000,-0.050938,-0.625866,0.000000,-0.970453,0.112511,0.000000
-0.028972,-0.143149,0.021592,0.015113,0.014285,-0.030985,0.000000,0.000000,-0.066487,-0.461916,0.000000,-1.000000,0.101528,0.000000
-0.027984,-0.143153,0.026400,0.015155,-0.005371,-0.032056,0.000000,0.010469,-0.079727,-0.340025,0.000000,-1.000000,0.071359,0.000000
-0.026897,-0.142311,0.031342,0.013512,-0.014942,-0.030381,0.000000,0.079142,-0.055905,-0.168440,0.000000,-0.993883,0.077325,0.000000
-0.025930,-0.140278,0.036045,0.011720,-0.024852,-0.025064,0.000000,0.189462,-0.005225,0.000000,0.000000,-0.876121,0.115495,0.000000
-0.025787,-0.137690,0.038268,0.010760,-0.035562,-0.014803,0.000000,0.161160,0.000000,0.000000,0.000000,-0.805749,0.038460,0.000000
-0.026687,-0.134569,0.038262,0.010654,-0.037053,0.000037,0.000000,0.116769,-0.018242,-0.015843,0.000000,-0.713364,0.000000,0.000000
-0.028022,-0.131596,0.036746,0.008929,-0.036566,0.010095,0.000000,0.033808,0.000000,-0.013489,0.000000,-0.467446,0.000000,0.000000
-0.029465,-0.128244,0.034438,0.005042,-0.032360,0.012301,0.000000,0.000000,0.000000,-0.221302,0.000000,-0.217698,0.000000,0.000000
-0.031003,-0.125877,0.031405,0.003765,-0.024695,0.018645,0.000000,0.000000,0.000000,-0.382114,0.000000,-0.130562,0.000000,0.000000
-0.033298,-0.124246,0.026895,0.006615,-0.015172,0.030059,0.000000,0.000000,0.000000,-0.369912,0.000000,-0.219004,0.000000,0.000000
-0.035867,-0.121917,0.021673,0.006364,-0.020955,0.032091,0.000000,0.000000,0.000000,-0.544373,0.000000,-0.181046,0.000000,0.000000
-0.038223,-0.119652,0.016682,0.005761,-0.021710,0.033259,-0.053052,0.000000,0.000000,-0.929527,0.000000,0.000000,0.000000,0.000000
-0.041396,-0.117111,0.009953,0.006712,-0.017547,0.035841,-0.080281,0.000000,0.000000,-0.849224,0.000000,0.000000,0.000000,0.000000
-0.043859,-0.115553,0.004717,0.006438,-0.010224,0.032203,-0.060633,0.000000,0.000000,-0.710625,0.000000,0.000000,0.028610,0.000000
-0.045276,-0.116560,0.001746,0.004387,0.018277,0.019792,-0.111402,0.000000,0.000000,-0.856843,0.000000,0.000000,0.000000,0.000000
-0.046599,-0.118743,-0.000699,0.005093,0.030071,0.015028,-0.138057,0.000000,0.000000,-0.954466,0.000000,0.000000,0.000000,0.000000
-0.048144,-0.122487,-0.003050,0.006879,0.042086,0.012525,-0.031872,0.000000,0.000000,-0.984316,0.000000,-0.337855,0.000000,0.000000
-0.049167,-0.126073,-0.004132,0.007808,0.048225,0.007207,-0.008639,0.000000,-0.003761,-1.000000,0.000000,-0.508753,0.000000,0.000000
-0.049705,-0.129821,-0.003861,0.007664,0.044014,-0.001665,-0.062067,0.000000,0.000000,-1.000000,0.000000,-0.476349,0.000000,0.000000
-0.049453,-0.133277,-0.001974,0.006657,0.040664,-0.012565,-0.059131,0.000000,-0.012044,-1.000000,0.000000,-0.542138,0.000000,0.000000
-0.048552,-0.137700,0.001744,0.006778,0.039659,-0.019811,-0.002102,0.000000,-0.042336,-0.913779,0.000000,-0.696447,0.000000,0.000000
-0.047402,-0.142359,0.005772,0.007084,0.048141,-0.024767,0.000000,0.000000,-0.053439,-0.658099,0.000000,-0.852314,0.067152,0.000000
-0.046345,-0.147080,0.009491,0.007844,0.053724,-0.024774,0.000000,0.000000,-0.063996,-0.526728,0.000000,-0.951930,0.092543,0.000000
-0.044826,-0.151426,0.014020,0.006864,0.043957,-0.027859,0.000000,0.000000,-0.142249,-0.675158,0.000000,-1.000000,0.000000,0.000000
-0.043082,-0.155101,0.018529,0.005210,0.039272,-0.030013,0.000000,0.000000,-0.164829,-0.813497,0.000000,-1.000000,0.000000,0.000000
-0.040235,-0.159262,0.024829,0.002371,0.034340,-0.033567,0.000000,0.000000,-0.025347,-0.478443,0.000000,-1.000000,0.066775,0.000000
-0.037388,-0.162279,0.030524,0.000116,0.027592,-0.035032,0.000000,0.000000,0.000000,-0.307021,0.000000,-1.000000,0.178783,0.000000
-0.034543,-0.164729,0.035828,-0.001755,0.023793,-0.035334,0.000000,0.000000,-0.075310,-0.445545,0.000000,-1.000000,0.063308,0.000000
-0.031443,-0.167113,0.041193,-0.003777,0.021642,-0.032966,0.000000,0.023912,-0.111653,-0.481585,0.000000,-1.000000,0.000000,0.000000
-0.028801,-0.168883,0.045462,-0.004097,0.014026,-0.022735,0.000000,0.027629,0.000000,-0.258591,0.000000,-1.000000,0.150345,0.000000
-0.027638,-0.168846,0.047013,-0.004374,-0.002256,-0.010339,0.000000,0.000000,0.000000,-0.212746,0.000000,-1.000000,0.214825,0.000000
-0.027500,-0.168207,0.046709,-0.003554,-0.007282,0.001869,0.000000,0.000000,0.000000,-0.566916,0.000000,-1.000000,0.038298,0.000000
-0.028788,-0.168263,0.044044,-0.001537,0.003766,0.017751,0.000000,0.000000,0.000000,-0.667593,0.000000,-0.855450,0.021139,0.000000
-0.030711,-0.168638,0.039919,-0.002623,0.007839,0.021970,0.000000,0.000000,0.000000,-0.604585,0.000000,-0.570575,0.269490,0.000000
-0.032702,-0.168556,0.035659,-0.003113,0.004084,0.026197,0.000000,0.000000,0.000000,-1.000000,0.000000,-0.433922,0.155521,0.000000
-0.034724,-0.167876,0.031369,-0.003178,-0.002882,0.028584,0.000000,0.000000,0.000000,-1.000000,0.006042,-0.514894,0.000000,0.000000
-0.037053,-0.165748,0.026153,-0.004945,-0.018237,0.032053,0.000000,0.000000,0.000000,-1.000000,0.000000,-0.392309,0.076924,0.000000
-0.039278,-0.163521,0.021151,-0.004819,-0.020868,0.033292,0.000000,0.000000,0.000000,-1.000000,0.000000,-0.221470,0.193213,0.000000
-0.041819,-0.160888,0.015369,-0.004363,-0.019486,0.030832,0.000000,0.000000,0.000000,-1.000000,0.000000,-0.044575,0.164914,0.000000
-0.043695,-0.158560,0.011104,-0.003264,-0.020809,0.026212,0.000000,0.000000,0.000000,-1.000000,0.000000,-0.035261,0.041335,0.000000
-0.044593,-0.156384,0.008742,-0.003570,-0.023762,0.015743,0.000000,0.000000,0.000000,-1.000000,0.000000,-0.121499,0.000000,0.000000
-0.044404,-0.154258,0.008399,-0.004251,-0.024672,0.002109,0.000000,0.000000,0.000000,-0.872983,0.000000,-0.145135,0.059054,0.000000
-0.043760,-0.151679,0.009444,-0.001407,-0.028024,-0.005569,0.000000,0.000000,0.000000,-0.606407,0.000000,-0.227078,0.161584,0.000000
-0.043705,-0.150109,0.010063,0.003088,-0.021269,-0.004117,0.000000,0.034932,0.000000,-0.379622,0.000000,-0.447841,0.137444,0.000000
-0.043525,-0.148514,0.011320,0.004905,-0.020992,-0.007737,0.000000,0.139106,0.000000,-0.302968,0.000000,-0.529156,0.000000,0.000000
-0.043001,-0.147106,0.013315,0.005240,-0.021563,-0.013281,0.000000,0.000000,0.000000,-0.498080,0.000000,-0.464150,0.000000,0.000000
-0.041702,-0.147776,0.017138,0.004844,0.001694,-0.020369,0.000000,0.000000,0.000000,-0.404044,0.000000,-0.500371,0.000000,0.000000
-0.040385,-0.149158,0.020893,0.005093,0.010686,-0.023087,0.000000,0.126091,0.000000,-0.124736,0.000000,-0.591345,0.073961,0.000000
-0.040220,-0.151196,0.022713,0.008853,0.023256,-0.012115,0.000000,0.038032,-0.085176,-0.281018,0.000000,-0.956894,0.000000,0.000000
-0.040673,-0.154107,0.023532,0.010001,0.033351,-0.005043,0.000000,0.000000,-0.185765,-0.519539,0.000000,-1.000000,0.000000,0.000000
-0.041333,-0.156708,0.023701,0.009533,0.033161,-0.001119,0.000000,0.000000,0.000000,-0.735523,0.000000,-0.851158,0.000000,0.000000
-0.042013,-0.160014,0.023814,0.007570,0.033863,-0.000605,0.000000,0.000000,0.000000,-0.831916,0.000000,-0.806482,0.000000,0.000000
-0.042119,-0.163820,0.024560,0.005708,0.043982,-0.004579,0.000000,0.000000,0.000000,-0.935919,0.000000,-0.761551,0.011525,0.000000
-0.041457,-0.167920,0.026246,0.002665,0.049955,-0.011252,0.000000,0.000000,0.000000,-0.933600,0.000000,-0.788194,0.049533,0.000000
-0.040042,-0.172268,0.028967,0.000256,0.047480,-0.016726,0.000000,0.000000,0.000000,-0.947434,0.000000,-0.971315,0.065143,0.000000
-0.038506,-0.176003,0.031813,0.000054,0.034789,-0.015154,0.000000,0.000000,-0.004624,-0.921503,0.000000,-1.000000,0.073552,0.000000
-0.037146,-0.178204,0.034194,-0.000543,0.024676,-0.015862,0.000000,0.000000,0.000000,-0.788433,0.000000,-1.000000,0.173642,0.000000
-0.035637,-0.180056,0.036737,-0.000998,0.018531,-0.015641,0.000000,0.000000,0.000000,-0.701686,0.000000,-1.000000,0.214997,0.000000
-0.034872,-0.181543,0.038112,0.000163,0.017171,-0.009159,0.000000,0.000000,0.000000,-0.705892,0.000000,-1.000000,0.149949,0.000000
-0.033093,-0.183984,0.040728,-0.002934,0.022221,-0.013936,0.000000,0.000000,0.000000,-0.706033,0.000000,-1.000000,0.118598,0.000000
-0.031040,-0.185560,0.043440,-0.005751,0.015436,-0.016674,0.000000,0.000000,0.000000,-0.782582,0.000000,-0.946432,0.130581,0.000000
-0.029543,-0.185640,0.045251,-0.005670,-0.001208,-0.012067,0.000000,0.000000,0.000000,-0.730109,0.000000,-1.000000,0.176613,0.000000
-0.028803,-0.184332,0.045910,-0.004216,-0.016250,-0.004048,0.000000,0.000000,0.000000,-0.571230,0.000000,-1.000000,0.262622,0.000000
-0.028828,-0.181579,0.045361,-0.003770,-0.034754,0.003655,0.000000,0.000000,0.000000,-0.516753,0.000000,-0.922921,0.284740,0.000000
-0.029647,-0.175715,0.043246,-0.003974,-0.058290,0.011264,0.000000,0.000000,0.000000,-0.616337,0.000000,-0.664603,0.182866,0.000000
-0.031222,-0.169380,0.039945,-0.002923,-0.071487,0.020312,0.000000,0.000000,0.000000,-0.576858,0.000000,-0.385469,0.166405,0.000000
-0.033114,-0.162703,0.036005,-0.002595,-0.080679,0.026224,0.000000,0.030647,0.000000,-0.317665,0.000000,-0.103954,0.271553,0.000000
-0.035321,-0.154965,0.031206,-0.002872,-0.085783,0.029529,0.000000,0.009057,0.000000,-0.306780,0.000000,0.000000,0.180747,0.013425
-0.038949,-0.146863,0.023714,-0.000104,-0.074340,0.039912,0.000000,0.000000,0.000000,-0.407947,0.005958,0.000000,0.000000,0.192487
-0.041519,-0.140410,0.018093,-0.000218,-0.073851,0.037446,0.000000,0.000000,0.000000,-0.313186,0.012556,0.000000,0.000000,0.345832
-0.043793,-0.134428,0.012851,-0.000380,-0.062657,0.032217,-0.031932,0.000000,0.000000,-0.453877,0.000000,0.000000,0.000000,0.381439
-0.045462,-0.129820,0.008938,0.000249,-0.052207,0.026064,-0.057302,0.000000,0.000000,-0.351994,0.000000,0.000000,0.000000,0.403890
-0.047182,-0.123951,0.005285,0.002398,-0.054924,0.019468,-0.042828,0.000000,0.000000,-0.302029,0.000000,0.000000,0.000000,0.247897
-0.048225,-0.119736,0.003326,0.003343,-0.046561,0.012043,-0.041029,0.001790,0.000000,-0.304772,0.000000,0.000000,0.000000,0.087411
-0.048926,-0.116722,0.002312,0.004115,-0.036797,0.006755,-0.076230,0.022383,0.000000,-0.191766,0.000000,0.000000,0.000000,0.116863
-0.049486,-0.113981,0.001885,0.004787,-0.031747,0.002626,-0.074324,0.000000,0.000000,-0.191161,0.000000,0.000000,0.000000,0.000000
-0.049893,-0.112133,0.001937,0.005467,-0.023871,-0.000345,-0.061905,0.000000,-0.050030,-0.206221,0.000000,-0.134958,0.000000,0.000000
-0.050890,-0.110940,0.001268,0.007837,-0.011192,0.003564,-0.061759,0.000000,-0.078171,-0.209413,0.000000,-0.193275,0.000000,0.000000
-0.051851,-0.110468,0.000644,0.008824,-0.004419,0.003836,-0.043633,0.000000,-0.059782,-0.213907,0.000000,-0.248697,0.000000,0.000000
-0.052783,-0.110286,0.000110,0.009601,-0.001219,0.003560,-0.081659,0.000000,-0.078704,-0.438211,0.000000,-0.256030,0.000000,0.000000
-0.053863,-0.111027,-0.000549,0.010118,0.010095,0.004052,-0.116012,0.000000,-0.110020,-0.547374,0.000000,-0.270793,0.000000,0.000000
-0.055312,-0.112206,-0.001495,0.011512,0.013783,0.005037,-0.095594,0.000000,-0.067544,-0.492241,0.000000,-0.281732,0.000000,0.000000
-0.056807,-0.113562,-0.002696,0.013790,0.020129,0.008005,-0.073779,0.000000,-0.060019,-0.588250,0.000000,-0.369125,0.000000,0.000000
-0.058501,-0.115542,-0.004045,0.014397,0.026376,0.008293,-0.131068,0.000000,-0.125617,-0.714127,0.000000,-0.369641,0.000000,0.000000
-0.059896,-0.117706,-0.004903,0.013935,0.029862,0.005710,-0.182757,0.000000,-0.125921,-0.842981,0.000000,-0.309476,0.000000,0.000000
-0.061074,-0.120044,-0.005166,0.012825,0.028330,0.001620,-0.140316,0.000000,-0.086661,-0.843880,0.000000,-0.364623,0.000000,0.000000
-0.061847,-0.122061,-0.004028,0.012376,0.018520,-0.006066,-0.102274,0.000000,-0.091407,-0.787492,0.000000,-0.465308,0.000000,0.000000
-0.061983,-0.122678,-0.001891,0.012303,0.002629,-0.014234,-0.111415,0.000000,-0.117585,-0.734819,0.000000,-0.495541,0.000000,0.000000
-0.061468,-0.123376,0.001625,0.010027,0.000251,-0.021627,-0.095047,0.000000,-0.120932,-0.493937,0.000000,-0.510946,0.000000,0.000000
-0.060403,-0.125740,0.005850,0.007430,0.020038,-0.028131,-0.051335,0.000000,-0.106168,-0.128433,0.000000,-0.517730,0.000000,0.000000
-0.058846,-0.128998,0.011265,0.006072,0.023134,-0.028854,-0.003296,0.038864,-0.160312,-0.020521,0.000000,-0.677230,0.000000,0.000000
-0.057438,-0.131440,0.015623,0.004316,0.019570,-0.026795,0.000000,0.000000,-0.314311,-0.263255,0.000000,-1.000000,0.000000,0.000000
-0.055807,-0.134384,0.019696,0.000715,0.028541,-0.027129,0.000000,0.000000,-0.265282,-0.325913,0.000000,-1.000000,0.000000,0.000000
-0.054057,-0.137290,0.023480,-0.001759,0.026725,-0.023255,0.000000,0.000000,-0.005092,-0.164004,0.000000,-0.887085,0.000000,0.000000
-0.052427,-0.139411,0.026551,-0.003122,0.016541,-0.016373,0.000000,0.000000,0.000000,-0.269899,0.000000,-1.000000,0.000000,0.000000
-0.051699,-0.140217,0.027782,-0.002421,0.007755,-0.008197,0.000000,0.000000,-0.112580,-0.535807,0.000000,-1.000000,0.000000,0.000000
-0.051886,-0.140500,0.027188,-0.000882,0.004517,0.003653,0.000000,0.000000,0.000000,-0.525012,0.000000,-0.785788,0.011527,0.000000
-0.052928,-0.141047,0.024893,0.000388,0.011892,0.015285,0.000000,0.000000,0.000000,-0.409613,0.000000,-0.575631,0.132142,0.000000
-0.055006,-0.141611,0.020664,0.002482,0.015184,0.026003,0.000000,0.000000,0.000000,-0.697519,0.000000,-0.415383,0.028039,0.000000
-0.057162,-0.142974,0.016085,0.001274,0.022322,0.024405,-0.055045,0.000000,0.000000,-1.000000,0.000000,-0.376435,0.000000,0.000000
-0.057895,-0.145454,0.014028,-0.002440,0.036652,0.013695,-0.098860,0.000000,0.000000,-1.000000,0.000000,-0.235679,0.000000,0.000000
-0.058511,-0.148674,0.012206,-0.002547,0.042217,0.011205,-0.052707,0.000000,0.000000,-1.000000,0.000000,-0.294942,0.000000,0.000000
-0.058681,-0.152027,0.011332,-0.003075,0.045189,0.005825,0.000000,0.000000,0.000000,-1.000000,0.000000,-0.686589,0.000000,0.000000
-0.057829,-0.156869,0.012105,-0.004957,0.048346,-0.004120,0.000000,0.000000,-0.002340,-1.000000,0.000000,-0.748623,0.000000,0.000000
-0.056503,-0.160777,0.013806,-0.005779,0.042763,-0.010463,0.000000,0.000000,0.000000,-1.000000,0.000000,-0.689357,0.029565,0.000000
-0.054952,-0.164195,0.016042,-0.005408,0.038894,-0.014888,0.000000,0.000000,0.000000,-1.000000,0.000000,-0.889914,0.084656,0.000000
-0.053069,-0.167431,0.018892,-0.004874,0.032641,-0.017515,0.000000,0.000000,0.000000,-0.849262,0.000000,-1.000000,0.106838,0.000000
-0.050336,-0.170139,0.023119,-0.005201,0.020767,-0.022537,0.000000,0.000000,0.000000,-0.744622,0.000000,-0.986604,0.167140,0.000000
-0.048027,-0.171170,0.026779,-0.004484,0.005962,-0.024378,0.000000,0.000000,0.000000,-0.706622,0.000000,-0.989717,0.150532,0.000000
-0.046025,-0.171251,0.030114,-0.002447,-0.004898,-0.020506,0.000000,0.001308,0.000000,-0.553413,0.000000,-1.000000,0.145336,0.000000
-0.044523,-0.170135,0.032645,-0.001790,-0.018990,-0.016853,0.000000,0.139489,0.000000,-0.339510,0.000000,-0.973405,0.211933,0.000000
-0.043794,-0.167949,0.034037,0.000184,-0.028243,-0.008557,0.000000,0.088309,0.000000,-0.338591,0.000000,-0.845154,0.166163,0.000000
-0.043639,-0.163884,0.034545,0.001163,-0.042546,-0.002710,0.000000,0.000000,0.000000,-0.410663,0.000000,-0.710781,0.000000,0.000000
-0.044114,-0.160138,0.033916,0.001942,-0.047055,0.004192,0.000000,0.000000,0.000000,-0.393364,0.000000,-0.531698,0.000000,0.000000
-0.045052,-0.155043,0.032449,0.002377,-0.058036,0.009019,0.000000,0.038517,0.000000,-0.142535,0.000000,-0.323454,0.172967,0.000000
-0.046557,-0.150049,0.029919,0.003528,-0.059559,0.016850,0.000000,0.000000,0.000000,-0.204093,0.000000,-0.216178,0.093593,0.000000
-0.049488,-0.143925,0.024745,0.005126,-0.055002,0.027564,-0.001705,0.000000,0.000000,-0.309326,0.000000,-0.103712,0.000000,0.000000
-0.052830,-0.139683,0.018685,0.007258,-0.038891,0.037292,-0.046948,0.000000,0.000000,-0.346242,0.000000,0.000000,0.000000,0.000000
-0.055519,-0.136389,0.013571,0.005808,-0.031206,0.034046,-0.119483,0.000000,0.000000,-0.520548,0.000000,0.000000,0.000000,0.042929
-0.058834,-0.133379,0.007251,0.007344,-0.022320,0.038850,-0.198938,0.000000,0.000000,-0.897589,0.000000,0.000000,0.000000,0.000000
-0.061558,-0.130895,0.001960,0.006620,-0.019137,0.035247,-0.162312,0.000000,0.000000,-0.846959,0.000000,0.000000,0.000000,0.000000
-0.064322,-0.128299,-0.003437,0.005689,-0.015766,0.028749,-0.183547,0.000000,0.000000,-0.935409,0.000000,0.000000,0.000000,0.000000
-0.066309,-0.126594,-0.007176,0.005765,-0.011180,0.022995,-0.204947,0.000000,0.000000,-0.935011,0.000000,0.000000,0.000000,0.000000
-0.067474,-0.125785,-0.009139,0.004951,-0.005106,0.013078,-0.184240,0.000000,0.000000,-0.816019,0.000000,0.000000,0.000000,0.000000
-0.068620,-0.126053,-0.010701,0.006287,0.007124,0.009605,-0.173528,0.000000,0.000000,-0.756159,0.000000,0.000000,0.000000,0.000000
-0.069256,-0.128459,-0.010833,0.006004,0.025037,0.000700,-0.146678,0.000000,-0.067389,-0.675956,0.000000,-0.183498,0.000000,0.000000
-0.069119,-0.130458,-0.009572,0.004792,0.022205,-0.008401,-0.157246,0.000000,-0.159295,-0.778928,0.000000,-0.348617,0.000000,0.000000
-0.068099,-0.132989,-0.006615,0.002319,0.022496,-0.018182,-0.096335,0.000000,-0.192239,-0.832713,0.000000,-0.612476,0.000000,0.000000
-0.066462,-0.135147,-0.002684,0.000132,0.017048,-0.026174,0.000000,0.000000,-0.096320,-0.532234,0.000000,-0.688980,0.000000,0.000000
-0.063793,-0.137801,0.003300,-0.001206,0.014708,-0.031895,0.000000,0.000000,-0.026489,-0.313364,0.000000,-0.762894,0.013194,0.000000
-0.060794,-0.140189,0.009536,-0.003402,0.013822,-0.038328,0.000000,0.000000,-0.131806,-0.268075,0.000000,-0.875435,0.000000,0.000000
-0.057778,-0.141652,0.015433,-0.005263,0.004641,-0.039286,0.000000,0.026690,-0.184389,-0.247467,0.000000,-0.985591,0.000000,0.000000
-0.054352,-0.142840,0.021658,-0.007644,0.001006,-0.038251,0.000000,0.014173,-0.096815,-0.046813,0.000000,-1.000000,0.000000,0.000000
-0.050523,-0.144525,0.028002,-0.010006,0.006488,-0.033818,0.000000,0.019892,0.000000,0.000000,0.000000,-1.000000,0.064987,0.000000
-0.047526,-0.146370,0.032336,-0.013174,0.015062,-0.028886,0.000000,0.040384,0.000000,0.000000,0.000000,-1.000000,0.035656,0.000000
-0.044951,-0.148171,0.035323,-0.014223,0.016149,-0.018352,0.000000,0.022005,-0.019768,-0.232898,0.000000,-1.000000,0.000000,0.000000
-0.042997,-0.149488,0.036878,-0.015823,0.014136,-0.010357,0.000000,0.000000,0.000000,-0.425661,0.000000,-1.000000,0.000000,0.000000
-0.041431,-0.150150,0.037093,-0.017397,0.007515,-0.001325,0.000000,0.000000,0.000000,-0.525780,0.000000,-0.980855,0.102384,0.000000
-0.040573,-0.150361,0.035193,-0.018032,0.004743,0.010120,0.000000,0.000000,0.000000,-0.590709,0.000000,-0.832217,0.216541,0.000000
-0.040677,-0.149926,0.032046,-0.017757,-0.000340,0.020972,0.000000,0.000000,0.000000,-0.724499,0.000000,-0.629088,0.214607,0.000000
-0.041420,-0.148510,0.027366,-0.017301,-0.009519,0.028784,0.000000,0.000000,0.000000,-0.982908,0.000000,-0.463235,0.113602,0.000000
-0.042731,-0.147111,0.021878,-0.015981,-0.008523,0.036540,0.000000,0.000000,0.000000,-1.000000,0.022545,-0.291672,0.096596,0.000000
-0.044838,-0.145026,0.014273,-0.014352,-0.010512,0.040523,0.000000,0.000000,0.000000,-0.998130,0.003713,-0.087377,0.232437,0.000000
-0.046881,-0.143241,0.007507,-0.012226,-0.009493,0.041605,0.000000,0.000000,0.000000,-1.000000,0.039449,0.000000,0.143065,0.000000
-0.048657,-0.141529,0.001769,-0.010267,-0.010853,0.038217,0.000000,0.000000,0.000000,-1.000000,0.069337,0.000000,0.000000,0.000000
-0.049850,-0.139780,-0.002761,-0.009688,-0.012363,0.027847,0.000000,0.000000,0.000000,-1.000000,0.042003,0.000000,0.000000,0.000000
-0.050427,-0.138752,-0.005509,-0.008073,-0.007625,0.018307,0.000000,0.000000,0.000000,-1.000000,0.000000,0.000000,0.023886,0.000000
-0.050925,-0.138090,-0.007693,-0.004659,-0.003214,0.011637,0.000000,0.000000,0.000000,-0.959205,0.000000,-0.018700,0.060724,0.000000
-0.051266,-0.137959,-0.008679,-0.001024,0.000329,0.006064,0.000000,0.000000,0.000000,-0.820486,0.000000,-0.214182,0.052359,0.000000
-0.051317,-0.137965,-0.008570,0.001256,-0.000151,-0.000729,0.000000,0.000000,0.000000,-0.771283,0.000000,-0.336024,0.000000,0.000000
-0.050891,-0.137764,-0.007033,0.002870,-0.005317,-0.009457,0.000000,0.000000,0.000000,-0.761684,0.000000,-0.369651,0.000000,0.000000
-0.049705,-0.137238,-0.003408,0.003962,-0.011280,-0.019307,0.000000,0.000000,0.000000,-0.606619,0.000000,-0.422005,0.022991,0.000000
-0.048187,-0.136885,0.000858,0.004192,-0.012944,-0.028424,0.000000,0.000000,0.000000,-0.352604,0.000000,-0.511598,0.075867,0.000000
-0.046055,-0.136297,0.006646,0.004332,-0.017101,-0.035568,0.000000,0.184397,-0.056233,-0.118912,0.000000,-0.637899,0.062719,0.000000
-0.043979,-0.135441,0.012309,0.004582,-0.021288,-0.037748,0.000000,0.284750,-0.141047,-0.003792,0.000000,-0.790305,0.000000,0.000000
-0.040907,-0.134628,0.020028,0.002314,-0.018916,-0.041118,0.000000,0.184344,-0.137879,0.000000,0.000000,-0.890868,0.000000,0.000000
-0.038105,-0.133977,0.026625,-0.000041,-0.017457,-0.040572,0.000000,0.031109,-0.041920,0.000000,0.000000,-0.857854,0.000000,0.000000
-0.035390,-0.133754,0.032563,-0.002690,-0.011702,-0.039520,0.000000,0.142642,0.000000,0.000000,0.000000,-0.928915,0.000000,0.000000
-0.032961,-0.133745,0.037607,-0.003617,-0.006574,-0.031039,0.000000,0.342515,-0.000110,0.000000,0.000000,-0.972549,0.090417,0.000000
-0.031474,-0.133681,0.040442,-0.003789,-0.004516,-0.018872,0.000000,0.258712,0.000000,0.000000,0.000000,-1.000000,0.065497,0.000000
-0.031015,-0.133870,0.040803,-0.003164,0.001577,-0.001924,0.000000,0.000000,0.000000,-0.156229,0.000000,-0.951982,0.000000,0.000000
-0.031501,-0.133421,0.039018,-0.003134,-0.003247,0.010976,0.000000,0.000000,0.000000,-0.375188,0.000000,-0.766275,0.000000,0.000000
-0.032513,-0.132152,0.036037,-0.003039,-0.012447,0.019853,0.000000,0.000000,0.000000,-0.590236,0.000000,-0.531877,0.064939,0.000000
-0.034146,-0.130074,0.031304,-0.003892,-0.018742,0.029087,0.000000,0.000000,0.000000,-0.717081,0.000000,-0.324236,0.090078,0.000000
-0.037297,-0.127674,0.023146,-0.001761,-0.015262,0.043498,0.000000,0.000000,0.000000,-0.746179,0.000000,-0.145796,0.090470,0.000000
-0.040186,-0.125614,0.015610,-0.001592,-0.014664,0.050176,0.000000,0.000000,0.000000,-0.830979,0.000000,0.000000,0.063494,0.000000
-0.043240,-0.123022,0.007461,-0.001755,-0.018067,0.050084,-0.044524,0.000000,0.000000,-1.000000,0.005568,0.000000,0.000000,0.000000
-0.045820,-0.120611,0.000417,-0.001690,-0.018320,0.046930,-0.092682,0.000000,0.000000,-1.000000,0.025762,0.000000,0.000000,0.000000
-0.049377,-0.118917,-0.008665,0.001388,-0.003476,0.048419,-0.090892,0.000000,0.000000,-1.000000,0.000000,0.000000,0.005741,0.000000
-0.052838,-0.118907,-0.016710,0.005593,0.015141,0.049458,-0.095022,0.000000,0.000000,-1.000000,0.000000,0.000000,0.007089,0.000000
-0.056206,-0.119454,-0.023790,0.009477,0.022524,0.047155,-0.166910,0.000000,0.000000,-1.000000,0.000000,0.000000,0.000000,0.000000
-0.059145,-0.121210,-0.029415,0.009930,0.032855,0.034577,-0.238982,0.000000,0.000000,-1.000000,0.000000,0.000000,0.000000,0.000000
-0.060891,-0.124310,-0.032119,0.009244,0.046404,0.018015,-0.271576,0.000000,0.000000,-1.000000,0.000000,0.000000,0.000000,0.000000
-0.062133,-0.128678,-0.032644,0.010670,0.045976,0.002800,-0.220192,0.000000,0.000000,-1.000000,0.000000,-0.032800,0.000000,0.000000
-0.062169,-0.132039,-0.030356,0.011423,0.034608,-0.014063,-0.137579,0.000000,-0.098163,-1.000000,0.000000,-0.433682,0.000000,0.000000
-0.061251,-0.134748,-0.026152,0.010695,0.024447,-0.028020,-0.110247,0.000000,-0.204226,-1.000000,0.000000,-0.672294,0.000000,0.000000
-0.059128,-0.136952,-0.019152,0.010142,0.010554,-0.043025,-0.039917,0.000000,-0.122686,-0.627187,0.000000,-0.699686,0.000000,0.000000
-0.055479,-0.138825,-0.008612,0.009434,-0.000098,-0.056152,0.000000,0.000000,-0.044442,-0.160800,0.000000,-0.787479,0.099345,0.000000
-0.051558,-0.140608,0.001419,0.006185,0.001337,-0.066828,0.000000,0.230892,-0.194583,0.000000,0.000000,-0.998296,0.055552,0.000000
-0.047247,-0.142949,0.011925,0.004240,0.008506,-0.064566,0.000000,0.492517,-0.363966,0.000000,0.000000,-1.000000,0.000000,0.000000
-0.043155,-0.144614,0.021149,0.000899,0.004574,-0.061467,0.000000,0.287648,-0.260211,0.000000,0.000000,-1.000000,0.000000,0.000000
-0.038138,-0.146363,0.031480,-0.003104,0.004376,-0.055033,0.000000,0.000000,-0.154822,0.000000,0.000000,-1.000000,0.000000,0.000000
-0.034979,-0.148968,0.037468,-0.004736,0.022719,-0.036838,0.000000,0.104641,-0.099387,0.000000,0.000000,-1.000000,0.000000,0.000000
-0.033057,-0.151760,0.040543,-0.006190,0.031641,-0.020476,0.000000,0.281012,-0.023856,0.000000,0.000000,-1.000000,0.107343,0.000000
-0.031750,-0.154729,0.041786,-0.008477,0.033711,-0.007639,0.000000,0.000000,0.000000,-0.291039,0.000000,-1.000000,0.000000,0.000000
-0.031169,-0.158507,0.041243,-0.010865,0.049293,0.003616,0.000000,0.000000,0.000000,-0.905411,0.000000,-1.000000,0.000000,0.000000
-0.032401,-0.165132,0.036734,-0.010391,0.072837,0.024017,0.000000,0.000000,0.000000,-0.928942,0.000000,-1.000000,0.049384,0.000000
-0.035297,-0.170480,0.029633,-0.009256,0.072612,0.043695,0.000000,0.000000,0.000000,-1.000000,0.000000,-0.918112,0.262052,0.000000
-0.038823,-0.174228,0.021648,-0.009499,0.060265,0.053181,0.000000,0.000000,0.000000,-1.000000,0.024705,-0.783168,0.048938,0.000000
-0.043246,-0.177186,0.012221,-0.008537,0.049635,0.057923,0.000000,0.000000,0.000000,-1.000000,0.137198,-0.463943,0.000000,0.000000
-0.048698,-0.178637,0.001574,-0.004626,0.030854,0.056774,0.000000,0.000000,0.000000,-1.000000,0.172223,-0.244141,0.000000,0.000000
-0.053212,-0.179140,-0.006670,-0.001223,0.023441,0.054871,0.000000,0.000000,0.000000,-1.000000,0.167030,-0.126660,0.000000,0.000000
-0.057907,-0.178986,-0.014627,0.002771,0.014628,0.048961,-0.058863,0.000000,0.000000,-1.000000,0.102111,0.000000,0.000000,0.000000
-0.061609,-0.178146,-0.020298,0.006730,0.002834,0.037752,-0.122632,0.000000,0.000000,-1.000000,0.050935,0.000000,0.000000,0.000000
-0.064798,-0.176890,-0.024586,0.009430,-0.004870,0.026374,-0.155645,0.000000,0.000000,-1.000000,0.000000,0.000000,0.000000,0.000000
-0.067844,-0.176236,-0.027784,0.013096,0.000060,0.017046,-0.165768,0.000000,0.000000,-1.000000,0.000000,-0.045679,0.000000,0.000000
-0.070179,-0.177102,-0.029578,0.017257,0.016083,0.011946,-0.166040,0.000000,0.000000,-1.000000,0.000000,-0.144900,0.000000,0.000000
-0.072212,-0.178503,-0.030269,0.019581,0.018458,0.004247,-0.187097,0.000000,-0.098752,-1.000000,0.000000,-0.283033,0.000000,0.000000
-0.073095,-0.179895,-0.029146,0.019453,0.014632,-0.007482,-0.219506,0.000000,-0.198297,-1.000000,0.000000,-0.438546,0.000000,0.000000
-0.072777,-0.181978,-0.025481,0.018080,0.012887,-0.019512,-0.176312,0.000000,-0.188580,-1.000000,0.000000,-0.533549,0.000000,0.000000
-0.070974,-0.184988,-0.020074,0.015422,0.021382,-0.033272,-0.079694,0.000000,-0.140290,-0.732824,0.000000,-0.656509,0.000000,0.000000
-0.068092,-0.188316,-0.013520,0.012109,0.024508,-0.043642,-0.026648,0.000000,-0.172049,-0.475605,0.000000,-0.825181,0.000000,0.000000
-0.063647,-0.192149,-0.004985,0.007459,0.024647,-0.052497,0.000000,0.000000,-0.300703,-0.437689,0.000000,-1.000000,0.000000,0.000000
-0.057107,-0.196214,0.005915,0.000774,0.020550,-0.058046,0.000000,0.000000,-0.316478,-0.351650,0.000000,-1.000000,0.000000,0.000000
-0.051847,-0.198306,0.014014,-0.003206,0.009040,-0.053983,0.000000,0.000000,-0.197745,-0.122493,0.000000,-1.000000,0.000000,0.000000
-0.047016,-0.199963,0.020957,-0.005847,0.006808,-0.042680,0.000000,0.000000,-0.118136,0.000000,0.000000,-1.000000,0.001169,0.000000
-0.043513,-0.200695,0.025511,-0.008190,0.001017,-0.030308,0.000000,0.000000,-0.083932,-0.060052,0.000000,-1.000000,0.000000,0.000000
-0.040790,-0.200449,0.028465,-0.010216,-0.007613,-0.018172,0.000000,0.000000,-0.018326,-0.334706,0.000000,-1.000000,0.000000,0.000000
-0.038750,-0.198493,0.029714,-0.012875,-0.021743,-0.006656,0.000000,0.000000,0.000000,-0.500931,0.000000,-1.000000,0.004515,0.000000
-0.038070,-0.196943,0.028921,-0.015109,-0.018691,0.005285,0.000000,0.000000,0.000000,-0.561082,0.000000,-1.000000,0.178668,0.000000
-0.038538,-0.194532,0.026084,-0.015263,-0.024495,0.017432,0.000000,0.000000,0.000000,-0.559841,0.000000,-0.684186,0.310590,0.000000
-0.040136,-0.191625,0.021690,-0.013935,-0.030318,0.029285,0.000000,0.000000,0.000000,-0.917800,0.000000,-0.491805,0.203783,0.000000
-0.043370,-0.187469,0.014365,-0.011981,-0.032733,0.039032,0.000000,0.000000,0.000000,-1.000000,0.096452,-0.347520,0.012184,0.000000
-0.046408,-0.183115,0.007722,-0.010255,-0.040440,0.040822,0.000000,0.000000,0.000000,-1.000000,0.065553,-0.092817,0.158331,0.000000
-0.048887,-0.178156,0.002274,-0.008348,-0.053215,0.036298,0.000000,0.000000,0.000000,-1.000000,0.040217,0.000000,0.194088,0.000000
-0.052375,-0.173417,-0.004375,-0.002642,-0.043706,0.040905,0.000000,0.000000,0.000000,-1.000000,0.048750,0.000000,0.035857,0.000000
-0.055508,-0.167675,-0.010347,-0.001145,-0.048647,0.031821,0.000000,0.000000,0.000000,-0.962951,0.000000,0.000000,0.033089,0.000000
-0.057329,-0.163155,-0.013612,0.001344,-0.050688,0.021742,-0.073220,0.000000,0.000000,-1.000000,0.000000,0.000000,0.004047,0.000000
-0.059112,-0.158998,-0.016274,0.004989,-0.043571,0.016360,-0.089387,0.000000,0.000000,-0.828291,0.000000,0.000000,0.021235,0.000000
-0.060574,-0.155762,-0.017852,0.008676,-0.037844,0.010519,-0.066488,0.000000,0.000000,-0.542186,0.000000,0.000000,0.086448,0.000000
-0.061192,-0.152466,-0.017485,0.009464,-0.039914,-0.002255,-0.110709,0.000000,0.000000,-0.562643,0.000000,0.000000,0.000000,0.000000
-0.060729,-0.148556,-0.014542,0.009774,-0.046023,-0.015695,-0.179590,0.000000,-0.103398,-0.621300,0.000000,-0.071609,0.000000,0.000000
-0.059568,-0.145864,-0.010514,0.009300,-0.044342,-0.026824,-0.107565,0.043032,-0.122142,-0.239661,0.000000,-0.254140,0.000000,0.000000
-0.057813,-0.144396,-0.005121,0.008613,-0.029157,-0.033161,0.000000,0.284935,-0.071906,0.000000,0.000000,-0.407846,0.000000,0.000000
-0.055591,-0.144149,0.000884,0.006578,-0.016863,-0.039988,0.000000,0.272926,-0.158204,0.000000,0.000000,-0.580987,0.000000,0.000000
-0.053325,-0.144606,0.007475,0.007513,-0.006823,-0.035115,0.000000,0.080130,-0.284137,0.000000,0.000000,-0.807802,0.000000,0.000000
-0.052233,-0.145317,0.011688,0.009817,0.000214,-0.025908,0.000000,0.009219,-0.228360,0.000000,0.000000,-1.000000,0.000000,0.000000
-0.051395,-0.145656,0.014993,0.008671,-0.002522,-0.022018,0.000000,0.000000,-0.095587,0.000000,0.000000,-0.932977,0.000000,0.000000
-0.050569,-0.145674,0.018020,0.006661,-0.005500,-0.018613,0.000000,0.000000,-0.048942,-0.206903,0.000000,-0.754477,0.000000,0.000000
-0.049881,-0.145098,0.020549,0.004850,-0.010021,-0.013477,0.000000,0.000000,-0.083392,-0.305192,0.000000,-0.705771,0.000000,0.000000
-0.049554,-0.144083,0.021889,0.003646,-0.015725,-0.008921,0.000000,0.000000,-0.073177,-0.264510,0.000000,-0.717742,0.000000,0.000000
-0.049581,-0.142399,0.022505,0.003630,-0.021122,-0.003786,0.000000,0.000000,0.000000,-0.242604,0.000000,-0.628391,0.000000,0.000000
-0.050129,-0.140723,0.021919,0.003682,-0.020378,0.003905,0.000000,0.000000,0.000000,-0.279834,0.000000,-0.496868,0.000000,0.000000
-0.051267,-0.138771,0.020077,0.003847,-0.019708,0.011328,0.000000,0.000000,0.000000,-0.354818,0.000000,-0.379274,0.000000,0.000000
-0.053106,-0.136637,0.016879,0.004606,-0.016587,0.017037,-0.014766,0.000000,0.000000,-0.496202,0.000000,-0.297741,0.000000,0.000000
-0.054559,-0.135612,0.014364,0.004826,-0.007732,0.016759,-0.055902,0.000000,0.000000,-0.623662,0.000000,-0.198691,0.000000,0.000000
-0.056133,-0.135429,0.011606,0.004761,0.003509,0.016957,-0.094499,0.000000,0.000000,-0.726977,0.000000,-0.118199,0.000000,0.000000
-0.057540,-0.136140,0.009162,0.004740,0.014734,0.016277,-0.083537,0.000000,0.000000,-0.775465,0.000000,-0.223907,0.000000,0.000000
-0.059070,-0.136880,0.006667,0.004777,0.012293,0.013293,-0.072607,0.000000,-0.019554,-0.876692,0.000000,-0.338763,0.000000,0.000000
-0.060126,-0.137268,0.005103,0.004561,0.008068,0.009622,-0.080413,0.000000,-0.022308,-1.000000,0.000000,-0.383225,0.000000,0.000000
-0.060944,-0.137586,0.004097,0.004949,0.006542,0.006698,-0.074424,0.000000,0.000000,-0.884427,0.000000,-0.332097,0.000000,0.000000
-0.061528,-0.137388,0.003692,0.004858,-0.001423,0.002489,-0.057639,0.000000,0.000000,-0.715988,0.000000,-0.311119,0.028074,0.000000
-0.061408,-0.137322,0.004628,0.003645,-0.003168,-0.006235,-0.073178,0.000000,-0.016284,-0.704829,0.000000,-0.375265,0.000000,0.000000
-0.060632,-0.137627,0.007098,0.002998,-0.001728,-0.013168,-0.082929,0.000000,-0.075413,-0.604828,0.000000,-0.400589,0.000000,0.000000
-0.059667,-0.137649,0.009897,0.002938,-0.006000,-0.017202,-0.013871,0.000000,-0.058585,-0.377108,0.000000,-0.520241,0.000000,0.000000
-0.058596,-0.137303,0.012838,0.002616,-0.011452,-0.019581,0.000000,0.000000,-0.070778,-0.237227,0.000000,-0.687811,0.000000,0.000000
-0.057453,-0.136457,0.016058,0.002956,-0.017003,-0.019802,0.000000,0.000000,-0.111242,-0.191956,0.000000,-0.692929,0.000000,0.000000
-0.055739,-0.135316,0.020104,0.000259,-0.019144,-0.021570,0.000000,0.000000,-0.069719,-0.115462,0.000000,-0.628997,0.000000,0.000000
-0.054188,-0.134546,0.023445,-0.001641,-0.017329,-0.022244,0.000000,0.000000,-0.041262,-0.009746,0.000000,-0.601257,0.000000,0.000000
-0.052620,-0.133187,0.026661,-0.002449,-0.022557,-0.019781,0.000000,0.075430,-0.058782,0.000000,0.000000,-0.671568,0.000000,0.000000
-0.051278,-0.132011,0.029121,-0.003993,-0.020299,-0.016391,0.000000,0.075165,-0.080248,-0.004738,0.000000,-0.740410,0.000000,0.000000
-0.049884,-0.130945,0.031174,-0.005573,-0.014346,-0.010936,0.000000,0.003962,-0.005579,-0.000931,0.000000,-0.638578,0.000000,0.000000
-0.049296,-0.130251,0.031368,-0.006026,-0.008585,-0.001191,0.000000,0.000000,0.000000,-0.078476,0.000000,-0.584807,0.000000,0.000000
-0.049147,-0.129400,0.030484,-0.006574,-0.009188,0.005885,0.000000,0.000000,0.000000,-0.259309,0.000000,-0.592678,0.000000,0.000000
-0.049281,-0.128305,0.028605,-0.007464,-0.009525,0.011558,0.000000,0.000000,0.000000,-0.505632,0.000000,-0.498963,0.000000,0.000000
-0.049782,-0.127285,0.025860,-0.007761,-0.007593,0.018286,0.000000,0.000000,0.000000,-0.588785,0.000000,-0.344357,0.000000,0.000000
-0.050940,-0.125750,0.021138,-0.007457,-0.008045,0.025158,0.000000,0.000000,0.000000,-0.614134,0.000000,-0.251441,0.043882,0.000000
-0.052128,-0.123577,0.016444,-0.007847,-0.016719,0.028860,0.000000,0.000000,0.000000,-0.748674,0.000000,-0.197241,0.001978,0.000000
-0.053231,-0.121273,0.012307,-0.006405,-0.020763,0.027525,0.000000,0.000000,0.000000,-0.910686,0.000000,-0.076207,0.000000,0.000000
-0.054322,-0.118329,0.008359,-0.004858,-0.027023,0.024298,-0.015218,0.000000,0.000000,-0.816811,0.000000,0.000000,0.019991,0.000000
-0.055422,-0.114850,0.004268,-0.004279,-0.028482,0.021781,-0.030612,0.000000,0.000000,-0.671252,0.000000,0.000000,0.071474,0.000000
-0.056225,-0.112125,0.001318,-0.003335,-0.028420,0.019676,-0.055431,0.000000,0.000000,-0.561202,0.000000,0.000000,0.008750,0.000000
-0.056728,-0.109076,-0.000673,-0.002345,-0.031987,0.012240,-0.084927,0.000000,0.000000,-0.562327,0.000000,0.000000,0.000000,0.000000
-0.056816,-0.106634,-0.001518,-0.002581,-0.029445,0.005627,-0.085287,0.000000,0.000000,-0.515680,0.000000,0.000000,0.000000,0.000000
-0.056551,-0.103367,-0.001528,-0.002761,-0.033582,0.000051,-0.064432,0.000000,0.000000,-0.291335,0.000000,0.000000,0.000000,0.000000
-0.056228,-0.100731,-0.001057,-0.002024,-0.032302,-0.002897,-0.040144,0.015808,0.000000,-0.183664,0.000000,-0.080335,0.000000,0.000000
-0.056094,-0.098546,-0.000764,-0.000530,-0.028773,-0.001953,-0.037234,0.077009,-0.024823,-0.057984,0.000000,-0.136181,0.000000,0.000000
-0.055781,-0.096132,-0.000175,-0.001546,-0.029889,-0.003619,-0.050848,0.063477,-0.052581,-0.040382,0.000000,-0.152771,0.000000,0.000000
-0.055418,-0.093913,0.000712,-0.001227,-0.030519,-0.005907,-0.074226,0.000000,-0.071977,-0.139248,0.000000,-0.145910,0.000000,0.000000
-0.054770,-0.090399,0.002883,-0.000059,-0.040021,-0.011570,-0.039586,0.000000,-0.043188,-0.052554,0.000000,-0.155409,0.000000,0.000000
-0.054122,-0.087411,0.004883,-0.000934,-0.039540,-0.012298,-0.006607,0.038490,-0.019366,0.000000,0.000000,-0.175549,0.000000,0.000000
-0.053495,-0.085013,0.006731,-0.001524,-0.034858,-0.012310,-0.025208,0.253940,-0.068443,0.000000,0.000000,-0.160820,0.000000,0.000000
-0.052866,-0.082258,0.008680,-0.001276,-0.036576,-0.011982,-0.037457,0.261719,-0.085746,0.000000,0.000000,-0.166100,0.000000,0.000000
-0.052394,-0.079825,0.010263,-0.000648,-0.027726,-0.008437,-0.009905,0.069128,-0.074312,0.000000,0.000000,-0.256635,0.000000,0.000000
-0.052178,-0.077750,0.011674,0.001789,-0.029671,-0.009405,-0.000423,0.073763,-0.053420,0.000000,0.000000,-0.230122,0.000000,0.000000
-0.052400,-0.075962,0.012109,0.003891,-0.022056,-0.002670,-0.024548,0.042130,-0.042770,0.000000,0.000000,-0.173263,0.000000,0.000000
-0.052665,-0.074823,0.012178,0.003618,-0.014803,-0.000456,-0.060325,0.127373,-0.092433,0.000000,0.000000,-0.165645,0.000000,0.000000
-0.053020,-0.073468,0.011827,0.002805,-0.013329,0.001871,-0.109331,0.000000,-0.123796,0.000000,0.000000,-0.127594,0.000000,0.000000
-0.053480,-0.072392,0.011057,0.003360,-0.011258,0.004731,-0.086817,0.000000,-0.104715,-0.099530,0.000000,-0.181289,0.000000,0.000000
-0.053945,-0.071619,0.010126,0.003250,-0.007929,0.006207,-0.052495,0.000000,-0.068984,-0.080069,0.000000,-0.160372,0.000000,0.000000
-0.054518,-0.070941,0.008914,0.003577,-0.005601,0.007445,-0.090658,0.000000,-0.045021,-0.159448,0.000000,-0.074936,0.000000,0.000000
-0.055039,-0.070319,0.007739,0.003339,-0.005403,0.007830,-0.130094,0.000000,-0.087000,-0.264736,0.000000,-0.072156,0.000000,0.000000
-0.055556,-0.069974,0.006511,0.002529,-0.001358,0.006541,-0.137018,0.000000,-0.107737,-0.297983,0.000000,-0.095962,0.000000,0.000000
-0.055959,-0.069543,0.005453,0.002017,-0.002927,0.006509,-0.103278,0.000000,-0.053390,-0.246361,0.000000,-0.086201,0.000000,0.000000
-0.056361,-0.068760,0.004228,0.001739,-0.007282,0.008156,-0.079845,0.000000,-0.038828,-0.254029,0.000000,-0.132523,0.000000,0.000000
-0.056931,-0.068537,0.002478,0.002291,0.001044,0.010768,-0.119654,0.000000,-0.079233,-0.292345,0.000000,-0.104543,0.000000,0.000000
-0.057573,-0.068444,0.000361,0.001929,0.002947,0.011281,-0.147565,0.000000,-0.050228,-0.292061,0.000000,0.000000,0.000000,0.000000
-0.058028,-0.068501,-0.001133,0.001726,0.004216,0.009953,-0.133693,0.000000,-0.042030,-0.413178,0.000000,-0.034976,0.000000,0.000000
-0.058474,-0.068365,-0.002492,0.001828,0.001337,0.008346,-0.139789,0.000000,-0.085168,-0.459899,0.000000,-0.082095,0.000000,0.000000
-0.058825,-0.067947,-0.002942,0.003282,-0.004310,0.003003,-0.139386,0.000000,-0.066095,-0.431079,0.000000,-0.080216,0.000000,0.000000
-0.059176,-0.067511,-0.003094,0.003773,-0.004844,0.000933,-0.116359,0.000000,-0.020728,-0.329034,0.000000,-0.052388,0.000000,0.000000
-0.059547,-0.067190,-0.003020,0.003975,-0.003441,-0.000391,-0.125354,0.000000,-0.066814,-0.160528,0.000000,-0.079465,0.000000,0.000000
-0.059959,-0.067290,-0.003266,0.004638,0.001871,0.001632,-0.159480,0.000000,-0.143750,-0.165783,0.000000,-0.114986,0.000000,0.000000
-0.060350,-0.067624,-0.003519,0.004011,0.004535,0.001558,-0.143720,0.000000,-0.162097,-0.173608,0.000000,-0.157907,0.000000,0.000000
-0.060602,-0.068474,-0.003610,0.002986,0.011154,0.000608,-0.113791,0.000000,-0.118570,-0.232953,0.000000,-0.169928,0.000000,0.000000
-0.061222,-0.070082,-0.004557,0.004283,0.018405,0.005044,-0.105658,0.000000,-0.102149,-0.263434,0.000000,-0.179516,0.000000,0.000000
-0.061986,-0.072383,-0.006048,0.005181,0.030723,0.009172,-0.116046,0.000000,-0.130681,-0.351574,0.000000,-0.248291,0.000000,0.000000
-0.062775,-0.075658,-0.007691,0.005345,0.046194,0.010932,-0.159387,0.000000,-0.148458,-0.555653,0.000000,-0.226817,0.000000,0.000000
-0.063634,-0.079424,-0.009433,0.005301,0.048842,0.010718,-0.165531,0.000000,-0.119454,-0.777716,0.000000,-0.238453,0.000000,0.000000
-0.064682,-0.084315,-0.011375,0.005806,0.054324,0.010349,-0.133519,0.000000,-0.105318,-0.939612,0.000000,-0.362326,0.000000,0.000000
-0.065435,-0.089068,-0.012527,0.005766,0.064147,0.007670,-0.130204,0.000000,-0.079626,-0.934829,0.000000,-0.366463,0.000000,0.000000
-0.066127,-0.094400,-0.013225,0.005902,0.065024,0.004292,-0.142602,0.000000,-0.052096,-0.983574,0.000000,-0.349815,0.000000,0.000000
-0.066456,-0.099132,-0.012892,0.005497,0.059936,-0.002213,-0.136932,0.000000,-0.110061,-1.000000,0.000000,-0.495192,0.000000,0.000000
-0.066326,-0.103678,-0.011090,0.005137,0.049515,-0.011080,-0.124706,0.000000,-0.140444,-1.000000,0.000000,-0.580226,0.000000,0.000000
-0.065158,-0.109148,-0.006795,0.002439,0.047185,-0.022898,-0.068963,0.000000,-0.085553,-0.862473,0.000000,-0.612161,0.000000,0.000000
-0.063569,-0.113341,-0.002099,0.000368,0.041695,-0.031268,-0.015146,0.000000,-0.064050,-0.565173,0.000000,-0.669279,0.000000,0.000000
-0.061421,-0.117487,0.003617,-0.001228,0.035875,-0.035133,0.000000,0.000000,-0.145809,-0.408740,0.000000,-0.903965,0.007223,0.000000
-0.059105,-0.120722,0.009147,-0.003413,0.028110,-0.036840,0.000000,0.000000,-0.215320,-0.317047,0.000000,-1.000000,0.000000,0.000000
-0.056215,-0.124036,0.015406,-0.005191,0.022373,-0.033347,0.000000,0.000000,-0.122513,-0.199490,0.000000,-1.000000,0.000000,0.000000
-0.053788,-0.125642,0.020661,-0.004421,0.008260,-0.032329,0.000000,0.000000,-0.029787,-0.070279,0.000000,-1.000000,0.013200,0.000000
-0.051995,-0.126172,0.024708,-0.002463,-0.001847,-0.026943,0.000000,0.000000,-0.023189,-0.165555,0.000000,-0.999922,0.006112,0.000000
-0.051165,-0.126262,0.026874,0.000360,-0.003092,-0.013318,0.000000,0.027343,-0.042354,-0.109836,0.000000,-0.885793,0.008423,0.000000
-0.051096,-0.125672,0.027220,0.000706,-0.006645,-0.001846,0.000000,0.076796,0.000000,-0.042098,0.000000,-0.717664,0.080670,0.000000
-0.051880,-0.124598,0.025881,0.003279,-0.011031,0.008923,0.000000,0.000000,0.000000,-0.308187,0.000000,-0.542652,0.000000,0.000000
-0.053510,-0.122787,0.022904,0.005546,-0.015673,0.018294,-0.016906,0.000000,-0.020043,-0.594875,0.000000,-0.389773,0.000000,0.000000
-0.055640,-0.120877,0.018866,0.007414,-0.015711,0.026903,-0.062325,0.000000,0.000000,-0.583069,0.000000,-0.192645,0.000000,0.000000
-0.058328,-0.118284,0.013689,0.008663,-0.019839,0.031826,-0.114016,0.000000,0.000000,-0.595503,0.000000,0.000000,0.000000,0.000000
-0.061441,-0.114735,0.007494,0.008465,-0.024622,0.033022,-0.185154,0.000000,0.000000,-0.778550,0.000000,0.000000,0.000000,0.000000
-0.063791,-0.111628,0.002871,0.008866,-0.028319,0.030796,-0.227717,0.000000,0.000000,-0.804127,0.000000,0.000000,0.000000,0.000000
-0.066171,-0.108276,-0.001813,0.008838,-0.028486,0.028778,-0.233079,0.000000,0.000000,-0.705796,0.000000,0.000000,0.000000,0.000000
-0.068209,-0.105050,-0.005608,0.009678,-0.031266,0.025303,-0.241517,0.000000,0.000000,-0.601598,0.000000,0.000000,0.000000,0.000000
-0.070572,-0.100941,-0.009699,0.010472,-0.033172,0.021800,-0.266579,0.000000,0.000000,-0.592640,0.000000,0.000000,0.000000,0.000000
-0.072289,-0.097205,-0.012274,0.010711,-0.037519,0.015825,-0.291498,0.000000,-0.008083,-0.515195,0.000000,0.000000,0.000000,0.023603
-0.073580,-0.093385,-0.013605,0.011381,-0.045214,0.008859,-0.307373,0.000000,-0.036379,-0.408098,0.000000,0.000000,0.000000,0.049356
-0.074780,-0.089204,-0.014345,0.011687,-0.047618,0.004551,-0.300356,0.000000,-0.075555,-0.219019,0.000000,0.000000,0.000000,0.071968
-0.075680,-0.085380,-0.014499,0.011013,-0.048702,0.001030,-0.284753,0.071913,-0.112998,0.000000,0.000000,0.000000,0.000000,0.124545
-0.076788,-0.081733,-0.014955,0.010136,-0.036394,0.002429,-0.280235,0.086499,-0.165967,0.000000,0.000000,0.000000,0.000000,0.144390
-0.078209,-0.080470,-0.016904,0.010949,-0.009395,0.011990,-0.270248,0.045567,-0.221520,0.000000,0.000000,0.000000,0.000000,0.145744
-0.079601,-0.080526,-0.019271,0.010231,0.008223,0.015760,-0.253631,0.000000,-0.230712,0.000000,0.000000,0.000000,0.000000,0.018759
-0.081363,-0.081183,-0.022724,0.010605,0.018098,0.021225,-0.284852,0.000000,-0.257765,-0.367754,0.000000,0.000000,0.000000,0.000000
-0.083000,-0.083171,-0.026079,0.008077,0.029321,0.017873,-0.301721,0.000000,-0.266389,-0.718843,0.000000,-0.000305,0.000000,0.000000
-0.084110,-0.084970,-0.028372,0.006606,0.030880,0.015290,-0.298017,0.000000,-0.179063,-0.849881,0.000000,0.000000,0.000000,0.000000
-0.085123,-0.087258,-0.030378,0.005689,0.033466,0.012330,-0.231852,0.000000,-0.126726,-0.822307,0.000000,-0.093999,0.000000,0.000000
-0.085711,-0.090699,-0.031423,0.003879,0.047821,0.006954,-0.245001,0.000000,-0.147070,-0.824368,0.000000,-0.126757,0.000000,0.000000
-0.086633,-0.096510,-0.033003,0.004866,0.064202,0.008428,-0.277728,0.000000,-0.181501,-0.887850,0.000000,-0.145470,0.000000,0.000000
-0.086494,-0.103070,-0.032261,0.001029,0.075459,-0.004565,-0.214085,0.000000,-0.207842,-0.961258,0.000000,-0.378095,0.000000,0.000000
-0.085525,-0.110392,-0.029926,-0.002713,0.086027,-0.015551,-0.188414,0.000000,-0.215203,-1.000000,0.000000,-0.511033,0.000000,0.000000
-0.083798,-0.118164,-0.026213,-0.005150,0.080536,-0.022831,-0.085927,0.000000,-0.184723,-1.000000,0.000000,-0.756765,0.000000,0.000000
-0.081573,-0.125163,-0.021822,-0.007541,0.075273,-0.029239,0.000000,0.000000,-0.177789,-0.973494,0.000000,-1.000000,0.000000,0.000000
-0.078235,-0.133460,-0.015526,-0.008709,0.068989,-0.033541,0.000000,0.000000,-0.142119,-0.824566,0.000000,-1.000000,0.000000,0.000000
-0.074675,-0.139545,-0.009210,-0.010646,0.054148,-0.038854,0.000000,0.000000,-0.097358,-0.670247,0.000000,-1.000000,0.031107,0.000000
-0.071160,-0.144894,-0.003304,-0.011740,0.051257,-0.039327,0.000000,0.000000,-0.118998,-0.628057,0.000000,-1.000000,0.022862,0.000000
-0.067252,-0.150893,0.002791,-0.013309,0.055373,-0.037486,0.000000,0.000000,-0.129667,-0.479720,0.000000,-1.000000,0.043296,0.000000
-0.062636,-0.156929,0.009339,-0.015407,0.048197,-0.034887,0.000000,0.000000,-0.090042,-0.445766,0.000000,-1.000000,0.059101,0.000000
-0.058972,-0.160892,0.014093,-0.016888,0.039146,-0.031660,0.000000,0.000000,-0.086203,-0.612971,0.000000,-1.000000,0.000000,0.000000
-0.055241,-0.164610,0.018519,-0.017676,0.034599,-0.027216,0.000000,0.000000,-0.037027,-0.638584,0.000000,-1.000000,0.007089,0.000000
-0.052771,-0.167459,0.020980,-0.015360,0.031197,-0.016387,0.000000,0.000000,0.000000,-0.496541,0.000000,-1.000000,0.177591,0.000000
-0.050514,-0.169412,0.022791,-0.013411,0.017034,-0.009654,0.000000,0.000000,0.000000,-0.556708,0.000000,-1.000000,0.217063,0.000000
-0.048954,-0.169182,0.024025,-0.010726,-0.005042,-0.007586,0.000000,0.000000,0.000000,-0.928494,0.000000,-1.000000,0.018380,0.000000
-0.047937,-0.167769,0.024433,-0.010283,-0.018982,-0.002719,0.000000,0.000000,0.000000,-0.902348,0.000000,-0.833630,0.052999,0.000000
-0.047352,-0.164921,0.024005,-0.009624,-0.033028,0.002632,0.000000,0.000000,0.000000,-0.382345,0.000000,-0.559841,0.417081,0.000000
-0.047393,-0.161407,0.022671,-0.008357,-0.042636,0.008889,0.000000,0.003571,0.000000,-0.352190,0.000000,-0.428083,0.384048,0.000000
-0.047761,-0.155846,0.020358,-0.008262,-0.053626,0.012324,0.000000,0.000000,0.000000,-0.685219,0.000000,-0.366167,0.000000,0.000000
-0.048183,-0.149787,0.018105,-0.008065,-0.067804,0.013840,0.000000,0.000000,0.000000,-0.662192,0.000000,-0.201600,0.000000,0.000000
-0.049068,-0.143939,0.015361,-0.005208,-0.069823,0.018286,0.000000,0.000000,0.000000,-0.244763,0.000000,0.000000,0.248426,0.000000
-0.051138,-0.139075,0.010497,-0.001465,-0.048664,0.029922,0.000000,0.100191,0.000000,-0.067475,0.000000,0.000000,0.238203,0.058580
-0.053757,-0.134080,0.004344,-0.000609,-0.040962,0.032789,-0.034461,0.015000,0.000000,-0.337488,0.000000,0.000000,0.000000,0.142005
-0.055626,-0.130458,-0.000240,-0.000733,-0.036430,0.030527,-0.160072,0.000000,-0.001126,-0.895522,0.000000,0.000000,0.000000,0.041088
-0.057431,-0.126919,-0.004762,-0.000504,-0.032462,0.027787,-0.132198,0.000000,0.000000,-0.776994,0.000000,0.000000,0.000000,0.021029
-0.058930,-0.123720,-0.008477,0.000271,-0.032443,0.024777,-0.073878,0.000000,0.000000,-0.622311,0.000000,0.000000,0.008145,0.000000
-0.060538,-0.119655,-0.012221,0.001624,-0.034586,0.019936,-0.104992,0.000000,0.000000,-0.667962,0.000000,0.000000,0.000000,0.000000
-0.061741,-0.116046,-0.014515,0.004058,-0.037624,0.014110,-0.152550,0.000000,0.000000,-0.675185,0.000000,0.000000,0.000000,0.000000
-0.062545,-0.112610,-0.015665,0.004950,-0.041309,0.007658,-0.155713,0.000000,0.000000,-0.512245,0.000000,0.000000,0.000000,0.000000
-0.063049,-0.108816,-0.015806,0.005390,-0.044709,0.000864,-0.159630,0.000000,0.000000,-0.325064,0.000000,0.000000,0.000000,0.000000
-0.063396,-0.105383,-0.015280,0.006778,-0.045464,-0.003501,-0.164491,0.000000,-0.008266,-0.172553,0.000000,0.000000,0.000000,0.000000
-0.063986,-0.101410,-0.014420,0.008999,-0.042664,-0.004583,-0.160042,0.092672,-0.079099,-0.011366,0.000000,0.000000,0.000000,0.000000
-0.064584,-0.098499,-0.013766,0.009568,-0.036084,-0.004019,-0.166489,0.130658,-0.145374,0.000000,0.000000,0.000000,0.000000,0.000000
-0.065351,-0.096728,-0.013713,0.010084,-0.022941,-0.000357,-0.175916,0.000000,-0.195144,0.000000,0.000000,-0.033745,0.000000,0.000000
-0.065935,-0.094644,-0.012942,0.009719,-0.026604,-0.004740,-0.159526,0.000000,-0.195204,0.000000,0.000000,-0.090437,0.000000,0.000000
-0.066369,-0.092232,-0.011577,0.008649,-0.027712,-0.007273,-0.152531,0.000000,-0.186946,-0.120621,0.000000,-0.117063,0.000000,0.000000
-0.066768,-0.090698,-0.010603,0.008767,-0.022343,-0.006485,-0.144211,0.000000,-0.184707,0.000000,0.000000,-0.119402,0.000000,0.000000
-0.067859,-0.089314,-0.010564,0.013080,-0.016522,-0.000243,-0.127334,0.000000,-0.158535,0.000000,0.000000,-0.125092,0.000000,0.000000
-0.069203,-0.088216,-0.011169,0.015100,-0.012458,0.004029,-0.144644,0.000000,-0.203722,0.000000,0.000000,-0.163593,0.000000,0.000000
-0.070778,-0.087192,-0.012028,0.013754,-0.008613,0.004578,-0.247065,0.000000,-0.262174,-0.173147,0.000000,-0.070443,0.000000,0.000000
-0.072029,-0.086572,-0.012858,0.012158,-0.005169,0.005104,-0.272551,0.000000,-0.244203,-0.281603,0.000000,-0.003173,0.000000,0.000000
-0.073044,-0.086024,-0.013554,0.010621,-0.005012,0.004637,-0.196995,0.000000,-0.187206,-0.223285,0.000000,-0.078777,0.000000,0.000000
-0.073950,-0.085409,-0.014076,0.009079,-0.005885,0.003206,-0.183060,0.000000,-0.186279,-0.246072,0.000000,-0.122570,0.000000,0.000000
-0.074647,-0.084426,-0.014170,0.008648,-0.012357,0.000627,-0.232443,0.000000,-0.212670,-0.319296,0.000000,-0.075291,0.000000,0.000000
-0.076378,-0.083874,-0.015974,0.012889,-0.001309,0.009609,-0.222958,0.000000,-0.190009,-0.281161,0.000000,-0.063740,0.000000,0.000000
-0.078506,-0.083820,-0.018560,0.017212,0.006758,0.015905,-0.180565,0.000000,-0.158144,-0.085048,0.000000,-0.068045,0.000000,0.000000
-0.080413,-0.084196,-0.020942,0.016470,0.012407,0.015862,-0.294334,0.000000,-0.228896,-0.439453,0.000000,0.000000,0.000000,0.000000
-0.082379,-0.084960,-0.023523,0.015272,0.016841,0.015867,-0.424368,0.000000,-0.348339,-0.763570,0.000000,0.000000,0.000000,0.000000
-0.084756,-0.086195,-0.026756,0.015622,0.021376,0.017236,-0.333679,0.000000,-0.251151,-0.662319,0.000000,0.000000,0.000000,0.000000
-0.086785,-0.087207,-0.029104,0.017938,0.021072,0.015630,-0.212810,0.000000,-0.103158,-0.526006,0.000000,-0.038465,0.000000,0.000000
-0.088781,-0.087825,-0.029419,0.022678,0.008354,0.001936,-0.321610,0.000000,-0.216262,-0.745296,0.000000,-0.017577,0.000000,0.000000
-0.090489,-0.088378,-0.029087,0.023141,0.005925,-0.002211,-0.476105,0.000000,-0.382325,-0.892157,0.000000,0.000000,0.000000,0.000000
-0.091979,-0.088372,-0.026634,0.022377,-0.007218,-0.013076,-0.383049,0.000000,-0.364444,-0.278171,0.000000,-0.093015,0.000000,0.000000
-0.093368,-0.088413,-0.024409,0.023832,-0.007106,-0.013673,-0.240807,0.000000,-0.253922,0.000000,0.000000,-0.185878,0.000000,0.000000
-0.094470,-0.088639,-0.022394,0.021391,-0.004676,-0.013422,-0.276683,0.000000,-0.409706,0.000000,0.000000,-0.253929,0.000000,0.000000
-0.095162,-0.089494,-0.019785,0.016877,0.000990,-0.016041,-0.416625,0.000000,-0.562156,0.000000,0.000000,-0.204022,0.000000,0.000000
-0.095332,-0.091550,-0.017118,0.011876,0.016230,-0.017762,-0.308537,0.000000,-0.442664,0.000000,0.000000,-0.240798,0.000000,0.000000
-0.095468,-0.094416,-0.014584,0.008927,0.021711,-0.013506,-0.123050,0.000000,-0.333914,0.000000,0.000000,-0.439943,0.000000,0.000000
-0.095264,-0.096777,-0.012629,0.004479,0.021088,-0.012013,-0.146042,0.000000,-0.411039,-0.046818,0.000000,-0.607019,0.000000,0.000000
-0.095049,-0.099126,-0.011497,0.001672,0.025864,-0.007546,-0.242634,0.000000,-0.412023,-0.344234,0.000000,-0.494162,0.000000,0.000000
-0.094906,-0.101807,-0.011012,0.000095,0.030108,-0.002980,-0.153390,0.000000,-0.243355,-0.341404,0.000000,-0.431048,0.000000,0.000000
-0.094839,-0.104891,-0.010932,-0.000421,0.031484,-0.000429,-0.078388,0.000000,-0.149597,-0.382949,0.000000,-0.477436,0.000000,0.000000
-0.094790,-0.107125,-0.011119,-0.001429,0.029444,0.001248,-0.177779,0.000000,-0.244776,-0.664459,0.000000,-0.460823,0.000000,0.000000
-0.095174,-0.109600,-0.012321,-0.000234,0.033641,0.007391,-0.243400,0.000000,-0.271160,-0.816224,0.000000,-0.400606,0.000000,0.000000
-0.095646,-0.112500,-0.013995,-0.001325,0.043733,0.011143,-0.142245,0.000000,-0.117143,-0.666699,0.000000,-0.374518,0.000000,0.000000
-0.096080,-0.115917,-0.015539,-0.001138,0.039944,0.008232,-0.133857,0.000000,-0.068539,-0.774434,0.000000,-0.332982,0.000000,0.000000
-0.096143,-0.118457,-0.016125,-0.001779,0.032250,0.003597,-0.245680,0.000000,-0.207798,-1.000000,0.000000,-0.364335,0.000000,0.000000
-0.096148,-0.120774,-0.016487,-0.001667,0.031201,0.002415,-0.253310,0.000000,-0.232519,-1.000000,0.000000,-0.385844,0.000000,0.000000
-0.095843,-0.122991,-0.016095,-0.001853,0.024931,-0.002412,-0.114906,0.000000,-0.073208,-0.722218,0.000000,-0.400945,0.000000,0.000000
-0.095057,-0.124357,-0.014204,-0.000696,0.010272,-0.012594,-0.095303,0.000000,-0.057378,-0.687060,0.000000,-0.417491,0.000000,0.000000
-0.093790,-0.125609,-0.010930,0.000176,0.002884,-0.017448,-0.205200,0.000000,-0.229893,-0.756228,0.000000,-0.446055,0.000000,0.000000
-0.092772,-0.126556,-0.008165,0.000909,0.001631,-0.016989,-0.186763,0.000000,-0.266765,-0.390603,0.000000,-0.492934,0.000000,0.000000
-0.092444,-0.127923,-0.006935,0.002086,0.012994,-0.008198,-0.044421,0.000000,-0.138209,-0.045199,0.000000,-0.553352,0.000000,0.000000
-0.093134,-0.129790,-0.007694,0.004573,0.024779,0.004661,-0.054259,0.000000,-0.187216,-0.139756,0.000000,-0.576907,0.000000,0.000000
-0.093992,-0.131414,-0.008996,0.003372,0.020620,0.006935,-0.220242,0.000000,-0.336839,-0.686143,0.000000,-0.503481,0.000000,0.000000
-0.094540,-0.132159,-0.009918,0.002159,0.013102,0.006150,-0.268066,0.000000,-0.283158,-1.000000,0.000000,-0.378618,0.000000,0.000000
-0.095497,-0.133077,-0.011584,0.003157,0.016791,0.010241,-0.115775,0.000000,-0.046285,-0.746756,0.000000,-0.331579,0.000000,0.000000
-0.097074,-0.134067,-0.014107,0.006762,0.022509,0.016795,-0.093526,0.000000,-0.005230,-0.552922,0.000000,-0.295879,0.000000,0.000000
-0.098952,-0.135010,-0.016895,0.008392,0.021331,0.017131,-0.298972,0.000000,-0.231900,-0.957457,0.000000,-0.243475,0.000000,0.000000
-0.101486,-0.136570,-0.020635,0.009828,0.028135,0.019946,-0.411705,0.000000,-0.340759,-1.000000,0.000000,-0.186774,0.000000,0.000000
-0.102936,-0.137523,-0.022565,0.008018,0.020200,0.012848,-0.246043,0.000000,-0.131054,-0.944050,0.000000,-0.193994,0.000000,0.000000
-0.104292,-0.138507,-0.024071,0.008395,0.017477,0.009264,-0.195791,0.000000,-0.093433,-0.987187,0.000000,-0.239803,0.000000,0.000000
-0.105268,-0.139648,-0.024790,0.008528,0.017711,0.004791,-0.317632,0.000000,-0.248784,-0.960031,0.000000,-0.232441,0.000000,0.000000
-0.105838,-0.141074,-0.024398,0.007626,0.013330,-0.002091,-0.349383,0.000000,-0.280340,-0.884228,0.000000,-0.220539,0.000000,0.000000
-0.105645,-0.142771,-0.022952,0.005336,0.014472,-0.008892,-0.228981,0.000000,-0.213301,-0.701256,0.000000,-0.346852,0.000000,0.000000
-0.105517,-0.145139,-0.021843,0.004753,0.025718,-0.007384,-0.173290,0.000000,-0.228373,-0.520449,0.000000,-0.460525,0.000000,0.000000
-0.104821,-0.148140,-0.020042,0.001508,0.028551,-0.011074,-0.199074,0.000000,-0.306193,-0.540617,0.000000,-0.553413,0.000000,0.000000
-0.103851,-0.152531,-0.018163,-0.000960,0.038865,-0.010018,-0.212465,0.000000,-0.334972,-0.788754,0.000000,-0.617473,0.000000,0.000000
-0.102901,-0.156258,-0.016715,-0.003289,0.041853,-0.009634,-0.106268,0.000000,-0.244389,-0.708619,0.000000,-0.714580,0.000000,0.000000
-0.101316,-0.159947,-0.014521,-0.005995,0.035409,-0.013495,-0.033381,0.000000,-0.145668,-0.757866,0.000000,-0.775336,0.000000,0.000000
-0.099544,-0.163452,-0.012176,-0.007605,0.035552,-0.015627,-0.076817,0.000000,-0.183222,-0.922382,0.000000,-0.776708,0.000000,0.000000
-0.097336,-0.166906,-0.009198,-0.008006,0.030021,-0.018298,-0.082066,0.000000,-0.188498,-0.829812,0.000000,-0.770474,0.000000,0.000000
-0.095603,-0.171297,-0.007069,-0.006322,0.038522,-0.011353,0.000000,0.000000,-0.108925,-0.701078,0.000000,-0.830846,0.000000,0.000000
-0.094591,-0.174606,-0.005893,-0.004870,0.038015,-0.007825,0.000000,0.000000,-0.107170,-0.630804,0.000000,-0.890973,0.000000,0.000000
-0.093524,-0.177538,-0.004759,-0.005267,0.030818,-0.006973,-0.050819,0.000000,-0.176098,-0.990114,0.000000,-0.852469,0.000000,0.000000
-0.092358,-0.179438,-0.003570,-0.006474,0.019970,-0.007922,-0.072966,0.000000,-0.164597,-1.000000,0.000000,-0.793945,0.000000,0.000000
-0.090890,-0.180607,-0.001971,-0.005814,0.007281,-0.008522,0.000000,0.000000,-0.027342,-0.837927,0.000000,-0.718649,0.000000,0.000000
-0.089520,-0.180973,-0.000287,-0.004897,-0.001335,-0.010348,0.000000,0.000000,0.000000,-0.709928,0.000000,-0.691093,0.014337,0.000000
-0.087986,-0.180767,0.001685,-0.005294,-0.009742,-0.013138,-0.055165,0.000000,-0.099465,-0.714069,0.000000,-0.634652,0.000000,0.000000
-0.087257,-0.180649,0.002506,-0.003115,-0.004089,-0.005045,-0.069668,0.000000,-0.137576,-0.650842,0.000000,-0.627526,0.000000,0.000000
-0.086591,-0.179695,0.003183,-0.002890,-0.011719,-0.003611,0.000000,0.000000,-0.059834,-0.408687,0.000000,-0.667153,0.000000,0.000000
-0.085821,-0.177748,0.004321,-0.001647,-0.029020,-0.007579,-0.007112,0.000000,-0.046940,-0.637691,0.000000,-0.599385,0.000000,0.000000
-0.085302,-0.174972,0.005163,-0.000571,-0.035607,-0.005175,-0.086754,0.000000,-0.107243,-0.718085,0.000000,-0.490731,0.000000,0.000000
-0.085948,-0.173143,0.004264,0.001962,-0.020420,0.005992,-0.076064,0.000000,-0.067194,-0.320251,0.000000,-0.393155,0.000000,0.000000
-0.086948,-0.170925,0.002796,0.002398,-0.021596,0.009021,-0.039355,0.000000,-0.008418,-0.187011,0.000000,-0.337554,0.002382,0.000000
-0.088209,-0.167411,0.001276,0.004593,-0.031874,0.008102,-0.159285,0.000000,-0.160556,-0.760507,0.000000,-0.340716,0.000000,0.000000
-0.089490,-0.164477,-0.000327,0.005643,-0.031982,0.010673,-0.236240,0.000000,-0.235822,-0.883649,0.000000,-0.272937,0.000000,0.000000
-0.090733,-0.161462,-0.001891,0.005174,-0.030563,0.009620,-0.134986,0.000000,-0.016910,-0.407519,0.000000,-0.133599,0.000000,0.000000
-0.091907,-0.159197,-0.003357,0.005549,-0.023727,0.009762,-0.104641,0.000000,0.000000,-0.341272,0.000000,-0.096870,0.000000,0.000000
-0.093384,-0.156449,-0.005088,0.006303,-0.023105,0.009226,-0.268969,0.000000,-0.249338,-0.627297,0.000000,-0.162474,0.000000,0.000000
-0.095257,-0.154259,-0.007377,0.008905,-0.017979,0.014076,-0.305210,0.000000,-0.323938,-0.736341,0.000000,-0.217981,0.000000,0.000000
-0.097659,-0.152752,-0.010515,0.011397,-0.007201,0.020900,-0.142366,0.000000,-0.098331,-0.449476,0.000000,-0.204536,0.000000,0.000000
-0.100442,-0.151371,-0.014007,0.013214,-0.003575,0.021466,-0.157128,0.000000,-0.042436,-0.520036,0.000000,-0.108365,0.000000,0.000000
-0.103042,-0.150104,-0.017137,0.014360,-0.003487,0.020841,-0.407957,0.000000,-0.295099,-1.000000,0.000000,-0.022729,0.000000,0.000000
-0.105417,-0.148032,-0.019368,0.013625,-0.013850,0.011885,-0.466473,0.000000,-0.377809,-1.000000,0.000000,-0.038128,0.000000,0.000000
-0.106606,-0.146101,-0.019696,0.012316,-0.021654,0.002022,-0.265500,0.000000,-0.149088,-0.716765,0.000000,-0.084189,0.000000,0.000000
-0.108058,-0.145522,-0.020582,0.013454,-0.003620,0.005898,-0.192139,0.000000,-0.116609,-0.355263,0.000000,-0.129528,0.000000,0.000000
-0.109303,-0.145663,-0.021137,0.011764,0.003910,0.003414,-0.345095,0.000000,-0.342790,-0.330056,0.000000,-0.152076,0.000000,0.000000
-0.110474,-0.146314,-0.021510,0.010292,0.008012,0.001988,-0.440692,0.000000,-0.496833,-0.784307,0.000000,-0.238765,0.000000,0.000000
-0.111097,-0.146898,-0.021068,0.010633,0.005546,-0.002946,-0.259464,0.000000,-0.366416,-0.662001,0.000000,-0.401119,0.000000,0.000000
-0.111260,-0.147606,-0.020024,0.007656,0.004082,-0.006415,-0.114288,0.000000,-0.152855,-0.432923,0.000000,-0.416399,0.000000,0.000000
-0.110766,-0.147848,-0.018189,0.004614,-0.005104,-0.012226,-0.235443,0.000000,-0.264232,-0.477087,0.000000,-0.375007,0.000000,0.000000
-0.110199,-0.148097,-0.016063,0.004348,-0.005007,-0.011327,-0.349760,0.000000,-0.433877,-0.631405,0.000000,-0.408405,0.000000,0.000000
-0.110024,-0.149119,-0.015062,0.003463,0.008027,-0.006157,-0.194336,0.000000,-0.318632,-0.288456,0.000000,-0.495005,0.000000,0.000000
-0.109569,-0.150011,-0.014134,-0.000256,0.007352,-0.006174,-0.063453,0.000000,-0.154282,-0.127619,0.000000,-0.501593,0.000000,0.000000
-0.109225,-0.151529,-0.013900,-0.002771,0.017060,-0.001441,-0.193038,0.000000,-0.295289,-0.616359,0.000000,-0.506204,0.000000,0.000000
-0.109081,-0.152998,-0.013897,-0.001837,0.018889,-0.000015,-0.274430,0.000000,-0.393805,-0.793103,0.000000,-0.497316,0.000000,0.000000
-0.108641,-0.154604,-0.013565,-0.002884,0.015344,-0.001769,-0.122549,0.000000,-0.159510,-0.744458,0.000000,-0.513365,0.000000,0.000000
-0.107729,-0.156789,-0.012561,-0.005033,0.021891,-0.006183,-0.052265,0.000000,-0.064060,-0.660815,0.000000,-0.516117,0.000000,0.000000
-0.107410,-0.159407,-0.012491,-0.003662,0.033363,-0.000463,-0.188448,0.000000,-0.207148,-0.779557,0.000000,-0.474427,0.000000,0.000000
-0.107682,-0.162516,-0.013320,-0.001693,0.040247,0.005098,-0.203177,0.000000,-0.301909,-0.877193,0.000000,-0.622743,0.000000,0.000000
-0.107969,-0.165935,-0.014238,-0.001871,0.038381,0.004892,-0.111173,0.000000,-0.196683,-0.986748,0.000000,-0.682496,0.000000,0.000000
-0.107683,-0.168314,-0.014219,-0.003546,0.030492,-0.000129,-0.100678,0.000000,-0.096918,-1.000000,0.000000,-0.586992,0.000000,0.000000
-0.107188,-0.170765,-0.013872,-0.003699,0.027716,-0.002136,-0.168649,0.000000,-0.130786,-1.000000,0.000000,-0.514380,0.000000,0.000000
-0.106894,-0.173047,-0.013666,-0.002356,0.028440,-0.001367,-0.173056,0.000000,-0.189204,-1.000000,0.000000,-0.570868,0.000000,0.000000
-0.106202,-0.175236,-0.012301,0.000529,0.017815,-0.007272,-0.117410,0.000000,-0.171798,-0.921009,0.000000,-0.646221,0.000000,0.000000
-0.105295,-0.176460,-0.010285,0.002432,0.006590,-0.012407,-0.102544,0.000000,-0.138239,-0.919323,0.000000,-0.634168,0.000000,0.000000
-0.103845,-0.176958,-0.007281,0.002830,-0.006276,-0.020012,-0.136120,0.000000,-0.187908,-0.730794,0.000000,-0.619629,0.000000,0.000000
-0.101967,-0.176703,-0.003159,0.005010,-0.018814,-0.025347,-0.148675,0.000000,-0.224645,-0.512426,0.000000,-0.616985,0.000000,0.000000
-0.099602,-0.175299,0.001798,0.005130,-0.038178,-0.033003,-0.089134,0.000000,-0.235318,-0.236230,0.000000,-0.701229,0.000000,0.000000
-0.096709,-0.172532,0.007612,0.003350,-0.046887,-0.030980,-0.068758,0.000000,-0.268892,-0.004780,0.000000,-0.731433,0.000000,0.000000
-0.094543,-0.169333,0.011672,0.000501,-0.052457,-0.024967,-0.057010,0.150323,-0.283316,0.000000,0.000000,-0.683269,0.000000,0.000000
-0.092911,-0.165607,0.014384,-0.002393,-0.058197,-0.018063,-0.032125,0.063721,-0.235480,0.000000,0.000000,-0.592671,0.000000,0.000000
-0.091613,-0.161276,0.016003,-0.005399,-0.056997,-0.009953,-0.022975,0.000000,-0.163272,0.000000,0.000000,-0.494067,0.000000,0.000000
-0.090315,-0.156258,0.016762,-0.009387,-0.053853,-0.004044,-0.030432,0.000000,-0.118912,0.000000,0.000000,-0.356817,0.000000,0.000000
-0.090386,-0.153733,0.015000,-0.010188,-0.026012,0.011730,-0.055394,0.000000,-0.100655,0.000000,0.000000,-0.253982,0.000000,0.000000
-0.091595,-0.151446,0.010762,-0.009866,-0.012707,0.026072,-0.048712,0.000000,-0.087185,-0.026852,0.000000,-0.234312,0.000000,0.000000
-0.093289,-0.149281,0.005573,-0.009801,-0.008393,0.034566,-0.104556,0.000000,-0.114182,-0.708802,0.000000,-0.256410,0.000000,0.000000
-0.096779,-0.146937,-0.003464,-0.007297,0.003750,0.048152,-0.190092,0.000000,-0.094038,-1.000000,0.000000,-0.095663,0.000000,0.000000
-0.099579,-0.144185,-0.010877,-0.007067,-0.005430,0.045549,-0.182152,0.000000,0.000000,-1.000000,0.000000,0.000000,0.000000,0.000000
-0.101633,-0.141078,-0.017007,-0.009070,-0.014964,0.040862,-0.255676,0.000000,0.000000,-1.000000,0.000000,0.000000,0.000000,0.000000
-0.104028,-0.137958,-0.024276,-0.009478,-0.009052,0.044645,-0.324566,0.000000,0.000000,-1.000000,0.000000,0.000000,0.000000,0.000000
-0.106300,-0.135590,-0.031260,-0.009385,-0.000674,0.046533,-0.293075,0.000000,0.000000,-1.000000,0.000000,0.000000,0.000000,0.000000
-0.108280,-0.132579,-0.038465,-0.010933,-0.005861,0.038408,-0.309021,0.000000,0.000000,-1.000000,0.000000,0.000000,0.000000,0.000000
-0.109414,-0.130179,-0.043249,-0.010042,-0.008997,0.029404,-0.351735,0.000000,0.000000,-1.000000,0.000000,0.000000,0.000000,0.000000
-0.109996,-0.128097,-0.046249,-0.008232,-0.013455,0.019999,-0.329501,0.000000,0.000000,-1.000000,0.000000,0.000000,0.000000,0.000000
-0.110409,-0.126942,-0.048543,-0.006027,-0.004258,0.014096,-0.308775,0.000000,0.000000,-1.000000,0.000000,0.000000,0.000000,0.000000
-0.109474,-0.126526,-0.048052,-0.007598,-0.006025,-0.002617,-0.311380,0.000000,-0.043745,-0.838224,0.000000,0.000000,0.000000,0.000000
-0.107841,-0.126442,-0.045664,-0.008758,-0.011605,-0.015906,-0.320833,0.000000,-0.131586,-0.827671,0.000000,0.000000,0.000000,0.000000
-0.105234,-0.126548,-0.041298,-0.010243,-0.016162,-0.026855,-0.220922,0.000000,-0.202918,-0.495832,0.000000,-0.194533,0.000000,0.000000
-0.102434,-0.127107,-0.036536,-0.011499,-0.012870,-0.031705,-0.097819,0.038289,-0.193518,-0.088429,0.000000,-0.406991,0.000000,0.000000
-0.098616,-0.128073,-0.030236,-0.013203,-0.010665,-0.033584,-0.034195,0.043491,-0.208328,0.000000,0.000000,-0.540888,0.000000,0.000000
-0.094797,-0.128460,-0.024155,-0.016073,-0.017485,-0.037382,-0.048561,0.000000,-0.270724,0.000000,0.000000,-0.620809,0.000000,0.000000
-0.091048,-0.128489,-0.018528,-0.018815,-0.020914,-0.037480,-0.008395,0.000000,-0.230550,0.000000,0.000000,-0.664284,0.000000,0.000000
-0.087031,-0.128138,-0.012784,-0.020002,-0.023429,-0.035326,0.000000,0.000000,-0.113858,0.000000,0.000000,-0.684136,0.000000,0.000000
-0.083747,-0.127702,-0.008593,-0.020430,-0.020208,-0.027912,0.000000,0.007919,-0.065867,0.000000,0.000000,-0.672586,0.000000,0.000000
-0.080462,-0.127433,-0.005357,-0.020405,-0.011460,-0.017244,0.000000,0.128984,-0.056878,0.000000,0.000000,-0.627703,0.000000,0.000000
-0.078203,-0.127942,-0.004159,-0.021115,0.002461,-0.007368,0.000000,0.022236,-0.028031,0.000000,0.000000,-0.559008,0.000000,0.000000
-0.076948,-0.128284,-0.004798,-0.019431,0.006419,0.004256,0.000000,0.000000,-0.000567,-0.367004,0.000000,-0.515823,0.000000,0.000000
-0.075971,-0.128261,-0.006532,-0.019875,0.004727,0.010659,0.000000,0.000000,0.000000,-0.715805,0.000000,-0.513308,0.000000,0.000000
-0.075119,-0.128473,-0.009611,-0.021495,0.009808,0.016412,0.000000,0.000000,0.000000,-0.895192,0.000000,-0.327119,0.000000,0.000000
-0.074195,-0.129208,-0.012120,-0.024878,0.017104,0.016709,0.000000,0.000000,0.000000,-0.883026,0.000000,-0.158655,0.041044,0.000000
-0.072948,-0.130213,-0.014818,-0.027768,0.019460,0.016586,0.000000,0.000000,0.000000,-1.000000,0.000000,-0.165665,0.046445,0.000000
-0.071706,-0.131133,-0.017425,-0.029643,0.019566,0.017363,0.000000,0.000000,0.000000,-1.000000,0.000000,-0.314934,0.000000,0.000000
-0.069656,-0.131868,-0.019881,-0.031488,0.013290,0.013089,0.000000,0.000000,0.000000,-1.000000,0.000000,-0.322463,0.036306,0.000000
-0.067976,-0.132826,-0.021939,-0.030059,0.016757,0.012659,0.000000,0.000000,0.000000,-1.000000,0.000000,-0.242232,0.122408,0.000000
-0.067834,-0.135175,-0.025614,-0.021472,0.040401,0.024463,0.000000,0.000000,0.000000,-1.000000,0.000000,-0.258043,0.168190,0.000000
-0.067844,-0.137926,-0.029058,-0.017189,0.041446,0.021172,0.000000,0.000000,0.000000,-1.000000,0.000000,-0.328616,0.077551,0.000000
-0.067571,-0.141844,-0.031245,-0.015687,0.056418,0.014565,-0.001759,0.000000,0.000000,-1.000000,0.000000,-0.299083,0.000000,0.000000
-0.066920,-0.147505,-0.032669,-0.013226,0.061397,0.007592,-0.015887,0.000000,0.000000,-1.000000,0.000000,-0.311821,0.000000,0.000000
-0.066140,-0.152712,-0.032857,-0.010281,0.062217,0.001156,0.000000,0.000000,0.000000,-1.000000,0.000000,-0.569608,0.000000,0.000000
-0.065815,-0.157994,-0.033098,-0.005662,0.068587,0.001600,0.000000,0.000000,0.000000,-1.000000,0.000000,-0.739834,0.000000,0.000000
-0.065206,-0.163920,-0.032482,-0.003604,0.068916,-0.003787,0.000000,0.000000,0.000000,-1.000000,0.000000,-0.750798,0.000000,0.000000
-0.064050,-0.170660,-0.030597,-0.001894,0.065400,-0.010044,0.000000,0.000000,0.000000,-1.000000,0.000000,-0.731228,0.000000,0.000000
-0.062478,-0.176354,-0.027897,-0.001563,0.066268,-0.017975,0.000000,0.000000,-0.028573,-1.000000,0.000000,-0.844850,0.000000,0.000000
-0.060143,-0.182854,-0.023953,-0.001734,0.068160,-0.024260,0.000000,0.000000,-0.068436,-1.000000,0.000000,-0.968054,0.000000,0.000000
-0.056898,-0.188409,-0.018857,-0.003984,0.059352,-0.033933,0.000000,0.000000,-0.063445,-1.000000,0.000000,-1.000000,0.000000,0.000000
-0.052742,-0.194774,-0.012582,-0.005113,0.062699,-0.038595,0.000000,0.000000,-0.037844,-1.000000,0.000000,-1.000000,0.038264,0.000000
-0.047069,-0.202510,-0.004397,-0.006661,0.066277,-0.043602,0.000000,0.000000,-0.016559,-0.813051,0.000000,-1.000000,0.146724,0.000000
-0.042033,-0.207632,0.002563,-0.007688,0.053260,-0.046364,0.000000,0.000000,-0.043592,-0.801475,0.000000,-1.000000,0.156091,0.000000
-0.036218,-0.211688,0.010349,-0.008583,0.036675,-0.047867,0.000000,0.000000,-0.119934,-0.916867,0.000000,-1.000000,0.048156,0.000000
-0.031022,-0.214198,0.017201,-0.008123,0.022898,-0.045666,0.000000,0.000000,-0.056228,-0.717317,0.000000,-1.000000,0.125807,0.000000
-0.025295,-0.216344,0.024649,-0.007276,0.015216,-0.039673,0.000000,0.041421,0.000000,-0.335381,0.000000,-1.000000,0.336374,0.000000
-0.020942,-0.216720,0.030338,-0.005724,-0.000493,-0.034967,0.000000,0.105462,0.000000,-0.379938,0.000000,-1.000000,0.278830,0.000000
-0.017745,-0.216351,0.034584,-0.003917,-0.008098,-0.028281,0.000000,0.000000,-0.003852,-0.721346,0.000000,-1.000000,0.000000,0.000000
-0.016366,-0.215987,0.036574,-0.000316,-0.005584,-0.012234,0.000000,0.004039,0.000000,-0.588152,0.000000,-1.000000,0.064702,0.000000
-0.016879,-0.215380,0.036131,0.002187,-0.006006,0.002356,0.000000,0.105791,0.000000,-0.250382,0.000000,-1.000000,0.461537,0.000000
-0.019607,-0.215163,0.032810,0.006211,-0.000376,0.022151,0.000000,0.000000,0.000000,-0.694008,0.000000,-1.000000,0.266499,0.000000
-0.023373,-0.214514,0.028067,0.006678,-0.003947,0.029170,0.000000,0.000000,0.000000,-1.000000,0.025638,-0.820318,0.000000,0.000000
-0.027309,-0.213637,0.023036,0.007054,-0.006182,0.033500,0.000000,0.000000,0.000000,-1.000000,0.017308,-0.447543,0.000000,0.000000
-0.032635,-0.212337,0.016256,0.009273,-0.007948,0.041677,0.000000,0.000000,0.000000,-1.000000,0.000000,-0.298384,0.190905,0.000000
-0.038876,-0.209420,0.008371,0.010213,-0.021039,0.042035,0.000000,0.000000,0.000000,-1.000000,0.000000,-0.334238,0.056414,0.000000
-0.043633,-0.206751,0.002398,0.010712,-0.024441,0.039748,-0.004873,0.000000,0.000000,-1.000000,0.029195,-0.196517,0.000000,0.000000
-0.048509,-0.203813,-0.003538,0.012220,-0.024816,0.036521,-0.052330,0.000000,0.000000,-1.000000,0.000000,0.000000,0.000000,0.000000
-0.053162,-0.201172,-0.008912,0.015672,-0.023036,0.035781,-0.077396,0.000000,0.000000,-1.000000,0.000000,0.000000,0.000000,0.000000
-0.057575,-0.197203,-0.013416,0.016167,-0.032892,0.024005,-0.099884,0.000000,0.000000,-1.000000,0.000000,-0.075652,0.000000,0.000000
-0.060034,-0.193199,-0.015138,0.016553,-0.043827,0.010588,-0.165685,0.000000,0.000000,-1.000000,0.000000,-0.040423,0.000000,0.000000
-0.061352,-0.189796,-0.015096,0.017264,-0.043846,-0.000280,-0.164335,0.000000,0.000000,-0.988569,0.000000,-0.054545,0.000000,0.000000
-0.061965,-0.186646,-0.013502,0.018564,-0.040992,-0.009795,-0.119836,0.000000,-0.010214,-0.554972,0.000000,-0.165065,0.000000,0.000000
-0.062296,-0.184457,-0.010713,0.020254,-0.028047,-0.014865,-0.097293,0.086295,-0.081131,-0.310578,0.000000,-0.316157,0.000000,0.000000
-0.061906,-0.183477,-0.007469,0.019210,-0.020644,-0.021610,-0.112857,0.052734,-0.222803,-0.270333,0.000000,-0.492471,0.000000,0.000000
-0.061063,-0.182531,-0.003482,0.017343,-0.020277,-0.024530,-0.104178,0.000000,-0.291943,-0.375614,0.000000,-0.674806,0.000000,0.000000
-0.059647,-0.182306,0.000855,0.013834,-0.013363,-0.028867,0.000000,0.000000,-0.216300,-0.228586,0.000000,-0.813737,0.000000,0.000000
-0.057558,-0.183423,0.005928,0.009777,0.002249,-0.031186,0.000000,0.000000,-0.097374,-0.066991,0.000000,-0.792616,0.000000,0.000000
-0.055056,-0.184764,0.011303,0.006210,0.004076,-0.028655,0.000000,0.000000,-0.145466,-0.166192,0.000000,-0.890100,0.000000,0.000000
-0.053274,-0.185353,0.014878,0.003816,-0.000235,-0.023806,0.000000,0.000000,-0.236629,-0.422207,0.000000,-1.000000,0.000000,0.000000
-0.051746,-0.185735,0.017811,0.002166,-0.001202,-0.018041,0.000000,0.000000,-0.106917,-0.429164,0.000000,-1.000000,0.000000,0.000000
-0.051010,-0.185607,0.019310,0.001784,-0.004752,-0.009977,0.000000,0.000000,0.000000,-0.319731,0.000000,-0.960816,0.018688,0.000000
-0.051916,-0.185503,0.018366,0.003661,0.000502,0.005032,0.000000,0.000000,0.000000,-0.485299,0.000000,-0.865389,0.049116,0.000000
-0.053401,-0.185041,0.016330,0.003553,-0.001494,0.012526,0.000000,0.000000,0.000000,-0.719992,0.000000,-0.716396,0.000000,0.000000
-0.055280,-0.184330,0.013607,0.003838,-0.003193,0.018124,0.000000,0.000000,0.000000,-1.000000,0.000000,-0.522493,0.000000,0.000000
-0.055962,-0.185482,0.012414,-0.000108,0.016156,0.007339,0.000000,0.000000,0.000000,-1.000000,0.000000,-0.401641,0.000000,0.000000
-0.056335,-0.186518,0.011670,-0.000769,0.015004,0.004950,-0.011470,0.000000,0.000000,-1.000000,0.000000,-0.314714,0.050093,0.000000
-0.056754,-0.187171,0.010887,-0.000408,0.008155,0.004179,0.000000,0.000000,0.000000,-1.000000,0.000000,-0.732429,0.002032,0.000000
-0.057008,-0.186757,0.010758,0.002108,-0.004631,0.000789,0.000000,0.000000,0.000000,-1.000000,0.000000,-0.808718,0.000000,0.000000
-0.057220,-0.185937,0.011270,0.006605,-0.011732,-0.003412,0.000000,0.000000,0.000000,-0.905169,0.000000,-0.564125,0.137703,0.000000
-0.057992,-0.186124,0.011206,0.008708,0.002355,0.000394,0.000000,0.000000,0.000000,-0.677882,0.000000,-0.462302,0.205618,0.000000
-0.058570,-0.186039,0.011694,0.008882,-0.001785,-0.002599,-0.000002,0.000000,-0.037041,-0.626464,0.000000,-0.576553,0.022103,0.000000
-0.058683,-0.185972,0.012615,0.008376,-0.003030,-0.006134,-0.060098,0.000000,-0.192344,-0.998456,0.000000,-0.716381,0.000000,0.000000
-0.058470,-0.184998,0.014162,0.008217,-0.014916,-0.009513,-0.004043,0.000000,-0.080886,-0.784373,0.000000,-0.692465,0.000000,0.000000
-0.058059,-0.183694,0.015969,0.008236,-0.021022,-0.012039,0.000000,0.000000,0.000000,-0.421818,0.000000,-0.655259,0.123868,0.000000
-0.058195,-0.183179,0.017409,0.009959,-0.007982,-0.007678,0.000000,0.000000,0.000000,-0.360677,0.000000,-0.630245,0.087600,0.000000
-0.059031,-0.182564,0.017680,0.011762,-0.007883,-0.001660,-0.009514,0.000000,-0.141794,-0.482315,0.000000,-0.667370,0.000000,0.000000
-0.060072,-0.182086,0.017426,0.011519,-0.005536,0.001691,-0.035837,0.000000,-0.183754,-0.718525,0.000000,-0.731160,0.000000,0.000000
-0.061508,-0.181305,0.016550,0.011099,-0.007308,0.005385,0.000000,0.000000,-0.038495,-0.654139,0.000000,-0.614838,0.000000,0.000000
-0.062660,-0.180119,0.015844,0.009649,-0.013486,0.004701,0.000000,0.000000,0.000000,-0.626255,0.000000,-0.522658,0.000000,0.000000
-0.063753,-0.179668,0.015455,0.008982,-0.003858,0.002072,-0.078999,0.000000,-0.046579,-0.798851,0.000000,-0.463882,0.000000,0.000000
-0.065293,-0.179319,0.014347,0.010858,-0.001493,0.006811,-0.090279,0.000000,-0.073990,-0.743003,0.000000,-0.449831,0.000000,0.000000
-0.066610,-0.178504,0.013536,0.011062,-0.008331,0.005402,-0.017965,0.000000,-0.053319,-0.694554,0.000000,-0.600733,0.000000,0.000000
-0.068430,-0.177244,0.012234,0.012950,-0.011712,0.008011,-0.055960,0.000000,-0.065691,-0.825158,0.000000,-0.544236,0.000000,0.000000
-0.071045,-0.175554,0.010136,0.014885,-0.012689,0.011165,-0.107059,0.000000,-0.059535,-0.755019,0.000000,-0.414258,0.000000,0.000000
-0.073673,-0.174182,0.007825,0.017441,-0.010967,0.015406,-0.129169,0.000000,-0.043044,-0.697664,0.000000,-0.327913,0.000000,0.000000
-0.076406,-0.173125,0.005519,0.017485,-0.006155,0.014173,-0.173369,0.000000,-0.102286,-0.772218,0.000000,-0.304928,0.000000,0.000000
-0.079044,-0.172762,0.003237,0.018000,0.002443,0.015209,-0.242456,0.000000,-0.170176,-0.903917,0.000000,-0.258152,0.000000,0.000000
-0.082264,-0.172224,0.000557,0.018199,0.001376,0.014288,-0.211661,0.000000,-0.159131,-0.864830,0.000000,-0.316295,0.000000,0.000000
-0.086094,-0.172513,-0.003094,0.022075,0.014752,0.022439,-0.174957,0.000000,-0.135653,-0.884550,0.000000,-0.379154,0.000000,0.000000
-0.089392,-0.172616,-0.005951,0.022528,0.011360,0.019026,-0.219253,0.000000,-0.163318,-0.892551,0.000000,-0.330543,0.000000,0.000000
-0.092311,-0.172487,-0.008029,0.021308,0.005435,0.012775,-0.338288,0.000000,-0.221663,-1.000000,0.000000,-0.230705,0.000000,0.000000
-0.094339,-0.172838,-0.008936,0.019767,0.007907,0.006046,-0.327679,0.000000,-0.243030,-1.000000,0.000000,-0.264726,0.000000,0.000000
-0.095488,-0.174364,-0.008083,0.016585,0.013097,-0.004545,-0.239453,0.000000,-0.212051,-0.820973,0.000000,-0.359073,0.000000,0.000000
-0.095653,-0.175670,-0.006149,0.014556,0.008655,-0.011885,-0.202986,0.000000,-0.231736,-0.711863,0.000000,-0.477040,0.000000,0.000000
-0.095107,-0.176535,-0.003452,0.012169,0.000784,-0.017980,-0.183029,0.000000,-0.322900,-0.674548,0.000000,-0.691105,0.000000,0.000000
-0.095394,-0.178501,-0.002070,0.012510,0.018445,-0.008490,-0.142444,0.000000,-0.317756,-0.515271,0.000000,-0.760364,0.000000,0.000000
-0.096062,-0.180827,-0.001444,0.010493,0.022009,-0.003341,-0.062198,0.000000,-0.205426,-0.265850,0.000000,-0.735628,0.000000,0.000000
-0.096845,-0.182673,-0.001699,0.008190,0.024724,0.001702,-0.120037,0.000000,-0.238038,-0.746473,0.000000,-0.731722,0.000000,0.000000
-0.098445,-0.185723,-0.003350,0.007772,0.042211,0.010156,-0.204878,0.000000,-0.335231,-1.000000,0.000000,-0.712622,0.000000,0.000000
-0.100985,-0.189526,-0.006476,0.009257,0.061430,0.020814,-0.142945,0.000000,-0.171910,-1.000000,0.000000,-0.624268,0.000000,0.000000
-0.104455,-0.193840,-0.010687,0.010000,0.058282,0.022428,-0.086200,0.000000,-0.065846,-1.000000,0.000000,-0.632530,0.000000,0.000000
-0.107537,-0.197448,-0.014280,0.010704,0.057009,0.022107,-0.232110,0.000000,-0.210471,-1.000000,0.000000,-0.618721,0.000000,0.000000
-0.109646,-0.201305,-0.016612,0.008560,0.059797,0.015529,-0.332146,0.000000,-0.286542,-1.000000,0.000000,-0.526679,0.000000,0.000000
-0.111230,-0.205366,-0.018255,0.006474,0.054951,0.010103,-0.246428,0.000000,-0.201581,-1.000000,0.000000,-0.564516,0.000000,0.000000
-0.112456,-0.209200,-0.019480,0.005623,0.054852,0.008164,-0.137965,0.000000,-0.190427,-1.000000,0.000000,-0.769533,0.000000,0.000000
-0.113306,-0.214238,-0.020206,0.003833,0.054447,0.003864,-0.170952,0.000000,-0.247290,-1.000000,0.000000,-0.793518,0.000000,0.000000
-0.113421,-0.218602,-0.020195,0.001448,0.051780,-0.000067,-0.204535,0.000000,-0.237794,-1.000000,0.000000,-0.730774,0.000000,0.000000
-0.113249,-0.222283,-0.019947,-0.000015,0.046179,-0.001649,-0.133794,0.000000,-0.201554,-1.000000,0.000000,-0.826598,0.000000,0.000000
-0.113278,-0.225869,-0.019963,0.000208,0.042656,0.000095,-0.080504,0.000000,-0.200683,-1.000000,0.000000,-0.929914,0.000000,0.000000
-0.112895,-0.229240,-0.019595,-0.001253,0.033322,-0.001960,-0.097518,0.000000,-0.192562,-1.000000,0.000000,-0.878527,0.000000,0.000000
-0.112265,-0.230877,-0.018805,-0.000779,0.017472,-0.005265,-0.124420,0.000000,-0.169874,-1.000000,0.000000,-0.787254,0.000000,0.000000
-0.110965,-0.231795,-0.017172,-0.001345,0.004098,-0.010039,-0.094965,0.000000,-0.150321,-1.000000,0.000000,-0.793151,0.000000,0.000000
-0.108926,-0.232197,-0.014747,-0.003481,-0.005622,-0.016155,-0.085441,0.000000,-0.152998,-1.000000,0.000000,-0.767853,0.000000,0.000000
-0.105435,-0.231597,-0.010679,-0.005295,-0.020282,-0.021663,-0.073584,0.000000,-0.145049,-0.863864,0.000000,-0.741013,0.000000,0.000000
-0.102229,-0.230040,-0.006968,-0.005924,-0.032904,-0.022826,-0.015168,0.000000,-0.122956,-0.627502,0.000000,-0.796141,0.000000,0.000000
-0.100499,-0.227882,-0.004834,-0.002377,-0.036521,-0.014220,0.000000,0.000000,-0.110917,-0.395611,0.000000,-0.830125,0.000213,0.000000
-0.098762,-0.224279,-0.002711,-0.002553,-0.050638,-0.013043,0.000000,0.000000,-0.113032,-0.314577,0.000000,-0.761432,0.000000,0.000000
-0.097107,-0.219766,-0.000924,-0.005072,-0.065159,-0.011914,-0.062649,0.000000,-0.129742,-0.523953,0.000000,-0.580393,0.000000,0.000000
-0.095114,-0.212488,0.001175,-0.005569,-0.081379,-0.011180,-0.063664,0.000000,-0.102676,-0.371603,0.000000,-0.463993,0.000000,0.000000
-0.094245,-0.206269,0.001798,-0.005385,-0.076047,-0.003828,0.000000,0.015663,-0.002132,-0.078887,0.000000,-0.378950,0.000000,0.000000
-0.094776,-0.200987,0.000577,-0.003337,-0.063257,0.008131,-0.010635,0.154216,-0.006408,0.000000,0.000000,-0.250027,0.000000,0.000000
-0.096142,-0.194859,-0.001665,-0.000558,-0.064776,0.013787,-0.128455,0.000000,-0.130375,-0.234288,0.000000,-0.178168,0.000000,0.000000
-0.098746,-0.188797,-0.005944,-0.000073,-0.048867,0.022794,-0.215739,0.000000,-0.188919,-0.675339,0.000000,-0.131681,0.000000,0.000000
-0.101408,-0.184703,-0.010426,0.000178,-0.034545,0.029857,-0.176930,0.000000,-0.074169,-0.509054,0.000000,0.000000,0.000000,0.000000
-0.104394,-0.180763,-0.015503,0.000636,-0.027289,0.031222,-0.168061,0.000000,0.000000,-0.680501,0.000000,0.000000,0.000000,0.000000
-0.107221,-0.177269,-0.020237,0.001919,-0.024700,0.031525,-0.296596,0.000000,-0.129515,-1.000000,0.000000,0.000000,0.000000,0.000000
-0.109818,-0.174237,-0.024729,0.001262,-0.017823,0.027614,-0.362644,0.000000,-0.163778,-1.000000,0.000000,0.000000,0.000000,0.000000
-0.111691,-0.171576,-0.028201,-0.000219,-0.014958,0.018508,-0.286729,0.000000,-0.038174,-1.000000,0.000000,0.000000,0.000000,0.000000
-0.112623,-0.169525,-0.029792,0.000975,-0.019161,0.010594,-0.251625,0.000000,-0.049223,-0.995030,0.000000,0.000000,0.000000,0.000000
-0.112968,-0.167561,-0.030159,0.001786,-0.021772,0.002255,-0.299137,0.000000,-0.174405,-0.936686,0.000000,-0.067986,0.000000,0.000000
-0.112235,-0.165651,-0.028485,0.001924,-0.032165,-0.011145,-0.301032,0.000000,-0.228553,-0.719543,0.000000,-0.131996,0.000000,0.000000
-0.110210,-0.163853,-0.024693,-0.000454,-0.032145,-0.020214,-0.217015,0.000000,-0.195179,-0.450012,0.000000,-0.233484,0.000000,0.000000
-0.107853,-0.162917,-0.020609,-0.002911,-0.027722,-0.025103,-0.150808,0.000000,-0.233235,-0.069933,0.000000,-0.371420,0.000000,0.000000
-0.105238,-0.161950,-0.016401,-0.005823,-0.030601,-0.028035,-0.130579,0.000000,-0.307234,0.000000,0.000000,-0.520684,0.000000,0.000000
-0.102414,-0.161130,-0.012165,-0.007820,-0.026177,-0.026038,-0.090104,0.000000,-0.340048,-0.025575,0.000000,-0.644558,0.000000,0.000000
-0.099151,-0.159845,-0.007736,-0.010410,-0.027731,-0.023604,-0.006959,0.000000,-0.232423,0.000000,0.000000,-0.638126,0.000000,0.000000
-0.096730,-0.158601,-0.004859,-0.012495,-0.027426,-0.019154,0.000000,0.000000,-0.146136,0.000000,0.000000,-0.613955,0.000000,0.000000
-0.094678,-0.157408,-0.003034,-0.013544,-0.020714,-0.011220,-0.001755,0.000000,-0.158773,-0.064969,0.000000,-0.575711,0.000000,0.000000
-0.094522,-0.156520,-0.004074,-0.008615,-0.007432,0.006925,-0.018463,0.000000,-0.145296,-0.196385,0.000000,-0.522763,0.000000,0.000000
-0.096873,-0.156207,-0.009138,-0.001510,0.014378,0.031145,-0.013436,0.000000,-0.092147,-0.400529,0.000000,-0.479333,0.000000,0.000000
-0.100550,-0.155682,-0.016730,-0.000214,0.018817,0.040438,-0.134932,0.000000,-0.083500,-0.896776,0.000000,-0.275601,0.000000,0.000000
-0.103670,-0.155070,-0.023292,-0.000866,0.019232,0.043750,-0.340972,0.000000,-0.113565,-1.000000,0.000000,0.000000,0.000000,0.000000
-0.107667,-0.154645,-0.031421,0.000833,0.026961,0.049956,-0.353175,0.000000,-0.042136,-1.000000,0.000000,0.000000,0.000000,0.000000
-0.111344,-0.154935,-0.038871,0.001129,0.036679,0.049626,-0.291001,0.000000,-0.026201,-1.000000,0.000000,0.000000,0.000000,0.000000
-0.115243,-0.156313,-0.046789,0.000817,0.043139,0.042163,-0.389441,0.000000,-0.080064,-1.000000,0.000000,0.000000,0.000000,0.000000
-0.118122,-0.158139,-0.052460,0.001341,0.046376,0.034898,-0.443684,0.000000,-0.152745,-1.000000,0.000000,0.000000,0.000000,0.000000
-0.121304,-0.161636,-0.058146,0.004849,0.072430,0.037868,-0.385509,0.000000,-0.170650,-1.000000,0.000000,-0.029881,0.000000,0.000000
-0.124326,-0.165796,-0.063129,0.006009,0.072129,0.030625,-0.334742,0.000000,-0.188001,-1.000000,0.000000,-0.165325,0.000000,0.000000
-0.127722,-0.171856,-0.068281,0.007496,0.083303,0.027465,-0.393212,0.000000,-0.288495,-1.000000,0.000000,-0.290899,0.000000,0.000000
-0.129415,-0.177117,-0.070719,0.004889,0.080321,0.016245,-0.409998,0.000000,-0.316677,-1.000000,0.000000,-0.324708,0.000000,0.000000
-0.130480,-0.183123,-0.072222,0.002741,0.078533,0.009236,-0.360487,0.000000,-0.290292,-1.000000,0.000000,-0.428366,0.000000,0.000000
-0.130755,-0.188962,-0.072505,0.001449,0.076595,0.001880,-0.282655,0.000000,-0.292471,-1.000000,0.000000,-0.595071,0.000000,0.000000
-0.130478,-0.195372,-0.071958,0.000560,0.073445,-0.003363,-0.265263,0.000000,-0.301894,-1.000000,0.000000,-0.667277,0.000000,0.000000
-0.128516,-0.202707,-0.069216,-0.002820,0.063970,-0.014611,-0.247487,0.000000,-0.296249,-1.000000,0.000000,-0.720281,0.000000,0.000000
-0.125664,-0.208208,-0.065400,-0.005313,0.051125,-0.025423,-0.211195,0.000000,-0.285142,-1.000000,0.000000,-0.786534,0.000000,0.000000
-0.121375,-0.213628,-0.059848,-0.007567,0.038684,-0.034120,-0.122032,0.000000,-0.265625,-1.000000,0.000000,-0.932513,0.000000,0.000000
-0.117300,-0.218307,-0.054735,-0.008082,0.035471,-0.034068,-0.049056,0.000000,-0.244429,-1.000000,0.000000,-1.000000,0.000000,0.000000
-0.110835,-0.222996,-0.046929,-0.011077,0.019327,-0.041600,0.000000,0.000000,-0.208142,-0.806743,0.000000,-1.000000,0.000000,0.000000
-0.104806,-0.226477,-0.039939,-0.013125,0.013066,-0.042956,0.000000,0.000000,-0.189365,-0.788335,0.000000,-1.000000,0.000000,0.000000
-0.099601,-0.230128,-0.034212,-0.014321,0.023169,-0.038158,0.000000,0.000000,-0.186200,-0.574814,0.000000,-1.000000,0.000000,0.000000
-0.093779,-0.233089,-0.028094,-0.016381,0.012921,-0.037589,0.000000,0.000000,-0.132741,-0.488034,0.000000,-1.000000,0.019902,0.000000
-0.087115,-0.235505,-0.021444,-0.018276,0.005234,-0.035463,0.000000,0.000000,-0.134717,-0.797193,0.000000,-1.000000,0.000000,0.000000
-0.082216,-0.236462,-0.016816,-0.018821,-0.003654,-0.030805,0.000000,0.000000,-0.095741,-0.766663,0.000000,-1.000000,0.000000,0.000000
-0.077629,-0.236480,-0.012674,-0.017857,-0.012251,-0.025474,0.000000,0.000000,0.000000,-0.552417,0.000000,-1.000000,0.159887,0.000000
-0.073783,-0.235000,-0.009225,-0.016447,-0.029681,-0.022975,0.000000,0.000000,0.000000,-0.566613,0.000000,-1.000000,0.198531,0.000000
-0.070721,-0.232056,-0.006708,-0.014268,-0.041778,-0.015469,0.000000,0.000000,0.000000,-0.805869,0.000000,-0.986383,0.048850,0.000000
-0.068190,-0.226672,-0.004962,-0.012931,-0.059367,-0.009312,0.000000,0.000000,0.000000,-0.645294,0.000000,-0.800754,0.108824,0.000000
-0.067354,-0.221152,-0.004916,-0.010335,-0.071117,-0.000303,0.000000,0.000000,0.000000,-0.424836,0.000000,-0.542795,0.331094,0.000000
-0.068063,-0.214798,-0.006804,-0.007126,-0.070558,0.011594,0.000000,0.000000,0.000000,-0.412753,0.000000,-0.363348,0.226091,0.000000
-0.068788,-0.208806,-0.008759,-0.007637,-0.071666,0.013027,0.000000,0.000000,0.000000,-0.616077,0.000000,-0.196515,0.000000,0.000000
-0.069899,-0.202498,-0.011560,-0.007442,-0.058593,0.014929,-0.027913,0.000000,0.000000,-0.769763,0.000000,-0.022270,0.000000,0.000000
-0.071013,-0.197111,-0.014184,-0.006566,-0.057016,0.016132,0.000000,0.000000,0.000000,-0.550114,0.000000,-0.003133,0.021117,0.000000
-0.071789,-0.192241,-0.016244,-0.006416,-0.056708,0.013730,0.000000,0.000000,0.000000,-0.648237,0.000000,-0.108919,0.000000,0.000000
-0.072646,-0.187744,-0.018420,-0.005398,-0.047488,0.013371,-0.047252,0.000000,0.000000,-0.755951,0.000000,-0.081675,0.000000,0.000000
-0.075710,-0.184733,-0.023454,0.001065,-0.018917,0.026839,-0.049044,0.000000,0.000000,-0.655663,0.000000,-0.019699,0.000000,0.000000
-0.078610,-0.183294,-0.027858,0.004520,-0.004804,0.029280,-0.049824,0.000000,0.000000,-0.694499,0.000000,-0.075600,0.000000,0.000000
-0.081223,-0.181968,-0.031619,0.005387,-0.004571,0.023158,-0.200567,0.000000,-0.034319,-1.000000,0.000000,-0.078243,0.000000,0.000000
-0.083344,-0.180968,-0.034402,0.006848,-0.003637,0.018528,-0.267500,0.000000,-0.091161,-1.000000,0.000000,-0.084662,0.000000,0.000000
-0.084824,-0.180106,-0.036025,0.006631,-0.005168,0.009983,-0.192110,0.000000,-0.023712,-1.000000,0.000000,-0.139143,0.000000,0.000000
-0.085710,-0.180002,-0.036345,0.007246,-0.000189,0.001708,-0.160498,0.000000,-0.030630,-1.000000,0.000000,-0.209479,0.000000,0.000000
-0.085638,-0.180155,-0.035174,0.007605,-0.002068,-0.007804,-0.193682,0.000000,-0.111911,-1.000000,0.000000,-0.274363,0.000000,0.000000
-0.084206,-0.180685,-0.031759,0.005997,-0.004491,-0.020990,-0.179029,0.000000,-0.165097,-0.906242,0.000000,-0.414308,0.000000,0.000000
-0.082102,-0.181512,-0.027362,0.005153,-0.004109,-0.029298,-0.096066,0.000000,-0.145289,-0.633982,0.000000,-0.551500,0.000000,0.000000
-0.079455,-0.182877,-0.021719,0.006002,-0.000637,-0.030071,0.000000,0.000000,-0.136620,-0.334671,0.000000,-0.740804,0.000000,0.000000
-0.076618,-0.183943,-0.016217,0.003976,-0.003317,-0.033804,0.000000,0.000000,-0.210300,-0.281198,0.000000,-0.888910,0.000000,0.000000
-0.073522,-0.184096,-0.010524,0.002657,-0.015290,-0.037957,-0.020861,0.000000,-0.256142,-0.424199,0.000000,-0.906868,0.000000,0.000000
-0.069938,-0.183723,-0.004297,0.000365,-0.021088,-0.038287,0.000000,0.000000,-0.161498,-0.285109,0.000000,-0.935577,0.000000,0.000000
-0.066641,-0.182757,0.001139,-0.001915,-0.027417,-0.036180,0.000000,0.000000,-0.059594,0.000000,0.000000,-0.925547,0.000000,0.000000
-0.063371,-0.180490,0.006534,-0.001681,-0.034665,-0.028747,0.000000,0.043546,-0.064306,0.000000,0.000000,-0.910024,0.016558,0.000000
-0.061234,-0.177575,0.009948,-0.002341,-0.042581,-0.021006,0.000000,0.042801,-0.087351,-0.056945,0.000000,-0.860372,0.000000,0.000000
-0.059829,-0.174234,0.011913,-0.003948,-0.047739,-0.013079,0.000000,0.000000,-0.021546,-0.104067,0.000000,-0.702198,0.000000,0.000000
-0.058988,-0.170086,0.012694,-0.004917,-0.051003,-0.004803,0.000000,0.000000,0.000000,-0.084290,0.000000,-0.530253,0.000000,0.000000
-0.059050,-0.164428,0.011704,-0.004803,-0.056332,0.005279,0.000000,0.000000,0.000000,-0.147403,0.000000,-0.403007,0.000000,0.000000
-0.059801,-0.159622,0.009540,-0.004692,-0.056564,0.014408,0.000000,0.000000,0.000000,-0.255053,0.000000,-0.292658,0.000000,0.000000
-0.062232,-0.155263,0.004421,-0.001525,-0.040080,0.031463,0.000000,0.000000,0.000000,-0.337249,0.000000,-0.078500,0.000000,0.000000
-0.065280,-0.152594,-0.001844,0.000057,-0.018198,0.041751,-0.029737,0.000000,0.000000,-0.463532,0.000000,0.000000,0.000000,0.000000
-0.070226,-0.150559,-0.011643,0.002880,0.000479,0.052168,-0.155687,0.000000,0.000000,-0.972804,0.000000,0.000000,0.000000,0.000000
-0.074558,-0.149032,-0.020120,0.004132,0.004708,0.052148,-0.222907,0.000000,0.000000,-1.000000,0.000000,0.000000,0.000000,0.000000
-0.078315,-0.147906,-0.027448,0.004451,0.008105,0.048849,-0.261963,0.000000,0.000000,-1.000000,0.000000,0.000000,0.000000,0.000000
-0.081946,-0.146574,-0.034507,0.004400,0.005233,0.043385,-0.290531,0.000000,0.000000,-1.000000,0.000000,0.000000,0.000000,0.000000
-0.084808,-0.145865,-0.039992,0.004485,0.009325,0.036532,-0.302166,0.000000,0.000000,-1.000000,0.000000,0.000000,0.000000,0.000000
-0.088278,-0.145989,-0.046146,0.006843,0.018425,0.032789,-0.308017,0.000000,0.000000,-1.000000,0.000000,0.000000,0.000000,0.000000
-0.090398,-0.145761,-0.049670,0.006042,0.008991,0.021650,-0.302989,0.000000,-0.002674,-1.000000,0.000000,0.000000,0.000000,0.000000
-0.091602,-0.145089,-0.051702,0.003550,-0.001179,0.013541,-0.335573,0.000000,-0.089129,-1.000000,0.000000,0.000000,0.000000,0.000000
-0.092208,-0.144547,-0.052102,0.005026,-0.005070,0.002458,-0.309093,0.000000,-0.123600,-1.000000,0.000000,-0.008000,0.000000,0.000000
-0.091590,-0.143574,-0.049041,0.007995,-0.019080,-0.016323,-0.220367,0.000000,-0.068175,-0.919459,0.000000,-0.058954,0.000000,0.000000
-0.090625,-0.143174,-0.045410,0.008728,-0.018463,-0.024183,-0.191748,0.000000,-0.124906,-0.627908,0.000000,-0.194339,0.000000,0.000000
-0.088948,-0.142845,-0.040265,0.007691,-0.021050,-0.031614,-0.204535,0.125815,-0.265572,-0.127704,0.000000,-0.346385,0.000000,0.000000
-0.086742,-0.142968,-0.034521,0.004971,-0.018764,-0.038259,-0.171450,0.080053,-0.315095,-0.022907,0.000000,-0.485702,0.000000,0.000000
-0.084813,-0.144295,-0.029078,0.005436,-0.001396,-0.029009,-0.083557,0.000000,-0.320761,0.000000,0.000000,-0.637421,0.000000,0.000000
-0.084233,-0.146967,-0.026722,0.005813,0.024308,-0.014483,0.000000,0.000000,-0.280709,0.000000,0.000000,-0.753909,0.000000,0.000000
-0.084131,-0.149607,-0.025576,0.005502,0.030083,-0.007636,-0.040351,0.000000,-0.252811,-0.205148,0.000000,-0.706259,0.000000,0.000000
-0.084866,-0.152964,-0.026057,0.006040,0.041363,0.002960,-0.129558,0.000000,-0.255670,-0.869670,0.000000,-0.654738,0.000000,0.000000
-0.085981,-0.156531,-0.027599,0.004830,0.051177,0.010268,-0.131300,0.000000,-0.211454,-1.000000,0.000000,-0.626763,0.000000,0.000000
-0.087942,-0.161411,-0.030711,0.004475,0.058910,0.016576,-0.105142,0.000000,-0.055958,-1.000000,0.000000,-0.518292,0.000000,0.000000
-0.089950,-0.166080,-0.033950,0.004392,0.066155,0.019916,-0.130992,0.000000,-0.041894,-1.000000,0.000000,-0.480299,0.000000,0.000000
-0.091489,-0.169997,-0.036249,0.004399,0.058822,0.015327,-0.229846,0.000000,-0.149365,-1.000000,0.000000,-0.468059,0.000000,0.000000
-0.092790,-0.174056,-0.038037,0.004119,0.054303,0.010990,-0.242870,0.000000,-0.171067,-1.000000,0.000000,-0.497772,0.000000,0.000000
-0.093851,-0.178720,-0.039293,0.003866,0.051756,0.006689,-0.155915,0.000000,-0.106686,-1.000000,0.000000,-0.554861,0.000000,0.000000
-0.094454,-0.182317,-0.039708,0.004749,0.047821,0.002764,-0.129416,0.000000,-0.098411,-1.000000,0.000000,-0.590416,0.000000,0.000000
-0.094195,-0.185661,-0.038780,0.003242,0.036455,-0.005708,-0.170621,0.000000,-0.157690,-1.000000,0.000000,-0.607142,0.000000,0.000000
-0.093052,-0.188113,-0.036607,0.001622,0.023305,-0.014468,-0.177918,0.000000,-0.182906,-1.000000,0.000000,-0.629335,0.000000,0.000000
-0.090382,-0.190758,-0.032212,-0.000655,0.014187,-0.023424,-0.086976,0.000000,-0.133255,-1.000000,0.000000,-0.709924,0.000000,0.000000
-0.087521,-0.192591,-0.027574,-0.000852,0.006365,-0.028509,-0.013853,0.000000,-0.098589,-0.814271,0.000000,-0.770300,0.000000,0.000000
-0.084342,-0.193668,-0.022449,-0.000865,-0.003952,-0.034161,0.000000,0.000000,-0.109241,-0.562292,0.000000,-0.833088,0.008496,0.000000
-0.080192,-0.194230,-0.016061,-0.002922,-0.012950,-0.039248,0.000000,0.000000,-0.155534,-0.463932,0.000000,-0.884183,0.000000,0.000000
-0.076223,-0.193828,-0.010134,-0.004354,-0.023940,-0.039480,0.000000,0.000000,-0.171851,-0.316484,0.000000,-0.940061,0.000000,0.000000
-0.072527,-0.192500,-0.004721,-0.004007,-0.026713,-0.028852,0.000000,0.010788,-0.105301,-0.090681,0.000000,-0.994179,0.019311,0.000000
-0.071434,-0.191075,-0.003258,-0.002455,-0.020823,-0.008979,0.000000,0.025120,-0.038763,0.000000,0.000000,-0.930942,0.036567,0.000000
-0.071371,-0.189166,-0.003633,-0.003706,-0.023510,0.002499,0.000000,0.000000,-0.017266,-0.275662,0.000000,-0.733469,0.000000,0.000000
-0.071872,-0.186442,-0.005226,-0.005284,-0.028066,0.009794,-0.006888,0.000000,-0.012087,-0.819720,0.000000,-0.472838,0.000000,0.000000
-0.072690,-0.181369,-0.007278,-0.003933,-0.047367,0.010932,-0.029294,0.000000,0.000000,-0.893282,0.000000,-0.312037,0.000000,0.000000
-0.073175,-0.176017,-0.008429,-0.002194,-0.065445,0.007667,-0.022309,0.000000,0.000000,-0.765787,0.000000,-0.185680,0.048169,0.000000
-0.073839,-0.169796,-0.009819,-0.001232,-0.070052,0.008550,-0.054814,0.000000,0.000000,-0.506177,0.000000,-0.006312,0.104877,0.000000
-0.074542,-0.163768,-0.011050,0.000593,-0.073807,0.008199,-0.094603,0.077352,0.000000,-0.249187,0.000000,0.000000,0.046501,0.000000
-0.075984,-0.157457,-0.013141,0.004374,-0.069086,0.012856,-0.138282,0.071966,-0.027596,-0.262096,0.000000,0.000000,0.000000,0.000000
-0.077924,-0.150771,-0.016026,0.005304,-0.061624,0.015375,-0.167040,0.000000,-0.058513,-0.239312,0.000000,0.000000,0.000000,0.015115
-0.079487,-0.146297,-0.018489,0.005138,-0.049735,0.016407,-0.213616,0.000000,-0.049043,-0.306607,0.000000,0.000000,0.000000,0.052335
-0.080966,-0.142788,-0.020903,0.004403,-0.034425,0.014830,-0.235119,0.000000,-0.061818,-0.370799,0.000000,0.000000,0.000000,0.040973
-0.082820,-0.140213,-0.023886,0.006694,-0.023293,0.019879,-0.239636,0.000000,-0.082132,-0.488953,0.000000,0.000000,0.000000,0.000000
-0.085522,-0.137888,-0.028239,0.008148,-0.012124,0.023183,-0.221751,0.000000,-0.109249,-0.610544,0.000000,0.000000,0.000000,0.000000
-0.087486,-0.136828,-0.031317,0.007528,-0.002696,0.018941,-0.268692,0.000000,-0.109364,-0.814243,0.000000,0.000000,0.000000,0.000000
-0.088886,-0.136293,-0.033303,0.007057,0.000174,0.013222,-0.307956,0.000000,-0.123878,-0.964207,0.000000,0.000000,0.000000,0.000000
-0.089373,-0.137747,-0.033563,0.004460,0.018130,0.001597,-0.268568,0.000000,-0.121179,-0.915807,0.000000,-0.019316,0.000000,0.000000
-0.088877,-0.140444,-0.031889,0.002360,0.022921,-0.008916,-0.221930,0.000000,-0.113260,-0.766553,0.000000,-0.120047,0.000000,0.000000
-0.087953,-0.142889,-0.029602,0.001131,0.023300,-0.015245,-0.155272,0.000000,-0.213823,-0.779711,0.000000,-0.486091,0.000000,0.000000
-0.086350,-0.145922,-0.026212,-0.000916,0.024977,-0.020841,-0.106184,0.000000,-0.273150,-0.711108,0.000000,-0.710213,0.000000,0.000000
-0.084651,-0.148833,-0.022810,-0.001723,0.025683,-0.022656,-0.038579,0.000000,-0.140419,-0.558809,0.000000,-0.687665,0.000000,0.000000
-0.082461,-0.151679,-0.018494,-0.001950,0.020296,-0.026517,0.000000,0.000000,-0.077717,-0.473614,0.000000,-0.751113,0.000000,0.000000
-0.080018,-0.154653,-0.013542,-0.000754,0.017600,-0.026396,-0.023523,0.000000,-0.191743,-0.593990,0.000000,-0.834702,0.000000,0.000000
-0.078052,-0.157164,-0.009737,-0.001440,0.020133,-0.025337,-0.028092,0.000000,-0.221836,-0.523628,0.000000,-0.862089,0.000000,0.000000
-0.076649,-0.162622,-0.007117,-0.001262,0.057226,-0.016112,0.000000,0.000000,-0.108204,-0.369428,0.000000,-0.845917,0.000000,0.000000
-0.076487,-0.169087,-0.006670,0.000847,0.081769,-0.002978,0.000000,0.000000,-0.083548,-0.432224,0.000000,-0.892926,0.000000,0.000000
-0.077007,-0.177976,-0.007359,0.001582,0.093114,0.003672,0.000000,0.000000,-0.228226,-1.000000,0.000000,-1.000000,0.000000,0.000000
-0.078027,-0.184927,-0.008829,0.002376,0.086825,0.009041,-0.043360,0.000000,-0.235120,-1.000000,0.000000,-1.000000,0.000000,0.000000
-0.079511,-0.190459,-0.010948,0.003265,0.077892,0.014118,0.000000,0.000000,-0.051870,-1.000000,0.000000,-0.994492,0.000000,0.000000
-0.082652,-0.196480,-0.015154,0.007495,0.084133,0.025857,0.000000,0.000000,-0.009055,-1.000000,0.000000,-0.893286,0.000000,0.000000
-0.087342,-0.202195,-0.021069,0.010831,0.074864,0.031486,-0.118520,0.000000,-0.080515,-1.000000,0.000000,-0.717584,0.000000,0.000000
-0.092207,-0.205936,-0.026915,0.015005,0.069246,0.038977,-0.230870,0.000000,-0.146555,-1.000000,0.000000,-0.605108,0.000000,0.000000
-0.098013,-0.209548,-0.033688,0.017170,0.066724,0.041642,-0.244127,0.000000,-0.130022,-1.000000,0.000000,-0.526985,0.000000,0.000000
-0.103119,-0.213100,-0.039444,0.017149,0.068929,0.038353,-0.280231,0.000000,-0.114305,-1.000000,0.000000,-0.403213,0.000000,0.000000
-0.107981,-0.215688,-0.044780,0.015457,0.051546,0.032773,-0.351421,0.000000,-0.174089,-1.000000,0.000000,-0.336383,0.000000,0.000000
-0.112722,-0.217309,-0.049741,0.014345,0.034277,0.026452,-0.359866,0.000000,-0.253100,-1.000000,0.000000,-0.439716,0.000000,0.000000
-0.115495,-0.218148,-0.052458,0.011839,0.023245,0.018079,-0.318880,0.000000,-0.219105,-1.000000,0.000000,-0.413142,0.000000,0.000000
-0.117208,-0.218933,-0.053878,0.008798,0.015473,0.008735,-0.297499,0.000000,-0.154992,-1.000000,0.000000,-0.312083,0.000000,0.000000
-0.117516,-0.218945,-0.053658,0.005920,-0.000894,-0.001468,-0.296024,0.000000,-0.194097,-1.000000,0.000000,-0.345858,0.000000,0.000000
-0.116071,-0.218368,-0.051148,0.002934,-0.015397,-0.013375,-0.277735,0.000000,-0.265508,-1.000000,0.000000,-0.467390,0.000000,0.000000
-0.113767,-0.218064,-0.047716,0.000676,-0.018304,-0.021083,-0.203873,0.000000,-0.218096,-1.000000,0.000000,-0.494787,0.000000,0.000000
-0.110729,-0.217625,-0.043518,-0.001959,-0.024700,-0.027969,-0.097825,0.000000,-0.134831,-0.583862,0.000000,-0.543262,0.000000,0.000000
-0.106711,-0.217119,-0.038163,-0.004055,-0.027745,-0.032910,-0.070316,0.000000,-0.163877,-0.416147,0.000000,-0.645559,0.000000,0.000000
-0.101027,-0.216892,-0.030979,-0.007800,-0.026566,-0.038316,-0.085914,0.000000,-0.278437,-0.405945,0.000000,-0.762598,0.000000,0.000000
-0.096274,-0.216186,-0.025282,-0.010987,-0.031864,-0.037929,-0.017910,0.000000,-0.245196,-0.293049,0.000000,-0.837116,0.000000,0.000000
-0.091285,-0.214392,-0.019610,-0.013308,-0.041238,-0.034863,0.000000,0.000000,-0.109869,-0.107615,0.000000,-0.964604,0.000000,0.000000
-0.087797,-0.211970,-0.015929,-0.012902,-0.044571,-0.024538,0.000000,0.000000,-0.062606,-0.100258,0.000000,-0.921878,0.000000,0.000000
-0.084862,-0.208453,-0.013222,-0.013400,-0.050516,-0.016639,0.000000,0.000000,-0.020381,-0.176910,0.000000,-0.752246,0.000000,0.000000
-0.082885,-0.203836,-0.012158,-0.013168,-0.050416,-0.005670,0.000000,0.000000,0.000000,-0.343528,0.000000,-0.572190,0.000000,0.000000
-0.082116,-0.199374,-0.012487,-0.012596,-0.056247,0.002191,0.000000,0.000000,0.000000,-0.387042,0.000000,-0.452938,0.000000,0.000000
-0.082536,-0.194104,-0.014414,-0.009330,-0.056622,0.011851,0.000000,0.000000,0.000000,-0.526514,0.000000,-0.314143,0.000000,0.000000
-0.083924,-0.189834,-0.017635,-0.007354,-0.044046,0.021454,-0.006624,0.000000,0.000000,-0.570012,0.000000,-0.143870,0.000000,0.000000
-0.086370,-0.184671,-0.022723,-0.005935,-0.039066,0.027110,-0.088974,0.000000,0.000000,-0.680400,0.000000,0.000000,0.000000,0.000000
-0.088928,-0.180211,-0.027718,-0.003913,-0.036597,0.030723,-0.159454,0.000000,0.000000,-0.989468,0.000000,0.000000,0.000000,0.000000
-0.091876,-0.176461,-0.032993,-0.000331,-0.028957,0.035133,-0.191110,0.000000,0.000000,-1.000000,0.000000,0.000000,0.000000,0.000000
-0.096214,-0.173022,-0.040011,0.005577,-0.016270,0.043150,-0.215994,0.000000,0.000000,-1.000000,0.000000,0.000000,0.000000,0.000000
-0.100994,-0.170238,-0.047177,0.011699,-0.007389,0.047742,-0.289707,0.000000,0.000000,-1.000000,0.000000,0.000000,0.000000,0.000000
-0.106831,-0.167133,-0.055441,0.014931,-0.004383,0.044016,-0.411166,0.000000,-0.020104,-1.000000,0.000000,0.000000,0.000000,0.000000
-0.110988,-0.164419,-0.061036,0.014655,-0.009613,0.034378,-0.506317,0.000000,-0.091887,-1.000000,0.000000,0.000000,0.000000,0.000000
-0.114057,-0.162507,-0.064941,0.013658,-0.006926,0.026033,-0.528121,0.000000,-0.142413,-1.000000,0.000000,0.000000,0.000000,0.000000
-0.116912,-0.161425,-0.068291,0.013658,0.001514,0.020592,-0.470178,0.000000,-0.141153,-1.000000,0.000000,0.000000,0.000000,0.000000
-0.118482,-0.160526,-0.069240,0.011204,-0.005649,0.005056,-0.425556,0.000000,-0.170308,-1.000000,0.000000,0.000000,0.000000,0.000000
-0.118247,-0.159831,-0.067410,0.008868,-0.017666,-0.012190,-0.443749,0.000000,-0.253922,-1.000000,0.000000,0.000000,0.000000,0.000000
-0.116864,-0.159301,-0.063534,0.006797,-0.023264,-0.023851,-0.377200,0.000000,-0.298961,-0.779163,0.000000,-0.083301,0.000000,0.000000
-0.114678,-0.159845,-0.058643,0.003537,-0.015856,-0.032573,-0.242546,0.000000,-0.287831,-0.228274,0.000000,-0.292034,0.000000,0.000000
-0.110970,-0.161986,-0.051561,-0.001271,-0.003812,-0.037737,-0.176342,0.000000,-0.321906,0.000000,0.000000,-0.455109,0.000000,0.000000
-0.107176,-0.164403,-0.045218,-0.006450,0.002828,-0.038989,-0.165610,0.000000,-0.436661,-0.079175,0.000000,-0.666847,0.000000,0.000000
-0.104577,-0.167281,-0.041309,-0.007366,0.020247,-0.026033,-0.073485,0.000000,-0.419266,-0.187285,0.000000,-0.876912,0.000000,0.000000
-0.101675,-0.169975,-0.037674,-0.011694,0.017945,-0.022361,0.000000,0.000000,-0.229880,-0.176461,0.000000,-0.931693,0.000000,0.000000
-0.098780,-0.171912,-0.034626,-0.016235,0.012476,-0.020303,0.000000,0.000000,-0.134008,-0.661520,0.000000,-0.799734,0.000000,0.000000
-0.096336,-0.174603,-0.033118,-0.016764,0.022900,-0.008032,-0.023582,0.000000,-0.133534,-0.841513,0.000000,-0.725634,0.000000,0.000000
-0.094117,-0.176534,-0.032141,-0.019957,0.019414,-0.006004,0.000000,0.000000,-0.034556,-0.681370,0.000000,-0.690534,0.000000,0.000000
-0.091696,-0.178267,-0.030943,-0.022556,0.017729,-0.007975,0.000000,0.000000,0.000000,-0.982981,0.000000,-0.616691,0.000000,0.000000
-0.089127,-0.179511,-0.029654,-0.021952,0.010383,-0.007935,0.000000,0.000000,0.000000,-1.000000,0.000000,-0.605776,0.000000,0.000000
-0.086280,-0.180495,-0.028164,-0.020612,0.005849,-0.007935,0.000000,0.000000,0.000000,-0.967011,0.000000,-0.629093,0.086254,0.000000
-0.084600,-0.181993,-0.027618,-0.017644,0.017388,-0.003636,0.000000,0.000000,0.000000,-0.878471,0.000000,-0.584450,0.128014,0.000000
-0.083399,-0.184557,-0.027619,-0.014260,0.030416,0.000005,0.000000,0.000000,0.000000,-0.889120,0.000000,-0.555090,0.092378,0.000000
-0.082854,-0.186802,-0.027995,-0.009817,0.030150,0.002508,0.000000,0.000000,0.000000,-1.000000,0.000000,-0.626085,0.000000,0.000000
-0.081808,-0.189307,-0.027624,-0.008517,0.024778,-0.001980,-0.000322,0.000000,-0.036775,-1.000000,0.000000,-0.696481,0.000000,0.000000
-0.081291,-0.191452,-0.027415,-0.004659,0.024824,-0.001286,-0.028016,0.000000,0.000000,-1.000000,0.000000,-0.595109,0.000000,0.000000
-0.081455,-0.194616,-0.027820,-0.001025,0.042022,0.002700,0.000000,0.000000,0.000000,-1.000000,0.000000,-0.612785,0.000000,0.000000
-0.081891,-0.198099,-0.028284,0.001811,0.042777,0.002856,-0.038721,0.000000,-0.040506,-1.000000,0.000000,-0.644435,0.000000,0.000000
-0.081668,-0.200597,-0.027714,0.001687,0.030238,-0.003795,-0.089655,0.000000,-0.113066,-1.000000,0.000000,-0.713950,0.000000,0.000000
-0.080613,-0.202689,-0.025833,0.001356,0.016588,-0.010020,-0.086605,0.000000,-0.108112,-1.000000,0.000000,-0.723005,0.000000,0.000000
-0.078828,-0.203349,-0.022754,0.002135,-0.001318,-0.018923,-0.011928,0.000000,-0.036124,-1.000000,0.000000,-0.734312,0.000000,0.000000
-0.077075,-0.203238,-0.019342,0.005558,-0.012148,-0.022744,0.000000,0.000000,-0.021976,-0.916411,0.000000,-0.739776,0.000000,0.000000
-0.075113,-0.202316,-0.014776,0.011410,-0.023827,-0.028083,0.000000,0.000000,-0.070891,-0.565525,0.000000,-0.722991,0.091464,0.000000
-0.072847,-0.200407,-0.009225,0.013105,-0.032802,-0.029584,-0.020142,0.029644,-0.113376,-0.385329,0.000000,-0.709933,0.096726,0.000000
-0.071274,-0.197794,-0.004755,0.016041,-0.046495,-0.029767,-0.060290,0.075607,-0.252297,-0.268872,0.000000,-0.771271,0.000000,0.000000
-0.069816,-0.193723,-0.000014,0.017765,-0.060683,-0.029153,-0.042508,0.071281,-0.259743,-0.139665,0.000000,-0.773189,0.000000,0.000000
-0.068775,-0.190368,0.003682,0.015582,-0.053362,-0.024600,0.000000,0.000000,-0.134835,0.000000,0.000000,-0.656107,0.000000,0.000000
-0.068841,-0.187161,0.005807,0.013775,-0.037683,-0.011324,-0.009310,0.027504,-0.126743,0.000000,0.000000,-0.513214,0.000000,0.000000
-0.069639,-0.183862,0.005989,0.010746,-0.039629,-0.001124,-0.060441,0.039740,-0.224578,0.000000,0.000000,-0.552676,0.000000,0.000000
-0.071697,-0.181112,0.003769,0.009990,-0.029053,0.014787,-0.093781,0.000000,-0.233837,-0.345772,0.000000,-0.546998,0.000000,0.000000
-0.075051,-0.177931,-0.000587,0.010483,-0.025926,0.026801,-0.056972,0.000000,-0.069187,-0.463532,0.000000,-0.342325,0.000000,0.000000
-0.078374,-0.174258,-0.005137,0.010121,-0.033187,0.030288,-0.099070,0.000000,0.000000,-0.783739,0.000000,-0.114683,0.000000,0.000000
-0.082051,-0.168614,-0.010168,0.009600,-0.045118,0.026822,-0.266255,0.000000,-0.039372,-1.000000,0.000000,0.000000,0.000000,0.000000
-0.084464,-0.163704,-0.013632,0.006915,-0.047549,0.021292,-0.306384,0.000000,-0.042768,-1.000000,0.000000,0.000000,0.000000,0.000000
-0.086300,-0.159714,-0.016383,0.005464,-0.041871,0.018328,-0.242254,0.000000,0.000000,-0.646098,0.000000,0.000000,0.000000,0.000000
-0.088463,-0.155477,-0.019323,0.008194,-0.040718,0.018068,-0.206550,0.000000,0.000000,-0.486597,0.000000,0.000000,0.000000,0.000000
-0.090745,-0.150688,-0.021842,0.010864,-0.042042,0.013426,-0.262044,0.000000,-0.091120,-0.644061,0.000000,0.000000,0.000000,0.000000
-0.092009,-0.146711,-0.022644,0.011364,-0.048181,0.005339,-0.339073,0.000000,-0.183112,-0.691132,0.000000,0.000000,0.000000,0.000000
-0.092831,-0.142322,-0.022528,0.010404,-0.052530,-0.000713,-0.306265,0.000000,-0.158038,-0.431945,0.000000,0.000000,0.000000,0.000000
-0.093170,-0.138299,-0.021738,0.008901,-0.054687,-0.005258,-0.224452,0.000000,-0.122901,-0.076175,0.000000,0.000000,0.000000,0.000000
-0.093036,-0.133683,-0.020078,0.006988,-0.060514,-0.010202,-0.239887,0.000000,-0.210391,0.000000,0.000000,0.000000,0.000000,0.000000
-0.092388,-0.127943,-0.017159,0.005980,-0.067792,-0.015559,-0.275623,0.000000,-0.327751,0.000000,0.000000,-0.036551,0.000000,0.000000
-0.091689,-0.123168,-0.014222,0.006246,-0.072275,-0.019552,-0.194306,0.006362,-0.282854,0.000000,0.000000,-0.080898,0.000000,0.000000
-0.090809,-0.118303,-0.010966,0.004568,-0.068844,-0.020034,-0.093444,0.075442,-0.195050,0.000000,0.000000,-0.101260,0.000000,0.000000
-0.089872,-0.114331,-0.007995,0.002190,-0.061861,-0.019766,-0.129403,0.265147,-0.231931,0.000000,0.000000,-0.074824,0.000000,0.000000
-0.088826,-0.109793,-0.004966,0.000485,-0.055447,-0.016148,-0.185970,0.335373,-0.287862,0.000000,0.000000,-0.083355,0.000000,0.000000
-0.087906,-0.106388,-0.002746,-0.001815,-0.047762,-0.013656,-0.136713,0.159252,-0.263987,0.000000,0.000000,-0.196537,0.000000,0.000000
-0.087486,-0.104568,-0.002009,-0.002234,-0.026008,-0.004903,-0.088935,0.000000,-0.196983,0.000000,0.000000,-0.211385,0.000000,0.000000
-0.087140,-0.104390,-0.001911,-0.003714,-0.002432,-0.000605,-0.087954,0.000000,-0.155038,0.000000,0.000000,-0.159082,0.000000,0.000000
-0.087025,-0.104659,-0.002872,-0.004427,0.005484,0.005124,-0.152871,0.000000,-0.203025,-0.017818,0.000000,-0.169266,0.000000,0.000000
-0.087095,-0.105427,-0.004359,-0.005371,0.015121,0.009900,-0.163407,0.000000,-0.271585,-0.431227,0.000000,-0.349483,0.000000,0.000000
-0.087900,-0.107194,-0.007702,-0.003536,0.031906,0.020558,-0.132345,0.000000,-0.204179,-0.618209,0.000000,-0.332420,0.000000,0.000000
-0.088874,-0.108750,-0.011308,-0.003020,0.032899,0.024015,-0.087719,0.000000,-0.012679,-0.701330,0.000000,-0.232515,0.000000,0.000000
-0.089670,-0.110415,-0.015064,-0.005706,0.032309,0.023097,-0.183001,0.000000,-0.036536,-1.000000,0.000000,-0.163467,0.000000,0.000000
-0.090254,-0.113002,-0.019102,-0.008326,0.038403,0.021514,-0.305178,0.000000,-0.147729,-1.000000,0.000000,-0.098784,0.000000,0.000000
-0.090388,-0.115044,-0.021880,-0.010923,0.036444,0.018503,-0.216053,0.000000,-0.044311,-1.000000,0.000000,-0.123494,0.000000,0.000000
-0.090076,-0.117275,-0.024090,-0.013151,0.033951,0.013584,-0.092687,0.000000,0.000000,-1.000000,0.000000,-0.271760,0.000000,0.000000
-0.089385,-0.119721,-0.025258,-0.014415,0.035736,0.007782,-0.131555,0.000000,-0.018975,-1.000000,0.000000,-0.270628,0.000000,0.000000
-0.087788,-0.123581,-0.025017,-0.015494,0.039011,-0.001286,-0.151422,0.000000,-0.018296,-1.000000,0.000000,-0.245956,0.000000,0.000000
-0.086000,-0.128233,-0.023724,-0.015266,0.051016,-0.007952,-0.084816,0.000000,-0.012654,-1.000000,0.000000,-0.382543,0.000000,0.000000
-0.083852,-0.132791,-0.021300,-0.015029,0.050233,-0.016144,-0.009617,0.000000,-0.047524,-0.934933,0.000000,-0.608322,0.000000,0.000000
-0.080959,-0.137608,-0.017337,-0.014636,0.044888,-0.024347,0.000000,0.000000,-0.087708,-0.971176,0.000000,-0.785484,0.000000,0.000000
-0.076646,-0.142823,-0.010970,-0.015890,0.037283,-0.033934,0.000000,0.000000,-0.071605,-0.823597,0.000000,-0.861061,0.004209,0.000000
-0.072584,-0.146177,-0.004578,-0.015164,0.023715,-0.042573,0.000000,0.000000,-0.015468,-0.558612,0.000000,-0.920001,0.128074,0.000000
-0.067438,-0.148451,0.004316,-0.012271,0.003590,-0.054706,0.000000,0.000000,-0.022846,-0.356189,0.000000,-1.000000,0.173398,0.000000
-0.062521,-0.149599,0.013091,-0.010280,-0.008412,-0.058470,0.000000,0.210378,-0.125757,-0.230848,0.000000,-1.000000,0.099203,0.000000
-0.057335,-0.150022,0.022160,-0.010677,-0.015403,-0.055755,0.000000,0.528459,-0.163894,0.000000,0.000000,-1.000000,0.128486,0.000000
-0.052904,-0.150222,0.029785,-0.008452,-0.011628,-0.040635,0.000000,0.427881,-0.103192,0.000000,0.000000,-1.000000,0.038389,0.000000
-0.050917,-0.149737,0.033294,-0.004201,-0.013612,-0.023366,0.000000,0.157881,-0.087363,0.000000,0.000000,-1.000000,0.000000,0.000000
-0.050069,-0.148579,0.034580,-0.002888,-0.016174,-0.007901,0.000000,0.000000,-0.003172,-0.005560,0.000000,-1.000000,0.000000,0.000000
-0.049933,-0.146266,0.034655,-0.001290,-0.029907,-0.000504,0.000000,0.000000,0.000000,-0.177855,0.000000,-0.772435,0.000000,0.000000
-0.051487,-0.143032,0.031539,0.001277,-0.028164,0.016610,0.000000,0.000000,0.000000,-0.427245,0.000000,-0.455768,0.000000,0.000000
-0.054848,-0.140578,0.025081,0.005583,-0.016382,0.039691,0.000000,0.000000,0.000000,-0.318696,0.000000,-0.278030,0.015788,0.000000
-0.058879,-0.138963,0.017206,0.007333,-0.002771,0.052466,-0.029093,0.000000,0.000000,-0.582590,0.000000,-0.077145,0.000000,0.000000
-0.064273,-0.137906,0.006955,0.011279,0.010825,0.063050,-0.214067,0.000000,0.000000,-1.000000,0.000000,0.000000,0.000000,0.000000
-0.069653,-0.136177,-0.001827,0.020551,0.001232,0.058433,-0.286899,0.000000,0.000000,-1.000000,0.000000,0.000000,0.000000,0.000000
-0.076130,-0.132969,-0.011424,0.024746,-0.010770,0.051166,-0.320570,0.000000,0.000000,-1.000000,0.000000,0.000000,0.000000,0.000000
-0.081737,-0.130165,-0.019537,0.026628,-0.009746,0.049898,-0.429178,0.000000,0.000000,-1.000000,0.000000,0.000000,0.000000,0.000000
-0.086639,-0.128103,-0.026434,0.027031,-0.003349,0.045941,-0.501507,0.000000,-0.059537,-1.000000,0.000000,0.000000,0.000000,0.000000
-0.091473,-0.125806,-0.032785,0.027248,-0.006445,0.039045,-0.531183,0.000000,-0.089341,-1.000000,0.000000,0.000000,0.000000,0.000000
-0.096242,-0.123083,-0.038418,0.026306,-0.011159,0.030007,-0.512124,0.000000,-0.113473,-1.000000,0.000000,0.000000,0.000000,0.000000
-0.098999,-0.120717,-0.040717,0.024034,-0.021427,0.015314,-0.511549,0.000000,-0.149887,-1.000000,0.000000,0.000000,0.000000,0.000000
-0.101028,-0.119071,-0.041390,0.021069,-0.017064,0.004140,-0.509567,0.000000,-0.196369,-0.823478,0.000000,0.000000,0.000000,0.000000
-0.102073,-0.118142,-0.040434,0.018032,-0.015826,-0.006364,-0.442946,0.000000,-0.221342,-0.387794,0.000000,0.000000,0.000000,0.000000
-0.102378,-0.116919,-0.037398,0.014774,-0.022545,-0.016180,-0.372835,0.000000,-0.287208,-0.239647,0.000000,0.000000,0.000000,0.000000
-0.101697,-0.115252,-0.033549,0.008800,-0.034411,-0.023684,-0.340372,0.000000,-0.420027,-0.160814,0.000000,-0.166255,0.000000,0.000000
-0.100549,-0.113134,-0.029239,0.005418,-0.044755,-0.028672,-0.265022,0.000000,-0.443146,0.000000,0.000000,-0.312795,0.000000,0.000000
-0.099434,-0.111011,-0.025234,0.003760,-0.040154,-0.024645,-0.120276,0.000000,-0.283991,0.000000,0.000000,-0.311599,0.000000,0.000000
-0.098684,-0.109293,-0.022495,0.002682,-0.033052,-0.018252,-0.083153,0.000000,-0.229032,0.000000,0.000000,-0.256027,0.000000,0.000000
-0.097895,-0.108047,-0.020373,-0.000597,-0.019559,-0.011303,-0.194445,0.038990,-0.314437,0.000000,0.000000,-0.205839,0.000000,0.000000
-0.097182,-0.107100,-0.019291,-0.004102,-0.015189,-0.006655,-0.239267,0.000000,-0.343447,0.000000,0.000000,-0.187516,0.000000,0.000000
-0.096262,-0.105558,-0.018373,-0.007851,-0.023415,-0.006116,-0.145650,0.000000,-0.251534,-0.002237,0.000000,-0.271883,0.000000,0.000000
-0.095087,-0.102779,-0.017973,-0.012365,-0.034427,-0.002457,-0.088382,0.000000,-0.171837,-0.109308,0.000000,-0.262458,0.000000,0.000000
-0.093273,-0.099450,-0.017485,-0.017039,-0.035744,-0.002599,-0.125340,0.000000,-0.133132,-0.095041,0.000000,-0.115706,0.000000,0.000000
-0.091616,-0.096797,-0.017149,-0.019972,-0.035398,-0.002238,-0.142391,0.000000,-0.050881,-0.049935,0.000000,0.000000,0.000000,0.000000
-0.089828,-0.093955,-0.016696,-0.019586,-0.035281,-0.002785,-0.084295,0.000000,-0.039186,-0.018345,0.000000,0.000000,0.000000,0.000000
-0.088303,-0.091419,-0.016514,-0.018921,-0.033265,-0.001214,-0.077364,0.000000,-0.073499,-0.066134,0.000000,-0.034849,0.000000,0.000000
-0.087066,-0.089303,-0.017909,-0.016836,-0.017776,0.007436,-0.097785,0.000000,-0.097501,-0.057147,0.000000,-0.028340,0.000000,0.000000
-0.085964,-0.087363,-0.019217,-0.017433,-0.018773,0.008043,-0.089784,0.000000,-0.055102,-0.067589,0.000000,0.000000,0.000000,0.000000
-0.084960,-0.085668,-0.020400,-0.017069,-0.017682,0.007876,-0.125999,0.000000,-0.057083,-0.426979,0.000000,0.000000,0.000000,0.000000
-0.083793,-0.083402,-0.020372,-0.013766,-0.026997,-0.000170,-0.141601,0.000000,-0.062878,-0.445791,0.000000,0.000000,0.000000,0.000000
