x,y,psi,u,v,r,n1x,n1y,n2x,n2y,n3x,n3y,n4x,n4y
-0.046743,-0.118065,0.020202,0.008095,0.001753,-0.036581,0.000000,0.085550,-0.235363,0.000000,0.000000,-0.845658,0.000000,0.000000
-0.045189,-0.118899,0.025428,0.005018,0.001059,-0.034800,0.000000,0.092964,-0.224689,0.000000,0.000000,-0.994406,0.000000,0.000000
-0.043371,-0.119435,0.030920,0.002853,-0.002687,-0.033767,0.000000,0.000000,-0.104175,0.000000,0.000000,-0.936308,0.000000,0.000000
-0.041563,-0.118417,0.036060,0.001294,-0.017517,-0.027389,0.000000,0.000000,-0.010289,0.000000,0.000000,-0.868986,0.000000,0.000000
-0.040516,-0.116487,0.038574,-0.001304,-0.026734,-0.015443,0.000000,0.117006,-0.027376,0.000000,0.000000,-0.871098,0.006146,0.000000
-0.039795,-0.114765,0.039827,-0.003375,-0.024198,-0.008349,0.000000,0.253354,0.000000,0.000000,0.000000,-0.674641,0.065973,0.000000
-0.039355,-0.113096,0.039912,-0.004862,-0.019933,-0.000527,0.000000,0.025582,0.000000,0.000000,0.000000,-0.409207,0.010141,0.000000
-0.039315,-0.111621,0.038355,-0.006096,-0.013189,0.008301,0.000000,0.000000,0.000000,-0.181716,0.000000,-0.423589,0.000000,0.000000
-0.039618,-0.110121,0.035855,-0.007363,-0.015282,0.016653,0.000000,0.000000,0.000000,-0.236452,0.000000,-0.436803,0.000000,0.000000
-0.039625,-0.109080,0.033077,-0.011307,-0.008195,0.017081,0.000000,0.000000,0.000000,-0.442933,0.000000,-0.310689,0.000000,0.000000
-0.039662,-0.108094,0.029840,-0.013770,-0.007428,0.021563,0.000000,0.000000,0.000000,-0.586177,0.000000,-0.111801,0.000000,0.000000
-0.040121,-0.108501,0.024486,-0.013915,0.011204,0.028517,0.000000,0.000000,0.000000,-0.617181,0.000000,-0.213020,0.029083,0.000000
-0.040634,-0.108959,0.019281,-0.014918,0.013399,0.032025,0.000000,0.000000,0.000000,-0.668121,0.000000,-0.211393,0.037210,0.000000
-0.040940,-0.109939,0.014713,-0.016050,0.020168,0.030293,0.000000,0.000000,0.000000,-1.000000,0.024871,-0.187237,0.000000,0.000000
-0.041549,-0.111501,0.009265,-0.015087,0.027138,0.033614,0.000000,0.000000,0.000000,-1.000000,0.055285,-0.119763,0.000000,0.000000
-0.042037,-0.112433,0.003738,-0.014838,0.017184,0.029457,0.000000,0.000000,0.000000,-1.000000,0.000000,-0.157168,0.125998,0.000000
-0.042127,-0.113005,0.000310,-0.014379,0.013264,0.022838,0.000000,0.000000,0.000000,-1.000000,0.009520,-0.158235,0.045249,0.000000
-0.042017,-0.113501,-0.002476,-0.013028,0.010317,0.017130,0.000000,0.000000,0.000000,-1.000000,0.001544,-0.121734,0.038692,0.000000
-0.041349,-0.114053,-0.003544,-0.013477,0.008920,0.007106,0.000000,0.000000,0.000000,-1.000000,0.000000,-0.175475,0.116985,0.000000
-0.040004,-0.114412,-0.002994,-0.013632,0.003419,-0.003382,0.000000,0.000000,0.000000,-0.862311,0.000000,-0.249630,0.131070,0.000000
-0.037712,-0.114194,-0.000252,-0.013423,-0.005746,-0.014617,0.000000,0.000000,0.000000,-0.692421,0.000000,-0.383220,0.154526,0.000000
-0.035268,-0.113716,0.003640,-0.013446,-0.011977,-0.025922,0.000000,0.000000,0.000000,-0.474388,0.000000,-0.506342,0.172224,0.000000
-0.032094,-0.113189,0.009333,-0.013453,-0.013516,-0.034979,0.000000,0.191945,0.000000,-0.194397,0.000000,-0.593051,0.209696,0.000000
-0.029096,-0.112353,0.015107,-0.012101,-0.018004,-0.038488,0.000000,0.365528,0.000000,0.000000,0.000000,-0.721487,0.211836,0.000000
-0.025311,-0.109913,0.023028,-0.010086,-0.032194,-0.042207,0.000000,0.343140,0.000000,0.000000,0.000000,-0.904155,0.014038,0.000000
-0.022475,-0.107057,0.029320,-0.007818,-0.039578,-0.038673,0.000000,0.263121,0.000000,0.000000,0.000000,-0.906936,0.000000,0.000000
-0.020161,-0.103969,0.034821,-0.005916,-0.044515,-0.036654,0.000000,0.387485,0.000000,0.000000,0.000000,-0.763377,0.162089,0.000000
-0.017320,-0.101167,0.041241,-0.008784,-0.037810,-0.039443,0.000000,0.461064,0.000000,0.000000,0.000000,-0.640377,0.238875,0.000000
-0.014512,-0.097576,0.047478,-0.008465,-0.040236,-0.033240,0.000000,0.542360,0.000000,0.000000,0.000000,-0.653892,0.046095,0.000000
-0.012773,-0.094486,0.051196,-0.007699,-0.041862,-0.024777,0.000000,0.602815,0.000000,0.000000,0.000000,-0.870533,0.000000,0.000000
-0.011433,-0.091261,0.053706,-0.007058,-0.039434,-0.015431,0.000000,0.422023,0.000000,0.000000,0.000000,-0.752029,0.022788,0.000000
-0.010549,-0.088568,0.054843,-0.007180,-0.035178,-0.007575,0.000000,0.190168,0.000000,0.000000,0.000000,-0.484962,0.067749,0.000000
-0.010116,-0.085492,0.054135,-0.006475,-0.031403,0.003772,0.000000,0.146583,0.000000,0.000000,0.000000,-0.393879,0.081253,0.000000
-0.010173,-0.082594,0.051969,-0.006228,-0.033540,0.013310,0.000000,0.186841,0.000000,0.000000,0.000000,-0.407953,0.063826,0.000000
-0.010492,-0.079412,0.049065,-0.005586,-0.039677,0.019340,0.000000,0.000000,0.000000,-0.017799,0.000000,-0.260857,0.000000,0.000000
-0.011020,-0.075657,0.045112,-0.005419,-0.042959,0.024304,0.000000,0.000000,0.000000,-0.198786,0.000000,-0.035273,0.000000,0.028576
-0.011816,-0.071574,0.039704,-0.005025,-0.039976,0.028822,0.000000,0.000000,0.000000,-0.108697,0.040511,0.000000,0.055372,0.188713
-0.012516,-0.068341,0.035121,-0.004227,-0.039283,0.030520,0.000000,0.000000,0.000000,-0.070477,0.031238,0.000000,0.055457,0.258323
-0.013153,-0.065195,0.030290,-0.004737,-0.035004,0.029712,0.000000,0.000000,0.000000,-0.198002,0.050841,0.000000,0.000000,0.292549
-0.013751,-0.062552,0.025767,-0.004204,-0.031498,0.030125,0.000000,0.000000,0.000000,-0.219830,0.056199,0.000000,0.000000,0.341805
-0.014425,-0.059937,0.020855,-0.003436,-0.028410,0.030162,0.000000,0.000000,0.000000,-0.189354,0.014023,0.000000,0.000000,0.302550
-0.015186,-0.056825,0.015242,-0.003026,-0.029336,0.029944,0.000000,0.000000,0.000000,-0.221580,0.001600,0.000000,0.000000,0.289566
-0.015776,-0.054417,0.010906,-0.002343,-0.028230,0.028887,0.000000,0.000000,0.000000,-0.280448,0.024321,0.000000,0.000000,0.300759
-0.016290,-0.052254,0.006738,-0.002343,-0.023172,0.025628,0.000000,0.000000,0.000000,-0.265191,0.015632,0.000000,0.000000,0.355835
-0.016621,-0.050594,0.003466,-0.002637,-0.019142,0.021772,0.000000,0.000000,0.000000,-0.249157,0.000000,0.000000,0.000000,0.352064
-0.016905,-0.048710,-0.000123,-0.002935,-0.017427,0.019120,0.000000,0.000000,0.000000,-0.226015,0.000000,0.000000,0.000000,0.276716
-0.017126,-0.047726,-0.002923,-0.002465,-0.009894,0.017235,0.000000,0.000000,0.000000,-0.201106,0.000000,0.000000,0.000000,0.207874
-0.017320,-0.047415,-0.005128,-0.001742,-0.002458,0.014665,0.000000,0.000000,0.000000,-0.215072,0.000000,0.000000,0.000000,0.188620
-0.017481,-0.046977,-0.006741,-0.000943,-0.004160,0.009920,0.000000,0.000000,0.000000,-0.317774,0.000000,0.000000,0.000000,0.089700
-0.017443,-0.046872,-0.007686,-0.001821,-0.000540,0.005040,0.000000,0.000000,0.000000,-0.370368,0.000000,0.000000,0.000000,0.000000
-0.017244,-0.047176,-0.007918,-0.003008,0.004078,0.001546,0.000000,0.000000,0.000000,-0.266231,0.000000,0.000000,0.000000,0.000000
-0.016974,-0.047449,-0.008187,-0.003670,0.003407,0.001653,0.000000,0.000000,0.000000,-0.238678,0.000000,-0.079179,0.000000,0.000000
-0.016831,-0.048306,-0.008579,-0.002600,0.011298,0.002613,0.000000,0.000000,0.000000,-0.258475,0.000000,-0.201823,0.000000,0.000000
-0.016635,-0.049489,-0.008807,-0.002365,0.012296,0.001213,0.000000,0.000000,0.000000,-0.277376,0.000000,-0.158483,0.000000,0.000000
-0.016502,-0.050494,-0.008894,-0.001746,0.011980,0.000536,0.000000,0.000000,0.000000,-0.416115,0.000000,-0.154786,0.000000,0.000000
-0.016402,-0.051283,-0.008725,-0.000941,0.010036,-0.001130,0.000000,0.000000,0.000000,-0.395596,0.000000,-0.216322,0.000000,0.000000
-0.016256,-0.051771,-0.008212,-0.000748,0.005476,-0.003149,0.000000,0.000000,0.000000,-0.338515,0.000000,-0.219545,0.033469,0.000000
-0.016064,-0.051829,-0.006893,0.000230,-0.000092,-0.007027,0.000000,0.000000,0.000000,-0.295032,0.000000,-0.203943,0.051595,0.000000
-0.015928,-0.051789,-0.005627,0.000914,-0.001333,-0.008442,0.000000,0.000000,0.000000,-0.230299,0.000000,-0.203653,0.027208,0.000000
-0.015820,-0.051504,-0.004174,0.001526,-0.004242,-0.008928,0.000000,0.021844,0.000000,-0.087171,0.000000,-0.233664,0.020005,0.000000
-0.015895,-0.051770,-0.003185,0.003021,0.002792,-0.006586,0.000000,0.030099,0.000000,-0.038308,0.000000,-0.256175,0.005158,0.000000
-0.015865,-0.052502,-0.001582,0.002368,0.006719,-0.008550,0.000000,0.000000,0.000000,-0.031251,0.000000,-0.237167,0.000000,0.000000
-0.015570,-0.053443,0.000370,0.000334,0.010035,-0.011995,0.000000,0.000000,0.000000,-0.179329,0.000000,-0.258512,0.000000,0.000000
-0.015225,-0.054221,0.002388,-0.000080,0.008743,-0.013433,0.000000,0.000000,0.000000,-0.168318,0.000000,-0.355637,0.000000,0.000000
-0.014824,-0.054935,0.004526,-0.000439,0.007277,-0.013154,0.000000,0.000000,0.000000,-0.093242,0.000000,-0.455071,0.000000,0.000000
-0.014439,-0.055581,0.006676,-0.000139,0.005632,-0.011453,0.000000,0.000000,0.000000,-0.057165,0.000000,-0.437372,0.031932,0.000000
-0.014185,-0.056129,0.008054,-0.000161,0.006247,-0.009179,0.000000,0.000000,0.000000,-0.075604,0.000000,-0.390351,0.034331,0.000000
-0.013729,-0.057143,0.009704,-0.001959,0.011158,-0.010131,0.000000,0.000000,0.000000,-0.109895,0.000000,-0.370513,0.000000,0.000000
-0.013257,-0.058792,0.011222,-0.002567,0.020399,-0.010121,0.000000,0.000000,0.000000,-0.152356,0.000000,-0.370909,0.000000,0.000000
-0.012739,-0.060548,0.012624,-0.003077,0.020167,-0.008624,0.000000,0.000000,0.000000,-0.163406,0.000000,-0.468564,0.004551,0.000000
-0.012093,-0.062742,0.014027,-0.003902,0.021995,-0.007478,0.000000,0.000000,0.000000,-0.271472,0.000000,-0.578246,0.000000,0.000000
-0.011647,-0.063923,0.014819,-0.003716,0.014804,-0.005277,0.000000,0.000000,0.000000,-0.317340,0.000000,-0.520068,0.032854,0.000000
-0.011302,-0.064801,0.015551,-0.002357,0.010110,-0.004498,0.000000,0.000000,0.000000,-0.345886,0.000000,-0.479932,0.127821,0.000000
-0.011081,-0.065298,0.015858,-0.002043,0.006247,-0.002046,0.000000,0.000000,0.000000,-0.304018,0.000000,-0.408998,0.136023,0.000000
-0.010701,-0.065704,0.015978,-0.003655,0.004134,-0.000639,0.000000,0.000000,0.000000,-0.300397,0.000000,-0.371183,0.088962,0.000000
-0.010363,-0.066260,0.015829,-0.004377,0.006668,0.000916,0.000000,0.000000,0.000000,-0.316724,0.000000,-0.333375,0.041218,0.000000
-0.010397,-0.067087,0.014822,-0.002260,0.011060,0.006708,0.000000,0.000000,0.000000,-0.296982,0.000000,-0.318356,0.072287,0.000000
-0.010526,-0.068004,0.013408,-0.002004,0.011438,0.008686,0.000000,0.000000,0.000000,-0.332973,0.000000,-0.340270,0.086609,0.000000
-0.010801,-0.068816,0.011342,-0.001705,0.009066,0.011010,0.000000,0.000000,0.000000,-0.542987,0.000000,-0.280057,0.000000,0.000000
-0.011289,-0.069938,0.009006,-0.000219,0.015473,0.015561,0.000000,0.000000,0.000000,-0.602495,0.000000,-0.230927,0.000000,0.000000
-0.011824,-0.070791,0.006683,0.000301,0.011134,0.014288,0.000000,0.000000,0.000000,-0.512983,0.000000,-0.171079,0.135269,0.000000
-0.012295,-0.071252,0.004889,0.000922,0.006780,0.011916,0.000000,0.000000,0.000000,-0.681121,0.000000,-0.158340,0.087650,0.000000
-0.013178,-0.071822,0.002611,0.003857,0.006802,0.012167,0.000000,0.000000,0.000000,-0.715634,0.000000,-0.166228,0.000000,0.000000
-0.014207,-0.072931,0.000268,0.005928,0.014331,0.014397,0.000000,0.000000,0.000000,-0.536615,0.000000,-0.146165,0.086737,0.000000
-0.015393,-0.074778,-0.002258,0.007819,0.025240,0.016825,0.000000,0.000000,0.000000,-0.494530,0.000000,-0.112275,0.127368,0.000000
-0.016518,-0.077773,-0.004248,0.007817,0.036734,0.012244,0.000000,0.000000,0.000000,-0.758381,0.000000,-0.155673,0.000000,0.000000
-0.017508,-0.080944,-0.005541,0.008667,0.041630,0.008608,-0.017358,0.000000,0.000000,-0.997089,0.000000,-0.226511,0.000000,0.000000
-0.018782,-0.085257,-0.006719,0.010002,0.044951,0.006264,0.000000,0.000000,0.000000,-0.908362,0.000000,-0.367575,0.000000,0.000000
-0.019696,-0.089202,-0.006827,0.010532,0.047007,0.000668,0.000000,0.000000,0.000000,-0.821074,0.000000,-0.414978,0.087816,0.000000
-0.020102,-0.092320,-0.005326,0.010643,0.038941,-0.010002,0.000000,0.000000,0.000000,-0.885775,0.000000,-0.439001,0.058087,0.000000
-0.020064,-0.094305,-0.001858,0.011490,0.021015,-0.021314,0.000000,0.000000,0.000000,-0.905103,0.000000,-0.560933,0.000000,0.000000
-0.019505,-0.096001,0.003581,0.010868,0.014071,-0.028996,0.000000,0.000000,0.000000,-0.555301,0.000000,-0.672121,0.104467,0.000000
-0.018768,-0.097132,0.008775,0.010702,0.010624,-0.034609,0.000000,0.203859,0.000000,-0.059963,0.000000,-0.666502,0.297293,0.000000
-0.017679,-0.098095,0.015024,0.009744,0.007268,-0.038380,0.000000,0.280981,-0.003996,0.000000,0.000000,-0.771499,0.161832,0.000000
-0.016657,-0.099025,0.020594,0.008972,0.008186,-0.037127,0.000000,0.169464,-0.206989,-0.171608,0.000000,-0.938260,0.000000,0.000000
-0.015710,-0.100942,0.026231,0.008318,0.016852,-0.030046,0.000000,0.142334,-0.124847,-0.020317,0.000000,-0.971876,0.000000,0.000000
-0.015490,-0.102624,0.029278,0.008860,0.018224,-0.018719,0.000000,0.000000,0.000000,0.000000,0.000000,-0.919177,0.051494,0.000000
-0.015821,-0.104048,0.030487,0.009267,0.017545,-0.008048,0.000000,0.000000,0.000000,-0.088611,0.000000,-0.903839,0.000000,0.000000
-0.016485,-0.104945,0.030654,0.008537,0.010557,-0.001029,0.000000,0.000000,0.000000,-0.372159,0.000000,-0.745204,0.000000,0.000000
-0.017640,-0.105583,0.029431,0.007737,0.007222,0.006515,0.000000,0.000000,0.000000,-0.526616,0.000000,-0.574116,0.000000,0.000000
-0.018713,-0.105318,0.027619,0.006082,-0.002089,0.012082,0.000000,0.000000,0.000000,-0.479391,0.000000,-0.453502,0.090349,0.000000
-0.020113,-0.104281,0.024835,0.005687,-0.010330,0.017119,0.000000,0.000000,0.000000,-0.542767,0.000000,-0.356590,0.101635,0.000000
-0.021314,-0.103714,0.022275,0.004666,-0.005159,0.017052,0.000000,0.000000,0.000000,-0.620016,0.000000,-0.223853,0.006974,0.000000
-0.022678,-0.102772,0.019351,0.004887,-0.008798,0.017952,0.000000,0.000000,0.000000,-0.609615,0.000000,-0.073705,0.012299,0.000000
-0.024448,-0.101235,0.015750,0.006273,-0.013113,0.019206,0.000000,0.000000,0.000000,-0.592157,0.000000,-0.166958,0.045191,0.000000
-0.025830,-0.099951,0.012980,0.006451,-0.013740,0.018457,0.000000,0.000000,0.000000,-0.565575,0.000000,-0.165318,0.000000,0.000000
-0.027277,-0.098263,0.010186,0.006776,-0.017293,0.017175,0.000000,0.000000,0.000000,-0.579315,0.000000,-0.017893,0.000000,0.000000
-0.028711,-0.096800,0.007543,0.007951,-0.015847,0.017593,0.000000,0.000000,0.000000,-0.545968,0.000000,-0.000577,0.000000,0.000000
-0.030458,-0.094810,0.004573,0.008698,-0.017673,0.015821,-0.009094,0.000000,0.000000,-0.454254,0.000000,-0.030076,0.000000,0.000000
-0.031750,-0.093073,0.002390,0.007633,-0.018139,0.013442,-0.041029,0.000000,0.000000,-0.491395,0.000000,-0.016295,0.000000,0.000000
-0.032876,-0.091482,0.001121,0.009703,-0.018813,0.008450,-0.065100,0.000000,0.000000,-0.463689,0.000000,0.000000,0.000000,0.000000
-0.034138,-0.089703,0.000369,0.012417,-0.020192,0.004624,-0.044876,0.000000,0.000000,-0.390851,0.000000,-0.009576,0.000000,0.000000
-0.035477,-0.088774,0.000013,0.012746,-0.009162,0.001892,-0.051173,0.000000,0.000000,-0.269422,0.000000,-0.076138,0.000000,0.000000
-0.036319,-0.088759,0.000402,0.012236,-0.000752,-0.002590,-0.088902,0.000000,-0.033224,-0.180799,0.000000,-0.100020,0.000000,0.000000
-0.037030,-0.089122,0.001395,0.011722,0.002974,-0.006104,-0.094918,0.000000,-0.096005,-0.301489,0.000000,-0.221557,0.000000,0.000000
-0.037504,-0.090321,0.002702,0.010806,0.013465,-0.008706,-0.048442,0.000000,-0.130672,-0.312211,0.000000,-0.391883,0.000000,0.000000
-0.037786,-0.093107,0.004930,0.009422,0.025984,-0.011874,0.000000,0.000000,-0.063014,-0.217693,0.000000,-0.440471,0.000000,0.000000
-0.037938,-0.095375,0.006991,0.008968,0.024049,-0.012673,0.000000,0.000000,-0.041600,-0.295494,0.000000,-0.520154,0.000000,0.000000
-0.037874,-0.097443,0.009106,0.007331,0.023350,-0.014071,0.000000,0.000000,-0.135236,-0.477716,0.000000,-0.695829,0.000000,0.000000
-0.037672,-0.099619,0.011468,0.006194,0.022542,-0.014531,0.000000,0.000000,-0.099787,-0.436572,0.000000,-0.666357,0.000000,0.000000
-0.037362,-0.101629,0.013707,0.005036,0.022456,-0.014901,0.000000,0.000000,0.000000,-0.290797,0.000000,-0.625760,0.002346,0.000000
-0.036699,-0.104415,0.016846,0.003502,0.024881,-0.016697,0.000000,0.000000,0.000000,-0.310574,0.000000,-0.669379,0.000000,0.000000
-0.036217,-0.106834,0.019337,0.004002,0.025410,-0.015352,0.000000,0.000000,-0.053019,-0.419997,0.000000,-0.719500,0.000000,0.000000
-0.036022,-0.108728,0.021024,0.004783,0.021925,-0.011243,0.000000,0.000000,-0.033133,-0.410243,0.000000,-0.790739,0.000000,0.000000
-0.036122,-0.110350,0.022013,0.005189,0.017905,-0.006078,0.000000,0.000000,0.000000,-0.375364,0.000000,-0.773856,0.020276,0.000000
-0.036606,-0.111444,0.022363,0.006242,0.010855,-0.001870,0.000000,0.000000,0.000000,-0.441042,0.000000,-0.650306,0.031955,0.000000
-0.037361,-0.111855,0.021976,0.007959,0.005874,0.002585,0.000000,0.000000,0.000000,-0.551028,0.000000,-0.541029,0.000000,0.000000
-0.038522,-0.111963,0.020803,0.008888,0.002914,0.007206,0.000000,0.000000,0.000000,-0.533310,0.000000,-0.458837,0.000000,0.000000
-0.039831,-0.111691,0.019161,0.009419,-0.000921,0.010937,0.000000,0.000000,0.000000,-0.502115,0.000000,-0.368346,0.009826,0.000000
-0.041797,-0.110629,0.016461,0.010490,-0.007410,0.014386,-0.034553,0.000000,0.000000,-0.571360,0.000000,-0.288648,0.000000,0.000000
-0.043497,-0.109223,0.014114,0.010516,-0.012998,0.014435,-0.071515,0.000000,0.000000,-0.620067,0.000000,-0.217287,0.000000,0.000000
-0.045001,-0.107284,0.012099,0.010465,-0.021376,0.013426,-0.100287,0.000000,0.000000,-0.578136,0.000000,-0.099702,0.000000,0.000000
-0.046412,-0.105138,0.010379,0.009870,-0.022554,0.010567,-0.103120,0.000000,0.000000,-0.484920,0.000000,-0.053546,0.000000,0.000000
-0.047835,-0.102184,0.009027,0.010045,-0.028338,0.007204,-0.107152,0.000000,0.000000,-0.354361,0.000000,-0.027925,0.000000,0.000000
-0.048851,-0.099102,0.008145,0.009440,-0.037953,0.005873,-0.107404,0.000000,-0.020097,-0.296927,0.000000,-0.073450,0.000000,0.000000
-0.049799,-0.095094,0.007770,0.009860,-0.046895,0.002308,-0.118670,0.000000,-0.065115,-0.173212,0.000000,-0.069000,0.000000,0.000000
-0.050507,-0.091141,0.007754,0.009045,-0.050802,0.000108,-0.118056,0.039583,-0.026492,-0.016653,0.000000,0.000000,0.000000,0.000000
-0.051237,-0.086041,0.007917,0.007996,-0.052743,-0.000870,-0.104623,0.101036,-0.030358,0.000000,0.000000,0.000000,0.000000,0.036229
-0.051786,-0.081531,0.008086,0.007062,-0.053856,-0.001039,-0.124895,0.161929,-0.099488,0.000000,0.000000,0.000000,0.000000,0.080520
-0.052244,-0.077271,0.008210,0.006289,-0.055030,-0.000823,-0.128242,0.202929,-0.103915,0.000000,0.000000,0.000000,0.000000,0.126043
-0.052679,-0.072764,0.008276,0.005349,-0.053484,-0.000410,-0.090109,0.159616,-0.064485,0.000000,0.000000,0.000000,0.000000,0.156076
-0.053423,-0.068798,0.007828,0.008272,-0.050189,0.002994,-0.090270,0.191136,-0.058612,0.000000,0.000000,0.000000,0.000000,0.197356
-0.054385,-0.063913,0.007500,0.009159,-0.049687,0.001751,-0.120115,0.280333,-0.086090,0.000000,0.000000,0.000000,0.000000,0.221425
-0.055133,-0.059686,0.007204,0.008186,-0.049596,0.001819,-0.182664,0.226890,-0.127503,0.000000,0.000000,0.000000,0.000000,0.239968
-0.055877,-0.056869,0.006455,0.007761,-0.034555,0.004993,-0.182487,0.207270,-0.136020,0.000000,0.000000,0.000000,0.000000,0.240389
-0.056623,-0.053954,0.005504,0.006838,-0.032586,0.005837,-0.140317,0.215450,-0.091858,0.000000,0.000000,0.000000,0.000000,0.265187
-0.057326,-0.050982,0.004488,0.005463,-0.028724,0.005414,-0.151933,0.034183,-0.117600,0.000000,0.000000,0.000000,0.000000,0.125361
-0.057802,-0.048691,0.003716,0.004537,-0.027687,0.005148,-0.191348,0.071923,-0.149659,0.000000,0.000000,0.000000,0.000000,0.138256
-0.058255,-0.046310,0.002826,0.003761,-0.026355,0.005471,-0.164435,0.011753,-0.106927,0.000000,0.000000,0.000000,0.000000,0.128640
-0.058648,-0.044690,0.001744,0.003040,-0.018272,0.007208,-0.133421,0.000000,-0.078751,0.000000,0.000000,0.000000,0.000000,0.120858
-0.058991,-0.042111,0.000032,0.001060,-0.023290,0.009121,-0.161696,0.023987,-0.098469,0.000000,0.000000,0.000000,0.000000,0.139071
-0.059166,-0.039645,-0.001317,-0.000033,-0.026276,0.008289,-0.190332,0.000000,-0.128738,0.000000,0.000000,0.000000,0.000000,0.073037
-0.059138,-0.037527,-0.002433,-0.002146,-0.024554,0.007430,-0.169032,0.000000,-0.063804,0.000000,0.000000,0.000000,0.000000,0.181201
-0.058886,-0.035894,-0.003101,-0.003925,-0.017929,0.004112,-0.137858,0.000000,-0.008926,0.000000,0.000000,0.000000,0.000000,0.236413
-0.058514,-0.034103,-0.003718,-0.004543,-0.017245,0.003291,-0.150148,0.059470,-0.047985,0.000000,0.000000,0.000000,0.000000,0.223087
-0.058263,-0.033019,-0.004449,-0.004234,-0.012218,0.004865,-0.150621,0.175468,-0.108337,0.000000,0.000000,0.000000,0.000000,0.113501
-0.058019,-0.031764,-0.005348,-0.003991,-0.012935,0.005525,-0.121576,0.100225,-0.080369,0.000000,0.000000,0.000000,0.000000,0.102632
-0.057754,-0.029863,-0.005569,-0.003704,-0.023956,0.001475,-0.112519,0.000000,-0.043635,0.000000,0.000000,0.000000,0.000000,0.058043
-0.057463,-0.027801,-0.005747,-0.003645,-0.024082,0.001090,-0.140091,0.000000,-0.055233,0.000000,0.000000,0.000000,0.000000,0.099225
-0.057163,-0.025408,-0.005952,-0.003273,-0.024239,0.001096,-0.147060,0.108313,-0.051319,0.000000,0.000000,0.000000,0.000000,0.230304
-0.056878,-0.023371,-0.006067,-0.003785,-0.025931,0.000767,-0.131316,0.143245,-0.044103,0.000000,0.000000,0.000000,0.000000,0.236674
-0.056737,-0.022094,-0.007094,-0.002566,-0.012980,0.006309,-0.138253,0.202093,-0.070601,0.000000,0.000000,0.000000,0.000000,0.237697
-0.056718,-0.022319,-0.008700,-0.001662,0.006583,0.010708,-0.143407,0.223360,-0.067992,0.000000,0.000000,0.000000,0.000000,0.270479
-0.056612,-0.023676,-0.010705,-0.002532,0.017638,0.010682,-0.168822,0.000000,-0.078429,0.000000,0.000000,0.000000,0.000000,0.166117
-0.056558,-0.025290,-0.012783,-0.002450,0.023526,0.012756,-0.193334,0.000000,-0.131115,-0.264525,0.000000,0.000000,0.000000,0.000000
-0.056470,-0.027200,-0.014646,-0.003017,0.028724,0.012371,-0.159825,0.000000,-0.117898,-0.382824,0.000000,0.000000,0.000000,0.000000
-0.056294,-0.029350,-0.016507,-0.003984,0.029578,0.011491,-0.125728,0.000000,-0.007408,-0.486260,0.000000,0.000000,0.000000,0.000000
-0.055892,-0.032104,-0.018399,-0.005914,0.031784,0.010084,-0.125798,0.000000,-0.008766,-0.544382,0.000000,-0.005243,0.000000,0.000000
-0.055318,-0.035089,-0.019186,-0.008408,0.040178,0.005240,-0.165823,0.000000,-0.041508,-0.608419,0.000000,-0.005307,0.000000,0.000000
-0.054584,-0.038605,-0.019821,-0.009543,0.043031,0.003906,-0.128740,0.000000,-0.014247,-0.619444,0.000000,-0.060528,0.000000,0.000000
-0.053857,-0.042096,-0.020320,-0.010125,0.045985,0.003321,-0.036418,0.000000,0.000000,-0.600592,0.000000,-0.256652,0.000000,0.000000
-0.052878,-0.045522,-0.020676,-0.012173,0.041380,0.002190,-0.032980,0.000000,0.000000,-0.663291,0.000000,-0.294402,0.000000,0.000000
-0.051553,-0.048144,-0.019977,-0.012600,0.025776,-0.003724,-0.057313,0.000000,0.000000,-0.762763,0.000000,-0.247739,0.000000,0.000000
-0.050341,-0.049361,-0.018861,-0.013419,0.013336,-0.007439,-0.018348,0.000000,0.000000,-0.692022,0.000000,-0.228173,0.000000,0.000000
-0.048884,-0.050343,-0.017114,-0.014023,0.008359,-0.010702,0.000000,0.000000,0.000000,-0.348219,0.000000,-0.223620,0.120795,0.000000
-0.047471,-0.050812,-0.014370,-0.012601,0.000640,-0.018323,0.000000,0.045065,0.000000,-0.147449,0.000000,-0.202244,0.151623,0.000000
-0.045600,-0.050370,-0.010429,-0.012757,-0.010565,-0.021027,0.000000,0.048690,0.000000,-0.192752,0.000000,-0.265794,0.000000,0.000000
-0.043954,-0.049337,-0.006700,-0.012479,-0.018550,-0.022910,0.000000,0.184383,-0.064084,-0.005834,0.000000,-0.374953,0.000000,0.000000
-0.042530,-0.048315,-0.003482,-0.011881,-0.018826,-0.021427,0.000000,0.293234,0.000000,0.000000,0.000000,-0.301610,0.038704,0.000000
-0.040986,-0.046952,-0.000113,-0.012232,-0.021488,-0.020723,0.000000,0.162345,0.000000,0.000000,0.000000,-0.257196,0.000000,0.000000
-0.039409,-0.046076,0.002903,-0.011622,-0.012990,-0.016069,0.000000,0.196694,0.000000,0.000000,0.000000,-0.278921,0.000000,0.000000
-0.038082,-0.046209,0.005280,-0.012627,-0.002059,-0.015829,0.000000,0.294888,0.000000,0.000000,0.000000,-0.263727,0.000000,0.000000
-0.036633,-0.046823,0.007585,-0.013222,0.004035,-0.014185,0.000000,0.121869,0.000000,0.000000,0.000000,-0.270715,0.000000,0.000000
-0.035421,-0.047656,0.009064,-0.012786,0.008523,-0.009848,0.000000,0.000000,0.000000,0.000000,0.000000,-0.414476,0.000000,0.000000
-0.034139,-0.048606,0.010207,-0.013179,0.009774,-0.007024,0.000000,0.000000,0.000000,0.000000,0.000000,-0.446892,0.000000,0.000000
-0.032055,-0.051161,0.012808,-0.017347,0.023448,-0.013865,0.000000,0.000000,0.000000,-0.122153,0.000000,-0.339369,0.000000,0.000000
-0.030168,-0.054085,0.015204,-0.019294,0.034503,-0.015952,0.000000,0.000000,0.000000,-0.205731,0.000000,-0.302055,0.000000,0.000000
-0.028188,-0.057730,0.017293,-0.019284,0.040921,-0.012842,0.000000,0.000000,0.000000,-0.189468,0.000000,-0.659516,0.004131,0.000000
-0.026377,-0.060876,0.018919,-0.019497,0.038635,-0.010834,0.000000,0.000000,0.000000,-0.263226,0.000000,-0.860337,0.023577,0.000000
-0.024458,-0.064855,0.019516,-0.018547,0.040377,-0.003180,0.000000,0.000000,0.000000,-0.470582,0.000000,-0.721047,0.098067,0.000000
-0.023106,-0.068759,0.018891,-0.017587,0.046998,0.003851,0.000000,0.000000,0.000000,-0.496205,0.000000,-0.590943,0.197642,0.000000
-0.021952,-0.072591,0.017820,-0.017805,0.050249,0.007129,0.000000,0.000000,0.000000,-0.656088,0.000000,-0.552139,0.182152,0.000000
-0.020746,-0.076728,0.016363,-0.018269,0.050335,0.008960,0.000000,0.000000,0.000000,-0.952490,0.000000,-0.570857,0.034242,0.000000
-0.019722,-0.081736,0.013902,-0.016594,0.053081,0.013086,0.000000,0.000000,0.000000,-1.000000,0.002008,-0.565101,0.090972,0.000000
-0.019210,-0.085438,0.011625,-0.014134,0.049572,0.015203,0.000000,0.000000,0.000000,-0.873942,0.000000,-0.506684,0.325636,0.000000
-0.018749,-0.088732,0.009315,-0.012821,0.040791,0.014206,0.000000,0.000000,0.000000,-1.000000,0.000000,-0.467306,0.271016,0.000000
-0.018086,-0.091267,0.007821,-0.013878,0.033735,0.009951,0.000000,0.000000,0.000000,-1.000000,0.028146,-0.444420,0.042644,0.000000
-0.016778,-0.094194,0.007279,-0.015057,0.030435,0.002889,0.000000,0.000000,0.000000,-1.000000,0.000000,-0.388309,0.151416,0.000000
-0.015117,-0.097426,0.008397,-0.015800,0.037685,-0.006872,0.000000,0.000000,0.000000,-0.828025,0.000000,-0.410979,0.321917,0.000000
-0.012926,-0.100648,0.011103,-0.017497,0.039786,-0.018012,0.000000,0.000000,0.000000,-0.717314,0.000000,-0.559798,0.298915,0.000000
-0.010124,-0.103530,0.015152,-0.018071,0.032379,-0.024914,0.000000,0.000000,0.000000,-0.781109,0.000000,-0.837098,0.140421,0.000000
-0.006572,-0.105753,0.020695,-0.017974,0.021219,-0.029538,0.000000,0.000000,0.000000,-0.623031,0.000000,-1.000000,0.200132,0.000000
-0.003569,-0.107053,0.025548,-0.017850,0.015564,-0.032258,0.000000,0.100744,0.000000,-0.278892,0.000000,-0.986710,0.479971,0.000000
-0.000463,-0.107379,0.030621,-0.016638,0.003361,-0.031248,0.000000,0.203600,0.000000,-0.144428,0.000000,-0.954444,0.494964,0.000000
0.002009,-0.106975,0.034599,-0.014529,-0.005161,-0.026501,0.000000,0.184743,0.000000,-0.338348,0.000000,-1.000000,0.149441,0.000000
0.004171,-0.106559,0.037582,-0.011932,-0.004040,-0.015889,0.000000,0.181902,0.000000,-0.274795,0.000000,-0.970429,0.057549,0.000000
0.005189,-0.105412,0.038476,-0.008528,-0.013471,-0.005499,0.000000,0.154301,0.000000,0.000000,0.000000,-0.801802,0.393701,0.000000
0.005491,-0.103614,0.038048,-0.005698,-0.023190,0.002847,0.000000,0.000000,0.000000,-0.173957,0.000000,-0.662736,0.352149,0.000000
0.004885,-0.101996,0.035417,-0.002986,-0.019714,0.016188,0.000000,0.000000,0.000000,-0.501360,0.052258,-0.475296,0.000000,0.000000
0.003939,-0.100062,0.032100,-0.001508,-0.025484,0.022107,0.000000,0.000000,0.000000,-0.392782,0.082495,-0.253418,0.109947,0.000000
0.002393,-0.097338,0.027236,0.000178,-0.028510,0.025911,0.000000,0.000000,0.000000,-0.415052,0.030605,-0.064202,0.335879,0.000000
0.000794,-0.094366,0.022696,0.002489,-0.035558,0.027912,0.000000,0.000000,0.000000,-0.562325,0.082029,0.000000,0.119938,0.000000
-0.000746,-0.091240,0.018729,0.004686,-0.040259,0.026431,0.000000,0.000000,0.000000,-0.675116,0.120945,0.000000,0.000000,0.000000
-0.002196,-0.088193,0.015338,0.006154,-0.039003,0.022583,0.000000,0.000000,0.000000,-0.481980,0.031751,0.000000,0.092033,0.102879
-0.003981,-0.084175,0.011772,0.007686,-0.038469,0.017816,0.000000,0.000000,0.000000,-0.302877,0.000000,0.000000,0.221601,0.169472
-0.005204,-0.081131,0.009824,0.009093,-0.038789,0.012967,0.000000,0.000000,0.000000,-0.258158,0.000000,0.000000,0.008999,0.166708
-0.006429,-0.078166,0.008402,0.010244,-0.034892,0.008738,0.000000,0.079448,0.000000,-0.226684,0.000000,0.000000,0.000000,0.154710
-0.007597,-0.075724,0.007438,0.011990,-0.031184,0.006426,0.000000,0.075645,0.000000,-0.007109,0.000000,0.000000,0.000000,0.138323
-0.008955,-0.072000,0.007488,0.014084,-0.038297,-0.000263,0.000000,0.065017,0.000000,0.000000,0.000000,-0.014636,0.000000,0.059050
-0.010059,-0.068625,0.008226,0.015095,-0.040331,-0.004543,0.000000,0.000000,0.000000,-0.039857,0.000000,-0.070245,0.000000,0.015076
-0.011059,-0.065540,0.009130,0.015366,-0.040051,-0.006020,0.000000,0.133966,0.000000,0.000000,0.000000,-0.048357,0.000000,0.069794
-0.012188,-0.062267,0.010136,0.015834,-0.039190,-0.006175,0.000000,0.264410,0.000000,0.000000,0.000000,-0.025574,0.000000,0.090116
-0.013491,-0.058617,0.011447,0.016074,-0.038119,-0.006997,0.000000,0.268538,0.000000,0.000000,0.000000,-0.085897,0.000000,0.069062
-0.014447,-0.056309,0.012811,0.015455,-0.030285,-0.009048,-0.010426,0.235360,-0.019196,0.000000,0.000000,-0.111514,0.000000,0.057252
-0.015425,-0.053817,0.014407,0.015023,-0.030568,-0.009855,-0.025684,0.232486,-0.015273,0.000000,0.000000,-0.078438,0.000000,0.072272
-0.016269,-0.051757,0.015801,0.013883,-0.027345,-0.009276,-0.002754,0.205439,-0.028476,0.000000,0.000000,-0.169291,0.000000,0.000000
-0.017434,-0.049461,0.017298,0.014467,-0.024362,-0.007964,0.000000,0.269779,-0.046721,0.000000,0.000000,-0.194939,0.000000,0.000000
-0.018647,-0.048078,0.018092,0.015895,-0.016960,-0.004895,0.000000,0.164978,-0.002726,0.000000,0.000000,-0.139615,0.000000,0.000000
-0.019706,-0.047442,0.018844,0.015075,-0.008748,-0.005004,-0.018800,0.072360,-0.007973,0.000000,0.000000,-0.131045,0.000000,0.000000
-0.020828,-0.046592,0.019419,0.014339,-0.010515,-0.003536,-0.068028,0.082299,-0.078087,0.000000,0.000000,-0.143754,0.000000,0.000000
-0.022097,-0.045326,0.019779,0.013589,-0.013250,-0.001916,-0.048718,0.068734,-0.096491,0.000000,0.000000,-0.223945,0.000000,0.000000
-0.023092,-0.043230,0.019779,0.012809,-0.026976,-0.000002,-0.006921,0.000000,-0.031101,0.000000,0.000000,-0.190703,0.000000,0.000000
-0.024240,-0.040738,0.019551,0.013264,-0.029402,0.001401,-0.016932,0.000000,0.000000,0.000000,0.000000,-0.086398,0.000000,0.000000
-0.025456,-0.038784,0.018756,0.014324,-0.024334,0.005295,-0.071294,0.147085,0.000000,0.000000,0.000000,0.000000,0.000000,0.133234
-0.027082,-0.036711,0.017185,0.014722,-0.019976,0.008344,-0.104322,0.212632,-0.024089,0.000000,0.000000,0.000000,0.000000,0.173060
-0.028625,-0.034962,0.015750,0.016408,-0.019379,0.008856,-0.127083,0.143592,-0.081617,0.000000,0.000000,0.000000,0.000000,0.115677
-0.030053,-0.033254,0.014481,0.016564,-0.020470,0.008451,-0.140414,0.015645,-0.080771,0.000000,0.000000,0.000000,0.000000,0.099735
-0.031566,-0.031133,0.013308,0.016517,-0.023884,0.007217,-0.140803,0.000000,-0.063983,0.000000,0.000000,0.000000,0.000000,0.118024
-0.032898,-0.029322,0.012282,0.015852,-0.021986,0.006832,-0.145812,0.013270,-0.063457,0.000000,0.000000,0.000000,0.000000,0.154870
-0.034515,-0.027500,0.010882,0.015307,-0.017243,0.007461,-0.163267,0.114117,-0.078510,0.000000,0.000000,0.000000,0.000000,0.207059
-0.036002,-0.027248,0.009080,0.015813,-0.000669,0.011074,-0.165472,0.131020,-0.092794,0.000000,0.000000,0.000000,0.000000,0.189585
-0.037413,-0.027256,0.007170,0.016048,0.002887,0.012725,-0.167322,0.047269,-0.107447,0.000000,0.000000,0.000000,0.000000,0.136364
-0.038817,-0.027427,0.005146,0.014619,0.004852,0.012444,-0.191572,0.000000,-0.145925,-0.077126,0.000000,0.000000,0.000000,0.000000
-0.040226,-0.027925,0.003070,0.012659,0.007736,0.011057,-0.203506,0.000000,-0.140819,-0.151117,0.000000,0.000000,0.000000,0.000000
-0.041249,-0.028200,0.001378,0.011265,0.006300,0.011276,-0.169697,0.000000,-0.073008,-0.180028,0.000000,0.000000,0.000000,0.000000
-0.042342,-0.028675,-0.000292,0.011230,0.008209,0.010274,-0.147358,0.000000,-0.058478,-0.185006,0.000000,0.000000,0.000000,0.000000
-0.043812,-0.030274,-0.003089,0.012537,0.020278,0.014897,-0.185394,0.000000,-0.077652,-0.227055,0.000000,0.000000,0.000000,0.000000
-0.045047,-0.031503,-0.005326,0.013157,0.019762,0.014889,-0.203606,0.000000,-0.107841,-0.252668,0.000000,0.000000,0.000000,0.000000
-0.046292,-0.032509,-0.007491,0.012255,0.015608,0.013319,-0.221435,0.000000,-0.114825,-0.498139,0.000000,0.000000,0.000000,0.000000
-0.047290,-0.032776,-0.009454,0.010268,0.007102,0.013071,-0.216273,0.000000,-0.102841,-0.479467,0.000000,0.000000,0.000000,0.000000
-0.048433,-0.033140,-0.011328,0.011285,0.007642,0.011531,-0.187240,0.000000,-0.036203,-0.330616,0.000000,0.000000,0.000000,0.000000
-0.049796,-0.033469,-0.012683,0.012572,0.005499,0.007215,-0.185422,0.000000,-0.003790,-0.250021,0.000000,0.000000,0.000000,0.000000
-0.050886,-0.033433,-0.013050,0.013532,0.000280,0.002448,-0.250360,0.000000,-0.101747,-0.327874,0.000000,0.000000,0.000000,0.000000
-0.052036,-0.034195,-0.013016,0.013685,0.008978,-0.000212,-0.278081,0.000000,-0.174710,-0.260002,0.000000,0.000000,0.000000,0.000000
-0.052822,-0.035225,-0.012392,0.010977,0.011934,-0.004156,-0.204133,0.000000,-0.122760,0.000000,0.000000,0.000000,0.000000,0.000000
-0.053646,-0.036271,-0.011605,0.009372,0.009430,-0.004195,-0.156495,0.000000,-0.147223,-0.015572,0.000000,-0.065975,0.000000,0.000000
-0.054111,-0.037670,-0.010679,0.006772,0.014742,-0.005691,-0.174589,0.000000,-0.252838,-0.096514,0.000000,-0.184060,0.000000,0.000000
-0.054422,-0.039470,-0.009800,0.005316,0.021119,-0.005822,-0.166226,0.000000,-0.210688,-0.064071,0.000000,-0.141103,0.000000,0.000000
-0.054457,-0.042585,-0.008248,0.002726,0.033995,-0.009587,-0.070992,0.000000,-0.097102,-0.029691,0.000000,-0.200750,0.000000,0.000000
-0.054007,-0.048418,-0.005578,-0.000941,0.055345,-0.014230,-0.072999,0.000000,-0.148221,-0.149853,0.000000,-0.301852,0.000000,0.000000
-0.053436,-0.052978,-0.003395,-0.003056,0.053901,-0.014549,-0.105621,0.000000,-0.248988,-0.356432,0.000000,-0.475346,0.000000,0.000000
-0.053133,-0.058528,-0.002347,-0.001522,0.063735,-0.006433,0.000000,0.000000,-0.212250,-0.497559,0.000000,-0.778556,0.000000,0.000000
-0.053068,-0.063781,-0.001985,0.000024,0.066814,-0.002416,0.000000,0.000000,-0.025547,-0.381082,0.000000,-0.732948,0.000000,0.000000
-0.052963,-0.069054,-0.001460,-0.000003,0.061586,-0.003231,0.000000,0.000000,0.000000,-0.701070,0.000000,-0.537623,0.000000,0.000000
-0.052910,-0.074767,-0.001095,0.000270,0.058031,-0.001939,-0.088845,0.000000,-0.082700,-1.000000,0.000000,-0.524556,0.000000,0.000000
-0.052982,-0.079068,-0.001025,0.001139,0.055266,-0.000468,-0.064513,0.000000,-0.084129,-0.840764,0.000000,-0.576962,0.000000,0.000000
-0.052921,-0.083319,-0.000634,0.000427,0.049634,-0.002399,0.000000,0.000000,0.000000,-0.672517,0.000000,-0.545799,0.053955,0.000000
-0.052730,-0.086717,0.000126,0.000114,0.042133,-0.005070,-0.007693,0.000000,0.000000,-0.767388,0.000000,-0.515225,0.000000,0.000000
-0.052341,-0.089796,0.001327,-0.000631,0.029646,-0.006404,-0.066393,0.000000,-0.081254,-0.846665,0.000000,-0.539671,0.000000,0.000000
-0.051720,-0.091763,0.002911,-0.002071,0.020276,-0.009736,-0.025719,0.000000,-0.034908,-0.648587,0.000000,-0.545780,0.000163,0.000000
-0.050925,-0.093122,0.004982,-0.002528,0.013181,-0.013795,0.000000,0.000000,0.000000,-0.400858,0.000000,-0.483685,0.102721,0.000000
-0.049976,-0.094326,0.007496,-0.002516,0.009545,-0.015456,0.000000,0.000000,0.000000,-0.337048,0.000000,-0.490970,0.069657,0.000000
-0.049014,-0.095524,0.010100,-0.001943,0.008156,-0.013872,0.000000,0.002939,-0.088457,-0.331810,0.000000,-0.565366,0.000000,0.000000
-0.048624,-0.096396,0.011398,0.000002,0.008654,-0.008653,0.000000,0.029355,-0.077995,-0.250237,0.000000,-0.586366,0.000000,0.000000
-0.048307,-0.096855,0.012776,0.001200,0.002958,-0.008466,0.000000,0.000000,0.000000,-0.174763,0.000000,-0.548345,0.000000,0.000000
-0.048053,-0.097517,0.013844,0.000911,0.006436,-0.007111,0.000000,0.000000,0.000000,-0.336538,0.000000,-0.464331,0.000000,0.000000
-0.047767,-0.097801,0.015002,0.000715,0.001123,-0.006172,-0.007825,0.000000,-0.038985,-0.322918,0.000000,-0.418095,0.000000,0.000000
-0.047550,-0.097440,0.015643,-0.000243,-0.005418,-0.003937,0.000000,0.000000,-0.035617,-0.330901,0.000000,-0.469086,0.000000,0.000000
-0.047408,-0.096506,0.015849,-0.001012,-0.012418,-0.001374,0.000000,0.000000,-0.008783,-0.254479,0.000000,-0.443994,0.000000,0.000000
-0.047369,-0.095789,0.015668,-0.001117,-0.008189,0.001109,0.000000,0.000000,0.000000,-0.222483,0.000000,-0.318716,0.000000,0.000000
-0.047502,-0.095127,0.014936,-0.000897,-0.005684,0.003904,0.000000,0.000000,0.000000,-0.224688,0.000000,-0.216255,0.000000,0.000000
-0.047645,-0.094646,0.014177,-0.001072,-0.004730,0.005051,-0.010044,0.000000,0.000000,-0.329588,0.000000,-0.272184,0.000000,0.000000
-0.048016,-0.094066,0.012743,-0.000648,-0.004330,0.008818,-0.024062,0.000000,-0.020798,-0.407057,0.000000,-0.289375,0.000000,0.000000
-0.048371,-0.093101,0.011318,-0.000843,-0.009617,0.009484,-0.022658,0.000000,0.000000,-0.417921,0.000000,-0.235325,0.000000,0.000000
-0.048705,-0.091590,0.009730,-0.001341,-0.013055,0.008463,-0.031653,0.000000,0.000000,-0.468634,0.000000,-0.148430,0.000000,0.000000
-0.048879,-0.089458,0.008595,-0.001815,-0.023260,0.006989,-0.048603,0.000000,0.000000,-0.422625,0.000000,-0.092483,0.000000,0.000000
-0.048939,-0.086816,0.007702,-0.002446,-0.032197,0.005942,-0.038445,0.000000,0.000000,-0.328619,0.000000,-0.100107,0.000000,0.000000
-0.048817,-0.084229,0.007108,-0.003371,-0.029626,0.003652,-0.031564,0.000000,0.000000,-0.165958,0.000000,-0.041368,0.000000,0.000000
-0.047920,-0.083236,0.008283,-0.006022,-0.012064,-0.006261,-0.037670,0.043471,0.000000,-0.048403,0.000000,0.000000,0.000000,0.000000
-0.047077,-0.083139,0.009607,-0.006394,-0.003793,-0.008821,-0.029749,0.015801,0.000000,-0.058229,0.000000,-0.046206,0.000000,0.000000
-0.046285,-0.083032,0.010827,-0.005604,-0.003402,-0.007495,0.000000,0.002967,-0.088721,-0.102359,0.000000,-0.449511,0.000000,0.000000
-0.045604,-0.082861,0.011853,-0.005313,-0.004121,-0.006840,0.000000,0.000000,-0.103229,-0.139804,0.000000,-0.559466,0.000000,0.000000
-0.044867,-0.082440,0.012884,-0.005565,-0.006741,-0.006337,0.000000,0.000000,0.000000,-0.149666,0.000000,-0.347284,0.000000,0.000000
-0.044516,-0.082303,0.012889,-0.003603,-0.001421,-0.000026,0.000000,0.000000,0.000000,-0.139242,0.000000,-0.278303,0.000000,0.000000
-0.044319,-0.082013,0.012629,-0.003389,-0.003258,0.001728,0.000000,0.000000,0.000000,-0.146890,0.000000,-0.336021,0.000000,0.000000
-0.044611,-0.082238,0.011161,-0.001019,0.005106,0.009024,0.000000,0.000000,0.000000,-0.341265,0.000000,-0.303747,0.000000,0.000000
-0.045230,-0.082751,0.008854,0.000310,0.010773,0.015365,0.000000,0.000000,0.000000,-0.360687,0.000000,-0.220510,0.000000,0.000000
-0.046056,-0.082575,0.005485,-0.000489,0.003172,0.017959,-0.046337,0.000000,0.000000,-0.562439,0.000000,-0.157144,0.000000,0.000000
-0.046922,-0.081890,0.002407,0.000821,-0.002810,0.018914,-0.090541,0.000000,0.000000,-0.766743,0.000000,-0.123364,0.000000,0.000000
-0.047685,-0.080156,-0.000616,-0.000151,-0.016503,0.020124,-0.077986,0.000000,0.000000,-0.665827,0.000000,-0.004616,0.000000,0.000000
-0.048389,-0.078004,-0.003189,0.000682,-0.020950,0.015829,-0.082226,0.000000,0.000000,-0.540546,0.000000,0.000000,0.000758,0.000000
-0.049023,-0.074473,-0.005565,0.000541,-0.032599,0.012665,-0.100982,0.000000,0.000000,-0.426302,0.000000,0.000000,0.000000,0.000000
-0.049489,-0.071842,-0.007292,0.000810,-0.030407,0.011502,-0.111392,0.000000,0.000000,-0.316226,0.000000,0.000000,0.000000,0.000000
-0.049935,-0.068807,-0.008861,0.001094,-0.033118,0.009645,-0.113766,0.000000,0.000000,-0.122437,0.000000,0.000000,0.000000,0.142100
-0.050394,-0.066603,-0.010340,0.001796,-0.025342,0.009852,-0.124244,0.000000,0.000000,-0.147288,0.000000,0.000000,0.000000,0.129007
-0.050884,-0.064530,-0.011822,0.002151,-0.021822,0.009111,-0.135945,0.012058,0.000000,-0.048092,0.000000,0.000000,0.000000,0.170956
-0.051444,-0.062675,-0.013412,0.002451,-0.016444,0.008461,-0.147299,0.000000,-0.016924,-0.141394,0.000000,0.000000,0.000000,0.088473
-0.051887,-0.061489,-0.014620,0.002634,-0.012734,0.008052,-0.156568,0.000000,-0.062284,-0.175129,0.000000,0.000000,0.000000,0.052613
-0.052226,-0.060418,-0.015635,0.001703,-0.010759,0.006248,-0.150252,0.000000,-0.042694,-0.219701,0.000000,0.000000,0.000000,0.000000
-0.052343,-0.059551,-0.016145,0.000260,-0.010075,0.003398,-0.130741,0.000000,-0.023262,-0.231212,0.000000,0.000000,0.000000,0.000000
-0.052394,-0.058694,-0.016429,-0.000013,-0.008339,0.001514,-0.128138,0.000000,-0.021432,-0.242916,0.000000,0.000000,0.000000,0.000000
-0.052347,-0.057369,-0.016385,-0.000471,-0.015801,-0.000273,-0.117322,0.000000,-0.034666,-0.201306,0.000000,0.000000,0.000000,0.000000
-0.052288,-0.055711,-0.015446,0.001430,-0.023323,-0.006260,-0.108607,0.000000,-0.046321,-0.176599,0.000000,-0.009550,0.000000,0.000000
-0.052189,-0.054009,-0.014212,0.001395,-0.022593,-0.007584,-0.099327,0.000000,-0.031818,-0.038180,0.000000,0.000000,0.000000,0.000000
-0.051828,-0.052609,-0.012037,0.000087,-0.018065,-0.011592,-0.095783,0.128459,-0.062218,0.000000,0.000000,0.000000,0.000000,0.000000
-0.051326,-0.052025,-0.009884,-0.001860,-0.012006,-0.014344,-0.106562,0.119136,-0.112959,0.000000,0.000000,-0.021091,0.000000,0.000000
-0.050740,-0.051447,-0.007546,-0.002406,-0.011324,-0.014377,-0.064326,0.053425,-0.131594,0.000000,0.000000,-0.173380,0.000000,0.000000
-0.049977,-0.051105,-0.005165,-0.004850,-0.009257,-0.015849,0.000000,0.010824,-0.107169,0.000000,0.000000,-0.300015,0.000000,0.000000
-0.048929,-0.050363,-0.002486,-0.006331,-0.011941,-0.014277,0.000000,0.000000,-0.049565,0.000000,0.000000,-0.233749,0.000000,0.000000
-0.048015,-0.049507,-0.000344,-0.006812,-0.014059,-0.013173,0.000000,0.038179,-0.016602,0.000000,0.000000,-0.222452,0.000000,0.000000
-0.047323,-0.048865,0.001066,-0.006075,-0.010972,-0.009381,0.000000,0.128139,-0.026401,0.000000,0.000000,-0.207680,0.000000,0.000000
-0.046442,-0.048313,0.002602,-0.007654,-0.009256,-0.009449,0.000000,0.153566,-0.023415,0.000000,0.000000,-0.181373,0.000000,0.000000
-0.045625,-0.048590,0.003849,-0.008071,0.001229,-0.008314,-0.014368,0.003594,-0.021074,0.000000,0.000000,-0.167446,0.000000,0.000000
-0.044592,-0.049806,0.005284,-0.008366,0.010389,-0.007644,0.000000,0.000000,-0.014620,0.000000,0.000000,-0.215772,0.000000,0.000000
-0.043635,-0.050958,0.006648,-0.008826,0.011417,-0.008389,0.000000,0.000000,-0.030041,-0.030761,0.000000,-0.302188,0.000000,0.000000
-0.042738,-0.052005,0.007888,-0.008982,0.011278,-0.008254,0.000000,0.000000,-0.036613,-0.176303,0.000000,-0.373000,0.000000,0.000000
-0.041781,-0.052958,0.009068,-0.009071,0.009444,-0.007257,0.000000,0.000000,0.000000,-0.168352,0.000000,-0.372531,0.000000,0.000000
-0.040807,-0.053961,0.010002,-0.008422,0.009062,-0.004978,0.000000,0.000000,0.000000,-0.131372,0.000000,-0.340777,0.000000,0.000000
-0.040169,-0.054762,0.010371,-0.007386,0.009683,-0.002457,0.000000,0.000000,0.000000,-0.157482,0.000000,-0.313672,0.000000,0.000000
-0.039513,-0.054822,0.010667,-0.007188,0.000276,-0.001819,0.000000,0.000000,0.000000,-0.210552,0.000000,-0.299431,0.000000,0.000000
-0.038908,-0.054456,0.010785,-0.007514,-0.004905,-0.000788,0.000000,0.000000,0.000000,-0.263423,0.000000,-0.277175,0.000000,0.000000
-0.038193,-0.053821,0.010678,-0.007551,-0.006397,0.000572,0.000000,0.000000,0.000000,-0.138029,0.000000,-0.179214,0.000000,0.000000
-0.037592,-0.052933,0.010470,-0.007543,-0.010236,0.001275,0.000000,0.000000,0.000000,-0.072940,0.000000,-0.118310,0.007471,0.000000
-0.037008,-0.052075,0.010429,-0.007598,-0.010975,0.000274,0.000000,0.000000,0.000000,-0.104566,0.000000,-0.135034,0.000000,0.000000
-0.036414,-0.051094,0.010543,-0.006820,-0.011775,-0.000700,0.000000,0.000000,0.000000,-0.079950,0.000000,-0.114480,0.000000,0.000000
-0.035655,-0.050217,0.010779,-0.007419,-0.009300,-0.001256,0.000000,0.000000,0.000000,-0.032581,0.000000,-0.110651,0.000000,0.000000
-0.035039,-0.049506,0.010898,-0.007703,-0.009341,-0.000790,0.000000,0.018884,0.000000,0.000000,0.000000,-0.125320,0.000000,0.000000
-0.034387,-0.047851,0.010554,-0.008356,-0.019179,0.002110,0.000000,0.000000,0.000000,-0.023274,0.000000,-0.165540,0.000000,0.000000
-0.033849,-0.046285,0.010028,-0.007945,-0.019415,0.003505,0.000000,0.000000,0.000000,-0.047494,0.000000,-0.152683,0.000000,0.000000
-0.033245,-0.043951,0.009172,-0.007493,-0.023078,0.004562,0.000000,0.000000,0.000000,0.000000,0.000000,0.000000,0.000000,0.053246
-0.032830,-0.041377,0.009083,-0.005078,-0.030471,0.000550,0.000000,0.000000,0.000000,0.000000,0.000000,0.000000,0.000000,0.081244
-0.032432,-0.039620,0.009048,-0.005177,-0.022544,0.000235,0.000000,0.061032,0.000000,0.000000,0.000000,0.000000,0.000000,0.119386
-0.031902,-0.038298,0.009223,-0.006037,-0.015905,-0.001081,0.000000,0.243268,0.000000,0.000000,0.000000,0.000000,0.000000,0.188652
-0.031396,-0.037018,0.009352,-0.006301,-0.016615,-0.000855,0.000000,0.184474,0.000000,0.000000,0.000000,-0.035928,0.000000,0.083195
-0.030745,-0.035633,0.009644,-0.006341,-0.014547,-0.001560,0.000000,0.111144,0.000000,0.000000,0.000000,-0.169745,0.000000,0.000000
-0.030153,-0.034467,0.010033,-0.006517,-0.014287,-0.002387,0.000000,0.054658,0.000000,0.000000,0.000000,-0.092708,0.000000,0.011892
-0.029598,-0.033346,0.010591,-0.006366,-0.015108,-0.003719,0.000000,0.000000,0.000000,0.000000,0.000000,-0.014111,0.000000,0.034001
-0.029035,-0.032710,0.011054,-0.006099,-0.008051,-0.002843,0.000000,0.077109,0.000000,0.000000,0.000000,-0.065374,0.000000,0.010002
-0.028532,-0.031472,0.011923,-0.004261,-0.013563,-0.004636,0.000000,0.188604,0.000000,0.000000,0.000000,-0.118907,0.000000,0.000000
-0.028129,-0.030428,0.012645,-0.004260,-0.014254,-0.004806,0.000000,0.037837,0.000000,0.000000,0.000000,-0.148525,0.000000,0.000000
-0.027727,-0.029359,0.013426,-0.003885,-0.013499,-0.004805,0.000000,0.049119,0.000000,0.000000,0.000000,-0.099272,0.000000,0.000000
-0.027388,-0.028343,0.014114,-0.003537,-0.013838,-0.004583,0.000000,0.143133,0.000000,0.000000,0.000000,-0.059414,0.000000,0.018313
-0.027006,-0.026944,0.014878,-0.003234,-0.015066,-0.004066,0.000000,0.152426,0.000000,0.000000,0.000000,-0.090995,0.000000,0.000000
-0.026660,-0.025752,0.015337,-0.003648,-0.014612,-0.002821,0.000000,0.131497,0.000000,0.000000,0.000000,-0.119322,0.000000,0.000000
-0.026346,-0.024883,0.015529,-0.003828,-0.011360,-0.001276,0.000000,0.112728,0.000000,0.000000,0.000000,-0.071413,0.000000,0.029695
-0.025992,-0.024646,0.015761,-0.003993,-0.003040,-0.001429,0.000000,0.093503,0.000000,0.000000,0.000000,-0.033748,0.000000,0.054762
-0.025480,-0.023963,0.015436,-0.005520,-0.006754,0.001725,0.000000,0.085755,0.000000,0.000000,0.000000,-0.068054,0.000000,0.020381
-0.025068,-0.023183,0.014968,-0.005763,-0.009557,0.003124,0.000000,0.060470,0.000000,0.000000,0.000000,-0.181185,0.000000,0.000000
-0.024556,-0.022719,0.014716,-0.006298,-0.005271,0.001549,0.000000,0.000000,0.000000,0.000000,0.000000,-0.058168,0.000000,0.002828
-0.024036,-0.022420,0.014464,-0.006908,-0.003600,0.001679,0.000000,0.000000,0.000000,0.000000,0.000000,0.000000,0.000000,0.099939
-0.023468,-0.021936,0.014005,-0.007123,-0.005331,0.002820,0.000000,0.017110,0.000000,0.000000,0.000000,-0.058035,0.000000,0.000000
-0.022889,-0.021537,0.013239,-0.006508,-0.003529,0.004084,0.000000,0.092972,0.000000,0.000000,0.000000,-0.135844,0.000000,0.000000
-0.022393,-0.021508,0.012739,-0.006810,0.000101,0.003335,0.000000,0.000000,0.000000,0.000000,0.000000,-0.033404,0.000000,0.021875
-0.021826,-0.021614,0.012137,-0.007211,0.001755,0.003703,0.000000,0.000000,0.000000,-0.057064,0.000000,0.000000,0.000000,0.033861
-0.021165,-0.021548,0.011282,-0.009249,-0.000088,0.005687,0.000000,0.000000,0.000000,-0.027442,0.000000,-0.088584,0.000000,0.000000
-0.020280,-0.021406,0.010126,-0.009912,-0.000676,0.006164,0.000000,0.000000,0.000000,-0.034634,0.000000,-0.116809,0.000000,0.000000
-0.019492,-0.021484,0.009167,-0.010117,0.001661,0.005896,0.000000,0.000000,0.000000,-0.102062,0.000000,-0.012152,0.000000,0.007668
-0.018744,-0.021947,0.008400,-0.010276,0.006553,0.005105,0.000000,0.000000,0.000000,-0.114741,0.000000,0.000000,0.000000,0.034756
-0.017958,-0.022544,0.007506,-0.010063,0.007716,0.005497,0.000000,0.000000,0.000000,-0.106117,0.000000,-0.059499,0.000000,0.000000
-0.017162,-0.023693,0.006080,-0.009225,0.012645,0.007593,0.000000,0.000000,0.000000,-0.141496,0.000000,-0.138826,0.000000,0.000000
-0.016662,-0.025934,0.004390,-0.008057,0.030018,0.011273,0.000000,0.000000,0.000000,-0.202787,0.000000,-0.101892,0.000000,0.000000
-0.016185,-0.028658,0.002424,-0.007556,0.033559,0.012083,0.000000,0.000000,0.000000,-0.328476,0.000000,-0.068487,0.000000,0.000000
-0.015734,-0.031053,0.000584,-0.007930,0.032021,0.012263,0.000000,0.000000,0.000000,-0.628344,0.000000,-0.191281,0.000000,0.000000
-0.015223,-0.033217,-0.001635,-0.008621,0.026969,0.013621,0.000000,0.000000,0.000000,-0.675101,0.000000,-0.224527,0.000000,0.000000
-0.014620,-0.035280,-0.004089,-0.008834,0.022449,0.013085,0.000000,0.000000,0.000000,-0.600644,0.000000,-0.126445,0.117530,0.000000
-0.013948,-0.037845,-0.005040,-0.010007,0.033576,0.006337,0.000000,0.000000,0.000000,-0.581820,0.000000,-0.039666,0.172824,0.000000
-0.013171,-0.041481,-0.005359,-0.009669,0.043312,0.001963,0.000000,0.000000,0.000000,-0.621680,0.000000,-0.062006,0.052075,0.000000
-0.012456,-0.044435,-0.005155,-0.008851,0.037878,-0.001361,0.000000,0.000000,0.000000,-0.663468,0.000000,-0.350606,0.000000,0.000000
-0.011466,-0.047114,-0.004388,-0.009089,0.027263,-0.004088,0.000000,0.000000,0.000000,-0.642123,0.000000,-0.524783,0.041999,0.000000
-0.010487,-0.048860,-0.003203,-0.009533,0.020212,-0.007278,0.000000,0.000000,0.000000,-0.506031,0.000000,-0.402006,0.221629,0.000000
-0.009428,-0.050379,-0.001431,-0.010116,0.018787,-0.011804,0.000000,0.000000,0.000000,-0.374163,0.000000,-0.290877,0.301578,0.000000
-0.008183,-0.051393,0.000693,-0.010795,0.011315,-0.013070,0.000000,0.000000,0.000000,-0.365630,0.000000,-0.371709,0.133288,0.000000
-0.006547,-0.052584,0.003854,-0.011573,0.011448,-0.016840,0.000000,0.073581,0.000000,-0.325612,0.000000,-0.530635,0.008209,0.000000
-0.005184,-0.052839,0.006776,-0.011313,0.002522,-0.019466,0.000000,0.074444,0.000000,-0.123868,0.000000,-0.466497,0.181885,0.000000
-0.003706,-0.052505,0.010521,-0.010168,-0.004638,-0.023022,0.000000,0.009653,0.000000,-0.029604,0.000000,-0.499124,0.272961,0.000000
-0.002379,-0.052218,0.014000,-0.009681,-0.004166,-0.023161,0.000000,0.139567,0.000000,0.000000,0.000000,-0.525205,0.090611,0.000000
-0.000980,-0.052035,0.017621,-0.008282,-0.002126,-0.019305,0.000000,0.314245,0.000000,0.000000,0.000000,-0.514063,0.080295,0.000000
0.000266,-0.052267,0.020711,-0.008785,0.002662,-0.018986,0.000000,0.164905,0.000000,0.000000,0.000000,-0.546257,0.107427,0.000000
0.001361,-0.052457,0.023201,-0.008821,0.002496,-0.016584,0.000000,0.000000,0.000000,0.000000,0.000000,-0.538125,0.000000,0.000000
0.002433,-0.052196,0.025320,-0.008593,-0.002983,-0.013034,0.000000,0.043910,0.000000,0.000000,0.000000,-0.571474,0.054416,0.000000
0.003294,-0.050797,0.026713,-0.008137,-0.017844,-0.009277,0.000000,0.060962,0.000000,0.000000,0.000000,-0.530424,0.213699,0.000000
0.004249,-0.049361,0.028064,-0.007597,-0.014610,-0.007190,0.000000,0.034764,0.000000,0.000000,0.000000,-0.413446,0.180384,0.000000
0.004884,-0.048002,0.028599,-0.006549,-0.016057,-0.003294,0.000000,0.163063,0.000000,0.000000,0.000000,-0.221222,0.113126,0.000000
0.005376,-0.046489,0.028464,-0.006601,-0.019509,0.000901,0.000000,0.140080,0.000000,0.000000,0.000000,-0.272415,0.089846,0.000000
0.005842,-0.044745,0.027925,-0.006469,-0.020802,0.003315,0.000000,0.035938,0.000000,0.000000,0.000000,-0.296971,0.000000,0.000000
0.006450,-0.043181,0.027247,-0.007233,-0.016221,0.003609,0.000000,0.000000,0.000000,0.000000,0.000000,-0.148758,0.020218,0.016278
0.007043,-0.041715,0.026104,-0.009613,-0.019140,0.007618,0.000000,0.000000,0.000000,0.000000,0.026488,-0.053318,0.145628,0.093111
0.007772,-0.039958,0.024707,-0.010832,-0.021230,0.008591,0.000000,0.000000,0.000000,0.000000,0.064314,-0.162263,0.084696,0.008964
0.008319,-0.038157,0.023107,-0.009619,-0.023647,0.010653,0.000000,0.070101,0.000000,-0.018761,0.111305,-0.115171,0.000000,0.070210
0.008884,-0.035705,0.020852,-0.008597,-0.025833,0.012017,0.000000,0.000000,0.000000,-0.051044,0.115978,0.000000,0.088664,0.157023
0.009317,-0.034043,0.018720,-0.007976,-0.020415,0.013107,0.000000,0.000000,0.000000,-0.018079,0.059375,0.000000,0.051540,0.198466
0.009470,-0.033449,0.015944,-0.005784,-0.008668,0.018471,0.000000,0.101163,0.000000,0.000000,0.076552,0.000000,0.000000,0.232183
0.009450,-0.033215,0.012662,-0.003871,-0.003918,0.020197,0.000000,0.029565,0.000000,-0.008542,0.107809,0.000000,0.000000,0.205210
0.009331,-0.033788,0.008937,-0.002780,0.004789,0.019853,0.000000,0.000000,0.000000,-0.291688,0.093069,0.000000,0.000000,0.110288
0.009214,-0.035051,0.006208,-0.002223,0.015229,0.018178,0.000000,0.000000,0.000000,-0.398005,0.109846,0.000000,0.000000,0.079344
0.009103,-0.036260,0.003121,-0.002727,0.013313,0.018983,0.000000,0.000000,0.000000,-0.470039,0.073160,0.000000,0.000000,0.000000
0.008987,-0.037098,0.000350,-0.002569,0.009759,0.018432,0.000000,0.000000,0.000000,-0.576650,0.047418,-0.039353,0.002503,0.000000
0.008871,-0.037716,-0.002638,-0.002759,0.006355,0.018388,0.000000,0.000000,0.000000,-0.596396,0.068926,0.000000,0.090837,0.000000
0.008764,-0.038808,-0.005543,-0.002448,0.010414,0.015471,0.000000,0.000000,0.000000,-0.522890,0.048461,0.000000,0.175921,0.000000
0.008620,-0.039598,-0.007521,-0.001252,0.009466,0.013167,0.000000,0.000000,0.000000,-0.542960,0.048749,0.000000,0.132179,0.000000
0.008429,-0.040333,-0.009194,-0.000198,0.008207,0.010302,0.000000,0.000000,0.000000,-0.614618,0.068006,-0.000513,0.031019,0.000000
0.008257,-0.040771,-0.010214,0.000541,0.005282,0.006790,0.000000,0.000000,0.000000,-0.538316,0.036437,-0.019506,0.068494,0.000000
0.008128,-0.040927,-0.010981,0.000316,0.001407,0.004089,0.000000,0.000000,0.000000,-0.404535,0.000000,-0.032514,0.171189,0.000000
0.008076,-0.040893,-0.011087,0.000464,-0.000440,0.000651,0.000000,0.000000,0.000000,-0.334290,0.000000,-0.073599,0.135177,0.000000
0.008042,-0.040617,-0.010719,0.001042,-0.003434,-0.002454,0.000000,0.000000,0.000000,-0.316026,0.009478,-0.105638,0.034492,0.000000
0.008095,-0.040443,-0.009687,0.000929,-0.001744,-0.006343,0.000000,0.000000,0.000000,-0.226653,0.000000,-0.131746,0.051491,0.000000
0.008168,-0.040266,-0.007869,0.001623,-0.001346,-0.009693,0.000000,0.000000,0.000000,-0.075941,0.000000,-0.135122,0.134000,0.000000
0.008024,-0.040277,-0.006607,0.003887,0.000558,-0.008366,0.000000,0.000000,0.000000,-0.041647,0.000000,-0.225870,0.094173,0.000000
0.007775,-0.040350,-0.005348,0.004870,0.001253,-0.007775,0.000000,0.039825,0.000000,-0.049421,0.000000,-0.305037,0.000000,0.000000
0.007532,-0.040712,-0.004072,0.005206,0.005059,-0.008494,0.000000,0.000000,0.000000,-0.094433,0.000000,-0.252726,0.000000,0.000000
0.007504,-0.041593,-0.001868,0.003180,0.009608,-0.011745,0.000000,0.000000,0.000000,-0.082719,0.000000,-0.215592,0.023337,0.000000
0.007348,-0.043216,-0.000597,0.003823,0.019639,-0.007814,0.000000,0.000000,0.000000,-0.072938,0.000000,-0.292987,0.038279,0.000000
0.007186,-0.044844,0.000442,0.003894,0.021233,-0.006916,0.000000,0.000000,0.000000,-0.068050,0.000000,-0.442628,0.015191,0.000000
0.006972,-0.046320,0.001450,0.004226,0.017798,-0.006196,0.000000,0.000000,0.000000,-0.307297,0.000000,-0.445889,0.000000,0.000000
0.006720,-0.047518,0.002059,0.004385,0.015578,-0.004059,0.000000,0.000000,0.000000,-0.361388,0.000000,-0.383418,0.010720,0.000000
0.006472,-0.048714,0.002647,0.003458,0.012437,-0.003138,0.000000,0.000000,0.000000,-0.250975,0.000000,-0.332091,0.162542,0.000000
0.006209,-0.049467,0.003142,0.004016,0.009063,-0.003040,0.000000,0.000000,0.000000,-0.254625,0.000000,-0.309001,0.162141,0.000000
0.005800,-0.049741,0.003943,0.006855,0.003716,-0.005332,0.000000,0.000000,0.000000,-0.354372,0.000000,-0.308742,0.006064,0.000000
0.005320,-0.049474,0.004948,0.007571,-0.002940,-0.006183,0.000000,0.000000,0.000000,-0.310356,0.000000,-0.289811,0.007832,0.000000
0.004640,-0.048990,0.005861,0.008444,-0.004814,-0.004860,0.000000,0.000000,0.000000,-0.067591,0.000000,-0.265467,0.165386,0.000000
0.004079,-0.048862,0.006467,0.008430,-0.001538,-0.004038,0.000000,0.049372,0.000000,0.000000,0.000000,-0.227524,0.158058,0.000000
0.003608,-0.048404,0.006650,0.005921,-0.005413,-0.001129,0.000000,0.008162,0.000000,-0.117423,0.000000,-0.209399,0.000000,0.000000
0.003161,-0.047794,0.006465,0.005389,-0.007867,0.001234,0.000000,0.000000,0.000000,-0.202157,0.000000,-0.258761,0.000000,0.000000
0.002431,-0.046991,0.005858,0.006570,-0.008323,0.003232,0.000000,0.000000,0.000000,-0.078534,0.000000,-0.171682,0.016824,0.000000
0.001719,-0.045822,0.004930,0.006824,-0.013963,0.005705,0.000000,0.000000,0.000000,-0.074683,0.000000,-0.068808,0.091002,0.000000
0.001068,-0.044419,0.003882,0.006439,-0.018118,0.006988,0.000000,0.000000,0.000000,-0.141129,0.000000,-0.065233,0.000000,0.000000
0.000387,-0.042603,0.002490,0.005773,-0.021601,0.008553,0.000000,0.000000,0.000000,-0.143653,0.000000,-0.001593,0.000000,0.035003
-0.000364,-0.040728,0.000754,0.005339,-0.019315,0.009253,0.000000,0.000000,0.000000,-0.046624,0.000000,0.000000,0.000000,0.117646
-0.000930,-0.039319,-0.000546,0.005134,-0.018084,0.008658,0.000000,0.000000,0.000000,-0.005061,0.000000,0.000000,0.000000,0.181077
-0.001615,-0.037779,-0.001909,0.006138,-0.018236,0.008377,0.000000,0.000000,0.000000,-0.035379,0.000000,0.000000,0.000000,0.177269
-0.002299,-0.036445,-0.003275,0.006710,-0.017047,0.009096,0.000000,0.000000,0.000000,-0.017579,0.000000,0.000000,0.000000,0.166293
-0.003056,-0.035162,-0.004771,0.006950,-0.015102,0.009199,0.000000,0.000000,0.000000,0.000000,0.000000,0.000000,0.000000,0.179458
-0.003993,-0.033845,-0.006603,0.007562,-0.013360,0.009763,0.000000,0.000000,0.000000,-0.035531,0.000000,0.000000,0.000000,0.187958
-0.004769,-0.032841,-0.008085,0.007955,-0.012664,0.009871,0.000000,0.000000,0.000000,-0.060155,0.000000,0.000000,0.000000,0.177501
-0.005634,-0.031726,-0.009814,0.008145,-0.012926,0.010633,0.000000,0.000000,0.000000,-0.080200,0.000000,0.000000,0.000000,0.173991
-0.006409,-0.030745,-0.011453,0.007867,-0.012248,0.010922,0.000000,0.000000,0.000000,-0.089642,0.000000,0.000000,0.000000,0.177836
-0.007345,-0.029404,-0.013257,0.007835,-0.013414,0.009604,-0.007638,0.000000,0.000000,-0.100112,0.000000,0.000000,0.000000,0.203721
-0.008145,-0.027888,-0.014418,0.008231,-0.017675,0.007146,-0.014694,0.000000,0.000000,-0.113165,0.000000,0.000000,0.000000,0.210339
-0.008860,-0.026517,-0.015282,0.008219,-0.017336,0.005752,-0.016377,0.000000,0.000000,-0.053649,0.000000,0.000000,0.000000,0.223762
-0.009549,-0.025139,-0.016002,0.007469,-0.016124,0.004427,-0.017652,0.064689,0.000000,0.000000,0.000000,0.000000,0.000000,0.265595
-0.010260,-0.023296,-0.016918,0.006572,-0.018684,0.004881,-0.021928,0.076222,0.000000,0.000000,0.000000,0.000000,0.000000,0.259871
-0.010763,-0.022000,-0.017342,0.006070,-0.016492,0.002827,-0.019754,0.066916,0.000000,0.000000,0.000000,0.000000,0.000000,0.235248
-0.011151,-0.020991,-0.017102,0.004802,-0.012064,-0.001478,-0.021344,0.069624,0.000000,0.000000,0.000000,0.000000,0.000000,0.290901
-0.011608,-0.020055,-0.016540,0.006353,-0.012291,-0.003745,-0.013314,0.080649,0.000000,0.000000,0.000000,0.000000,0.000000,0.251511
-0.012189,-0.019287,-0.015593,0.006589,-0.008246,-0.005037,0.000000,0.177038,0.000000,0.000000,0.000000,0.000000,0.000000,0.144170
-0.012659,-0.019236,-0.014319,0.006505,-0.001184,-0.007843,0.000000,0.198493,0.000000,0.000000,0.000000,-0.005336,0.000000,0.127454
-0.012921,-0.019043,-0.013368,0.004101,-0.002967,-0.006337,-0.008821,0.058916,0.000000,0.000000,0.000000,-0.042081,0.000000,0.060812
-0.013099,-0.019468,-0.012446,0.002769,0.004597,-0.005664,0.000000,0.036428,-0.011051,0.000000,0.000000,-0.163017,0.000000,0.000000
-0.013337,-0.020841,-0.011549,0.003017,0.013745,-0.004782,0.000000,0.036092,0.000000,0.000000,0.000000,-0.072686,0.000000,0.000000
-0.013659,-0.023439,-0.011456,0.004226,0.033376,-0.000619,0.000000,0.000000,0.000000,-0.041912,0.000000,-0.064668,0.000000,0.000000
-0.014124,-0.026848,-0.011755,0.005253,0.040599,0.001835,0.000000,0.000000,0.000000,-0.175888,0.000000,-0.196984,0.000000,0.000000
-0.014548,-0.030389,-0.012069,0.005117,0.045723,0.002093,0.000000,0.000000,-0.009792,-0.504791,0.000000,-0.325474,0.000000,0.000000
-0.014848,-0.034211,-0.012438,0.003138,0.045499,0.002265,0.000000,0.000000,0.000000,-0.651452,0.000000,-0.289547,0.000000,0.000000
-0.015194,-0.038590,-0.012890,0.003056,0.045324,0.002414,0.000000,0.000000,0.000000,-0.644312,0.000000,-0.264562,0.000000,0.000000
-0.015522,-0.042719,-0.013332,0.003533,0.053389,0.002942,0.000000,0.000000,0.000000,-0.625390,0.000000,-0.288826,0.049375,0.000000
-0.015706,-0.047361,-0.013307,0.002230,0.055086,-0.000151,0.000000,0.000000,0.000000,-0.658506,0.000000,-0.320906,0.029989,0.000000
-0.015815,-0.051358,-0.013041,0.001911,0.051221,-0.001775,0.000000,0.000000,0.000000,-0.831919,0.000000,-0.397685,0.000000,0.000000
-0.015852,-0.055854,-0.012418,0.001413,0.045956,-0.003320,0.000000,0.000000,0.000000,-0.798290,0.000000,-0.480099,0.000505,0.000000
-0.015968,-0.059927,-0.011850,0.002565,0.048020,-0.003495,0.000000,0.000000,0.000000,-0.660209,0.000000,-0.438585,0.153134,0.000000
-0.016032,-0.063477,-0.010998,0.002871,0.045029,-0.005661,0.000000,0.000000,0.000000,-0.607960,0.000000,-0.413494,0.187669,0.000000
-0.015873,-0.067035,-0.009352,0.002020,0.041313,-0.010135,0.000000,0.000000,0.000000,-0.790503,0.000000,-0.493936,0.000000,0.000000
-0.015490,-0.070368,-0.006522,0.002193,0.032881,-0.015084,0.000000,0.000000,0.000000,-0.764025,0.000000,-0.546652,0.000000,0.000000
-0.015072,-0.072489,-0.003660,0.002771,0.025518,-0.019064,0.000000,0.000000,0.000000,-0.466832,0.000000,-0.561145,0.217201,0.000000
-0.014399,-0.074314,0.000004,0.001929,0.019631,-0.022490,0.000000,0.000000,0.000000,-0.279444,0.000000,-0.581757,0.273435,0.000000
-0.013526,-0.075557,0.004076,0.001014,0.013707,-0.027140,0.000000,0.043460,0.000000,-0.339866,0.000000,-0.634530,0.037762,0.000000
-0.012589,-0.076141,0.008858,0.002361,0.004613,-0.029354,0.000000,0.098681,0.000000,-0.285675,0.000000,-0.680089,0.000000,0.000000
-0.011530,-0.076156,0.014448,0.002884,-0.002006,-0.029811,0.000000,0.156287,0.000000,0.000000,0.000000,-0.718042,0.178892,0.000000
-0.010802,-0.076141,0.018517,0.003178,-0.002004,-0.027142,0.000000,0.218552,0.000000,0.000000,0.000000,-0.683067,0.197103,0.000000
-0.010296,-0.075883,0.022072,0.004097,-0.004447,-0.021857,0.000000,0.202961,0.000000,0.000000,0.000000,-0.660168,0.000000,0.000000
-0.010042,-0.075014,0.024504,0.004194,-0.012154,-0.016198,0.000000,0.153647,0.000000,0.000000,0.000000,-0.660875,0.000000,0.000000
-0.010038,-0.073042,0.026328,0.004378,-0.020878,-0.009728,0.000000,0.027740,0.000000,0.000000,0.000000,-0.570485,0.000000,0.000000
-0.010283,-0.070712,0.026957,0.004620,-0.027887,-0.003863,0.000000,0.023508,0.000000,0.000000,0.000000,-0.399219,0.028560,0.000000
-0.010694,-0.068177,0.026801,0.004845,-0.032513,0.001035,0.000000,0.080975,0.000000,0.000000,0.000000,-0.228116,0.087603,0.000000
-0.011163,-0.065381,0.026240,0.004138,-0.032971,0.003456,0.000000,0.095735,0.000000,0.000000,0.000000,-0.127310,0.020567,0.000000
-0.011587,-0.063411,0.025582,0.002973,-0.020027,0.003505,0.000000,0.084852,0.000000,0.000000,0.000000,-0.068997,0.000000,0.024898
-0.012022,-0.061924,0.024681,0.003293,-0.018698,0.005999,0.000000,0.038229,0.000000,0.000000,0.000000,-0.055397,0.000000,0.053800
-0.012436,-0.060574,0.023666,0.002563,-0.015567,0.006242,0.000000,0.000000,0.000000,-0.016294,0.000000,-0.208759,0.000000,0.000000
-0.012869,-0.058605,0.022203,0.001989,-0.024594,0.009750,0.000000,0.000000,0.000000,-0.047656,0.000000,-0.170700,0.000000,0.000000
-0.013339,-0.056187,0.020161,0.000974,-0.024012,0.010878,0.000000,0.000000,0.000000,-0.120805,0.000000,-0.081774,0.000000,0.000000
-0.013759,-0.054539,0.018120,0.000713,-0.018505,0.012535,0.000000,0.000000,0.000000,-0.062018,0.000000,0.000000,0.000000,0.096231
-0.014162,-0.053024,0.015958,0.000420,-0.018281,0.014415,0.000000,0.000000,0.000000,-0.055668,0.000000,0.000000,0.000000,0.098448
-0.014681,-0.051442,0.013351,0.001006,-0.017329,0.015972,0.000000,0.000000,0.000000,-0.121530,0.000000,-0.010324,0.000000,0.036424
-0.015191,-0.050133,0.010524,0.000553,-0.012129,0.015097,0.000000,0.000000,0.000000,-0.168464,0.000000,0.000000,0.000000,0.074721
-0.015559,-0.049104,0.008249,0.000130,-0.011827,0.015171,0.000000,0.000000,0.000000,-0.229314,0.000000,0.000000,0.000000,0.104914
-0.015897,-0.047711,0.005894,-0.000291,-0.015147,0.014465,0.000000,0.000000,0.000000,-0.250952,0.000000,0.000000,0.000000,0.036927
-0.016177,-0.046431,0.003871,-0.000301,-0.015157,0.013477,0.000000,0.000000,0.000000,-0.230757,0.000000,0.000000,0.000000,0.044826
-0.016495,-0.045262,0.001544,-0.000217,-0.010800,0.012416,0.000000,0.000000,0.000000,-0.202998,0.000000,0.000000,0.000000,0.104071
-0.016961,-0.044426,-0.000344,0.002354,-0.008753,0.011603,0.000000,0.000000,0.000000,-0.185922,0.000000,0.000000,0.000000,0.110006
-0.017412,-0.043521,-0.001866,0.003070,-0.010584,0.010131,0.000000,0.000000,0.000000,-0.203320,0.000000,0.000000,0.000000,0.053328
-0.017863,-0.042030,-0.003400,0.002869,-0.016717,0.009437,0.000000,0.000000,0.000000,-0.213480,0.000000,0.000000,0.000000,0.028739
-0.018183,-0.040652,-0.004759,0.001810,-0.016722,0.009053,0.000000,0.000000,0.000000,-0.180308,0.000000,0.000000,0.000000,0.051358
-0.018316,-0.038951,-0.006046,-0.000319,-0.016750,0.006856,0.000000,0.000000,0.000000,-0.093670,0.000000,0.000000,0.000000,0.143648
-0.018273,-0.037647,-0.006965,-0.001849,-0.014846,0.005654,0.000000,0.000000,0.000000,-0.084155,0.000000,0.000000,0.000000,0.154818
-0.018191,-0.036636,-0.007570,-0.001978,-0.012551,0.004027,0.000000,0.001139,0.000000,-0.016374,0.000000,0.000000,0.000000,0.145462
-0.018064,-0.035205,-0.007995,-0.002079,-0.016692,0.002614,0.000000,0.010784,0.000000,-0.011075,0.000000,0.000000,0.000000,0.118988
-0.017846,-0.033579,-0.008510,-0.002831,-0.016428,0.002743,0.000000,0.000000,0.000000,-0.025817,0.000000,0.000000,0.000000,0.082878
-0.017567,-0.032519,-0.008622,-0.003744,-0.013555,0.000746,0.000000,0.023088,0.000000,0.000000,0.000000,0.000000,0.000000,0.135868
-0.017221,-0.031375,-0.008641,-0.004129,-0.013570,0.000117,0.000000,0.003064,0.000000,0.000000,0.000000,0.000000,0.000000,0.150663
-0.016894,-0.030910,-0.008627,-0.004183,-0.005986,-0.000095,0.000000,0.038778,0.000000,0.000000,0.000000,-0.011435,0.000000,0.092724
-0.016426,-0.030454,-0.008610,-0.004799,-0.004699,-0.000087,0.000000,0.078281,0.000000,0.000000,0.000000,-0.020067,0.000000,0.094775
-0.016240,-0.030583,-0.009236,-0.002918,0.001918,0.003849,0.000000,0.000000,0.000000,-0.037357,0.000000,-0.077537,0.000000,0.000000
-0.016215,-0.030888,-0.010019,-0.001289,0.004435,0.005217,0.000000,0.000000,0.000000,-0.068202,0.000000,-0.092752,0.000000,0.000000
-0.016128,-0.031769,-0.010566,-0.001664,0.010792,0.003361,0.000000,0.000000,0.000000,-0.253503,0.000000,-0.003877,0.000000,0.000000
-0.015801,-0.033692,-0.010298,-0.003083,0.019601,-0.001423,0.000000,0.000000,0.000000,-0.312555,0.000000,0.000000,0.000000,0.000000
-0.015482,-0.035379,-0.009817,-0.003453,0.021442,-0.003212,0.000000,0.000000,0.000000,-0.294708,0.000000,-0.120142,0.000000,0.000000
-0.015190,-0.037308,-0.009267,-0.002741,0.022581,-0.003380,0.000000,0.000000,0.000000,-0.298738,0.000000,-0.310920,0.000000,0.000000
-0.014900,-0.038753,-0.008637,-0.002779,0.018183,-0.004193,0.000000,0.000000,0.000000,-0.315933,0.000000,-0.317148,0.000000,0.000000
-0.014577,-0.039780,-0.007644,-0.002397,0.011621,-0.006095,0.000000,0.000000,0.000000,-0.359127,0.000000,-0.247193,0.025346,0.000000
-0.014161,-0.041101,-0.006164,-0.002378,0.012911,-0.007899,0.000000,0.000000,0.000000,-0.287581,0.000000,-0.227565,0.059669,0.000000
-0.013795,-0.043089,-0.004851,-0.002519,0.024748,-0.008713,0.000000,0.000000,0.000000,-0.155249,0.000000,-0.240237,0.078409,0.000000
-0.013029,-0.046112,-0.002639,-0.005545,0.034885,-0.013652,0.000000,0.000000,0.000000,-0.171733,0.000000,-0.318472,0.013725,0.000000
-0.012116,-0.049446,-0.000231,-0.007251,0.041624,-0.016043,0.000000,0.000000,0.000000,-0.363963,0.000000,-0.474948,0.000000,0.000000
-0.010954,-0.053500,0.002646,-0.007342,0.040539,-0.015301,0.000000,0.000000,0.000000,-0.369297,0.000000,-0.665784,0.000000,0.000000
-0.009886,-0.056844,0.005099,-0.007798,0.038782,-0.015114,0.000000,0.000000,0.000000,-0.359809,0.000000,-0.717749,0.131034,0.000000
-0.008812,-0.059777,0.007370,-0.008586,0.036827,-0.015124,0.000000,0.000000,0.000000,-0.386938,0.000000,-0.640678,0.199856,0.000000
-0.007686,-0.062998,0.009479,-0.008671,0.037589,-0.012974,0.000000,0.000000,0.000000,-0.461603,0.000000,-0.630701,0.146979,0.000000
-0.006568,-0.066162,0.010852,-0.008695,0.032164,-0.007308,0.000000,0.000000,0.000000,-0.468962,0.000000,-0.683188,0.114738,0.000000
-0.005635,-0.067689,0.010936,-0.011791,0.019657,-0.000560,0.000000,0.000000,0.000000,-0.476039,0.000000,-0.685753,0.174534,0.000000
-0.004698,-0.068942,0.010586,-0.012005,0.014936,0.002149,0.000000,0.000000,0.000000,-0.526293,0.000000,-0.539089,0.215860,0.000000
-0.004011,-0.069988,0.009710,-0.011280,0.013633,0.005841,0.000000,0.000000,0.000000,-0.564132,0.000000,-0.323240,0.237858,0.000000
-0.003207,-0.071922,0.008548,-0.010890,0.020037,0.006186,0.000000,0.000000,0.000000,-0.569607,0.016784,-0.306664,0.208189,0.000000
-0.001742,-0.075156,0.009412,-0.015073,0.038292,-0.005313,0.000000,0.000000,0.000000,-0.622543,0.045614,-0.334414,0.131120,0.000000
-0.000065,-0.078496,0.011031,-0.016671,0.042881,-0.010787,0.000000,0.000000,0.000000,-0.715013,0.053311,-0.394875,0.113669,0.000000
0.001836,-0.082260,0.013106,-0.016477,0.044674,-0.012751,0.000000,0.000000,0.000000,-0.668860,0.024156,-0.776413,0.199989,0.000000
0.003997,-0.086419,0.015518,-0.015827,0.042979,-0.012864,0.000000,0.000000,0.000000,-0.585938,0.000000,-0.903184,0.297131,0.000000
0.005524,-0.089148,0.016941,-0.014680,0.035340,-0.009477,0.000000,0.000000,0.000000,-0.649007,0.000000,-0.819149,0.346601,0.000000
0.007003,-0.090669,0.017673,-0.015104,0.018192,-0.004498,0.000000,0.000000,0.000000,-0.724517,0.027642,-0.800093,0.295951,0.000000
0.008174,-0.090611,0.017602,-0.015332,-0.000760,0.000475,0.000000,0.000000,0.000000,-0.713009,0.035834,-0.728040,0.290617,0.000000
0.009257,-0.088835,0.017072,-0.014627,-0.021223,0.003253,0.000000,0.000000,0.000000,-0.569065,0.034220,-0.493487,0.411578,0.000000
0.010342,-0.084694,0.016858,-0.011786,-0.042701,0.001145,0.000000,0.000000,0.000000,-0.449846,0.060318,-0.268957,0.455224,0.000000
0.011069,-0.079921,0.016853,-0.009362,-0.061342,0.000033,0.000000,0.094573,0.000000,-0.353470,0.114444,-0.138571,0.316048,0.000000
0.011621,-0.074122,0.016709,-0.006987,-0.068950,0.000884,0.000000,0.358429,0.000000,-0.052749,0.085552,-0.040300,0.236115,0.070275
0.011933,-0.068638,0.016637,-0.004231,-0.070563,0.000482,0.000000,0.447791,0.000000,0.000000,0.000000,0.000000,0.235081,0.288131
0.012118,-0.061065,0.017164,-0.000731,-0.077678,-0.002810,0.000000,0.289442,0.000000,0.000000,0.000000,0.000000,0.000000,0.410628
0.011921,-0.054865,0.017798,0.003777,-0.073238,-0.003891,0.000000,0.440131,0.000000,0.000000,0.000000,-0.009075,0.000000,0.448499
0.011651,-0.049586,0.018662,0.005396,-0.067548,-0.005761,0.000000,0.694749,0.000000,0.000000,0.000000,0.000000,0.000000,0.561744
0.010989,-0.044672,0.018948,0.008381,-0.058227,-0.001763,0.000000,0.659985,0.000000,0.000000,0.000000,-0.000657,0.000000,0.514823
0.009973,-0.039885,0.018906,0.010399,-0.049261,0.000227,0.000000,0.625937,0.000000,0.000000,0.000000,-0.123277,0.000000,0.413701
0.009117,-0.036312,0.018875,0.010951,-0.045941,0.000202,0.000000,0.486663,0.000000,0.000000,0.000000,-0.082197,0.000000,0.379826
0.008149,-0.032686,0.018726,0.011295,-0.043114,0.000917,0.000000,0.312887,0.000000,0.000000,0.000000,0.000000,0.000000,0.365717
0.007245,-0.029072,0.018634,0.011494,-0.046461,0.000613,0.000000,0.360219,0.000000,0.000000,0.000000,0.000000,0.000000,0.352776
0.006193,-0.025261,0.018788,0.010966,-0.039186,-0.000819,0.000000,0.443790,0.000000,0.000000,0.000000,0.000000,0.000000,0.344832
0.005356,-0.022649,0.019289,0.010410,-0.030903,-0.003079,0.000000,0.456953,0.000000,0.000000,0.000000,0.000000,0.000000,0.407006
0.004595,-0.020381,0.019884,0.010336,-0.029042,-0.003970,0.000000,0.389329,0.000000,0.000000,0.000000,-0.022801,0.000000,0.314586
0.003883,-0.018514,0.020786,0.009131,-0.021993,-0.005543,0.000000,0.419374,0.000000,0.000000,0.000000,-0.150141,0.000000,0.191322
0.003274,-0.017176,0.021718,0.008529,-0.017062,-0.006208,0.000000,0.395178,0.000000,0.000000,0.000000,-0.121897,0.000000,0.189622
0.002375,-0.015944,0.022241,0.009536,-0.012614,-0.002781,0.000000,0.231856,0.000000,0.000000,0.000000,-0.112557,0.000000,0.131452
0.001602,-0.015247,0.022328,0.009235,-0.008275,-0.000536,0.000000,0.233043,0.000000,0.000000,0.000000,-0.181219,0.000000,0.058572
0.000917,-0.015067,0.022332,0.008814,-0.002317,-0.000028,0.000000,0.183484,0.000000,0.000000,0.000000,-0.118739,0.000000,0.058311
0.000182,-0.015625,0.022289,0.008693,0.006611,0.000260,0.000000,0.026408,0.000000,0.000000,0.000000,-0.056705,0.000000,0.055016
-0.000810,-0.016416,0.022174,0.010152,0.008148,0.000616,0.000000,0.010513,0.000000,0.000000,0.000000,-0.131929,0.000000,0.000000
-0.001589,-0.017669,0.022098,0.009966,0.016114,0.000508,0.000000,0.029614,0.000000,0.000000,0.000000,-0.229115,0.000000,0.000000
-0.002304,-0.019565,0.022295,0.008617,0.022476,-0.001212,0.000000,0.000000,0.000000,0.000000,0.000000,-0.174241,0.000000,0.000000
-0.002888,-0.021565,0.022588,0.007743,0.025722,-0.001952,0.000000,0.000000,0.000000,-0.124454,0.000000,-0.214111,0.000000,0.000000
-0.003583,-0.024536,0.022895,0.007363,0.030542,-0.001636,0.000000,0.000000,0.000000,-0.162260,0.000000,-0.349835,0.000000,0.000000
-0.004190,-0.027470,0.022956,0.007268,0.034812,-0.000378,0.000000,0.000000,0.000000,-0.170150,0.000000,-0.383032,0.000000,0.000000
-0.004698,-0.030391,0.023024,0.006610,0.037551,-0.000453,0.000000,0.000000,0.000000,-0.264767,0.000000,-0.372492,0.000000,0.000000
-0.005198,-0.033729,0.023095,0.006017,0.039630,-0.000437,0.000000,0.000000,0.000000,-0.367362,0.000000,-0.391783,0.000000,0.000000
-0.005797,-0.038343,0.022603,0.005623,0.047534,0.002620,0.000000,0.000000,0.000000,-0.388495,0.000000,-0.438189,0.000000,0.000000
-0.006685,-0.042794,0.020891,0.008771,0.057683,0.011414,0.000000,0.000000,0.000000,-0.405242,0.000000,-0.461797,0.017852,0.000000
-0.007755,-0.047240,0.018831,0.009408,0.053277,0.012660,0.000000,0.000000,0.000000,-0.599852,0.000000,-0.483795,0.000000,0.000000
-0.008838,-0.051019,0.016828,0.010106,0.049233,0.013339,0.000000,0.000000,0.000000,-0.948900,0.000000,-0.414855,0.000000,0.000000
-0.010036,-0.054502,0.014808,0.010378,0.042007,0.012414,0.000000,0.000000,0.000000,-0.876441,0.000000,-0.332354,0.002767,0.000000
-0.011323,-0.058203,0.013101,0.010225,0.038587,0.009083,0.000000,0.000000,0.000000,-0.727326,0.000000,-0.282441,0.159603,0.000000
-0.012230,-0.060776,0.012118,0.009375,0.033622,0.006561,0.000000,0.000000,0.000000,-0.684848,0.000000,-0.285407,0.114463,0.000000
-0.013194,-0.063543,0.011368,0.009746,0.033191,0.004614,0.000000,0.000000,0.000000,-0.747996,0.000000,-0.362492,0.000000,0.000000
-0.013911,-0.065993,0.011276,0.008983,0.031557,0.000610,0.000000,0.000000,0.000000,-0.650342,0.000000,-0.374473,0.000000,0.000000
-0.014231,-0.069231,0.012680,0.006290,0.032679,-0.007477,0.000000,0.000000,0.000000,-0.543329,0.000000,-0.367976,0.101006,0.000000
-0.014075,-0.072144,0.015184,0.004605,0.033230,-0.015376,0.000000,0.000000,0.000000,-0.494514,0.000000,-0.443135,0.075126,0.000000
-0.013608,-0.074391,0.018415,0.003437,0.027167,-0.021568,0.000000,0.000000,0.000000,-0.448697,0.000000,-0.647448,0.000108,0.000000
-0.012656,-0.076696,0.022825,0.000945,0.025202,-0.027106,0.000000,0.000000,0.000000,-0.304772,0.000000,-0.796801,0.055745,0.000000
-0.010551,-0.080025,0.029648,-0.004717,0.031640,-0.036359,0.000000,0.083481,0.000000,-0.088273,0.000000,-0.785992,0.203272,0.000000
-0.008640,-0.081749,0.035206,-0.006581,0.019933,-0.036992,0.000000,0.133546,0.000000,-0.040717,0.000000,-0.848887,0.195017,0.000000
-0.006715,-0.082405,0.040713,-0.006050,0.006166,-0.033864,0.000000,0.173992,0.000000,-0.111743,0.000000,-1.000000,0.004861,0.000000
-0.005168,-0.082023,0.045218,-0.004885,-0.006037,-0.030017,0.000000,0.227965,0.000000,0.000000,0.000000,-1.000000,0.052120,0.000000
-0.003708,-0.080411,0.049236,-0.004364,-0.017183,-0.021407,0.000000,0.207951,0.000000,0.000000,0.000000,-0.877781,0.273673,0.000000
-0.002955,-0.078316,0.051021,-0.003587,-0.025091,-0.010966,0.000000,0.189336,0.000000,0.000000,0.000000,-0.727552,0.193640,0.000000
-0.002559,-0.075956,0.051562,-0.003374,-0.030414,-0.003610,0.000000,0.268212,0.000000,0.000000,0.000000,-0.548196,0.062996,0.000000
-0.002446,-0.072088,0.051391,-0.001836,-0.045932,0.001053,0.000000,0.167562,0.000000,0.000000,0.000000,-0.362625,0.064018,0.000000
-0.002616,-0.066511,0.050059,-0.001345,-0.057076,0.007075,0.000000,0.031350,0.000000,0.000000,0.000000,-0.270336,0.029965,0.000000
-0.002804,-0.062373,0.048325,-0.002254,-0.053223,0.011599,0.000000,0.193989,0.000000,0.000000,0.000000,-0.086766,0.066345,0.121178
-0.002934,-0.058295,0.045977,-0.003913,-0.048082,0.014415,0.000000,0.270978,0.000000,0.000000,0.000000,0.000000,0.161787,0.370929
-0.003149,-0.054893,0.043209,-0.003763,-0.043489,0.018481,0.000000,0.223944,0.000000,0.000000,0.000000,0.000000,0.000000,0.334642
-0.003401,-0.051216,0.039843,-0.003891,-0.043189,0.020680,0.000000,0.340452,0.000000,0.000000,0.000000,-0.037510,0.000000,0.284393
-0.003270,-0.048457,0.036763,-0.006443,-0.028033,0.016417,0.000000,0.151812,0.000000,0.000000,0.000000,0.000000,0.000000,0.314580
-0.002798,-0.047815,0.035314,-0.008914,-0.008055,0.009652,0.000000,0.000000,0.000000,0.000000,0.000000,0.000000,0.000000,0.378359
-0.002172,-0.047898,0.034043,-0.009694,0.001120,0.007814,0.000000,0.071693,0.000000,0.000000,0.000000,-0.064942,0.000000,0.164237
-0.001484,-0.048191,0.033070,-0.010713,0.003848,0.006465,0.000000,0.163849,0.000000,0.000000,0.030418,-0.382989,0.000000,0.000000
-0.000639,-0.048617,0.031681,-0.010871,0.004467,0.007412,0.000000,0.000000,0.000000,-0.183988,0.040922,-0.414151,0.000000,0.000000
0.000146,-0.048794,0.030218,-0.011972,0.002136,0.008997,0.000000,0.000000,0.000000,-0.375285,0.010226,-0.241877,0.000000,0.000000
0.001182,-0.049216,0.029261,-0.015214,0.005428,0.006378,0.000000,0.000000,0.000000,-0.299292,0.033346,-0.176402,0.182945,0.000000
0.002446,-0.049920,0.028450,-0.016473,0.008323,0.004978,0.000000,0.000000,0.000000,-0.222259,0.036582,-0.215559,0.248712,0.000000
0.003879,-0.050133,0.027069,-0.016962,0.002079,0.007352,0.000000,0.000000,0.000000,-0.344576,0.092483,-0.332885,0.098819,0.000000
0.004967,-0.049581,0.025531,-0.017128,-0.007338,0.010265,0.000000,0.000000,0.000000,-0.428818,0.129871,-0.378276,0.037395,0.000000
0.006096,-0.049488,0.023925,-0.016374,-0.001403,0.009868,0.000000,0.000000,0.000000,-0.329948,0.086846,-0.173629,0.259399,0.000000
0.007083,-0.049384,0.022571,-0.015410,-0.001660,0.009026,0.000000,0.000000,0.000000,-0.236577,0.064773,0.000000,0.388203,0.000000
0.008051,-0.049151,0.020950,-0.014454,-0.003188,0.009954,0.000000,0.000000,0.000000,-0.421862,0.138812,-0.160117,0.109990,0.000000
0.009096,-0.048924,0.019193,-0.013554,-0.002783,0.009369,0.000000,0.000000,0.000000,-0.465213,0.181295,-0.271814,0.000000,0.000000
0.009855,-0.048210,0.017230,-0.013656,-0.009896,0.013079,0.000000,0.000000,0.000000,-0.322348,0.083680,-0.092304,0.242346,0.000000
0.010486,-0.048028,0.014875,-0.011704,-0.003000,0.014458,0.000000,0.000000,0.000000,-0.276182,0.040006,-0.015214,0.363013,0.000000
0.010856,-0.048494,0.012474,-0.009437,0.004998,0.016015,0.000000,0.000000,0.000000,-0.389873,0.162140,-0.018458,0.104853,0.000000
0.011262,-0.048918,0.010023,-0.008024,0.003513,0.013066,0.000000,0.000000,0.000000,-0.562874,0.206204,-0.110737,0.000000,0.000000
0.011786,-0.049357,0.008856,-0.008343,0.004723,0.007168,0.000000,0.000000,0.000000,-0.589272,0.119387,-0.063452,0.084195,0.000000
0.012458,-0.049949,0.008654,-0.009056,0.007522,0.001341,0.000000,0.000000,0.000000,-0.436288,0.023674,-0.006247,0.276396,0.000000
0.013249,-0.050265,0.008870,-0.008950,0.003842,-0.001318,0.000000,0.000000,0.000000,-0.334498,0.029392,-0.189183,0.255487,0.000000
0.014131,-0.050052,0.009745,-0.007674,-0.001820,-0.004676,0.000000,0.018017,0.000000,-0.355140,0.093995,-0.423018,0.063816,0.000000
0.014848,-0.049334,0.010452,-0.007785,-0.008833,-0.004714,0.000000,0.000000,0.000000,-0.302429,0.087561,-0.351738,0.112949,0.000000
0.015610,-0.048581,0.011594,-0.006948,-0.008300,-0.007022,0.000000,0.000000,0.000000,-0.100738,0.000000,-0.203791,0.336698,0.000000
0.016270,-0.046996,0.012092,-0.007521,-0.020072,-0.003317,0.000000,0.075574,0.000000,-0.028472,0.010520,-0.176894,0.302366,0.000000
0.016918,-0.044558,0.012468,-0.006090,-0.024877,-0.002003,0.000000,0.162541,0.000000,-0.097586,0.095575,-0.362975,0.014460,0.000000
0.017227,-0.042358,0.012784,-0.003148,-0.025932,-0.001943,0.000000,0.113165,0.000000,-0.047232,0.099017,-0.199240,0.000000,0.007759
0.017449,-0.040576,0.013073,-0.002358,-0.022688,-0.001922,0.000000,0.000000,0.000000,0.000000,0.000000,0.000000,0.213303,0.129692
0.017821,-0.038969,0.013874,-0.003200,-0.018578,-0.004930,0.000000,0.032188,0.000000,0.000000,0.000000,-0.017745,0.147288,0.118124
0.018392,-0.037863,0.015142,-0.005349,-0.013299,-0.008444,0.000000,0.294087,0.000000,0.000000,0.069848,-0.227694,0.000000,0.053133
0.019598,-0.038394,0.018470,-0.008351,0.007467,-0.017741,0.000000,0.268781,0.000000,0.000000,0.045107,-0.313569,0.000000,0.000000
0.020681,-0.039556,0.021488,-0.008540,0.016022,-0.018551,0.000000,0.000000,0.000000,0.000000,0.000000,-0.299077,0.003214,0.000000
0.021679,-0.040755,0.024215,-0.008492,0.017708,-0.018164,0.000000,0.000000,0.000000,0.000000,0.000000,-0.655653,0.060574,0.000000
0.023212,-0.043757,0.028501,-0.011703,0.039147,-0.026349,0.000000,0.059256,0.000000,0.000000,0.049981,-0.786898,0.195010,0.000000
0.025048,-0.047350,0.033145,-0.012348,0.040490,-0.024739,0.000000,0.000000,0.000000,-0.020461,0.039085,-0.631464,0.276079,0.000000
0.026467,-0.050284,0.036284,-0.012215,0.040800,-0.020838,0.000000,0.000000,0.000000,-0.248725,0.012773,-0.943147,0.174324,0.000000
0.027939,-0.053531,0.039015,-0.012407,0.041393,-0.016847,0.000000,0.022832,0.000000,-0.286489,0.075364,-1.000000,0.125128,0.000000
0.029241,-0.056539,0.040843,-0.012798,0.040762,-0.012180,0.000000,0.000000,0.000000,-0.266966,0.033271,-0.870099,0.392574,0.000000
0.030689,-0.060684,0.042099,-0.012600,0.043849,-0.006691,0.000000,0.000000,0.000000,-0.357943,0.025043,-0.786077,0.424665,0.000000
0.031810,-0.064759,0.042497,-0.012397,0.048802,-0.002449,0.000000,0.000000,0.000000,-0.581218,0.124997,-0.807645,0.232870,0.000000
0.032510,-0.068309,0.041832,-0.010747,0.044811,0.004430,0.000000,0.000000,0.000000,-0.728469,0.163424,-0.814509,0.202946,0.000000
0.032839,-0.071193,0.039647,-0.009484,0.031594,0.013429,0.000000,0.000000,0.000000,-0.742892,0.102777,-0.737151,0.387603,0.000000
0.032762,-0.072981,0.036440,-0.008258,0.018799,0.021382,0.000000,0.000000,0.000000,-0.793529,0.087644,-0.559451,0.450864,0.000000
0.032209,-0.074080,0.031691,-0.005544,0.006364,0.025300,0.000000,0.000000,0.000000,-0.931108,0.164345,-0.342776,0.343246,0.000000
0.031422,-0.073962,0.027520,-0.002225,-0.006331,0.025637,0.000000,0.000000,0.000000,-0.972696,0.206974,-0.164171,0.288449,0.000000
0.030741,-0.073727,0.024489,-0.000317,-0.006826,0.020157,0.000000,0.000000,0.000000,-0.835727,0.151560,-0.011578,0.355302,0.000000
0.029949,-0.072899,0.021883,0.002239,-0.012800,0.016046,0.000000,0.000000,0.000000,-0.662636,0.096670,0.000000,0.366649,0.000000
0.028966,-0.071253,0.020016,0.005702,-0.018735,0.009950,0.000000,0.000000,0.000000,-0.601310,0.104331,-0.090053,0.215210,0.000000
0.028167,-0.069164,0.019562,0.008972,-0.027392,0.003027,0.000000,0.009582,0.000000,-0.487389,0.105357,-0.123602,0.132033,0.000000
0.027258,-0.066101,0.020127,0.012245,-0.035767,-0.003478,0.000000,0.076165,0.000000,-0.232739,0.016942,-0.094134,0.237534,0.000000
0.026349,-0.063072,0.021084,0.014240,-0.037872,-0.006370,0.000000,0.205123,0.000000,0.000000,0.000000,-0.094671,0.268159,0.000000
0.025140,-0.058987,0.022662,0.015660,-0.040696,-0.008410,0.000000,0.329570,0.000000,0.000000,0.000000,-0.189331,0.053189,0.010082
0.024132,-0.055078,0.024100,0.015118,-0.045041,-0.008841,0.000000,0.263841,0.000000,0.000000,0.000000,-0.236823,0.000000,0.027906
0.023148,-0.051036,0.025060,0.014803,-0.051068,-0.006400,0.000000,0.185891,0.000000,0.000000,0.000000,-0.188124,0.000000,0.086736
0.022103,-0.046725,0.026241,0.014645,-0.050153,-0.007257,0.000000,0.271548,0.000000,0.000000,0.000000,-0.108618,0.027490,0.180128
0.021014,-0.042271,0.028079,0.013978,-0.044488,-0.009793,0.000000,0.399768,0.000000,0.000000,0.000000,-0.018638,0.046371,0.301731
0.020182,-0.038991,0.029679,0.013425,-0.040834,-0.010662,0.000000,0.494191,0.000000,0.000000,0.000000,-0.102873,0.000000,0.268521
0.019376,-0.036091,0.031766,0.012592,-0.032835,-0.012828,0.000000,0.579226,0.000000,0.000000,0.000000,-0.284217,0.000000,0.144032
0.018592,-0.033537,0.033515,0.012642,-0.031474,-0.011652,0.000000,0.471835,0.000000,0.000000,0.000000,-0.280840,0.000000,0.123340
0.017578,-0.030124,0.034912,0.011933,-0.034237,-0.007440,0.000000,0.281368,0.000000,0.000000,0.000000,-0.264769,0.000000,0.062301
0.016597,-0.027229,0.035539,0.012353,-0.033980,-0.003854,0.000000,0.308151,0.000000,0.000000,0.000000,-0.233297,0.000000,0.075855
0.015710,-0.024656,0.035752,0.011636,-0.032930,-0.001421,0.000000,0.327118,0.000000,0.000000,0.000000,-0.084573,0.000000,0.192843
0.014802,-0.022021,0.035718,0.010711,-0.031184,0.000209,0.000000,0.275378,0.000000,0.000000,0.000000,-0.027758,0.000000,0.236695
0.014081,-0.019960,0.035791,0.009368,-0.026557,-0.000485,0.000000,0.352250,0.000000,0.000000,0.000000,-0.098549,0.000000,0.215790
0.013209,-0.017308,0.035267,0.008635,-0.027542,0.002792,0.000000,0.393112,0.000000,0.000000,0.000000,-0.108230,0.000000,0.215182
0.012442,-0.015638,0.034284,0.008469,-0.020288,0.006039,0.000000,0.297359,0.000000,0.000000,0.000000,-0.123343,0.000000,0.175548
0.011749,-0.014636,0.033204,0.008226,-0.013428,0.007190,0.000000,0.222145,0.000000,0.000000,0.000000,-0.036343,0.000000,0.246201
0.011103,-0.013759,0.031888,0.006948,-0.010993,0.008097,0.000000,0.113990,0.000000,0.000000,0.000000,0.000000,0.000000,0.217920
0.010491,-0.012523,0.029863,0.005399,-0.013430,0.010790,0.000000,0.153249,0.000000,0.000000,0.000000,-0.092387,0.000000,0.127002
0.010165,-0.012251,0.028626,0.003562,-0.004030,0.008247,0.000000,0.156518,0.000000,0.000000,0.000000,-0.086108,0.000000,0.117198
0.009903,-0.012175,0.027340,0.002518,-0.001390,0.007890,0.000000,0.000000,0.000000,0.000000,0.000000,0.000000,0.000000,0.227778
0.009682,-0.012002,0.026271,0.002324,-0.002658,0.007135,0.000000,0.000000,0.000000,0.000000,0.000000,-0.063773,0.000000,0.077448
0.009465,-0.010794,0.024390,0.001503,-0.013008,0.010022,0.000000,0.124911,0.000000,0.000000,0.000000,-0.153324,0.000000,0.023945
0.009378,-0.009074,0.022111,0.000103,-0.021230,0.014020,0.000000,0.005904,0.000000,0.000000,0.000000,-0.064339,0.000000,0.066112
0.009372,-0.007127,0.019668,-0.000820,-0.025969,0.016273,0.000000,0.000000,0.000000,0.000000,0.000000,0.000000,0.000000,0.274615
0.009437,-0.005208,0.017176,-0.001429,-0.023645,0.015320,0.000000,0.000000,0.000000,0.000000,0.006446,0.000000,0.013662,0.435300
0.009604,-0.003577,0.014685,-0.002149,-0.017533,0.013273,0.000000,0.173252,0.000000,0.000000,0.006575,0.000000,0.000000,0.513560
0.009864,-0.002540,0.012774,-0.003616,-0.014075,0.012725,0.000000,0.299537,0.000000,0.000000,0.000000,0.000000,0.000000,0.478685
0.010167,-0.001692,0.010814,-0.003786,-0.010784,0.012045,0.000000,0.238233,0.000000,0.000000,0.000000,0.000000,0.000000,0.374506
0.010414,-0.001149,0.009271,-0.003285,-0.007619,0.010286,0.000000,0.111313,0.000000,0.000000,0.000000,0.000000,0.000000,0.330439
0.010734,-0.001391,0.007638,-0.003357,0.001934,0.008703,0.000000,0.040131,0.000000,0.000000,0.000000,0.000000,0.000000,0.307123
0.011080,-0.001938,0.006559,-0.004154,0.006062,0.006625,0.000000,0.079410,0.000000,0.000000,0.000000,0.000000,0.000000,0.269135
0.011466,-0.002696,0.005903,-0.005027,0.009457,0.004373,0.000000,0.041089,0.000000,0.000000,0.015787,-0.052590,0.000000,0.135029
0.011872,-0.004172,0.005349,-0.004873,0.017267,0.003408,0.000000,0.000000,0.000000,0.000000,0.011254,-0.125420,0.000000,0.055518
0.012199,-0.005763,0.004669,-0.004310,0.020128,0.004523,0.000000,0.000000,0.000000,-0.067028,0.034968,-0.119642,0.000000,0.004251
0.012536,-0.007646,0.004087,-0.003579,0.019168,0.003104,0.000000,0.000000,0.000000,-0.191354,0.063351,-0.155088,0.000000,0.000000
0.012807,-0.009693,0.003685,-0.003339,0.024107,0.002473,0.000000,0.000000,0.000000,-0.279558,0.056128,-0.136103,0.008241,0.000000
0.013029,-0.011899,0.003374,-0.002963,0.028162,0.002070,0.000000,0.000000,0.000000,-0.232408,0.003597,-0.114459,0.094950,0.000000
0.013149,-0.014536,0.002715,-0.001724,0.031034,0.004058,0.000000,0.000000,0.000000,-0.269994,0.000000,-0.193574,0.111796,0.000000
0.013320,-0.017748,0.002289,-0.001956,0.032845,0.002269,0.000000,0.000000,0.000000,-0.366871,0.035448,-0.297927,0.008338,0.000000
0.013492,-0.020561,0.002222,-0.002259,0.036181,0.000448,0.000000,0.000000,0.000000,-0.473777,0.035166,-0.257510,0.013675,0.000000
0.013714,-0.023650,0.002328,-0.002563,0.036706,-0.000652,0.000000,0.000000,0.000000,-0.421741,0.000000,-0.246188,0.161189,0.000000
0.013916,-0.025937,0.002452,-0.002478,0.029496,-0.000827,0.000000,0.000000,0.000000,-0.406649,0.000000,-0.341408,0.196039,0.000000
0.014132,-0.028584,0.002717,-0.001993,0.027343,-0.001415,0.000000,0.000000,0.000000,-0.493257,0.005849,-0.417154,0.080048,0.000000
0.014295,-0.030703,0.003135,-0.001489,0.025372,-0.002567,0.000000,0.000000,0.000000,-0.449124,0.001858,-0.317423,0.112148,0.000000
0.014445,-0.032436,0.003712,-0.001220,0.022623,-0.003846,0.000000,0.000000,0.000000,-0.341687,0.000000,-0.276278,0.259013,0.000000
0.014936,-0.034645,0.005120,-0.004123,0.026991,-0.008653,0.000000,0.000000,0.000000,-0.324615,0.000000,-0.347270,0.190303,0.000000
0.016026,-0.037694,0.007956,-0.008046,0.032746,-0.015116,0.000000,0.000000,0.000000,-0.378866,0.000000,-0.386239,0.041874,0.000000
0.017022,-0.039478,0.009909,-0.009825,0.024194,-0.012996,0.000000,0.000000,0.000000,-0.320538,0.001459,-0.514826,0.123361,0.000000
0.018127,-0.040054,0.011132,-0.011330,0.007629,-0.007529,0.000000,0.000000,0.000000,-0.171058,0.000000,-0.713675,0.292353,0.000000
0.019222,-0.040104,0.011923,-0.012809,0.001229,-0.005267,0.000000,0.000000,0.000000,-0.194010,0.025669,-0.562283,0.300497,0.000000
0.020644,-0.039925,0.012767,-0.013533,-0.001316,-0.004497,0.000000,0.000000,0.000000,-0.270356,0.101267,-0.229569,0.247888,0.000000
0.021939,-0.039737,0.013698,-0.013984,-0.001516,-0.005722,0.000000,0.000000,0.000000,-0.225077,0.124873,-0.200720,0.240942,0.000000
0.023062,-0.039691,0.014593,-0.012999,0.000207,-0.005958,0.000000,0.106530,0.000000,-0.136213,0.111833,-0.293937,0.218076,0.000000
0.024114,-0.039754,0.015346,-0.011382,0.001400,-0.004631,0.000000,0.120682,0.000000,-0.116630,0.117464,-0.327448,0.201943,0.000000
0.025265,-0.040208,0.016623,-0.012746,0.007074,-0.008506,0.000000,0.000000,0.000000,-0.192157,0.095184,-0.333206,0.126355,0.000000
0.027011,-0.041605,0.019008,-0.014866,0.016331,-0.012704,0.000000,0.000000,0.000000,-0.240178,0.088373,-0.304927,0.109774,0.000000
0.028593,-0.043360,0.021553,-0.014848,0.023425,-0.015658,0.000000,0.017692,0.000000,-0.108166,0.113450,-0.439212,0.284352,0.000000
0.029807,-0.044653,0.023805,-0.011665,0.019210,-0.014971,0.000000,0.046022,0.000000,-0.104967,0.117554,-0.655170,0.315322,0.000000
0.031120,-0.046164,0.026190,-0.011638,0.020643,-0.014694,0.000000,0.013249,0.000000,-0.298791,0.135957,-0.729642,0.158611,0.000000
0.032605,-0.047708,0.028661,-0.011595,0.018364,-0.013151,0.000000,0.000000,0.000000,-0.311469,0.088298,-0.575197,0.189482,0.000000
0.033610,-0.048184,0.029750,-0.010830,0.007563,-0.007259,0.000000,0.007753,0.000000,-0.183796,0.038197,-0.548605,0.427091,0.000000
0.034517,-0.048411,0.030050,-0.010241,0.003072,-0.001844,0.000000,0.060061,0.000000,-0.159052,0.083336,-0.627941,0.390752,0.000000
0.035201,-0.048675,0.029843,-0.009204,0.003116,0.001379,0.000000,0.069745,0.000000,-0.296770,0.174398,-0.474213,0.191245,0.000000
0.036026,-0.050489,0.029850,-0.008462,0.018634,-0.000041,0.000000,0.000000,0.000000,-0.392854,0.168348,-0.281277,0.187573,0.000000
0.036491,-0.052444,0.029492,-0.006205,0.022761,0.002209,0.000000,0.000000,0.000000,-0.332426,0.108841,-0.244771,0.299421,0.000000
0.036774,-0.053529,0.027957,-0.006894,0.011703,0.010228,0.000000,0.000000,0.000000,-0.421903,0.131837,-0.516879,0.267262,0.000000
0.036940,-0.053920,0.025144,-0.007593,0.000810,0.017284,0.000000,0.000000,0.000000,-0.586106,0.181988,-0.576748,0.113149,0.000000
0.036965,-0.053941,0.022251,-0.006646,-0.004024,0.019277,0.000000,0.000000,0.000000,-0.629322,0.185945,-0.170666,0.289646,0.000000
0.036744,-0.053295,0.018774,-0.003815,-0.010765,0.018529,0.000000,0.000000,0.000000,-0.537119,0.160782,0.000000,0.500003,0.000000
0.036414,-0.052416,0.016133,-0.001341,-0.014034,0.016230,0.000000,0.000000,0.000000,-0.584543,0.192103,0.000000,0.293759,0.000000
0.036203,-0.051784,0.014662,-0.000408,-0.010274,0.009801,0.000000,0.000000,0.000000,-0.597231,0.207988,0.000000,0.066809,0.000000
0.035798,-0.050890,0.013402,0.002364,-0.012311,0.007742,0.000000,0.000000,0.000000,-0.404270,0.132434,0.000000,0.215376,0.000000
0.034889,-0.051365,0.011538,0.006287,0.002742,0.009942,0.000000,0.000000,0.000000,-0.198778,0.061044,-0.062408,0.356264,0.000000
0.034218,-0.051712,0.010502,0.006473,0.003009,0.006901,0.000000,0.029027,0.000000,-0.233577,0.098809,-0.108966,0.161472,0.000000
0.033393,-0.051628,0.009795,0.008427,-0.001897,0.004347,0.000000,0.000000,0.000000,-0.596294,0.170664,-0.217886,0.000000,0.000000
0.032539,-0.051174,0.009360,0.010069,-0.006433,0.002898,0.000000,0.000000,0.000000,-0.462758,0.098424,-0.225497,0.013537,0.000000
0.031428,-0.049873,0.009119,0.011035,-0.013645,0.001284,0.000000,0.000000,0.000000,-0.170039,0.000000,-0.085823,0.370971,0.000000
0.030477,-0.048384,0.009012,0.011093,-0.017784,0.000656,0.000000,0.000000,0.000000,-0.102989,0.000000,-0.097832,0.308245,0.000000
0.029716,-0.047109,0.009311,0.010374,-0.016045,-0.001990,0.000000,0.110946,0.000000,-0.187482,0.056953,-0.184789,0.000000,0.000000
0.029432,-0.046444,0.011095,0.006501,-0.005905,-0.010972,0.000000,0.106901,0.000000,-0.099033,0.049995,-0.140797,0.000000,0.004338
0.029344,-0.046183,0.013252,0.005164,-0.000775,-0.014362,0.000000,0.000000,0.000000,0.000000,0.000000,-0.131481,0.134406,0.000000
0.029343,-0.046466,0.016467,0.004796,0.005985,-0.017125,0.000000,0.056148,0.000000,0.000000,0.000000,-0.448369,0.095226,0.000000
0.029500,-0.047631,0.019793,0.003883,0.017506,-0.020462,0.000000,0.158771,0.000000,0.000000,0.021386,-0.601397,0.029488,0.000000
0.029914,-0.049622,0.023551,0.001885,0.030117,-0.025026,0.000000,0.039037,0.000000,0.000000,0.000000,-0.578874,0.117830,0.000000
0.030384,-0.051749,0.027311,0.001347,0.029458,-0.023099,0.000000,0.000000,0.000000,-0.070420,0.000000,-0.697097,0.118241,0.000000
0.031011,-0.054832,0.031379,0.000326,0.035734,-0.021663,0.000000,0.000000,0.000000,-0.113226,0.000000,-0.950158,0.115407,0.000000
0.031531,-0.057248,0.034121,-0.000628,0.034587,-0.018296,0.000000,0.000000,0.000000,-0.118795,0.000000,-0.874392,0.217929,0.000000
0.031943,-0.059488,0.036083,-0.000709,0.028915,-0.012060,0.000000,0.000000,0.000000,-0.239235,0.000000,-0.817192,0.296664,0.000000
0.032068,-0.061152,0.036792,0.000102,0.022327,-0.004724,0.000000,0.000000,0.000000,-0.345628,0.020074,-0.819455,0.218897,0.000000
0.031906,-0.062595,0.036353,0.000796,0.014387,0.002340,0.000000,0.000000,0.000000,-0.406771,0.039537,-0.703484,0.221022,0.000000
0.031738,-0.063533,0.035276,-0.000524,0.009848,0.006618,0.000000,0.000000,0.000000,-0.412381,0.035407,-0.508156,0.312630,0.000000
0.031525,-0.064038,0.033605,-0.001549,0.004370,0.011125,0.000000,0.000000,0.000000,-0.452541,0.054732,-0.355316,0.303896,0.000000
0.031181,-0.063831,0.030944,-0.002284,-0.005563,0.016369,0.000000,0.000000,0.000000,-0.532322,0.113141,-0.338088,0.200761,0.000000
0.030452,-0.062305,0.026837,-0.001006,-0.019782,0.021883,0.000000,0.000000,0.000000,-0.547948,0.141943,-0.266247,0.185706,0.000000
0.029703,-0.059698,0.022940,-0.000202,-0.038256,0.025948,0.000000,0.000000,0.000000,-0.488251,0.129058,-0.034652,0.303267,0.000000
0.029141,-0.057120,0.019595,-0.000798,-0.034231,0.020551,0.000000,0.000000,0.000000,-0.427893,0.126545,0.000000,0.317007,0.106104
0.028739,-0.055239,0.017271,-0.000195,-0.026954,0.015505,0.000000,0.000000,0.000000,-0.330119,0.162238,0.000000,0.187958,0.368524
0.028269,-0.053143,0.015263,0.001429,-0.027020,0.012346,0.000000,0.108942,0.000000,-0.236198,0.141220,0.000000,0.087098,0.272133
0.027761,-0.051074,0.013825,0.002755,-0.022593,0.007662,0.000000,0.260029,0.000000,-0.070986,0.077781,0.000000,0.000000,0.119869
0.027858,-0.051063,0.014811,0.000785,0.000966,-0.006569,0.000000,0.105179,0.000000,-0.047614,0.033504,0.000000,0.000000,0.116158
0.028017,-0.050965,0.016388,0.001111,0.000481,-0.009697,0.000000,0.000000,0.000000,-0.101525,0.012702,-0.116759,0.000000,0.047943
0.028157,-0.050445,0.017704,0.000912,-0.005183,-0.008763,0.000000,0.005538,0.000000,-0.021342,0.040389,-0.628394,0.000000,0.000000
0.028501,-0.049681,0.019575,-0.000500,-0.006151,-0.009975,0.000000,0.079102,0.000000,0.000000,0.045755,-0.599825,0.135371,0.000000
0.029092,-0.049602,0.022189,-0.002180,0.001851,-0.016063,0.000000,0.000000,0.000000,0.000000,0.025924,-0.241014,0.307199,0.000000
0.029553,-0.049815,0.024626,-0.001055,0.005625,-0.016230,0.000000,0.000000,0.000000,-0.051896,0.019743,-0.284849,0.186358,0.000000
0.029997,-0.050656,0.027305,-0.000307,0.012960,-0.016476,0.000000,0.231450,0.000000,-0.005539,0.074401,-0.680673,0.018314,0.000000
0.030405,-0.052240,0.030094,0.000357,0.018986,-0.014836,0.000000,0.179561,0.000000,0.000000,0.042161,-0.712452,0.116358,0.000000
0.030656,-0.053437,0.031878,0.000528,0.017643,-0.011904,0.000000,0.000000,0.000000,-0.140030,0.000000,-0.594513,0.146671,0.000000
0.030898,-0.054502,0.033287,-0.000059,0.014264,-0.008671,0.000000,0.000000,0.000000,-0.268569,0.000000,-0.644385,0.094297,0.000000
0.030963,-0.054956,0.033719,0.000109,0.006372,-0.002876,0.000000,0.000000,0.000000,-0.177850,0.031155,-0.654173,0.220681,0.000000
0.030850,-0.055587,0.033192,0.000224,0.005958,0.002810,0.000000,0.000000,0.000000,-0.138649,0.017212,-0.547702,0.345017,0.000000
0.030541,-0.055661,0.031627,0.000424,-0.000916,0.009618,0.000000,0.000000,0.000000,-0.278401,0.065428,-0.354594,0.230045,0.000000
0.030331,-0.055871,0.030156,-0.000612,0.000895,0.009812,0.000000,0.000000,0.000000,-0.463266,0.133291,-0.312464,0.075908,0.000000
0.030124,-0.056101,0.028547,-0.000899,0.000917,0.009882,0.000000,0.000000,0.000000,-0.421104,0.121424,-0.177376,0.150265,0.000000
0.029837,-0.056118,0.026994,0.000165,-0.001661,0.010352,0.000000,0.000000,0.000000,-0.335250,0.059402,-0.159968,0.321862,0.000000
0.029299,-0.054555,0.024066,0.000209,-0.018881,0.015605,0.000000,0.000000,0.000000,-0.382402,0.092854,-0.228579,0.208932,0.000000
0.028774,-0.054528,0.021588,0.001181,-0.003007,0.015233,0.000000,0.000000,0.000000,-0.458335,0.140000,-0.231456,0.054138,0.000000
0.028003,-0.055164,0.018989,0.004179,0.005185,0.017317,0.000000,0.000000,0.000000,-0.307260,0.118423,0.000000,0.218861,0.096289
0.027049,-0.055597,0.016297,0.005775,0.002348,0.016547,0.000000,0.000000,0.000000,-0.421493,0.078056,0.000000,0.271101,0.000000
0.025858,-0.055728,0.013384,0.007001,-0.001174,0.015518,0.000000,0.000000,0.000000,-0.633898,0.129508,-0.186604,0.000000,0.000000
0.024908,-0.055463,0.011214,0.007331,-0.005654,0.014460,0.000000,0.000000,0.000000,-0.616995,0.107448,-0.134620,0.000000,0.000000
0.024285,-0.055934,0.010412,0.005741,0.004847,0.004928,0.000000,0.000000,0.000000,-0.394539,0.000000,0.000000,0.304470,0.000000
0.024011,-0.056857,0.010833,0.004470,0.012285,-0.002804,0.000000,0.000000,0.000000,-0.317706,0.000000,0.000000,0.294415,0.000000
0.023743,-0.057732,0.011822,0.004565,0.009767,-0.005266,0.000000,0.000000,0.000000,-0.426206,0.066127,-0.376334,0.000000,0.000000
0.023611,-0.058151,0.013045,0.004201,0.006061,-0.007524,0.000000,0.009677,0.000000,-0.377416,0.054277,-0.606515,0.000000,0.000000
0.023759,-0.058636,0.014967,0.002608,0.008087,-0.012791,0.000000,0.000000,0.000000,-0.175433,0.000000,-0.398304,0.305852,0.000000
0.023881,-0.059189,0.017181,0.003379,0.008524,-0.013588,0.000000,0.000000,0.000000,-0.114765,0.000000,-0.310127,0.375896,0.000000
0.023959,-0.059647,0.019681,0.003981,0.006673,-0.013342,0.000000,0.092127,0.000000,-0.208225,0.009441,-0.588501,0.051270,0.000000
0.024059,-0.059954,0.021577,0.003279,0.005798,-0.012635,0.000000,0.140038,0.000000,-0.228331,0.020123,-0.668300,0.000000,0.000000
0.024054,-0.060137,0.023263,0.003825,0.003693,-0.010360,0.000000,0.000000,0.000000,-0.074794,0.000000,-0.519760,0.229615,0.000000
0.024050,-0.060223,0.024504,0.003063,0.002314,-0.008266,0.000000,0.000000,0.000000,-0.070371,0.000000,-0.471072,0.274293,0.000000
0.024237,-0.060383,0.025728,0.000526,0.003006,-0.007533,0.000000,0.013216,0.000000,-0.174832,0.008540,-0.497096,0.086835,0.000000
0.024816,-0.060791,0.027417,-0.002659,0.005535,-0.009001,0.000000,0.016452,0.000000,-0.215810,0.034012,-0.481533,0.045163,0.000000
0.025356,-0.060968,0.028454,-0.004405,0.003309,-0.006902,0.000000,0.000000,0.000000,-0.117932,0.015087,-0.472855,0.232424,0.000000
0.025788,-0.060834,0.029078,-0.003712,-0.000992,-0.003833,0.000000,0.000000,0.000000,-0.090330,0.019101,-0.540652,0.295475,0.000000
0.025991,-0.059455,0.028620,-0.003726,-0.018196,0.003044,0.000000,0.000000,0.000000,-0.224641,0.101360,-0.513991,0.155649,0.000000
0.026168,-0.057105,0.027231,-0.004495,-0.025347,0.007405,0.000000,0.000000,0.000000,-0.284233,0.116974,-0.380925,0.128250,0.000000
0.026559,-0.055374,0.026257,-0.006720,-0.021516,0.005992,0.000000,0.000000,0.000000,-0.117971,0.070952,-0.038748,0.319039,0.000000
0.026975,-0.054877,0.025753,-0.006475,-0.006923,0.003355,0.000000,0.011396,0.000000,-0.069872,0.084601,0.000000,0.344860,0.101207
0.027415,-0.054556,0.025441,-0.005866,-0.004125,0.001916,0.000000,0.094123,0.000000,-0.169251,0.195337,-0.193627,0.030334,0.000000
0.027806,-0.054228,0.025088,-0.004646,-0.003684,0.001886,0.000000,0.096895,0.000000,-0.280376,0.188807,-0.429977,0.000000,0.000000
0.027845,-0.054562,0.024270,-0.002290,0.003371,0.005441,0.000000,0.000000,0.000000,-0.240299,0.061808,-0.285791,0.162309,0.000000
0.027651,-0.055351,0.022893,-0.000504,0.007951,0.008471,0.000000,0.000000,0.000000,-0.220459,0.010793,-0.161949,0.312447,0.000000
0.027471,-0.056137,0.021708,-0.000345,0.008787,0.007890,0.000000,0.000000,0.000000,-0.387644,0.130822,-0.291769,0.148851,0.000000
0.027399,-0.056994,0.020678,-0.001294,0.009086,0.006312,0.000000,0.000000,0.000000,-0.569106,0.182513,-0.366702,0.000000,0.000000
0.027347,-0.057251,0.018787,-0.002958,0.000989,0.010107,0.000000,0.000000,0.000000,-0.502727,0.076888,-0.234103,0.180552,0.000000
0.027291,-0.056821,0.016872,-0.003727,-0.007638,0.012761,0.000000,0.000000,0.000000,-0.365498,0.003578,-0.192661,0.396919,0.000000
0.027179,-0.055854,0.014996,-0.002642,-0.013374,0.011529,0.000000,0.000000,0.000000,-0.432629,0.113583,-0.170089,0.250749,0.000000
0.027095,-0.054976,0.013542,-0.002198,-0.012828,0.009646,0.000000,0.000000,0.000000,-0.513987,0.208051,-0.100149,0.066712,0.000000
0.027108,-0.054149,0.012488,-0.002019,-0.009461,0.005636,0.000000,0.000000,0.000000,-0.359192,0.119948,0.000000,0.196413,0.000000
0.027326,-0.054110,0.012654,-0.002248,-0.000300,-0.001018,0.000000,0.000000,0.000000,-0.228353,0.041884,0.000000,0.320244,0.000000
0.027521,-0.054193,0.013226,-0.001260,0.001703,-0.003810,0.000000,0.006420,0.000000,-0.253865,0.101564,-0.193958,0.130123,0.000000
0.027737,-0.054268,0.014183,-0.000632,0.001873,-0.005883,0.000000,0.052354,0.000000,-0.298857,0.140702,-0.461480,0.000000,0.000000
0.028223,-0.054728,0.016300,-0.001296,0.006649,-0.011283,0.000000,0.000000,0.000000,-0.206048,0.058692,-0.397460,0.164412,0.000000
0.028680,-0.054942,0.018150,-0.001782,0.004872,-0.012324,0.000000,0.000000,0.000000,-0.138545,0.000000,-0.285453,0.331469,0.000000
0.029238,-0.055459,0.020384,-0.002053,0.008532,-0.013714,0.000000,0.040499,0.000000,-0.135417,0.034655,-0.524665,0.209836,0.000000
0.029737,-0.055957,0.022401,-0.001913,0.008809,-0.013449,0.000000,0.147480,0.000000,-0.153355,0.088562,-0.635139,0.055931,0.000000
0.030193,-0.056219,0.024298,-0.001262,0.004535,-0.010117,0.000000,0.017467,0.000000,-0.161877,0.036176,-0.575691,0.178685,0.000000
0.030445,-0.056366,0.025467,-0.000549,0.003059,-0.007187,0.000000,0.000000,0.000000,-0.152956,0.000000,-0.513298,0.246908,0.000000
0.030767,-0.056788,0.026719,-0.001296,0.006976,-0.008332,0.000000,0.000000,0.000000,-0.144333,0.042672,-0.466634,0.245530,0.000000
0.031136,-0.057439,0.028081,-0.001497,0.009296,-0.008381,0.000000,0.005760,0.000000,-0.192910,0.083388,-0.455711,0.183056,0.000000
0.031671,-0.058515,0.029780,-0.002352,0.012788,-0.009049,0.000000,0.007803,0.000000,-0.226871,0.077533,-0.527902,0.155929,0.000000
0.031986,-0.058980,0.030588,-0.002144,0.007019,-0.005381,0.000000,0.000000,0.000000,-0.219794,0.049893,-0.545197,0.204050,0.000000
0.032022,-0.059343,0.030756,-0.000055,0.004510,-0.001036,0.000000,0.000000,0.000000,-0.230819,0.046628,-0.575932,0.259467,0.000000
0.031760,-0.059762,0.030146,0.001907,0.004591,0.004063,0.000000,0.000000,0.000000,-0.253035,0.080693,-0.467572,0.249143,0.000000
0.031230,-0.060154,0.028842,0.003381,0.003116,0.008022,0.000000,0.000000,0.000000,-0.341818,0.086888,-0.345253,0.208512,0.000000
0.030349,-0.060307,0.026938,0.005351,-0.000333,0.010134,0.000000,0.000000,0.000000,-0.442865,0.089158,-0.280739,0.148619,0.000000
0.029786,-0.061436,0.026075,0.005136,0.013480,0.005759,0.000000,0.000000,0.000000,-0.453790,0.079477,-0.236869,0.154350,0.000000
0.029210,-0.063514,0.025492,0.005509,0.024011,0.003583,0.000000,0.000000,0.000000,-0.390942,0.042805,-0.170708,0.208112,0.000000
0.028702,-0.065452,0.025088,0.005497,0.024452,0.002692,0.000000,0.000000,0.000000,-0.473208,0.035791,-0.411799,0.151930,0.000000
0.028033,-0.067781,0.024606,0.005856,0.023516,0.002564,0.000000,0.000000,0.000000,-0.601082,0.066649,-0.619925,0.019443,0.000000
0.027417,-0.069733,0.024183,0.006248,0.022736,0.002605,0.000000,0.000000,0.000000,-0.568695,0.027108,-0.521192,0.177099,0.000000
0.026894,-0.071470,0.023901,0.005928,0.022037,0.001879,0.000000,0.000000,0.000000,-0.471238,0.000000,-0.393656,0.379685,0.000000
0.026440,-0.073204,0.023768,0.005042,0.020442,0.000820,0.000000,0.000000,0.000000,-0.560729,0.000000,-0.460295,0.238289,0.000000
0.026037,-0.074554,0.023501,0.003514,0.013663,0.001421,0.000000,0.000000,0.000000,-0.673296,0.047707,-0.559995,0.029285,0.000000
0.026102,-0.076541,0.024334,0.001662,0.026422,-0.005550,0.000000,0.000000,0.000000,-0.543261,0.013472,-0.535408,0.197135,0.000000
0.026245,-0.079411,0.025531,0.001723,0.035217,-0.007353,0.000000,0.000000,0.000000,-0.348703,0.000000,-0.389943,0.439323,0.000000
0.026632,-0.082350,0.027078,-0.000024,0.039486,-0.010314,0.000000,0.000000,0.000000,-0.499937,0.007151,-0.695462,0.256251,0.000000
0.027328,-0.085437,0.029292,-0.001462,0.038869,-0.013617,0.000000,0.000000,0.000000,-0.759679,0.086106,-0.930054,0.000000,0.000000
0.028292,-0.088342,0.031895,-0.002738,0.032219,-0.013872,0.000000,0.000000,0.000000,-0.640276,0.021677,-0.879825,0.222258,0.000000
0.028972,-0.089946,0.033512,-0.002984,0.022497,-0.010766,0.000000,0.000000,0.000000,-0.342061,0.000000,-0.786735,0.584093,0.000000
0.029420,-0.090883,0.034256,-0.002817,0.011917,-0.004571,0.000000,0.000000,0.000000,-0.430157,0.000000,-0.829904,0.435954,0.000000
0.029488,-0.091052,0.034283,-0.000779,0.002206,-0.000181,0.000000,0.000000,0.000000,-0.682873,0.105444,-0.779856,0.081012,0.000000
0.029035,-0.090455,0.033377,0.001991,-0.007009,0.004832,0.000000,0.000000,0.000000,-0.581599,0.099650,-0.563644,0.245942,0.000000
0.028572,-0.089908,0.032599,0.002867,-0.007327,0.004782,0.000000,0.000000,0.000000,-0.286034,0.000000,-0.353832,0.562961,0.000000
0.028089,-0.088768,0.031631,0.002693,-0.015778,0.006445,0.000000,0.000000,0.000000,-0.400367,0.025178,-0.268319,0.349931,0.000000
0.027629,-0.087410,0.030715,0.002424,-0.017060,0.005632,0.000000,0.000000,0.000000,-0.600253,0.155257,-0.433865,0.000000,0.000000
0.026969,-0.085781,0.029827,0.004285,-0.017558,0.004736,0.000000,0.025185,0.000000,-0.382092,0.109422,-0.335545,0.119466,0.000000
0.026277,-0.083661,0.028805,0.005346,-0.028290,0.006784,0.000000,0.000000,0.000000,-0.151665,0.000000,-0.159222,0.487938,0.000000
0.025437,-0.080934,0.027702,0.006536,-0.033530,0.006800,0.000000,0.000000,0.000000,-0.242116,0.015465,-0.236299,0.247733,0.000000
0.024631,-0.078414,0.026812,0.007461,-0.033326,0.005931,0.000000,0.112574,0.000000,-0.326406,0.141391,-0.231772,0.000000,0.000000
0.023273,-0.075218,0.025360,0.010287,-0.034011,0.007733,0.000000,0.087954,0.000000,-0.111145,0.066081,-0.097475,0.119606,0.010803
0.022100,-0.072055,0.024244,0.010792,-0.038531,0.006863,0.000000,0.000000,0.000000,-0.012512,0.000000,-0.027240,0.230009,0.000000
0.021153,-0.068757,0.022784,0.007928,-0.043720,0.009731,0.000000,0.000000,0.000000,-0.088668,0.000000,-0.071437,0.000000,0.026028
0.020130,-0.064684,0.020729,0.006869,-0.049940,0.012631,0.000000,0.106861,0.000000,-0.015497,0.057658,-0.076721,0.000000,0.110972
0.019223,-0.060618,0.018572,0.006019,-0.054019,0.014362,0.000000,0.041709,0.000000,0.000000,0.048237,0.000000,0.122328,0.255400
0.018163,-0.055496,0.015995,0.005858,-0.054292,0.013734,0.000000,0.016333,0.000000,0.000000,0.008571,0.000000,0.000000,0.386653
0.017262,-0.050773,0.013764,0.006059,-0.057533,0.013715,0.000000,0.237973,0.000000,0.000000,0.040251,0.000000,0.000000,0.470965
0.016581,-0.046656,0.012117,0.005383,-0.054081,0.010966,0.000000,0.327853,0.000000,0.000000,0.023335,0.000000,0.000000,0.515333
0.015931,-0.042473,0.010508,0.004910,-0.050643,0.009894,0.000000,0.305947,0.000000,0.000000,0.000000,0.000000,0.000000,0.562953
0.015283,-0.038241,0.009181,0.004848,-0.044240,0.007076,0.000000,0.322570,0.000000,0.000000,0.000000,0.000000,0.000000,0.512365
0.015041,-0.035324,0.008874,0.002641,-0.037699,0.002039,0.000000,0.371273,0.000000,0.000000,0.000000,0.000000,0.000000,0.494391
0.015221,-0.033913,0.010394,-0.000141,-0.015877,-0.009333,0.000000,0.336663,0.000000,0.000000,0.000000,0.000000,0.000000,0.416865
0.015527,-0.033607,0.012516,-0.001036,-0.002623,-0.014148,0.000000,0.346633,0.000000,0.000000,0.000000,-0.093499,0.000000,0.294005
0.016066,-0.033618,0.015585,-0.002219,0.001667,-0.016346,0.000000,0.356713,0.000000,0.000000,0.000000,-0.487028,0.000000,0.000000
0.016593,-0.034116,0.018506,-0.002589,0.007669,-0.017921,0.000000,0.226013,0.000000,0.000000,0.000000,-0.632666,0.000000,0.000000
0.016999,-0.034909,0.021093,-0.001671,0.011975,-0.017284,0.000000,0.000000,0.000000,0.000000,0.000000,-0.437585,0.026662,0.000000
0.017562,-0.036349,0.024419,-0.002369,0.019232,-0.020451,0.000000,0.000000,0.000000,0.000000,0.000000,-0.457806,0.142129,0.000000
0.018448,-0.038717,0.028900,-0.003868,0.026941,-0.023876,0.000000,0.078921,0.000000,0.000000,0.000000,-0.582748,0.172175,0.000000
0.019262,-0.041128,0.032613,-0.004669,0.033786,-0.024714,0.000000,0.131846,0.000000,0.000000,0.000000,-0.730119,0.100959,0.000000
0.020211,-0.043815,0.036431,-0.005427,0.034696,-0.023488,0.000000,0.078649,0.000000,-0.043394,0.000000,-0.854491,0.075890,0.000000
0.021008,-0.045432,0.039040,-0.005633,0.022921,-0.017370,0.000000,0.000000,0.000000,-0.115751,0.000000,-0.900281,0.118817,0.000000
0.021772,-0.045416,0.039942,-0.007557,0.000522,-0.005545,0.000000,0.000000,0.000000,-0.118819,0.000000,-0.855305,0.228733,0.000000
0.022885,-0.046101,0.040973,-0.009935,0.007777,-0.005496,0.000000,0.001392,0.000000,-0.070399,0.000000,-0.628598,0.334020,0.000000
0.023756,-0.047034,0.041399,-0.010407,0.012393,-0.002835,0.000000,0.005714,0.000000,-0.096527,0.047815,-0.242708,0.325331,0.000000
0.024613,-0.047994,0.041168,-0.010563,0.011175,0.001417,0.000000,0.015558,0.000000,-0.234107,0.119511,-0.449649,0.158235,0.000000
0.025174,-0.048418,0.039979,-0.009525,0.004273,0.007915,0.000000,0.030546,0.000000,-0.306214,0.151004,-0.634333,0.015061,0.000000
0.025492,-0.049508,0.037316,-0.007445,0.009073,0.014193,0.000000,0.000000,0.000000,-0.320821,0.097724,-0.398819,0.244919,0.000000
0.025435,-0.051262,0.034203,-0.005089,0.017885,0.019143,0.000000,0.000000,0.000000,-0.313500,0.071755,-0.102463,0.411035,0.000000
0.025201,-0.052696,0.030843,-0.003976,0.015035,0.022390,0.000000,0.000000,0.000000,-0.595541,0.164682,-0.158089,0.165809,0.000000
0.024772,-0.053964,0.026770,-0.002932,0.011282,0.025044,0.000000,0.000000,0.000000,-0.875350,0.231246,-0.306154,0.000000,0.000000
0.023901,-0.056110,0.021724,0.000133,0.018115,0.026902,0.000000,0.000000,0.000000,-0.758046,0.125560,-0.105998,0.179224,0.000000
0.023133,-0.058103,0.018271,0.002026,0.022335,0.022992,0.000000,0.000000,0.000000,-0.632868,0.030398,0.000000,0.449859,0.000000
0.022387,-0.060313,0.015573,0.002999,0.023924,0.016589,0.000000,0.000000,0.000000,-0.883160,0.111865,-0.045483,0.162579,0.000000
0.021813,-0.062327,0.014123,0.003842,0.024600,0.009662,0.000000,0.000000,0.000000,-1.000000,0.160063,-0.251670,0.000000,0.000000
0.021171,-0.064506,0.013569,0.005492,0.022032,0.002947,0.000000,0.000000,0.000000,-0.724158,0.012558,-0.281256,0.195152,0.000000
0.020750,-0.065936,0.014174,0.006454,0.017449,-0.003719,0.000000,0.000000,0.000000,-0.506304,0.000000,-0.273601,0.418796,0.000000
0.020381,-0.067076,0.015324,0.007808,0.015638,-0.007663,0.000000,0.000000,0.000000,-0.508676,0.000000,-0.455130,0.208699,0.000000
0.020014,-0.067947,0.017191,0.009012,0.011743,-0.011458,0.000000,0.039169,0.000000,-0.502415,0.000000,-0.566579,0.000000,0.000000
0.019827,-0.068706,0.019618,0.009076,0.011779,-0.016198,0.000000,0.013308,0.000000,-0.301816,0.000000,-0.538212,0.189393,0.000000
0.020431,-0.070649,0.024753,0.005152,0.023339,-0.027321,0.000000,0.003890,0.000000,-0.076482,0.000000,-0.529782,0.341994,0.000000
0.021318,-0.072838,0.029934,0.003088,0.030084,-0.031906,0.000000,0.104748,0.000000,-0.129207,0.000000,-0.657388,0.146477,0.000000
0.022081,-0.074688,0.034188,0.002682,0.027524,-0.028316,0.000000,0.201477,0.000000,-0.175314,0.000000,-1.000000,0.000000,0.000000
0.022800,-0.076066,0.038005,0.002081,0.019577,-0.023475,0.000000,0.108695,0.000000,-0.090214,0.000000,-1.000000,0.104220,0.000000
0.023445,-0.076879,0.040977,0.000658,0.010576,-0.015825,0.000000,0.000000,0.000000,-0.112294,0.000000,-0.944708,0.263379,0.000000
0.023693,-0.076933,0.041974,-0.000087,0.001652,-0.006650,0.000000,0.000000,0.000000,-0.154546,0.000000,-0.817308,0.237324,0.000000
0.023786,-0.077301,0.042193,-0.000486,0.004551,-0.001342,0.000000,0.009604,0.000000,-0.223753,0.000000,-0.640892,0.229633,0.000000
0.023696,-0.077886,0.041621,-0.000626,0.006975,0.003811,0.000000,0.000000,0.000000,-0.260969,0.028548,-0.470698,0.237115,0.000000
0.023352,-0.078277,0.039894,-0.000808,0.002716,0.009203,0.000000,0.000000,0.000000,-0.369062,0.061436,-0.498605,0.187276,0.000000
0.022806,-0.078056,0.037734,0.000180,-0.004850,0.014359,0.000000,0.000000,0.000000,-0.497359,0.096167,-0.499471,0.118587,0.000000
0.021959,-0.077101,0.034821,0.001566,-0.013799,0.017953,0.000000,0.000000,0.000000,-0.524252,0.086795,-0.314363,0.208308,0.000000
0.021407,-0.076206,0.032441,-0.000299,-0.012550,0.014629,0.000000,0.000000,0.000000,-0.477685,0.054491,-0.103848,0.314530,0.000000
0.020686,-0.074786,0.029910,0.001182,-0.016339,0.013492,0.000000,0.000000,0.000000,-0.470034,0.068119,-0.016339,0.223838,0.000000
0.020263,-0.073925,0.028680,0.001711,-0.012082,0.008188,0.000000,0.000000,0.000000,-0.456731,0.108054,-0.201935,0.084888,0.000000
0.019998,-0.073904,0.028253,0.001971,-0.000577,0.002622,0.000000,0.000000,0.000000,-0.333628,0.075005,-0.193146,0.108557,0.000000
0.019951,-0.075119,0.028584,0.001591,0.015894,-0.002201,0.000000,0.000000,0.000000,-0.243238,0.005705,-0.199131,0.243321,0.000000
0.019924,-0.076474,0.028686,0.000609,0.016161,-0.000631,0.000000,0.000000,0.000000,-0.308143,0.021660,-0.441096,0.130144,0.000000
0.020055,-0.078412,0.029217,-0.000035,0.020284,-0.002830,0.000000,0.000000,0.000000,-0.492259,0.070126,-0.743104,0.000000,0.000000
0.020184,-0.079739,0.029549,-0.000606,0.017334,-0.002210,0.000000,0.000000,0.000000,-0.495264,0.047600,-0.591033,0.140801,0.000000
0.020456,-0.081537,0.030317,-0.000944,0.021928,-0.004724,0.000000,0.000000,0.000000,-0.405912,0.000000,-0.494716,0.400851,0.000000
0.020932,-0.083905,0.031557,-0.002045,0.031505,-0.008259,0.000000,0.000000,0.000000,-0.456185,0.000000,-0.550750,0.291201,0.000000
0.021438,-0.087269,0.032912,-0.001528,0.035501,-0.007213,0.000000,0.000000,0.000000,-0.614947,0.053182,-0.731940,0.054952,0.000000
0.022081,-0.091123,0.034571,-0.002239,0.047115,-0.010205,0.000000,0.000000,0.000000,-0.596526,0.032735,-0.879184,0.147731,0.000000
0.022723,-0.094826,0.036154,-0.002434,0.048994,-0.010535,0.000000,0.000000,0.000000,-0.512544,0.000000,-0.790699,0.392493,0.000000
0.023207,-0.098202,0.037304,-0.001686,0.041117,-0.007077,0.000000,0.000000,0.000000,-0.660625,0.000000,-0.917123,0.340485,0.000000
0.023403,-0.102436,0.037750,-0.000596,0.043886,-0.002377,0.000000,0.000000,0.000000,-0.852022,0.039570,-1.000000,0.128828,0.000000
0.023434,-0.105599,0.037728,-0.000485,0.040648,0.000145,0.000000,0.000000,0.000000,-0.756614,0.004231,-0.844429,0.283032,0.000000
0.023492,-0.108540,0.037689,-0.000843,0.034893,0.000241,0.000000,0.000000,0.000000,-0.701888,0.000000,-0.738260,0.469243,0.000000
0.023474,-0.110703,0.037515,-0.000533,0.027644,0.001159,0.000000,0.000000,0.000000,-0.868007,0.028207,-0.782797,0.297465,0.000000
0.023428,-0.112670,0.037343,-0.000145,0.020085,0.000917,0.000000,0.000000,0.000000,-0.948036,0.066756,-0.800572,0.156540,0.000000
0.023197,-0.113177,0.036861,0.000723,0.005614,0.002965,0.000000,0.000000,0.000000,-0.737618,0.002478,-0.678878,0.369272,0.000000
0.022603,-0.112897,0.035852,0.003018,-0.004540,0.006717,0.000000,0.000000,0.000000,-0.550385,0.000000,-0.592990,0.514445,0.000000
0.021966,-0.111844,0.034782,0.003053,-0.013396,0.006581,0.000000,0.000000,0.000000,-0.619114,0.035170,-0.534480,0.306282,0.000000
0.021240,-0.110018,0.033611,0.004050,-0.024502,0.007800,0.000000,0.000000,0.000000,-0.720284,0.086604,-0.418568,0.104148,0.000000
0.020083,-0.107216,0.032026,0.006260,-0.029912,0.008445,0.000000,0.000000,0.000000,-0.480451,0.033677,-0.334977,0.276964,0.000000
0.019147,-0.105233,0.031090,0.007365,-0.024229,0.005753,0.000000,0.031649,0.000000,-0.223456,0.000000,-0.210677,0.438914,0.000000
0.018292,-0.103116,0.030417,0.008136,-0.027736,0.004484,0.000000,0.045215,0.000000,-0.306521,0.025908,-0.198236,0.186656,0.000000
0.017238,-0.099895,0.029503,0.008994,-0.038857,0.005618,0.000000,0.021057,0.000000,-0.456758,0.078404,-0.383734,0.000000,0.000000
0.015900,-0.095242,0.028228,0.009652,-0.048592,0.006797,0.000000,0.015759,0.000000,-0.229384,0.000000,-0.340490,0.057070,0.000000
0.014959,-0.091468,0.027490,0.009255,-0.048968,0.004912,0.000000,0.063773,0.000000,0.000000,0.000000,-0.043144,0.359478,0.000000
0.013984,-0.088392,0.026911,0.009602,-0.036851,0.003562,0.000000,0.065066,0.000000,0.000000,0.000000,0.000000,0.225189,0.138648
0.013262,-0.086227,0.026919,0.009311,-0.027839,-0.000053,0.000000,0.191353,0.000000,-0.053087,0.026821,-0.134830,0.000000,0.072346
0.012728,-0.084186,0.027605,0.007414,-0.020704,-0.003657,0.000000,0.194738,0.000000,-0.017084,0.000000,-0.321870,0.000000,0.000000
0.012219,-0.082906,0.028112,0.007630,-0.014958,-0.003116,0.000000,0.000000,0.000000,-0.017100,0.000000,-0.368866,0.000000,0.000000
0.011858,-0.081920,0.028682,0.006548,-0.012395,-0.003795,0.000000,0.000000,0.000000,-0.081559,0.000000,-0.398001,0.000000,0.000000
0.011462,-0.080840,0.029146,0.006113,-0.012607,-0.002853,0.000000,0.000000,0.000000,-0.082732,0.000000,-0.390240,0.069839,0.000000
0.010996,-0.079403,0.029228,0.005015,-0.014757,-0.000439,0.000000,0.000000,0.000000,-0.076681,0.000000,-0.409033,0.117178,0.000000
0.010628,-0.078284,0.029084,0.004264,-0.014463,0.000961,0.000000,0.000000,0.000000,-0.121357,0.000000,-0.390017,0.073486,0.000000
0.010422,-0.077240,0.028989,0.002168,-0.012415,0.000584,0.000000,0.000000,0.000000,-0.168052,0.000000,-0.310052,0.055778,0.000000
0.010306,-0.076314,0.028858,0.001088,-0.011979,0.000873,0.000000,0.000000,0.000000,-0.156503,0.000000,-0.289431,0.099426,0.000000
0.010146,-0.075537,0.028544,0.001009,-0.009339,0.001929,0.000000,0.000000,0.000000,-0.136429,0.000000,-0.355413,0.119106,0.000000
0.010140,-0.075132,0.028312,-0.000508,-0.004241,0.001235,0.000000,0.000000,0.000000,-0.168807,0.014094,-0.363156,0.085301,0.000000
0.010314,-0.074937,0.028265,-0.002381,-0.002531,0.000315,0.000000,0.000000,0.000000,-0.248133,0.025063,-0.330546,0.069828,0.000000
0.010676,-0.074934,0.028310,-0.004175,-0.000013,-0.000277,0.000000,0.000000,0.000000,-0.277271,0.025035,-0.381352,0.103738,0.000000
0.011152,-0.074790,0.028122,-0.006698,-0.001931,0.001252,0.000000,0.000000,0.000000,-0.247812,0.018575,-0.425668,0.158546,0.000000
0.011786,-0.074272,0.027432,-0.008191,-0.005586,0.003677,0.000000,0.000000,0.000000,-0.285451,0.030259,-0.440422,0.179893,0.000000
0.012238,-0.073243,0.026359,-0.008326,-0.012668,0.006594,0.000000,0.000000,0.000000,-0.341814,0.077467,-0.385992,0.170823,0.000000
0.012670,-0.072134,0.025492,-0.008130,-0.014696,0.005777,0.000000,0.000000,0.000000,-0.357124,0.095902,-0.289802,0.204195,0.000000
0.013623,-0.072323,0.025908,-0.010186,0.002438,-0.002555,0.000000,0.000000,0.000000,-0.318430,0.083562,-0.153772,0.241229,0.000000
0.014988,-0.073790,0.027355,-0.010664,0.015747,-0.007714,0.000000,0.000000,0.000000,-0.280471,0.074358,-0.173286,0.209284,0.000000
0.016119,-0.074915,0.028607,-0.010814,0.015228,-0.008334,0.000000,0.034615,0.000000,-0.328274,0.089496,-0.584543,0.101095,0.000000
0.017312,-0.075663,0.029630,-0.011308,0.009499,-0.006292,0.000000,0.000000,0.000000,-0.381563,0.092262,-0.828077,0.080567,0.000000
0.018453,-0.076550,0.030675,-0.011482,0.012140,-0.006958,0.000000,0.000000,0.000000,-0.356782,0.032626,-0.631734,0.298919,0.000000
0.020139,-0.078576,0.032571,-0.012645,0.021960,-0.010088,0.000000,0.000000,0.000000,-0.303086,0.030960,-0.426458,0.457787,0.000000
0.021421,-0.080188,0.033835,-0.011522,0.020115,-0.007784,0.000000,0.000000,0.000000,-0.417939,0.095230,-0.602747,0.262408,0.000000
0.022405,-0.080996,0.034625,-0.010100,0.011086,-0.005263,0.000000,0.019345,0.000000,-0.556239,0.145932,-0.889172,0.058193,0.000000
0.023290,-0.080382,0.035583,-0.007618,-0.006480,-0.005891,0.000000,0.000000,0.000000,-0.485753,0.079639,-0.714842,0.284364,0.000000
0.024027,-0.078224,0.036392,-0.005478,-0.021594,-0.004312,0.000000,0.000000,0.000000,-0.296699,0.000000,-0.424267,0.561079,0.000000
0.024584,-0.076482,0.036896,-0.005569,-0.021895,-0.003356,0.000000,0.140960,0.000000,-0.174534,0.017191,-0.374767,0.429021,0.000000
0.025276,-0.075233,0.037779,-0.005708,-0.014032,-0.005432,0.000000,0.342000,0.000000,-0.143652,0.101408,-0.385039,0.121857,0.000000
0.025751,-0.074302,0.038298,-0.004522,-0.011431,-0.003455,0.000000,0.162536,0.000000,-0.168683,0.076937,-0.408030,0.033676,0.000000
0.026020,-0.072597,0.038381,-0.002962,-0.020152,-0.000511,0.000000,0.000000,0.000000,-0.173339,0.000000,-0.494786,0.057443,0.000000
0.026083,-0.069677,0.037391,-0.002971,-0.030829,0.005271,0.000000,0.000000,0.000000,-0.105797,0.018086,-0.462145,0.218659,0.000000
0.025912,-0.067210,0.035720,-0.002515,-0.033533,0.011148,0.000000,0.016195,0.000000,0.000000,0.087871,-0.288732,0.356856,0.000000
0.025666,-0.064678,0.033787,-0.001927,-0.031909,0.011884,0.000000,0.038266,0.000000,-0.058123,0.135748,-0.064625,0.236144,0.074910
0.025560,-0.062387,0.031984,-0.003354,-0.031339,0.012011,0.000000,0.000000,0.000000,-0.252723,0.178723,0.000000,0.002061,0.140010
0.025418,-0.059448,0.029607,-0.003345,-0.032186,0.012671,0.000000,0.053663,0.000000,-0.158621,0.132555,-0.045656,0.000000,0.069419
0.025309,-0.056850,0.027560,-0.003248,-0.032722,0.012570,0.000000,0.126115,0.000000,0.000000,0.075118,-0.041742,0.183745,0.051560
0.025212,-0.054147,0.025373,-0.003783,-0.037022,0.014579,0.000000,0.000000,0.000000,-0.012325,0.102879,0.000000,0.157889,0.130620
0.025052,-0.051057,0.023070,-0.002755,-0.038829,0.014161,0.000000,0.000000,0.000000,-0.154218,0.149708,-0.001525,0.000000,0.175886
0.024841,-0.047299,0.020396,-0.002250,-0.040753,0.014231,0.000000,0.065278,0.000000,-0.037681,0.182824,0.000000,0.000000,0.270992
0.024765,-0.044353,0.018265,-0.003114,-0.040089,0.014223,0.000000,0.127524,0.000000,0.000000,0.095327,0.000000,0.137648,0.302146
0.024809,-0.041709,0.016609,-0.003263,-0.032900,0.010178,0.000000,0.133094,0.000000,0.000000,0.065636,0.000000,0.000000,0.350196
0.025045,-0.038926,0.014816,-0.006052,-0.037551,0.011933,0.000000,0.152317,0.000000,0.000000,0.098988,0.000000,0.000000,0.383144
0.025555,-0.035930,0.013204,-0.007286,-0.032133,0.008591,0.000000,0.151678,0.000000,0.000000,0.073134,-0.013712,0.000000,0.271793
0.026096,-0.034199,0.012533,-0.007317,-0.021187,0.004129,0.000000,0.166412,0.000000,0.000000,0.083662,0.000000,0.000000,0.368656
0.026723,-0.033106,0.012659,-0.007897,-0.013923,-0.000843,0.000000,0.094410,0.000000,0.000000,0.103872,0.000000,0.000000,0.305842
0.027583,-0.032179,0.013100,-0.009661,-0.010574,-0.002708,0.000000,0.167190,0.000000,0.000000,0.068323,-0.187345,0.000000,0.108378
0.028516,-0.030597,0.012645,-0.012586,-0.020841,0.003032,0.000000,0.200143,0.000000,0.000000,0.076782,-0.304440,0.000000,0.000000
0.029724,-0.029183,0.012546,-0.012506,-0.014616,0.000523,0.000000,0.000000,0.000000,0.000000,0.090802,-0.245527,0.091450,0.000000
0.030773,-0.029153,0.012838,-0.012159,-0.000041,-0.001799,0.000000,0.000000,0.000000,-0.019895,0.142028,0.000000,0.218930,0.231133
0.031962,-0.030110,0.014304,-0.013568,0.014145,-0.009770,0.000000,0.000000,0.000000,-0.000959,0.210140,-0.040627,0.255234,0.123245
0.033232,-0.031403,0.016204,-0.012947,0.017623,-0.011675,0.000000,0.195182,0.000000,-0.068225,0.186379,-0.401754,0.000000,0.000000
0.034678,-0.033655,0.018804,-0.012252,0.025967,-0.013853,0.000000,0.144554,0.000000,-0.184610,0.163226,-0.612091,0.000000,0.000000
0.035841,-0.036159,0.021048,-0.011919,0.035354,-0.014951,0.000000,0.000000,0.000000,-0.213702,0.055315,-0.506702,0.209518,0.000000
0.037202,-0.039374,0.023717,-0.012567,0.041759,-0.016411,0.000000,0.000000,0.000000,-0.232381,0.035896,-0.550005,0.349037,0.000000
0.038494,-0.042364,0.026244,-0.012610,0.042255,-0.016825,0.000000,0.000000,0.000000,-0.323074,0.145689,-0.783729,0.269273,0.000000
0.039999,-0.045639,0.028744,-0.012075,0.036818,-0.013327,0.000000,0.000000,0.000000,-0.446113,0.168838,-0.892338,0.200397,0.000000
0.041098,-0.048085,0.030229,-0.010531,0.031262,-0.009129,0.000000,0.000000,0.000000,-0.440082,0.093306,-0.749708,0.365149,0.000000
0.042084,-0.050310,0.031419,-0.010346,0.030540,-0.007914,0.000000,0.000000,0.000000,-0.383693,0.064917,-0.600208,0.507030,0.000000
0.043014,-0.052811,0.032285,-0.009432,0.031091,-0.005329,0.000000,0.000000,0.000000,-0.469477,0.129231,-0.598855,0.373242,0.000000
0.043661,-0.055604,0.032207,-0.006794,0.028640,0.000413,0.000000,0.000000,0.000000,-0.566132,0.186109,-0.683593,0.214565,0.000000
0.043874,-0.057664,0.031365,-0.004631,0.025006,0.005610,0.000000,0.000000,0.000000,-0.561913,0.150250,-0.624864,0.315858,0.000000
0.043846,-0.059633,0.029993,-0.002615,0.021132,0.008435,0.000000,0.000000,0.000000,-0.568861,0.107723,-0.435827,0.445031,0.000000
0.043856,-0.061352,0.028978,-0.002573,0.020287,0.006751,0.000000,0.000000,0.000000,-0.692214,0.147485,-0.355446,0.344870,0.000000
0.043695,-0.063056,0.027924,-0.000510,0.018528,0.006490,0.000000,0.000000,0.000000,-0.758502,0.181626,-0.378412,0.201521,0.000000
0.043129,-0.064839,0.026365,0.002645,0.016148,0.008310,0.000000,0.000000,0.000000,-0.638213,0.130143,-0.414090,0.303928,0.000000
0.042474,-0.065136,0.025117,0.005149,0.001662,0.008308,0.000000,0.000000,0.000000,-0.535427,0.072817,-0.367803,0.414579,0.000000
0.041582,-0.065058,0.023925,0.007678,-0.002816,0.007324,0.000000,0.000000,0.000000,-0.645645,0.104088,-0.321339,0.279676,0.000000
0.040592,-0.065292,0.022944,0.010131,0.001371,0.006518,0.000000,0.000000,0.000000,-0.540007,0.117378,-0.228148,0.185397,0.000000
0.039409,-0.065080,0.022488,0.011233,-0.002794,0.002437,0.000000,0.012248,0.000000,-0.360994,0.034865,-0.183716,0.304975,0.000000
0.038582,-0.064624,0.022725,0.010387,-0.005062,-0.001454,0.000000,0.000000,0.000000,-0.379137,0.024982,-0.272735,0.231285,0.000000
0.037785,-0.063617,0.022912,0.010737,-0.012657,-0.001251,0.000000,0.019541,0.000000,-0.325625,0.054935,-0.379241,0.063303,0.000000
0.036910,-0.062132,0.023218,0.011118,-0.017195,-0.001878,0.000000,0.081856,0.000000,-0.167689,0.021938,-0.383837,0.186404,0.000000
0.035911,-0.059875,0.023439,0.010724,-0.022960,-0.001180,0.000000,0.021625,0.000000,-0.025525,0.000000,-0.233680,0.305890,0.000000
0.035531,-0.059263,0.024980,0.008611,-0.005626,-0.010268,0.000000,0.020850,0.000000,-0.070194,0.000000,-0.222434,0.126583,0.000000
0.035067,-0.059837,0.026613,0.009104,0.008973,-0.010035,0.000000,0.125361,0.000000,-0.045281,0.068715,-0.228935,0.000000,0.000000
0.034538,-0.060613,0.027824,0.009722,0.011708,-0.008066,0.000000,0.117952,0.000000,0.000000,0.019740,-0.581792,0.093298,0.000000
0.033873,-0.062199,0.029224,0.009592,0.017887,-0.007461,0.000000,0.000000,0.000000,-0.144429,0.000000,-0.700673,0.018661,0.000000
0.033255,-0.063859,0.030135,0.009448,0.020868,-0.005602,0.000000,0.000000,0.000000,-0.312995,0.000000,-0.545000,0.039362,0.000000
0.032554,-0.065159,0.030422,0.009731,0.017061,-0.001909,0.000000,0.000000,0.000000,-0.275203,0.000000,-0.538565,0.242561,0.000000
0.031669,-0.066607,0.030263,0.010142,0.017022,0.000981,0.000000,0.000000,0.000000,-0.295134,0.000000,-0.616579,0.249919,0.000000
0.030772,-0.067807,0.029775,0.010219,0.014825,0.003247,0.000000,0.000000,0.000000,-0.458009,0.018368,-0.523966,0.100100,0.000000
0.029884,-0.069320,0.029402,0.008317,0.015179,0.001991,0.000000,0.000000,0.000000,-0.534205,0.021508,-0.434418,0.110587,0.000000
0.029225,-0.070799,0.029157,0.007195,0.017298,0.001506,0.000000,0.000000,0.000000,-0.422913,0.000000,-0.401945,0.249438,0.000000
