x,y,psi,u,v,r,n1x,n1y,n2x,n2y,n3x,n3y,n4x,n4y
0.013704,-0.008231,0.001580,0.000045,-0.000774,-0.000569,0.000000,0.004641,0.000000,0.000000,0.000000,-0.076596,0.000000,0.077499
0.013703,-0.008168,0.001665,0.000044,-0.000770,-0.000565,0.000000,0.005078,0.000000,0.000000,0.000000,-0.076687,0.000000,0.077625
0.013701,-0.008089,0.001770,0.000043,-0.000766,-0.000560,0.000000,0.005499,0.000000,0.000000,0.000000,-0.076802,0.000000,0.077738
0.013700,-0.008021,0.001860,0.000042,-0.000760,-0.000554,0.000000,0.005930,0.000000,0.000000,0.000000,-0.076877,0.000000,0.077851
0.013699,-0.007959,0.001943,0.000042,-0.000754,-0.000548,0.000000,0.006538,0.000000,0.000000,0.000000,-0.076941,0.000000,0.078013
0.013698,-0.007892,0.002031,0.000042,-0.000748,-0.000542,0.000000,0.006971,0.000000,0.000000,0.000000,-0.077008,0.000000,0.078130
0.013696,-0.007831,0.002111,0.000042,-0.000741,-0.000536,0.000000,0.007284,0.000000,0.000000,0.000000,-0.077116,0.000000,0.078213
0.013695,-0.007755,0.002210,0.000041,-0.000733,-0.000528,0.000000,0.007717,0.000000,0.000000,0.000000,-0.077186,0.000000,0.078328
0.013693,-0.007691,0.002295,0.000041,-0.000725,-0.000520,0.000000,0.008080,0.000000,0.000000,0.000000,-0.077196,0.000000,0.078448
0.013692,-0.007632,0.002372,0.000041,-0.000715,-0.000512,0.000000,0.008535,0.000000,0.000000,0.000000,-0.077252,0.000000,0.078576
0.013691,-0.007569,0.002454,0.000041,-0.000707,-0.000504,0.000000,0.008935,0.000000,0.000000,0.000000,-0.077325,0.000000,0.078668
0.013689,-0.007497,0.002547,0.000040,-0.000695,-0.000494,0.000000,0.009186,0.000000,0.000000,0.000000,-0.077391,0.000000,0.078738
0.013687,-0.007441,0.002619,0.000040,-0.000685,-0.000484,0.000000,0.009516,0.000000,0.000000,0.000000,-0.077430,0.000000,0.078841
0.013686,-0.007381,0.002696,0.000040,-0.000675,-0.000474,0.000000,0.009907,0.000000,0.000000,0.000000,-0.077429,0.000000,0.078963
0.013685,-0.007326,0.002766,0.000039,-0.000664,-0.000463,0.000000,0.010144,0.000000,0.000000,0.000000,-0.077451,0.000000,0.079046
0.013683,-0.007259,0.002851,0.000039,-0.000652,-0.000452,0.000000,0.010414,0.000000,0.000000,0.000000,-0.077505,0.000000,0.079124
0.013681,-0.007202,0.002922,0.000039,-0.000639,-0.000439,0.000000,0.010635,0.000000,0.000000,0.000000,-0.077501,0.000000,0.079209
0.013679,-0.007151,0.002986,0.000038,-0.000626,-0.000426,0.000000,0.010936,0.000000,0.000000,0.000000,-0.077474,0.000000,0.079336
0.013678,-0.007096,0.003053,0.000038,-0.000615,-0.000414,0.000000,0.011137,0.000000,0.000000,0.000000,-0.077456,0.000000,0.079426
0.013676,-0.007034,0.003128,0.000038,-0.000600,-0.000399,0.000000,0.011288,0.000000,0.000000,0.000000,-0.077472,0.000000,0.079492
0.013674,-0.006986,0.003186,0.000037,-0.000584,-0.000385,0.000000,0.011514,0.000000,0.000000,0.000000,-0.077453,0.000000,0.079589
0.013672,-0.006936,0.003247,0.000037,-0.000571,-0.000373,0.000000,0.011721,0.000000,0.000000,0.000000,-0.077385,0.000000,0.079707
0.013671,-0.006890,0.003301,0.000037,-0.000557,-0.000361,0.000000,0.011775,0.000000,0.000000,0.000000,-0.077365,0.000000,0.079758
0.013669,-0.006842,0.003358,0.000037,-0.000540,-0.000349,0.000000,0.011958,0.000000,0.000000,0.000000,-0.077394,0.000000,0.079804
0.013667,-0.006789,0.003421,0.000036,-0.000522,-0.000334,0.000000,0.012108,0.000000,0.000000,0.000000,-0.077358,0.000000,0.079863
0.013665,-0.006748,0.003469,0.000036,-0.000504,-0.000321,0.000000,0.012147,0.000000,0.000000,0.000000,-0.077314,0.000000,0.079915
0.013663,-0.006704,0.003519,0.000036,-0.000487,-0.000309,0.000000,0.012243,0.000000,0.000000,0.000000,-0.077299,0.000000,0.079953
0.013661,-0.006666,0.003563,0.000035,-0.000470,-0.000296,0.000000,0.012288,0.000000,0.000000,0.000000,-0.077278,0.000000,0.079964
0.013659,-0.006620,0.003616,0.000035,-0.000451,-0.000282,0.000000,0.012336,0.000000,0.000000,0.000000,-0.077252,0.000000,0.079989
0.013657,-0.006582,0.003660,0.000034,-0.000430,-0.000269,0.000000,0.012325,0.000000,0.000000,0.000000,-0.077215,0.000000,0.079997
0.013655,-0.006548,0.003699,0.000034,-0.000412,-0.000257,0.000000,0.012369,0.000000,0.000000,0.000000,-0.077182,0.000000,0.080013
0.013653,-0.006513,0.003739,0.000034,-0.000393,-0.000246,0.000000,0.012340,0.000000,0.000000,0.000000,-0.077150,0.000000,0.079998
0.013651,-0.006475,0.003783,0.000033,-0.000370,-0.000234,0.000000,0.012311,0.000000,0.000000,0.000000,-0.077150,0.000000,0.079967
0.013649,-0.006447,0.003816,0.000033,-0.000349,-0.000224,0.000000,0.012298,0.000000,0.000000,0.000000,-0.077144,0.000000,0.079927
0.013647,-0.006418,0.003851,0.000033,-0.000328,-0.000214,0.000000,0.012253,0.000000,0.000000,0.000000,-0.077133,0.000000,0.079873
0.013645,-0.006393,0.003882,0.000032,-0.000307,-0.000204,0.000000,0.012140,0.000000,0.000000,0.000000,-0.077142,0.000000,0.079789
0.013642,-0.006363,0.003918,0.000032,-0.000284,-0.000195,0.000000,0.012058,0.000000,0.000000,0.000000,-0.077155,0.000000,0.079704
0.013640,-0.006340,0.003948,0.000032,-0.000261,-0.000185,0.000000,0.011958,0.000000,0.000000,0.000000,-0.077150,0.000000,0.079614
0.013638,-0.006320,0.003975,0.000031,-0.000239,-0.000176,0.000000,0.011869,0.000000,0.000000,0.000000,-0.077164,0.000000,0.079509
0.013636,-0.006301,0.004002,0.000031,-0.000217,-0.000168,0.000000,0.011714,0.000000,0.000000,0.000000,-0.077196,0.000000,0.079368
0.013634,-0.006281,0.004032,0.000031,-0.000194,-0.000157,0.000000,0.011541,0.000000,0.000000,0.000000,-0.077217,0.000000,0.079236
0.013632,-0.006267,0.004054,0.000030,-0.000172,-0.000148,0.000000,0.011383,0.000000,0.000000,0.000000,-0.077213,0.000000,0.079115
0.013630,-0.006253,0.004076,0.000030,-0.000151,-0.000138,0.000000,0.011209,0.000000,0.000000,0.000000,-0.077219,0.000000,0.078974
0.013628,-0.006242,0.004096,0.000030,-0.000132,-0.000129,0.000000,0.011000,0.000000,0.000000,0.000000,-0.077232,0.000000,0.078826
0.013626,-0.006230,0.004118,0.000029,-0.000111,-0.000118,0.000000,0.010792,0.000000,0.000000,0.000000,-0.077223,0.000000,0.078698
0.013624,-0.006222,0.004135,0.000029,-0.000090,-0.000106,0.000000,0.010600,0.000000,0.000000,0.000000,-0.077201,0.000000,0.078580
0.013622,-0.006215,0.004149,0.000029,-0.000072,-0.000096,0.000000,0.010384,0.000000,0.000000,0.000000,-0.077181,0.000000,0.078454
0.013620,-0.006210,0.004163,0.000028,-0.000054,-0.000086,0.000000,0.010121,0.000000,0.000000,0.000000,-0.077160,0.000000,0.078323
0.013618,-0.006207,0.004175,0.000028,-0.000037,-0.000076,0.000000,0.009889,0.000000,0.000000,0.000000,-0.077132,0.000000,0.078206
0.013615,-0.006205,0.004187,0.000028,-0.000019,-0.000064,0.000000,0.009680,0.000000,0.000000,0.000000,-0.077099,0.000000,0.078091
0.013613,-0.006204,0.004195,0.000027,-0.000001,-0.000052,0.000000,0.009447,0.000000,0.000000,0.000000,-0.077066,0.000000,0.077978
0.013611,-0.006205,0.004201,0.000027,0.000014,-0.000041,0.000000,0.009176,0.000000,0.000000,0.000000,-0.077036,0.000000,0.077855
0.013609,-0.006207,0.004206,0.000027,0.000030,-0.000031,0.000000,0.008878,0.000000,0.000000,0.000000,-0.076986,0.000000,0.077739
0.013606,-0.006212,0.004210,0.000026,0.000046,-0.000019,0.000000,0.008618,0.000000,0.000000,0.000000,-0.076919,0.000000,0.077647
0.013604,-0.006216,0.004211,0.000026,0.000061,-0.000008,0.000000,0.008384,0.000000,0.000000,0.000000,-0.076864,0.000000,0.077547
0.013602,-0.006223,0.004211,0.000026,0.000075,0.000003,0.000000,0.008100,0.000000,0.000000,0.000000,-0.076825,0.000000,0.077428
0.013600,-0.006230,0.004209,0.000025,0.000089,0.000012,0.000000,0.007796,0.000000,0.000000,0.000000,-0.076774,0.000000,0.077320
0.013598,-0.006240,0.004204,0.000025,0.000103,0.000023,0.000000,0.007522,0.000000,0.000000,0.000000,-0.076704,0.000000,0.077228
0.013595,-0.006250,0.004199,0.000025,0.000117,0.000033,0.000000,0.007270,0.000000,0.000000,0.000000,-0.076641,0.000000,0.077134
0.013593,-0.006260,0.004193,0.000025,0.000128,0.000043,0.000000,0.006979,0.000000,0.000000,0.000000,-0.076603,0.000000,0.077013
0.013591,-0.006272,0.004184,0.000024,0.000139,0.000052,0.000000,0.006661,0.000000,0.000000,0.000000,-0.076551,0.000000,0.076902
0.013589,-0.006287,0.004172,0.000024,0.000151,0.000063,0.000000,0.006368,0.000000,0.000000,0.000000,-0.076460,0.000000,0.076827
0.013587,-0.006300,0.004161,0.000024,0.000161,0.000074,0.000000,0.006087,0.000000,0.000000,0.000000,-0.076368,0.000000,0.076754
0.013584,-0.006315,0.004148,0.000024,0.000170,0.000083,0.000000,0.005773,0.000000,0.000000,0.000000,-0.076295,0.000000,0.076664
0.013582,-0.006330,0.004134,0.000023,0.000179,0.000092,0.000000,0.005485,0.000000,0.000000,0.000000,-0.076215,0.000000,0.076593
0.013580,-0.006349,0.004115,0.000023,0.000187,0.000102,0.000000,0.005207,0.000000,0.000000,0.000000,-0.076117,0.000000,0.076534
0.013577,-0.006366,0.004096,0.000023,0.000196,0.000112,0.000000,0.004943,0.000000,0.000000,0.000000,-0.076026,0.000000,0.076480
0.013575,-0.006383,0.004079,0.000022,0.000204,0.000119,0.000000,0.004629,0.000000,0.000000,0.000000,-0.075942,0.000000,0.076410
0.013573,-0.006402,0.004058,0.000022,0.000212,0.000126,0.000000,0.004324,0.000000,0.000000,0.000000,-0.075856,0.000000,0.076346
0.013571,-0.006419,0.004038,0.000022,0.000219,0.000131,0.000000,0.004092,0.000000,0.000000,0.000000,-0.075780,0.000000,0.076285
0.013568,-0.006443,0.004013,0.000022,0.000227,0.000137,0.000000,0.003837,0.000000,0.000000,0.000000,-0.075720,0.000000,0.076201
0.013566,-0.006463,0.003990,0.000022,0.000236,0.000142,0.000000,0.003586,0.000000,0.000000,0.000000,-0.075680,0.000000,0.076116
0.013564,-0.006483,0.003968,0.000021,0.000243,0.000146,0.000000,0.003257,0.000000,0.000000,0.000000,-0.075631,0.000000,0.076007
0.013562,-0.006505,0.003943,0.000021,0.000249,0.000150,0.000000,0.002964,0.000000,0.000000,0.000000,-0.075586,0.000000,0.075904
0.013559,-0.006531,0.003915,0.000021,0.000256,0.000154,0.000000,0.002738,0.000000,0.000000,0.000000,-0.075535,0.000000,0.075812
0.013557,-0.006553,0.003891,0.000021,0.000262,0.000158,0.000000,0.002477,0.000000,0.000000,0.000000,-0.075482,0.000000,0.075719
0.013555,-0.006576,0.003865,0.000020,0.000266,0.000161,0.000000,0.002139,0.000000,0.000000,0.000000,-0.075440,0.000000,0.075608
0.013552,-0.006598,0.003840,0.000020,0.000271,0.000164,0.000000,0.001877,0.000000,0.000000,0.000000,-0.075391,0.000000,0.075520
0.013550,-0.006626,0.003809,0.000020,0.000275,0.000167,0.000000,0.001645,0.000000,0.000000,0.000000,-0.075320,0.000000,0.075447
0.013548,-0.006651,0.003781,0.000020,0.000279,0.000170,0.000000,0.001407,0.000000,0.000000,0.000000,-0.075268,0.000000,0.075370
0.013546,-0.006674,0.003755,0.000020,0.000282,0.000173,0.000000,0.001109,0.000000,0.000000,0.000000,-0.075235,0.000000,0.075268
0.013543,-0.006700,0.003727,0.000019,0.000286,0.000175,0.000000,0.000848,0.000000,0.000000,0.000000,-0.075191,0.000000,0.075184
0.013541,-0.006723,0.003700,0.000019,0.000288,0.000177,0.000000,0.000641,0.000000,0.000000,0.000000,-0.075124,0.000000,0.075123
0.013539,-0.006753,0.003666,0.000019,0.000291,0.000179,0.000000,0.000387,0.000000,0.000000,0.000000,-0.075074,0.000000,0.075042
0.013537,-0.006779,0.003637,0.000019,0.000291,0.000179,0.000000,0.000187,0.000000,0.000000,0.000000,-0.075053,0.000000,0.074965
0.013535,-0.006803,0.003610,0.000019,0.000295,0.000183,0.000000,0.000000,0.000000,0.000000,0.000000,-0.075011,0.000000,0.074873
0.013532,-0.006829,0.003580,0.000018,0.000294,0.000183,0.000000,0.000000,0.000000,0.000000,0.000000,-0.074961,0.000000,0.074813
0.013530,-0.006859,0.003545,0.000018,0.000295,0.000185,0.000000,0.000000,0.000000,0.000000,0.000000,-0.074902,0.000000,0.074738
0.013528,-0.006883,0.003517,0.000018,0.000295,0.000186,0.000000,0.000000,0.000000,0.000000,0.000000,-0.074882,0.000000,0.074674
0.013526,-0.006909,0.003487,0.000018,0.000296,0.000187,0.000000,0.000000,0.000000,0.000000,0.000000,-0.074861,0.000000,0.074585
0.013524,-0.006933,0.003459,0.000018,0.000296,0.000187,0.000000,0.000000,0.000000,0.000000,0.000000,-0.074831,0.000000,0.074521
0.013521,-0.006964,0.003424,0.000018,0.000297,0.000188,0.000000,0.000000,0.000000,0.000000,0.000000,-0.074799,0.000000,0.074448
0.013519,-0.006990,0.003393,0.000017,0.000296,0.000187,0.000000,0.000000,0.000000,0.000000,0.000000,-0.074784,0.000000,0.074379
0.013517,-0.007014,0.003365,0.000017,0.000297,0.000187,0.000000,0.000000,0.000000,0.000000,0.000000,-0.074769,0.000000,0.074284
0.013515,-0.007041,0.003335,0.000017,0.000297,0.000187,0.000000,0.000000,0.000000,0.000000,0.000000,-0.074751,0.000000,0.074208
0.013513,-0.007071,0.003300,0.000017,0.000297,0.000186,0.000000,0.000000,0.000000,0.000000,0.000000,-0.074727,0.000000,0.074137
0.013511,-0.007095,0.003272,0.000017,0.000297,0.000186,0.000000,0.000000,0.000000,0.000000,0.000000,-0.074714,0.000000,0.074057
0.013509,-0.007121,0.003242,0.000016,0.000297,0.000185,0.000000,0.000000,0.000000,0.000000,0.000000,-0.074707,0.000000,0.073961
0.013507,-0.007146,0.003214,0.000016,0.000297,0.000185,0.000000,0.000000,0.000000,0.000000,0.000000,-0.074696,0.000000,0.073885
0.013505,-0.007172,0.003184,0.000016,0.000296,0.000185,0.000000,0.000000,0.000000,0.000000,0.000000,-0.074676,0.000000,0.073805
0.013502,-0.007202,0.003149,0.000016,0.000295,0.000185,0.000000,0.000000,0.000000,0.000000,0.000000,-0.074661,0.000000,0.073732
0.013500,-0.007226,0.003121,0.000016,0.000293,0.000186,0.000000,0.000000,0.000000,0.000000,0.000000,-0.074636,0.000000,0.073663
0.013498,-0.007252,0.003091,0.000016,0.000292,0.000188,0.000000,0.000000,0.000000,0.000000,0.000000,-0.074594,0.000000,0.073600
0.013497,-0.007276,0.003062,0.000016,0.000290,0.000189,0.000000,0.000000,0.000000,0.000000,0.000000,-0.074547,0.000000,0.073562
0.013494,-0.007305,0.003026,0.000015,0.000288,0.000191,0.000000,0.000000,0.000000,0.000000,0.000000,-0.074500,0.000000,0.073517
0.013492,-0.007331,0.002995,0.000015,0.000285,0.000193,0.000000,0.000000,0.000000,0.000000,0.000000,-0.074457,0.000000,0.073486
0.013490,-0.007354,0.002966,0.000015,0.000284,0.000196,0.000000,0.000000,0.000000,0.000000,0.000000,-0.074394,0.000000,0.073450
0.013488,-0.007379,0.002933,0.000015,0.000280,0.000198,0.000000,0.000000,0.000000,0.000000,0.000000,-0.074327,0.000000,0.073440
0.013486,-0.007407,0.002896,0.000015,0.000277,0.000200,0.000000,0.000000,0.000000,0.000000,0.000000,-0.074263,0.000000,0.073417
0.013484,-0.007430,0.002865,0.000015,0.000274,0.000203,0.000000,0.000000,0.000000,0.000000,0.000000,-0.074207,0.000000,0.073404
0.013482,-0.007454,0.002832,0.000015,0.000272,0.000206,0.000000,0.000000,0.000000,0.000000,0.000000,-0.074124,0.000000,0.073395
0.013480,-0.007477,0.002801,0.000014,0.000269,0.000208,0.000000,0.000000,0.000000,0.000000,0.000000,-0.074043,0.000000,0.073404
0.013478,-0.007504,0.002761,0.000014,0.000266,0.000211,0.000000,0.000000,0.000000,0.000000,0.000000,-0.073973,0.000000,0.073398
0.013476,-0.007528,0.002726,0.000014,0.000263,0.000214,0.000000,0.000000,0.000000,0.000000,0.000000,-0.073908,0.000000,0.073403
0.013474,-0.007549,0.002694,0.000014,0.000260,0.000217,0.000000,0.000000,0.000000,0.000000,0.000000,-0.073810,0.000000,0.073410
0.013472,-0.007572,0.002658,0.000014,0.000257,0.000219,0.000000,0.000000,0.000000,0.000000,0.000000,-0.073711,0.000000,0.073432
0.013470,-0.007599,0.002617,0.000014,0.000255,0.000221,0.000000,0.000000,0.000000,0.000000,0.000000,-0.073645,0.000000,0.073438
0.013468,-0.007620,0.002583,0.000014,0.000253,0.000221,0.000000,0.000000,0.000000,0.000000,0.000000,-0.073591,0.000000,0.073431
0.013466,-0.007643,0.002547,0.000013,0.000252,0.000222,0.000000,0.000000,0.000000,0.000000,0.000000,-0.073511,0.000000,0.073425
0.013464,-0.007664,0.002514,0.000013,0.000251,0.000223,0.000000,0.000000,0.000000,0.000000,0.000000,-0.073447,0.000000,0.073422
0.013462,-0.007686,0.002477,0.000014,0.000250,0.000223,0.000000,0.000000,0.000000,0.000000,0.000056,-0.073400,0.000000,0.073397
0.013460,-0.007712,0.002436,0.000016,0.000249,0.000221,0.000000,0.000000,0.000000,0.000000,0.000153,-0.073360,0.000000,0.073375
0.013457,-0.007733,0.002403,0.000018,0.000249,0.000219,0.000000,0.000000,0.000000,0.000000,0.000230,-0.073275,0.000000,0.073331
0.013455,-0.007756,0.002368,0.000020,0.000248,0.000217,0.000000,0.000000,0.000000,0.000000,0.000279,-0.073173,0.000000,0.073260
0.013452,-0.007776,0.002336,0.000023,0.000248,0.000215,0.000000,0.000000,0.000000,0.000000,0.000313,-0.073121,0.000000,0.073178
0.013449,-0.007802,0.002296,0.000025,0.000247,0.000212,0.000000,0.000000,0.000000,0.000000,0.000364,-0.073087,0.000000,0.073095
0.013446,-0.007824,0.002262,0.000027,0.000248,0.000210,0.000000,0.000000,0.000000,0.000000,0.000414,-0.073038,0.000000,0.073027
0.013443,-0.007845,0.002231,0.000029,0.000247,0.000207,0.000000,0.000000,0.000000,0.000000,0.000467,-0.072968,0.000000,0.072950
0.013439,-0.007867,0.002197,0.000032,0.000247,0.000205,0.000000,0.000000,0.000000,0.000000,0.000507,-0.072919,0.000000,0.072864
0.013435,-0.007893,0.002159,0.000034,0.000247,0.000202,0.000000,0.000000,0.000000,0.000000,0.000540,-0.072886,0.000000,0.072779
0.013431,-0.007913,0.002129,0.000036,0.000247,0.000199,0.000000,0.000000,0.000000,0.000000,0.000584,-0.072843,0.000000,0.072697
0.013427,-0.007935,0.002097,0.000038,0.000247,0.000198,0.000000,0.000000,0.000000,0.000000,0.000634,-0.072798,0.000000,0.072609
0.013424,-0.007955,0.002068,0.000040,0.000245,0.000196,0.000000,0.000000,0.000000,0.000000,0.000664,-0.072757,0.000000,0.072529
0.013419,-0.007981,0.002032,0.000042,0.000245,0.000194,0.000000,0.000000,0.000000,0.000000,0.000706,-0.072690,0.000000,0.072454
0.013414,-0.008003,0.002000,0.000045,0.000244,0.000192,0.000000,0.000000,0.000000,0.000000,0.000742,-0.072639,0.000000,0.072399
0.013410,-0.008023,0.001972,0.000046,0.000244,0.000190,0.000000,0.000000,0.000000,0.000000,0.000793,-0.072586,0.000000,0.072314
0.013405,-0.008045,0.001941,0.000048,0.000243,0.000188,0.000000,0.000000,0.000000,0.000000,0.000826,-0.072549,0.000000,0.072236
0.013399,-0.008070,0.001906,0.000050,0.000243,0.000185,0.000000,0.000000,0.000000,0.000000,0.000852,-0.072501,0.000000,0.072158
0.013394,-0.008090,0.001879,0.000052,0.000243,0.000183,0.000000,0.000000,0.000000,0.000000,0.000887,-0.072458,0.000000,0.072082
0.013389,-0.008111,0.001849,0.000054,0.000243,0.000181,0.000000,0.000000,0.000000,0.000000,0.000929,-0.072426,0.000000,0.071992
0.013384,-0.008131,0.001823,0.000056,0.000243,0.000179,0.000000,0.000000,0.000000,0.000000,0.000952,-0.072398,0.000000,0.071909
0.013377,-0.008156,0.001790,0.000058,0.000242,0.000176,0.000000,0.000000,0.000000,0.000000,0.000980,-0.072352,0.000000,0.071823
0.013372,-0.008178,0.001761,0.000060,0.000242,0.000173,0.000000,0.000000,0.000000,0.000000,0.001007,-0.072325,0.000000,0.071744
0.013366,-0.008198,0.001736,0.000062,0.000242,0.000171,0.000000,0.000000,0.000000,0.000000,0.001043,-0.072300,0.000000,0.071645
0.013360,-0.008219,0.001708,0.000063,0.000242,0.000169,0.000000,0.000000,0.000000,0.000000,0.001064,-0.072279,0.000000,0.071554
0.013355,-0.008239,0.001683,0.000065,0.000240,0.000168,0.000000,0.000000,0.000000,0.000000,0.001086,-0.072236,0.000000,0.071473
0.013347,-0.008264,0.001652,0.000067,0.000239,0.000167,0.000000,0.000000,0.000000,0.000000,0.001117,-0.072189,0.000000,0.071403
0.013341,-0.008285,0.001624,0.000069,0.000237,0.000167,0.000000,0.000000,0.000000,0.000000,0.001144,-0.072147,0.000000,0.071343
0.013335,-0.008304,0.001599,0.000070,0.000236,0.000167,0.000000,0.000000,0.000000,0.000000,0.001180,-0.072087,0.000000,0.071275
0.013328,-0.008325,0.001572,0.000072,0.000234,0.000167,0.000000,0.000000,0.000000,0.000000,0.001207,-0.072021,0.000000,0.071227
0.013320,-0.008349,0.001541,0.000074,0.000231,0.000168,0.000000,0.000000,0.000000,0.000000,0.001235,-0.071951,0.000000,0.071179
0.013313,-0.008368,0.001516,0.000076,0.000229,0.000168,0.000000,0.000000,0.000000,0.000000,0.001266,-0.071888,0.000000,0.071138
0.013306,-0.008388,0.001488,0.000079,0.000226,0.000167,0.000000,0.000000,0.000000,0.000000,0.001303,-0.071808,0.000000,0.071098
0.013299,-0.008406,0.001463,0.000083,0.000224,0.000167,0.000000,0.000000,0.000000,0.000000,0.001316,-0.071735,0.000000,0.071066
0.013289,-0.008429,0.001432,0.000087,0.000222,0.000166,0.000000,0.000000,0.000000,0.000000,0.001316,-0.071670,0.000000,0.071015
0.013281,-0.008449,0.001405,0.000091,0.000219,0.000165,0.000000,0.000000,0.000000,0.000000,0.001313,-0.071622,0.000000,0.070976
0.013273,-0.008467,0.001381,0.000095,0.000217,0.000164,0.000000,0.000000,0.000000,0.000000,0.001319,-0.071553,0.000000,0.070938
0.013264,-0.008486,0.001354,0.000099,0.000215,0.000163,0.000000,0.000000,0.000000,0.000000,0.001312,-0.071492,0.000000,0.070911
0.013253,-0.008508,0.001324,0.000103,0.000214,0.000160,0.000000,0.000000,0.000000,0.000000,0.001302,-0.071452,0.000000,0.070865
0.013244,-0.008525,0.001300,0.000107,0.000213,0.000158,0.000000,0.000000,0.000000,0.000000,0.001292,-0.071428,0.000000,0.070813
0.013234,-0.008544,0.001275,0.000110,0.000211,0.000155,0.000000,0.000000,0.000000,0.000000,0.001279,-0.071392,0.000000,0.070752
0.013225,-0.008562,0.001252,0.000114,0.000211,0.000153,0.000000,0.000000,0.000000,0.000000,0.001257,-0.071364,0.000000,0.070698
0.013214,-0.008580,0.001228,0.000116,0.000210,0.000150,0.000000,0.000000,0.000000,0.000000,0.001240,-0.071349,0.000000,0.070635
0.013202,-0.008602,0.001200,0.000118,0.000209,0.000148,0.000000,0.000000,0.000000,0.000000,0.001221,-0.071338,0.000000,0.070567
0.013192,-0.008619,0.001178,0.000120,0.000209,0.000147,0.000000,0.000000,0.000000,0.000000,0.001207,-0.071321,0.000000,0.070508
0.013181,-0.008637,0.001154,0.000121,0.000208,0.000146,0.000000,0.000000,0.000000,0.000000,0.001208,-0.071289,0.000000,0.070447
0.013171,-0.008654,0.001132,0.000122,0.000206,0.000145,0.000000,0.000000,0.000000,0.000000,0.001210,-0.071256,0.000000,0.070391
0.013159,-0.008675,0.001105,0.000123,0.000205,0.000145,0.000000,0.000000,0.000000,0.000000,0.001214,-0.071215,0.000000,0.070345
0.013148,-0.008693,0.001082,0.000124,0.000203,0.000145,0.000000,0.000000,0.000000,0.000000,0.001218,-0.071163,0.000000,0.070307
0.013137,-0.008710,0.001060,0.000125,0.000200,0.000145,0.000000,0.000000,0.000000,0.000000,0.001224,-0.071098,0.000000,0.070265
0.013126,-0.008728,0.001036,0.000126,0.000199,0.000146,0.000000,0.000000,0.000000,0.000000,0.001228,-0.071036,0.000000,0.070237
0.013113,-0.008748,0.001008,0.000127,0.000196,0.000147,0.000000,0.000000,0.000000,0.000000,0.001235,-0.070978,0.000000,0.070212
0.013103,-0.008764,0.000986,0.000128,0.000193,0.000147,0.000000,0.000000,0.000000,0.000000,0.001241,-0.070910,0.000000,0.070188
0.013091,-0.008781,0.000962,0.000131,0.000191,0.000147,0.000000,0.000000,0.000000,0.000000,0.001247,-0.070823,0.000000,0.070171
0.013080,-0.008796,0.000940,0.000134,0.000189,0.000147,0.000000,0.000000,0.000000,0.000000,0.001241,-0.070755,0.000000,0.070157
0.013066,-0.008816,0.000913,0.000137,0.000186,0.000147,0.000000,0.000000,0.000000,0.000000,0.001220,-0.070702,0.000000,0.070124
0.013053,-0.008832,0.000889,0.000138,0.000183,0.000148,0.000000,0.000000,0.000000,0.000000,0.001195,-0.070652,0.000000,0.070103
0.013042,-0.008847,0.000866,0.000139,0.000180,0.000150,0.000000,0.000000,0.000000,0.000000,0.001184,-0.070569,0.000000,0.070095
0.013030,-0.008863,0.000842,0.000140,0.000178,0.000151,0.000000,0.000000,0.000000,0.000000,0.001188,-0.070484,0.000000,0.070111
0.013015,-0.008881,0.000813,0.000141,0.000175,0.000152,0.000000,0.000000,0.000000,0.000000,0.001195,-0.070414,0.000000,0.070116
0.013003,-0.008896,0.000790,0.000141,0.000173,0.000152,0.000000,0.000000,0.000000,0.000000,0.001193,-0.070340,0.000000,0.070114
0.012991,-0.008911,0.000766,0.000142,0.000172,0.000152,0.000000,0.000000,0.000000,0.000000,0.001187,-0.070248,0.000000,0.070107
0.012979,-0.008925,0.000743,0.000143,0.000170,0.000152,0.000000,0.000000,0.000000,0.000000,0.001183,-0.070193,0.000000,0.070097
0.012964,-0.008943,0.000714,0.000144,0.000169,0.000151,0.000000,0.000000,0.000000,0.000000,0.001178,-0.070148,0.000000,0.070068
0.012951,-0.008958,0.000690,0.000144,0.000168,0.000150,0.000000,0.000000,0.000000,0.000000,0.001170,-0.070101,0.000000,0.070047
0.012939,-0.008972,0.000668,0.000145,0.000168,0.000149,0.000000,0.000000,0.000000,0.000000,0.001159,-0.070032,0.000000,0.070019
0.012927,-0.008987,0.000644,0.000146,0.000167,0.000147,0.000000,0.000000,0.000000,0.000000,0.001146,-0.069988,0.000000,0.069989
0.012915,-0.009001,0.000622,0.000146,0.000166,0.000145,0.000000,0.000000,0.000000,0.000000,0.001136,-0.069963,0.000000,0.069949
0.012899,-0.009018,0.000595,0.000147,0.000166,0.000144,0.000000,0.000000,0.000000,0.000000,0.001125,-0.069927,0.000000,0.069912
0.012886,-0.009033,0.000572,0.000148,0.000166,0.000142,0.000000,0.000000,0.000000,0.000000,0.001111,-0.069888,0.000000,0.069878
0.012874,-0.009047,0.000551,0.000149,0.000165,0.000140,0.000000,0.000000,0.000000,0.000000,0.001092,-0.069842,0.000000,0.069830
0.012861,-0.009061,0.000529,0.000149,0.000165,0.000138,0.000000,0.000000,0.000000,0.000000,0.001073,-0.069817,0.000000,0.069781
0.012846,-0.009078,0.000503,0.000150,0.000165,0.000136,0.000000,0.000000,0.000000,0.000000,0.001061,-0.069803,0.000000,0.069735
0.012833,-0.009092,0.000483,0.000151,0.000165,0.000134,0.000000,0.000000,0.000000,0.000000,0.001046,-0.069775,0.000000,0.069690
0.012820,-0.009107,0.000462,0.000151,0.000165,0.000132,0.000000,0.000000,0.000000,0.000000,0.001021,-0.069734,0.000000,0.069637
0.012808,-0.009120,0.000442,0.000152,0.000165,0.000130,0.000000,0.000000,0.000000,0.000000,0.001000,-0.069719,0.000000,0.069585
0.012792,-0.009137,0.000418,0.000152,0.000165,0.000127,0.000000,0.000000,0.000000,0.000000,0.000985,-0.069710,0.000000,0.069530
0.012779,-0.009152,0.000398,0.000153,0.000165,0.000125,0.000000,0.000000,0.000000,0.000000,0.000966,-0.069692,0.000000,0.069482
0.012766,-0.009166,0.000379,0.000154,0.000165,0.000123,0.000000,0.000000,0.000000,0.000000,0.000939,-0.069659,0.000000,0.069424
0.012753,-0.009180,0.000360,0.000154,0.000164,0.000122,0.000000,0.000000,0.000000,0.000000,0.000913,-0.069646,0.000000,0.069364
0.012737,-0.009197,0.000337,0.000155,0.000163,0.000121,0.000000,0.000000,0.000000,0.000000,0.000897,-0.069639,0.000000,0.069314
0.012724,-0.009210,0.000319,0.000155,0.000162,0.000120,0.000000,0.000000,0.000000,0.000000,0.000882,-0.069604,0.000000,0.069277
0.012711,-0.009225,0.000299,0.000156,0.000160,0.000120,0.000000,0.000000,0.000000,0.000000,0.000858,-0.069543,0.000000,0.069245
0.012698,-0.009238,0.000281,0.000156,0.000159,0.000120,0.000000,0.000000,0.000000,0.000000,0.000841,-0.069499,0.000000,0.069222
0.012684,-0.009252,0.000262,0.000157,0.000157,0.000121,0.000000,0.000000,0.000000,0.000000,0.000829,-0.069462,0.000000,0.069199
0.012668,-0.009268,0.000239,0.000158,0.000155,0.000122,0.000000,0.000000,0.000000,0.000000,0.000816,-0.069412,0.000000,0.069188
0.012655,-0.009280,0.000220,0.000158,0.000153,0.000122,0.000000,0.000000,0.000000,0.000000,0.000799,-0.069343,0.000000,0.069183
0.012641,-0.009294,0.000201,0.000159,0.000151,0.000121,0.000000,0.000000,0.000000,0.000000,0.000778,-0.069268,0.000000,0.069173
0.012629,-0.009306,0.000183,0.000159,0.000150,0.000121,0.000000,0.000000,0.000000,0.000000,0.000761,-0.069233,0.000000,0.069157
0.012612,-0.009322,0.000160,0.000160,0.000149,0.000120,0.000000,0.000000,0.000000,0.000000,0.000744,-0.069208,0.000000,0.069131
0.012598,-0.009335,0.000141,0.000160,0.000148,0.000119,0.000000,0.000000,0.000000,0.000000,0.000723,-0.069169,0.000000,0.069111
0.012585,-0.009347,0.000123,0.000161,0.000148,0.000118,0.000000,0.000000,0.000000,0.000000,0.000694,-0.069113,0.000000,0.069084
0.012571,-0.009360,0.000104,0.000161,0.000147,0.000117,0.000000,0.000000,0.000000,0.000000,0.000667,-0.069084,0.000000,0.069051
0.012555,-0.009375,0.000082,0.000161,0.000147,0.000115,0.000000,0.000000,0.000000,0.000000,0.000649,-0.069078,0.000000,0.069015
0.012542,-0.009387,0.000065,0.000162,0.000146,0.000113,0.000000,0.000000,0.000000,0.000000,0.000624,-0.069052,0.000000,0.068979
0.012528,-0.009400,0.000047,0.000162,0.000146,0.000112,0.000000,0.000000,0.000000,0.000000,0.000589,-0.069008,0.000000,0.068941
0.012514,-0.009412,0.000031,0.000163,0.000146,0.000110,0.000000,0.000000,0.000000,0.000000,0.000561,-0.068993,0.000000,0.068901
0.012498,-0.009427,0.000010,0.000163,0.000146,0.000108,0.000000,0.000000,0.000000,0.000000,0.000537,-0.068991,0.000000,0.068855
0.012484,-0.009440,-0.000007,0.000164,0.000145,0.000106,0.000000,0.000000,0.000000,0.000000,0.000511,-0.068976,0.000000,0.068816
0.012470,-0.009452,-0.000023,0.000164,0.000145,0.000104,0.000000,0.000000,0.000000,0.000000,0.000473,-0.068942,0.000000,0.068769
0.012456,-0.009465,-0.000039,0.000165,0.000145,0.000103,0.000000,0.000000,0.000000,0.000000,0.000440,-0.068933,0.000000,0.068721
0.012440,-0.009480,-0.000058,0.000165,0.000145,0.000100,0.000000,0.000000,0.000000,0.000000,0.000415,-0.068938,0.000000,0.068672
0.012426,-0.009492,-0.000073,0.000165,0.000145,0.000098,0.000000,0.000000,0.000000,0.000000,0.000385,-0.068927,0.000000,0.068626
0.012412,-0.009505,-0.000089,0.000166,0.000145,0.000097,0.000000,0.000000,0.000000,0.000000,0.000342,-0.068902,0.000000,0.068572
0.012398,-0.009516,-0.000103,0.000166,0.000145,0.000095,0.000000,0.000000,0.000000,0.000000,0.000311,-0.068902,0.000000,0.068523
0.012384,-0.009529,-0.000118,0.000166,0.000145,0.000093,0.000000,0.000000,0.000000,0.000000,0.000282,-0.068908,0.000000,0.068469
0.012367,-0.009544,-0.000135,0.000167,0.000145,0.000090,0.000000,0.000000,0.000000,0.000000,0.000251,-0.068904,0.000000,0.068423
0.012354,-0.009556,-0.000148,0.000167,0.000145,0.000088,0.000000,0.000000,0.000000,0.000000,0.000215,-0.068890,0.000000,0.068373
0.012339,-0.009568,-0.000162,0.000167,0.000144,0.000086,0.000000,0.000000,0.000000,0.000000,0.000170,-0.068885,0.000000,0.068309
0.012326,-0.009580,-0.000175,0.000168,0.000144,0.000086,0.000000,0.000000,0.000000,0.000000,0.000137,-0.068897,0.000000,0.068254
0.012309,-0.009595,-0.000191,0.000168,0.000143,0.000085,0.000000,0.000000,0.000000,0.000000,0.000110,-0.068897,0.000000,0.068209
0.012294,-0.009607,-0.000205,0.000169,0.000142,0.000084,0.000000,0.000000,0.000000,0.000000,0.000076,-0.068869,0.000000,0.068174
0.012281,-0.009619,-0.000217,0.000169,0.000140,0.000085,0.000000,0.000000,0.000000,0.000000,0.000037,-0.068830,0.000000,0.068140
0.012266,-0.009631,-0.000231,0.000169,0.000138,0.000085,0.000000,0.000000,0.000000,0.000000,0.000008,-0.068804,0.000000,0.068116
0.012249,-0.009645,-0.000247,0.000169,0.000136,0.000086,0.000000,0.000000,0.000000,0.000000,0.000000,-0.068782,0.000000,0.068101
0.012236,-0.009655,-0.000261,0.000167,0.000134,0.000088,0.000000,0.000000,0.000000,0.000000,0.000000,-0.068737,0.000000,0.068090
0.012221,-0.009667,-0.000276,0.000166,0.000132,0.000091,0.000000,0.000000,0.000000,0.000000,0.000000,-0.068655,0.000000,0.068086
0.012208,-0.009678,-0.000290,0.000164,0.000129,0.000094,0.000000,0.000000,0.000000,0.000000,0.000000,-0.068577,0.000000,0.068101
0.012194,-0.009689,-0.000305,0.000162,0.000127,0.000096,0.000000,0.000000,0.000000,0.000000,0.000000,-0.068507,0.000000,0.068106
0.012178,-0.009702,-0.000324,0.000160,0.000124,0.000100,0.000000,0.000000,0.000000,0.000000,0.000000,-0.068440,0.000000,0.068121
0.012165,-0.009712,-0.000339,0.000158,0.000121,0.000103,0.000000,0.000000,0.000000,0.000000,0.000000,-0.068354,0.000000,0.068142
0.012151,-0.009722,-0.000357,0.000157,0.000118,0.000106,0.000000,0.000000,0.000000,0.000000,0.000000,-0.068245,0.000000,0.068174
0.012139,-0.009732,-0.000373,0.000155,0.000116,0.000108,0.000000,0.000000,0.000000,0.000000,0.000000,-0.068161,0.000000,0.068208
0.012123,-0.009744,-0.000394,0.000153,0.000114,0.000110,0.000000,0.000000,0.000000,0.000000,0.000000,-0.068089,0.000000,0.068227
0.012110,-0.009754,-0.000412,0.000151,0.000112,0.000112,0.000000,0.000000,0.000000,0.000000,0.000000,-0.068024,0.000000,0.068247
0.012098,-0.009763,-0.000429,0.000149,0.000111,0.000113,0.000000,0.000000,0.000000,0.000000,0.000000,-0.067936,0.000000,0.068265
0.012085,-0.009773,-0.000447,0.000148,0.000110,0.000114,0.000000,0.000000,0.000000,0.000000,0.000000,-0.067861,0.000000,0.068280
0.012070,-0.009785,-0.000469,0.000146,0.000109,0.000115,0.000000,0.000000,0.000000,0.000000,0.000000,-0.067818,0.000000,0.068279
0.012058,-0.009794,-0.000486,0.000144,0.000108,0.000115,0.000000,0.000000,0.000000,0.000000,0.000000,-0.067766,0.000000,0.068277
0.012046,-0.009804,-0.000505,0.000143,0.000108,0.000115,0.000000,0.000000,0.000000,0.000000,0.000000,-0.067682,0.000000,0.068282
0.012034,-0.009812,-0.000522,0.000141,0.000107,0.000116,0.000000,0.000000,0.000000,0.000000,0.000000,-0.067629,0.000000,0.068281
0.012020,-0.009824,-0.000544,0.000139,0.000107,0.000116,0.000000,0.000000,0.000000,0.000000,0.000000,-0.067594,0.000000,0.068265
0.012008,-0.009833,-0.000563,0.000138,0.000106,0.000115,0.000000,0.000000,0.000000,0.000000,0.000000,-0.067548,0.000000,0.068256
0.011997,-0.009842,-0.000580,0.000136,0.000106,0.000115,0.000000,0.000000,0.000000,0.000000,0.000000,-0.067475,0.000000,0.068250
0.011985,-0.009852,-0.000599,0.000135,0.000106,0.000115,0.000000,0.000000,0.000000,0.000000,0.000000,-0.067425,0.000000,0.068239
0.011974,-0.009861,-0.000616,0.000133,0.000106,0.000115,0.000000,0.000000,0.000000,0.000000,0.000000,-0.067399,0.000000,0.068218
0.011960,-0.009872,-0.000637,0.000132,0.000106,0.000114,0.000000,0.000000,0.000000,0.000000,0.000000,-0.067356,0.000000,0.068202
0.011949,-0.009881,-0.000656,0.000130,0.000106,0.000113,0.000000,0.000000,0.000000,0.000000,0.000000,-0.067303,0.000000,0.068192
0.011938,-0.009890,-0.000673,0.000129,0.000106,0.000113,0.000000,0.000000,0.000000,0.000000,0.000000,-0.067248,0.000000,0.068174
0.011927,-0.009900,-0.000691,0.000127,0.000106,0.000112,0.000000,0.000000,0.000000,0.000000,0.000000,-0.067215,0.000000,0.068153
0.011914,-0.009911,-0.000712,0.000125,0.000106,0.000111,0.000000,0.000000,0.000000,0.000000,0.000000,-0.067184,0.000000,0.068130
0.011904,-0.009920,-0.000728,0.000124,0.000107,0.000109,0.000000,0.000000,0.000000,0.000000,0.000000,-0.067142,0.000000,0.068109
0.011893,-0.009930,-0.000745,0.000123,0.000109,0.000107,0.000000,0.000000,0.000000,0.000000,0.000000,-0.067110,0.000000,0.068072
0.011883,-0.009939,-0.000761,0.000121,0.000110,0.000104,0.000000,0.000000,0.000000,0.000000,0.000000,-0.067114,0.000000,0.068019
0.011871,-0.009950,-0.000780,0.000120,0.000112,0.000101,0.000000,0.000000,0.000000,0.000000,0.000000,-0.067114,0.000000,0.067961
0.011861,-0.009961,-0.000796,0.000118,0.000114,0.000097,0.000000,0.000000,0.000000,0.000000,0.000000,-0.067107,0.000000,0.067904
0.011851,-0.009970,-0.000810,0.000117,0.000117,0.000094,0.000000,0.000000,0.000000,0.000000,0.000000,-0.067104,0.000000,0.067830
0.011841,-0.009981,-0.000825,0.000116,0.000119,0.000090,0.000000,0.000000,0.000000,0.000000,0.000000,-0.067131,0.000000,0.067743
0.011832,-0.009991,-0.000837,0.000114,0.000121,0.000086,0.000000,0.000000,0.000000,0.000000,0.000000,-0.067151,0.000000,0.067659
0.011820,-0.010003,-0.000853,0.000113,0.000124,0.000082,0.000000,0.000000,0.000000,0.000000,0.000000,-0.067160,0.000000,0.067578
0.011810,-0.010014,-0.000866,0.000112,0.000127,0.000078,0.000000,0.000000,0.000000,0.000000,0.000000,-0.067183,0.000000,0.067488
0.011801,-0.010025,-0.000877,0.000110,0.000129,0.000074,0.000000,0.000000,0.000000,0.000000,0.000000,-0.067221,0.000000,0.067376
0.011792,-0.010036,-0.000888,0.000109,0.000132,0.000070,0.000000,0.000000,0.000000,0.000000,0.000000,-0.067267,0.000000,0.067262
0.011781,-0.010050,-0.000900,0.000108,0.000134,0.000066,0.000000,0.000000,0.000000,0.000000,0.000000,-0.067294,0.000000,0.067164
0.011772,-0.010061,-0.000910,0.000107,0.000135,0.000064,0.000000,0.000000,0.000000,0.000000,0.000000,-0.067317,0.000000,0.067061
0.011763,-0.010073,-0.000920,0.000105,0.000136,0.000062,0.000000,0.000000,0.000000,0.000000,0.000000,-0.067350,0.000000,0.066950
0.011755,-0.010083,-0.000929,0.000104,0.000136,0.000062,0.000000,0.000000,0.000000,0.000000,0.000000,-0.067358,0.000000,0.066873
0.011744,-0.010097,-0.000941,0.000103,0.000135,0.000062,0.000000,0.000000,0.000000,0.000000,0.000000,-0.067331,0.000000,0.066817
0.011735,-0.010109,-0.000951,0.000102,0.000134,0.000062,0.000000,0.000000,0.000000,0.000000,0.000000,-0.067312,0.000000,0.066771
0.011727,-0.010119,-0.000961,0.000101,0.000133,0.000064,0.000000,0.000000,0.000000,0.000000,0.000000,-0.067299,0.000000,0.066718
0.011719,-0.010131,-0.000971,0.000100,0.000132,0.000065,0.000000,0.000000,0.000000,0.000000,0.000000,-0.067271,0.000000,0.066688
0.011709,-0.010144,-0.000984,0.000098,0.000130,0.000067,0.000000,0.000000,0.000000,0.000000,0.000000,-0.067225,0.000000,0.066673
0.011701,-0.010154,-0.000994,0.000097,0.000128,0.000069,0.000000,0.000000,0.000000,0.000000,0.000000,-0.067183,0.000000,0.066659
0.011692,-0.010165,-0.001006,0.000096,0.000126,0.000071,0.000000,0.000000,0.000000,0.000000,0.000000,-0.067137,0.000000,0.066648
0.011685,-0.010175,-0.001016,0.000095,0.000125,0.000072,0.000000,0.000000,0.000000,0.000000,0.000000,-0.067089,0.000000,0.066649
0.011676,-0.010186,-0.001028,0.000094,0.000124,0.000073,0.000000,0.000000,0.000000,0.000000,0.000000,-0.067053,0.000000,0.066637
0.011667,-0.010199,-0.001042,0.000093,0.000122,0.000074,0.000000,0.000000,0.000000,0.000000,0.000000,-0.067029,0.000000,0.066623
0.011659,-0.010208,-0.001053,0.000092,0.000122,0.000074,0.000000,0.000000,0.000000,0.000000,0.000000,-0.066998,0.000000,0.066605
0.011651,-0.010219,-0.001065,0.000091,0.000121,0.000075,0.000000,0.000000,0.000000,0.000000,0.000000,-0.066959,0.000000,0.066585
0.011644,-0.010229,-0.001077,0.000090,0.000120,0.000075,0.000000,0.000000,0.000000,0.000000,0.000000,-0.066932,0.000000,0.066566
0.011635,-0.010241,-0.001091,0.000089,0.000120,0.000075,0.000000,0.000000,0.000000,0.000000,0.000000,-0.066913,0.000000,0.066539
0.011627,-0.010251,-0.001103,0.000088,0.000119,0.000076,0.000000,0.000000,0.000000,0.000000,0.000000,-0.066892,0.000000,0.066516
0.011620,-0.010261,-0.001114,0.000087,0.000119,0.000075,0.000000,0.000000,0.000000,0.000000,0.000000,-0.066860,0.000000,0.066485
0.011612,-0.010272,-0.001127,0.000086,0.000118,0.000075,0.000000,0.000000,0.000000,0.000000,0.000000,-0.066838,0.000000,0.066458
0.011604,-0.010284,-0.001141,0.000085,0.000118,0.000075,0.000000,0.000000,0.000000,0.000000,0.000000,-0.066823,0.000000,0.066429
0.011597,-0.010293,-0.001152,0.000084,0.000118,0.000075,0.000000,0.000000,0.000000,0.000000,0.000000,-0.066804,0.000000,0.066398
0.011590,-0.010303,-0.001164,0.000083,0.000118,0.000075,0.000000,0.000000,0.000000,0.000000,0.000000,-0.066779,0.000000,0.066363
0.011583,-0.010313,-0.001176,0.000082,0.000117,0.000075,0.000000,0.000000,0.000000,0.000000,0.000000,-0.066762,0.000000,0.066333
0.011575,-0.010325,-0.001190,0.000081,0.000117,0.000074,0.000000,0.000000,0.000000,0.000000,0.000000,-0.066746,0.000000,0.066298
0.011567,-0.010335,-0.001202,0.000080,0.000117,0.000074,0.000000,0.000000,0.000000,0.000000,0.000000,-0.066731,0.000000,0.066268
0.011561,-0.010345,-0.001213,0.000079,0.000117,0.000074,0.000000,0.000000,0.000000,0.000000,0.000000,-0.066711,0.000000,0.066230
0.011554,-0.010355,-0.001225,0.000078,0.000117,0.000073,0.000000,0.000000,0.000000,0.000000,0.000000,-0.066696,0.000000,0.066196
0.011548,-0.010364,-0.001236,0.000077,0.000116,0.000073,0.000000,0.000000,0.000000,0.000000,0.000000,-0.066682,0.000000,0.066161
0.011540,-0.010376,-0.001249,0.000077,0.000116,0.000072,0.000000,0.000000,0.000000,0.000000,0.000010,-0.066667,0.000000,0.066127
0.011533,-0.010386,-0.001261,0.000078,0.000116,0.000071,0.000000,0.000000,0.000000,0.000000,0.000021,-0.066653,0.000000,0.066094
0.011526,-0.010396,-0.001271,0.000079,0.000116,0.000070,0.000000,0.000000,0.000000,0.000000,0.000020,-0.066636,0.000000,0.066046
0.011519,-0.010406,-0.001282,0.000080,0.000115,0.000069,0.000000,0.000000,0.000000,0.000000,0.000002,-0.066627,0.000000,0.065995
0.011511,-0.010417,-0.001296,0.000081,0.000114,0.000070,0.000000,0.000000,0.000000,0.000000,0.000000,-0.066611,0.000000,0.065959
0.011504,-0.010426,-0.001306,0.000080,0.000112,0.000071,0.000000,0.000000,0.000000,0.000000,0.000000,-0.066589,0.000000,0.065940
0.011497,-0.010436,-0.001318,0.000079,0.000109,0.000073,0.000000,0.000000,0.000000,0.000000,0.000000,-0.066540,0.000000,0.065921
0.011491,-0.010445,-0.001329,0.000079,0.000108,0.000075,0.000000,0.000000,0.000000,0.000000,0.000000,-0.066486,0.000000,0.065929
0.011483,-0.010456,-0.001344,0.000078,0.000106,0.000077,0.000000,0.000000,0.000000,0.000000,0.000011,-0.066436,0.000000,0.065939
0.011476,-0.010465,-0.001357,0.000079,0.000103,0.000079,0.000000,0.000000,0.000000,0.000000,0.000030,-0.066384,0.000000,0.065947
0.011469,-0.010473,-0.001369,0.000080,0.000101,0.000080,0.000000,0.000000,0.000000,0.000000,0.000040,-0.066312,0.000000,0.065959
0.011462,-0.010482,-0.001382,0.000081,0.000099,0.000082,0.000000,0.000000,0.000000,0.000000,0.000033,-0.066242,0.000000,0.065972
0.011455,-0.010490,-0.001394,0.000083,0.000096,0.000083,0.000000,0.000000,0.000000,0.000000,0.000024,-0.066192,0.000000,0.065979
0.011446,-0.010500,-0.001410,0.000084,0.000093,0.000085,0.000000,0.000000,0.000000,0.000000,0.000022,-0.066146,0.000000,0.065993
0.011439,-0.010508,-0.001425,0.000085,0.000091,0.000087,0.000000,0.000000,0.000000,0.000000,0.000018,-0.066083,0.000000,0.066018
0.011431,-0.010515,-0.001438,0.000086,0.000089,0.000088,0.000000,0.000000,0.000000,0.000000,0.000011,-0.066001,0.000000,0.066050
0.011424,-0.010523,-0.001452,0.000087,0.000087,0.000088,0.000000,0.000000,0.000000,0.000000,0.000001,-0.065928,0.000000,0.066077
0.011415,-0.010532,-0.001469,0.000088,0.000086,0.000089,0.000000,0.000000,0.000000,0.000000,0.000000,-0.065900,0.000000,0.066088
0.011407,-0.010539,-0.001482,0.000088,0.000084,0.000090,0.000000,0.000000,0.000000,0.000000,0.000000,-0.065867,0.000000,0.066093
0.011399,-0.010546,-0.001497,0.000087,0.000083,0.000091,0.000000,0.000000,0.000000,0.000000,0.000000,-0.065793,0.000000,0.066111
0.011392,-0.010553,-0.001511,0.000086,0.000082,0.000092,0.000000,0.000000,0.000000,0.000000,0.000000,-0.065731,0.000000,0.066131
0.011384,-0.010562,-0.001528,0.000085,0.000082,0.000091,0.000000,0.000000,0.000000,0.000000,0.000000,-0.065696,0.000000,0.066133
0.011376,-0.010569,-0.001543,0.000084,0.000083,0.000091,0.000000,0.000000,0.000000,0.000000,0.000000,-0.065669,0.000000,0.066132
0.011369,-0.010576,-0.001556,0.000083,0.000083,0.000089,0.000000,0.000000,0.000000,0.000000,0.000001,-0.065628,0.000000,0.066123
0.011362,-0.010584,-0.001570,0.000084,0.000084,0.000086,0.000000,0.000000,0.000000,0.000000,0.000003,-0.065610,0.000000,0.066099
0.011353,-0.010593,-0.001586,0.000085,0.000085,0.000083,0.000000,0.000000,0.000000,0.000000,0.000000,-0.065622,0.000000,0.066055
0.011346,-0.010600,-0.001598,0.000084,0.000086,0.000081,0.000000,0.000000,0.000000,0.000000,0.000000,-0.065629,0.000000,0.066000
0.011338,-0.010608,-0.001611,0.000084,0.000087,0.000081,0.000000,0.000000,0.000000,0.000000,0.000000,-0.065613,0.000000,0.065954
0.011332,-0.010615,-0.001623,0.000082,0.000087,0.000079,0.000000,0.000000,0.000000,0.000000,0.000000,-0.065597,0.000000,0.065923
0.011323,-0.010624,-0.001638,0.000081,0.000088,0.000078,0.000000,0.000000,0.000000,0.000000,0.000000,-0.065569,0.000000,0.065885
0.011316,-0.010632,-0.001650,0.000080,0.000088,0.000077,0.000000,0.000000,0.000000,0.000000,0.000000,-0.065563,0.000000,0.065855
0.011309,-0.010639,-0.001661,0.000079,0.000089,0.000076,0.000000,0.000000,0.000000,0.000000,0.000000,-0.065548,0.000000,0.065817
0.011302,-0.010647,-0.001674,0.000079,0.000089,0.000075,0.000000,0.000000,0.000000,0.000000,0.000000,-0.065530,0.000000,0.065788
0.011296,-0.010654,-0.001685,0.000078,0.000089,0.000074,0.000000,0.000000,0.000000,0.000000,0.000000,-0.065514,0.000000,0.065760
0.011288,-0.010664,-0.001698,0.000077,0.000089,0.000073,0.000000,0.000000,0.000000,0.000000,0.000000,-0.065497,0.000000,0.065730
0.011281,-0.010672,-0.001710,0.000076,0.000090,0.000073,0.000000,0.000000,0.000000,0.000000,0.000000,-0.065484,0.000000,0.065703
0.011275,-0.010679,-0.001721,0.000075,0.000090,0.000072,0.000000,0.000000,0.000000,0.000000,0.000000,-0.065463,0.000000,0.065671
0.011268,-0.010687,-0.001733,0.000074,0.000090,0.000071,0.000000,0.000000,0.000000,0.000000,0.000000,-0.065447,0.000000,0.065643
0.011261,-0.010696,-0.001746,0.000073,0.000090,0.000071,0.000000,0.000000,0.000000,0.000000,0.000000,-0.065433,0.000000,0.065615
0.011255,-0.010704,-0.001757,0.000072,0.000090,0.000070,0.000000,0.000000,0.000000,0.000000,0.000000,-0.065417,0.000000,0.065588
0.011248,-0.010712,-0.001768,0.000072,0.000090,0.000070,0.000000,0.000000,0.000000,0.000000,0.000000,-0.065396,0.000000,0.065558
0.011243,-0.010719,-0.001778,0.000071,0.000090,0.000069,0.000000,0.000000,0.000000,0.000000,0.000000,-0.065384,0.000000,0.065531
0.011235,-0.010728,-0.001791,0.000070,0.000090,0.000068,0.000000,0.000000,0.000000,0.000000,0.000000,-0.065369,0.000000,0.065503
0.011229,-0.010736,-0.001802,0.000069,0.000091,0.000068,0.000000,0.000000,0.000000,0.000000,0.000000,-0.065353,0.000000,0.065478
0.011223,-0.010744,-0.001812,0.000069,0.000091,0.000067,0.000000,0.000000,0.000000,0.000000,0.000001,-0.065333,0.000000,0.065448
0.011217,-0.010752,-0.001823,0.000070,0.000091,0.000065,0.000000,0.000000,0.000000,0.000000,0.000008,-0.065320,0.000000,0.065420
0.011210,-0.010761,-0.001835,0.000071,0.000091,0.000064,0.000000,0.000000,0.000000,0.000000,0.000005,-0.065314,0.000000,0.065387
0.011204,-0.010768,-0.001844,0.000072,0.000091,0.000062,0.000000,0.000000,0.000000,0.000000,0.000000,-0.065308,0.000000,0.065345
0.011198,-0.010776,-0.001854,0.000072,0.000091,0.000061,0.000000,0.000000,0.000000,0.000000,0.000000,-0.065304,0.000000,0.065296
0.011192,-0.010784,-0.001863,0.000071,0.000091,0.000061,0.000000,0.000000,0.000000,0.000000,0.000000,-0.065301,0.000000,0.065261
0.011186,-0.010792,-0.001873,0.000070,0.000091,0.000060,0.000000,0.000000,0.000000,0.000000,0.000000,-0.065278,0.000000,0.065231
0.011178,-0.010801,-0.001884,0.000069,0.000091,0.000060,0.000000,0.000000,0.000000,0.000000,0.000000,-0.065261,0.000000,0.065207
0.011173,-0.010808,-0.001893,0.000068,0.000091,0.000059,0.000000,0.000000,0.000000,0.000000,0.000000,-0.065252,0.000000,0.065174
0.011167,-0.010816,-0.001903,0.000068,0.000091,0.000059,0.000000,0.000000,0.000000,0.000000,0.000000,-0.065242,0.000000,0.065140
0.011161,-0.010824,-0.001912,0.000067,0.000091,0.000059,0.000000,0.000000,0.000000,0.000000,0.000000,-0.065230,0.000000,0.065116
0.011155,-0.010833,-0.001922,0.000066,0.000091,0.000058,0.000000,0.000000,0.000000,0.000000,0.000000,-0.065212,0.000000,0.065085
0.011149,-0.010841,-0.001932,0.000065,0.000091,0.000058,0.000000,0.000000,0.000000,0.000000,0.000000,-0.065204,0.000000,0.065059
0.011143,-0.010848,-0.001941,0.000064,0.000091,0.000057,0.000000,0.000000,0.000000,0.000000,0.000000,-0.065193,0.000000,0.065024
0.011138,-0.010856,-0.001950,0.000064,0.000091,0.000057,0.000000,0.000000,0.000000,0.000000,0.000000,-0.065181,0.000000,0.064995
0.011131,-0.010865,-0.001961,0.000063,0.000090,0.000058,0.000000,0.000000,0.000000,0.000000,0.000000,-0.065170,0.000000,0.064970
0.011126,-0.010873,-0.001969,0.000063,0.000089,0.000058,0.000000,0.000000,0.000000,0.000000,0.000004,-0.065153,0.000000,0.064942
0.011120,-0.010880,-0.001979,0.000064,0.000088,0.000058,0.000000,0.000000,0.000000,0.000000,0.000016,-0.065121,0.000000,0.064928
0.011115,-0.010887,-0.001988,0.000065,0.000087,0.000059,0.000000,0.000000,0.000000,0.000000,0.000020,-0.065083,0.000000,0.064922
0.011108,-0.010896,-0.001999,0.000066,0.000085,0.000059,0.000000,0.000000,0.000000,0.000000,0.000008,-0.065050,0.000000,0.064907
0.011102,-0.010903,-0.002009,0.000067,0.000083,0.000061,0.000000,0.000000,0.000000,0.000000,0.000000,-0.065020,0.000000,0.064899
0.011097,-0.010910,-0.002018,0.000067,0.000081,0.000063,0.000000,0.000000,0.000000,0.000000,0.000000,-0.064980,0.000000,0.064902
0.011091,-0.010917,-0.002029,0.000066,0.000079,0.000064,0.000000,0.000000,0.000000,0.000000,0.000000,-0.064922,0.000000,0.064923
0.011085,-0.010923,-0.002039,0.000066,0.000078,0.000066,0.000000,0.000000,0.000000,0.000000,0.000000,-0.064867,0.000000,0.064945
0.011078,-0.010931,-0.002051,0.000065,0.000077,0.000067,0.000000,0.000000,0.000000,0.000000,0.000012,-0.064829,0.000000,0.064958
0.011072,-0.010938,-0.002062,0.000066,0.000076,0.000067,0.000000,0.000000,0.000000,0.000000,0.000026,-0.064798,0.000000,0.064966
0.011067,-0.010944,-0.002072,0.000067,0.000075,0.000066,0.000000,0.000000,0.000000,0.000000,0.000026,-0.064747,0.000000,0.064968
0.011061,-0.010951,-0.002083,0.000069,0.000074,0.000066,0.000000,0.000000,0.000000,0.000000,0.000007,-0.064710,0.000000,0.064959
0.011054,-0.010958,-0.002095,0.000069,0.000074,0.000065,0.000000,0.000000,0.000000,0.000000,0.000000,-0.064703,0.000000,0.064941
0.011048,-0.010964,-0.002105,0.000069,0.000073,0.000065,0.000000,0.000000,0.000000,0.000000,0.000000,-0.064697,0.000000,0.064925
0.011042,-0.010971,-0.002115,0.000068,0.000073,0.000065,0.000000,0.000000,0.000000,0.000000,0.000000,-0.064661,0.000000,0.064917
0.011036,-0.010977,-0.002125,0.000068,0.000072,0.000065,0.000000,0.000000,0.000000,0.000000,0.000000,-0.064623,0.000000,0.064916
0.011029,-0.010984,-0.002137,0.000067,0.000072,0.000065,0.000000,0.000000,0.000000,0.000000,0.000000,-0.064600,0.000000,0.064905
0.011023,-0.010991,-0.002148,0.000066,0.000072,0.000065,0.000000,0.000000,0.000000,0.000000,0.000000,-0.064584,0.000000,0.064893
0.011018,-0.010997,-0.002158,0.000065,0.000072,0.000065,0.000000,0.000000,0.000000,0.000000,0.000000,-0.064552,0.000000,0.064883
0.011012,-0.011003,-0.002168,0.000065,0.000071,0.000065,0.000000,0.000000,0.000000,0.000000,0.000000,-0.064522,0.000000,0.064875
0.011005,-0.011010,-0.002181,0.000064,0.000071,0.000065,0.000000,0.000000,0.000000,0.000000,0.000000,-0.064507,0.000000,0.064861
0.011000,-0.011016,-0.002190,0.000063,0.000071,0.000065,0.000000,0.000000,0.000000,0.000000,0.000000,-0.064488,0.000000,0.064846
0.010994,-0.011023,-0.002201,0.000063,0.000071,0.000064,0.000000,0.000000,0.000000,0.000000,0.000001,-0.064459,0.000000,0.064834
0.010989,-0.011028,-0.002210,0.000064,0.000071,0.000063,0.000000,0.000000,0.000000,0.000000,0.000007,-0.064438,0.000000,0.064821
0.010983,-0.011035,-0.002220,0.000065,0.000071,0.000061,0.000000,0.000000,0.000000,0.000000,0.000003,-0.064427,0.000000,0.064799
0.010977,-0.011042,-0.002232,0.000066,0.000071,0.000060,0.000000,0.000000,0.000000,0.000000,0.000000,-0.064421,0.000000,0.064769
0.010971,-0.011048,-0.002240,0.000065,0.000071,0.000059,0.000000,0.000000,0.000000,0.000000,0.000000,-0.064412,0.000000,0.064740
0.010965,-0.011054,-0.002250,0.000065,0.000071,0.000059,0.000000,0.000000,0.000000,0.000000,0.000000,-0.064394,0.000000,0.064712
0.010960,-0.011060,-0.002259,0.000064,0.000071,0.000059,0.000000,0.000000,0.000000,0.000000,0.000000,-0.064374,0.000000,0.064694
0.010954,-0.011067,-0.002270,0.000063,0.000071,0.000058,0.000000,0.000000,0.000000,0.000000,0.000000,-0.064354,0.000000,0.064676
0.010948,-0.011074,-0.002279,0.000063,0.000071,0.000058,0.000000,0.000000,0.000000,0.000000,0.000000,-0.064341,0.000000,0.064658
0.010943,-0.011080,-0.002288,0.000062,0.000071,0.000058,0.000000,0.000000,0.000000,0.000000,0.000000,-0.064322,0.000000,0.064636
0.010937,-0.011086,-0.002297,0.000061,0.000071,0.000057,0.000000,0.000000,0.000000,0.000000,0.000000,-0.064305,0.000000,0.064618
0.010931,-0.011093,-0.002308,0.000061,0.000071,0.000057,0.000000,0.000000,0.000000,0.000000,0.000000,-0.064292,0.000000,0.064600
0.010926,-0.011099,-0.002316,0.000060,0.000071,0.000056,0.000000,0.000000,0.000000,0.000000,0.000000,-0.064277,0.000000,0.064580
0.010921,-0.011105,-0.002325,0.000059,0.000071,0.000056,0.000000,0.000000,0.000000,0.000000,0.000000,-0.064257,0.000000,0.064560
0.010916,-0.011111,-0.002334,0.000059,0.000071,0.000056,0.000000,0.000000,0.000000,0.000000,0.000000,-0.064245,0.000000,0.064541
0.010911,-0.011117,-0.002343,0.000058,0.000071,0.000055,0.000000,0.000000,0.000000,0.000000,0.000000,-0.064231,0.000000,0.064520
0.010905,-0.011125,-0.002353,0.000057,0.000071,0.000055,0.000000,0.000000,0.000000,0.000000,0.000000,-0.064217,0.000000,0.064502
0.010900,-0.011130,-0.002361,0.000056,0.000071,0.000055,0.000000,0.000000,0.000000,0.000000,0.000000,-0.064203,0.000000,0.064484
0.010895,-0.011137,-0.002370,0.000056,0.000071,0.000054,0.000000,0.000000,0.000000,0.000000,0.000000,-0.064186,0.000000,0.064461
0.010891,-0.011143,-0.002378,0.000055,0.000071,0.000054,0.000000,0.000000,0.000000,0.000000,0.000000,-0.064175,0.000000,0.064442
0.010885,-0.011150,-0.002388,0.000055,0.000071,0.000054,0.000000,0.000000,0.000000,0.000000,0.000000,-0.064163,0.000000,0.064421
0.010880,-0.011156,-0.002397,0.000054,0.000071,0.000053,0.000000,0.000000,0.000000,0.000000,0.000003,-0.064150,0.000000,0.064403
0.010876,-0.011162,-0.002405,0.000055,0.000071,0.000052,0.000000,0.000000,0.000000,0.000000,0.000008,-0.064134,0.000000,0.064380
0.010871,-0.011168,-0.002413,0.000057,0.000071,0.000050,0.000000,0.000000,0.000000,0.000000,0.000004,-0.064126,0.000000,0.064353
0.010865,-0.011176,-0.002422,0.000058,0.000072,0.000049,0.000000,0.000000,0.000000,0.000000,0.000000,-0.064126,0.000000,0.064317
0.010860,-0.011181,-0.002429,0.000057,0.000071,0.000048,0.000000,0.000000,0.000000,0.000000,0.000000,-0.064129,0.000000,0.064282
0.010855,-0.011187,-0.002436,0.000057,0.000071,0.000047,0.000000,0.000000,0.000000,0.000000,0.000000,-0.064120,0.000000,0.064248
0.010850,-0.011193,-0.002444,0.000056,0.000072,0.000047,0.000000,0.000000,0.000000,0.000000,0.000000,-0.064104,0.000000,0.064227
0.010845,-0.011201,-0.002453,0.000056,0.000072,0.000047,0.000000,0.000000,0.000000,0.000000,0.000000,-0.064091,0.000000,0.064208
0.010840,-0.011207,-0.002460,0.000055,0.000071,0.000046,0.000000,0.000000,0.000000,0.000000,0.000000,-0.064082,0.000000,0.064181
0.010835,-0.011213,-0.002467,0.000054,0.000071,0.000046,0.000000,0.000000,0.000000,0.000000,0.000000,-0.064073,0.000000,0.064155
0.010830,-0.011219,-0.002475,0.000054,0.000071,0.000046,0.000000,0.000000,0.000000,0.000000,0.000000,-0.064063,0.000000,0.064134
0.010825,-0.011226,-0.002483,0.000053,0.000071,0.000046,0.000000,0.000000,0.000000,0.000000,0.000000,-0.064051,0.000000,0.064112
0.010821,-0.011232,-0.002490,0.000052,0.000071,0.000045,0.000000,0.000000,0.000000,0.000000,0.000000,-0.064043,0.000000,0.064089
0.010816,-0.011238,-0.002498,0.000052,0.000071,0.000045,0.000000,0.000000,0.000000,0.000000,0.000000,-0.064033,0.000000,0.064063
0.010812,-0.011244,-0.002504,0.000051,0.000071,0.000045,0.000000,0.000000,0.000000,0.000000,0.000000,-0.064025,0.000000,0.064042
0.010807,-0.011250,-0.002511,0.000051,0.000071,0.000044,0.000000,0.000000,0.000000,0.000000,0.000000,-0.064015,0.000000,0.064019
0.010802,-0.011257,-0.002520,0.000050,0.000071,0.000044,0.000000,0.000000,0.000000,0.000000,0.000000,-0.064007,0.000000,0.063998
0.010798,-0.011263,-0.002526,0.000049,0.000071,0.000044,0.000000,0.000000,0.000000,0.000000,0.000000,-0.063999,0.000000,0.063975
0.010794,-0.011269,-0.002533,0.000049,0.000071,0.000044,0.000000,0.000000,0.000000,0.000000,0.000000,-0.063990,0.000000,0.063949
0.010790,-0.011275,-0.002540,0.000048,0.000071,0.000043,0.000000,0.000000,0.000000,0.000000,0.000000,-0.063982,0.000000,0.063926
0.010785,-0.011282,-0.002548,0.000048,0.000071,0.000043,0.000000,0.000000,0.000000,0.000000,0.000006,-0.063974,0.000000,0.063904
0.010780,-0.011289,-0.002555,0.000049,0.000071,0.000041,0.000000,0.000000,0.000000,0.000000,0.000011,-0.063967,0.000000,0.063883
0.010776,-0.011294,-0.002561,0.000051,0.000071,0.000041,0.000000,0.000000,0.000000,0.000000,0.000005,-0.063960,0.000000,0.063848
0.010772,-0.011300,-0.002567,0.000052,0.000070,0.000041,0.000000,0.000000,0.000000,0.000000,0.000000,-0.063959,0.000000,0.063813
0.010766,-0.011307,-0.002575,0.000052,0.000068,0.000042,0.000000,0.000000,0.000000,0.000000,0.000000,-0.063948,0.000000,0.063793
0.010762,-0.011313,-0.002582,0.000051,0.000067,0.000044,0.000000,0.000000,0.000000,0.000000,0.000000,-0.063917,0.000000,0.063788
0.010757,-0.011318,-0.002589,0.000051,0.000065,0.000046,0.000000,0.000000,0.000000,0.000000,0.000000,-0.063866,0.000000,0.063798
0.010753,-0.011324,-0.002596,0.000050,0.000064,0.000047,0.000000,0.000000,0.000000,0.000000,0.000000,-0.063820,0.000000,0.063816
0.010749,-0.011329,-0.002604,0.000050,0.000063,0.000048,0.000000,0.000000,0.000000,0.000000,0.000000,-0.063787,0.000000,0.063829
0.010744,-0.011336,-0.002613,0.000050,0.000062,0.000049,0.000000,0.000000,0.000000,0.000000,0.000007,-0.063760,0.000000,0.063839
0.010740,-0.011340,-0.002621,0.000051,0.000061,0.000049,0.000000,0.000000,0.000000,0.000000,0.000018,-0.063728,0.000000,0.063848
0.010735,-0.011346,-0.002629,0.000052,0.000060,0.000048,0.000000,0.000000,0.000000,0.000000,0.000017,-0.063692,0.000000,0.063849
0.010731,-0.011351,-0.002636,0.000053,0.000059,0.000048,0.000000,0.000000,0.000000,0.000000,0.000000,-0.063675,0.000000,0.063836
0.010725,-0.011357,-0.002645,0.000053,0.000059,0.000048,0.000000,0.000000,0.000000,0.000000,0.000000,-0.063671,0.000000,0.063817
0.010720,-0.011362,-0.002653,0.000052,0.000058,0.000048,0.000000,0.000000,0.000000,0.000000,0.000000,-0.063663,0.000000,0.063811
0.010716,-0.011367,-0.002660,0.000051,0.000058,0.000049,0.000000,0.000000,0.000000,0.000000,0.000000,-0.063624,0.000000,0.063808
0.010712,-0.011372,-0.002668,0.000051,0.000058,0.000049,0.000000,0.000000,0.000000,0.000000,0.000000,-0.063596,0.000000,0.063808
0.010706,-0.011378,-0.002677,0.000050,0.000058,0.000049,0.000000,0.000000,0.000000,0.000000,0.000000,-0.063588,0.000000,0.063795
0.010702,-0.011382,-0.002684,0.000050,0.000057,0.000049,0.000000,0.000000,0.000000,0.000000,0.000000,-0.063575,0.000000,0.063785
0.010698,-0.011388,-0.002692,0.000049,0.000057,0.000049,0.000000,0.000000,0.000000,0.000000,0.000000,-0.063546,0.000000,0.063779
0.010694,-0.011392,-0.002700,0.000049,0.000057,0.000049,0.000000,0.000000,0.000000,0.000000,0.000000,-0.063527,0.000000,0.063772
0.010689,-0.011398,-0.002709,0.000049,0.000057,0.000048,0.000000,0.000000,0.000000,0.000000,0.000001,-0.063517,0.000000,0.063758
0.010684,-0.011403,-0.002716,0.000050,0.000057,0.000047,0.000000,0.000000,0.000000,0.000000,0.000006,-0.063505,0.000000,0.063747
0.010680,-0.011408,-0.002723,0.000051,0.000057,0.000046,0.000000,0.000000,0.000000,0.000000,0.000001,-0.063486,0.000000,0.063731
0.010676,-0.011413,-0.002730,0.000052,0.000057,0.000044,0.000000,0.000000,0.000000,0.000000,0.000000,-0.063482,0.000000,0.063703
0.010671,-0.011417,-0.002737,0.000052,0.000057,0.000044,0.000000,0.000000,0.000000,0.000000,0.000000,-0.063488,0.000000,0.063675
0.010666,-0.011423,-0.002745,0.000051,0.000057,0.000044,0.000000,0.000000,0.000000,0.000000,0.000000,-0.063477,0.000000,0.063653
0.010662,-0.011428,-0.002752,0.000051,0.000057,0.000043,0.000000,0.000000,0.000000,0.000000,0.000000,-0.063453,0.000000,0.063642
0.010657,-0.011433,-0.002759,0.000050,0.000057,0.000043,0.000000,0.000000,0.000000,0.000000,0.000000,-0.063435,0.000000,0.063625
0.010653,-0.011438,-0.002766,0.000049,0.000057,0.000043,0.000000,0.000000,0.000000,0.000000,0.000000,-0.063430,0.000000,0.063606
0.010648,-0.011444,-0.002774,0.000049,0.000057,0.000043,0.000000,0.000000,0.000000,0.000000,0.000000,-0.063422,0.000000,0.063591
0.010644,-0.011448,-0.002780,0.000048,0.000057,0.000043,0.000000,0.000000,0.000000,0.000000,0.000000,-0.063405,0.000000,0.063577
0.010640,-0.011453,-0.002787,0.000048,0.000057,0.000042,0.000000,0.000000,0.000000,0.000000,0.000000,-0.063389,0.000000,0.063561
0.010636,-0.011458,-0.002793,0.000047,0.000057,0.000042,0.000000,0.000000,0.000000,0.000000,0.000000,-0.063383,0.000000,0.063544
0.010631,-0.011464,-0.002801,0.000047,0.000057,0.000042,0.000000,0.000000,0.000000,0.000000,0.000000,-0.063374,0.000000,0.063527
0.010627,-0.011469,-0.002808,0.000046,0.000057,0.000041,0.000000,0.000000,0.000000,0.000000,0.000000,-0.063361,0.000000,0.063514
0.010623,-0.011473,-0.002814,0.000046,0.000057,0.000041,0.000000,0.000000,0.000000,0.000000,0.000000,-0.063347,0.000000,0.063496
0.010619,-0.011478,-0.002821,0.000045,0.000057,0.000041,0.000000,0.000000,0.000000,0.000000,0.000000,-0.063339,0.000000,0.063479
0.010614,-0.011484,-0.002828,0.000044,0.000057,0.000041,0.000000,0.000000,0.000000,0.000000,0.000000,-0.063331,0.000000,0.063462
0.010611,-0.011489,-0.002834,0.000044,0.000057,0.000040,0.000000,0.000000,0.000000,0.000000,0.000000,-0.063320,0.000000,0.063447
0.010607,-0.011494,-0.002841,0.000043,0.000057,0.000040,0.000000,0.000000,0.000000,0.000000,0.000000,-0.063307,0.000000,0.063429
0.010603,-0.011498,-0.002847,0.000043,0.000057,0.000040,0.000000,0.000000,0.000000,0.000000,0.000000,-0.063300,0.000000,0.063412
0.010600,-0.011503,-0.002853,0.000042,0.000056,0.000040,0.000000,0.000000,0.000000,0.000000,0.000000,-0.063292,0.000000,0.063394
0.010595,-0.011509,-0.002861,0.000042,0.000057,0.000039,0.000000,0.000000,0.000000,0.000000,0.000000,-0.063283,0.000000,0.063380
0.010592,-0.011513,-0.002867,0.000041,0.000057,0.000039,0.000000,0.000000,0.000000,0.000000,0.000000,-0.063273,0.000000,0.063363
0.010588,-0.011518,-0.002873,0.000041,0.000056,0.000039,0.000000,0.000000,0.000000,0.000000,0.000000,-0.063263,0.000000,0.063344
0.010585,-0.011523,-0.002879,0.000041,0.000056,0.000039,0.000000,0.000000,0.000000,0.000000,0.000000,-0.063256,0.000000,0.063327
0.010581,-0.011529,-0.002886,0.000041,0.000057,0.000038,0.000000,0.000000,0.000000,0.000000,0.000000,-0.063248,0.000000,0.063310
0.010577,-0.011534,-0.002892,0.000042,0.000057,0.000037,0.000000,0.000000,0.000000,0.000000,0.000005,-0.063239,0.000000,0.063294
0.010573,-0.011538,-0.002897,0.000043,0.000057,0.000036,0.000000,0.000000,0.000000,0.000000,0.000000,-0.063235,0.000000,0.063269
0.010570,-0.011543,-0.002903,0.000043,0.000057,0.000035,0.000000,0.000000,0.000000,0.000000,0.000000,-0.063241,0.000000,0.063235
0.010565,-0.011549,-0.002909,0.000042,0.000057,0.000035,0.000000,0.000000,0.000000,0.000000,0.000000,-0.063243,0.000000,0.063209
0.010562,-0.011553,-0.002915,0.000042,0.000057,0.000034,0.000000,0.000000,0.000000,0.000000,0.000000,-0.063228,0.000000,0.063192
0.010558,-0.011558,-0.002920,0.000041,0.000056,0.000034,0.000000,0.000000,0.000000,0.000000,0.000000,-0.063213,0.000000,0.063173
0.010555,-0.011563,-0.002925,0.000041,0.000057,0.000034,0.000000,0.000000,0.000000,0.000000,0.000000,-0.063213,0.000000,0.063152
0.010551,-0.011568,-0.002931,0.000040,0.000056,0.000034,0.000000,0.000000,0.000000,0.000000,0.000000,-0.063210,0.000000,0.063132
0.010547,-0.011574,-0.002937,0.000040,0.000056,0.000034,0.000000,0.000000,0.000000,0.000000,0.000000,-0.063200,0.000000,0.063116
0.010544,-0.011578,-0.002942,0.000040,0.000057,0.000033,0.000000,0.000000,0.000000,0.000000,0.000000,-0.063192,0.000000,0.063099
0.010540,-0.011583,-0.002947,0.000039,0.000056,0.000033,0.000000,0.000000,0.000000,0.000000,0.000000,-0.063187,0.000000,0.063077
0.010537,-0.011588,-0.002952,0.000039,0.000056,0.000033,0.000000,0.000000,0.000000,0.000000,0.000000,-0.063183,0.000000,0.063057
0.010533,-0.011593,-0.002959,0.000038,0.000056,0.000033,0.000000,0.000000,0.000000,0.000000,0.000000,-0.063176,0.000000,0.063040
0.010530,-0.011598,-0.002964,0.000038,0.000056,0.000032,0.000000,0.000000,0.000000,0.000000,0.000000,-0.063169,0.000000,0.063023
0.010527,-0.011603,-0.002969,0.000037,0.000056,0.000032,0.000000,0.000000,0.000000,0.000000,0.000000,-0.063164,0.000000,0.063001
0.010523,-0.011608,-0.002974,0.000037,0.000056,0.000032,0.000000,0.000000,0.000000,0.000000,0.000000,-0.063160,0.000000,0.062982
0.010519,-0.011613,-0.002980,0.000039,0.000056,0.000030,0.000000,0.000000,0.000000,0.000000,0.000005,-0.063154,0.000000,0.062965
0.010516,-0.011618,-0.002984,0.000040,0.000056,0.000029,0.000000,0.000000,0.000000,0.000000,0.000002,-0.063152,0.000000,0.062941
0.010513,-0.011623,-0.002988,0.000041,0.000056,0.000028,0.000000,0.000000,0.000000,0.000000,0.000000,-0.063159,0.000000,0.062903
0.010509,-0.011627,-0.002993,0.000041,0.000056,0.000027,0.000000,0.000000,0.000000,0.000000,0.000000,-0.063172,0.000000,0.062869
0.010506,-0.011632,-0.002997,0.000041,0.000056,0.000027,0.000000,0.000000,0.000000,0.000000,0.000000,-0.063168,0.000000,0.062841
0.010502,-0.011638,-0.003002,0.000040,0.000056,0.000027,0.000000,0.000000,0.000000,0.000000,0.000000,-0.063154,0.000000,0.062824
0.010498,-0.011642,-0.003006,0.000040,0.000056,0.000027,0.000000,0.000000,0.000000,0.000000,0.000000,-0.063149,0.000000,0.062803
0.010495,-0.011647,-0.003010,0.000039,0.000056,0.000027,0.000000,0.000000,0.000000,0.000000,0.000000,-0.063152,0.000000,0.062776
0.010492,-0.011652,-0.003015,0.000039,0.000055,0.000027,0.000000,0.000000,0.000000,0.000000,0.000000,-0.063150,0.000000,0.062757
0.010488,-0.011657,-0.003020,0.000038,0.000054,0.000028,0.000000,0.000000,0.000000,0.000000,0.000000,-0.063135,0.000000,0.062743
0.010484,-0.011662,-0.003025,0.000038,0.000053,0.000030,0.000000,0.000000,0.000000,0.000000,0.000000,-0.063113,0.000000,0.062741
0.010481,-0.011666,-0.003030,0.000037,0.000051,0.000032,0.000000,0.000000,0.000000,0.000000,0.000000,-0.063082,0.000000,0.062743
0.010478,-0.011670,-0.003035,0.000037,0.000050,0.000034,0.000000,0.000000,0.000000,0.000000,0.000000,-0.063044,0.000000,0.062759
0.010474,-0.011675,-0.003042,0.000037,0.000048,0.000036,0.000000,0.000000,0.000000,0.000000,0.000000,-0.063008,0.000000,0.062779
0.010471,-0.011679,-0.003048,0.000037,0.000046,0.000038,0.000000,0.000000,0.000000,0.000000,0.000002,-0.062967,0.000000,0.062802
0.010468,-0.011683,-0.003054,0.000038,0.000045,0.000038,0.000000,0.000000,0.000000,0.000000,0.000018,-0.062915,0.000000,0.062834
0.010464,-0.011687,-0.003060,0.000039,0.000044,0.000038,0.000000,0.000000,0.000000,0.000000,0.000023,-0.062883,0.000000,0.062853
0.010460,-0.011691,-0.003067,0.000041,0.000043,0.000038,0.000000,0.000000,0.000000,0.000000,0.000004,-0.062866,0.000000,0.062847
0.010456,-0.011695,-0.003073,0.000042,0.000042,0.000038,0.000000,0.000000,0.000000,0.000000,0.000000,-0.062853,0.000000,0.062844
0.010453,-0.011698,-0.003079,0.000042,0.000042,0.000039,0.000000,0.000000,0.000000,0.000000,0.000000,-0.062836,0.000000,0.062846
0.010449,-0.011702,-0.003085,0.000041,0.000041,0.000039,0.000000,0.000000,0.000000,0.000000,0.000000,-0.062812,0.000000,0.062849
0.010445,-0.011706,-0.003092,0.000041,0.000041,0.000039,0.000000,0.000000,0.000000,0.000000,0.000000,-0.062788,0.000000,0.062854
0.010442,-0.011709,-0.003098,0.000040,0.000040,0.000040,0.000000,0.000000,0.000000,0.000000,0.000000,-0.062766,0.000000,0.062856
0.010438,-0.011713,-0.003105,0.000040,0.000041,0.000039,0.000000,0.000000,0.000000,0.000000,0.000000,-0.062743,0.000000,0.062858
0.010435,-0.011716,-0.003110,0.000040,0.000041,0.000038,0.000000,0.000000,0.000000,0.000000,0.000000,-0.062731,0.000000,0.062854
0.010431,-0.011720,-0.003116,0.000039,0.000042,0.000037,0.000000,0.000000,0.000000,0.000000,0.000000,-0.062735,0.000000,0.062836
0.010427,-0.011725,-0.003123,0.000039,0.000044,0.000035,0.000000,0.000000,0.000000,0.000000,0.000000,-0.062746,0.000000,0.062809
0.010424,-0.011728,-0.003128,0.000038,0.000045,0.000032,0.000000,0.000000,0.000000,0.000000,0.000000,-0.062757,0.000000,0.062776
0.010421,-0.011732,-0.003133,0.000038,0.000046,0.000031,0.000000,0.000000,0.000000,0.000000,0.000000,-0.062777,0.000000,0.062729
0.010418,-0.011736,-0.003137,0.000037,0.000047,0.000029,0.000000,0.000000,0.000000,0.000000,0.000000,-0.062803,0.000000,0.062681
0.010414,-0.011741,-0.003142,0.000037,0.000047,0.000029,0.000000,0.000000,0.000000,0.000000,0.000000,-0.062811,0.000000,0.062642
0.010411,-0.011745,-0.003147,0.000036,0.000047,0.000029,0.000000,0.000000,0.000000,0.000000,0.000000,-0.062807,0.000000,0.062614
0.010408,-0.011749,-0.003152,0.000036,0.000047,0.000029,0.000000,0.000000,0.000000,0.000000,0.000000,-0.062797,0.000000,0.062591
0.010405,-0.011753,-0.003156,0.000036,0.000046,0.000030,0.000000,0.000000,0.000000,0.000000,0.000000,-0.062781,0.000000,0.062583
0.010401,-0.011757,-0.003162,0.000035,0.000044,0.000032,0.000000,0.000000,0.000000,0.000000,0.000000,-0.062754,0.000000,0.062585
0.010398,-0.011761,-0.003167,0.000035,0.000043,0.000033,0.000000,0.000000,0.000000,0.000000,0.000000,-0.062723,0.000000,0.062595
0.010395,-0.011765,-0.003173,0.000034,0.000043,0.000034,0.000000,0.000000,0.000000,0.000000,0.000000,-0.062686,0.000000,0.062609
0.010392,-0.011768,-0.003178,0.000034,0.000042,0.000034,0.000000,0.000000,0.000000,0.000000,0.000000,-0.062664,0.000000,0.062619
0.010389,-0.011772,-0.003185,0.000034,0.000041,0.000035,0.000000,0.000000,0.000000,0.000000,0.000000,-0.062650,0.000000,0.062622
0.010386,-0.011776,-0.003190,0.000033,0.000041,0.000036,0.000000,0.000000,0.000000,0.000000,0.000000,-0.062632,0.000000,0.062627
0.010383,-0.011779,-0.003196,0.000033,0.000040,0.000036,0.000000,0.000000,0.000000,0.000000,0.000000,-0.062604,0.000000,0.062632
0.010380,-0.011783,-0.003202,0.000033,0.000040,0.000036,0.000000,0.000000,0.000000,0.000000,0.000004,-0.062585,0.000000,0.062635
0.010376,-0.011787,-0.003208,0.000034,0.000040,0.000035,0.000000,0.000000,0.000000,0.000000,0.000011,-0.062576,0.000000,0.062632
0.010373,-0.011790,-0.003213,0.000036,0.000040,0.000034,0.000000,0.000000,0.000000,0.000000,0.000007,-0.062563,0.000000,0.062625
0.010370,-0.011794,-0.003219,0.000037,0.000039,0.000033,0.000000,0.000000,0.000000,0.000000,0.000000,-0.062551,0.000000,0.062608
0.010367,-0.011797,-0.003224,0.000037,0.000039,0.000033,0.000000,0.000000,0.000000,0.000000,0.000000,-0.062553,0.000000,0.062589
0.010364,-0.011800,-0.003229,0.000036,0.000039,0.000033,0.000000,0.000000,0.000000,0.000000,0.000000,-0.062550,0.000000,0.062576
0.010360,-0.011804,-0.003235,0.000036,0.000039,0.000033,0.000000,0.000000,0.000000,0.000000,0.000000,-0.062530,0.000000,0.062572
0.010357,-0.011807,-0.003240,0.000036,0.000039,0.000033,0.000000,0.000000,0.000000,0.000000,0.000000,-0.062511,0.000000,0.062567
0.010354,-0.011811,-0.003245,0.000035,0.000039,0.000033,0.000000,0.000000,0.000000,0.000000,0.000000,-0.062502,0.000000,0.062557
0.010351,-0.011814,-0.003250,0.000035,0.000039,0.000033,0.000000,0.000000,0.000000,0.000000,0.000000,-0.062496,0.000000,0.062548
0.010347,-0.011818,-0.003256,0.000034,0.000039,0.000033,0.000000,0.000000,0.000000,0.000000,0.000000,-0.062483,0.000000,0.062541
0.010344,-0.011821,-0.003262,0.000034,0.000039,0.000032,0.000000,0.000000,0.000000,0.000000,0.000000,-0.062471,0.000000,0.062535
0.010342,-0.011825,-0.003267,0.000034,0.000039,0.000032,0.000000,0.000000,0.000000,0.000000,0.000000,-0.062459,0.000000,0.062524
0.010339,-0.011828,-0.003272,0.000033,0.000039,0.000032,0.000000,0.000000,0.000000,0.000000,0.000000,-0.062452,0.000000,0.062515
0.010335,-0.011832,-0.003278,0.000033,0.000039,0.000032,0.000000,0.000000,0.000000,0.000000,0.000000,-0.062443,0.000000,0.062506
0.010332,-0.011835,-0.003283,0.000032,0.000039,0.000032,0.000000,0.000000,0.000000,0.000000,0.000000,-0.062432,0.000000,0.062497
0.010330,-0.011839,-0.003288,0.000032,0.000038,0.000032,0.000000,0.000000,0.000000,0.000000,0.000000,-0.062420,0.000000,0.062487
0.010327,-0.011842,-0.003292,0.000032,0.000038,0.000031,0.000000,0.000000,0.000000,0.000000,0.000000,-0.062414,0.000000,0.062478
0.010324,-0.011846,-0.003298,0.000031,0.000038,0.000031,0.000000,0.000000,0.000000,0.000000,0.000000,-0.062406,0.000000,0.062467
0.010321,-0.011849,-0.003303,0.000031,0.000039,0.000031,0.000000,0.000000,0.000000,0.000000,0.000000,-0.062397,0.000000,0.062459
0.010318,-0.011852,-0.003308,0.000031,0.000038,0.000031,0.000000,0.000000,0.000000,0.000000,0.000000,-0.062387,0.000000,0.062448
0.010316,-0.011856,-0.003313,0.000030,0.000038,0.000031,0.000000,0.000000,0.000000,0.000000,0.000000,-0.062379,0.000000,0.062438
0.010313,-0.011859,-0.003319,0.000030,0.000038,0.000030,0.000000,0.000000,0.000000,0.000000,0.000000,-0.062373,0.000000,0.062428
0.010310,-0.011863,-0.003323,0.000029,0.000038,0.000030,0.000000,0.000000,0.000000,0.000000,0.000000,-0.062364,0.000000,0.062417
0.010307,-0.011866,-0.003328,0.000029,0.000038,0.000030,0.000000,0.000000,0.000000,0.000000,0.000000,-0.062354,0.000000,0.062407
0.010305,-0.011869,-0.003333,0.000029,0.000038,0.000030,0.000000,0.000000,0.000000,0.000000,0.000000,-0.062348,0.000000,0.062396
0.010302,-0.011873,-0.003337,0.000028,0.000038,0.000030,0.000000,0.000000,0.000000,0.000000,0.000000,-0.062342,0.000000,0.062385
0.010299,-0.011876,-0.003343,0.000029,0.000039,0.000029,0.000000,0.000000,0.000000,0.000000,0.000002,-0.062335,0.000000,0.062376
0.010297,-0.011880,-0.003347,0.000030,0.000039,0.000028,0.000000,0.000000,0.000000,0.000000,0.000005,-0.062327,0.000000,0.062366
0.010294,-0.011883,-0.003351,0.000031,0.000039,0.000027,0.000000,0.000000,0.000000,0.000000,0.000000,-0.062322,0.000000,0.062347
0.010292,-0.011886,-0.003355,0.000031,0.000039,0.000027,0.000000,0.000000,0.000000,0.000000,0.000000,-0.062329,0.000000,0.062322
0.010288,-0.011890,-0.003360,0.000031,0.000039,0.000026,0.000000,0.000000,0.000000,0.000000,0.000000,-0.062333,0.000000,0.062302
0.010286,-0.011893,-0.003365,0.000030,0.000039,0.000026,0.000000,0.000000,0.000000,0.000000,0.000000,-0.062319,0.000000,0.062291
0.010283,-0.011897,-0.003368,0.000030,0.000039,0.000026,0.000000,0.000000,0.000000,0.000000,0.000000,-0.062305,0.000000,0.062281
0.010281,-0.011900,-0.003373,0.000030,0.000039,0.000026,0.000000,0.000000,0.000000,0.000000,0.000000,-0.062305,0.000000,0.062266
0.010278,-0.011904,-0.003377,0.000029,0.000039,0.000026,0.000000,0.000000,0.000000,0.000000,0.000000,-0.062304,0.000000,0.062252
0.010275,-0.011907,-0.003381,0.000029,0.000039,0.000025,0.000000,0.000000,0.000000,0.000000,0.000000,-0.062295,0.000000,0.062242
0.010273,-0.011910,-0.003385,0.000029,0.000039,0.000025,0.000000,0.000000,0.000000,0.000000,0.000000,-0.062285,0.000000,0.062230
0.010270,-0.011914,-0.003389,0.000028,0.000039,0.000025,0.000000,0.000000,0.000000,0.000000,0.000000,-0.062283,0.000000,0.062217
0.010268,-0.011917,-0.003393,0.000028,0.000039,0.000025,0.000000,0.000000,0.000000,0.000000,0.000000,-0.062280,0.000000,0.062204
0.010265,-0.011921,-0.003398,0.000028,0.000039,0.000025,0.000000,0.000000,0.000000,0.000000,0.000000,-0.062273,0.000000,0.062193
0.010263,-0.011924,-0.003401,0.000027,0.000039,0.000024,0.000000,0.000000,0.000000,0.000000,0.000000,-0.062266,0.000000,0.062181
0.010260,-0.011927,-0.003405,0.000027,0.000039,0.000024,0.000000,0.000000,0.000000,0.000000,0.000000,-0.062262,0.000000,0.062167
0.010258,-0.011930,-0.003409,0.000027,0.000039,0.000024,0.000000,0.000000,0.000000,0.000000,0.000000,-0.062259,0.000000,0.062155
0.010255,-0.011934,-0.003414,0.000026,0.000039,0.000024,0.000000,0.000000,0.000000,0.000000,0.000000,-0.062253,0.000000,0.062143
0.010253,-0.011938,-0.003417,0.000026,0.000039,0.000024,0.000000,0.000000,0.000000,0.000000,0.000000,-0.062248,0.000000,0.062132
0.010251,-0.011941,-0.003421,0.000026,0.000038,0.000024,0.000000,0.000000,0.000000,0.000000,0.000000,-0.062244,0.000000,0.062118
0.010249,-0.011944,-0.003425,0.000026,0.000039,0.000024,0.000000,0.000000,0.000000,0.000000,0.000000,-0.062240,0.000000,0.062105
0.010246,-0.011948,-0.003429,0.000026,0.000038,0.000023,0.000000,0.000000,0.000000,0.000000,0.000002,-0.062236,0.000000,0.062094
0.010244,-0.011951,-0.003432,0.000027,0.000039,0.000022,0.000000,0.000000,0.000000,0.000000,0.000005,-0.062230,0.000000,0.062081
0.010241,-0.011954,-0.003436,0.000028,0.000039,0.000021,0.000000,0.000000,0.000000,0.000000,0.000000,-0.062231,0.000000,0.062062
0.010239,-0.011958,-0.003439,0.000028,0.000039,0.000020,0.000000,0.000000,0.000000,0.000000,0.000000,-0.062240,0.000000,0.062034
0.010236,-0.011961,-0.003443,0.000028,0.000039,0.000020,0.000000,0.000000,0.000000,0.000000,0.000000,-0.062245,0.000000,0.062013
0.010234,-0.011965,-0.003446,0.000028,0.000039,0.000020,0.000000,0.000000,0.000000,0.000000,0.000000,-0.062234,0.000000,0.062001
0.010231,-0.011968,-0.003449,0.000027,0.000039,0.000020,0.000000,0.000000,0.000000,0.000000,0.000000,-0.062224,0.000000,0.061987
0.010229,-0.011971,-0.003452,0.000027,0.000038,0.000020,0.000000,0.000000,0.000000,0.000000,0.000000,-0.062226,0.000000,0.061971
0.010226,-0.011975,-0.003456,0.000027,0.000038,0.000020,0.000000,0.000000,0.000000,0.000000,0.000000,-0.062227,0.000000,0.061957
0.010224,-0.011978,-0.003459,0.000026,0.000038,0.000020,0.000000,0.000000,0.000000,0.000000,0.000000,-0.062220,0.000000,0.061945
0.010222,-0.011982,-0.003462,0.000026,0.000038,0.000019,0.000000,0.000000,0.000000,0.000000,0.000000,-0.062215,0.000000,0.061930
0.010220,-0.011985,-0.003465,0.000026,0.000038,0.000019,0.000000,0.000000,0.000000,0.000000,0.000000,-0.062215,0.000000,0.061917
0.010217,-0.011988,-0.003468,0.000025,0.000038,0.000019,0.000000,0.000000,0.000000,0.000000,0.000000,-0.062213,0.000000,0.061902
0.010215,-0.011992,-0.003472,0.000025,0.000038,0.000019,0.000000,0.000000,0.000000,0.000000,0.000000,-0.062209,0.000000,0.061890
0.010213,-0.011995,-0.003475,0.000025,0.000038,0.000019,0.000000,0.000000,0.000000,0.000000,0.000000,-0.062206,0.000000,0.061877
0.010211,-0.011998,-0.003478,0.000024,0.000038,0.000019,0.000000,0.000000,0.000000,0.000000,0.000000,-0.062205,0.000000,0.061861
0.010209,-0.012001,-0.003480,0.000024,0.000038,0.000019,0.000000,0.000000,0.000000,0.000000,0.000000,-0.062203,0.000000,0.061848
0.010206,-0.012005,-0.003484,0.000024,0.000038,0.000019,0.000000,0.000000,0.000000,0.000000,0.000000,-0.062199,0.000000,0.061835
0.010204,-0.012008,-0.003487,0.000024,0.000038,0.000019,0.000000,0.000000,0.000000,0.000000,0.000000,-0.062197,0.000000,0.061822
0.010202,-0.012011,-0.003490,0.000023,0.000038,0.000018,0.000000,0.000000,0.000000,0.000000,0.000000,-0.062196,0.000000,0.061806
0.010200,-0.012015,-0.003493,0.000023,0.000038,0.000018,0.000000,0.000000,0.000000,0.000000,0.000000,-0.062194,0.000000,0.061793
0.010198,-0.012018,-0.003496,0.000023,0.000038,0.000018,0.000000,0.000000,0.000000,0.000000,0.000000,-0.062191,0.000000,0.061781
0.010196,-0.012022,-0.003499,0.000023,0.000038,0.000018,0.000000,0.000000,0.000000,0.000000,0.000000,-0.062188,0.000000,0.061767
0.010194,-0.012025,-0.003502,0.000023,0.000038,0.000018,0.000000,0.000000,0.000000,0.000000,0.000001,-0.062188,0.000000,0.061751
0.010192,-0.012028,-0.003504,0.000024,0.000038,0.000016,0.000000,0.000000,0.000000,0.000000,0.000005,-0.062187,0.000000,0.061738
0.010189,-0.012032,-0.003507,0.000025,0.000038,0.000016,0.000000,0.000000,0.000000,0.000000,0.000000,-0.062188,0.000000,0.061719
0.010187,-0.012035,-0.003509,0.000025,0.000038,0.000015,0.000000,0.000000,0.000000,0.000000,0.000000,-0.062197,0.000000,0.061692
0.010185,-0.012038,-0.003512,0.000025,0.000038,0.000015,0.000000,0.000000,0.000000,0.000000,0.000000,-0.062207,0.000000,0.061666
0.010183,-0.012041,-0.003514,0.000025,0.000037,0.000016,0.000000,0.000000,0.000000,0.000000,0.000000,-0.062201,0.000000,0.061651
0.010180,-0.012045,-0.003518,0.000025,0.000036,0.000017,0.000000,0.000000,0.000000,0.000000,0.000000,-0.062185,0.000000,0.061646
0.010178,-0.012048,-0.003520,0.000024,0.000035,0.000019,0.000000,0.000000,0.000000,0.000000,0.000000,-0.062167,0.000000,0.061646
0.010176,-0.012050,-0.003524,0.000024,0.000033,0.000021,0.000000,0.000000,0.000000,0.000000,0.000000,-0.062140,0.000000,0.061656
0.010174,-0.012053,-0.003527,0.000024,0.000032,0.000022,0.000000,0.000000,0.000000,0.000000,0.000000,-0.062105,0.000000,0.061678
0.010172,-0.012056,-0.003531,0.000023,0.000030,0.000024,0.000000,0.000000,0.000000,0.000000,0.000000,-0.062068,0.000000,0.061702
0.010170,-0.012059,-0.003536,0.000024,0.000029,0.000025,0.000000,0.000000,0.000000,0.000000,0.000011,-0.062038,0.000000,0.061728
0.010168,-0.012061,-0.003540,0.000025,0.000028,0.000026,0.000000,0.000000,0.000000,0.000000,0.000022,-0.062011,0.000000,0.061748
0.010165,-0.012063,-0.003544,0.000027,0.000027,0.000025,0.000000,0.000000,0.000000,0.000000,0.000019,-0.061980,0.000000,0.061761
0.010163,-0.012066,-0.003547,0.000028,0.000027,0.000025,0.000000,0.000000,0.000000,0.000000,0.000000,-0.061963,0.000000,0.061762
0.010160,-0.012068,-0.003552,0.000028,0.000026,0.000026,0.000000,0.000000,0.000000,0.000000,0.000000,-0.061962,0.000000,0.061757
0.010158,-0.012071,-0.003557,0.000028,0.000026,0.000026,0.000000,0.000000,0.000000,0.000000,0.000000,-0.061960,0.000000,0.061762
0.010155,-0.012073,-0.003561,0.000027,0.000025,0.000027,0.000000,0.000000,0.000000,0.000000,0.000000,-0.061927,0.000000,0.061773
0.010153,-0.012075,-0.003565,0.000027,0.000025,0.000027,0.000000,0.000000,0.000000,0.000000,0.000000,-0.061899,0.000000,0.061784
0.010150,-0.012078,-0.003570,0.000027,0.000025,0.000027,0.000000,0.000000,0.000000,0.000000,0.000000,-0.061894,0.000000,0.061784
0.010148,-0.012080,-0.003574,0.000026,0.000024,0.000027,0.000000,0.000000,0.000000,0.000000,0.000000,-0.061887,0.000000,0.061784
0.010145,-0.012082,-0.003579,0.000026,0.000024,0.000028,0.000000,0.000000,0.000000,0.000000,0.000000,-0.061862,0.000000,0.061791
0.010143,-0.012084,-0.003583,0.000026,0.000024,0.000028,0.000000,0.000000,0.000000,0.000000,0.000000,-0.061845,0.000000,0.061795
0.010141,-0.012086,-0.003587,0.000026,0.000024,0.000028,0.000000,0.000000,0.000000,0.000000,0.000000,-0.061840,0.000000,0.061793
0.010138,-0.012088,-0.003593,0.000025,0.000024,0.000028,0.000000,0.000000,0.000000,0.000000,0.000000,-0.061832,0.000000,0.061792
0.010136,-0.012090,-0.003597,0.000025,0.000024,0.000028,0.000000,0.000000,0.000000,0.000000,0.000000,-0.061812,0.000000,0.061794
0.010134,-0.012092,-0.003601,0.000025,0.000024,0.000028,0.000000,0.000000,0.000000,0.000000,0.000000,-0.061797,0.000000,0.061795
0.010132,-0.012094,-0.003605,0.000024,0.000024,0.000028,0.000000,0.000000,0.000000,0.000000,0.000000,-0.061791,0.000000,0.061791
0.010129,-0.012097,-0.003611,0.000024,0.000023,0.000028,0.000000,0.000000,0.000000,0.000000,0.000000,-0.061783,0.000000,0.061788
0.010127,-0.012099,-0.003615,0.000024,0.000023,0.000028,0.000000,0.000000,0.000000,0.000000,0.000000,-0.061771,0.000000,0.061788
0.010125,-0.012101,-0.003619,0.000024,0.000023,0.000027,0.000000,0.000000,0.000000,0.000000,0.000002,-0.061756,0.000000,0.061787
0.010123,-0.012103,-0.003623,0.000025,0.000023,0.000026,0.000000,0.000000,0.000000,0.000000,0.000004,-0.061748,0.000000,0.061783
0.010120,-0.012105,-0.003628,0.000026,0.000024,0.000025,0.000000,0.000000,0.000000,0.000000,0.000000,-0.061746,0.000000,0.061774
0.010118,-0.012107,-0.003632,0.000026,0.000024,0.000025,0.000000,0.000000,0.000000,0.000000,0.000000,-0.061747,0.000000,0.061758
0.010116,-0.012110,-0.003636,0.000026,0.000024,0.000024,0.000000,0.000000,0.000000,0.000000,0.000000,-0.061743,0.000000,0.061745
0.010114,-0.012111,-0.003639,0.000026,0.000024,0.000024,0.000000,0.000000,0.000000,0.000000,0.000000,-0.061730,0.000000,0.061740
0.010111,-0.012114,-0.003644,0.000026,0.000024,0.000024,0.000000,0.000000,0.000000,0.000000,0.000000,-0.061717,0.000000,0.061737
0.010109,-0.012116,-0.003647,0.000025,0.000024,0.000024,0.000000,0.000000,0.000000,0.000000,0.000000,-0.061712,0.000000,0.061731
0.010107,-0.012118,-0.003651,0.000025,0.000024,0.000024,0.000000,0.000000,0.000000,0.000000,0.000000,-0.061705,0.000000,0.061724
0.010104,-0.012120,-0.003655,0.000025,0.000024,0.000024,0.000000,0.000000,0.000000,0.000000,0.000000,-0.061697,0.000000,0.061721
0.010102,-0.012123,-0.003659,0.000024,0.000024,0.000023,0.000000,0.000000,0.000000,0.000000,0.000000,-0.061687,0.000000,0.061716
0.010100,-0.012125,-0.003663,0.000024,0.000024,0.000023,0.000000,0.000000,0.000000,0.000000,0.000000,-0.061680,0.000000,0.061711
0.010098,-0.012127,-0.003667,0.000024,0.000024,0.000023,0.000000,0.000000,0.000000,0.000000,0.000000,-0.061672,0.000000,0.061704
0.010096,-0.012129,-0.003670,0.000024,0.000024,0.000023,0.000000,0.000000,0.000000,0.000000,0.000000,-0.061666,0.000000,0.061699
0.010093,-0.012131,-0.003674,0.000023,0.000025,0.000022,0.000000,0.000000,0.000000,0.000000,0.000000,-0.061658,0.000000,0.061694
0.010091,-0.012133,-0.003678,0.000023,0.000025,0.000020,0.000000,0.000000,0.000000,0.000000,0.000000,-0.061657,0.000000,0.061685
0.010089,-0.012135,-0.003680,0.000023,0.000026,0.000019,0.000000,0.000000,0.000000,0.000000,0.000000,-0.061668,0.000000,0.061661
0.010087,-0.012138,-0.003683,0.000023,0.000027,0.000019,0.000000,0.000000,0.000000,0.000000,0.000000,-0.061694,0.000000,0.061626
0.010085,-0.012140,-0.003686,0.000022,0.000027,0.000019,0.000000,0.000000,0.000000,0.000000,0.000000,-0.061706,0.000000,0.061599
0.010083,-0.012143,-0.003690,0.000022,0.000026,0.000019,0.000000,0.000000,0.000000,0.000000,0.000000,-0.061689,0.000000,0.061591
0.010081,-0.012145,-0.003693,0.000022,0.000025,0.000020,0.000000,0.000000,0.000000,0.000000,0.000000,-0.061667,0.000000,0.061591
0.010079,-0.012147,-0.003696,0.000021,0.000024,0.000022,0.000000,0.000000,0.000000,0.000000,0.000000,-0.061648,0.000000,0.061596
0.010077,-0.012149,-0.003700,0.000021,0.000023,0.000023,0.000000,0.000000,0.000000,0.000000,0.000000,-0.061620,0.000000,0.061612
0.010075,-0.012151,-0.003705,0.000021,0.000022,0.000024,0.000000,0.000000,0.000000,0.000000,0.000000,-0.061589,0.000000,0.061633
0.010074,-0.012153,-0.003708,0.000021,0.000022,0.000024,0.000000,0.000000,0.000000,0.000000,0.000000,-0.061568,0.000000,0.061648
0.010072,-0.012155,-0.003712,0.000021,0.000021,0.000025,0.000000,0.000000,0.000000,0.000000,0.000000,-0.061549,0.000000,0.061661
0.010070,-0.012157,-0.003716,0.000020,0.000021,0.000025,0.000000,0.000000,0.000000,0.000000,0.000000,-0.061531,0.000000,0.061673
0.010068,-0.012159,-0.003721,0.000020,0.000021,0.000025,0.000000,0.000000,0.000000,0.000000,0.000000,-0.061514,0.000000,0.061682
0.010066,-0.012161,-0.003725,0.000020,0.000022,0.000024,0.000000,0.000000,0.000000,0.000000,0.000000,-0.061504,0.000000,0.061686
0.010064,-0.012163,-0.003728,0.000020,0.000023,0.000023,0.000000,0.000000,0.000000,0.000000,0.000000,-0.061507,0.000000,0.061676
0.010063,-0.012165,-0.003732,0.000019,0.000024,0.000021,0.000000,0.000000,0.000000,0.000000,0.000000,-0.061524,0.000000,0.061653
0.010061,-0.012167,-0.003735,0.000019,0.000025,0.000020,0.000000,0.000000,0.000000,0.000000,0.000000,-0.061541,0.000000,0.061626
0.010059,-0.012169,-0.003738,0.000019,0.000025,0.000018,0.000000,0.000000,0.000000,0.000000,0.000000,-0.061554,0.000000,0.061597
0.010057,-0.012172,-0.003741,0.000019,0.000026,0.000017,0.000000,0.000000,0.000000,0.000000,0.000000,-0.061565,0.000000,0.061567
0.010056,-0.012174,-0.003743,0.000018,0.000027,0.000017,0.000000,0.000000,0.000000,0.000000,0.000000,-0.061575,0.000000,0.061541
0.010054,-0.012176,-0.003746,0.000018,0.000027,0.000016,0.000000,0.000000,0.000000,0.000000,0.000000,-0.061579,0.000000,0.061519
0.010052,-0.012179,-0.003749,0.000018,0.000028,0.000015,0.000000,0.000000,0.000000,0.000000,0.000000,-0.061584,0.000000,0.061499
0.010051,-0.012181,-0.003751,0.000018,0.000028,0.000014,0.000000,0.000000,0.000000,0.000000,0.000000,-0.061592,0.000000,0.061476
0.010049,-0.012184,-0.003753,0.000018,0.000028,0.000014,0.000000,0.000000,0.000000,0.000000,0.000000,-0.061599,0.000000,0.061454
0.010048,-0.012186,-0.003755,0.000017,0.000029,0.000013,0.000000,0.000000,0.000000,0.000000,0.000000,-0.061600,0.000000,0.061439
0.010046,-0.012189,-0.003758,0.000017,0.000029,0.000013,0.000000,0.000000,0.000000,0.000000,0.000000,-0.061601,0.000000,0.061422
0.010045,-0.012191,-0.003760,0.000017,0.000029,0.000013,0.000000,0.000000,0.000000,0.000000,0.000000,-0.061606,0.000000,0.061407
0.010043,-0.012194,-0.003762,0.000017,0.000029,0.000012,0.000000,0.000000,0.000000,0.000000,0.000000,-0.061610,0.000000,0.061388
0.010042,-0.012196,-0.003763,0.000017,0.000029,0.000012,0.000000,0.000000,0.000000,0.000000,0.000000,-0.061612,0.000000,0.061373
0.010040,-0.012199,-0.003766,0.000016,0.000029,0.000012,0.000000,0.000000,0.000000,0.000000,0.000000,-0.061612,0.000000,0.061359
0.010039,-0.012201,-0.003767,0.000016,0.000029,0.000012,0.000000,0.000000,0.000000,0.000000,0.000000,-0.061614,0.000000,0.061346
0.010037,-0.012204,-0.003769,0.000016,0.000029,0.000011,0.000000,0.000000,0.000000,0.000000,0.000000,-0.061617,0.000000,0.061329
0.010036,-0.012206,-0.003771,0.000016,0.000029,0.000011,0.000000,0.000000,0.000000,0.000000,0.000000,-0.061619,0.000000,0.061316
0.010034,-0.012209,-0.003773,0.000016,0.000029,0.000011,0.000000,0.000000,0.000000,0.000000,0.000000,-0.061618,0.000000,0.061303
0.010033,-0.012212,-0.003775,0.000015,0.000029,0.000011,0.000000,0.000000,0.000000,0.000000,0.000000,-0.061619,0.000000,0.061291
0.010032,-0.012214,-0.003776,0.000015,0.000029,0.000011,0.000000,0.000000,0.000000,0.000000,0.000000,-0.061622,0.000000,0.061276
0.010030,-0.012217,-0.003778,0.000015,0.000029,0.000011,0.000000,0.000000,0.000000,0.000000,0.000000,-0.061624,0.000000,0.061263
0.010029,-0.012219,-0.003780,0.000015,0.000030,0.000011,0.000000,0.000000,0.000000,0.000000,0.000000,-0.061623,0.000000,0.061252
0.010028,-0.012222,-0.003782,0.000015,0.000029,0.000010,0.000000,0.000000,0.000000,0.000000,0.000000,-0.061623,0.000000,0.061240
0.010026,-0.012224,-0.003783,0.000015,0.000029,0.000010,0.000000,0.000000,0.000000,0.000000,0.000000,-0.061626,0.000000,0.061228
0.010025,-0.012227,-0.003785,0.000014,0.000029,0.000010,0.000000,0.000000,0.000000,0.000000,0.000000,-0.061628,0.000000,0.061214
0.010024,-0.012229,-0.003786,0.000014,0.000029,0.000010,0.000000,0.000000,0.000000,0.000000,0.000000,-0.061628,0.000000,0.061202
0.010022,-0.012232,-0.003788,0.000015,0.000029,0.000010,0.000000,0.000000,0.000000,0.000000,0.000002,-0.061627,0.000000,0.061191
0.010021,-0.012234,-0.003790,0.000016,0.000029,0.000009,0.000000,0.000000,0.000000,0.000000,0.000005,-0.061629,0.000000,0.061179
0.010020,-0.012237,-0.003791,0.000017,0.000029,0.000008,0.000000,0.000000,0.000000,0.000000,0.000000,-0.061635,0.000000,0.061159
0.010018,-0.012239,-0.003792,0.000017,0.000029,0.000007,0.000000,0.000000,0.000000,0.000000,0.000000,-0.061647,0.000000,0.061133
0.010016,-0.012242,-0.003793,0.000017,0.000029,0.000007,0.000000,0.000000,0.000000,0.000000,0.000000,-0.061656,0.000000,0.061113
0.010015,-0.012245,-0.003794,0.000017,0.000029,0.000007,0.000000,0.000000,0.000000,0.000000,0.000000,-0.061651,0.000000,0.061102
0.010014,-0.012247,-0.003796,0.000017,0.000029,0.000007,0.000000,0.000000,0.000000,0.000000,0.000000,-0.061648,0.000000,0.061089
0.010012,-0.012250,-0.003797,0.000017,0.000029,0.000007,0.000000,0.000000,0.000000,0.000000,0.000000,-0.061654,0.000000,0.061074
0.010011,-0.012252,-0.003798,0.000016,0.000029,0.000007,0.000000,0.000000,0.000000,0.000000,0.000000,-0.061657,0.000000,0.061061
0.010009,-0.012255,-0.003799,0.000016,0.000029,0.000007,0.000000,0.000000,0.000000,0.000000,0.000000,-0.061655,0.000000,0.061049
0.010008,-0.012257,-0.003800,0.000016,0.000029,0.000007,0.000000,0.000000,0.000000,0.000000,0.000000,-0.061657,0.000000,0.061035
0.010007,-0.012259,-0.003801,0.000016,0.000029,0.000007,0.000000,0.000000,0.000000,0.000000,0.000000,-0.061660,0.000000,0.061023
0.010005,-0.012262,-0.003802,0.000016,0.000029,0.000007,0.000000,0.000000,0.000000,0.000000,0.000000,-0.061661,0.000000,0.061011
0.010004,-0.012265,-0.003804,0.000015,0.000029,0.000007,0.000000,0.000000,0.000000,0.000000,0.000000,-0.061661,0.000000,0.061000
0.010002,-0.012267,-0.003805,0.000015,0.000029,0.000007,0.000000,0.000000,0.000000,0.000000,0.000000,-0.061663,0.000000,0.060987
0.010001,-0.012269,-0.003806,0.000015,0.000029,0.000007,0.000000,0.000000,0.000000,0.000000,0.000000,-0.061667,0.000000,0.060972
0.010000,-0.012272,-0.003807,0.000015,0.000028,0.000008,0.000000,0.000000,0.000000,0.000000,0.000000,-0.061668,0.000000,0.060961
0.009998,-0.012274,-0.003809,0.000015,0.000027,0.000009,0.000000,0.000000,0.000000,0.000000,0.000000,-0.061662,0.000000,0.060954
0.009997,-0.012277,-0.003810,0.000015,0.000026,0.000010,0.000000,0.000000,0.000000,0.000000,0.000000,-0.061645,0.000000,0.060959
0.009996,-0.012279,-0.003812,0.000014,0.000026,0.000010,0.000000,0.000000,0.000000,0.000000,0.000000,-0.061624,0.000000,0.060967
0.009995,-0.012281,-0.003814,0.000014,0.000025,0.000011,0.000000,0.000000,0.000000,0.000000,0.000000,-0.061613,0.000000,0.060972
0.009993,-0.012283,-0.003816,0.000015,0.000025,0.000011,0.000000,0.000000,0.000000,0.000000,0.000001,-0.061610,0.000000,0.060972
0.009992,-0.012285,-0.003817,0.000016,0.000025,0.000010,0.000000,0.000000,0.000000,0.000000,0.000005,-0.061604,0.000000,0.060972
0.009990,-0.012287,-0.003819,0.000018,0.000024,0.000010,0.000000,0.000000,0.000000,0.000000,0.000001,-0.061596,0.000000,0.060969
0.009989,-0.012289,-0.003820,0.000019,0.000024,0.000009,0.000000,0.000000,0.000000,0.000000,0.000000,-0.061598,0.000000,0.060954
0.009987,-0.012291,-0.003822,0.000019,0.000024,0.000009,0.000000,0.000000,0.000000,0.000000,0.000000,-0.061610,0.000000,0.060937
0.009985,-0.012294,-0.003823,0.000019,0.000024,0.000009,0.000000,0.000000,0.000000,0.000000,0.000000,-0.061609,0.000000,0.060925
0.009984,-0.012296,-0.003825,0.000019,0.000023,0.000009,0.000000,0.000000,0.000000,0.000000,0.000000,-0.061594,0.000000,0.060923
0.009982,-0.012298,-0.003826,0.000018,0.000023,0.000009,0.000000,0.000000,0.000000,0.000000,0.000000,-0.061587,0.000000,0.060917
0.009981,-0.012299,-0.003828,0.000018,0.000023,0.000010,0.000000,0.000000,0.000000,0.000000,0.000000,-0.061589,0.000000,0.060909
0.009979,-0.012302,-0.003829,0.000018,0.000023,0.000010,0.000000,0.000000,0.000000,0.000000,0.000000,-0.061588,0.000000,0.060902
0.009977,-0.012304,-0.003831,0.000018,0.000023,0.000010,0.000000,0.000000,0.000000,0.000000,0.000000,-0.061581,0.000000,0.060898
0.009976,-0.012306,-0.003832,0.000018,0.000023,0.000010,0.000000,0.000000,0.000000,0.000000,0.000000,-0.061577,0.000000,0.060891
0.009974,-0.012308,-0.003834,0.000017,0.000023,0.000010,0.000000,0.000000,0.000000,0.000000,0.000000,-0.061577,0.000000,0.060883
0.009973,-0.012310,-0.003836,0.000017,0.000023,0.000010,0.000000,0.000000,0.000000,0.000000,0.000000,-0.061575,0.000000,0.060876
0.009971,-0.012312,-0.003837,0.000017,0.000022,0.000010,0.000000,0.000000,0.000000,0.000000,0.000000,-0.061571,0.000000,0.060870
0.009970,-0.012313,-0.003839,0.000017,0.000022,0.000010,0.000000,0.000000,0.000000,0.000000,0.000000,-0.061569,0.000000,0.060861
0.009968,-0.012315,-0.003840,0.000017,0.000022,0.000010,0.000000,0.000000,0.000000,0.000000,0.000000,-0.061568,0.000000,0.060854
0.009967,-0.012317,-0.003842,0.000016,0.000022,0.000010,0.000000,0.000000,0.000000,0.000000,0.000000,-0.061566,0.000000,0.060846
0.009965,-0.012319,-0.003844,0.000016,0.000022,0.000010,0.000000,0.000000,0.000000,0.000000,0.000000,-0.061564,0.000000,0.060840
0.009964,-0.012321,-0.003845,0.000016,0.000022,0.000010,0.000000,0.000000,0.000000,0.000000,0.000000,-0.061562,0.000000,0.060830
0.009963,-0.012323,-0.003847,0.000016,0.000022,0.000010,0.000000,0.000000,0.000000,0.000000,0.000000,-0.061561,0.000000,0.060822
0.009961,-0.012325,-0.003848,0.000016,0.000022,0.000010,0.000000,0.000000,0.000000,0.000000,0.000000,-0.061560,0.000000,0.060815
0.009960,-0.012327,-0.003850,0.000016,0.000022,0.000010,0.000000,0.000000,0.000000,0.000000,0.000000,-0.061558,0.000000,0.060807
0.009958,-0.012329,-0.003852,0.000015,0.000022,0.000010,0.000000,0.000000,0.000000,0.000000,0.000000,-0.061557,0.000000,0.060800
0.009957,-0.012331,-0.003853,0.000015,0.000022,0.000009,0.000000,0.000000,0.000000,0.000000,0.000000,-0.061556,0.000000,0.060790
0.009956,-0.012333,-0.003855,0.000015,0.000022,0.000009,0.000000,0.000000,0.000000,0.000000,0.000000,-0.061555,0.000000,0.060782
0.009954,-0.012335,-0.003856,0.000015,0.000022,0.000009,0.000000,0.000000,0.000000,0.000000,0.000000,-0.061553,0.000000,0.060775
0.009953,-0.012337,-0.003858,0.000015,0.000022,0.000009,0.000000,0.000000,0.000000,0.000000,0.000000,-0.061552,0.000000,0.060767
0.009952,-0.012338,-0.003859,0.000014,0.000022,0.000009,0.000000,0.000000,0.000000,0.000000,0.000000,-0.061552,0.000000,0.060757
0.009951,-0.012340,-0.003861,0.000014,0.000022,0.000009,0.000000,0.000000,0.000000,0.000000,0.000000,-0.061551,0.000000,0.060750
0.009949,-0.012342,-0.003862,0.000014,0.000022,0.000009,0.000000,0.000000,0.000000,0.000000,0.000000,-0.061549,0.000000,0.060742
0.009948,-0.012344,-0.003864,0.000014,0.000022,0.000009,0.000000,0.000000,0.000000,0.000000,0.000000,-0.061548,0.000000,0.060734
0.009947,-0.012346,-0.003865,0.000014,0.000022,0.000009,0.000000,0.000000,0.000000,0.000000,0.000000,-0.061548,0.000000,0.060725
0.009946,-0.012348,-0.003867,0.000014,0.000022,0.000009,0.000000,0.000000,0.000000,0.000000,0.000000,-0.061548,0.000000,0.060717
0.009944,-0.012350,-0.003868,0.000013,0.000022,0.000009,0.000000,0.000000,0.000000,0.000000,0.000000,-0.061546,0.000000,0.060710
0.009943,-0.012352,-0.003870,0.000013,0.000022,0.000009,0.000000,0.000000,0.000000,0.000000,0.000000,-0.061545,0.000000,0.060702
0.009942,-0.012354,-0.003871,0.000013,0.000022,0.000009,0.000000,0.000000,0.000000,0.000000,0.000000,-0.061546,0.000000,0.060692
0.009941,-0.012355,-0.003873,0.000013,0.000022,0.000009,0.000000,0.000000,0.000000,0.000000,0.000000,-0.061545,0.000000,0.060684
0.009940,-0.012357,-0.003874,0.000013,0.000022,0.000009,0.000000,0.000000,0.000000,0.000000,0.000000,-0.061544,0.000000,0.060676
0.009939,-0.012359,-0.003876,0.000013,0.000021,0.000009,0.000000,0.000000,0.000000,0.000000,0.000000,-0.061543,0.000000,0.060669
0.009938,-0.012361,-0.003877,0.000013,0.000021,0.000009,0.000000,0.000000,0.000000,0.000000,0.000000,-0.061544,0.000000,0.060659
0.009936,-0.012363,-0.003878,0.000012,0.000021,0.000009,0.000000,0.000000,0.000000,0.000000,0.000000,-0.061544,0.000000,0.060651
0.009935,-0.012365,-0.003880,0.000012,0.000021,0.000009,0.000000,0.000000,0.000000,0.000000,0.000000,-0.061542,0.000000,0.060644
0.009934,-0.012367,-0.003881,0.000012,0.000021,0.000009,0.000000,0.000000,0.000000,0.000000,0.000000,-0.061541,0.000000,0.060636
0.009933,-0.012369,-0.003883,0.000012,0.000021,0.000008,0.000000,0.000000,0.000000,0.000000,0.000000,-0.061542,0.000000,0.060626
0.009932,-0.012370,-0.003884,0.000012,0.000021,0.000008,0.000000,0.000000,0.000000,0.000000,0.000000,-0.061542,0.000000,0.060618
0.009931,-0.012372,-0.003885,0.000012,0.000021,0.000008,0.000000,0.000000,0.000000,0.000000,0.000000,-0.061541,0.000000,0.060611
0.009930,-0.012374,-0.003887,0.000012,0.000021,0.000008,0.000000,0.000000,0.000000,0.000000,0.000000,-0.061540,0.000000,0.060603
0.009929,-0.012376,-0.003888,0.000011,0.000021,0.000008,0.000000,0.000000,0.000000,0.000000,0.000000,-0.061541,0.000000,0.060595
0.009928,-0.012378,-0.003889,0.000011,0.000021,0.000008,0.000000,0.000000,0.000000,0.000000,0.000000,-0.061541,0.000000,0.060585
0.009927,-0.012379,-0.003891,0.000011,0.000021,0.000008,0.000000,0.000000,0.000000,0.000000,0.000000,-0.061541,0.000000,0.060578
0.009926,-0.012381,-0.003892,0.000011,0.000021,0.000008,0.000000,0.000000,0.000000,0.000000,0.000000,-0.061540,0.000000,0.060570
0.009925,-0.012383,-0.003893,0.000011,0.000021,0.000008,0.000000,0.000000,0.000000,0.000000,0.000000,-0.061540,0.000000,0.060563
0.009924,-0.012385,-0.003895,0.000011,0.000021,0.000008,0.000000,0.000000,0.000000,0.000000,0.000000,-0.061541,0.000000,0.060553
0.009923,-0.012387,-0.003896,0.000011,0.000020,0.000009,0.000000,0.000000,0.000000,0.000000,0.000000,-0.061541,0.000000,0.060545
0.009922,-0.012389,-0.003898,0.000011,0.000019,0.000010,0.000000,0.000000,0.000000,0.000000,0.000000,-0.061535,0.000000,0.060542
0.009921,-0.012390,-0.003900,0.000010,0.000018,0.000012,0.000000,0.000000,0.000000,0.000000,0.000000,-0.061517,0.000000,0.060550
0.009920,-0.012392,-0.003902,0.000011,0.000017,0.000013,0.000000,0.000000,0.000000,0.000000,0.000007,-0.061486,0.000000,0.060569
0.009919,-0.012393,-0.003904,0.000012,0.000016,0.000013,0.000000,0.000000,0.000000,0.000000,0.000019,-0.061454,0.000000,0.060595
0.009918,-0.012394,-0.003906,0.000014,0.000015,0.000014,0.000000,0.000000,0.000000,0.000000,0.000018,-0.061429,0.000000,0.060612
0.009916,-0.012396,-0.003909,0.000016,0.000014,0.000013,0.000000,0.000000,0.000000,0.000000,0.000002,-0.061418,0.000000,0.060616
0.009915,-0.012397,-0.003911,0.000017,0.000014,0.000013,0.000000,0.000000,0.000000,0.000000,0.000000,-0.061410,0.000000,0.060618
0.009913,-0.012398,-0.003913,0.000017,0.000013,0.000014,0.000000,0.000000,0.000000,0.000000,0.000000,-0.061408,0.000000,0.060625
0.009912,-0.012399,-0.003915,0.000017,0.000012,0.000014,0.000000,0.000000,0.000000,0.000000,0.000000,-0.061394,0.000000,0.060631
0.009910,-0.012400,-0.003918,0.000017,0.000012,0.000015,0.000000,0.000000,0.000000,0.000000,0.000000,-0.061374,0.000000,0.060642
0.009909,-0.012401,-0.003920,0.000017,0.000012,0.000015,0.000000,0.000000,0.000000,0.000000,0.000000,-0.061359,0.000000,0.060652
0.009907,-0.012402,-0.003923,0.000016,0.000011,0.000016,0.000000,0.000000,0.000000,0.000000,0.000000,-0.061348,0.000000,0.060658
0.009906,-0.012403,-0.003925,0.000016,0.000011,0.000016,0.000000,0.000000,0.000000,0.000000,0.000000,-0.061336,0.000000,0.060666
0.009904,-0.012404,-0.003928,0.000016,0.000011,0.000016,0.000000,0.000000,0.000000,0.000000,0.000000,-0.061324,0.000000,0.060672
0.009903,-0.012405,-0.003931,0.000016,0.000011,0.000016,0.000000,0.000000,0.000000,0.000000,0.000000,-0.061314,0.000000,0.060676
0.009901,-0.012406,-0.003933,0.000016,0.000011,0.000016,0.000000,0.000000,0.000000,0.000000,0.000000,-0.061302,0.000000,0.060681
0.009900,-0.012407,-0.003936,0.000015,0.000010,0.000017,0.000000,0.000000,0.000000,0.000000,0.000000,-0.061293,0.000000,0.060685
0.009898,-0.012408,-0.003939,0.000015,0.000010,0.000017,0.000000,0.000000,0.000000,0.000000,0.000000,-0.061286,0.000000,0.060688
0.009897,-0.012409,-0.003942,0.000015,0.000010,0.000017,0.000000,0.000000,0.000000,0.000000,0.000000,-0.061278,0.000000,0.060690
0.009896,-0.012410,-0.003944,0.000015,0.000010,0.000017,0.000000,0.000000,0.000000,0.000000,0.000000,-0.061267,0.000000,0.060693
0.009895,-0.012411,-0.003947,0.000015,0.000010,0.000017,0.000000,0.000000,0.000000,0.000000,0.000000,-0.061257,0.000000,0.060696
0.009893,-0.012412,-0.003950,0.000015,0.000010,0.000017,0.000000,0.000000,0.000000,0.000000,0.000000,-0.061252,0.000000,0.060696
0.009892,-0.012413,-0.003953,0.000014,0.000010,0.000017,0.000000,0.000000,0.000000,0.000000,0.000000,-0.061246,0.000000,0.060697
0.009890,-0.012414,-0.003955,0.000014,0.000010,0.000017,0.000000,0.000000,0.000000,0.000000,0.000000,-0.061234,0.000000,0.060699
0.009889,-0.012415,-0.003958,0.000014,0.000010,0.000017,0.000000,0.000000,0.000000,0.000000,0.000000,-0.061227,0.000000,0.060700
0.009888,-0.012416,-0.003961,0.000014,0.000010,0.000016,0.000000,0.000000,0.000000,0.000000,0.000000,-0.061223,0.000000,0.060699
0.009887,-0.012417,-0.003963,0.000014,0.000010,0.000016,0.000000,0.000000,0.000000,0.000000,0.000000,-0.061217,0.000000,0.060699
0.009885,-0.012418,-0.003966,0.000014,0.000010,0.000016,0.000000,0.000000,0.000000,0.000000,0.000000,-0.061206,0.000000,0.060701
0.009884,-0.012419,-0.003969,0.000013,0.000010,0.000016,0.000000,0.000000,0.000000,0.000000,0.000000,-0.061200,0.000000,0.060701
0.009883,-0.012419,-0.003971,0.000013,0.000010,0.000016,0.000000,0.000000,0.000000,0.000000,0.000000,-0.061197,0.000000,0.060700
0.009882,-0.012420,-0.003974,0.000013,0.000010,0.000016,0.000000,0.000000,0.000000,0.000000,0.000000,-0.061190,0.000000,0.060700
0.009880,-0.012421,-0.003977,0.000013,0.000010,0.000016,0.000000,0.000000,0.000000,0.000000,0.000000,-0.061183,0.000000,0.060700
0.009879,-0.012422,-0.003979,0.000013,0.000010,0.000016,0.000000,0.000000,0.000000,0.000000,0.000000,-0.061175,0.000000,0.060701
0.009878,-0.012423,-0.003982,0.000013,0.000010,0.000016,0.000000,0.000000,0.000000,0.000000,0.000000,-0.061170,0.000000,0.060699
0.009877,-0.012424,-0.003984,0.000013,0.000010,0.000016,0.000000,0.000000,0.000000,0.000000,0.000000,-0.061166,0.000000,0.060698
0.009876,-0.012425,-0.003987,0.000012,0.000010,0.000016,0.000000,0.000000,0.000000,0.000000,0.000000,-0.061159,0.000000,0.060698
0.009875,-0.012426,-0.003989,0.000012,0.000010,0.000015,0.000000,0.000000,0.000000,0.000000,0.000000,-0.061150,0.000000,0.060698
0.009874,-0.012427,-0.003992,0.000012,0.000010,0.000015,0.000000,0.000000,0.000000,0.000000,0.000000,-0.061147,0.000000,0.060697
0.009872,-0.012428,-0.003994,0.000012,0.000010,0.000015,0.000000,0.000000,0.000000,0.000000,0.000000,-0.061143,0.000000,0.060695
0.009871,-0.012429,-0.003997,0.000012,0.000010,0.000015,0.000000,0.000000,0.000000,0.000000,0.000000,-0.061137,0.000000,0.060695
0.009870,-0.012430,-0.003999,0.000012,0.000010,0.000015,0.000000,0.000000,0.000000,0.000000,0.000000,-0.061129,0.000000,0.060695
0.009869,-0.012431,-0.004002,0.000012,0.000010,0.000015,0.000000,0.000000,0.000000,0.000000,0.000000,-0.061124,0.000000,0.060694
0.009868,-0.012432,-0.004004,0.000011,0.000011,0.000015,0.000000,0.000000,0.000000,0.000000,0.000000,-0.061121,0.000000,0.060692
0.009867,-0.012433,-0.004007,0.000011,0.000011,0.000015,0.000000,0.000000,0.000000,0.000000,0.000000,-0.061115,0.000000,0.060691
0.009866,-0.012434,-0.004009,0.000011,0.000011,0.000015,0.000000,0.000000,0.000000,0.000000,0.000000,-0.061108,0.000000,0.060691
0.009865,-0.012435,-0.004011,0.000011,0.000011,0.000015,0.000000,0.000000,0.000000,0.000000,0.000000,-0.061104,0.000000,0.060689
0.009864,-0.012436,-0.004013,0.000011,0.000011,0.000014,0.000000,0.000000,0.000000,0.000000,0.000000,-0.061100,0.000000,0.060687
0.009863,-0.012437,-0.004016,0.000011,0.000011,0.000014,0.000000,0.000000,0.000000,0.000000,0.000000,-0.061095,0.000000,0.060686
0.009862,-0.012438,-0.004018,0.000011,0.000011,0.000014,0.000000,0.000000,0.000000,0.000000,0.000000,-0.061089,0.000000,0.060686
0.009861,-0.012439,-0.004021,0.000011,0.000011,0.000014,0.000000,0.000000,0.000000,0.000000,0.000000,-0.061084,0.000000,0.060684
0.009860,-0.012440,-0.004023,0.000010,0.000011,0.000014,0.000000,0.000000,0.000000,0.000000,0.000000,-0.061080,0.000000,0.060683
0.009859,-0.012441,-0.004025,0.000010,0.000011,0.000014,0.000000,0.000000,0.000000,0.000000,0.000000,-0.061076,0.000000,0.060681
0.009858,-0.012442,-0.004028,0.000010,0.000011,0.000014,0.000000,0.000000,0.000000,0.000000,0.000000,-0.061072,0.000000,0.060680
0.009857,-0.012443,-0.004030,0.000010,0.000011,0.000014,0.000000,0.000000,0.000000,0.000000,0.000000,-0.061065,0.000000,0.060679
0.009856,-0.012444,-0.004032,0.000010,0.000011,0.000014,0.000000,0.000000,0.000000,0.000000,0.000000,-0.061061,0.000000,0.060677
0.009855,-0.012445,-0.004034,0.000010,0.000011,0.000014,0.000000,0.000000,0.000000,0.000000,0.000000,-0.061059,0.000000,0.060675
0.009854,-0.012446,-0.004036,0.000010,0.000011,0.000013,0.000000,0.000000,0.000000,0.000000,0.000000,-0.061055,0.000000,0.060674
0.009853,-0.012447,-0.004039,0.000010,0.000011,0.000013,0.000000,0.000000,0.000000,0.000000,0.000000,-0.061047,0.000000,0.060672
0.009853,-0.012448,-0.004041,0.000009,0.000011,0.000013,0.000000,0.000000,0.000000,0.000000,0.000000,-0.061044,0.000000,0.060671
0.009852,-0.012449,-0.004043,0.000009,0.000011,0.000013,0.000000,0.000000,0.000000,0.000000,0.000000,-0.061042,0.000000,0.060668
0.009851,-0.012450,-0.004045,0.000009,0.000011,0.000013,0.000000,0.000000,0.000000,0.000000,0.000000,-0.061038,0.000000,0.060667
0.009850,-0.012451,-0.004047,0.000009,0.000011,0.000013,0.000000,0.000000,0.000000,0.000000,0.000000,-0.061031,0.000000,0.060666
0.009849,-0.012452,-0.004049,0.000009,0.000011,0.000013,0.000000,0.000000,0.000000,0.000000,0.000000,-0.061027,0.000000,0.060664
0.009848,-0.012453,-0.004051,0.000009,0.000011,0.000013,0.000000,0.000000,0.000000,0.000000,0.000000,-0.061026,0.000000,0.060661
0.009847,-0.012454,-0.004053,0.000009,0.000011,0.000013,0.000000,0.000000,0.000000,0.000000,0.000000,-0.061021,0.000000,0.060659
0.009847,-0.012455,-0.004055,0.000009,0.000011,0.000012,0.000000,0.000000,0.000000,0.000000,0.000000,-0.061017,0.000000,0.060658
0.009846,-0.012456,-0.004057,0.000011,0.000011,0.000011,0.000000,0.000000,0.000000,0.000000,0.000002,-0.061013,0.000000,0.060656
0.009845,-0.012457,-0.004059,0.000012,0.000011,0.000010,0.000000,0.000000,0.000000,0.000000,0.000000,-0.061014,0.000000,0.060649
0.009843,-0.012458,-0.004061,0.000012,0.000011,0.000010,0.000000,0.000000,0.000000,0.000000,0.000000,-0.061023,0.000000,0.060633
0.009842,-0.012459,-0.004062,0.000012,0.000011,0.000010,0.000000,0.000000,0.000000,0.000000,0.000000,-0.061027,0.000000,0.060621
0.009841,-0.012460,-0.004064,0.000012,0.000011,0.000010,0.000000,0.000000,0.000000,0.000000,0.000000,-0.061017,0.000000,0.060618
0.009840,-0.012461,-0.004065,0.000012,0.000011,0.000010,0.000000,0.000000,0.000000,0.000000,0.000000,-0.061009,0.000000,0.060617
0.009839,-0.012462,-0.004067,0.000012,0.000011,0.000010,0.000000,0.000000,0.000000,0.000000,0.000000,-0.061010,0.000000,0.060611
0.009838,-0.012463,-0.004069,0.000012,0.000011,0.000009,0.000000,0.000000,0.000000,0.000000,0.000000,-0.061010,0.000000,0.060607
0.009837,-0.012464,-0.004070,0.000011,0.000011,0.000009,0.000000,0.000000,0.000000,0.000000,0.000000,-0.061004,0.000000,0.060605
0.009836,-0.012465,-0.004071,0.000011,0.000011,0.000009,0.000000,0.000000,0.000000,0.000000,0.000000,-0.060999,0.000000,0.060602
0.009835,-0.012466,-0.004073,0.000011,0.000011,0.000009,0.000000,0.000000,0.000000,0.000000,0.000000,-0.060999,0.000000,0.060598
0.009834,-0.012467,-0.004075,0.000011,0.000011,0.000009,0.000000,0.000000,0.000000,0.000000,0.000000,-0.060997,0.000000,0.060595
0.009833,-0.012468,-0.004076,0.000011,0.000011,0.000009,0.000000,0.000000,0.000000,0.000000,0.000000,-0.060992,0.000000,0.060592
0.009832,-0.012469,-0.004077,0.000011,0.000011,0.000009,0.000000,0.000000,0.000000,0.000000,0.000000,-0.060989,0.000000,0.060589
0.009831,-0.012470,-0.004079,0.000011,0.000011,0.000009,0.000000,0.000000,0.000000,0.000000,0.000000,-0.060988,0.000000,0.060585
0.009830,-0.012471,-0.004081,0.000010,0.000011,0.000009,0.000000,0.000000,0.000000,0.000000,0.000000,-0.060986,0.000000,0.060582
0.009829,-0.012472,-0.004082,0.000010,0.000011,0.000009,0.000000,0.000000,0.000000,0.000000,0.000000,-0.060982,0.000000,0.060579
0.009828,-0.012473,-0.004083,0.000010,0.000011,0.000009,0.000000,0.000000,0.000000,0.000000,0.000000,-0.060980,0.000000,0.060576
0.009828,-0.012474,-0.004085,0.000010,0.000011,0.000009,0.000000,0.000000,0.000000,0.000000,0.000000,-0.060978,0.000000,0.060572
0.009826,-0.012475,-0.004086,0.000010,0.000011,0.000009,0.000000,0.000000,0.000000,0.000000,0.000000,-0.060976,0.000000,0.060569
0.009826,-0.012476,-0.004088,0.000010,0.000011,0.000009,0.000000,0.000000,0.000000,0.000000,0.000000,-0.060973,0.000000,0.060566
0.009825,-0.012477,-0.004089,0.000010,0.000011,0.000009,0.000000,0.000000,0.000000,0.000000,0.000000,-0.060970,0.000000,0.060562
0.009824,-0.012478,-0.004090,0.000010,0.000011,0.000009,0.000000,0.000000,0.000000,0.000000,0.000000,-0.060969,0.000000,0.060559
0.009823,-0.012479,-0.004092,0.000010,0.000011,0.000009,0.000000,0.000000,0.000000,0.000000,0.000000,-0.060967,0.000000,0.060555
0.009822,-0.012480,-0.004093,0.000009,0.000011,0.000009,0.000000,0.000000,0.000000,0.000000,0.000000,-0.060964,0.000000,0.060552
0.009821,-0.012481,-0.004095,0.000009,0.000010,0.000011,0.000000,0.000000,0.000000,0.000000,0.000000,-0.060956,0.000000,0.060553
0.009820,-0.012482,-0.004097,0.000009,0.000009,0.000012,0.000000,0.000000,0.000000,0.000000,0.000000,-0.060934,0.000000,0.060567
0.009819,-0.012483,-0.004099,0.000009,0.000008,0.000013,0.000000,0.000000,0.000000,0.000000,0.000000,-0.060904,0.000000,0.060589
0.009819,-0.012483,-0.004102,0.000009,0.000007,0.000014,0.000000,0.000000,0.000000,0.000000,0.000000,-0.060880,0.000000,0.060612
0.009818,-0.012484,-0.004104,0.000009,0.000007,0.000015,0.000000,0.000000,0.000000,0.000000,0.000000,-0.060860,0.000000,0.060633
0.009817,-0.012484,-0.004107,0.000009,0.000006,0.000016,0.000000,0.000000,0.000000,0.000000,0.000000,-0.060843,0.000000,0.060651
0.009816,-0.012485,-0.004109,0.000009,0.000006,0.000016,0.000000,0.000000,0.000000,0.000000,0.000000,-0.060829,0.000000,0.060666
0.009815,-0.012485,-0.004112,0.000009,0.000005,0.000017,0.000000,0.000000,0.000000,0.000000,0.000000,-0.060815,0.000000,0.060680
0.009814,-0.012486,-0.004115,0.000009,0.000005,0.000017,0.000000,0.000000,0.000000,0.000000,0.000001,-0.060801,0.000000,0.060693
0.009814,-0.012486,-0.004117,0.000010,0.000005,0.000016,0.000000,0.000000,0.000000,0.000000,0.000005,-0.060784,0.000000,0.060706
0.009812,-0.012487,-0.004120,0.000012,0.000005,0.000015,0.000000,0.000000,0.000000,0.000000,0.000000,-0.060775,0.000000,0.060712
0.009811,-0.012487,-0.004123,0.000012,0.000004,0.000015,0.000000,0.000000,0.000000,0.000000,0.000000,-0.060777,0.000000,0.060705
0.009810,-0.012488,-0.004125,0.000012,0.000004,0.000015,0.000000,0.000000,0.000000,0.000000,0.000000,-0.060777,0.000000,0.060704
0.009809,-0.012488,-0.004127,0.000012,0.000004,0.000016,0.000000,0.000000,0.000000,0.000000,0.000000,-0.060756,0.000000,0.060713
0.009808,-0.012489,-0.004130,0.000012,0.000004,0.000016,0.000000,0.000000,0.000000,0.000000,0.000000,-0.060740,0.000000,0.060722
0.009807,-0.012489,-0.004133,0.000011,0.000004,0.000016,0.000000,0.000000,0.000000,0.000000,0.000000,-0.060737,0.000000,0.060724
0.009806,-0.012489,-0.004135,0.000011,0.000004,0.000016,0.000000,0.000000,0.000000,0.000000,0.000000,-0.060733,0.000000,0.060727
0.009805,-0.012490,-0.004138,0.000011,0.000004,0.000016,0.000000,0.000000,0.000000,0.000000,0.000000,-0.060718,0.000000,0.060735
0.009804,-0.012490,-0.004140,0.000011,0.000004,0.000016,0.000000,0.000000,0.000000,0.000000,0.000000,-0.060706,0.000000,0.060741
0.009803,-0.012491,-0.004143,0.000011,0.000004,0.000016,0.000000,0.000000,0.000000,0.000000,0.000000,-0.060703,0.000000,0.060743
0.009802,-0.012491,-0.004145,0.000011,0.000004,0.000016,0.000000,0.000000,0.000000,0.000000,0.000000,-0.060697,0.000000,0.060746
0.009801,-0.012491,-0.004148,0.000011,0.000004,0.000016,0.000000,0.000000,0.000000,0.000000,0.000000,-0.060684,0.000000,0.060752
0.009800,-0.012492,-0.004150,0.000011,0.000004,0.000016,0.000000,0.000000,0.000000,0.000000,0.000000,-0.060676,0.000000,0.060756
0.009799,-0.012492,-0.004153,0.000010,0.000004,0.000015,0.000000,0.000000,0.000000,0.000000,0.000000,-0.060672,0.000000,0.060758
0.009798,-0.012493,-0.004156,0.000010,0.000004,0.000015,0.000000,0.000000,0.000000,0.000000,0.000000,-0.060666,0.000000,0.060760
0.009797,-0.012493,-0.004158,0.000010,0.000004,0.000015,0.000000,0.000000,0.000000,0.000000,0.000000,-0.060654,0.000000,0.060765
0.009796,-0.012493,-0.004160,0.000010,0.000004,0.000015,0.000000,0.000000,0.000000,0.000000,0.000000,-0.060646,0.000000,0.060768
0.009795,-0.012494,-0.004163,0.000010,0.000004,0.000015,0.000000,0.000000,0.000000,0.000000,0.000000,-0.060643,0.000000,0.060769
0.009794,-0.012494,-0.004166,0.000010,0.000004,0.000015,0.000000,0.000000,0.000000,0.000000,0.000000,-0.060637,0.000000,0.060772
0.009793,-0.012495,-0.004168,0.000010,0.000004,0.000015,0.000000,0.000000,0.000000,0.000000,0.000000,-0.060629,0.000000,0.060775
0.009792,-0.012495,-0.004170,0.000010,0.000004,0.000015,0.000000,0.000000,0.000000,0.000000,0.000000,-0.060620,0.000000,0.060778
0.009791,-0.012496,-0.004173,0.000010,0.000004,0.000015,0.000000,0.000000,0.000000,0.000000,0.000000,-0.060614,0.000000,0.060780
0.009790,-0.012496,-0.004175,0.000009,0.000004,0.000015,0.000000,0.000000,0.000000,0.000000,0.000000,-0.060610,0.000000,0.060781
0.009789,-0.012496,-0.004178,0.000009,0.000004,0.000015,0.000000,0.000000,0.000000,0.000000,0.000000,-0.060603,0.000000,0.060784
0.009789,-0.012497,-0.004180,0.000009,0.000004,0.000014,0.000000,0.000000,0.000000,0.000000,0.000000,-0.060594,0.000000,0.060787
0.009788,-0.012497,-0.004182,0.000009,0.000004,0.000014,0.000000,0.000000,0.000000,0.000000,0.000000,-0.060589,0.000000,0.060789
0.009787,-0.012498,-0.004185,0.000009,0.000004,0.000014,0.000000,0.000000,0.000000,0.000000,0.000000,-0.060585,0.000000,0.060789
0.009786,-0.012498,-0.004187,0.000009,0.000004,0.000014,0.000000,0.000000,0.000000,0.000000,0.000000,-0.060579,0.000000,0.060791
0.009785,-0.012499,-0.004189,0.000009,0.000004,0.000014,0.000000,0.000000,0.000000,0.000000,0.000000,-0.060570,0.000000,0.060795
0.009784,-0.012499,-0.004191,0.000009,0.000005,0.000014,0.000000,0.000000,0.000000,0.000000,0.000000,-0.060564,0.000000,0.060796
0.009783,-0.012500,-0.004194,0.000009,0.000005,0.000014,0.000000,0.000000,0.000000,0.000000,0.000000,-0.060561,0.000000,0.060796
0.009783,-0.012500,-0.004196,0.000008,0.000005,0.000014,0.000000,0.000000,0.000000,0.000000,0.000000,-0.060555,0.000000,0.060798
0.009782,-0.012501,-0.004198,0.000008,0.000005,0.000013,0.000000,0.000000,0.000000,0.000000,0.000000,-0.060546,0.000000,0.060801
0.009781,-0.012501,-0.004200,0.000008,0.000006,0.000011,0.000000,0.000000,0.000000,0.000000,0.000000,-0.060548,0.000000,0.060797
0.009780,-0.012502,-0.004201,0.000008,0.000007,0.000010,0.000000,0.000000,0.000000,0.000000,0.000000,-0.060564,0.000000,0.060781
0.009780,-0.012503,-0.004203,0.000008,0.000008,0.000009,0.000000,0.000000,0.000000,0.000000,0.000000,-0.060586,0.000000,0.060758
0.009779,-0.012503,-0.004204,0.000008,0.000009,0.000007,0.000000,0.000000,0.000000,0.000000,0.000000,-0.060602,0.000000,0.060733
0.009778,-0.012504,-0.004205,0.000008,0.000010,0.000006,0.000000,0.000000,0.000000,0.000000,0.000000,-0.060614,0.000000,0.060710
0.009778,-0.012505,-0.004206,0.000008,0.000010,0.000006,0.000000,0.000000,0.000000,0.000000,0.000000,-0.060624,0.000000,0.060690
0.009777,-0.012506,-0.004207,0.000008,0.000011,0.000005,0.000000,0.000000,0.000000,0.000000,0.000000,-0.060632,0.000000,0.060672
0.009776,-0.012507,-0.004208,0.000008,0.000011,0.000004,0.000000,0.000000,0.000000,0.000000,0.000000,-0.060639,0.000000,0.060656
0.009776,-0.012508,-0.004208,0.000008,0.000012,0.000004,0.000000,0.000000,0.000000,0.000000,0.000000,-0.060648,0.000000,0.060639
0.009775,-0.012509,-0.004209,0.000007,0.000012,0.000003,0.000000,0.000000,0.000000,0.000000,0.000000,-0.060657,0.000000,0.060624
0.009774,-0.012510,-0.004209,0.000007,0.000012,0.000003,0.000000,0.000000,0.000000,0.000000,0.000000,-0.060660,0.000000,0.060613
0.009774,-0.012511,-0.004210,0.000007,0.000012,0.000003,0.000000,0.000000,0.000000,0.000000,0.000000,-0.060663,0.000000,0.060601
0.009773,-0.012512,-0.004210,0.000007,0.000013,0.000002,0.000000,0.000000,0.000000,0.000000,0.000000,-0.060671,0.000000,0.060588
0.009772,-0.012513,-0.004210,0.000007,0.000013,0.000002,0.000000,0.000000,0.000000,0.000000,0.000000,-0.060677,0.000000,0.060577
0.009772,-0.012515,-0.004211,0.000007,0.000013,0.000002,0.000000,0.000000,0.000000,0.000000,0.000000,-0.060678,0.000000,0.060568
0.009771,-0.012516,-0.004211,0.000007,0.000013,0.000002,0.000000,0.000000,0.000000,0.000000,0.000000,-0.060681,0.000000,0.060559
0.009771,-0.012517,-0.004211,0.000007,0.000013,0.000002,0.000000,0.000000,0.000000,0.000000,0.000000,-0.060686,0.000000,0.060548
0.009770,-0.012518,-0.004212,0.000007,0.000012,0.000002,0.000000,0.000000,0.000000,0.000000,0.000000,-0.060691,0.000000,0.060539
0.009769,-0.012519,-0.004212,0.000007,0.000012,0.000003,0.000000,0.000000,0.000000,0.000000,0.000000,-0.060686,0.000000,0.060537
0.009769,-0.012520,-0.004213,0.000007,0.000010,0.000005,0.000000,0.000000,0.000000,0.000000,0.000000,-0.060668,0.000000,0.060546
0.009768,-0.012521,-0.004214,0.000007,0.000009,0.000007,0.000000,0.000000,0.000000,0.000000,0.000000,-0.060645,0.000000,0.060563
0.009768,-0.012521,-0.004215,0.000006,0.000008,0.000008,0.000000,0.000000,0.000000,0.000000,0.000000,-0.060616,0.000000,0.060588
0.009767,-0.012522,-0.004217,0.000006,0.000007,0.000009,0.000000,0.000000,0.000000,0.000000,0.000000,-0.060585,0.000000,0.060618
0.009766,-0.012523,-0.004219,0.000006,0.000006,0.000011,0.000000,0.000000,0.000000,0.000000,0.000000,-0.060567,0.000000,0.060640
0.009766,-0.012523,-0.004221,0.000006,0.000005,0.000011,0.000000,0.000000,0.000000,0.000000,0.000000,-0.060557,0.000000,0.060657
0.009765,-0.012524,-0.004223,0.000006,0.000005,0.000012,0.000000,0.000000,0.000000,0.000000,0.000000,-0.060535,0.000000,0.060678
0.009765,-0.012524,-0.004224,0.000006,0.000005,0.000012,0.000000,0.000000,0.000000,0.000000,0.000000,-0.060515,0.000000,0.060697
0.009764,-0.012525,-0.004226,0.000006,0.000006,0.000011,0.000000,0.000000,0.000000,0.000000,0.000000,-0.060511,0.000000,0.060705
0.009763,-0.012525,-0.004228,0.000006,0.000007,0.000010,0.000000,0.000000,0.000000,0.000000,0.000000,-0.060521,0.000000,0.060700
0.009763,-0.012526,-0.004229,0.000006,0.000008,0.000008,0.000000,0.000000,0.000000,0.000000,0.000000,-0.060535,0.000000,0.060686
0.009762,-0.012527,-0.004230,0.000006,0.000009,0.000006,0.000000,0.000000,0.000000,0.000000,0.000000,-0.060554,0.000000,0.060663
0.009762,-0.012528,-0.004231,0.000006,0.000011,0.000004,0.000000,0.000000,0.000000,0.000000,0.000000,-0.060578,0.000000,0.060634
0.009761,-0.012529,-0.004231,0.000006,0.000012,0.000002,0.000000,0.000000,0.000000,0.000000,0.000000,-0.060607,0.000000,0.060598
0.009761,-0.012530,-0.004232,0.000006,0.000013,0.000001,0.000000,0.000000,0.000000,0.000000,0.000000,-0.060643,0.000000,0.060554
0.009760,-0.012531,-0.004232,0.000006,0.000013,0.000000,0.000000,0.000000,0.000000,0.000000,0.000000,-0.060667,0.000000,0.060518
0.009760,-0.012532,-0.004232,0.000005,0.000013,0.000000,0.000000,0.000000,0.000000,0.000000,0.000000,-0.060671,0.000000,0.060497
0.009759,-0.012533,-0.004232,0.000005,0.000013,0.000001,0.000000,0.000000,0.000000,0.000000,0.000000,-0.060667,0.000000,0.060486
0.009759,-0.012534,-0.004232,0.000005,0.000012,0.000002,0.000000,0.000000,0.000000,0.000000,0.000000,-0.060661,0.000000,0.060482
0.009759,-0.012535,-0.004233,0.000005,0.000011,0.000004,0.000000,0.000000,0.000000,0.000000,0.000000,-0.060647,0.000000,0.060489
0.009758,-0.012536,-0.004234,0.000005,0.000009,0.000006,0.000000,0.000000,0.000000,0.000000,0.000000,-0.060621,0.000000,0.060509
0.009758,-0.012536,-0.004235,0.000005,0.000008,0.000008,0.000000,0.000000,0.000000,0.000000,0.000000,-0.060593,0.000000,0.060534
0.009757,-0.012537,-0.004237,0.000005,0.000006,0.000010,0.000000,0.000000,0.000000,0.000000,0.000000,-0.060565,0.000000,0.060563
0.009757,-0.012537,-0.004239,0.000005,0.000004,0.000012,0.000000,0.000000,0.000000,0.000000,0.000000,-0.060524,0.000000,0.060604
0.009756,-0.012538,-0.004241,0.000005,0.000004,0.000013,0.000000,0.000000,0.000000,0.000000,0.000001,-0.060478,0.000000,0.060650
0.009755,-0.012538,-0.004243,0.000007,0.000004,0.000012,0.000000,0.000000,0.000000,0.000000,0.000010,-0.060460,0.000000,0.060677
0.009755,-0.012539,-0.004245,0.000009,0.000004,0.000010,0.000000,0.000000,0.000000,0.000000,0.000007,-0.060468,0.000000,0.060683
0.009754,-0.012539,-0.004246,0.000010,0.000005,0.000009,0.000000,0.000000,0.000000,0.000000,0.000000,-0.060476,0.000000,0.060670
0.009753,-0.012539,-0.004247,0.000010,0.000006,0.000007,0.000000,0.000000,0.000000,0.000000,0.000000,-0.060494,0.000000,0.060651
0.009752,-0.012540,-0.004248,0.000010,0.000007,0.000005,0.000000,0.000000,0.000000,0.000000,0.000000,-0.060517,0.000000,0.060627
0.009751,-0.012541,-0.004249,0.000010,0.000009,0.000003,0.000000,0.000000,0.000000,0.000000,0.000000,-0.060534,0.000000,0.060601
0.009750,-0.012542,-0.004249,0.000010,0.000010,0.000001,0.000000,0.000000,0.000000,0.000000,0.000000,-0.060559,0.000000,0.060566
0.009749,-0.012543,-0.004249,0.000010,0.000011,-0.000001,0.000000,0.000000,0.000000,0.000000,0.000000,-0.060600,0.000000,0.060520
0.009749,-0.012544,-0.004248,0.000010,0.000012,-0.000002,0.000000,0.000000,0.000000,0.000000,0.000000,-0.060632,0.000000,0.060478
0.009748,-0.012545,-0.004248,0.000010,0.000012,-0.000002,0.000000,0.000000,0.000000,0.000000,0.000000,-0.060641,0.000000,0.060450
0.009747,-0.012546,-0.004248,0.000010,0.000012,-0.000002,0.000000,0.000000,0.000000,0.000000,0.000000,-0.060638,0.000000,0.060436
0.009746,-0.012547,-0.004248,0.000009,0.000011,-0.000001,0.000000,0.000000,0.000000,0.000000,0.000000,-0.060636,0.000000,0.060426
0.009745,-0.012547,-0.004248,0.000009,0.000010,0.000001,0.000000,0.000000,0.000000,0.000000,0.000000,-0.060625,0.000000,0.060430
0.009744,-0.012548,-0.004248,0.000009,0.000008,0.000003,0.000000,0.000000,0.000000,0.000000,0.000000,-0.060602,0.000000,0.060445
0.009744,-0.012549,-0.004249,0.000009,0.000007,0.000005,0.000000,0.000000,0.000000,0.000000,0.000000,-0.060576,0.000000,0.060466
0.009743,-0.012549,-0.004250,0.000009,0.000005,0.000007,0.000000,0.000000,0.000000,0.000000,0.000000,-0.060543,0.000000,0.060497
0.009742,-0.012550,-0.004251,0.000009,0.000004,0.000009,0.000000,0.000000,0.000000,0.000000,0.000000,-0.060504,0.000000,0.060536
0.009741,-0.012550,-0.004253,0.000009,0.000003,0.000010,0.000000,0.000000,0.000000,0.000000,0.000000,-0.060472,0.000000,0.060571
0.009740,-0.012550,-0.004255,0.000009,0.000002,0.000011,0.000000,0.000000,0.000000,0.000000,0.000000,-0.060452,0.000000,0.060600
0.009740,-0.012550,-0.004257,0.000009,0.000002,0.000011,0.000000,0.000000,0.000000,0.000000,0.000000,-0.060432,0.000000,0.060625
0.009739,-0.012551,-0.004259,0.000008,0.000003,0.000010,0.000000,0.000000,0.000000,0.000000,0.000000,-0.060425,0.000000,0.060637
0.009738,-0.012551,-0.004260,0.000008,0.000004,0.000009,0.000000,0.000000,0.000000,0.000000,0.000000,-0.060436,0.000000,0.060632
0.009737,-0.012551,-0.004261,0.000008,0.000005,0.000007,0.000000,0.000000,0.000000,0.000000,0.000000,-0.060451,0.000000,0.060620
0.009737,-0.012552,-0.004262,0.000008,0.000006,0.000005,0.000000,0.000000,0.000000,0.000000,0.000000,-0.060467,0.000000,0.060600
0.009736,-0.012553,-0.004263,0.000008,0.000008,0.000003,0.000000,0.000000,0.000000,0.000000,0.000000,-0.060492,0.000000,0.060570
0.009735,-0.012553,-0.004263,0.000008,0.000009,0.000001,0.000000,0.000000,0.000000,0.000000,0.000000,-0.060522,0.000000,0.060534
0.009734,-0.012554,-0.004263,0.000008,0.000011,-0.000001,0.000000,0.000000,0.000000,0.000000,0.000000,-0.060554,0.000000,0.060493
0.009734,-0.012555,-0.004262,0.000008,0.000012,-0.000003,0.000000,0.000000,0.000000,0.000000,0.000000,-0.060586,0.000000,0.060451
0.009733,-0.012556,-0.004262,0.000008,0.000013,-0.000003,0.000000,0.000000,0.000000,0.000000,0.000000,-0.060617,0.000000,0.060407
0.009733,-0.012557,-0.004261,0.000008,0.000013,-0.000003,0.000000,0.000000,0.000000,0.000000,0.000000,-0.060632,0.000000,0.060377
0.009732,-0.012559,-0.004261,0.000008,0.000012,-0.000003,0.000000,0.000000,0.000000,0.000000,0.000000,-0.060627,0.000000,0.060365
0.009731,-0.012559,-0.004260,0.000007,0.000011,-0.000002,0.000000,0.000000,0.000000,0.000000,0.000000,-0.060617,0.000000,0.060362
0.009731,-0.012560,-0.004260,0.000007,0.000010,-0.000000,0.000000,0.000000,0.000000,0.000000,0.000000,-0.060609,0.000000,0.060364
0.009730,-0.012561,-0.004261,0.000007,0.000009,0.000002,0.000000,0.000000,0.000000,0.000000,0.000000,-0.060589,0.000000,0.060379
0.009729,-0.012562,-0.004261,0.000007,0.000007,0.000004,0.000000,0.000000,0.000000,0.000000,0.000000,-0.060559,0.000000,0.060404
0.009729,-0.012562,-0.004262,0.000007,0.000005,0.000006,0.000000,0.000000,0.000000,0.000000,0.000000,-0.060531,0.000000,0.060432
0.009728,-0.012563,-0.004264,0.000007,0.000004,0.000008,0.000000,0.000000,0.000000,0.000000,0.000000,-0.060492,0.000000,0.060471
0.009728,-0.012563,-0.004265,0.000007,0.000003,0.000010,0.000000,0.000000,0.000000,0.000000,0.000000,-0.060452,0.000000,0.060513
0.009727,-0.012563,-0.004267,0.000007,0.000002,0.000011,0.000000,0.000000,0.000000,0.000000,0.000000,-0.060431,0.000000,0.060542
0.009726,-0.012563,-0.004269,0.000007,0.000001,0.000012,0.000000,0.000000,0.000000,0.000000,0.000000,-0.060417,0.000000,0.060566
0.009726,-0.012563,-0.004271,0.000007,0.000001,0.000013,0.000000,0.000000,0.000000,0.000000,0.000000,-0.060389,0.000000,0.060596
0.009725,-0.012563,-0.004273,0.000007,0.000001,0.000012,0.000000,0.000000,0.000000,0.000000,0.000000,-0.060366,0.000000,0.060620
0.009724,-0.012563,-0.004275,0.000007,0.000001,0.000011,0.000000,0.000000,0.000000,0.000000,0.000000,-0.060374,0.000000,0.060621
0.009724,-0.012564,-0.004277,0.000006,0.000003,0.000010,0.000000,0.000000,0.000000,0.000000,0.000000,-0.060392,0.000000,0.060611
0.009723,-0.012564,-0.004278,0.000006,0.000004,0.000008,0.000000,0.000000,0.000000,0.000000,0.000000,-0.060400,0.000000,0.060599
0.009723,-0.012565,-0.004279,0.000006,0.000005,0.000006,0.000000,0.000000,0.000000,0.000000,0.000000,-0.060415,0.000000,0.060579
0.009722,-0.012565,-0.004280,0.000006,0.000007,0.000004,0.000000,0.000000,0.000000,0.000000,0.000000,-0.060449,0.000000,0.060543
0.009721,-0.012566,-0.004280,0.000006,0.000008,0.000002,0.000000,0.000000,0.000000,0.000000,0.000000,-0.060483,0.000000,0.060504
0.009721,-0.012567,-0.004280,0.000006,0.000010,-0.000000,0.000000,0.000000,0.000000,0.000000,0.000000,-0.060507,0.000000,0.060468
0.009720,-0.012568,-0.004280,0.000006,0.000011,-0.000001,0.000000,0.000000,0.000000,0.000000,0.000000,-0.060531,0.000000,0.060430
0.009720,-0.012569,-0.004279,0.000006,0.000011,-0.000002,0.000000,0.000000,0.000000,0.000000,0.000000,-0.060553,0.000000,0.060398
0.009719,-0.012570,-0.004279,0.000006,0.000012,-0.000003,0.000000,0.000000,0.000000,0.000000,0.000000,-0.060567,0.000000,0.060372
0.009719,-0.012571,-0.004278,0.000006,0.000012,-0.000003,0.000000,0.000000,0.000000,0.000000,0.000000,-0.060581,0.000000,0.060347
0.009718,-0.012572,-0.004278,0.000006,0.000012,-0.000003,0.000000,0.000000,0.000000,0.000000,0.000000,-0.060594,0.000000,0.060325
0.009718,-0.012573,-0.004277,0.000006,0.000011,-0.000002,0.000000,0.000000,0.000000,0.000000,0.000000,-0.060590,0.000000,0.060319
0.009717,-0.012573,-0.004277,0.000006,0.000010,-0.000000,0.000000,0.000000,0.000000,0.000000,0.000000,-0.060570,0.000000,0.060327
0.009717,-0.012574,-0.004277,0.000006,0.000008,0.000001,0.000000,0.000000,0.000000,0.000000,0.000000,-0.060551,0.000000,0.060340
