x,y,psi,u,v,r,n1x,n1y,n2x,n2y,n3x,n3y,n4x,n4y,
-0.003289,-0.015398,-0.005277,-0.004176,-0.000429,0.000055,0.000000,0.000000,0.000000,-0.006406,0.000000,-0.047101,0.000000,0.043475
-0.002888,-0.015355,-0.005285,-0.004121,-0.000443,0.000045,0.000000,0.000000,0.000000,-0.005887,0.000000,-0.047527,0.000000,0.044097
-0.002572,-0.015320,-0.005291,-0.004073,-0.000458,0.000037,0.000000,0.000000,0.000000,-0.005368,0.000000,-0.048090,0.000000,0.044687
-0.002233,-0.015280,-0.005296,-0.004028,-0.000471,0.000031,0.000000,0.000000,0.000000,-0.004760,0.000000,-0.048749,0.000000,0.045331
-0.001923,-0.015242,-0.005300,-0.003984,-0.000484,0.000026,0.000000,0.000000,0.000000,-0.004238,0.000000,-0.049150,0.000000,0.045945
-0.001541,-0.015194,-0.005304,-0.003937,-0.000497,0.000022,0.000000,0.000000,0.000000,-0.003784,0.000000,-0.049557,0.000000,0.046624
-0.001213,-0.015151,-0.005307,-0.003870,-0.000507,0.000020,0.000000,0.000000,0.000000,-0.003302,0.000000,-0.050000,0.000000,0.047208
-0.000914,-0.015110,-0.005310,-0.003868,-0.000524,0.000019,0.000000,0.000000,0.000000,-0.002751,0.000000,-0.050564,0.000000,0.047907
-0.000619,-0.015069,-0.005313,-0.003777,-0.000527,0.000018,0.000000,0.000000,0.000000,-0.002276,0.000000,-0.050880,0.000000,0.048534
-0.000254,-0.015017,-0.005316,-0.003748,-0.000540,0.000019,0.000000,0.000000,0.000000,-0.001871,0.000000,-0.051284,0.000000,0.049289
0.000059,-0.014970,-0.005319,-0.003742,-0.000556,0.000020,0.000000,0.000000,0.000000,-0.001440,0.000000,-0.051538,0.000000,0.049772
0.000368,-0.014923,-0.005323,-0.003671,-0.000561,0.000021,0.000000,0.000000,0.000000,-0.000927,0.000000,-0.052048,0.000000,0.050540
0.000649,-0.014879,-0.005326,-0.003627,-0.000568,0.000023,0.000000,0.000000,0.000000,-0.000552,0.000000,-0.052485,0.000000,0.051282
0.000998,-0.014823,-0.005331,-0.003583,-0.000574,0.000025,0.000000,0.000000,0.000000,-0.000123,0.000000,-0.052733,0.000000,0.051899
0.001295,-0.014774,-0.005335,-0.003536,-0.000580,0.000026,0.000000,0.000000,0.000000,0.000000,0.000000,-0.053015,0.000000,0.052508
0.001567,-0.014729,-0.005339,-0.003500,-0.000585,0.000028,0.000000,0.000000,0.000000,0.000000,0.000000,-0.053465,0.000000,0.053190
0.001859,-0.014679,-0.005344,-0.003460,-0.000588,0.000029,0.000000,0.000000,0.000000,0.000000,0.000000,-0.053776,0.000000,0.053779
0.002125,-0.014633,-0.005349,-0.003414,-0.000589,0.000030,0.000000,0.000000,0.000000,0.000000,0.000000,-0.054017,0.000000,0.054364
0.002453,-0.014576,-0.005354,-0.003383,-0.000593,0.000031,0.000000,0.000000,0.000000,0.000000,0.000000,-0.054328,0.000000,0.054926
0.002734,-0.014525,-0.005360,-0.003345,-0.000596,0.000032,0.000000,0.000000,0.000000,0.000000,0.000000,-0.054628,0.000000,0.055405
0.002991,-0.014479,-0.005364,-0.003302,-0.000595,0.000032,0.000000,0.000000,0.000000,0.000000,0.000000,-0.055019,0.000000,0.056057
0.003265,-0.014429,-0.005370,-0.003268,-0.000596,0.000032,0.000000,0.000000,0.000000,0.000000,0.000000,-0.055299,0.000000,0.056606
0.003579,-0.014371,-0.005375,-0.003224,-0.000595,0.000031,0.000000,0.000000,0.000000,0.000000,0.000000,-0.055561,0.000000,0.057083
0.003826,-0.014325,-0.005380,-0.003184,-0.000593,0.000029,0.000000,0.000000,0.000000,0.000000,0.000000,-0.055906,0.000000,0.057590
0.004091,-0.014276,-0.005384,-0.003143,-0.000590,0.000026,0.000000,0.000000,0.000000,0.000000,0.000906,-0.056283,0.000000,0.058130
0.004333,-0.014230,-0.005387,-0.003113,-0.000589,0.000023,0.000000,0.000000,0.000000,0.000000,0.001857,-0.056553,0.000000,0.058567
0.004632,-0.014173,-0.005391,-0.003081,-0.000586,0.000017,0.000000,0.000000,0.000000,0.000000,0.002545,-0.056325,0.000000,0.058787
0.004887,-0.014124,-0.005392,-0.003020,-0.000579,0.000009,0.000000,0.000000,0.000000,0.000000,0.003209,-0.056105,0.000000,0.058949
0.005119,-0.014079,-0.005392,-0.002979,-0.000574,-0.000000,0.000000,0.000000,0.000000,0.000000,0.004311,-0.056359,0.000000,0.059110
0.005368,-0.014031,-0.005390,-0.002966,-0.000574,-0.000011,0.000000,0.000000,0.000000,0.000000,0.004874,-0.056526,0.000000,0.059090
0.005650,-0.013976,-0.005386,-0.002901,-0.000564,-0.000024,0.000000,0.000000,0.000000,0.000000,0.005307,-0.056216,0.000000,0.059090
0.005873,-0.013933,-0.005380,-0.002859,-0.000558,-0.000037,0.000000,0.000000,0.000000,0.000000,0.006331,-0.056337,0.000000,0.059297
0.006110,-0.013886,-0.005372,-0.002794,-0.000547,-0.000051,0.000000,0.000000,0.000000,0.000000,0.007073,-0.056790,0.000000,0.059265
0.006326,-0.013844,-0.005362,-0.002793,-0.000548,-0.000067,0.000000,0.000000,0.000000,0.000000,0.007426,-0.056715,0.000000,0.059139
0.006591,-0.013791,-0.005346,-0.002721,-0.000536,-0.000083,0.000000,0.000000,0.000000,0.000000,0.007741,-0.056548,0.000000,0.059136
0.006817,-0.013747,-0.005330,-0.002674,-0.000529,-0.000101,0.000000,0.000000,0.000000,0.000000,0.008745,-0.057001,0.000000,0.059215
0.007022,-0.013706,-0.005312,-0.002628,-0.000522,-0.000118,0.000000,0.000000,0.000000,0.000000,0.009325,-0.057537,0.000000,0.059118
0.007241,-0.013662,-0.005290,-0.002580,-0.000514,-0.000135,0.000000,0.000000,0.000000,0.000000,0.009591,-0.057384,0.000000,0.058998
0.007488,-0.013612,-0.005261,-0.002537,-0.000508,-0.000155,0.000000,0.000000,0.000000,0.000000,0.009938,-0.057340,0.000000,0.058999
0.007683,-0.013572,-0.005235,-0.002486,-0.000501,-0.000174,0.000000,0.000000,0.000000,0.000000,0.010495,-0.057882,0.000000,0.058884
0.007889,-0.013530,-0.005204,-0.002439,-0.000494,-0.000191,0.000000,0.000000,0.000000,0.000000,0.011181,-0.058494,0.000000,0.058788
0.008077,-0.013491,-0.005173,-0.002386,-0.000488,-0.000207,0.000000,0.000000,0.000000,0.000000,0.011395,-0.058497,0.000000,0.058723
0.008306,-0.013443,-0.005130,-0.002344,-0.000484,-0.000226,0.000000,0.000000,0.000000,0.000000,0.011658,-0.058411,0.000000,0.058684
0.008501,-0.013402,-0.005091,-0.002289,-0.000479,-0.000244,0.000000,0.000000,0.000000,0.000000,0.011974,-0.058874,0.000000,0.058559
0.008677,-0.013364,-0.005052,-0.002242,-0.000475,-0.000259,0.000000,0.000000,0.000000,0.000000,0.012578,-0.059538,0.000000,0.058451
0.008864,-0.013323,-0.005007,-0.002199,-0.000473,-0.000274,0.000000,0.000000,0.000000,0.000000,0.012824,-0.059735,0.000000,0.058423
0.009033,-0.013285,-0.004964,-0.002145,-0.000469,-0.000288,0.000000,0.000000,0.000000,0.000000,0.012934,-0.059591,0.000000,0.058408
0.009239,-0.013238,-0.004907,-0.002104,-0.000470,-0.000305,0.000000,0.000000,0.000000,0.000000,0.013284,-0.059971,0.000000,0.058371
0.009414,-0.013197,-0.004855,-0.002046,-0.000468,-0.000318,0.000000,0.000000,0.000000,0.000000,0.013501,-0.060525,0.000000,0.058235
0.009572,-0.013159,-0.004805,-0.002001,-0.000468,-0.000330,0.000000,0.000000,0.000000,0.000000,0.013907,-0.060843,0.000000,0.058249
0.009739,-0.013117,-0.004750,-0.001956,-0.000470,-0.000340,0.000000,0.000000,0.000000,0.000000,0.014031,-0.060943,0.000000,0.058304
0.009926,-0.013069,-0.004684,-0.001904,-0.000473,-0.000351,0.000000,0.000000,0.000000,0.000000,0.014124,-0.061043,0.000000,0.058285
0.010073,-0.013031,-0.004630,-0.001855,-0.000476,-0.000361,0.000000,0.000000,0.000000,0.000000,0.014381,-0.061440,0.000000,0.058307
0.010227,-0.012988,-0.004570,-0.001807,-0.000480,-0.000368,0.000000,0.000000,0.000000,0.000000,0.014689,-0.061878,0.000000,0.058366
0.010367,-0.012949,-0.004514,-0.001762,-0.000484,-0.000376,0.000000,0.000000,0.000000,0.000000,0.014721,-0.061941,0.000000,0.058448
0.010536,-0.012899,-0.004442,-0.001713,-0.000490,-0.000384,0.000000,0.000000,0.000000,0.000000,0.014784,-0.061963,0.000000,0.058557
0.010679,-0.012855,-0.004378,-0.001661,-0.000496,-0.000391,0.000000,0.000000,0.000000,0.000000,0.014919,-0.062309,0.000000,0.058633
0.010807,-0.012814,-0.004319,-0.001613,-0.000501,-0.000395,0.000000,0.000000,0.000000,0.000000,0.015143,-0.062749,0.000000,0.058725
0.010942,-0.012769,-0.004253,-0.001573,-0.000509,-0.000401,0.000000,0.000000,0.000000,0.000000,0.015152,-0.062848,0.000000,0.058882
0.011093,-0.012716,-0.004177,-0.001520,-0.000516,-0.000405,0.000000,0.000000,0.000000,0.000000,0.015104,-0.062791,0.000000,0.059053
0.011210,-0.012673,-0.004116,-0.001478,-0.000526,-0.000410,0.000000,0.000000,0.000000,0.000000,0.015246,-0.063111,0.000000,0.059217
0.011333,-0.012626,-0.004049,-0.001428,-0.000532,-0.000411,0.000000,0.000000,0.000000,0.000000,0.015356,-0.063521,0.000000,0.059374
0.011444,-0.012582,-0.003987,-0.001393,-0.000544,-0.000416,0.000000,0.000000,0.000000,0.000000,0.015313,-0.063549,0.000000,0.059594
0.011577,-0.012525,-0.003908,-0.001341,-0.000551,-0.000416,0.000000,0.000000,0.000000,0.000000,0.015245,-0.063499,0.000000,0.059848
0.011689,-0.012475,-0.003840,-0.001294,-0.000562,-0.000418,0.000000,0.000000,0.000000,0.000000,0.015312,-0.063783,0.000000,0.060066
0.011789,-0.012429,-0.003777,-0.001249,-0.000570,-0.000419,0.000000,0.000000,0.000000,0.000000,0.015333,-0.064106,0.000000,0.060284
0.011885,-0.012381,-0.003714,-0.001204,-0.000576,-0.000418,0.000000,0.000000,0.000000,0.000000,0.015225,-0.064111,0.000000,0.060571
0.012002,-0.012321,-0.003635,-0.001161,-0.000587,-0.000421,0.000000,0.000000,0.000000,0.000000,0.015105,-0.064087,0.000000,0.060858
0.012099,-0.012268,-0.003566,-0.001138,-0.000609,-0.000432,0.000000,0.000000,0.000000,0.000000,0.015029,-0.064314,0.000000,0.061075
0.012192,-0.012214,-0.003496,-0.001079,-0.000609,-0.000428,0.000000,0.000000,0.000000,0.000000,0.015029,-0.064651,0.000000,0.061348
0.012276,-0.012163,-0.003431,-0.001038,-0.000617,-0.000430,0.000000,0.000000,0.000000,0.000000,0.015054,-0.064861,0.000000,0.061728
0.012376,-0.012099,-0.003350,-0.000996,-0.000627,-0.000432,0.000000,0.000000,0.000000,0.000000,0.014760,-0.064773,0.000000,0.061982
0.012459,-0.012043,-0.003280,-0.000953,-0.000636,-0.000434,0.000000,0.000000,0.000000,0.000000,0.014547,-0.064839,0.000000,0.062230
0.012532,-0.011990,-0.003214,-0.000916,-0.000645,-0.000435,0.000000,0.000000,0.000000,0.000000,0.014511,-0.065245,0.000000,0.062533
0.012609,-0.011932,-0.003143,-0.000880,-0.000654,-0.000437,0.000000,0.000000,0.000000,0.000000,0.014367,-0.065446,0.000000,0.062851
0.012694,-0.011865,-0.003061,-0.000837,-0.000661,-0.000439,0.000000,0.000000,0.000000,0.000000,0.014150,-0.065380,0.000000,0.063199
0.012758,-0.011810,-0.002994,-0.000801,-0.000672,-0.000444,0.000000,0.000000,0.000000,0.000000,0.013987,-0.065510,0.000000,0.063527
0.012825,-0.011750,-0.002922,-0.000764,-0.000678,-0.000445,0.000000,0.000000,0.000000,0.000000,0.013806,-0.065836,0.000000,0.063806
0.012885,-0.011694,-0.002855,-0.000731,-0.000686,-0.000448,0.000000,0.000000,0.000000,0.000000,0.013574,-0.066013,0.000000,0.064097
0.012955,-0.011623,-0.002770,-0.000694,-0.000694,-0.000450,0.000000,0.000000,0.000000,0.000000,0.013355,-0.066078,0.000000,0.064443
0.013013,-0.011561,-0.002697,-0.000657,-0.000701,-0.000452,0.000000,0.000000,0.000000,0.000000,0.013159,-0.066230,0.000000,0.064768
0.013064,-0.011503,-0.002628,-0.000625,-0.000708,-0.000455,0.000000,0.000000,0.000000,0.000000,0.012940,-0.066472,0.000000,0.065096
0.013117,-0.011440,-0.002554,-0.000593,-0.000714,-0.000458,0.000000,0.000000,0.000000,0.000000,0.012658,-0.066616,0.000000,0.065412
0.013163,-0.011381,-0.002485,-0.000561,-0.000718,-0.000460,0.000000,0.000000,0.000000,0.000000,0.012399,-0.066742,0.000000,0.065729
0.013218,-0.011307,-0.002397,-0.000532,-0.000727,-0.000466,0.000000,0.000000,0.000000,0.000000,0.012166,-0.066968,0.000000,0.066042
0.013262,-0.011242,-0.002321,-0.000497,-0.000731,-0.000469,0.000000,0.000000,0.000000,0.000000,0.011914,-0.067165,0.000000,0.066315
0.013301,-0.011182,-0.002250,-0.000468,-0.000734,-0.000473,0.000000,0.000000,0.000000,0.000000,0.011628,-0.067348,0.000000,0.066687
0.013341,-0.011116,-0.002172,-0.000443,-0.000742,-0.000479,0.000000,0.000000,0.000000,0.000000,0.011307,-0.067508,0.000000,0.066977
0.013385,-0.011040,-0.002082,-0.000412,-0.000744,-0.000481,0.000000,0.000000,0.000000,0.000000,0.011021,-0.067739,0.000000,0.067242
0.013417,-0.010979,-0.002009,-0.000385,-0.000750,-0.000487,0.000000,0.000000,0.000000,0.000000,0.010765,-0.067995,0.000000,0.067569
0.013450,-0.010912,-0.001929,-0.000360,-0.000752,-0.000489,0.000000,0.000000,0.000000,0.000000,0.010433,-0.068170,0.000000,0.067894
0.013479,-0.010850,-0.001855,-0.000337,-0.000756,-0.000494,0.000000,0.000000,0.000000,0.000000,0.010101,-0.068334,0.000000,0.068190
0.013512,-0.010772,-0.001761,-0.000311,-0.000758,-0.000498,0.000000,0.000000,0.000000,0.000000,0.009822,-0.068587,0.000000,0.068474
0.013539,-0.010705,-0.001680,-0.000286,-0.000761,-0.000504,0.000000,0.000000,0.000000,0.000000,0.009544,-0.068843,0.000000,0.068749
0.013562,-0.010642,-0.001603,-0.000264,-0.000763,-0.000508,0.000000,0.000000,0.000000,0.000000,0.009183,-0.069046,0.000000,0.069054
0.013585,-0.010574,-0.001520,-0.000244,-0.000765,-0.000513,0.000000,0.000000,0.000000,0.000000,0.008819,-0.069242,0.000000,0.069322
0.013610,-0.010496,-0.001423,-0.000221,-0.000766,-0.000517,0.000000,0.000000,0.000000,0.000000,0.008533,-0.069513,0.000000,0.069587
0.013628,-0.010433,-0.001344,-0.000201,-0.000769,-0.000522,0.000000,0.000000,0.000000,0.000000,0.008235,-0.069784,0.000000,0.069867
0.013647,-0.010364,-0.001259,-0.000183,-0.000769,-0.000525,0.000000,0.000000,0.000000,0.000000,0.007852,-0.069974,0.000000,0.070165
0.013662,-0.010301,-0.001179,-0.000165,-0.000771,-0.000531,0.000000,0.000000,0.000000,0.000000,0.007516,-0.070169,0.000000,0.070434
0.013680,-0.010221,-0.001079,-0.000147,-0.000772,-0.000535,0.000000,0.000000,0.000000,0.000000,0.007219,-0.070474,0.000000,0.070690
0.013693,-0.010153,-0.000991,-0.000129,-0.000771,-0.000538,0.000000,0.000000,0.000000,0.000000,0.006906,-0.070747,0.000000,0.070929
0.013705,-0.010089,-0.000910,-0.000114,-0.000774,-0.000544,0.000000,0.000000,0.000000,0.000000,0.006516,-0.070942,0.000000,0.071219
0.013716,-0.010020,-0.000821,-0.000099,-0.000771,-0.000545,0.000000,0.000000,0.000000,0.000000,0.006170,-0.071141,0.000000,0.071473
0.013725,-0.009956,-0.000739,-0.000087,-0.000775,-0.000551,0.000000,0.000000,0.000000,0.000000,0.005868,-0.071459,0.000000,0.071730
0.013736,-0.009877,-0.000635,-0.000072,-0.000772,-0.000551,0.000000,0.000000,0.000000,0.000000,0.005566,-0.071721,0.000000,0.071958
0.013743,-0.009808,-0.000544,-0.000059,-0.000775,-0.000557,0.000000,0.000000,0.000000,0.000000,0.005233,-0.071909,0.000000,0.072238
0.013750,-0.009744,-0.000460,-0.000047,-0.000771,-0.000558,0.000000,0.000000,0.000000,0.000000,0.004871,-0.072113,0.000000,0.072496
0.013755,-0.009675,-0.000369,-0.000036,-0.000774,-0.000562,0.000000,0.000000,0.000000,0.000000,0.004511,-0.072406,0.000000,0.072738
0.013761,-0.009595,-0.000263,-0.000025,-0.000772,-0.000563,0.000000,0.000000,0.000000,0.000000,0.004238,-0.072671,0.000000,0.072954
0.013765,-0.009531,-0.000178,-0.000014,-0.000775,-0.000567,0.000000,0.000000,0.000000,0.000000,0.003918,-0.072902,0.000000,0.073248
0.013768,-0.009462,-0.000086,-0.000005,-0.000772,-0.000567,0.000000,0.000000,0.000000,0.000000,0.003539,-0.073080,0.000000,0.073508
0.013770,-0.009398,-0.000001,0.000003,-0.000772,-0.000569,0.000000,0.000000,0.000000,0.000000,0.003209,-0.073332,0.000000,0.073752
0.013772,-0.009319,0.000106,0.000011,-0.000772,-0.000570,0.000000,0.000000,0.000000,0.000000,0.002929,-0.073620,0.000000,0.073991
0.013774,-0.009250,0.000199,0.000019,-0.000770,-0.000571,0.000000,0.000000,0.000000,0.000000,0.002649,-0.073826,0.000000,0.074248
0.013774,-0.009186,0.000285,0.000025,-0.000772,-0.000574,0.000000,0.000000,0.000000,0.000000,0.002276,-0.074001,0.000000,0.074531
0.013774,-0.009117,0.000378,0.000030,-0.000769,-0.000573,0.000000,0.000000,0.000000,0.000000,0.001949,-0.074226,0.000000,0.074745
0.013774,-0.009038,0.000486,0.000036,-0.000769,-0.000575,0.000000,0.000000,0.000000,0.000000,0.001667,-0.074543,0.000000,0.074982
0.013773,-0.008974,0.000572,0.000041,-0.000768,-0.000574,0.000000,0.000000,0.000000,0.000000,0.001400,-0.074758,0.000000,0.075222
0.013772,-0.008906,0.000666,0.000045,-0.000767,-0.000575,0.000000,0.000000,0.000000,0.000000,0.001032,-0.074922,0.000000,0.075520
0.013771,-0.008843,0.000752,0.000048,-0.000765,-0.000574,0.000000,0.000000,0.000000,0.000000,0.000752,-0.075110,0.000000,0.075740
0.013769,-0.008774,0.000845,0.000050,-0.000764,-0.000573,0.000000,0.000000,0.000000,0.000000,0.000488,-0.075418,0.000000,0.075977
0.013767,-0.008695,0.000953,0.000052,-0.000763,-0.000573,0.000000,0.000000,0.000000,0.000000,0.000239,-0.075625,0.000000,0.076197
0.013765,-0.008632,0.001039,0.000053,-0.000756,-0.000568,0.000000,0.000812,0.000000,0.000000,0.000000,-0.075763,0.000000,0.076465
0.013763,-0.008564,0.001132,0.000054,-0.000765,-0.000574,0.000000,0.001841,0.000000,0.000000,0.000000,-0.075950,0.000000,0.076724
0.013761,-0.008502,0.001217,0.000053,-0.000758,-0.000570,0.000000,0.002135,0.000000,0.000000,0.000000,-0.076261,0.000000,0.076830
0.013759,-0.008424,0.001324,0.000052,-0.000751,-0.000564,0.000000,0.002713,0.000000,0.000000,0.000000,-0.076488,0.000000,0.076958
0.013757,-0.008356,0.001415,0.000051,-0.000754,-0.000565,0.000000,0.003124,0.000000,0.000000,0.000000,-0.076448,0.000000,0.077109
0.013756,-0.008294,0.001500,0.000050,-0.000756,-0.000566,0.000000,0.003582,0.000000,0.000000,0.000000,-0.076504,0.000000,0.077251
0.013754,-0.008217,0.001605,0.000048,-0.000749,-0.000559,0.000000,0.004326,0.000000,0.000000,0.000000,-0.076693,0.000000,0.077363
0.013752,-0.008150,0.001695,0.000047,-0.000745,-0.000555,0.000000,0.004912,0.000000,0.000000,0.000000,-0.076823,0.000000,0.077485
0.013750,-0.008089,0.001778,0.000046,-0.000741,-0.000551,0.000000,0.005240,0.000000,0.000000,0.000000,-0.076901,0.000000,0.077609
0.013749,-0.008023,0.001867,0.000045,-0.000736,-0.000547,0.000000,0.005634,0.000000,0.000000,0.000000,-0.076994,0.000000,0.077721
0.013748,-0.007963,0.001948,0.000045,-0.000731,-0.000542,0.000000,0.006114,0.000000,0.000000,0.000000,-0.077072,0.000000,0.077823
0.013746,-0.007888,0.002048,0.000044,-0.000724,-0.000535,0.000000,0.006588,0.000000,0.000000,0.000000,-0.077146,0.000000,0.077936
0.013744,-0.007824,0.002134,0.000044,-0.000717,-0.000528,0.000000,0.006932,0.000000,0.000000,0.000000,-0.077225,0.000000,0.078027
0.013743,-0.007765,0.002213,0.000044,-0.000711,-0.000521,0.000000,0.007419,0.000000,0.000000,0.000000,-0.077311,0.000000,0.078144
0.013741,-0.007702,0.002296,0.000043,-0.000704,-0.000512,0.000000,0.007812,0.000000,0.000000,0.000000,-0.077348,0.000000,0.078256
0.013739,-0.007631,0.002390,0.000043,-0.000697,-0.000503,0.000000,0.008087,0.000000,0.000000,0.000000,-0.077391,0.000000,0.078362
0.013738,-0.007574,0.002464,0.000043,-0.000689,-0.000492,0.000000,0.008425,0.000000,0.000000,0.000000,-0.077425,0.000000,0.078478
0.013736,-0.007513,0.002542,0.000042,-0.000679,-0.000481,0.000000,0.008916,0.000000,0.000000,0.000000,-0.077423,0.000000,0.078644
0.013734,-0.007458,0.002613,0.000042,-0.000672,-0.000472,0.000000,0.009168,0.000000,0.000000,0.000000,-0.077424,0.000000,0.078756
0.013732,-0.007390,0.002700,0.000042,-0.000662,-0.000461,0.000000,0.009413,0.000000,0.000000,0.000000,-0.077485,0.000000,0.078844
0.013730,-0.007332,0.002773,0.000042,-0.000653,-0.000450,0.000000,0.009734,0.000000,0.000000,0.000000,-0.077495,0.000000,0.078955
0.013729,-0.007279,0.002838,0.000041,-0.000641,-0.000438,0.000000,0.010103,0.000000,0.000000,0.000000,-0.077456,0.000000,0.079109
0.013727,-0.007223,0.002908,0.000041,-0.000631,-0.000426,0.000000,0.010344,0.000000,0.000000,0.000000,-0.077451,0.000000,0.079221
0.013725,-0.007159,0.002985,0.000040,-0.000618,-0.000413,0.000000,0.010511,0.000000,0.000000,0.000000,-0.077490,0.000000,0.079287
0.013723,-0.007110,0.003045,0.000040,-0.000606,-0.000400,0.000000,0.010766,0.000000,0.000000,0.000000,-0.077479,0.000000,0.079393
0.013721,-0.007057,0.003108,0.000040,-0.000594,-0.000387,0.000000,0.011027,0.000000,0.000000,0.000000,-0.077402,0.000000,0.079537
0.013719,-0.007009,0.003164,0.000039,-0.000581,-0.000375,0.000000,0.011138,0.000000,0.000000,0.000000,-0.077371,0.000000,0.079624
0.013717,-0.006951,0.003232,0.000039,-0.000566,-0.000362,0.000000,0.011337,0.000000,0.000000,0.000000,-0.077395,0.000000,0.079693
0.013715,-0.006903,0.003289,0.000039,-0.000550,-0.000349,0.000000,0.011504,0.000000,0.000000,0.000000,-0.077364,0.000000,0.079768
0.013713,-0.006859,0.003340,0.000038,-0.000535,-0.000337,0.000000,0.011679,0.000000,0.000000,0.000000,-0.077313,0.000000,0.079869
0.013711,-0.006813,0.003393,0.000038,-0.000520,-0.000325,0.000000,0.011761,0.000000,0.000000,0.000000,-0.077294,0.000000,0.079915
0.013709,-0.006772,0.003440,0.000038,-0.000504,-0.000313,0.000000,0.011855,0.000000,0.000000,0.000000,-0.077309,0.000000,0.079938
0.013707,-0.006722,0.003496,0.000037,-0.000485,-0.000300,0.000000,0.011966,0.000000,0.000000,0.000000,-0.077280,0.000000,0.079983
0.013704,-0.006681,0.003543,0.000037,-0.000468,-0.000288,0.000000,0.011980,0.000000,0.000000,0.000000,-0.077229,0.000000,0.080018
0.013702,-0.006644,0.003584,0.000037,-0.000449,-0.000275,0.000000,0.012040,0.000000,0.000000,0.000000,-0.077205,0.000000,0.080044
0.013700,-0.006606,0.003627,0.000036,-0.000431,-0.000264,0.000000,0.012122,0.000000,0.000000,0.000000,-0.077182,0.000000,0.080063
0.013698,-0.006564,0.003674,0.000036,-0.000409,-0.000251,0.000000,0.012086,0.000000,0.000000,0.000000,-0.077159,0.000000,0.080053
0.013696,-0.006532,0.003710,0.000036,-0.000390,-0.000241,0.000000,0.012060,0.000000,0.000000,0.000000,-0.077153,0.000000,0.080033
0.013694,-0.006499,0.003748,0.000035,-0.000368,-0.000230,0.000000,0.012090,0.000000,0.000000,0.000000,-0.077138,0.000000,0.080007
0.013692,-0.006471,0.003781,0.000035,-0.000350,-0.000222,0.000000,0.012048,0.000000,0.000000,0.000000,-0.077132,0.000000,0.079956
0.013689,-0.006437,0.003821,0.000034,-0.000326,-0.000211,0.000000,0.011948,0.000000,0.000000,0.000000,-0.077148,0.000000,0.079878
0.013687,-0.006410,0.003853,0.000034,-0.000303,-0.000201,0.000000,0.011913,0.000000,0.000000,0.000000,-0.077156,0.000000,0.079813
0.013685,-0.006387,0.003882,0.000034,-0.000282,-0.000192,0.000000,0.011842,0.000000,0.000000,0.000000,-0.077149,0.000000,0.079729
0.013683,-0.006364,0.003912,0.000033,-0.000261,-0.000184,0.000000,0.011707,0.000000,0.000000,0.000000,-0.077175,0.000000,0.079612
0.013680,-0.006340,0.003945,0.000033,-0.000236,-0.000174,0.000000,0.011572,0.000000,0.000000,0.000000,-0.077202,0.000000,0.079492
0.013678,-0.006322,0.003970,0.000033,-0.000214,-0.000166,0.000000,0.011458,0.000000,0.000000,0.000000,-0.077202,0.000000,0.079384
0.013676,-0.006305,0.003995,0.000032,-0.000193,-0.000158,0.000000,0.011308,0.000000,0.000000,0.000000,-0.077221,0.000000,0.079242
0.013674,-0.006290,0.004018,0.000032,-0.000172,-0.000149,0.000000,0.011149,0.000000,0.000000,0.000000,-0.077265,0.000000,0.079087
0.013671,-0.006274,0.004044,0.000031,-0.000151,-0.000138,0.000000,0.010966,0.000000,0.000000,0.000000,-0.077269,0.000000,0.078954
0.013669,-0.006263,0.004065,0.000031,-0.000130,-0.000127,0.000000,0.010757,0.000000,0.000000,0.000000,-0.077245,0.000000,0.078837
0.013667,-0.006253,0.004082,0.000031,-0.000113,-0.000117,0.000000,0.010571,0.000000,0.000000,0.000000,-0.077234,0.000000,0.078713
0.013665,-0.006244,0.004099,0.000030,-0.000095,-0.000105,0.000000,0.010357,0.000000,0.000000,0.000000,-0.077215,0.000000,0.078590
0.013663,-0.006238,0.004113,0.000030,-0.000077,-0.000095,0.000000,0.010148,0.000000,0.000000,0.000000,-0.077175,0.000000,0.078495
0.013660,-0.006231,0.004129,0.000030,-0.000059,-0.000084,0.000000,0.009919,0.000000,0.000000,0.000000,-0.077124,0.000000,0.078401
0.013658,-0.006227,0.004141,0.000029,-0.000040,-0.000073,0.000000,0.009717,0.000000,0.000000,0.000000,-0.077102,0.000000,0.078293
0.013656,-0.006225,0.004151,0.000029,-0.000023,-0.000063,0.000000,0.009530,0.000000,0.000000,0.000000,-0.077101,0.000000,0.078161
0.013654,-0.006224,0.004159,0.000029,-0.000007,-0.000053,0.000000,0.009254,0.000000,0.000000,0.000000,-0.077076,0.000000,0.078032
0.013651,-0.006225,0.004167,0.000028,0.000010,-0.000041,0.000000,0.008969,0.000000,0.000000,0.000000,-0.077023,0.000000,0.077930
0.013649,-0.006227,0.004171,0.000028,0.000026,-0.000030,0.000000,0.008742,0.000000,0.000000,0.000000,-0.076970,0.000000,0.077829
0.013647,-0.006230,0.004175,0.000028,0.000041,-0.000020,0.000000,0.008498,0.000000,0.000000,0.000000,-0.076931,0.000000,0.077710
0.013645,-0.006234,0.004176,0.000027,0.000055,-0.000010,0.000000,0.008219,0.000000,0.000000,0.000000,-0.076891,0.000000,0.077599
0.013642,-0.006241,0.004176,0.000027,0.000069,-0.000000,0.000000,0.007952,0.000000,0.000000,0.000000,-0.076835,0.000000,0.077502
0.013640,-0.006248,0.004175,0.000027,0.000084,0.000010,0.000000,0.007704,0.000000,0.000000,0.000000,-0.076772,0.000000,0.077413
0.013637,-0.006256,0.004172,0.000027,0.000097,0.000019,0.000000,0.007433,0.000000,0.000000,0.000000,-0.076731,0.000000,0.077296
0.013635,-0.006267,0.004166,0.000026,0.000110,0.000029,0.000000,0.007159,0.000000,0.000000,0.000000,-0.076693,0.000000,0.077185
0.013633,-0.006277,0.004160,0.000026,0.000123,0.000039,0.000000,0.006877,0.000000,0.000000,0.000000,-0.076640,0.000000,0.077075
0.013630,-0.006288,0.004153,0.000026,0.000134,0.000048,0.000000,0.006570,0.000000,0.000000,0.000000,-0.076573,0.000000,0.076975
0.013628,-0.006301,0.004143,0.000025,0.000144,0.000058,0.000000,0.006265,0.000000,0.000000,0.000000,-0.076498,0.000000,0.076883
0.013626,-0.006313,0.004133,0.000025,0.000153,0.000067,0.000000,0.006015,0.000000,0.000000,0.000000,-0.076423,0.000000,0.076808
0.013623,-0.006329,0.004119,0.000025,0.000163,0.000077,0.000000,0.005759,0.000000,0.000000,0.000000,-0.076346,0.000000,0.076735
0.013621,-0.006345,0.004105,0.000024,0.000173,0.000087,0.000000,0.005487,0.000000,0.000000,0.000000,-0.076272,0.000000,0.076669
0.013619,-0.006359,0.004090,0.000024,0.000180,0.000096,0.000000,0.005169,0.000000,0.000000,0.000000,-0.076191,0.000000,0.076594
0.013616,-0.006376,0.004073,0.000024,0.000188,0.000104,0.000000,0.004858,0.000000,0.000000,0.000000,-0.076096,0.000000,0.076530
0.013614,-0.006396,0.004052,0.000024,0.000196,0.000112,0.000000,0.004624,0.000000,0.000000,0.000000,-0.076000,0.000000,0.076485
0.013612,-0.006412,0.004034,0.000023,0.000204,0.000120,0.000000,0.004381,0.000000,0.000000,0.000000,-0.075918,0.000000,0.076427
0.013609,-0.006431,0.004014,0.000023,0.000212,0.000125,0.000000,0.004064,0.000000,0.000000,0.000000,-0.075862,0.000000,0.076337
0.013607,-0.006449,0.003994,0.000023,0.000219,0.000130,0.000000,0.003800,0.000000,0.000000,0.000000,-0.075810,0.000000,0.076257
0.013604,-0.006472,0.003969,0.000023,0.000227,0.000135,0.000000,0.003558,0.000000,0.000000,0.000000,-0.075741,0.000000,0.076180
0.013602,-0.006493,0.003946,0.000022,0.000235,0.000139,0.000000,0.003312,0.000000,0.000000,0.000000,-0.075691,0.000000,0.076095
0.013600,-0.006513,0.003925,0.000022,0.000242,0.000143,0.000000,0.003012,0.000000,0.000000,0.000000,-0.075667,0.000000,0.075975
0.013597,-0.006535,0.003901,0.000022,0.000247,0.000147,0.000000,0.002727,0.000000,0.000000,0.000000,-0.075635,0.000000,0.075863
0.013595,-0.006560,0.003873,0.000022,0.000253,0.000151,0.000000,0.002477,0.000000,0.000000,0.000000,-0.075565,0.000000,0.075785
0.013593,-0.006582,0.003850,0.000021,0.000259,0.000155,0.000000,0.002214,0.000000,0.000000,0.000000,-0.075500,0.000000,0.075704
0.013590,-0.006605,0.003824,0.000021,0.000263,0.000158,0.000000,0.001926,0.000000,0.000000,0.000000,-0.075467,0.000000,0.075598
0.013588,-0.006627,0.003800,0.000021,0.000267,0.000161,0.000000,0.001677,0.000000,0.000000,0.000000,-0.075426,0.000000,0.075508
0.013586,-0.006654,0.003769,0.000021,0.000271,0.000164,0.000000,0.001436,0.000000,0.000000,0.000000,-0.075357,0.000000,0.075440
0.013583,-0.006679,0.003742,0.000020,0.000275,0.000167,0.000000,0.001195,0.000000,0.000000,0.000000,-0.075301,0.000000,0.075369
0.013581,-0.006701,0.003716,0.000020,0.000278,0.000169,0.000000,0.000915,0.000000,0.000000,0.000000,-0.075266,0.000000,0.075271
0.013579,-0.006726,0.003688,0.000020,0.000281,0.000171,0.000000,0.000676,0.000000,0.000000,0.000000,-0.075225,0.000000,0.075191
0.013577,-0.006749,0.003663,0.000020,0.000283,0.000173,0.000000,0.000459,0.000000,0.000000,0.000000,-0.075161,0.000000,0.075128
0.013574,-0.006778,0.003630,0.000020,0.000285,0.000174,0.000000,0.000220,0.000000,0.000000,0.000000,-0.075113,0.000000,0.075054
0.013572,-0.006804,0.003601,0.000019,0.000287,0.000176,0.000000,0.000022,0.000000,0.000000,0.000000,-0.075088,0.000000,0.074978
0.013570,-0.006827,0.003574,0.000019,0.000288,0.000177,0.000000,0.000000,0.000000,0.000000,0.000000,-0.075051,0.000000,0.074890
0.013568,-0.006853,0.003545,0.000019,0.000288,0.000179,0.000000,0.000000,0.000000,0.000000,0.000000,-0.075004,0.000000,0.074818
0.013565,-0.006882,0.003511,0.000019,0.000288,0.000181,0.000000,0.000000,0.000000,0.000000,0.000000,-0.074972,0.000000,0.074753
0.013563,-0.006906,0.003484,0.000019,0.000288,0.000183,0.000000,0.000000,0.000000,0.000000,0.000000,-0.074941,0.000000,0.074687
0.013561,-0.006931,0.003454,0.000018,0.000288,0.000184,0.000000,0.000000,0.000000,0.000000,0.000000,-0.074893,0.000000,0.074622
0.013559,-0.006955,0.003426,0.000018,0.000288,0.000184,0.000000,0.000000,0.000000,0.000000,0.000000,-0.074854,0.000000,0.074571
0.013556,-0.006984,0.003392,0.000018,0.000288,0.000185,0.000000,0.000000,0.000000,0.000000,0.000000,-0.074831,0.000000,0.074505
0.013554,-0.007010,0.003362,0.000018,0.000287,0.000185,0.000000,0.000000,0.000000,0.000000,0.000000,-0.074813,0.000000,0.074439
0.013552,-0.007033,0.003334,0.000018,0.000287,0.000185,0.000000,0.000000,0.000000,0.000000,0.000000,-0.074784,0.000000,0.074363
0.013550,-0.007059,0.003304,0.000018,0.000287,0.000185,0.000000,0.000000,0.000000,0.000000,0.000000,-0.074758,0.000000,0.074296
0.013548,-0.007088,0.003269,0.000017,0.000287,0.000185,0.000000,0.000000,0.000000,0.000000,0.000000,-0.074739,0.000000,0.074228
0.013546,-0.007112,0.003241,0.000017,0.000287,0.000184,0.000000,0.000000,0.000000,0.000000,0.000000,-0.074724,0.000000,0.074155
0.013543,-0.007137,0.003211,0.000017,0.000287,0.000184,0.000000,0.000000,0.000000,0.000000,0.000000,-0.074707,0.000000,0.074068
0.013542,-0.007161,0.003184,0.000017,0.000287,0.000183,0.000000,0.000000,0.000000,0.000000,0.000000,-0.074691,0.000000,0.074001
0.013539,-0.007186,0.003154,0.000017,0.000287,0.000183,0.000000,0.000000,0.000000,0.000000,0.000000,-0.074673,0.000000,0.073925
0.013537,-0.007215,0.003120,0.000017,0.000286,0.000182,0.000000,0.000000,0.000000,0.000000,0.000000,-0.074663,0.000000,0.073854
0.013535,-0.007239,0.003093,0.000016,0.000286,0.000182,0.000000,0.000000,0.000000,0.000000,0.000000,-0.074652,0.000000,0.073774
0.013533,-0.007264,0.003063,0.000016,0.000285,0.000182,0.000000,0.000000,0.000000,0.000000,0.000000,-0.074636,0.000000,0.073692
0.013531,-0.007287,0.003036,0.000016,0.000283,0.000183,0.000000,0.000000,0.000000,0.000000,0.000000,-0.074601,0.000000,0.073635
0.013529,-0.007316,0.003001,0.000016,0.000282,0.000185,0.000000,0.000000,0.000000,0.000000,0.000000,-0.074556,0.000000,0.073587
0.013527,-0.007341,0.002971,0.000016,0.000279,0.000186,0.000000,0.000000,0.000000,0.000000,0.000000,-0.074517,0.000000,0.073546
0.013525,-0.007364,0.002942,0.000016,0.000277,0.000188,0.000000,0.000000,0.000000,0.000000,0.000000,-0.074470,0.000000,0.073499
0.013523,-0.007388,0.002912,0.000015,0.000276,0.000190,0.000000,0.000000,0.000000,0.000000,0.000000,-0.074411,0.000000,0.073475
0.013521,-0.007416,0.002875,0.000015,0.000272,0.000192,0.000000,0.000000,0.000000,0.000000,0.000000,-0.074354,0.000000,0.073461
0.013519,-0.007438,0.002846,0.000015,0.000270,0.000195,0.000000,0.000000,0.000000,0.000000,0.000000,-0.074296,0.000000,0.073432
0.013517,-0.007462,0.002814,0.000015,0.000265,0.000196,0.000000,0.000000,0.000000,0.000000,0.000000,-0.074226,0.000000,0.073419
0.013515,-0.007484,0.002784,0.000015,0.000266,0.000201,0.000000,0.000000,0.000000,0.000000,0.000000,-0.074150,0.000000,0.073420
0.013513,-0.007511,0.002746,0.000015,0.000261,0.000203,0.000000,0.000000,0.000000,0.000000,0.000000,-0.074088,0.000000,0.073423
0.013511,-0.007534,0.002713,0.000015,0.000258,0.000206,0.000000,0.000000,0.000000,0.000000,0.000000,-0.074013,0.000000,0.073406
0.013509,-0.007555,0.002681,0.000014,0.000255,0.000208,0.000000,0.000000,0.000000,0.000000,0.000000,-0.073928,0.000000,0.073418
0.013507,-0.007578,0.002647,0.000014,0.000253,0.000211,0.000000,0.000000,0.000000,0.000000,0.000000,-0.073836,0.000000,0.073436
0.013504,-0.007604,0.002607,0.000014,0.000250,0.000213,0.000000,0.000000,0.000000,0.000000,0.000000,-0.073766,0.000000,0.073448
0.013503,-0.007625,0.002575,0.000014,0.000248,0.000215,0.000000,0.000000,0.000000,0.000000,0.000000,-0.073694,0.000000,0.073451
0.013500,-0.007647,0.002540,0.000015,0.000246,0.000215,0.000000,0.000000,0.000000,0.000000,0.000019,-0.073608,0.000000,0.073456
0.013498,-0.007667,0.002507,0.000016,0.000245,0.000215,0.000000,0.000000,0.000000,0.000000,0.000122,-0.073546,0.000000,0.073456
0.013496,-0.007693,0.002467,0.000019,0.000243,0.000213,0.000000,0.000000,0.000000,0.000000,0.000210,-0.073496,0.000000,0.073427
0.013493,-0.007715,0.002433,0.000021,0.000243,0.000212,0.000000,0.000000,0.000000,0.000000,0.000240,-0.073402,0.000000,0.073369
0.013490,-0.007735,0.002401,0.000023,0.000242,0.000211,0.000000,0.000000,0.000000,0.000000,0.000285,-0.073302,0.000000,0.073305
0.013487,-0.007757,0.002367,0.000025,0.000241,0.000208,0.000000,0.000000,0.000000,0.000000,0.000342,-0.073263,0.000000,0.073239
0.013484,-0.007782,0.002329,0.000028,0.000241,0.000207,0.000000,0.000000,0.000000,0.000000,0.000390,-0.073225,0.000000,0.073165
0.013481,-0.007802,0.002298,0.000030,0.000240,0.000204,0.000000,0.000000,0.000000,0.000000,0.000425,-0.073157,0.000000,0.073103
0.013477,-0.007823,0.002265,0.000032,0.000241,0.000202,0.000000,0.000000,0.000000,0.000000,0.000482,-0.073081,0.000000,0.073027
0.013474,-0.007843,0.002235,0.000034,0.000240,0.000199,0.000000,0.000000,0.000000,0.000000,0.000512,-0.073059,0.000000,0.072955
0.013469,-0.007868,0.002198,0.000037,0.000240,0.000197,0.000000,0.000000,0.000000,0.000000,0.000554,-0.073011,0.000000,0.072866
0.013465,-0.007890,0.002167,0.000039,0.000240,0.000194,0.000000,0.000000,0.000000,0.000000,0.000587,-0.072967,0.000000,0.072802
0.013461,-0.007910,0.002138,0.000041,0.000240,0.000192,0.000000,0.000000,0.000000,0.000000,0.000637,-0.072912,0.000000,0.072712
0.013457,-0.007931,0.002107,0.000043,0.000239,0.000190,0.000000,0.000000,0.000000,0.000000,0.000667,-0.072888,0.000000,0.072630
0.013452,-0.007956,0.002071,0.000045,0.000238,0.000189,0.000000,0.000000,0.000000,0.000000,0.000697,-0.072841,0.000000,0.072547
0.013447,-0.007975,0.002043,0.000047,0.000236,0.000188,0.000000,0.000000,0.000000,0.000000,0.000735,-0.072781,0.000000,0.072489
0.013442,-0.007996,0.002013,0.000049,0.000235,0.000187,0.000000,0.000000,0.000000,0.000000,0.000787,-0.072710,0.000000,0.072426
0.013438,-0.008016,0.001985,0.000051,0.000234,0.000186,0.000000,0.000000,0.000000,0.000000,0.000816,-0.072652,0.000000,0.072378
0.013433,-0.008037,0.001955,0.000053,0.000233,0.000185,0.000000,0.000000,0.000000,0.000000,0.000852,-0.072577,0.000000,0.072320
0.013426,-0.008061,0.001920,0.000055,0.000232,0.000184,0.000000,0.000000,0.000000,0.000000,0.000884,-0.072529,0.000000,0.072270
0.013421,-0.008080,0.001893,0.000057,0.000231,0.000182,0.000000,0.000000,0.000000,0.000000,0.000919,-0.072482,0.000000,0.072205
0.013415,-0.008100,0.001863,0.000059,0.000231,0.000180,0.000000,0.000000,0.000000,0.000000,0.000957,-0.072428,0.000000,0.072135
0.013410,-0.008119,0.001837,0.000060,0.000230,0.000178,0.000000,0.000000,0.000000,0.000000,0.000979,-0.072381,0.000000,0.072070
0.013403,-0.008143,0.001804,0.000062,0.000230,0.000176,0.000000,0.000000,0.000000,0.000000,0.001007,-0.072336,0.000000,0.071996
0.013397,-0.008164,0.001775,0.000064,0.000230,0.000174,0.000000,0.000000,0.000000,0.000000,0.001031,-0.072307,0.000000,0.071928
0.013391,-0.008183,0.001750,0.000066,0.000229,0.000172,0.000000,0.000000,0.000000,0.000000,0.001063,-0.072267,0.000000,0.071847
0.013385,-0.008203,0.001722,0.000067,0.000229,0.000170,0.000000,0.000000,0.000000,0.000000,0.001085,-0.072232,0.000000,0.071769
0.013377,-0.008227,0.001691,0.000069,0.000229,0.000167,0.000000,0.000000,0.000000,0.000000,0.001102,-0.072199,0.000000,0.071693
0.013371,-0.008245,0.001666,0.000071,0.000228,0.000165,0.000000,0.000000,0.000000,0.000000,0.001125,-0.072170,0.000000,0.071614
0.013364,-0.008266,0.001639,0.000073,0.000228,0.000163,0.000000,0.000000,0.000000,0.000000,0.001151,-0.072146,0.000000,0.071525
0.013358,-0.008284,0.001615,0.000074,0.000227,0.000162,0.000000,0.000000,0.000000,0.000000,0.001165,-0.072118,0.000000,0.071450
0.013350,-0.008308,0.001585,0.000076,0.000225,0.000161,0.000000,0.000000,0.000000,0.000000,0.001188,-0.072061,0.000000,0.071383
0.013343,-0.008327,0.001558,0.000078,0.000223,0.000161,0.000000,0.000000,0.000000,0.000000,0.001211,-0.072012,0.000000,0.071332
0.013336,-0.008346,0.001534,0.000079,0.000222,0.000162,0.000000,0.000000,0.000000,0.000000,0.001241,-0.071956,0.000000,0.071273
0.013328,-0.008365,0.001508,0.000081,0.000220,0.000161,0.000000,0.000000,0.000000,0.000000,0.001262,-0.071895,0.000000,0.071230
0.013321,-0.008383,0.001484,0.000085,0.000218,0.000160,0.000000,0.000000,0.000000,0.000000,0.001285,-0.071822,0.000000,0.071188
0.013312,-0.008405,0.001454,0.000089,0.000216,0.000159,0.000000,0.000000,0.000000,0.000000,0.001298,-0.071765,0.000000,0.071150
0.013303,-0.008424,0.001428,0.000093,0.000213,0.000158,0.000000,0.000000,0.000000,0.000000,0.001293,-0.071716,0.000000,0.071102
0.013295,-0.008442,0.001405,0.000096,0.000211,0.000157,0.000000,0.000000,0.000000,0.000000,0.001288,-0.071653,0.000000,0.071055
0.013286,-0.008461,0.001379,0.000100,0.000209,0.000156,0.000000,0.000000,0.000000,0.000000,0.001280,-0.071593,0.000000,0.071026
0.013275,-0.008482,0.001350,0.000104,0.000207,0.000154,0.000000,0.000000,0.000000,0.000000,0.001273,-0.071550,0.000000,0.070994
0.013266,-0.008499,0.001327,0.000108,0.000206,0.000152,0.000000,0.000000,0.000000,0.000000,0.001263,-0.071516,0.000000,0.070948
0.013256,-0.008517,0.001303,0.000111,0.000204,0.000150,0.000000,0.000000,0.000000,0.000000,0.001244,-0.071479,0.000000,0.070893
0.013247,-0.008534,0.001281,0.000113,0.000204,0.000150,0.000000,0.000000,0.000000,0.000000,0.001221,-0.071453,0.000000,0.070842
0.013235,-0.008555,0.001253,0.000114,0.000203,0.000148,0.000000,0.000000,0.000000,0.000000,0.001214,-0.071430,0.000000,0.070792
0.013225,-0.008573,0.001229,0.000115,0.000202,0.000146,0.000000,0.000000,0.000000,0.000000,0.001221,-0.071401,0.000000,0.070749
0.013215,-0.008589,0.001207,0.000116,0.000201,0.000145,0.000000,0.000000,0.000000,0.000000,0.001226,-0.071358,0.000000,0.070696
0.013204,-0.008607,0.001184,0.000117,0.000201,0.000143,0.000000,0.000000,0.000000,0.000000,0.001222,-0.071323,0.000000,0.070639
0.013192,-0.008628,0.001157,0.000118,0.000200,0.000141,0.000000,0.000000,0.000000,0.000000,0.001221,-0.071300,0.000000,0.070579
0.013182,-0.008644,0.001136,0.000119,0.000200,0.000139,0.000000,0.000000,0.000000,0.000000,0.001223,-0.071277,0.000000,0.070517
0.013172,-0.008661,0.001116,0.000119,0.000196,0.000136,0.000000,0.000000,0.000000,0.000000,0.001221,-0.071248,0.000000,0.070448
0.013162,-0.008678,0.001093,0.000123,0.000201,0.000140,0.000000,0.000000,0.000000,0.000000,0.001215,-0.071219,0.000000,0.070389
0.013149,-0.008698,0.001067,0.000122,0.000195,0.000137,0.000000,0.000000,0.000000,0.000000,0.001219,-0.071195,0.000000,0.070358
0.013138,-0.008716,0.001045,0.000124,0.000195,0.000138,0.000000,0.000000,0.000000,0.000000,0.001219,-0.071118,0.000000,0.070283
0.013128,-0.008731,0.001024,0.000125,0.000193,0.000138,0.000000,0.000000,0.000000,0.000000,0.001220,-0.071075,0.000000,0.070266
0.013117,-0.008748,0.001002,0.000125,0.000190,0.000138,0.000000,0.000000,0.000000,0.000000,0.001226,-0.071010,0.000000,0.070220
0.013104,-0.008768,0.000976,0.000127,0.000188,0.000139,0.000000,0.000000,0.000000,0.000000,0.001227,-0.070960,0.000000,0.070203
0.013093,-0.008783,0.000955,0.000127,0.000185,0.000140,0.000000,0.000000,0.000000,0.000000,0.001232,-0.070895,0.000000,0.070183
0.013082,-0.008799,0.000932,0.000128,0.000183,0.000141,0.000000,0.000000,0.000000,0.000000,0.001234,-0.070811,0.000000,0.070165
0.013071,-0.008814,0.000910,0.000130,0.000181,0.000142,0.000000,0.000000,0.000000,0.000000,0.001236,-0.070742,0.000000,0.070161
0.013057,-0.008833,0.000884,0.000133,0.000178,0.000142,0.000000,0.000000,0.000000,0.000000,0.001241,-0.070677,0.000000,0.070148
0.013045,-0.008848,0.000861,0.000136,0.000175,0.000142,0.000000,0.000000,0.000000,0.000000,0.001233,-0.070609,0.000000,0.070136
0.013034,-0.008862,0.000839,0.000138,0.000173,0.000142,0.000000,0.000000,0.000000,0.000000,0.001206,-0.070529,0.000000,0.070118
0.013021,-0.008878,0.000816,0.000140,0.000170,0.000142,0.000000,0.000000,0.000000,0.000000,0.001175,-0.070465,0.000000,0.070107
0.013010,-0.008892,0.000795,0.000141,0.000169,0.000143,0.000000,0.000000,0.000000,0.000000,0.001163,-0.070421,0.000000,0.070101
0.012995,-0.008909,0.000768,0.000141,0.000167,0.000143,0.000000,0.000000,0.000000,0.000000,0.001163,-0.070371,0.000000,0.070097
0.012983,-0.008924,0.000745,0.000142,0.000165,0.000142,0.000000,0.000000,0.000000,0.000000,0.001157,-0.070312,0.000000,0.070091
0.012971,-0.008938,0.000724,0.000143,0.000164,0.000141,0.000000,0.000000,0.000000,0.000000,0.001142,-0.070240,0.000000,0.070069
0.012958,-0.008952,0.000701,0.000143,0.000163,0.000140,0.000000,0.000000,0.000000,0.000000,0.001130,-0.070198,0.000000,0.070044
0.012944,-0.008969,0.000675,0.000145,0.000163,0.000139,0.000000,0.000000,0.000000,0.000000,0.001122,-0.070171,0.000000,0.070011
0.012932,-0.008983,0.000654,0.000145,0.000162,0.000138,0.000000,0.000000,0.000000,0.000000,0.001110,-0.070132,0.000000,0.069982
0.012919,-0.008997,0.000632,0.000146,0.000161,0.000136,0.000000,0.000000,0.000000,0.000000,0.001090,-0.070071,0.000000,0.069944
0.012907,-0.009011,0.000612,0.000147,0.000161,0.000135,0.000000,0.000000,0.000000,0.000000,0.001074,-0.070045,0.000000,0.069907
0.012892,-0.009027,0.000587,0.000147,0.000161,0.000133,0.000000,0.000000,0.000000,0.000000,0.001062,-0.070031,0.000000,0.069862
0.012879,-0.009042,0.000566,0.000148,0.000161,0.000131,0.000000,0.000000,0.000000,0.000000,0.001045,-0.070001,0.000000,0.069822
0.012867,-0.009055,0.000547,0.000149,0.000161,0.000129,0.000000,0.000000,0.000000,0.000000,0.001023,-0.069955,0.000000,0.069777
0.012854,-0.009069,0.000526,0.000149,0.000160,0.000127,0.000000,0.000000,0.000000,0.000000,0.001001,-0.069935,0.000000,0.069727
0.012838,-0.009086,0.000502,0.000150,0.000160,0.000125,0.000000,0.000000,0.000000,0.000000,0.000986,-0.069930,0.000000,0.069677
0.012826,-0.009099,0.000484,0.000150,0.000160,0.000122,0.000000,0.000000,0.000000,0.000000,0.000967,-0.069909,0.000000,0.069630
0.012813,-0.009113,0.000465,0.000151,0.000160,0.000120,0.000000,0.000000,0.000000,0.000000,0.000939,-0.069872,0.000000,0.069576
0.012801,-0.009126,0.000447,0.000152,0.000160,0.000118,0.000000,0.000000,0.000000,0.000000,0.000916,-0.069862,0.000000,0.069524
0.012785,-0.009143,0.000425,0.000152,0.000160,0.000116,0.000000,0.000000,0.000000,0.000000,0.000898,-0.069859,0.000000,0.069468
0.012772,-0.009157,0.000406,0.000153,0.000160,0.000114,0.000000,0.000000,0.000000,0.000000,0.000876,-0.069845,0.000000,0.069419
0.012759,-0.009170,0.000389,0.000153,0.000159,0.000113,0.000000,0.000000,0.000000,0.000000,0.000846,-0.069817,0.000000,0.069360
0.012746,-0.009184,0.000371,0.000154,0.000158,0.000112,0.000000,0.000000,0.000000,0.000000,0.000819,-0.069803,0.000000,0.069305
0.012733,-0.009197,0.000354,0.000155,0.000157,0.000112,0.000000,0.000000,0.000000,0.000000,0.000805,-0.069787,0.000000,0.069268
0.012718,-0.009213,0.000334,0.000155,0.000155,0.000111,0.000000,0.000000,0.000000,0.000000,0.000787,-0.069745,0.000000,0.069240
0.012704,-0.009227,0.000315,0.000156,0.000154,0.000112,0.000000,0.000000,0.000000,0.000000,0.000767,-0.069696,0.000000,0.069219
0.012691,-0.009239,0.000298,0.000156,0.000152,0.000112,0.000000,0.000000,0.000000,0.000000,0.000745,-0.069644,0.000000,0.069195
0.012677,-0.009252,0.000280,0.000157,0.000150,0.000113,0.000000,0.000000,0.000000,0.000000,0.000727,-0.069594,0.000000,0.069182
0.012662,-0.009268,0.000259,0.000157,0.000147,0.000114,0.000000,0.000000,0.000000,0.000000,0.000715,-0.069546,0.000000,0.069176
0.012649,-0.009279,0.000241,0.000158,0.000144,0.000115,0.000000,0.000000,0.000000,0.000000,0.000698,-0.069487,0.000000,0.069174
0.012635,-0.009292,0.000222,0.000159,0.000142,0.000116,0.000000,0.000000,0.000000,0.000000,0.000675,-0.069404,0.000000,0.069175
0.012622,-0.009304,0.000205,0.000159,0.000140,0.000117,0.000000,0.000000,0.000000,0.000000,0.000661,-0.069339,0.000000,0.069186
0.012606,-0.009318,0.000183,0.000160,0.000139,0.000117,0.000000,0.000000,0.000000,0.000000,0.000647,-0.069290,0.000000,0.069185
0.012592,-0.009330,0.000164,0.000160,0.000137,0.000117,0.000000,0.000000,0.000000,0.000000,0.000627,-0.069244,0.000000,0.069182
0.012579,-0.009342,0.000146,0.000160,0.000136,0.000117,0.000000,0.000000,0.000000,0.000000,0.000598,-0.069178,0.000000,0.069171
0.012565,-0.009354,0.000127,0.000161,0.000135,0.000116,0.000000,0.000000,0.000000,0.000000,0.000573,-0.069132,0.000000,0.069160
0.012548,-0.009368,0.000106,0.000161,0.000134,0.000115,0.000000,0.000000,0.000000,0.000000,0.000554,-0.069115,0.000000,0.069140
0.012535,-0.009379,0.000089,0.000162,0.000134,0.000114,0.000000,0.000000,0.000000,0.000000,0.000528,-0.069084,0.000000,0.069117
0.012521,-0.009391,0.000071,0.000162,0.000133,0.000112,0.000000,0.000000,0.000000,0.000000,0.000493,-0.069031,0.000000,0.069094
0.012508,-0.009402,0.000054,0.000163,0.000133,0.000111,0.000000,0.000000,0.000000,0.000000,0.000465,-0.069006,0.000000,0.069069
0.012491,-0.009415,0.000033,0.000163,0.000132,0.000109,0.000000,0.000000,0.000000,0.000000,0.000440,-0.068998,0.000000,0.069035
0.012477,-0.009427,0.000016,0.000163,0.000132,0.000107,0.000000,0.000000,0.000000,0.000000,0.000410,-0.068975,0.000000,0.069004
0.012464,-0.009438,-0.000000,0.000164,0.000132,0.000106,0.000000,0.000000,0.000000,0.000000,0.000373,-0.068936,0.000000,0.068971
0.012450,-0.009450,-0.000017,0.000165,0.000132,0.000104,0.000000,0.000000,0.000000,0.000000,0.000341,-0.068923,0.000000,0.068935
0.012436,-0.009461,-0.000032,0.000165,0.000131,0.000102,0.000000,0.000000,0.000000,0.000000,0.000312,-0.068921,0.000000,0.068895
0.012420,-0.009474,-0.000051,0.000165,0.000131,0.000101,0.000000,0.000000,0.000000,0.000000,0.000279,-0.068903,0.000000,0.068858
0.012405,-0.009486,-0.000067,0.000166,0.000131,0.000098,0.000000,0.000000,0.000000,0.000000,0.000248,-0.068885,0.000000,0.068825
0.012392,-0.009497,-0.000082,0.000166,0.000131,0.000097,0.000000,0.000000,0.000000,0.000000,0.000206,-0.068868,0.000000,0.068778
0.012377,-0.009508,-0.000097,0.000167,0.000131,0.000095,0.000000,0.000000,0.000000,0.000000,0.000168,-0.068865,0.000000,0.068731
0.012361,-0.009522,-0.000115,0.000167,0.000131,0.000093,0.000000,0.000000,0.000000,0.000000,0.000140,-0.068865,0.000000,0.068692
0.012347,-0.009532,-0.000128,0.000165,0.000130,0.000090,0.000000,0.000000,0.000000,0.000000,0.000105,-0.068853,0.000000,0.068651
0.012333,-0.009544,-0.000143,0.000169,0.000133,0.000090,0.000000,0.000000,0.000000,0.000000,0.000058,-0.068837,0.000000,0.068600
0.012319,-0.009555,-0.000156,0.000168,0.000131,0.000087,0.000000,0.000000,0.000000,0.000000,0.000033,-0.068852,0.000000,0.068562
0.012302,-0.009568,-0.000172,0.000168,0.000131,0.000085,0.000000,0.000000,0.000000,0.000000,0.000000,-0.068836,0.000000,0.068498
0.012288,-0.009580,-0.000185,0.000166,0.000131,0.000084,0.000000,0.000000,0.000000,0.000000,0.000000,-0.068833,0.000000,0.068465
0.012275,-0.009590,-0.000198,0.000164,0.000131,0.000083,0.000000,0.000000,0.000000,0.000000,0.000000,-0.068820,0.000000,0.068413
0.012261,-0.009602,-0.000211,0.000163,0.000131,0.000083,0.000000,0.000000,0.000000,0.000000,0.000000,-0.068788,0.000000,0.068367
0.012245,-0.009615,-0.000227,0.000161,0.000131,0.000083,0.000000,0.000000,0.000000,0.000000,0.000000,-0.068757,0.000000,0.068332
0.012232,-0.009626,-0.000239,0.000159,0.000130,0.000083,0.000000,0.000000,0.000000,0.000000,0.000000,-0.068730,0.000000,0.068282
0.012218,-0.009637,-0.000253,0.000157,0.000129,0.000084,0.000000,0.000000,0.000000,0.000000,0.000000,-0.068699,0.000000,0.068235
0.012206,-0.009648,-0.000266,0.000155,0.000128,0.000085,0.000000,0.000000,0.000000,0.000000,0.000000,-0.068655,0.000000,0.068211
0.012190,-0.009660,-0.000282,0.000153,0.000126,0.000087,0.000000,0.000000,0.000000,0.000000,0.000000,-0.068597,0.000000,0.068194
0.012177,-0.009671,-0.000296,0.000152,0.000124,0.000089,0.000000,0.000000,0.000000,0.000000,0.000000,-0.068544,0.000000,0.068184
0.012165,-0.009681,-0.000310,0.000150,0.000122,0.000091,0.000000,0.000000,0.000000,0.000000,0.000000,-0.068478,0.000000,0.068177
0.012152,-0.009692,-0.000325,0.000148,0.000120,0.000093,0.000000,0.000000,0.000000,0.000000,0.000000,-0.068404,0.000000,0.068185
0.012137,-0.009704,-0.000343,0.000146,0.000117,0.000096,0.000000,0.000000,0.000000,0.000000,0.000000,-0.068339,0.000000,0.068195
0.012126,-0.009714,-0.000358,0.000145,0.000115,0.000099,0.000000,0.000000,0.000000,0.000000,0.000000,-0.068270,0.000000,0.068205
0.012113,-0.009724,-0.000374,0.000143,0.000113,0.000101,0.000000,0.000000,0.000000,0.000000,0.000000,-0.068175,0.000000,0.068231
0.012102,-0.009733,-0.000390,0.000142,0.000111,0.000102,0.000000,0.000000,0.000000,0.000000,0.000000,-0.068095,0.000000,0.068258
0.012089,-0.009743,-0.000406,0.000140,0.000110,0.000104,0.000000,0.000000,0.000000,0.000000,0.000000,-0.068044,0.000000,0.068264
0.012075,-0.009754,-0.000426,0.000138,0.000109,0.000105,0.000000,0.000000,0.000000,0.000000,0.000000,-0.067996,0.000000,0.068269
0.012064,-0.009763,-0.000442,0.000137,0.000108,0.000105,0.000000,0.000000,0.000000,0.000000,0.000000,-0.067928,0.000000,0.068276
0.012052,-0.009773,-0.000459,0.000135,0.000107,0.000106,0.000000,0.000000,0.000000,0.000000,0.000000,-0.067853,0.000000,0.068282
0.012041,-0.009782,-0.000475,0.000134,0.000107,0.000107,0.000000,0.000000,0.000000,0.000000,0.000000,-0.067811,0.000000,0.068278
0.012028,-0.009793,-0.000495,0.000132,0.000106,0.000107,0.000000,0.000000,0.000000,0.000000,0.000000,-0.067776,0.000000,0.068266
0.012016,-0.009802,-0.000512,0.000130,0.000105,0.000107,0.000000,0.000000,0.000000,0.000000,0.000000,-0.067720,0.000000,0.068260
0.012006,-0.009811,-0.000528,0.000129,0.000105,0.000107,0.000000,0.000000,0.000000,0.000000,0.000000,-0.067657,0.000000,0.068254
0.011995,-0.009820,-0.000546,0.000128,0.000105,0.000106,0.000000,0.000000,0.000000,0.000000,0.000000,-0.067616,0.000000,0.068240
0.011982,-0.009831,-0.000566,0.000126,0.000104,0.000106,0.000000,0.000000,0.000000,0.000000,0.000000,-0.067588,0.000000,0.068222
0.011972,-0.009840,-0.000582,0.000124,0.000104,0.000106,0.000000,0.000000,0.000000,0.000000,0.000000,-0.067542,0.000000,0.068208
0.011961,-0.009849,-0.000599,0.000123,0.000104,0.000106,0.000000,0.000000,0.000000,0.000000,0.000000,-0.067485,0.000000,0.068196
0.011951,-0.009858,-0.000615,0.000122,0.000104,0.000105,0.000000,0.000000,0.000000,0.000000,0.000000,-0.067450,0.000000,0.068177
0.011938,-0.009869,-0.000634,0.000120,0.000104,0.000105,0.000000,0.000000,0.000000,0.000000,0.000000,-0.067418,0.000000,0.068153
0.011928,-0.009878,-0.000651,0.000119,0.000104,0.000104,0.000000,0.000000,0.000000,0.000000,0.000000,-0.067385,0.000000,0.068136
0.011918,-0.009887,-0.000667,0.000117,0.000104,0.000104,0.000000,0.000000,0.000000,0.000000,0.000000,-0.067330,0.000000,0.068116
0.011908,-0.009896,-0.000683,0.000116,0.000104,0.000103,0.000000,0.000000,0.000000,0.000000,0.000000,-0.067296,0.000000,0.068097
0.011896,-0.009907,-0.000703,0.000115,0.000104,0.000102,0.000000,0.000000,0.000000,0.000000,0.000000,-0.067274,0.000000,0.068071
0.011887,-0.009916,-0.000718,0.000114,0.000104,0.000102,0.000000,0.000000,0.000000,0.000000,0.000000,-0.067237,0.000000,0.068049
0.011877,-0.009925,-0.000734,0.000112,0.000104,0.000101,0.000000,0.000000,0.000000,0.000000,0.000000,-0.067189,0.000000,0.068029
0.011868,-0.009934,-0.000749,0.000111,0.000105,0.000100,0.000000,0.000000,0.000000,0.000000,0.000000,-0.067157,0.000000,0.068005
0.011858,-0.009943,-0.000765,0.000109,0.000105,0.000098,0.000000,0.000000,0.000000,0.000000,0.000000,-0.067140,0.000000,0.067973
0.011847,-0.009954,-0.000783,0.000109,0.000107,0.000096,0.000000,0.000000,0.000000,0.000000,0.000000,-0.067131,0.000000,0.067934
0.011838,-0.009963,-0.000797,0.000107,0.000109,0.000092,0.000000,0.000000,0.000000,0.000000,0.000000,-0.067123,0.000000,0.067887
0.011829,-0.009973,-0.000812,0.000106,0.000110,0.000090,0.000000,0.000000,0.000000,0.000000,0.000000,-0.067116,0.000000,0.067822
0.011820,-0.009982,-0.000825,0.000105,0.000112,0.000086,0.000000,0.000000,0.000000,0.000000,0.000000,-0.067136,0.000000,0.067754
0.011810,-0.009994,-0.000840,0.000103,0.000114,0.000083,0.000000,0.000000,0.000000,0.000000,0.000000,-0.067148,0.000000,0.067680
0.011801,-0.010004,-0.000853,0.000102,0.000118,0.000079,0.000000,0.000000,0.000000,0.000000,0.000000,-0.067160,0.000000,0.067607
0.011793,-0.010014,-0.000864,0.000101,0.000119,0.000075,0.000000,0.000000,0.000000,0.000000,0.000000,-0.067183,0.000000,0.067515
0.011784,-0.010025,-0.000876,0.000100,0.000122,0.000071,0.000000,0.000000,0.000000,0.000000,0.000000,-0.067221,0.000000,0.067410
0.011774,-0.010037,-0.000888,0.000099,0.000125,0.000067,0.000000,0.000000,0.000000,0.000000,0.000000,-0.067252,0.000000,0.067321
0.011766,-0.010048,-0.000898,0.000097,0.000127,0.000064,0.000000,0.000000,0.000000,0.000000,0.000000,-0.067274,0.000000,0.067225
0.011758,-0.010059,-0.000908,0.000096,0.000128,0.000061,0.000000,0.000000,0.000000,0.000000,0.000000,-0.067318,0.000000,0.067110
0.011750,-0.010069,-0.000917,0.000095,0.000129,0.000059,0.000000,0.000000,0.000000,0.000000,0.000000,-0.067354,0.000000,0.067013
0.011740,-0.010082,-0.000928,0.000094,0.000129,0.000058,0.000000,0.000000,0.000000,0.000000,0.000000,-0.067352,0.000000,0.066935
0.011732,-0.010093,-0.000937,0.000093,0.000129,0.000058,0.000000,0.000000,0.000000,0.000000,0.000000,-0.067341,0.000000,0.066878
0.011725,-0.010104,-0.000946,0.000091,0.000128,0.000058,0.000000,0.000000,0.000000,0.000000,0.000000,-0.067336,0.000000,0.066812
0.011717,-0.010114,-0.000955,0.000092,0.000128,0.000060,0.000000,0.000000,0.000000,0.000000,0.000000,-0.067326,0.000000,0.066766
0.011708,-0.010127,-0.000967,0.000090,0.000126,0.000061,0.000000,0.000000,0.000000,0.000000,0.000000,-0.067293,0.000000,0.066747
0.011701,-0.010137,-0.000976,0.000089,0.000124,0.000063,0.000000,0.000000,0.000000,0.000000,0.000000,-0.067255,0.000000,0.066713
0.011693,-0.010148,-0.000987,0.000088,0.000122,0.000064,0.000000,0.000000,0.000000,0.000000,0.000000,-0.067222,0.000000,0.066698
0.011686,-0.010158,-0.000997,0.000087,0.000121,0.000066,0.000000,0.000000,0.000000,0.000000,0.000000,-0.067173,0.000000,0.066696
0.011677,-0.010170,-0.001009,0.000086,0.000120,0.000067,0.000000,0.000000,0.000000,0.000000,0.000000,-0.067129,0.000000,0.066692
0.011670,-0.010180,-0.001020,0.000085,0.000118,0.000068,0.000000,0.000000,0.000000,0.000000,0.000000,-0.067103,0.000000,0.066681
0.011663,-0.010190,-0.001031,0.000084,0.000117,0.000069,0.000000,0.000000,0.000000,0.000000,0.000000,-0.067075,0.000000,0.066660
0.011655,-0.010200,-0.001042,0.000083,0.000116,0.000069,0.000000,0.000000,0.000000,0.000000,0.000000,-0.067041,0.000000,0.066649
0.011649,-0.010210,-0.001053,0.000082,0.000116,0.000070,0.000000,0.000000,0.000000,0.000000,0.000000,-0.067013,0.000000,0.066631
0.011640,-0.010221,-0.001066,0.000081,0.000115,0.000070,0.000000,0.000000,0.000000,0.000000,0.000000,-0.066995,0.000000,0.066608
0.011633,-0.010231,-0.001077,0.000080,0.000115,0.000071,0.000000,0.000000,0.000000,0.000000,0.000000,-0.066974,0.000000,0.066585
0.011627,-0.010241,-0.001088,0.000079,0.000114,0.000071,0.000000,0.000000,0.000000,0.000000,0.000000,-0.066945,0.000000,0.066556
0.011620,-0.010251,-0.001099,0.000078,0.000113,0.000070,0.000000,0.000000,0.000000,0.000000,0.000000,-0.066925,0.000000,0.066533
0.011612,-0.010262,-0.001113,0.000077,0.000113,0.000071,0.000000,0.000000,0.000000,0.000000,0.000000,-0.066909,0.000000,0.066505
0.011606,-0.010271,-0.001123,0.000076,0.000113,0.000070,0.000000,0.000000,0.000000,0.000000,0.000000,-0.066893,0.000000,0.066478
0.011599,-0.010281,-0.001135,0.000076,0.000113,0.000070,0.000000,0.000000,0.000000,0.000000,0.000000,-0.066870,0.000000,0.066443
0.011593,-0.010290,-0.001145,0.000075,0.000113,0.000070,0.000000,0.000000,0.000000,0.000000,0.000000,-0.066854,0.000000,0.066415
0.011585,-0.010302,-0.001158,0.000074,0.000112,0.000070,0.000000,0.000000,0.000000,0.000000,0.000000,-0.066839,0.000000,0.066382
0.011579,-0.010312,-0.001170,0.000073,0.000112,0.000070,0.000000,0.000000,0.000000,0.000000,0.000000,-0.066824,0.000000,0.066351
0.011573,-0.010321,-0.001180,0.000072,0.000112,0.000069,0.000000,0.000000,0.000000,0.000000,0.000000,-0.066807,0.000000,0.066316
0.011566,-0.010330,-0.001191,0.000071,0.000112,0.000069,0.000000,0.000000,0.000000,0.000000,0.000000,-0.066793,0.000000,0.066283
0.011559,-0.010342,-0.001204,0.000070,0.000112,0.000069,0.000000,0.000000,0.000000,0.000000,0.000000,-0.066782,0.000000,0.066254
0.011553,-0.010351,-0.001214,0.000070,0.000112,0.000068,0.000000,0.000000,0.000000,0.000000,0.000000,-0.066766,0.000000,0.066216
0.011547,-0.010361,-0.001225,0.000069,0.000112,0.000068,0.000000,0.000000,0.000000,0.000000,0.000007,-0.066752,0.000000,0.066181
0.011541,-0.010370,-0.001235,0.000070,0.000111,0.000066,0.000000,0.000000,0.000000,0.000000,0.000020,-0.066741,0.000000,0.066147
0.011534,-0.010381,-0.001247,0.000072,0.000112,0.000065,0.000000,0.000000,0.000000,0.000000,0.000020,-0.066730,0.000000,0.066105
0.011527,-0.010391,-0.001258,0.000073,0.000111,0.000064,0.000000,0.000000,0.000000,0.000000,0.000002,-0.066726,0.000000,0.066057
0.011521,-0.010399,-0.001267,0.000073,0.000110,0.000063,0.000000,0.000000,0.000000,0.000000,0.000000,-0.066722,0.000000,0.065999
0.011515,-0.010409,-0.001278,0.000073,0.000109,0.000065,0.000000,0.000000,0.000000,0.000000,0.000000,-0.066713,0.000000,0.065970
0.011509,-0.010418,-0.001288,0.000073,0.000107,0.000066,0.000000,0.000000,0.000000,0.000000,0.000000,-0.066673,0.000000,0.065956
0.011502,-0.010428,-0.001301,0.000072,0.000105,0.000068,0.000000,0.000000,0.000000,0.000000,0.000000,-0.066621,0.000000,0.065953
0.011495,-0.010437,-0.001312,0.000071,0.000103,0.000071,0.000000,0.000000,0.000000,0.000000,0.000000,-0.066581,0.000000,0.065956
0.011489,-0.010446,-0.001323,0.000071,0.000101,0.000073,0.000000,0.000000,0.000000,0.000000,0.000021,-0.066529,0.000000,0.065961
0.011483,-0.010454,-0.001335,0.000071,0.000098,0.000074,0.000000,0.000000,0.000000,0.000000,0.000046,-0.066465,0.000000,0.065984
0.011475,-0.010464,-0.001349,0.000073,0.000096,0.000076,0.000000,0.000000,0.000000,0.000000,0.000053,-0.066400,0.000000,0.065996
0.011469,-0.010472,-0.001361,0.000074,0.000094,0.000077,0.000000,0.000000,0.000000,0.000000,0.000044,-0.066344,0.000000,0.065997
0.011462,-0.010480,-0.001374,0.000075,0.000091,0.000079,0.000000,0.000000,0.000000,0.000000,0.000037,-0.066282,0.000000,0.066010
0.011456,-0.010487,-0.001386,0.000077,0.000089,0.000081,0.000000,0.000000,0.000000,0.000000,0.000036,-0.066222,0.000000,0.066034
0.011448,-0.010496,-0.001401,0.000078,0.000086,0.000082,0.000000,0.000000,0.000000,0.000000,0.000033,-0.066169,0.000000,0.066057
0.011441,-0.010504,-0.001415,0.000079,0.000083,0.000084,0.000000,0.000000,0.000000,0.000000,0.000027,-0.066108,0.000000,0.066082
0.011434,-0.010510,-0.001428,0.000081,0.000081,0.000085,0.000000,0.000000,0.000000,0.000000,0.000020,-0.066029,0.000000,0.066116
0.011427,-0.010518,-0.001442,0.000082,0.000080,0.000085,0.000000,0.000000,0.000000,0.000000,0.000013,-0.065957,0.000000,0.066151
0.011418,-0.010526,-0.001457,0.000083,0.000079,0.000084,0.000000,0.000000,0.000000,0.000000,0.000003,-0.065929,0.000000,0.066161
0.011411,-0.010533,-0.001470,0.000084,0.000079,0.000083,0.000000,0.000000,0.000000,0.000000,0.000000,-0.065915,0.000000,0.066153
0.011404,-0.010540,-0.001483,0.000083,0.000080,0.000082,0.000000,0.000000,0.000000,0.000000,0.000000,-0.065887,0.000000,0.066140
0.011397,-0.010547,-0.001495,0.000082,0.000081,0.000080,0.000000,0.000000,0.000000,0.000000,0.000000,-0.065870,0.000000,0.066118
0.011389,-0.010555,-0.001510,0.000081,0.000082,0.000078,0.000000,0.000000,0.000000,0.000000,0.000000,-0.065859,0.000000,0.066087
0.011382,-0.010562,-0.001522,0.000080,0.000083,0.000076,0.000000,0.000000,0.000000,0.000000,0.000000,-0.065858,0.000000,0.066050
0.011375,-0.010569,-0.001533,0.000080,0.000083,0.000075,0.000000,0.000000,0.000000,0.000000,0.000000,-0.065850,0.000000,0.066005
0.011368,-0.010577,-0.001545,0.000079,0.000084,0.000074,0.000000,0.000000,0.000000,0.000000,0.000000,-0.065844,0.000000,0.065966
0.011362,-0.010584,-0.001556,0.000078,0.000084,0.000072,0.000000,0.000000,0.000000,0.000000,0.000000,-0.065831,0.000000,0.065932
0.011354,-0.010593,-0.001570,0.000077,0.000085,0.000072,0.000000,0.000000,0.000000,0.000000,0.000000,-0.065815,0.000000,0.065898
0.011347,-0.010600,-0.001581,0.000076,0.000086,0.000070,0.000000,0.000000,0.000000,0.000000,0.000000,-0.065809,0.000000,0.065866
0.011341,-0.010607,-0.001591,0.000075,0.000086,0.000069,0.000000,0.000000,0.000000,0.000000,0.000000,-0.065791,0.000000,0.065828
0.011334,-0.010615,-0.001603,0.000074,0.000086,0.000069,0.000000,0.000000,0.000000,0.000000,0.000000,-0.065779,0.000000,0.065797
0.011326,-0.010624,-0.001615,0.000073,0.000086,0.000068,0.000000,0.000000,0.000000,0.000000,0.000000,-0.065768,0.000000,0.065767
0.011320,-0.010631,-0.001625,0.000072,0.000087,0.000067,0.000000,0.000000,0.000000,0.000000,0.000000,-0.065753,0.000000,0.065737
0.011315,-0.010638,-0.001635,0.000071,0.000086,0.000065,0.000000,0.000000,0.000000,0.000000,0.000000,-0.065735,0.000000,0.065705
0.011308,-0.010646,-0.001646,0.000072,0.000088,0.000067,0.000000,0.000000,0.000000,0.000000,0.000000,-0.065726,0.000000,0.065676
0.011301,-0.010654,-0.001658,0.000070,0.000087,0.000065,0.000000,0.000000,0.000000,0.000000,0.000000,-0.065723,0.000000,0.065655
0.011295,-0.010662,-0.001669,0.000070,0.000088,0.000065,0.000000,0.000000,0.000000,0.000000,0.000000,-0.065689,0.000000,0.065615
0.011289,-0.010669,-0.001678,0.000068,0.000087,0.000064,0.000000,0.000000,0.000000,0.000000,0.000000,-0.065680,0.000000,0.065594
0.011283,-0.010677,-0.001689,0.000068,0.000087,0.000063,0.000000,0.000000,0.000000,0.000000,0.000000,-0.065668,0.000000,0.065555
0.011276,-0.010686,-0.001700,0.000067,0.000088,0.000063,0.000000,0.000000,0.000000,0.000000,0.000000,-0.065660,0.000000,0.065533
0.011271,-0.010693,-0.001710,0.000066,0.000088,0.000062,0.000000,0.000000,0.000000,0.000000,0.000000,-0.065642,0.000000,0.065507
0.011265,-0.010701,-0.001720,0.000065,0.000088,0.000062,0.000000,0.000000,0.000000,0.000000,0.000000,-0.065625,0.000000,0.065476
0.011260,-0.010708,-0.001729,0.000065,0.000088,0.000061,0.000000,0.000000,0.000000,0.000000,0.000000,-0.065617,0.000000,0.065449
0.011253,-0.010717,-0.001741,0.000064,0.000088,0.000061,0.000000,0.000000,0.000000,0.000000,0.000000,-0.065605,0.000000,0.065420
0.011247,-0.010725,-0.001750,0.000063,0.000088,0.000060,0.000000,0.000000,0.000000,0.000000,0.000000,-0.065591,0.000000,0.065396
0.011242,-0.010732,-0.001759,0.000063,0.000088,0.000060,0.000000,0.000000,0.000000,0.000000,0.000003,-0.065575,0.000000,0.065366
0.011236,-0.010740,-0.001769,0.000064,0.000088,0.000058,0.000000,0.000000,0.000000,0.000000,0.000010,-0.065566,0.000000,0.065337
0.011231,-0.010747,-0.001777,0.000065,0.000088,0.000057,0.000000,0.000000,0.000000,0.000000,0.000007,-0.065560,0.000000,0.065304
0.011224,-0.010756,-0.001788,0.000066,0.000088,0.000055,0.000000,0.000000,0.000000,0.000000,0.000000,-0.065555,0.000000,0.065260
0.011219,-0.010763,-0.001796,0.000066,0.000088,0.000054,0.000000,0.000000,0.000000,0.000000,0.000000,-0.065559,0.000000,0.065219
0.011213,-0.010771,-0.001804,0.000065,0.000088,0.000054,0.000000,0.000000,0.000000,0.000000,0.000000,-0.065556,0.000000,0.065177
0.011207,-0.010778,-0.001813,0.000064,0.000088,0.000053,0.000000,0.000000,0.000000,0.000000,0.000000,-0.065539,0.000000,0.065147
0.011201,-0.010787,-0.001823,0.000064,0.000088,0.000053,0.000000,0.000000,0.000000,0.000000,0.000000,-0.065523,0.000000,0.065122
0.011196,-0.010794,-0.001831,0.000063,0.000088,0.000053,0.000000,0.000000,0.000000,0.000000,0.000000,-0.065516,0.000000,0.065091
0.011190,-0.010802,-0.001839,0.000062,0.000088,0.000052,0.000000,0.000000,0.000000,0.000000,0.000000,-0.065510,0.000000,0.065055
0.011185,-0.010809,-0.001847,0.000062,0.000088,0.000052,0.000000,0.000000,0.000000,0.000000,0.000000,-0.065499,0.000000,0.065029
0.011179,-0.010818,-0.001857,0.000061,0.000088,0.000052,0.000000,0.000000,0.000000,0.000000,0.000000,-0.065486,0.000000,0.065001
0.011174,-0.010826,-0.001865,0.000060,0.000088,0.000052,0.000000,0.000000,0.000000,0.000000,0.000000,-0.065478,0.000000,0.064972
0.011169,-0.010833,-0.001873,0.000059,0.000087,0.000052,0.000000,0.000000,0.000000,0.000000,0.000000,-0.065471,0.000000,0.064939
0.011164,-0.010840,-0.001882,0.000059,0.000086,0.000053,0.000000,0.000000,0.000000,0.000000,0.000000,-0.065455,0.000000,0.064914
0.011157,-0.010849,-0.001892,0.000059,0.000085,0.000054,0.000000,0.000000,0.000000,0.000000,0.000006,-0.065425,0.000000,0.064905
0.011153,-0.010856,-0.001900,0.000060,0.000083,0.000055,0.000000,0.000000,0.000000,0.000000,0.000020,-0.065388,0.000000,0.064904
0.011147,-0.010863,-0.001909,0.000061,0.000081,0.000055,0.000000,0.000000,0.000000,0.000000,0.000025,-0.065345,0.000000,0.064897
0.011142,-0.010869,-0.001917,0.000062,0.000080,0.000056,0.000000,0.000000,0.000000,0.000000,0.000012,-0.065308,0.000000,0.064895
0.011135,-0.010877,-0.001928,0.000064,0.000077,0.000057,0.000000,0.000000,0.000000,0.000000,0.000001,-0.065272,0.000000,0.064893
0.011130,-0.010884,-0.001938,0.000064,0.000075,0.000059,0.000000,0.000000,0.000000,0.000000,0.000000,-0.065237,0.000000,0.064903
0.011124,-0.010890,-0.001947,0.000064,0.000073,0.000062,0.000000,0.000000,0.000000,0.000000,0.000000,-0.065187,0.000000,0.064920
0.011119,-0.010896,-0.001958,0.000064,0.000070,0.000065,0.000000,0.000000,0.000000,0.000000,0.000000,-0.065119,0.000000,0.064950
0.011113,-0.010902,-0.001968,0.000063,0.000068,0.000068,0.000000,0.000000,0.000000,0.000000,0.000000,-0.065056,0.000000,0.064986
0.011107,-0.010909,-0.001981,0.000063,0.000066,0.000070,0.000000,0.000000,0.000000,0.000000,0.000018,-0.064995,0.000000,0.065023
0.011101,-0.010914,-0.001993,0.000064,0.000064,0.000071,0.000000,0.000000,0.000000,0.000000,0.000038,-0.064927,0.000000,0.065067
0.011096,-0.010920,-0.002003,0.000065,0.000063,0.000071,0.000000,0.000000,0.000000,0.000000,0.000044,-0.064844,0.000000,0.065104
0.011090,-0.010925,-0.002014,0.000066,0.000063,0.000069,0.000000,0.000000,0.000000,0.000000,0.000026,-0.064803,0.000000,0.065109
0.011083,-0.010932,-0.002027,0.000067,0.000063,0.000067,0.000000,0.000000,0.000000,0.000000,0.000005,-0.064811,0.000000,0.065086
0.011077,-0.010937,-0.002037,0.000068,0.000064,0.000065,0.000000,0.000000,0.000000,0.000000,0.000000,-0.064818,0.000000,0.065065
0.011071,-0.010943,-0.002047,0.000068,0.000065,0.000063,0.000000,0.000000,0.000000,0.000000,0.000000,-0.064809,0.000000,0.065042
0.011065,-0.010949,-0.002056,0.000067,0.000066,0.000061,0.000000,0.000000,0.000000,0.000000,0.000000,-0.064812,0.000000,0.065005
0.011059,-0.010956,-0.002067,0.000066,0.000068,0.000058,0.000000,0.000000,0.000000,0.000000,0.000000,-0.064817,0.000000,0.064962
0.011053,-0.010962,-0.002076,0.000066,0.000069,0.000056,0.000000,0.000000,0.000000,0.000000,0.000000,-0.064827,0.000000,0.064917
0.011047,-0.010968,-0.002084,0.000065,0.000070,0.000054,0.000000,0.000000,0.000000,0.000000,0.000000,-0.064838,0.000000,0.064863
0.011042,-0.010974,-0.002093,0.000064,0.000071,0.000053,0.000000,0.000000,0.000000,0.000000,0.000000,-0.064844,0.000000,0.064812
0.011035,-0.010981,-0.002103,0.000064,0.000072,0.000051,0.000000,0.000000,0.000000,0.000000,0.000000,-0.064841,0.000000,0.064774
0.011030,-0.010987,-0.002110,0.000063,0.000073,0.000050,0.000000,0.000000,0.000000,0.000000,0.000000,-0.064837,0.000000,0.064736
0.011025,-0.010993,-0.002118,0.000062,0.000073,0.000049,0.000000,0.000000,0.000000,0.000000,0.000000,-0.064838,0.000000,0.064691
0.011020,-0.010999,-0.002125,0.000061,0.000074,0.000048,0.000000,0.000000,0.000000,0.000000,0.000000,-0.064842,0.000000,0.064653
0.011013,-0.011007,-0.002134,0.000061,0.000074,0.000047,0.000000,0.000000,0.000000,0.000000,0.000000,-0.064834,0.000000,0.064619
0.011008,-0.011013,-0.002142,0.000060,0.000074,0.000047,0.000000,0.000000,0.000000,0.000000,0.000000,-0.064828,0.000000,0.064589
0.011003,-0.011020,-0.002149,0.000059,0.000075,0.000046,0.000000,0.000000,0.000000,0.000000,0.000000,-0.064825,0.000000,0.064550
0.010998,-0.011026,-0.002156,0.000059,0.000075,0.000045,0.000000,0.000000,0.000000,0.000000,0.000000,-0.064825,0.000000,0.064516
0.010993,-0.011032,-0.002163,0.000058,0.000075,0.000045,0.000000,0.000000,0.000000,0.000000,0.000000,-0.064818,0.000000,0.064488
0.010987,-0.011040,-0.002171,0.000057,0.000075,0.000044,0.000000,0.000000,0.000000,0.000000,0.000000,-0.064809,0.000000,0.064459
0.010983,-0.011046,-0.002177,0.000056,0.000075,0.000043,0.000000,0.000000,0.000000,0.000000,0.000000,-0.064807,0.000000,0.064431
0.010978,-0.011052,-0.002184,0.000056,0.000075,0.000043,0.000000,0.000000,0.000000,0.000000,0.000000,-0.064802,0.000000,0.064396
0.010973,-0.011059,-0.002191,0.000056,0.000076,0.000043,0.000000,0.000000,0.000000,0.000000,0.000000,-0.064799,0.000000,0.064373
0.010967,-0.011067,-0.002199,0.000055,0.000076,0.000042,0.000000,0.000000,0.000000,0.000000,0.000000,-0.064789,0.000000,0.064341
0.010963,-0.011073,-0.002206,0.000054,0.000075,0.000042,0.000000,0.000000,0.000000,0.000000,0.000000,-0.064782,0.000000,0.064309
0.010958,-0.011079,-0.002212,0.000053,0.000076,0.000041,0.000000,0.000000,0.000000,0.000000,0.000000,-0.064779,0.000000,0.064278
0.010954,-0.011085,-0.002219,0.000053,0.000076,0.000041,0.000000,0.000000,0.000000,0.000000,0.000000,-0.064774,0.000000,0.064253
0.010949,-0.011093,-0.002226,0.000052,0.000076,0.000041,0.000000,0.000000,0.000000,0.000000,0.000000,-0.064766,0.000000,0.064226
0.010944,-0.011100,-0.002233,0.000051,0.000076,0.000040,0.000000,0.000000,0.000000,0.000000,0.000000,-0.064761,0.000000,0.064201
0.010940,-0.011106,-0.002239,0.000051,0.000076,0.000040,0.000000,0.000000,0.000000,0.000000,0.000000,-0.064756,0.000000,0.064169
0.010935,-0.011112,-0.002245,0.000050,0.000076,0.000040,0.000000,0.000000,0.000000,0.000000,0.000000,-0.064752,0.000000,0.064141
0.010930,-0.011120,-0.002253,0.000050,0.000075,0.000039,0.000000,0.000000,0.000000,0.000000,0.000000,-0.064745,0.000000,0.064116
0.010926,-0.011126,-0.002258,0.000049,0.000075,0.000039,0.000000,0.000000,0.000000,0.000000,0.000000,-0.064739,0.000000,0.064090
0.010922,-0.011132,-0.002265,0.000049,0.000075,0.000039,0.000000,0.000000,0.000000,0.000000,0.000000,-0.064736,0.000000,0.064058
0.010918,-0.011139,-0.002271,0.000048,0.000075,0.000039,0.000000,0.000000,0.000000,0.000000,0.000000,-0.064732,0.000000,0.064033
0.010913,-0.011146,-0.002278,0.000047,0.000075,0.000038,0.000000,0.000000,0.000000,0.000000,0.000000,-0.064725,0.000000,0.064006
0.010909,-0.011153,-0.002284,0.000047,0.000075,0.000038,0.000000,0.000000,0.000000,0.000000,0.000000,-0.064720,0.000000,0.063982
0.010905,-0.011159,-0.002290,0.000046,0.000075,0.000038,0.000000,0.000000,0.000000,0.000000,0.000000,-0.064717,0.000000,0.063951
0.010901,-0.011165,-0.002296,0.000046,0.000075,0.000038,0.000000,0.000000,0.000000,0.000000,0.000000,-0.064713,0.000000,0.063921
0.010897,-0.011171,-0.002301,0.000045,0.000075,0.000037,0.000000,0.000000,0.000000,0.000000,0.000000,-0.064707,0.000000,0.063899
0.010893,-0.011179,-0.002308,0.000045,0.000075,0.000037,0.000000,0.000000,0.000000,0.000000,0.000000,-0.064702,0.000000,0.063872
0.010889,-0.011185,-0.002315,0.000044,0.000074,0.000038,0.000000,0.000000,0.000000,0.000000,0.000000,-0.064700,0.000000,0.063847
0.010885,-0.011191,-0.002320,0.000044,0.000073,0.000039,0.000000,0.000000,0.000000,0.000000,0.000000,-0.064692,0.000000,0.063820
0.010881,-0.011197,-0.002327,0.000044,0.000072,0.000040,0.000000,0.000000,0.000000,0.000000,0.000008,-0.064667,0.000000,0.063811
0.010877,-0.011205,-0.002334,0.000045,0.000070,0.000040,0.000000,0.000000,0.000000,0.000000,0.000022,-0.064633,0.000000,0.063814
0.010873,-0.011210,-0.002341,0.000047,0.000069,0.000042,0.000000,0.000000,0.000000,0.000000,0.000027,-0.064600,0.000000,0.063811
0.010869,-0.011216,-0.002348,0.000048,0.000067,0.000042,0.000000,0.000000,0.000000,0.000000,0.000014,-0.064566,0.000000,0.063805
0.010864,-0.011221,-0.002354,0.000049,0.000065,0.000044,0.000000,0.000000,0.000000,0.000000,0.000002,-0.064529,0.000000,0.063808
0.010859,-0.011228,-0.002363,0.000050,0.000063,0.000045,0.000000,0.000000,0.000000,0.000000,0.000000,-0.064499,0.000000,0.063821
0.010855,-0.011233,-0.002370,0.000050,0.000060,0.000048,0.000000,0.000000,0.000000,0.000000,0.000000,-0.064466,0.000000,0.063839
0.010851,-0.011238,-0.002378,0.000050,0.000058,0.000051,0.000000,0.000000,0.000000,0.000000,0.000000,-0.064405,0.000000,0.063867
0.010846,-0.011243,-0.002387,0.000050,0.000055,0.000054,0.000000,0.000000,0.000000,0.000000,0.000002,-0.064329,0.000000,0.063914
0.010841,-0.011248,-0.002397,0.000051,0.000053,0.000055,0.000000,0.000000,0.000000,0.000000,0.000021,-0.064272,0.000000,0.063954
0.010836,-0.011253,-0.002406,0.000052,0.000051,0.000056,0.000000,0.000000,0.000000,0.000000,0.000031,-0.064228,0.000000,0.063985
0.010832,-0.011257,-0.002415,0.000054,0.000050,0.000056,0.000000,0.000000,0.000000,0.000000,0.000016,-0.064168,0.000000,0.064007
0.010827,-0.011261,-0.002423,0.000055,0.000049,0.000057,0.000000,0.000000,0.000000,0.000000,0.000000,-0.064126,0.000000,0.064022
0.010821,-0.011266,-0.002434,0.000054,0.000048,0.000058,0.000000,0.000000,0.000000,0.000000,0.000000,-0.064112,0.000000,0.064029
0.010817,-0.011270,-0.002444,0.000054,0.000047,0.000059,0.000000,0.000000,0.000000,0.000000,0.000000,-0.064091,0.000000,0.064042
0.010812,-0.011274,-0.002453,0.000053,0.000046,0.000059,0.000000,0.000000,0.000000,0.000000,0.000000,-0.064033,0.000000,0.064065
0.010807,-0.011279,-0.002462,0.000053,0.000046,0.000060,0.000000,0.000000,0.000000,0.000000,0.000000,-0.063984,0.000000,0.064085
0.010802,-0.011283,-0.002474,0.000052,0.000045,0.000060,0.000000,0.000000,0.000000,0.000000,0.000000,-0.063968,0.000000,0.064089
0.010797,-0.011287,-0.002483,0.000052,0.000045,0.000060,0.000000,0.000000,0.000000,0.000000,0.000002,-0.063946,0.000000,0.064094
0.010793,-0.011291,-0.002492,0.000053,0.000044,0.000059,0.000000,0.000000,0.000000,0.000000,0.000007,-0.063898,0.000000,0.064108
0.010788,-0.011295,-0.002501,0.000054,0.000045,0.000058,0.000000,0.000000,0.000000,0.000000,0.000003,-0.063870,0.000000,0.064111
0.010782,-0.011300,-0.002512,0.000055,0.000045,0.000056,0.000000,0.000000,0.000000,0.000000,0.000000,-0.063867,0.000000,0.064093
0.010777,-0.011304,-0.002521,0.000055,0.000046,0.000055,0.000000,0.000000,0.000000,0.000000,0.000000,-0.063861,0.000000,0.064075
0.010773,-0.011308,-0.002529,0.000054,0.000047,0.000053,0.000000,0.000000,0.000000,0.000000,0.000000,-0.063849,0.000000,0.064054
0.010768,-0.011312,-0.002537,0.000054,0.000048,0.000051,0.000000,0.000000,0.000000,0.000000,0.000000,-0.063850,0.000000,0.064025
0.010763,-0.011317,-0.002546,0.000053,0.000050,0.000048,0.000000,0.000000,0.000000,0.000000,0.000000,-0.063861,0.000000,0.063988
0.010758,-0.011322,-0.002553,0.000052,0.000052,0.000045,0.000000,0.000000,0.000000,0.000000,0.000000,-0.063873,0.000000,0.063946
0.010754,-0.011326,-0.002560,0.000052,0.000054,0.000042,0.000000,0.000000,0.000000,0.000000,0.000000,-0.063892,0.000000,0.063891
0.010749,-0.011331,-0.002566,0.000052,0.000055,0.000040,0.000000,0.000000,0.000000,0.000000,0.000000,-0.063925,0.000000,0.063831
0.010745,-0.011336,-0.002572,0.000051,0.000056,0.000039,0.000000,0.000000,0.000000,0.000000,0.000000,-0.063945,0.000000,0.063774
0.010740,-0.011342,-0.002579,0.000050,0.000056,0.000038,0.000000,0.000000,0.000000,0.000000,0.000000,-0.063946,0.000000,0.063731
0.010736,-0.011346,-0.002585,0.000050,0.000056,0.000038,0.000000,0.000000,0.000000,0.000000,0.000000,-0.063937,0.000000,0.063701
0.010731,-0.011351,-0.002591,0.000049,0.000056,0.000039,0.000000,0.000000,0.000000,0.000000,0.000000,-0.063922,0.000000,0.063677
0.010727,-0.011355,-0.002597,0.000049,0.000055,0.000040,0.000000,0.000000,0.000000,0.000000,0.000000,-0.063902,0.000000,0.063668
0.010722,-0.011361,-0.002605,0.000048,0.000053,0.000041,0.000000,0.000000,0.000000,0.000000,0.000000,-0.063870,0.000000,0.063668
0.010719,-0.011365,-0.002611,0.000047,0.000052,0.000042,0.000000,0.000000,0.000000,0.000000,0.000000,-0.063836,0.000000,0.063678
0.010714,-0.011370,-0.002618,0.000047,0.000052,0.000044,0.000000,0.000000,0.000000,0.000000,0.000000,-0.063795,0.000000,0.063690
0.010710,-0.011374,-0.002626,0.000046,0.000051,0.000044,0.000000,0.000000,0.000000,0.000000,0.000000,-0.063771,0.000000,0.063702
0.010705,-0.011379,-0.002634,0.000046,0.000050,0.000045,0.000000,0.000000,0.000000,0.000000,0.000000,-0.063745,0.000000,0.063701
0.010702,-0.011383,-0.002641,0.000045,0.000049,0.000045,0.000000,0.000000,0.000000,0.000000,0.000000,-0.063724,0.000000,0.063707
0.010698,-0.011388,-0.002648,0.000045,0.000049,0.000046,0.000000,0.000000,0.000000,0.000000,0.000000,-0.063694,0.000000,0.063709
0.010694,-0.011392,-0.002655,0.000044,0.000049,0.000046,0.000000,0.000000,0.000000,0.000000,0.000000,-0.063675,0.000000,0.063711
0.010689,-0.011397,-0.002664,0.000044,0.000048,0.000046,0.000000,0.000000,0.000000,0.000000,0.000000,-0.063656,0.000000,0.063707
0.010686,-0.011401,-0.002671,0.000043,0.000048,0.000046,0.000000,0.000000,0.000000,0.000000,0.000000,-0.063639,0.000000,0.063705
0.010682,-0.011405,-0.002678,0.000043,0.000048,0.000046,0.000000,0.000000,0.000000,0.000000,0.000000,-0.063616,0.000000,0.063702
0.010678,-0.011409,-0.002685,0.000042,0.000048,0.000046,0.000000,0.000000,0.000000,0.000000,0.000000,-0.063596,0.000000,0.063698
0.010674,-0.011414,-0.002694,0.000042,0.000048,0.000046,0.000000,0.000000,0.000000,0.000000,0.000000,-0.063584,0.000000,0.063691
0.010670,-0.011418,-0.002701,0.000041,0.000048,0.000046,0.000000,0.000000,0.000000,0.000000,0.000000,-0.063568,0.000000,0.063684
0.010667,-0.011423,-0.002708,0.000041,0.000047,0.000046,0.000000,0.000000,0.000000,0.000000,0.000000,-0.063546,0.000000,0.063678
0.010663,-0.011426,-0.002715,0.000040,0.000047,0.000046,0.000000,0.000000,0.000000,0.000000,0.000000,-0.063532,0.000000,0.063671
0.010659,-0.011431,-0.002724,0.000040,0.000047,0.000045,0.000000,0.000000,0.000000,0.000000,0.000000,-0.063521,0.000000,0.063662
0.010655,-0.011436,-0.002731,0.000039,0.000047,0.000045,0.000000,0.000000,0.000000,0.000000,0.000000,-0.063506,0.000000,0.063654
0.010652,-0.011439,-0.002738,0.000039,0.000047,0.000045,0.000000,0.000000,0.000000,0.000000,0.000000,-0.063486,0.000000,0.063646
0.010649,-0.011444,-0.002745,0.000038,0.000047,0.000045,0.000000,0.000000,0.000000,0.000000,0.000000,-0.063473,0.000000,0.063637
0.010645,-0.011449,-0.002754,0.000038,0.000047,0.000044,0.000000,0.000000,0.000000,0.000000,0.000000,-0.063465,0.000000,0.063626
0.010642,-0.011452,-0.002760,0.000038,0.000047,0.000044,0.000000,0.000000,0.000000,0.000000,0.000000,-0.063450,0.000000,0.063617
0.010638,-0.011457,-0.002767,0.000038,0.000047,0.000044,0.000000,0.000000,0.000000,0.000000,0.000005,-0.063432,0.000000,0.063608
0.010635,-0.011461,-0.002774,0.000039,0.000047,0.000042,0.000000,0.000000,0.000000,0.000000,0.000010,-0.063421,0.000000,0.063597
0.010631,-0.011465,-0.002781,0.000040,0.000048,0.000041,0.000000,0.000000,0.000000,0.000000,0.000005,-0.063414,0.000000,0.063579
0.010627,-0.011470,-0.002788,0.000041,0.000048,0.000040,0.000000,0.000000,0.000000,0.000000,0.000000,-0.063413,0.000000,0.063554
0.010624,-0.011474,-0.002794,0.000041,0.000048,0.000039,0.000000,0.000000,0.000000,0.000000,0.000000,-0.063413,0.000000,0.063527
0.010620,-0.011478,-0.002800,0.000041,0.000048,0.000039,0.000000,0.000000,0.000000,0.000000,0.000000,-0.063408,0.000000,0.063506
0.010617,-0.011482,-0.002806,0.000040,0.000048,0.000039,0.000000,0.000000,0.000000,0.000000,0.000000,-0.063392,0.000000,0.063496
0.010612,-0.011487,-0.002813,0.000040,0.000048,0.000038,0.000000,0.000000,0.000000,0.000000,0.000000,-0.063375,0.000000,0.063484
0.010609,-0.011491,-0.002819,0.000039,0.000048,0.000038,0.000000,0.000000,0.000000,0.000000,0.000000,-0.063370,0.000000,0.063470
0.010606,-0.011495,-0.002825,0.000039,0.000048,0.000038,0.000000,0.000000,0.000000,0.000000,0.000000,-0.063362,0.000000,0.063454
0.010602,-0.011499,-0.002831,0.000039,0.000048,0.000038,0.000000,0.000000,0.000000,0.000000,0.000000,-0.063349,0.000000,0.063442
0.010598,-0.011504,-0.002838,0.000038,0.000048,0.000037,0.000000,0.000000,0.000000,0.000000,0.000000,-0.063339,0.000000,0.063430
0.010595,-0.011508,-0.002843,0.000038,0.000048,0.000037,0.000000,0.000000,0.000000,0.000000,0.000000,-0.063330,0.000000,0.063417
0.010592,-0.011512,-0.002849,0.000037,0.000048,0.000037,0.000000,0.000000,0.000000,0.000000,0.000000,-0.063320,0.000000,0.063401
0.010589,-0.011516,-0.002855,0.000037,0.000048,0.000037,0.000000,0.000000,0.000000,0.000000,0.000000,-0.063312,0.000000,0.063389
0.010585,-0.011521,-0.002862,0.000036,0.000048,0.000036,0.000000,0.000000,0.000000,0.000000,0.000000,-0.063302,0.000000,0.063376
0.010582,-0.011525,-0.002868,0.000036,0.000048,0.000036,0.000000,0.000000,0.000000,0.000000,0.000000,-0.063294,0.000000,0.063363
0.010579,-0.011529,-0.002873,0.000036,0.000048,0.000036,0.000000,0.000000,0.000000,0.000000,0.000000,-0.063284,0.000000,0.063348
0.010576,-0.011533,-0.002879,0.000035,0.000048,0.000036,0.000000,0.000000,0.000000,0.000000,0.000000,-0.063275,0.000000,0.063334
0.010572,-0.011538,-0.002885,0.000035,0.000048,0.000035,0.000000,0.000000,0.000000,0.000000,0.000000,-0.063269,0.000000,0.063321
0.010569,-0.011542,-0.002891,0.000034,0.000048,0.000035,0.000000,0.000000,0.000000,0.000000,0.000000,-0.063260,0.000000,0.063308
0.010566,-0.011546,-0.002896,0.000034,0.000048,0.000035,0.000000,0.000000,0.000000,0.000000,0.000000,-0.063250,0.000000,0.063292
0.010563,-0.011550,-0.002901,0.000034,0.000048,0.000034,0.000000,0.000000,0.000000,0.000000,0.000000,-0.063244,0.000000,0.063279
0.010560,-0.011555,-0.002908,0.000035,0.000048,0.000033,0.000000,0.000000,0.000000,0.000000,0.000005,-0.063237,0.000000,0.063265
0.010556,-0.011559,-0.002913,0.000037,0.000048,0.000031,0.000000,0.000000,0.000000,0.000000,0.000001,-0.063234,0.000000,0.063247
0.010553,-0.011563,-0.002917,0.000038,0.000048,0.000030,0.000000,0.000000,0.000000,0.000000,0.000000,-0.063235,0.000000,0.063215
0.010550,-0.011567,-0.002922,0.000038,0.000048,0.000030,0.000000,0.000000,0.000000,0.000000,0.000000,-0.063246,0.000000,0.063185
0.010546,-0.011572,-0.002928,0.000038,0.000048,0.000030,0.000000,0.000000,0.000000,0.000000,0.000000,-0.063242,0.000000,0.063161
0.010543,-0.011576,-0.002932,0.000037,0.000048,0.000029,0.000000,0.000000,0.000000,0.000000,0.000000,-0.063226,0.000000,0.063148
0.010540,-0.011580,-0.002937,0.000037,0.000048,0.000029,0.000000,0.000000,0.000000,0.000000,0.000000,-0.063216,0.000000,0.063129
0.010537,-0.011584,-0.002941,0.000036,0.000048,0.000029,0.000000,0.000000,0.000000,0.000000,0.000000,-0.063218,0.000000,0.063111
0.010533,-0.011589,-0.002947,0.000036,0.000048,0.000029,0.000000,0.000000,0.000000,0.000000,0.000000,-0.063213,0.000000,0.063094
0.010530,-0.011593,-0.002951,0.000035,0.000048,0.000028,0.000000,0.000000,0.000000,0.000000,0.000000,-0.063203,0.000000,0.063082
0.010527,-0.011597,-0.002955,0.000035,0.000048,0.000028,0.000000,0.000000,0.000000,0.000000,0.000000,-0.063196,0.000000,0.063064
0.010524,-0.011601,-0.002960,0.000035,0.000048,0.000028,0.000000,0.000000,0.000000,0.000000,0.000000,-0.063194,0.000000,0.063047
0.010520,-0.011606,-0.002965,0.000034,0.000048,0.000028,0.000000,0.000000,0.000000,0.000000,0.000000,-0.063189,0.000000,0.063030
0.010517,-0.011610,-0.002969,0.000034,0.000048,0.000028,0.000000,0.000000,0.000000,0.000000,0.000000,-0.063182,0.000000,0.063017
0.010515,-0.011614,-0.002974,0.000034,0.000048,0.000028,0.000000,0.000000,0.000000,0.000000,0.000000,-0.063176,0.000000,0.062998
0.010512,-0.011618,-0.002978,0.000033,0.000048,0.000027,0.000000,0.000000,0.000000,0.000000,0.000000,-0.063174,0.000000,0.062983
0.010508,-0.011622,-0.002983,0.000033,0.000048,0.000027,0.000000,0.000000,0.000000,0.000000,0.000000,-0.063168,0.000000,0.062965
0.010506,-0.011627,-0.002988,0.000032,0.000048,0.000027,0.000000,0.000000,0.000000,0.000000,0.000000,-0.063163,0.000000,0.062954
0.010503,-0.011630,-0.002992,0.000032,0.000048,0.000027,0.000000,0.000000,0.000000,0.000000,0.000000,-0.063157,0.000000,0.062932
0.010500,-0.011635,-0.002996,0.000032,0.000048,0.000027,0.000000,0.000000,0.000000,0.000000,0.000000,-0.063155,0.000000,0.062917
0.010497,-0.011639,-0.003001,0.000031,0.000048,0.000027,0.000000,0.000000,0.000000,0.000000,0.000000,-0.063150,0.000000,0.062902
0.010494,-0.011643,-0.003005,0.000031,0.000048,0.000026,0.000000,0.000000,0.000000,0.000000,0.000000,-0.063145,0.000000,0.062886
0.010492,-0.011647,-0.003009,0.000030,0.000048,0.000026,0.000000,0.000000,0.000000,0.000000,0.000000,-0.063141,0.000000,0.062867
0.010489,-0.011651,-0.003013,0.000030,0.000048,0.000026,0.000000,0.000000,0.000000,0.000000,0.000000,-0.063138,0.000000,0.062852
0.010486,-0.011656,-0.003018,0.000030,0.000047,0.000026,0.000000,0.000000,0.000000,0.000000,0.000000,-0.063133,0.000000,0.062836
0.010483,-0.011660,-0.003022,0.000029,0.000047,0.000026,0.000000,0.000000,0.000000,0.000000,0.000000,-0.063129,0.000000,0.062822
0.010481,-0.011664,-0.003026,0.000029,0.000048,0.000026,0.000000,0.000000,0.000000,0.000000,0.000000,-0.063126,0.000000,0.062803
0.010478,-0.011668,-0.003030,0.000029,0.000047,0.000025,0.000000,0.000000,0.000000,0.000000,0.000000,-0.063123,0.000000,0.062787
0.010476,-0.011672,-0.003034,0.000029,0.000047,0.000025,0.000000,0.000000,0.000000,0.000000,0.000004,-0.063118,0.000000,0.062771
0.010473,-0.011677,-0.003038,0.000030,0.000047,0.000025,0.000000,0.000000,0.000000,0.000000,0.000008,-0.063115,0.000000,0.062756
0.010470,-0.011681,-0.003042,0.000032,0.000046,0.000024,0.000000,0.000000,0.000000,0.000000,0.000005,-0.063110,0.000000,0.062738
0.010467,-0.011684,-0.003046,0.000033,0.000045,0.000025,0.000000,0.000000,0.000000,0.000000,0.000000,-0.063098,0.000000,0.062721
0.010465,-0.011688,-0.003050,0.000033,0.000043,0.000026,0.000000,0.000000,0.000000,0.000000,0.000000,-0.063080,0.000000,0.062716
0.010461,-0.011692,-0.003056,0.000033,0.000041,0.000029,0.000000,0.000000,0.000000,0.000000,0.000000,-0.063053,0.000000,0.062724
0.010458,-0.011695,-0.003060,0.000032,0.000039,0.000031,0.000000,0.000000,0.000000,0.000000,0.000000,-0.063011,0.000000,0.062745
0.010456,-0.011699,-0.003066,0.000032,0.000037,0.000034,0.000000,0.000000,0.000000,0.000000,0.000000,-0.062957,0.000000,0.062776
0.010453,-0.011702,-0.003071,0.000032,0.000035,0.000036,0.000000,0.000000,0.000000,0.000000,0.000000,-0.062909,0.000000,0.062813
0.010450,-0.011705,-0.003078,0.000032,0.000034,0.000038,0.000000,0.000000,0.000000,0.000000,0.000016,-0.062866,0.000000,0.062849
0.010447,-0.011708,-0.003085,0.000033,0.000032,0.000039,0.000000,0.000000,0.000000,0.000000,0.000031,-0.062821,0.000000,0.062888
0.010444,-0.011711,-0.003091,0.000035,0.000031,0.000039,0.000000,0.000000,0.000000,0.000000,0.000031,-0.062764,0.000000,0.062917
0.010440,-0.011713,-0.003097,0.000036,0.000031,0.000038,0.000000,0.000000,0.000000,0.000000,0.000013,-0.062731,0.000000,0.062930
0.010436,-0.011717,-0.003104,0.000037,0.000031,0.000037,0.000000,0.000000,0.000000,0.000000,0.000000,-0.062728,0.000000,0.062928
0.010433,-0.011719,-0.003109,0.000037,0.000031,0.000036,0.000000,0.000000,0.000000,0.000000,0.000000,-0.062739,0.000000,0.062922
0.010430,-0.011722,-0.003115,0.000037,0.000032,0.000035,0.000000,0.000000,0.000000,0.000000,0.000000,-0.062735,0.000000,0.062910
0.010427,-0.011725,-0.003120,0.000036,0.000033,0.000033,0.000000,0.000000,0.000000,0.000000,0.000000,-0.062732,0.000000,0.062895
0.010423,-0.011728,-0.003126,0.000036,0.000035,0.000031,0.000000,0.000000,0.000000,0.000000,0.000000,-0.062740,0.000000,0.062867
0.010420,-0.011732,-0.003130,0.000036,0.000036,0.000028,0.000000,0.000000,0.000000,0.000000,0.000000,-0.062764,0.000000,0.062830
0.010417,-0.011735,-0.003134,0.000035,0.000038,0.000026,0.000000,0.000000,0.000000,0.000000,0.000000,-0.062786,0.000000,0.062783
0.010414,-0.011738,-0.003138,0.000035,0.000039,0.000024,0.000000,0.000000,0.000000,0.000000,0.000000,-0.062816,0.000000,0.062730
0.010411,-0.011742,-0.003142,0.000035,0.000040,0.000023,0.000000,0.000000,0.000000,0.000000,0.000000,-0.062841,0.000000,0.062680
0.010408,-0.011745,-0.003145,0.000034,0.000040,0.000022,0.000000,0.000000,0.000000,0.000000,0.000000,-0.062851,0.000000,0.062641
0.010405,-0.011749,-0.003149,0.000034,0.000040,0.000022,0.000000,0.000000,0.000000,0.000000,0.000000,-0.062845,0.000000,0.062610
0.010402,-0.011752,-0.003152,0.000033,0.000039,0.000023,0.000000,0.000000,0.000000,0.000000,0.000000,-0.062833,0.000000,0.062597
0.010399,-0.011756,-0.003157,0.000033,0.000038,0.000024,0.000000,0.000000,0.000000,0.000000,0.000000,-0.062813,0.000000,0.062593
0.010396,-0.011759,-0.003161,0.000032,0.000037,0.000026,0.000000,0.000000,0.000000,0.000000,0.000000,-0.062790,0.000000,0.062597
0.010393,-0.011762,-0.003165,0.000032,0.000036,0.000028,0.000000,0.000000,0.000000,0.000000,0.000000,-0.062756,0.000000,0.062610
0.010390,-0.011765,-0.003170,0.000032,0.000034,0.000029,0.000000,0.000000,0.000000,0.000000,0.000000,-0.062714,0.000000,0.062636
0.010387,-0.011769,-0.003176,0.000031,0.000033,0.000031,0.000000,0.000000,0.000000,0.000000,0.000000,-0.062680,0.000000,0.062658
0.010385,-0.011771,-0.003181,0.000031,0.000032,0.000032,0.000000,0.000000,0.000000,0.000000,0.000000,-0.062660,0.000000,0.062673
0.010382,-0.011774,-0.003186,0.000031,0.000032,0.000032,0.000000,0.000000,0.000000,0.000000,0.000000,-0.062631,0.000000,0.062689
0.010379,-0.011777,-0.003191,0.000030,0.000031,0.000033,0.000000,0.000000,0.000000,0.000000,0.000000,-0.062604,0.000000,0.062705
0.010376,-0.011780,-0.003197,0.000030,0.000030,0.000034,0.000000,0.000000,0.000000,0.000000,0.000000,-0.062584,0.000000,0.062713
0.010373,-0.011782,-0.003203,0.000030,0.000030,0.000034,0.000000,0.000000,0.000000,0.000000,0.000000,-0.062569,0.000000,0.062720
0.010371,-0.011785,-0.003208,0.000029,0.000030,0.000034,0.000000,0.000000,0.000000,0.000000,0.000000,-0.062544,0.000000,0.062728
0.010368,-0.011788,-0.003214,0.000029,0.000029,0.000035,0.000000,0.000000,0.000000,0.000000,0.000000,-0.062522,0.000000,0.062736
0.010365,-0.011791,-0.003220,0.000029,0.000029,0.000035,0.000000,0.000000,0.000000,0.000000,0.000000,-0.062510,0.000000,0.062738
0.010363,-0.011793,-0.003225,0.000028,0.000029,0.000035,0.000000,0.000000,0.000000,0.000000,0.000000,-0.062497,0.000000,0.062739
0.010360,-0.011796,-0.003231,0.000028,0.000029,0.000035,0.000000,0.000000,0.000000,0.000000,0.000000,-0.062473,0.000000,0.062744
0.010358,-0.011798,-0.003236,0.000028,0.000028,0.000035,0.000000,0.000000,0.000000,0.000000,0.000000,-0.062459,0.000000,0.062746
0.010355,-0.011801,-0.003243,0.000027,0.000029,0.000035,0.000000,0.000000,0.000000,0.000000,0.000000,-0.062447,0.000000,0.062744
0.010353,-0.011804,-0.003249,0.000027,0.000028,0.000035,0.000000,0.000000,0.000000,0.000000,0.000000,-0.062436,0.000000,0.062743
0.010350,-0.011806,-0.003254,0.000027,0.000028,0.000034,0.000000,0.000000,0.000000,0.000000,0.000003,-0.062415,0.000000,0.062744
0.010348,-0.011809,-0.003259,0.000028,0.000028,0.000033,0.000000,0.000000,0.000000,0.000000,0.000006,-0.062401,0.000000,0.062743
0.010345,-0.011811,-0.003264,0.000030,0.000028,0.000032,0.000000,0.000000,0.000000,0.000000,0.000000,-0.062399,0.000000,0.062733
0.010342,-0.011814,-0.003270,0.000031,0.000028,0.000031,0.000000,0.000000,0.000000,0.000000,0.000000,-0.062397,0.000000,0.062716
0.010339,-0.011816,-0.003275,0.000031,0.000029,0.000031,0.000000,0.000000,0.000000,0.000000,0.000000,-0.062399,0.000000,0.062702
0.010337,-0.011819,-0.003279,0.000031,0.000029,0.000030,0.000000,0.000000,0.000000,0.000000,0.000000,-0.062389,0.000000,0.062688
0.010333,-0.011822,-0.003285,0.000031,0.000028,0.000030,0.000000,0.000000,0.000000,0.000000,0.000000,-0.062366,0.000000,0.062683
0.010331,-0.011824,-0.003290,0.000030,0.000029,0.000030,0.000000,0.000000,0.000000,0.000000,0.000000,-0.062356,0.000000,0.062678
0.010328,-0.011827,-0.003294,0.000030,0.000029,0.000030,0.000000,0.000000,0.000000,0.000000,0.000000,-0.062352,0.000000,0.062669
0.010326,-0.011829,-0.003299,0.000030,0.000028,0.000030,0.000000,0.000000,0.000000,0.000000,0.000000,-0.062340,0.000000,0.062664
0.010323,-0.011832,-0.003304,0.000029,0.000029,0.000029,0.000000,0.000000,0.000000,0.000000,0.000000,-0.062328,0.000000,0.062660
0.010320,-0.011835,-0.003309,0.000029,0.000029,0.000029,0.000000,0.000000,0.000000,0.000000,0.000000,-0.062319,0.000000,0.062655
0.010317,-0.011837,-0.003314,0.000029,0.000029,0.000029,0.000000,0.000000,0.000000,0.000000,0.000000,-0.062312,0.000000,0.062648
0.010315,-0.011839,-0.003318,0.000028,0.000029,0.000029,0.000000,0.000000,0.000000,0.000000,0.000000,-0.062300,0.000000,0.062642
0.010313,-0.011842,-0.003323,0.000028,0.000029,0.000029,0.000000,0.000000,0.000000,0.000000,0.000000,-0.062289,0.000000,0.062637
0.010310,-0.011845,-0.003328,0.000028,0.000029,0.000029,0.000000,0.000000,0.000000,0.000000,0.000000,-0.062283,0.000000,0.062631
0.010307,-0.011847,-0.003332,0.000027,0.000029,0.000028,0.000000,0.000000,0.000000,0.000000,0.000000,-0.062274,0.000000,0.062624
0.010305,-0.011850,-0.003337,0.000027,0.000029,0.000028,0.000000,0.000000,0.000000,0.000000,0.000000,-0.062262,0.000000,0.062618
0.010303,-0.011852,-0.003341,0.000027,0.000029,0.000028,0.000000,0.000000,0.000000,0.000000,0.000000,-0.062254,0.000000,0.062612
0.010300,-0.011855,-0.003346,0.000026,0.000029,0.000028,0.000000,0.000000,0.000000,0.000000,0.000000,-0.062248,0.000000,0.062605
0.010298,-0.011858,-0.003351,0.000026,0.000029,0.000028,0.000000,0.000000,0.000000,0.000000,0.000000,-0.062241,0.000000,0.062599
0.010295,-0.011860,-0.003355,0.000026,0.000029,0.000027,0.000000,0.000000,0.000000,0.000000,0.000000,-0.062227,0.000000,0.062592
0.010293,-0.011863,-0.003359,0.000025,0.000029,0.000027,0.000000,0.000000,0.000000,0.000000,0.000000,-0.062219,0.000000,0.062586
0.010291,-0.011866,-0.003364,0.000025,0.000029,0.000027,0.000000,0.000000,0.000000,0.000000,0.000000,-0.062216,0.000000,0.062578
0.010288,-0.011868,-0.003368,0.000025,0.000029,0.000027,0.000000,0.000000,0.000000,0.000000,0.000000,-0.062208,0.000000,0.062571
0.010286,-0.011871,-0.003373,0.000025,0.000029,0.000027,0.000000,0.000000,0.000000,0.000000,0.000000,-0.062196,0.000000,0.062565
0.010284,-0.011873,-0.003377,0.000024,0.000029,0.000026,0.000000,0.000000,0.000000,0.000000,0.000000,-0.062189,0.000000,0.062558
0.010282,-0.011876,-0.003382,0.000024,0.000029,0.000026,0.000000,0.000000,0.000000,0.000000,0.000000,-0.062184,0.000000,0.062550
0.010280,-0.011879,-0.003386,0.000024,0.000029,0.000026,0.000000,0.000000,0.000000,0.000000,0.000000,-0.062178,0.000000,0.062544
0.010278,-0.011881,-0.003390,0.000023,0.000029,0.000026,0.000000,0.000000,0.000000,0.000000,0.000000,-0.062167,0.000000,0.062537
0.010275,-0.011884,-0.003394,0.000023,0.000029,0.000026,0.000000,0.000000,0.000000,0.000000,0.000000,-0.062160,0.000000,0.062530
0.010273,-0.011887,-0.003399,0.000023,0.000029,0.000026,0.000000,0.000000,0.000000,0.000000,0.000000,-0.062156,0.000000,0.062522
0.010271,-0.011889,-0.003403,0.000023,0.000029,0.000025,0.000000,0.000000,0.000000,0.000000,0.000000,-0.062148,0.000000,0.062515
0.010269,-0.011892,-0.003407,0.000022,0.000029,0.000025,0.000000,0.000000,0.000000,0.000000,0.000000,-0.062138,0.000000,0.062508
0.010267,-0.011894,-0.003411,0.000022,0.000029,0.000025,0.000000,0.000000,0.000000,0.000000,0.000000,-0.062134,0.000000,0.062500
0.010265,-0.011897,-0.003415,0.000022,0.000029,0.000025,0.000000,0.000000,0.000000,0.000000,0.000000,-0.062129,0.000000,0.062492
0.010263,-0.011900,-0.003419,0.000022,0.000029,0.000025,0.000000,0.000000,0.000000,0.000000,0.000000,-0.062122,0.000000,0.062485
0.010261,-0.011902,-0.003423,0.000021,0.000029,0.000025,0.000000,0.000000,0.000000,0.000000,0.000000,-0.062113,0.000000,0.062478
0.010259,-0.011905,-0.003427,0.000021,0.000029,0.000024,0.000000,0.000000,0.000000,0.000000,0.000000,-0.062108,0.000000,0.062470
0.010257,-0.011908,-0.003431,0.000021,0.000029,0.000024,0.000000,0.000000,0.000000,0.000000,0.000000,-0.062104,0.000000,0.062462
0.010255,-0.011910,-0.003435,0.000021,0.000029,0.000024,0.000000,0.000000,0.000000,0.000000,0.000000,-0.062097,0.000000,0.062455
0.010253,-0.011913,-0.003439,0.000022,0.000029,0.000023,0.000000,0.000000,0.000000,0.000000,0.000004,-0.062089,0.000000,0.062447
0.010251,-0.011915,-0.003442,0.000023,0.000029,0.000022,0.000000,0.000000,0.000000,0.000000,0.000000,-0.062089,0.000000,0.062433
0.010249,-0.011918,-0.003446,0.000024,0.000029,0.000021,0.000000,0.000000,0.000000,0.000000,0.000000,-0.062096,0.000000,0.062411
0.010247,-0.011921,-0.003449,0.000023,0.000030,0.000021,0.000000,0.000000,0.000000,0.000000,0.000000,-0.062099,0.000000,0.062394
0.010245,-0.011923,-0.003452,0.000023,0.000029,0.000021,0.000000,0.000000,0.000000,0.000000,0.000000,-0.062086,0.000000,0.062385
0.010243,-0.011925,-0.003456,0.000023,0.000029,0.000021,0.000000,0.000000,0.000000,0.000000,0.000000,-0.062075,0.000000,0.062377
0.010240,-0.011928,-0.003460,0.000023,0.000029,0.000020,0.000000,0.000000,0.000000,0.000000,0.000000,-0.062076,0.000000,0.062367
0.010239,-0.011931,-0.003463,0.000022,0.000030,0.000020,0.000000,0.000000,0.000000,0.000000,0.000000,-0.062075,0.000000,0.062356
0.010237,-0.011933,-0.003466,0.000022,0.000029,0.000020,0.000000,0.000000,0.000000,0.000000,0.000000,-0.062066,0.000000,0.062347
0.010235,-0.011936,-0.003469,0.000022,0.000029,0.000020,0.000000,0.000000,0.000000,0.000000,0.000000,-0.062059,0.000000,0.062340
0.010233,-0.011939,-0.003473,0.000022,0.000030,0.000020,0.000000,0.000000,0.000000,0.000000,0.000000,-0.062058,0.000000,0.062330
0.010231,-0.011941,-0.003476,0.000021,0.000029,0.000020,0.000000,0.000000,0.000000,0.000000,0.000000,-0.062056,0.000000,0.062321
0.010229,-0.011944,-0.003479,0.000021,0.000029,0.000020,0.000000,0.000000,0.000000,0.000000,0.000000,-0.062047,0.000000,0.062310
0.010227,-0.011946,-0.003482,0.000021,0.000030,0.000020,0.000000,0.000000,0.000000,0.000000,0.000000,-0.062043,0.000000,0.062302
0.010225,-0.011949,-0.003486,0.000021,0.000029,0.000019,0.000000,0.000000,0.000000,0.000000,0.000000,-0.062041,0.000000,0.062293
0.010223,-0.011952,-0.003488,0.000020,0.000029,0.000019,0.000000,0.000000,0.000000,0.000000,0.000000,-0.062037,0.000000,0.062283
0.010221,-0.011954,-0.003492,0.000020,0.000029,0.000019,0.000000,0.000000,0.000000,0.000000,0.000000,-0.062032,0.000000,0.062274
0.010220,-0.011957,-0.003494,0.000020,0.000029,0.000019,0.000000,0.000000,0.000000,0.000000,0.000000,-0.062029,0.000000,0.062265
0.010218,-0.011960,-0.003498,0.000020,0.000029,0.000019,0.000000,0.000000,0.000000,0.000000,0.000000,-0.062025,0.000000,0.062256
0.010216,-0.011962,-0.003501,0.000019,0.000029,0.000019,0.000000,0.000000,0.000000,0.000000,0.000000,-0.062022,0.000000,0.062247
0.010214,-0.011965,-0.003504,0.000019,0.000030,0.000019,0.000000,0.000000,0.000000,0.000000,0.000000,-0.062017,0.000000,0.062237
0.010213,-0.011967,-0.003507,0.000019,0.000029,0.000018,0.000000,0.000000,0.000000,0.000000,0.000000,-0.062015,0.000000,0.062230
0.010211,-0.011970,-0.003510,0.000019,0.000029,0.000018,0.000000,0.000000,0.000000,0.000000,0.000000,-0.062010,0.000000,0.062217
0.010209,-0.011973,-0.003513,0.000019,0.000029,0.000018,0.000000,0.000000,0.000000,0.000000,0.000000,-0.062008,0.000000,0.062209
0.010207,-0.011975,-0.003516,0.000019,0.000029,0.000018,0.000000,0.000000,0.000000,0.000000,0.000002,-0.062004,0.000000,0.062199
0.010206,-0.011977,-0.003518,0.000020,0.000029,0.000017,0.000000,0.000000,0.000000,0.000000,0.000005,-0.062001,0.000000,0.062190
0.010203,-0.011980,-0.003521,0.000021,0.000030,0.000016,0.000000,0.000000,0.000000,0.000000,0.000000,-0.062002,0.000000,0.062175
0.010202,-0.011983,-0.003524,0.000022,0.000030,0.000015,0.000000,0.000000,0.000000,0.000000,0.000000,-0.062010,0.000000,0.062152
0.010200,-0.011985,-0.003526,0.000021,0.000029,0.000015,0.000000,0.000000,0.000000,0.000000,0.000000,-0.062019,0.000000,0.062130
0.010198,-0.011988,-0.003528,0.000021,0.000030,0.000015,0.000000,0.000000,0.000000,0.000000,0.000000,-0.062011,0.000000,0.062119
0.010196,-0.011991,-0.003531,0.000021,0.000029,0.000015,0.000000,0.000000,0.000000,0.000000,0.000000,-0.062000,0.000000,0.062113
0.010194,-0.011993,-0.003533,0.000021,0.000029,0.000015,0.000000,0.000000,0.000000,0.000000,0.000000,-0.062000,0.000000,0.062099
0.010192,-0.011996,-0.003536,0.000020,0.000029,0.000015,0.000000,0.000000,0.000000,0.000000,0.000000,-0.062004,0.000000,0.062085
0.010191,-0.011998,-0.003538,0.000020,0.000029,0.000015,0.000000,0.000000,0.000000,0.000000,0.000000,-0.062000,0.000000,0.062076
0.010189,-0.012001,-0.003541,0.000020,0.000029,0.000014,0.000000,0.000000,0.000000,0.000000,0.000000,-0.061994,0.000000,0.062068
0.010187,-0.012004,-0.003543,0.000020,0.000029,0.000014,0.000000,0.000000,0.000000,0.000000,0.000000,-0.061993,0.000000,0.062056
0.010185,-0.012006,-0.003545,0.000020,0.000029,0.000014,0.000000,0.000000,0.000000,0.000000,0.000000,-0.061994,0.000000,0.062043
0.010183,-0.012009,-0.003547,0.000019,0.000029,0.000014,0.000000,0.000000,0.000000,0.000000,0.000000,-0.061992,0.000000,0.062033
0.010181,-0.012011,-0.003550,0.000019,0.000029,0.000014,0.000000,0.000000,0.000000,0.000000,0.000000,-0.061987,0.000000,0.062025
0.010180,-0.012014,-0.003552,0.000019,0.000029,0.000014,0.000000,0.000000,0.000000,0.000000,0.000000,-0.061986,0.000000,0.062015
0.010178,-0.012016,-0.003554,0.000019,0.000029,0.000014,0.000000,0.000000,0.000000,0.000000,0.000000,-0.061986,0.000000,0.062000
0.010177,-0.012019,-0.003557,0.000019,0.000029,0.000014,0.000000,0.000000,0.000000,0.000000,0.000000,-0.061985,0.000000,0.061992
0.010175,-0.012022,-0.003559,0.000018,0.000029,0.000014,0.000000,0.000000,0.000000,0.000000,0.000000,-0.061981,0.000000,0.061981
0.010173,-0.012024,-0.003561,0.000018,0.000029,0.000014,0.000000,0.000000,0.000000,0.000000,0.000000,-0.061980,0.000000,0.061971
0.010172,-0.012026,-0.003563,0.000018,0.000029,0.000013,0.000000,0.000000,0.000000,0.000000,0.000000,-0.061980,0.000000,0.061958
0.010170,-0.012029,-0.003566,0.000018,0.000029,0.000013,0.000000,0.000000,0.000000,0.000000,0.000000,-0.061979,0.000000,0.061949
0.010168,-0.012032,-0.003568,0.000017,0.000029,0.000013,0.000000,0.000000,0.000000,0.000000,0.000000,-0.061976,0.000000,0.061940
0.010167,-0.012034,-0.003570,0.000017,0.000029,0.000013,0.000000,0.000000,0.000000,0.000000,0.000000,-0.061975,0.000000,0.061928
0.010166,-0.012037,-0.003572,0.000017,0.000029,0.000013,0.000000,0.000000,0.000000,0.000000,0.000000,-0.061975,0.000000,0.061915
0.010164,-0.012039,-0.003574,0.000017,0.000029,0.000013,0.000000,0.000000,0.000000,0.000000,0.000000,-0.061974,0.000000,0.061905
0.010162,-0.012042,-0.003577,0.000017,0.000029,0.000013,0.000000,0.000000,0.000000,0.000000,0.000000,-0.061971,0.000000,0.061896
0.010161,-0.012044,-0.003579,0.000016,0.000029,0.000013,0.000000,0.000000,0.000000,0.000000,0.000000,-0.061970,0.000000,0.061886
0.010160,-0.012047,-0.003581,0.000016,0.000029,0.000013,0.000000,0.000000,0.000000,0.000000,0.000000,-0.061971,0.000000,0.061874
0.010158,-0.012049,-0.003583,0.000016,0.000029,0.000013,0.000000,0.000000,0.000000,0.000000,0.000000,-0.061970,0.000000,0.061863
0.010156,-0.012052,-0.003585,0.000016,0.000029,0.000012,0.000000,0.000000,0.000000,0.000000,0.000001,-0.061967,0.000000,0.061854
0.010155,-0.012054,-0.003587,0.000018,0.000029,0.000011,0.000000,0.000000,0.000000,0.000000,0.000003,-0.061966,0.000000,0.061843
0.010153,-0.012057,-0.003588,0.000019,0.000029,0.000010,0.000000,0.000000,0.000000,0.000000,0.000000,-0.061972,0.000000,0.061825
0.010152,-0.012059,-0.003590,0.000019,0.000029,0.000010,0.000000,0.000000,0.000000,0.000000,0.000000,-0.061983,0.000000,0.061801
0.010150,-0.012062,-0.003592,0.000019,0.000029,0.000010,0.000000,0.000000,0.000000,0.000000,0.000000,-0.061990,0.000000,0.061780
0.010148,-0.012064,-0.003593,0.000019,0.000029,0.000010,0.000000,0.000000,0.000000,0.000000,0.000000,-0.061983,0.000000,0.061771
0.010147,-0.012067,-0.003595,0.000019,0.000029,0.000010,0.000000,0.000000,0.000000,0.000000,0.000000,-0.061977,0.000000,0.061760
0.010145,-0.012069,-0.003596,0.000018,0.000029,0.000010,0.000000,0.000000,0.000000,0.000000,0.000000,-0.061982,0.000000,0.061744
0.010143,-0.012072,-0.003598,0.000018,0.000029,0.000010,0.000000,0.000000,0.000000,0.000000,0.000000,-0.061985,0.000000,0.061733
0.010142,-0.012074,-0.003600,0.000018,0.000029,0.000010,0.000000,0.000000,0.000000,0.000000,0.000000,-0.061981,0.000000,0.061723
0.010140,-0.012077,-0.003601,0.000018,0.000028,0.000009,0.000000,0.000000,0.000000,0.000000,0.000000,-0.061980,0.000000,0.061710
0.010139,-0.012079,-0.003603,0.000018,0.000028,0.000009,0.000000,0.000000,0.000000,0.000000,0.000000,-0.061983,0.000000,0.061698
0.010137,-0.012082,-0.003604,0.000017,0.000028,0.000009,0.000000,0.000000,0.000000,0.000000,0.000000,-0.061983,0.000000,0.061688
0.010136,-0.012084,-0.003606,0.000017,0.000028,0.000009,0.000000,0.000000,0.000000,0.000000,0.000000,-0.061981,0.000000,0.061677
0.010134,-0.012086,-0.003607,0.000017,0.000028,0.000010,0.000000,0.000000,0.000000,0.000000,0.000000,-0.061982,0.000000,0.061664
0.010133,-0.012089,-0.003609,0.000017,0.000028,0.000010,0.000000,0.000000,0.000000,0.000000,0.000000,-0.061984,0.000000,0.061652
0.010131,-0.012091,-0.003611,0.000017,0.000026,0.000011,0.000000,0.000000,0.000000,0.000000,0.000000,-0.061977,0.000000,0.061646
0.010130,-0.012093,-0.003613,0.000016,0.000025,0.000013,0.000000,0.000000,0.000000,0.000000,0.000000,-0.061957,0.000000,0.061652
0.010128,-0.012095,-0.003616,0.000016,0.000024,0.000015,0.000000,0.000000,0.000000,0.000000,0.000000,-0.061926,0.000000,0.061669
0.010127,-0.012097,-0.003618,0.000016,0.000023,0.000016,0.000000,0.000000,0.000000,0.000000,0.000000,-0.061894,0.000000,0.061692
0.010126,-0.012099,-0.003621,0.000016,0.000022,0.000017,0.000000,0.000000,0.000000,0.000000,0.000005,-0.061868,0.000000,0.061714
0.010124,-0.012101,-0.003624,0.000018,0.000021,0.000017,0.000000,0.000000,0.000000,0.000000,0.000014,-0.061850,0.000000,0.061731
0.010122,-0.012103,-0.003627,0.000019,0.000020,0.000017,0.000000,0.000000,0.000000,0.000000,0.000012,-0.061833,0.000000,0.061741
0.010120,-0.012105,-0.003629,0.000020,0.000020,0.000017,0.000000,0.000000,0.000000,0.000000,0.000000,-0.061817,0.000000,0.061741
0.010118,-0.012107,-0.003633,0.000021,0.000019,0.000017,0.000000,0.000000,0.000000,0.000000,0.000000,-0.061815,0.000000,0.061738
0.010116,-0.012108,-0.003635,0.000020,0.000019,0.000018,0.000000,0.000000,0.000000,0.000000,0.000000,-0.061813,0.000000,0.061739
0.010115,-0.012110,-0.003638,0.000020,0.000018,0.000018,0.000000,0.000000,0.000000,0.000000,0.000000,-0.061788,0.000000,0.061748
0.010113,-0.012111,-0.003641,0.000020,0.000018,0.000019,0.000000,0.000000,0.000000,0.000000,0.000000,-0.061768,0.000000,0.061758
0.010111,-0.012113,-0.003644,0.000020,0.000018,0.000019,0.000000,0.000000,0.000000,0.000000,0.000000,-0.061766,0.000000,0.061758
0.010109,-0.012115,-0.003647,0.000020,0.000017,0.000019,0.000000,0.000000,0.000000,0.000000,0.000000,-0.061756,0.000000,0.061759
0.010108,-0.012116,-0.003650,0.000019,0.000017,0.000019,0.000000,0.000000,0.000000,0.000000,0.000000,-0.061739,0.000000,0.061765
0.010106,-0.012118,-0.003653,0.000019,0.000017,0.000019,0.000000,0.000000,0.000000,0.000000,0.000000,-0.061727,0.000000,0.061768
0.010104,-0.012119,-0.003657,0.000019,0.000017,0.000019,0.000000,0.000000,0.000000,0.000000,0.000000,-0.061722,0.000000,0.061767
0.010102,-0.012121,-0.003660,0.000019,0.000017,0.000019,0.000000,0.000000,0.000000,0.000000,0.000000,-0.061715,0.000000,0.061767
0.010101,-0.012122,-0.003663,0.000019,0.000017,0.000019,0.000000,0.000000,0.000000,0.000000,0.000000,-0.061701,0.000000,0.061769
0.010099,-0.012124,-0.003666,0.000018,0.000017,0.000019,0.000000,0.000000,0.000000,0.000000,0.000000,-0.061692,0.000000,0.061770
0.010097,-0.012125,-0.003670,0.000018,0.000017,0.000019,0.000000,0.000000,0.000000,0.000000,0.000000,-0.061688,0.000000,0.061767
0.010096,-0.012127,-0.003673,0.000018,0.000017,0.000019,0.000000,0.000000,0.000000,0.000000,0.000000,-0.061681,0.000000,0.061766
0.010094,-0.012128,-0.003676,0.000018,0.000017,0.000019,0.000000,0.000000,0.000000,0.000000,0.000000,-0.061668,0.000000,0.061766
0.010092,-0.012130,-0.003679,0.000017,0.000017,0.000019,0.000000,0.000000,0.000000,0.000000,0.000000,-0.061661,0.000000,0.061765
0.010091,-0.012132,-0.003682,0.000017,0.000017,0.000018,0.000000,0.000000,0.000000,0.000000,0.000000,-0.061657,0.000000,0.061762
0.010089,-0.012133,-0.003685,0.000017,0.000018,0.000017,0.000000,0.000000,0.000000,0.000000,0.000000,-0.061655,0.000000,0.061756
0.010088,-0.012135,-0.003687,0.000017,0.000019,0.000015,0.000000,0.000000,0.000000,0.000000,0.000000,-0.061665,0.000000,0.061737
0.010086,-0.012136,-0.003689,0.000017,0.000021,0.000013,0.000000,0.000000,0.000000,0.000000,0.000000,-0.061691,0.000000,0.061707
0.010085,-0.012139,-0.003691,0.000016,0.000022,0.000012,0.000000,0.000000,0.000000,0.000000,0.000000,-0.061714,0.000000,0.061672
0.010083,-0.012141,-0.003693,0.000016,0.000023,0.000010,0.000000,0.000000,0.000000,0.000000,0.000000,-0.061733,0.000000,0.061639
0.010082,-0.012142,-0.003694,0.000016,0.000023,0.000010,0.000000,0.000000,0.000000,0.000000,0.000000,-0.061750,0.000000,0.061604
0.010080,-0.012144,-0.003696,0.000016,0.000023,0.000010,0.000000,0.000000,0.000000,0.000000,0.000000,-0.061760,0.000000,0.061577
0.010079,-0.012146,-0.003698,0.000016,0.000022,0.000011,0.000000,0.000000,0.000000,0.000000,0.000000,-0.061750,0.000000,0.061568
0.010078,-0.012148,-0.003700,0.000016,0.000021,0.000012,0.000000,0.000000,0.000000,0.000000,0.000000,-0.061730,0.000000,0.061570
0.010076,-0.012150,-0.003702,0.000015,0.000020,0.000014,0.000000,0.000000,0.000000,0.000000,0.000000,-0.061713,0.000000,0.061576
0.010075,-0.012151,-0.003705,0.000015,0.000018,0.000016,0.000000,0.000000,0.000000,0.000000,0.000000,-0.061688,0.000000,0.061592
0.010074,-0.012153,-0.003707,0.000015,0.000017,0.000018,0.000000,0.000000,0.000000,0.000000,0.000000,-0.061649,0.000000,0.061622
0.010072,-0.012155,-0.003711,0.000015,0.000015,0.000020,0.000000,0.000000,0.000000,0.000000,0.000000,-0.061612,0.000000,0.061654
0.010071,-0.012156,-0.003714,0.000015,0.000014,0.000021,0.000000,0.000000,0.000000,0.000000,0.000000,-0.061581,0.000000,0.061685
0.010069,-0.012157,-0.003718,0.000015,0.000014,0.000021,0.000000,0.000000,0.000000,0.000000,0.000004,-0.061547,0.000000,0.061717
0.010068,-0.012158,-0.003721,0.000016,0.000014,0.000020,0.000000,0.000000,0.000000,0.000000,0.000012,-0.061527,0.000000,0.061738
0.010066,-0.012160,-0.003724,0.000018,0.000014,0.000018,0.000000,0.000000,0.000000,0.000000,0.000005,-0.061530,0.000000,0.061735
0.010064,-0.012161,-0.003727,0.000019,0.000016,0.000016,0.000000,0.000000,0.000000,0.000000,0.000000,-0.061546,0.000000,0.061713
0.010063,-0.012162,-0.003729,0.000019,0.000017,0.000014,0.000000,0.000000,0.000000,0.000000,0.000000,-0.061570,0.000000,0.061685
0.010061,-0.012164,-0.003731,0.000019,0.000018,0.000012,0.000000,0.000000,0.000000,0.000000,0.000000,-0.061594,0.000000,0.061650
0.010059,-0.012166,-0.003732,0.000019,0.000019,0.000010,0.000000,0.000000,0.000000,0.000000,0.000000,-0.061610,0.000000,0.061618
0.010058,-0.012168,-0.003734,0.000019,0.000020,0.000009,0.000000,0.000000,0.000000,0.000000,0.000000,-0.061627,0.000000,0.061583
0.010056,-0.012169,-0.003735,0.000019,0.000021,0.000007,0.000000,0.000000,0.000000,0.000000,0.000000,-0.061650,0.000000,0.061545
0.010054,-0.012171,-0.003736,0.000019,0.000022,0.000007,0.000000,0.000000,0.000000,0.000000,0.000000,-0.061665,0.000000,0.061515
0.010053,-0.012173,-0.003737,0.000018,0.000022,0.000006,0.000000,0.000000,0.000000,0.000000,0.000000,-0.061670,0.000000,0.061491
0.010051,-0.012175,-0.003738,0.000018,0.000022,0.000006,0.000000,0.000000,0.000000,0.000000,0.000000,-0.061679,0.000000,0.061468
0.010050,-0.012177,-0.003739,0.000018,0.000021,0.000006,0.000000,0.000000,0.000000,0.000000,0.000000,-0.061688,0.000000,0.061446
0.010048,-0.012179,-0.003740,0.000018,0.000021,0.000007,0.000000,0.000000,0.000000,0.000000,0.000000,-0.061679,0.000000,0.061439
0.010046,-0.012181,-0.003742,0.000017,0.000020,0.000009,0.000000,0.000000,0.000000,0.000000,0.000000,-0.061653,0.000000,0.061448
0.010045,-0.012182,-0.003743,0.000017,0.000019,0.000010,0.000000,0.000000,0.000000,0.000000,0.000000,-0.061629,0.000000,0.061461
0.010043,-0.012184,-0.003745,0.000017,0.000018,0.000011,0.000000,0.000000,0.000000,0.000000,0.000000,-0.061608,0.000000,0.061477
0.010042,-0.012185,-0.003747,0.000017,0.000017,0.000012,0.000000,0.000000,0.000000,0.000000,0.000000,-0.061591,0.000000,0.061491
0.010040,-0.012187,-0.003749,0.000017,0.000017,0.000013,0.000000,0.000000,0.000000,0.000000,0.000000,-0.061579,0.000000,0.061500
0.010039,-0.012188,-0.003751,0.000017,0.000016,0.000013,0.000000,0.000000,0.000000,0.000000,0.000000,-0.061568,0.000000,0.061510
0.010038,-0.012189,-0.003753,0.000016,0.000016,0.000014,0.000000,0.000000,0.000000,0.000000,0.000000,-0.061551,0.000000,0.061517
0.010036,-0.012191,-0.003756,0.000016,0.000015,0.000014,0.000000,0.000000,0.000000,0.000000,0.000000,-0.061538,0.000000,0.061525
0.010034,-0.012192,-0.003758,0.000016,0.000015,0.000014,0.000000,0.000000,0.000000,0.000000,0.000000,-0.061531,0.000000,0.061529
0.010033,-0.012194,-0.003761,0.000016,0.000015,0.000015,0.000000,0.000000,0.000000,0.000000,0.000000,-0.061523,0.000000,0.061532
0.010032,-0.012195,-0.003763,0.000016,0.000015,0.000015,0.000000,0.000000,0.000000,0.000000,0.000000,-0.061510,0.000000,0.061537
0.010030,-0.012196,-0.003765,0.000015,0.000014,0.000015,0.000000,0.000000,0.000000,0.000000,0.000000,-0.061500,0.000000,0.061540
0.010029,-0.012198,-0.003768,0.000015,0.000014,0.000015,0.000000,0.000000,0.000000,0.000000,0.000000,-0.061495,0.000000,0.061540
0.010027,-0.012199,-0.003771,0.000015,0.000014,0.000015,0.000000,0.000000,0.000000,0.000000,0.000000,-0.061489,0.000000,0.061541
0.010026,-0.012200,-0.003773,0.000015,0.000014,0.000015,0.000000,0.000000,0.000000,0.000000,0.000000,-0.061478,0.000000,0.061542
0.010025,-0.012201,-0.003775,0.000015,0.000014,0.000015,0.000000,0.000000,0.000000,0.000000,0.000000,-0.061469,0.000000,0.061543
0.010023,-0.012203,-0.003778,0.000015,0.000014,0.000015,0.000000,0.000000,0.000000,0.000000,0.000000,-0.061467,0.000000,0.061542
0.010022,-0.012204,-0.003780,0.000014,0.000014,0.000015,0.000000,0.000000,0.000000,0.000000,0.000000,-0.061461,0.000000,0.061540
0.010021,-0.012205,-0.003783,0.000014,0.000014,0.000015,0.000000,0.000000,0.000000,0.000000,0.000000,-0.061451,0.000000,0.061541
0.010020,-0.012206,-0.003785,0.000014,0.000014,0.000015,0.000000,0.000000,0.000000,0.000000,0.000000,-0.061447,0.000000,0.061540
0.010018,-0.012208,-0.003788,0.000014,0.000014,0.000015,0.000000,0.000000,0.000000,0.000000,0.000000,-0.061439,0.000000,0.061537
0.010017,-0.012209,-0.003791,0.000014,0.000014,0.000015,0.000000,0.000000,0.000000,0.000000,0.000000,-0.061436,0.000000,0.061537
0.010016,-0.012210,-0.003793,0.000014,0.000014,0.000015,0.000000,0.000000,0.000000,0.000000,0.000000,-0.061429,0.000000,0.061535
0.010015,-0.012211,-0.003795,0.000013,0.000014,0.000015,0.000000,0.000000,0.000000,0.000000,0.000000,-0.061423,0.000000,0.061533
0.010013,-0.012213,-0.003798,0.000013,0.000014,0.000015,0.000000,0.000000,0.000000,0.000000,0.000000,-0.061419,0.000000,0.061531
0.010012,-0.012214,-0.003800,0.000013,0.000014,0.000015,0.000000,0.000000,0.000000,0.000000,0.000000,-0.061414,0.000000,0.061529
0.010011,-0.012215,-0.003803,0.000013,0.000014,0.000015,0.000000,0.000000,0.000000,0.000000,0.000000,-0.061407,0.000000,0.061527
0.010010,-0.012216,-0.003805,0.000013,0.000014,0.000015,0.000000,0.000000,0.000000,0.000000,0.000000,-0.061403,0.000000,0.061525
0.010009,-0.012218,-0.003808,0.000013,0.000014,0.000015,0.000000,0.000000,0.000000,0.000000,0.000000,-0.061400,0.000000,0.061522
0.010007,-0.012219,-0.003810,0.000012,0.000014,0.000014,0.000000,0.000000,0.000000,0.000000,0.000000,-0.061395,0.000000,0.061520
0.010006,-0.012220,-0.003812,0.000012,0.000014,0.000014,0.000000,0.000000,0.000000,0.000000,0.000000,-0.061388,0.000000,0.061517
0.010005,-0.012221,-0.003814,0.000012,0.000014,0.000014,0.000000,0.000000,0.000000,0.000000,0.000000,-0.061384,0.000000,0.061515
0.010004,-0.012223,-0.003817,0.000012,0.000014,0.000014,0.000000,0.000000,0.000000,0.000000,0.000000,-0.061381,0.000000,0.061511
0.010003,-0.012224,-0.003819,0.000012,0.000014,0.000014,0.000000,0.000000,0.000000,0.000000,0.000000,-0.061377,0.000000,0.061509
0.010002,-0.012225,-0.003821,0.000012,0.000014,0.000014,0.000000,0.000000,0.000000,0.000000,0.000000,-0.061370,0.000000,0.061507
0.010001,-0.012226,-0.003824,0.000012,0.000014,0.000014,0.000000,0.000000,0.000000,0.000000,0.000000,-0.061367,0.000000,0.061504
0.010000,-0.012228,-0.003826,0.000011,0.000014,0.000014,0.000000,0.000000,0.000000,0.000000,0.000000,-0.061364,0.000000,0.061500
0.009999,-0.012229,-0.003828,0.000011,0.000014,0.000014,0.000000,0.000000,0.000000,0.000000,0.000000,-0.061360,0.000000,0.061498
0.009998,-0.012230,-0.003830,0.000011,0.000014,0.000014,0.000000,0.000000,0.000000,0.000000,0.000000,-0.061354,0.000000,0.061495
0.009997,-0.012231,-0.003833,0.000011,0.000014,0.000014,0.000000,0.000000,0.000000,0.000000,0.000000,-0.061350,0.000000,0.061492
0.009996,-0.012233,-0.003835,0.000011,0.000014,0.000013,0.000000,0.000000,0.000000,0.000000,0.000000,-0.061348,0.000000,0.061489
0.009995,-0.012234,-0.003837,0.000011,0.000014,0.000013,0.000000,0.000000,0.000000,0.000000,0.000000,-0.061344,0.000000,0.061486
0.009994,-0.012235,-0.003839,0.000011,0.000014,0.000013,0.000000,0.000000,0.000000,0.000000,0.000000,-0.061338,0.000000,0.061483
0.009993,-0.012236,-0.003841,0.000011,0.000014,0.000013,0.000000,0.000000,0.000000,0.000000,0.000000,-0.061335,0.000000,0.061480
0.009992,-0.012237,-0.003844,0.000010,0.000014,0.000013,0.000000,0.000000,0.000000,0.000000,0.000000,-0.061333,0.000000,0.061476
0.009991,-0.012239,-0.003846,0.000010,0.000014,0.000013,0.000000,0.000000,0.000000,0.000000,0.000000,-0.061329,0.000000,0.061473
0.009990,-0.012240,-0.003848,0.000010,0.000014,0.000013,0.000000,0.000000,0.000000,0.000000,0.000000,-0.061325,0.000000,0.061471
0.009989,-0.012241,-0.003850,0.000010,0.000014,0.000013,0.000000,0.000000,0.000000,0.000000,0.000000,-0.061321,0.000000,0.061467
0.009988,-0.012242,-0.003852,0.000010,0.000014,0.000013,0.000000,0.000000,0.000000,0.000000,0.000000,-0.061318,0.000000,0.061464
0.009987,-0.012244,-0.003854,0.000010,0.000014,0.000013,0.000000,0.000000,0.000000,0.000000,0.000000,-0.061315,0.000000,0.061460
0.009986,-0.012245,-0.003856,0.000010,0.000014,0.000013,0.000000,0.000000,0.000000,0.000000,0.000000,-0.061311,0.000000,0.061457
0.009985,-0.012246,-0.003858,0.000010,0.000014,0.000013,0.000000,0.000000,0.000000,0.000000,0.000000,-0.061308,0.000000,0.061454
0.009984,-0.012247,-0.003860,0.000010,0.000014,0.000012,0.000000,0.000000,0.000000,0.000000,0.000000,-0.061305,0.000000,0.061450
0.009983,-0.012249,-0.003863,0.000009,0.000014,0.000012,0.000000,0.000000,0.000000,0.000000,0.000000,-0.061303,0.000000,0.061447
0.009983,-0.012250,-0.003864,0.000009,0.000014,0.000012,0.000000,0.000000,0.000000,0.000000,0.000000,-0.061299,0.000000,0.061444
0.009982,-0.012251,-0.003866,0.000009,0.000014,0.000012,0.000000,0.000000,0.000000,0.000000,0.000000,-0.061295,0.000000,0.061440
0.009981,-0.012252,-0.003868,0.000009,0.000014,0.000012,0.000000,0.000000,0.000000,0.000000,0.000000,-0.061293,0.000000,0.061436
0.009980,-0.012254,-0.003870,0.000009,0.000014,0.000012,0.000000,0.000000,0.000000,0.000000,0.000000,-0.061290,0.000000,0.061433
0.009979,-0.012255,-0.003872,0.000009,0.000014,0.000012,0.000000,0.000000,0.000000,0.000000,0.000000,-0.061287,0.000000,0.061430
0.009978,-0.012256,-0.003874,0.000009,0.000014,0.000012,0.000000,0.000000,0.000000,0.000000,0.000000,-0.061284,0.000000,0.061426
0.009978,-0.012258,-0.003876,0.000009,0.000014,0.000012,0.000000,0.000000,0.000000,0.000000,0.000000,-0.061281,0.000000,0.061422
0.009977,-0.012259,-0.003878,0.000009,0.000014,0.000012,0.000000,0.000000,0.000000,0.000000,0.000000,-0.061280,0.000000,0.061419
0.009976,-0.012260,-0.003880,0.000008,0.000014,0.000012,0.000000,0.000000,0.000000,0.000000,0.000000,-0.061276,0.000000,0.061415
0.009975,-0.012261,-0.003882,0.000008,0.000014,0.000011,0.000000,0.000000,0.000000,0.000000,0.000000,-0.061273,0.000000,0.061411
0.009974,-0.012263,-0.003884,0.000008,0.000014,0.000011,0.000000,0.000000,0.000000,0.000000,0.000000,-0.061271,0.000000,0.061408
0.009974,-0.012264,-0.003886,0.000008,0.000014,0.000011,0.000000,0.000000,0.000000,0.000000,0.000000,-0.061269,0.000000,0.061404
0.009973,-0.012265,-0.003888,0.000008,0.000014,0.000011,0.000000,0.000000,0.000000,0.000000,0.000000,-0.061266,0.000000,0.061401
0.009972,-0.012266,-0.003889,0.000008,0.000014,0.000011,0.000000,0.000000,0.000000,0.000000,0.000000,-0.061263,0.000000,0.061397
0.009971,-0.012268,-0.003891,0.000008,0.000014,0.000011,0.000000,0.000000,0.000000,0.000000,0.000000,-0.061261,0.000000,0.061392
0.009971,-0.012269,-0.003893,0.000008,0.000014,0.000011,0.000000,0.000000,0.000000,0.000000,0.000000,-0.061259,0.000000,0.061389
0.009970,-0.012270,-0.003894,0.000010,0.000014,0.000010,0.000000,0.000000,0.000000,0.000000,0.000003,-0.061257,0.000000,0.061385
0.009969,-0.012271,-0.003896,0.000011,0.000014,0.000009,0.000000,0.000000,0.000000,0.000000,0.000000,-0.061258,0.000000,0.061376
0.009968,-0.012273,-0.003897,0.000011,0.000014,0.000008,0.000000,0.000000,0.000000,0.000000,0.000000,-0.061269,0.000000,0.061357
0.009967,-0.012274,-0.003899,0.000011,0.000014,0.000008,0.000000,0.000000,0.000000,0.000000,0.000000,-0.061275,0.000000,0.061344
0.009966,-0.012275,-0.003900,0.000011,0.000014,0.000008,0.000000,0.000000,0.000000,0.000000,0.000000,-0.061266,0.000000,0.061341
0.009965,-0.012276,-0.003901,0.000011,0.000014,0.000008,0.000000,0.000000,0.000000,0.000000,0.000000,-0.061258,0.000000,0.061337
0.009964,-0.012278,-0.003903,0.000011,0.000014,0.000008,0.000000,0.000000,0.000000,0.000000,0.000000,-0.061261,0.000000,0.061330
0.009963,-0.012279,-0.003904,0.000011,0.000014,0.000008,0.000000,0.000000,0.000000,0.000000,0.000000,-0.061263,0.000000,0.061322
0.009962,-0.012280,-0.003905,0.000011,0.000014,0.000008,0.000000,0.000000,0.000000,0.000000,0.000000,-0.061259,0.000000,0.061319
0.009961,-0.012282,-0.003907,0.000010,0.000014,0.000008,0.000000,0.000000,0.000000,0.000000,0.000000,-0.061255,0.000000,0.061316
0.009960,-0.012283,-0.003908,0.000010,0.000014,0.000008,0.000000,0.000000,0.000000,0.000000,0.000000,-0.061255,0.000000,0.061309
0.009959,-0.012284,-0.003909,0.000010,0.000014,0.000008,0.000000,0.000000,0.000000,0.000000,0.000000,-0.061256,0.000000,0.061304
0.009958,-0.012285,-0.003911,0.000010,0.000014,0.000008,0.000000,0.000000,0.000000,0.000000,0.000000,-0.061253,0.000000,0.061300
0.009957,-0.012287,-0.003912,0.000010,0.000014,0.000008,0.000000,0.000000,0.000000,0.000000,0.000000,-0.061250,0.000000,0.061296
0.009956,-0.012288,-0.003913,0.000010,0.000014,0.000008,0.000000,0.000000,0.000000,0.000000,0.000000,-0.061250,0.000000,0.061289
0.009956,-0.012289,-0.003914,0.000010,0.000014,0.000008,0.000000,0.000000,0.000000,0.000000,0.000000,-0.061250,0.000000,0.061284
0.009955,-0.012290,-0.003916,0.000010,0.000014,0.000008,0.000000,0.000000,0.000000,0.000000,0.000000,-0.061248,0.000000,0.061280
0.009954,-0.012292,-0.003917,0.000010,0.000014,0.000008,0.000000,0.000000,0.000000,0.000000,0.000000,-0.061246,0.000000,0.061275
0.009953,-0.012293,-0.003918,0.000009,0.000014,0.000007,0.000000,0.000000,0.000000,0.000000,0.000000,-0.061245,0.000000,0.061269
0.009952,-0.012294,-0.003919,0.000009,0.000014,0.000007,0.000000,0.000000,0.000000,0.000000,0.000000,-0.061245,0.000000,0.061264
0.009951,-0.012295,-0.003920,0.000009,0.000014,0.000007,0.000000,0.000000,0.000000,0.000000,0.000000,-0.061243,0.000000,0.061260
0.009951,-0.012297,-0.003922,0.000009,0.000014,0.000007,0.000000,0.000000,0.000000,0.000000,0.000000,-0.061242,0.000000,0.061255
0.009950,-0.012298,-0.003923,0.000009,0.000014,0.000007,0.000000,0.000000,0.000000,0.000000,0.000000,-0.061241,0.000000,0.061249
0.009949,-0.012299,-0.003924,0.000009,0.000014,0.000007,0.000000,0.000000,0.000000,0.000000,0.000000,-0.061241,0.000000,0.061245
0.009948,-0.012300,-0.003925,0.000009,0.000014,0.000007,0.000000,0.000000,0.000000,0.000000,0.000000,-0.061239,0.000000,0.061240
0.009947,-0.012302,-0.003926,0.000009,0.000014,0.000007,0.000000,0.000000,0.000000,0.000000,0.000000,-0.061238,0.000000,0.061236
0.009947,-0.012303,-0.003927,0.000009,0.000014,0.000007,0.000000,0.000000,0.000000,0.000000,0.000000,-0.061237,0.000000,0.061229
0.009946,-0.012304,-0.003929,0.000008,0.000014,0.000007,0.000000,0.000000,0.000000,0.000000,0.000000,-0.061237,0.000000,0.061224
0.009945,-0.012305,-0.003930,0.000008,0.000014,0.000007,0.000000,0.000000,0.000000,0.000000,0.000000,-0.061236,0.000000,0.061220
0.009944,-0.012306,-0.003931,0.000008,0.000014,0.000007,0.000000,0.000000,0.000000,0.000000,0.000000,-0.061235,0.000000,0.061215
0.009944,-0.012308,-0.003932,0.000008,0.000014,0.000007,0.000000,0.000000,0.000000,0.000000,0.000000,-0.061234,0.000000,0.061209
0.009943,-0.012309,-0.003933,0.000008,0.000014,0.000007,0.000000,0.000000,0.000000,0.000000,0.000000,-0.061234,0.000000,0.061204
0.009942,-0.012310,-0.003934,0.000008,0.000014,0.000007,0.000000,0.000000,0.000000,0.000000,0.000000,-0.061233,0.000000,0.061200
0.009941,-0.012311,-0.003936,0.000008,0.000014,0.000007,0.000000,0.000000,0.000000,0.000000,0.000000,-0.061232,0.000000,0.061195
0.009941,-0.012313,-0.003937,0.000008,0.000014,0.000007,0.000000,0.000000,0.000000,0.000000,0.000000,-0.061231,0.000000,0.061190
0.009940,-0.012314,-0.003938,0.000008,0.000014,0.000007,0.000000,0.000000,0.000000,0.000000,0.000000,-0.061231,0.000000,0.061184
0.009939,-0.012315,-0.003939,0.000008,0.000014,0.000007,0.000000,0.000000,0.000000,0.000000,0.000000,-0.061230,0.000000,0.061180
0.009939,-0.012316,-0.003940,0.000008,0.000014,0.000007,0.000000,0.000000,0.000000,0.000000,0.000000,-0.061229,0.000000,0.061175
0.009938,-0.012318,-0.003941,0.000007,0.000014,0.000007,0.000000,0.000000,0.000000,0.000000,0.000000,-0.061229,0.000000,0.061170
0.009937,-0.012319,-0.003942,0.000007,0.000014,0.000007,0.000000,0.000000,0.000000,0.000000,0.000000,-0.061229,0.000000,0.061164
0.009937,-0.012320,-0.003943,0.000007,0.000014,0.000007,0.000000,0.000000,0.000000,0.000000,0.000000,-0.061228,0.000000,0.061159
0.009936,-0.012321,-0.003944,0.000007,0.000014,0.000006,0.000000,0.000000,0.000000,0.000000,0.000000,-0.061227,0.000000,0.061155
0.009935,-0.012322,-0.003945,0.000007,0.000014,0.000006,0.000000,0.000000,0.000000,0.000000,0.000000,-0.061227,0.000000,0.061150
0.009935,-0.012324,-0.003946,0.000007,0.000014,0.000006,0.000000,0.000000,0.000000,0.000000,0.000000,-0.061227,0.000000,0.061144
0.009934,-0.012325,-0.003947,0.000007,0.000014,0.000006,0.000000,0.000000,0.000000,0.000000,0.000000,-0.061227,0.000000,0.061139
0.009933,-0.012326,-0.003948,0.000007,0.000014,0.000006,0.000000,0.000000,0.000000,0.000000,0.000000,-0.061226,0.000000,0.061135
0.009933,-0.012327,-0.003949,0.000007,0.000014,0.000006,0.000000,0.000000,0.000000,0.000000,0.000000,-0.061225,0.000000,0.061130
0.009932,-0.012328,-0.003950,0.000007,0.000014,0.000006,0.000000,0.000000,0.000000,0.000000,0.000000,-0.061225,0.000000,0.061124
0.009931,-0.012330,-0.003951,0.000009,0.000014,0.000005,0.000000,0.000000,0.000000,0.000000,0.000002,-0.061225,0.000000,0.061119
0.009930,-0.012331,-0.003952,0.000010,0.000014,0.000004,0.000000,0.000000,0.000000,0.000000,0.000000,-0.061228,0.000000,0.061110
0.009930,-0.012332,-0.003952,0.000010,0.000014,0.000004,0.000000,0.000000,0.000000,0.000000,0.000000,-0.061239,0.000000,0.061091
0.009929,-0.012333,-0.003953,0.000010,0.000014,0.000004,0.000000,0.000000,0.000000,0.000000,0.000000,-0.061250,0.000000,0.061075
0.009928,-0.012334,-0.003953,0.000010,0.000014,0.000004,0.000000,0.000000,0.000000,0.000000,0.000000,-0.061244,0.000000,0.061069
0.009927,-0.012336,-0.003954,0.000010,0.000014,0.000004,0.000000,0.000000,0.000000,0.000000,0.000000,-0.061236,0.000000,0.061065
0.009926,-0.012337,-0.003955,0.000010,0.000014,0.000004,0.000000,0.000000,0.000000,0.000000,0.000000,-0.061240,0.000000,0.061058
0.009925,-0.012338,-0.003955,0.000010,0.000014,0.000004,0.000000,0.000000,0.000000,0.000000,0.000000,-0.061245,0.000000,0.061048
0.009925,-0.012339,-0.003956,0.000010,0.000014,0.000004,0.000000,0.000000,0.000000,0.000000,0.000000,-0.061244,0.000000,0.061044
0.009924,-0.012340,-0.003956,0.000009,0.000014,0.000003,0.000000,0.000000,0.000000,0.000000,0.000000,-0.061240,0.000000,0.061040
0.009923,-0.012342,-0.003957,0.000009,0.000014,0.000003,0.000000,0.000000,0.000000,0.000000,0.000000,-0.061241,0.000000,0.061033
0.009922,-0.012343,-0.003958,0.000009,0.000014,0.000003,0.000000,0.000000,0.000000,0.000000,0.000000,-0.061245,0.000000,0.061025
0.009921,-0.012344,-0.003958,0.000009,0.000014,0.000003,0.000000,0.000000,0.000000,0.000000,0.000000,-0.061245,0.000000,0.061020
