x,y,psi,u,v,r,n1x,n1y,n2x,n2y,n3x,n3y,n4x,n4y,
0.000300,-0.005974,0.005864,-0.000113,0.002567,-0.000158,0.000000,0.000000,0.000000,0.000000,0.000000,-0.065610,0.000000,0.032545
0.000311,-0.006215,0.005871,-0.000111,0.002484,-0.000037,0.000000,0.000000,0.000000,0.000000,0.000000,-0.064505,0.000000,0.033211
0.000320,-0.006418,0.005857,-0.000109,0.002404,0.000086,0.000000,0.000000,0.000000,0.000000,0.000000,-0.063933,0.000000,0.033439
0.000328,-0.006599,0.005828,-0.000108,0.002332,0.000193,0.000000,0.000000,0.000000,0.000000,0.000000,-0.063315,0.000000,0.033848
0.000336,-0.006790,0.005780,-0.000106,0.002250,0.000296,0.000000,0.000000,0.000000,0.000000,0.000000,-0.061914,0.000000,0.034768
0.000344,-0.007002,0.005703,-0.000105,0.002185,0.000410,0.000000,0.000000,0.000000,0.000000,0.000000,-0.060737,0.000000,0.035586
0.000350,-0.007166,0.005625,-0.000103,0.002115,0.000516,0.000000,0.000000,0.000000,0.000000,0.000000,-0.060065,0.000000,0.036238
0.000357,-0.007338,0.005527,-0.000101,0.002041,0.000606,0.000000,0.000000,0.000000,0.000000,0.000000,-0.059176,0.000000,0.036834
0.000362,-0.007492,0.005423,-0.000099,0.001977,0.000694,0.000000,0.000000,0.000000,0.000000,0.000000,-0.057777,0.000000,0.037879
0.000368,-0.007678,0.005276,-0.000097,0.001910,0.000783,0.000000,0.000000,0.000000,0.000000,0.000000,-0.056637,0.000000,0.038769
0.000373,-0.007833,0.005134,-0.000095,0.001845,0.000869,0.000000,0.000000,0.000000,0.000000,0.000000,-0.055906,0.000000,0.039479
0.000376,-0.007973,0.004993,-0.000093,0.001792,0.000941,0.000000,0.000000,0.000000,0.000000,0.000000,-0.054910,0.000000,0.040251
0.000380,-0.008119,0.004829,-0.000091,0.001735,0.001004,0.000000,0.000000,0.000000,0.000000,0.000000,-0.053538,0.000000,0.041298
0.000383,-0.008284,0.004628,-0.000089,0.001688,0.001076,0.000000,0.000000,0.000000,0.000000,0.000000,-0.052593,0.000000,0.042053
0.000386,-0.008411,0.004458,-0.000087,0.001638,0.001134,0.000000,0.000000,0.000000,0.000000,0.000000,-0.051985,0.000000,0.042664
0.000388,-0.008546,0.004265,-0.000085,0.001597,0.001182,0.000000,0.000000,0.000000,0.000000,0.000000,-0.050910,0.000000,0.043391
0.000389,-0.008668,0.004081,-0.000083,0.001563,0.001228,0.000000,0.000000,0.000000,0.000000,0.000000,-0.049770,0.000000,0.044246
0.000391,-0.008816,0.003843,-0.000081,0.001519,0.001263,0.000000,0.000000,0.000000,0.000000,0.000000,-0.049081,0.000000,0.044775
0.000392,-0.008942,0.003630,-0.000079,0.001499,0.001312,0.000000,0.000000,0.000000,0.000000,0.000000,-0.048543,0.000000,0.045218
0.000392,-0.009057,0.003430,-0.000077,0.001468,0.001335,0.000000,0.000000,0.000000,0.000000,0.000000,-0.047639,0.000000,0.045817
0.000392,-0.009179,0.003209,-0.000075,0.001447,0.001360,0.000000,0.000000,0.000000,0.000000,0.000000,-0.046628,0.000000,0.046362
0.000392,-0.009317,0.002950,-0.000073,0.001422,0.001377,0.000000,0.000000,0.000000,0.000000,0.000000,-0.046184,0.000000,0.046696
0.000391,-0.009427,0.002741,-0.000071,0.001411,0.001398,0.000000,0.000000,0.000000,0.000000,0.000000,-0.045789,0.000000,0.046903
0.000390,-0.009545,0.002512,-0.000069,0.001395,0.001405,0.000000,0.000000,0.000000,0.000000,0.000000,-0.045025,0.000000,0.047272
0.000389,-0.009653,0.002300,-0.000067,0.001383,0.001409,0.000000,0.000000,0.000000,0.000000,0.000000,-0.044351,0.000000,0.047544
0.000387,-0.009787,0.002035,-0.000066,0.001381,0.001417,0.000000,0.000000,0.000000,0.000000,0.000000,-0.044071,0.000000,0.047611
0.000386,-0.009903,0.001805,-0.000064,0.001373,0.001413,0.000000,0.000000,0.000000,0.000000,0.000000,-0.043835,0.000000,0.047634
0.000384,-0.010010,0.001594,-0.000062,0.001371,0.001409,0.000000,0.000000,0.000000,0.000000,0.000000,-0.043217,0.000000,0.047710
0.000382,-0.010126,0.001366,-0.000060,0.001371,0.001402,0.000000,0.000000,0.000000,0.000000,0.000000,-0.042806,0.000000,0.047734
0.000379,-0.010260,0.001105,-0.000058,0.001370,0.001388,0.000000,0.000000,0.000000,0.000000,0.000000,-0.042715,0.000000,0.047563
0.000377,-0.010367,0.000898,-0.000057,0.001380,0.001382,0.000000,0.000000,0.000000,0.000000,0.000000,-0.042531,0.000000,0.047396
0.000374,-0.010484,0.000676,-0.000055,0.001381,0.001365,0.000000,0.000000,0.000000,0.000000,0.000000,-0.042155,0.000000,0.047265
0.000372,-0.010592,0.000473,-0.000053,0.001387,0.001350,0.000000,0.000000,0.000000,0.000000,0.000000,-0.041938,0.000000,0.047025
0.000369,-0.010709,0.000256,-0.000052,0.001394,0.001334,0.000000,0.000000,0.000000,0.000000,0.000000,-0.041927,0.000000,0.046708
0.000365,-0.010846,0.000010,-0.000050,0.001401,0.001314,0.000000,0.000000,0.000000,0.000000,0.000000,-0.041855,0.000000,0.046394
0.000363,-0.010956,-0.000185,-0.000049,0.001410,0.001296,0.000000,0.000000,0.000000,0.000000,0.000000,-0.041652,0.000000,0.046106
0.000359,-0.011075,-0.000393,-0.000047,0.001417,0.001277,0.000000,0.000000,0.000000,0.000000,0.000000,-0.041509,0.000000,0.045727
0.000356,-0.011186,-0.000582,-0.000046,0.001426,0.001259,0.000000,0.000000,0.000000,0.000000,0.000000,-0.041557,0.000000,0.045299
0.000352,-0.011326,-0.000814,-0.000044,0.001436,0.001240,0.000000,0.000000,0.000000,0.000000,0.000000,-0.041525,0.000000,0.044893
0.000349,-0.011448,-0.001012,-0.000043,0.001444,0.001218,0.000000,0.000000,0.000000,0.000000,0.000000,-0.041423,0.000000,0.044519
0.000346,-0.011561,-0.001193,-0.000041,0.001452,0.001200,0.000000,0.000000,0.000000,0.000000,0.000000,-0.041348,0.000000,0.044049
0.000342,-0.011684,-0.001385,-0.000040,0.001457,0.001180,0.000000,0.000000,0.000000,0.000000,0.000000,-0.041417,0.000000,0.043552
0.000338,-0.011827,-0.001603,-0.000038,0.001467,0.001162,0.000000,0.000000,0.000000,0.000000,0.000000,-0.041425,0.000000,0.043107
0.000334,-0.011942,-0.001775,-0.000037,0.001475,0.001145,0.000000,0.000000,0.000000,-0.001310,0.000000,-0.041349,0.000000,0.042695
0.000330,-0.012067,-0.001959,-0.000036,0.001485,0.001132,0.000000,0.000000,0.000000,-0.003482,0.000000,-0.041315,0.000000,0.042180
0.000327,-0.012183,-0.002126,-0.000035,0.001481,0.001110,0.000000,0.000000,0.000000,-0.004791,0.000000,-0.041300,0.000000,0.041628
0.000322,-0.012328,-0.002332,-0.000034,0.001489,0.001097,0.000000,0.000000,0.000000,-0.006183,0.000000,-0.041109,0.000000,0.041047
0.000318,-0.012453,-0.002507,-0.000033,0.001495,0.001082,0.000000,0.000000,0.000000,-0.007297,0.000000,-0.041012,0.000000,0.040604
0.000314,-0.012570,-0.002667,-0.000032,0.001491,0.001064,0.000000,0.000000,0.000000,-0.009140,0.000000,-0.040923,0.000000,0.039987
0.000310,-0.012695,-0.002838,-0.000031,0.001487,0.001046,0.000000,0.000000,0.000000,-0.010632,0.000000,-0.040901,0.000000,0.039440
0.000305,-0.012840,-0.003031,-0.000029,0.001487,0.001031,0.000000,0.000000,0.000000,-0.011649,0.000000,-0.040771,0.000000,0.038957
0.000302,-0.012955,-0.003183,-0.000028,0.001477,0.001011,0.000000,0.000000,0.000000,-0.012872,0.000000,-0.040635,0.000000,0.038496
0.000297,-0.013079,-0.003344,-0.000027,0.001473,0.000996,0.000000,0.000000,0.000000,-0.014554,0.000000,-0.040594,0.000000,0.037948
0.000293,-0.013193,-0.003491,-0.000026,0.001461,0.000977,0.000000,0.000000,0.000000,-0.015504,0.000000,-0.040587,0.000000,0.037512
0.000289,-0.013315,-0.003647,-0.000025,0.001450,0.000959,0.000000,0.000000,0.000000,-0.016676,0.000000,-0.040429,0.000000,0.037051
0.000284,-0.013455,-0.003823,-0.000024,0.001433,0.000936,0.000000,0.000000,0.000000,-0.017673,0.000000,-0.040356,0.000000,0.036699
0.000280,-0.013565,-0.003960,-0.000023,0.001417,0.000915,0.000000,0.000000,0.000000,-0.018729,0.000000,-0.040328,0.000000,0.036273
0.000276,-0.013683,-0.004106,-0.000022,0.001403,0.000896,0.000000,0.000000,0.000000,-0.019854,0.000000,-0.040329,0.000000,0.035847
0.000272,-0.013790,-0.004237,-0.000021,0.001380,0.000871,0.000000,0.000000,0.000000,-0.020620,0.000000,-0.040296,0.000000,0.035502
0.000267,-0.013922,-0.004395,-0.000020,0.001357,0.000846,0.000000,0.000000,0.000000,-0.021554,0.000000,-0.040227,0.000000,0.035132
0.000263,-0.014035,-0.004528,-0.000019,0.001324,0.000814,0.000000,0.000000,0.000000,-0.022160,0.000000,-0.040247,0.000000,0.034844
0.000259,-0.014136,-0.004648,-0.000019,0.001294,0.000786,0.000000,0.000000,0.000000,-0.023003,0.000000,-0.040281,0.000000,0.034468
0.000254,-0.014260,-0.004791,-0.000018,0.001276,0.000765,0.000000,0.000000,0.000000,-0.023404,0.000000,-0.040345,0.000000,0.034228
0.000250,-0.014365,-0.004911,-0.000018,0.001262,0.000746,0.000000,0.000000,0.000000,-0.023727,0.000000,-0.040335,0.000000,0.034013
0.000247,-0.014460,-0.005017,-0.000017,0.001214,0.000708,0.000000,0.000000,0.000000,-0.024715,0.000000,-0.040390,0.000000,0.033666
0.000243,-0.014559,-0.005127,-0.000016,0.001180,0.000678,0.000000,0.000000,0.000000,-0.025529,0.000000,-0.040513,0.000000,0.033317
0.000239,-0.014671,-0.005249,-0.000015,0.001144,0.000647,0.000000,0.000000,0.000000,-0.025238,0.000000,-0.040517,0.000000,0.033227
0.000236,-0.014757,-0.005341,-0.000015,0.001105,0.000615,0.000000,0.000000,0.000000,-0.025425,0.000000,-0.040489,0.000000,0.033061
0.000233,-0.014847,-0.005436,-0.000014,0.001070,0.000586,0.000000,0.000000,0.000000,-0.025860,0.000000,-0.040709,0.000000,0.032861
0.000230,-0.014927,-0.005520,-0.000014,0.001032,0.000556,0.000000,0.000000,0.000000,-0.025802,0.000000,-0.040882,0.000000,0.032729
0.000227,-0.015023,-0.005618,-0.000013,0.000988,0.000524,0.000000,0.000000,0.000000,-0.025895,0.000000,-0.040887,0.000000,0.032624
0.000224,-0.015103,-0.005698,-0.000013,0.000944,0.000492,0.000000,0.000000,0.000000,-0.025884,0.000000,-0.040958,0.000000,0.032590
0.000222,-0.015173,-0.005768,-0.000013,0.000900,0.000463,0.000000,0.000000,0.000000,-0.025851,0.000000,-0.041120,0.000000,0.032491
0.000219,-0.015245,-0.005839,-0.000012,0.000860,0.000436,0.000000,0.000000,0.000000,-0.025635,0.000000,-0.041259,0.000000,0.032468
0.000217,-0.015324,-0.005914,-0.000012,0.000810,0.000404,0.000000,0.000000,0.000000,-0.025402,0.000000,-0.041296,0.000000,0.032523
0.000215,-0.015383,-0.005971,-0.000012,0.000763,0.000375,0.000000,0.000000,0.000000,-0.025280,0.000000,-0.041378,0.000000,0.032554
0.000213,-0.015444,-0.006027,-0.000011,0.000717,0.000347,0.000000,0.000000,0.000000,-0.024962,0.000000,-0.041545,0.000000,0.032595
0.000212,-0.015496,-0.006075,-0.000011,0.000673,0.000321,0.000000,0.000000,0.000000,-0.024479,0.000000,-0.041645,0.000000,0.032698
0.000210,-0.015557,-0.006130,-0.000011,0.000624,0.000292,0.000000,0.000000,0.000000,-0.024125,0.000000,-0.041705,0.000000,0.032830
0.000209,-0.015605,-0.006173,-0.000011,0.000573,0.000264,0.000000,0.000000,0.000000,-0.023726,0.000000,-0.041815,0.000000,0.032970
0.000208,-0.015646,-0.006209,-0.000011,0.000526,0.000239,0.000000,0.000000,0.000000,-0.023252,0.000000,-0.041950,0.000000,0.033100
0.000207,-0.015687,-0.006244,-0.000010,0.000484,0.000216,0.000000,0.000000,0.000000,-0.022626,0.000000,-0.042040,0.000000,0.033308
0.000207,-0.015721,-0.006273,-0.000010,0.000438,0.000193,0.000000,0.000000,0.000000,-0.022055,0.000000,-0.042092,0.000000,0.033539
0.000206,-0.015759,-0.006305,-0.000010,0.000389,0.000169,0.000000,0.000000,0.000000,-0.021589,0.000000,-0.042201,0.000000,0.033734
0.000206,-0.015788,-0.006328,-0.000010,0.000339,0.000146,0.000000,0.000000,0.000000,-0.020946,0.000000,-0.042303,0.000000,0.033978
0.000205,-0.015811,-0.006347,-0.000010,0.000297,0.000126,0.000000,0.000000,0.000000,-0.020310,0.000000,-0.042350,0.000000,0.034242
0.000205,-0.015832,-0.006365,-0.000010,0.000253,0.000106,0.000000,0.000000,0.000000,-0.019567,0.000000,-0.042396,0.000000,0.034571
0.000206,-0.015852,-0.006381,-0.000010,0.000208,0.000086,0.000000,0.000000,0.000000,-0.018928,0.000000,-0.042476,0.000000,0.034845
0.000206,-0.015865,-0.006391,-0.000009,0.000163,0.000067,0.000000,0.000000,0.000000,-0.018233,0.000000,-0.042570,0.000000,0.035148
0.000206,-0.015875,-0.006399,-0.000009,0.000123,0.000050,0.000000,0.000000,0.000000,-0.017504,0.000000,-0.042609,0.000000,0.035481
0.000207,-0.015882,-0.006404,-0.000009,0.000084,0.000034,0.000000,0.000000,0.000000,-0.016716,0.000000,-0.042631,0.000000,0.035852
0.000207,-0.015886,-0.006407,-0.000009,0.000044,0.000017,0.000000,0.000000,0.000000,-0.016016,0.000000,-0.042696,0.000000,0.036175
0.000208,-0.015887,-0.006407,-0.000009,0.000004,0.000001,0.000000,0.000000,0.000000,-0.015288,0.000000,-0.042776,0.000000,0.036506
0.000209,-0.015884,-0.006405,-0.000009,-0.000031,-0.000013,0.000000,0.000000,0.000000,-0.014514,0.000000,-0.042797,0.000000,0.036876
0.000210,-0.015879,-0.006401,-0.000009,-0.000065,-0.000025,0.000000,0.000000,0.000000,-0.013705,0.000000,-0.042804,0.000000,0.037270
0.000211,-0.015869,-0.006394,-0.000009,-0.000102,-0.000038,0.000000,0.000000,0.000000,-0.012979,0.000000,-0.042861,0.000000,0.037613
0.000212,-0.015858,-0.006387,-0.000009,-0.000135,-0.000049,0.000000,0.000000,0.000000,-0.012251,0.000000,-0.042917,0.000000,0.037968
0.000213,-0.015844,-0.006377,-0.000008,-0.000164,-0.000059,0.000000,0.000000,0.000000,-0.011442,0.000000,-0.042895,0.000000,0.038386
0.000214,-0.015829,-0.006367,-0.000008,-0.000195,-0.000068,0.000000,0.000000,0.000000,-0.010700,0.000000,-0.042874,0.000000,0.038785
0.000216,-0.015807,-0.006353,-0.000008,-0.000224,-0.000077,0.000000,0.000000,0.000000,-0.009989,0.000000,-0.042917,0.000000,0.039148
0.000217,-0.015786,-0.006339,-0.000008,-0.000252,-0.000085,0.000000,0.000000,0.000000,-0.009244,0.000000,-0.042937,0.000000,0.039528
0.000219,-0.015765,-0.006325,-0.000008,-0.000276,-0.000091,0.000000,0.000000,0.000000,-0.008486,0.000000,-0.042889,0.000000,0.039948
0.000220,-0.015739,-0.006309,-0.000008,-0.000301,-0.000098,0.000000,0.000000,0.000000,-0.007759,0.000000,-0.042857,0.000000,0.040357
0.000222,-0.015708,-0.006290,-0.000008,-0.000325,-0.000104,0.000000,0.000000,0.000000,-0.007094,0.000000,-0.042893,0.000000,0.040702
0.000223,-0.015681,-0.006273,-0.000008,-0.000346,-0.000110,0.000000,0.000000,0.000000,-0.006360,0.000000,-0.042896,0.000000,0.041085
0.000225,-0.015650,-0.006255,-0.000008,-0.000363,-0.000114,0.000000,0.000000,0.000000,-0.005619,0.000000,-0.042818,0.000000,0.041511
0.000226,-0.015621,-0.006237,-0.000007,-0.000380,-0.000118,0.000000,0.000000,0.000000,-0.004980,0.000000,-0.042802,0.000000,0.041876
0.000228,-0.015582,-0.006214,-0.000007,-0.000399,-0.000124,0.000000,0.000000,0.000000,-0.004335,0.000000,-0.042848,0.000000,0.042200
0.000230,-0.015547,-0.006193,-0.000007,-0.000413,-0.000127,0.000000,0.000000,0.000000,-0.003729,0.000000,-0.042839,0.000000,0.042528
0.000231,-0.015514,-0.006173,-0.000007,-0.000424,-0.000131,0.000000,0.000000,0.000000,-0.003004,0.000000,-0.042749,0.000000,0.042946
0.000233,-0.015478,-0.006151,-0.000007,-0.000436,-0.000135,0.000000,0.000000,0.000000,-0.002396,0.000000,-0.042721,0.000000,0.043277
0.000235,-0.015434,-0.006125,-0.000007,-0.000445,-0.000139,0.000000,0.000000,0.000000,-0.001835,0.000000,-0.042799,0.000000,0.043540
0.000236,-0.015399,-0.006104,-0.000007,-0.000453,-0.000143,0.000000,0.000000,0.000000,-0.001215,0.000000,-0.042811,0.000000,0.043837
0.000238,-0.015360,-0.006080,-0.000007,-0.000460,-0.000147,0.000000,0.000000,0.000000,-0.000605,0.000000,-0.042748,0.000000,0.044161
0.000240,-0.015324,-0.006057,-0.000007,-0.000465,-0.000150,0.000000,0.000000,0.000000,-0.000092,0.000000,-0.042767,0.000000,0.044412
0.000242,-0.015278,-0.006028,-0.000006,-0.000469,-0.000155,0.000000,0.000000,0.000000,0.000000,0.000000,-0.042831,0.000000,0.044647
0.000244,-0.015239,-0.006002,-0.000006,-0.000471,-0.000159,0.000000,0.000000,0.000000,0.000000,0.000000,-0.042855,0.000000,0.044861
0.000245,-0.015202,-0.005978,-0.000006,-0.000473,-0.000163,0.000000,0.000000,0.000000,0.000000,0.000000,-0.042818,0.000000,0.045091
0.000247,-0.015165,-0.005953,-0.000006,-0.000468,-0.000164,0.000000,0.000000,0.000000,0.000000,0.000000,-0.042820,0.000000,0.045252
0.000249,-0.015119,-0.005921,-0.000006,-0.000474,-0.000171,0.000000,0.000000,0.000000,0.000000,0.000000,-0.042865,0.000000,0.045390
0.000251,-0.015079,-0.005893,-0.000006,-0.000470,-0.000175,0.000000,0.000000,0.000000,0.000000,0.000000,-0.042906,0.000000,0.045462
0.000253,-0.015040,-0.005863,-0.000006,-0.000475,-0.000182,0.000000,0.000000,0.000000,0.000000,0.000000,-0.042874,0.000000,0.045683
0.000254,-0.015003,-0.005836,-0.000006,-0.000467,-0.000184,0.000000,0.000000,0.000000,0.000000,0.000000,-0.042892,0.000000,0.045771
0.000257,-0.014958,-0.005800,-0.000006,-0.000465,-0.000189,0.000000,0.000000,0.000000,0.000000,0.000000,-0.042976,0.000000,0.045905
0.000259,-0.014919,-0.005769,-0.000005,-0.000461,-0.000195,0.000000,0.000000,0.000000,0.000000,0.000000,-0.043042,0.000000,0.045928
0.000260,-0.014884,-0.005739,-0.000005,-0.000457,-0.000200,0.000000,0.000000,0.000000,0.000000,0.000000,-0.043075,0.000000,0.046043
0.000262,-0.014845,-0.005705,-0.000005,-0.000454,-0.000204,0.000000,0.000000,0.000000,0.000000,0.000000,-0.043111,0.000000,0.046109
0.000265,-0.014802,-0.005666,-0.000005,-0.000447,-0.000209,0.000000,0.000000,0.000000,0.000000,0.000000,-0.043196,0.000000,0.046151
0.000267,-0.014767,-0.005633,-0.000005,-0.000447,-0.000217,0.000000,0.000000,0.000000,0.000000,0.000000,-0.043269,0.000000,0.046200
0.000269,-0.014730,-0.005597,-0.000005,-0.000440,-0.000222,0.000000,0.000000,0.000000,0.000000,0.000000,-0.043334,0.000000,0.046245
0.000271,-0.014696,-0.005563,-0.000005,-0.000434,-0.000228,0.000000,0.000000,0.000000,0.000000,0.000000,-0.043427,0.000000,0.046290
0.000273,-0.014655,-0.005519,-0.000005,-0.000426,-0.000234,0.000000,0.000000,0.000000,0.000000,0.000000,-0.043537,0.000000,0.046282
0.000275,-0.014619,-0.005479,-0.000005,-0.000424,-0.000245,0.000000,0.000000,0.000000,0.000000,0.000000,-0.043650,0.000000,0.046269
0.000277,-0.014587,-0.005442,-0.000004,-0.000415,-0.000251,0.000000,0.000000,0.000000,0.000000,0.000000,-0.043765,0.000000,0.046254
0.000280,-0.014552,-0.005400,-0.000004,-0.000408,-0.000257,0.000000,0.000000,0.000000,0.000000,0.000000,-0.043905,0.000000,0.046246
0.000282,-0.014513,-0.005350,-0.000004,-0.000402,-0.000265,0.000000,0.000000,0.000000,0.000000,0.000000,-0.044034,0.000000,0.046189
0.000285,-0.014482,-0.005309,-0.000004,-0.000396,-0.000273,0.000000,0.000000,0.000000,0.000000,0.000000,-0.044165,0.000000,0.046149
0.000287,-0.014450,-0.005264,-0.000004,-0.000390,-0.000278,0.000000,0.000000,0.000000,0.000000,0.000000,-0.044316,0.000000,0.046109
0.000289,-0.014420,-0.005221,-0.000004,-0.000384,-0.000283,0.000000,0.000000,0.000000,0.000000,0.000000,-0.044460,0.000000,0.046052
0.000292,-0.014383,-0.005167,-0.000004,-0.000381,-0.000289,0.000000,0.000000,0.000000,0.000000,0.000000,-0.044577,0.000000,0.046014
0.000295,-0.014351,-0.005119,-0.000004,-0.000375,-0.000294,0.000000,0.000000,0.000000,0.000000,0.000000,-0.044679,0.000000,0.045978
0.000297,-0.014322,-0.005075,-0.000004,-0.000371,-0.000298,0.000000,0.000000,0.000000,0.000000,0.000000,-0.044825,0.000000,0.045953
0.000299,-0.014291,-0.005026,-0.000004,-0.000367,-0.000301,0.000000,0.000000,0.000000,0.000000,0.000000,-0.044960,0.000000,0.045906
0.000302,-0.014256,-0.004969,-0.000003,-0.000363,-0.000304,0.000000,0.000000,0.000000,0.000000,0.000000,-0.045054,0.000000,0.045890
0.000305,-0.014228,-0.004922,-0.000003,-0.000360,-0.000307,0.000000,0.000000,0.000000,0.000000,0.000000,-0.045148,0.000000,0.045879
0.000307,-0.014197,-0.004872,-0.000003,-0.000358,-0.000309,0.000000,0.000000,0.000000,0.000000,0.000000,-0.045288,0.000000,0.045854
0.000309,-0.014170,-0.004826,-0.000003,-0.000356,-0.000310,0.000000,0.000000,0.000000,0.000000,0.000000,-0.045394,0.000000,0.045840
0.000312,-0.014140,-0.004775,-0.000003,-0.000354,-0.000310,0.000000,0.000000,0.000000,0.000000,0.000000,-0.045457,0.000000,0.045857
0.000315,-0.014106,-0.004717,-0.000003,-0.000352,-0.000311,0.000000,0.000000,0.000000,0.000000,0.000000,-0.045522,0.000000,0.045870
0.000317,-0.014078,-0.004670,-0.000003,-0.000349,-0.000309,0.000000,0.000000,0.000000,0.000000,0.000000,-0.045619,0.000000,0.045880
0.000319,-0.014049,-0.004620,-0.000003,-0.000350,-0.000310,0.000000,0.000000,0.000000,0.000000,0.000000,-0.045722,0.000000,0.045900
0.000322,-0.014022,-0.004573,-0.000003,-0.000351,-0.000311,0.000000,0.000000,0.000000,0.000000,0.000000,-0.045765,0.000000,0.045926
0.000325,-0.013988,-0.004515,-0.000003,-0.000348,-0.000308,0.000000,0.000000,0.000000,0.000000,0.000000,-0.045825,0.000000,0.045971
0.000327,-0.013958,-0.004465,-0.000002,-0.000348,-0.000308,0.000000,0.000000,0.000000,0.000000,0.000000,-0.045909,0.000000,0.046004
0.000329,-0.013931,-0.004419,-0.000002,-0.000348,-0.000307,0.000000,0.000000,0.000000,0.000000,0.000000,-0.045981,0.000000,0.046038
0.000332,-0.013902,-0.004370,-0.000002,-0.000347,-0.000305,0.000000,0.000000,0.000000,0.000000,0.000000,-0.046035,0.000000,0.046090
0.000334,-0.013868,-0.004313,-0.000002,-0.000347,-0.000304,0.000000,0.000000,0.000000,0.000000,0.000000,-0.046077,0.000000,0.046136
0.000336,-0.013841,-0.004267,-0.000002,-0.000345,-0.000302,0.000000,0.000000,0.000000,0.000000,0.000000,-0.046138,0.000000,0.046180
0.000339,-0.013812,-0.004218,-0.000002,-0.000347,-0.000303,0.000000,0.000000,0.000000,0.000000,0.000000,-0.046219,0.000000,0.046228
0.000341,-0.013785,-0.004173,-0.000002,-0.000346,-0.000301,0.000000,0.000000,0.000000,0.000000,0.000000,-0.046266,0.000000,0.046267
0.000343,-0.013751,-0.004117,-0.000002,-0.000345,-0.000299,0.000000,0.000000,0.000000,0.000000,0.000000,-0.046324,0.000000,0.046325
0.000346,-0.013722,-0.004068,-0.000002,-0.000345,-0.000298,0.000000,0.000000,0.000000,0.000000,0.000000,-0.046372,0.000000,0.046367
0.000348,-0.013695,-0.004024,-0.000002,-0.000345,-0.000296,0.000000,0.000000,0.000000,0.000000,0.000000,-0.046438,0.000000,0.046422
0.000350,-0.013666,-0.003976,-0.000002,-0.000345,-0.000295,0.000000,0.000000,0.000000,0.000000,0.000000,-0.046489,0.000000,0.046477
0.000352,-0.013633,-0.003921,-0.000002,-0.000345,-0.000293,0.000000,0.000000,0.000000,0.000000,0.000000,-0.046524,0.000000,0.046531
0.000354,-0.013606,-0.003877,-0.000002,-0.000345,-0.000291,0.000000,0.000000,0.000000,0.000000,0.000000,-0.046575,0.000000,0.046589
0.000357,-0.013577,-0.003830,-0.000001,-0.000345,-0.000290,0.000000,0.000000,0.000000,0.000000,0.000000,-0.046638,0.000000,0.046649
0.000358,-0.013550,-0.003787,-0.000001,-0.000344,-0.000287,0.000000,0.000000,0.000000,0.000000,0.000000,-0.046674,0.000000,0.046709
0.000361,-0.013516,-0.003733,-0.000001,-0.000345,-0.000286,0.000000,0.000000,0.000000,0.000000,0.000000,-0.046711,0.000000,0.046774
0.000363,-0.013487,-0.003687,-0.000001,-0.000345,-0.000284,0.000000,0.000000,0.000000,0.000000,0.000000,-0.046750,0.000000,0.046829
0.000365,-0.013460,-0.003645,-0.000001,-0.000344,-0.000282,0.000000,0.000000,0.000000,0.000000,0.000000,-0.046808,0.000000,0.046897
0.000367,-0.013431,-0.003599,-0.000001,-0.000346,-0.000281,0.000000,0.000000,0.000000,0.000000,0.000000,-0.046848,0.000000,0.046966
0.000369,-0.013398,-0.003547,-0.000001,-0.000345,-0.000278,0.000000,0.000000,0.000000,0.000000,0.000000,-0.046870,0.000000,0.047027
0.000371,-0.013371,-0.003505,-0.000001,-0.000346,-0.000277,0.000000,0.000000,0.000000,0.000000,0.000000,-0.046918,0.000000,0.047099
0.000373,-0.013342,-0.003460,-0.000001,-0.000345,-0.000275,0.000000,0.000000,0.000000,0.000000,0.000000,-0.046965,0.000000,0.047165
0.000375,-0.013315,-0.003419,-0.000001,-0.000345,-0.000274,0.000000,0.000000,0.000000,0.000000,0.000000,-0.046995,0.000000,0.047237
0.000377,-0.013286,-0.003375,-0.000001,-0.000345,-0.000272,0.000000,0.000000,0.000000,0.000000,0.000000,-0.047023,0.000000,0.047305
0.000379,-0.013252,-0.003324,-0.000001,-0.000343,-0.000271,0.000000,0.000000,0.000000,0.000000,0.000000,-0.047064,0.000000,0.047367
0.000381,-0.013226,-0.003283,-0.000001,-0.000343,-0.000271,0.000000,0.000000,0.000000,0.000000,0.000000,-0.047118,0.000000,0.047421
0.000382,-0.013197,-0.003239,-0.000001,-0.000341,-0.000271,0.000000,0.000000,0.000000,0.000000,0.000000,-0.047180,0.000000,0.047475
0.000385,-0.013164,-0.003188,-0.000001,-0.000341,-0.000272,0.000000,0.000000,0.000000,0.000000,0.000000,-0.047235,0.000000,0.047521
0.000386,-0.013137,-0.003148,-0.000000,-0.000339,-0.000270,0.000000,0.000000,0.000000,0.000000,0.000000,-0.047290,0.000000,0.047558
0.000388,-0.013109,-0.003104,-0.000000,-0.000338,-0.000270,0.000000,0.000000,0.000000,0.000000,0.000000,-0.047370,0.000000,0.047604
0.000390,-0.013082,-0.003063,-0.000000,-0.000339,-0.000271,0.000000,0.000000,0.000000,0.000000,0.000000,-0.047416,0.000000,0.047637
0.000392,-0.013049,-0.003013,-0.000000,-0.000337,-0.000269,0.000000,0.000000,0.000000,0.000000,0.000000,-0.047455,0.000000,0.047689
0.000394,-0.013021,-0.002969,-0.000000,-0.000336,-0.000267,0.000000,0.000000,0.000000,0.000000,0.000000,-0.047504,0.000000,0.047740
0.000395,-0.012995,-0.002929,-0.000000,-0.000336,-0.000267,0.000000,0.000000,0.000000,0.000000,0.000000,-0.047563,0.000000,0.047791
0.000397,-0.012966,-0.002886,-0.000000,-0.000336,-0.000266,0.000000,0.000000,0.000000,0.000000,0.000000,-0.047601,0.000000,0.047843
0.000399,-0.012934,-0.002836,-0.000000,-0.000335,-0.000264,0.000000,0.000000,0.000000,0.000000,0.000000,-0.047634,0.000000,0.047903
0.000401,-0.012908,-0.002797,-0.000000,-0.000336,-0.000264,0.000000,0.000000,0.000000,0.000000,0.000000,-0.047680,0.000000,0.047963
0.000403,-0.012879,-0.002754,-0.000000,-0.000335,-0.000262,0.000000,0.000000,0.000000,0.000000,0.000000,-0.047725,0.000000,0.048022
0.000404,-0.012853,-0.002715,0.000000,-0.000335,-0.000261,0.000000,0.000000,0.000000,0.000000,0.000000,-0.047761,0.000000,0.048089
0.000406,-0.012825,-0.002673,0.000000,-0.000335,-0.000259,0.000000,0.000000,0.000000,0.000000,0.000000,-0.047789,0.000000,0.048150
0.000408,-0.012793,-0.002625,0.000000,-0.000335,-0.000257,0.000000,0.000000,0.000000,0.000000,0.000000,-0.047825,0.000000,0.048212
0.000409,-0.012766,-0.002586,0.000000,-0.000334,-0.000256,0.000000,0.000000,0.000000,0.000000,0.000000,-0.047860,0.000000,0.048274
0.000411,-0.012738,-0.002545,0.000000,-0.000334,-0.000254,0.000000,0.000000,0.000000,0.000000,0.000000,-0.047898,0.000000,0.048350
0.000413,-0.012712,-0.002507,0.000000,-0.000334,-0.000254,0.000000,0.000000,0.000000,0.000000,0.000000,-0.047921,0.000000,0.048416
0.000414,-0.012680,-0.002459,0.000000,-0.000332,-0.000253,0.000000,0.000000,0.000000,0.000000,0.000000,-0.047957,0.000000,0.048481
0.000416,-0.012652,-0.002418,0.000000,-0.000332,-0.000253,0.000000,0.000000,0.000000,0.000000,0.000000,-0.048004,0.000000,0.048531
0.000417,-0.012626,-0.002380,0.000000,-0.000330,-0.000252,0.000000,0.000000,0.000000,0.000000,0.000000,-0.048063,0.000000,0.048584
0.000419,-0.012598,-0.002339,0.000000,-0.000329,-0.000254,0.000000,0.000000,0.000000,0.000000,0.000000,-0.048117,0.000000,0.048629
0.000421,-0.012566,-0.002291,0.000000,-0.000328,-0.000255,0.000000,0.000000,0.000000,0.000000,0.000000,-0.048165,0.000000,0.048662
0.000422,-0.012541,-0.002253,0.000000,-0.000325,-0.000255,0.000000,0.000000,0.000000,0.000000,0.000000,-0.048230,0.000000,0.048700
0.000424,-0.012514,-0.002212,0.000001,-0.000324,-0.000256,0.000000,0.000000,0.000000,0.000000,0.000000,-0.048312,0.000000,0.048732
0.000425,-0.012489,-0.002173,0.000001,-0.000322,-0.000257,0.000000,0.000000,0.000000,0.000000,0.000000,-0.048373,0.000000,0.048747
0.000427,-0.012458,-0.002125,0.000001,-0.000320,-0.000257,0.000000,0.000000,0.000000,0.000000,0.000000,-0.048436,0.000000,0.048774
0.000429,-0.012431,-0.002083,0.000001,-0.000319,-0.000258,0.000000,0.000000,0.000000,0.000000,0.000000,-0.048499,0.000000,0.048792
0.000430,-0.012406,-0.002044,0.000001,-0.000318,-0.000257,0.000000,0.000000,0.000000,0.000000,0.000000,-0.048573,0.000000,0.048821
0.000432,-0.012379,-0.002002,0.000001,-0.000317,-0.000257,0.000000,0.000000,0.000000,0.000000,0.000000,-0.048628,0.000000,0.048853
0.000434,-0.012348,-0.001954,0.000001,-0.000316,-0.000256,0.000000,0.000000,0.000000,0.000000,0.000000,-0.048667,0.000000,0.048890
0.000435,-0.012324,-0.001916,0.000001,-0.000315,-0.000256,0.000000,0.000000,0.000000,0.000000,0.000000,-0.048716,0.000000,0.048930
0.000437,-0.012297,-0.001874,0.000001,-0.000315,-0.000255,0.000000,0.000000,0.000000,0.000000,0.000000,-0.048779,0.000000,0.048973
0.000438,-0.012267,-0.001827,0.000001,-0.000314,-0.000254,0.000000,0.000000,0.000000,0.000000,0.000000,-0.048818,0.000000,0.049015
0.000440,-0.012242,-0.001789,0.000001,-0.000314,-0.000253,0.000000,0.000000,0.000000,0.000000,0.000000,-0.048856,0.000000,0.049070
0.000441,-0.012216,-0.001748,0.000001,-0.000314,-0.000252,0.000000,0.000000,0.000000,0.000000,0.000000,-0.048905,0.000000,0.049124
0.000443,-0.012191,-0.001710,0.000001,-0.000313,-0.000250,0.000000,0.000000,0.000000,0.000000,0.000000,-0.048944,0.000000,0.049171
0.000444,-0.012161,-0.001663,0.000001,-0.000313,-0.000249,0.000000,0.000000,0.000000,0.000000,0.000000,-0.048980,0.000000,0.049228
0.000446,-0.012134,-0.001623,0.000001,-0.000313,-0.000248,0.000000,0.000000,0.000000,0.000000,0.000000,-0.049010,0.000000,0.049279
0.000447,-0.012110,-0.001586,0.000001,-0.000312,-0.000246,0.000000,0.000000,0.000000,0.000000,0.000000,-0.049055,0.000000,0.049341
0.000449,-0.012083,-0.001546,0.000001,-0.000314,-0.000246,0.000000,0.000000,0.000000,0.000000,0.000000,-0.049092,0.000000,0.049402
0.000450,-0.012053,-0.001500,0.000001,-0.000312,-0.000244,0.000000,0.000000,0.000000,0.000000,0.000000,-0.049114,0.000000,0.049457
0.000452,-0.012029,-0.001464,0.000001,-0.000312,-0.000243,0.000000,0.000000,0.000000,0.000000,0.000000,-0.049152,0.000000,0.049524
0.000453,-0.012002,-0.001425,0.000001,-0.000311,-0.000242,0.000000,0.000000,0.000000,0.000000,0.000000,-0.049193,0.000000,0.049582
0.000454,-0.011978,-0.001388,0.000001,-0.000311,-0.000243,0.000000,0.000000,0.000000,0.000000,0.000000,-0.049235,0.000000,0.049629
0.000456,-0.011952,-0.001349,0.000001,-0.000309,-0.000243,0.000000,0.000000,0.000000,0.000000,0.000000,-0.049286,0.000000,0.049669
0.000457,-0.011922,-0.001303,0.000001,-0.000307,-0.000243,0.000000,0.000000,0.000000,0.000000,0.000000,-0.049343,0.000000,0.049707
0.000458,-0.011898,-0.001266,0.000001,-0.000305,-0.000244,0.000000,0.000000,0.000000,0.000000,0.000000,-0.049398,0.000000,0.049735
0.000460,-0.011873,-0.001227,0.000001,-0.000304,-0.000245,0.000000,0.000000,0.000000,0.000000,0.000000,-0.049471,0.000000,0.049764
0.000461,-0.011849,-0.001190,0.000001,-0.000302,-0.000245,0.000000,0.000000,0.000000,0.000000,0.000000,-0.049534,0.000000,0.049779
0.000463,-0.011820,-0.001144,0.000001,-0.000302,-0.000245,0.000000,0.000000,0.000000,0.000000,0.000000,-0.049594,0.000000,0.049805
0.000464,-0.011794,-0.001104,0.000001,-0.000300,-0.000245,0.000000,0.000000,0.000000,0.000000,0.000000,-0.049640,0.000000,0.049828
0.000465,-0.011771,-0.001067,0.000001,-0.000300,-0.000245,0.000000,0.000000,0.000000,0.000000,0.000000,-0.049704,0.000000,0.049866
0.000467,-0.011746,-0.001028,0.000001,-0.000299,-0.000244,0.000000,0.000000,0.000000,0.000000,0.000000,-0.049755,0.000000,0.049896
0.000468,-0.011717,-0.000982,0.000001,-0.000297,-0.000242,0.000000,0.000000,0.000000,0.000000,0.000000,-0.049792,0.000000,0.049935
0.000469,-0.011694,-0.000946,0.000001,-0.000299,-0.000244,0.000000,0.000000,0.000000,0.000000,0.000000,-0.049834,0.000000,0.049977
0.000471,-0.011668,-0.000906,0.000001,-0.000297,-0.000241,0.000000,0.000000,0.000000,0.000000,0.000000,-0.049884,0.000000,0.050018
0.000472,-0.011645,-0.000870,0.000001,-0.000297,-0.000240,0.000000,0.000000,0.000000,0.000000,0.000000,-0.049933,0.000000,0.050071
0.000473,-0.011616,-0.000825,0.000002,-0.000297,-0.000239,0.000000,0.000000,0.000000,0.000000,0.000000,-0.049960,0.000000,0.050115
0.000475,-0.011591,-0.000787,0.000002,-0.000296,-0.000238,0.000000,0.000000,0.000000,0.000000,0.000000,-0.049991,0.000000,0.050163
0.000476,-0.011568,-0.000751,0.000002,-0.000296,-0.000237,0.000000,0.000000,0.000000,0.000000,0.000000,-0.050041,0.000000,0.050218
0.000477,-0.011543,-0.000713,0.000002,-0.000297,-0.000236,0.000000,0.000000,0.000000,0.000000,0.000000,-0.050075,0.000000,0.050268
0.000479,-0.011514,-0.000669,0.000002,-0.000296,-0.000234,0.000000,0.000000,0.000000,0.000000,0.000000,-0.050098,0.000000,0.050323
0.000480,-0.011491,-0.000634,0.000002,-0.000296,-0.000233,0.000000,0.000000,0.000000,0.000000,0.000000,-0.050133,0.000000,0.050380
0.000481,-0.011466,-0.000596,0.000002,-0.000296,-0.000231,0.000000,0.000000,0.000000,0.000000,0.000000,-0.050175,0.000000,0.050439
0.000482,-0.011443,-0.000562,0.000002,-0.000295,-0.000230,0.000000,0.000000,0.000000,0.000000,0.000000,-0.050199,0.000000,0.050495
0.000483,-0.011414,-0.000519,0.000002,-0.000297,-0.000229,0.000000,0.000000,0.000000,0.000000,0.000000,-0.050224,0.000000,0.050556
0.000485,-0.011389,-0.000481,0.000002,-0.000295,-0.000228,0.000000,0.000000,0.000000,0.000000,0.000000,-0.050250,0.000000,0.050607
0.000486,-0.011366,-0.000447,0.000002,-0.000295,-0.000228,0.000000,0.000000,0.000000,0.000000,0.000000,-0.050296,0.000000,0.050674
0.000487,-0.011342,-0.000410,0.000002,-0.000294,-0.000228,0.000000,0.000000,0.000000,0.000000,0.000000,-0.050336,0.000000,0.050716
0.000488,-0.011313,-0.000367,0.000002,-0.000292,-0.000228,0.000000,0.000000,0.000000,0.000000,0.000000,-0.050382,0.000000,0.050756
0.000489,-0.011290,-0.000333,0.000002,-0.000291,-0.000229,0.000000,0.000000,0.000000,0.000000,0.000000,-0.050435,0.000000,0.050789
0.000491,-0.011266,-0.000296,0.000002,-0.000288,-0.000229,0.000000,0.000000,0.000000,0.000000,0.000000,-0.050501,0.000000,0.050817
0.000492,-0.011244,-0.000261,0.000002,-0.000288,-0.000231,0.000000,0.000000,0.000000,0.000000,0.000000,-0.050559,0.000000,0.050837
0.000493,-0.011216,-0.000218,0.000002,-0.000285,-0.000230,0.000000,0.000000,0.000000,0.000000,0.000000,-0.050615,0.000000,0.050854
0.000494,-0.011192,-0.000180,0.000002,-0.000286,-0.000232,0.000000,0.000000,0.000000,0.000000,0.000000,-0.050677,0.000000,0.050874
0.000495,-0.011170,-0.000146,0.000002,-0.000284,-0.000231,0.000000,0.000000,0.000000,0.000000,0.000000,-0.050735,0.000000,0.050893
0.000496,-0.011146,-0.000108,0.000002,-0.000283,-0.000231,0.000000,0.000000,0.000000,0.000000,0.000000,-0.050794,0.000000,0.050931
0.000498,-0.011118,-0.000065,0.000002,-0.000282,-0.000230,0.000000,0.000000,0.000000,0.000000,0.000000,-0.050826,0.000000,0.050957
0.000499,-0.011096,-0.000030,0.000002,-0.000282,-0.000230,0.000000,0.000000,0.000000,0.000000,0.000000,-0.050871,0.000000,0.050996
0.000500,-0.011073,0.000007,0.000002,-0.000281,-0.000229,0.000000,0.000000,0.000000,0.000000,0.000000,-0.050925,0.000000,0.051031
0.000501,-0.011051,0.000041,0.000002,-0.000281,-0.000228,0.000000,0.000000,0.000000,0.000000,0.000000,-0.050963,0.000000,0.051070
0.000502,-0.011027,0.000078,0.000002,-0.000280,-0.000227,0.000000,0.000000,0.000000,0.000000,0.000000,-0.050993,0.000000,0.051114
0.000503,-0.011000,0.000121,0.000002,-0.000280,-0.000226,0.000000,0.000000,0.000000,0.000000,0.000000,-0.051027,0.000000,0.051155
0.000504,-0.010978,0.000154,0.000002,-0.000280,-0.000225,0.000000,0.000000,0.000000,0.000000,0.000000,-0.051066,0.000000,0.051196
0.000505,-0.010954,0.000191,0.000002,-0.000280,-0.000224,0.000000,0.000000,0.000000,0.000000,0.000000,-0.051108,0.000000,0.051249
0.000506,-0.010932,0.000224,0.000002,-0.000279,-0.000222,0.000000,0.000000,0.000000,0.000000,0.000000,-0.051136,0.000000,0.051301
0.000508,-0.010905,0.000266,0.000002,-0.000280,-0.000222,0.000000,0.000000,0.000000,0.000000,0.000000,-0.051164,0.000000,0.051351
0.000509,-0.010882,0.000301,0.000002,-0.000280,-0.000221,0.000000,0.000000,0.000000,0.000000,0.000000,-0.051192,0.000000,0.051395
0.000510,-0.010860,0.000334,0.000002,-0.000279,-0.000219,0.000000,0.000000,0.000000,0.000000,0.000000,-0.051234,0.000000,0.051456
0.000511,-0.010833,0.000375,0.000002,-0.000279,-0.000218,0.000000,0.000000,0.000000,0.000000,0.000000,-0.051261,0.000000,0.051513
0.000512,-0.010809,0.000410,0.000002,-0.000279,-0.000216,0.000000,0.000000,0.000000,0.000000,0.000000,-0.051280,0.000000,0.051564
0.000513,-0.010787,0.000443,0.000002,-0.000279,-0.000215,0.000000,0.000000,0.000000,0.000000,0.000000,-0.051315,0.000000,0.051626
0.000514,-0.010764,0.000477,0.000002,-0.000278,-0.000213,0.000000,0.000000,0.000000,0.000000,0.000000,-0.051342,0.000000,0.051681
0.000515,-0.010737,0.000517,0.000002,-0.000279,-0.000213,0.000000,0.000000,0.000000,0.000000,0.000000,-0.051363,0.000000,0.051737
0.000516,-0.010715,0.000549,0.000002,-0.000277,-0.000212,0.000000,0.000000,0.000000,0.000000,0.000000,-0.051388,0.000000,0.051787
0.000517,-0.010692,0.000584,0.000002,-0.000277,-0.000213,0.000000,0.000000,0.000000,0.000000,0.000000,-0.051441,0.000000,0.051841
0.000518,-0.010670,0.000616,0.000002,-0.000275,-0.000213,0.000000,0.000000,0.000000,0.000000,0.000000,-0.051485,0.000000,0.051868
0.000519,-0.010643,0.000656,0.000002,-0.000274,-0.000214,0.000000,0.000000,0.000000,0.000000,0.000000,-0.051537,0.000000,0.051907
0.000520,-0.010620,0.000691,0.000002,-0.000271,-0.000214,0.000000,0.000000,0.000000,0.000000,0.000000,-0.051580,0.000000,0.051926
0.000521,-0.010599,0.000723,0.000002,-0.000271,-0.000217,0.000000,0.000000,0.000000,0.000000,0.000000,-0.051650,0.000000,0.051950
0.000522,-0.010577,0.000759,0.000002,-0.000268,-0.000217,0.000000,0.000000,0.000000,0.000000,0.000000,-0.051713,0.000000,0.051955
0.000523,-0.010551,0.000799,0.000002,-0.000267,-0.000218,0.000000,0.000000,0.000000,0.000000,0.000000,-0.051778,0.000000,0.051975
0.000524,-0.010530,0.000832,0.000002,-0.000266,-0.000218,0.000000,0.000000,0.000000,0.000000,0.000000,-0.051829,0.000000,0.051982
0.000525,-0.010508,0.000868,0.000002,-0.000265,-0.000218,0.000000,0.000000,0.000000,0.000000,0.000000,-0.051895,0.000000,0.052001
0.000526,-0.010487,0.000900,0.000002,-0.000264,-0.000218,0.000000,0.000000,0.000000,0.000000,0.000000,-0.051943,0.000000,0.052018
0.000527,-0.010461,0.000941,0.000002,-0.000263,-0.000218,0.000000,0.000000,0.000000,0.000000,0.000000,-0.051984,0.000000,0.052048
0.000528,-0.010439,0.000977,0.000002,-0.000262,-0.000217,0.000000,0.000000,0.000000,0.000000,0.000000,-0.052021,0.000000,0.052073
0.000529,-0.010419,0.001009,0.000002,-0.000262,-0.000217,0.000000,0.000000,0.000000,0.000000,0.000000,-0.052076,0.000000,0.052105
0.000530,-0.010397,0.001044,0.000002,-0.000262,-0.000216,0.000000,0.000000,0.000000,0.000000,0.000000,-0.052120,0.000000,0.052138
0.000531,-0.010376,0.001077,0.000002,-0.000261,-0.000216,0.000000,0.000000,0.000000,0.000000,0.000000,-0.052148,0.000000,0.052176
0.000532,-0.010351,0.001117,0.000002,-0.000261,-0.000214,0.000000,0.000000,0.000000,0.000000,0.000000,-0.052183,0.000000,0.052216
0.000533,-0.010329,0.001152,0.000002,-0.000260,-0.000213,0.000000,0.000000,0.000000,0.000000,0.000000,-0.052221,0.000000,0.052251
0.000534,-0.010309,0.001184,0.000002,-0.000260,-0.000212,0.000000,0.000000,0.000000,0.000000,0.000000,-0.052262,0.000000,0.052295
0.000535,-0.010288,0.001215,0.000002,-0.000259,-0.000210,0.000000,0.000000,0.000000,0.000000,0.000000,-0.052290,0.000000,0.052340
0.000536,-0.010261,0.001257,0.000002,-0.000261,-0.000211,0.000000,0.000000,0.000000,0.000000,0.000000,-0.052316,0.000000,0.052385
0.000537,-0.010241,0.001289,0.000002,-0.000258,-0.000207,0.000000,0.000000,0.000000,0.000000,0.000000,-0.052339,0.000000,0.052419
0.000537,-0.010219,0.001322,0.000002,-0.000262,-0.000209,0.000000,0.000000,0.000000,0.000000,0.000000,-0.052393,0.000000,0.052483
0.000538,-0.010199,0.001353,0.000002,-0.000260,-0.000207,0.000000,0.000000,0.000000,0.000000,0.000000,-0.052403,0.000000,0.052516
0.000539,-0.010174,0.001392,0.000002,-0.000260,-0.000205,0.000000,0.000000,0.000000,0.000000,0.000000,-0.052441,0.000000,0.052587
0.000540,-0.010152,0.001425,0.000002,-0.000260,-0.000204,0.000000,0.000000,0.000000,0.000000,0.000000,-0.052463,0.000000,0.052624
0.000541,-0.010131,0.001455,0.000002,-0.000259,-0.000202,0.000000,0.000000,0.000000,0.000000,0.000000,-0.052494,0.000000,0.052679
0.000542,-0.010109,0.001488,0.000002,-0.000260,-0.000202,0.000000,0.000000,0.000000,0.000000,0.000000,-0.052516,0.000000,0.052732
0.000543,-0.010084,0.001526,0.000002,-0.000260,-0.000200,0.000000,0.000000,0.000000,0.000000,0.000000,-0.052534,0.000000,0.052780
0.000544,-0.010064,0.001556,0.000002,-0.000258,-0.000199,0.000000,0.000000,0.000000,0.000000,0.000000,-0.052565,0.000000,0.052836
0.000544,-0.010042,0.001588,0.000002,-0.000259,-0.000200,0.000000,0.000000,0.000000,0.000000,0.000000,-0.052598,0.000000,0.052889
0.000545,-0.010022,0.001618,0.000002,-0.000257,-0.000200,0.000000,0.000000,0.000000,0.000000,0.000000,-0.052628,0.000000,0.052922
0.000546,-0.009997,0.001656,0.000002,-0.000256,-0.000200,0.000000,0.000000,0.000000,0.000000,0.000000,-0.052681,0.000000,0.052961
0.000547,-0.009976,0.001688,0.000002,-0.000255,-0.000201,0.000000,0.000000,0.000000,0.000000,0.000000,-0.052727,0.000000,0.052980
0.000548,-0.009956,0.001719,0.000002,-0.000253,-0.000202,0.000000,0.000000,0.000000,0.000000,0.000000,-0.052784,0.000000,0.053004
0.000549,-0.009935,0.001752,0.000002,-0.000252,-0.000202,0.000000,0.000000,0.000000,0.000000,0.000000,-0.052846,0.000000,0.053017
0.000550,-0.009910,0.001790,0.000002,-0.000250,-0.000203,0.000000,0.000223,0.000000,0.000000,0.000000,-0.052896,0.000000,0.053029
0.000550,-0.009891,0.001820,0.000002,-0.000249,-0.000203,0.000000,0.000486,0.000000,0.000000,0.000000,-0.052939,0.000000,0.053050
0.000551,-0.009870,0.001853,0.000002,-0.000248,-0.000202,0.000000,0.000663,0.000000,0.000000,0.000000,-0.053021,0.000000,0.053057
0.000552,-0.009850,0.001883,0.000002,-0.000248,-0.000202,0.000000,0.000756,0.000000,0.000000,0.000000,-0.053096,0.000000,0.053058
0.000553,-0.009826,0.001921,0.000002,-0.000246,-0.000201,0.000000,0.000890,0.000000,0.000000,0.000000,-0.053132,0.000000,0.053084
0.000554,-0.009806,0.001954,0.000002,-0.000246,-0.000200,0.000000,0.001070,0.000000,0.000000,0.000000,-0.053153,0.000000,0.053122
0.000555,-0.009787,0.001983,0.000002,-0.000246,-0.000198,0.000000,0.001257,0.000000,0.000000,0.000000,-0.053203,0.000000,0.053146
0.000555,-0.009766,0.002015,0.000002,-0.000244,-0.000197,0.000000,0.001421,0.000000,0.000000,0.000000,-0.053264,0.000000,0.053167
0.000556,-0.009742,0.002052,0.000002,-0.000243,-0.000194,0.000000,0.001535,0.000000,0.000000,0.000000,-0.053299,0.000000,0.053197
0.000557,-0.009723,0.002081,0.000002,-0.000243,-0.000193,0.000000,0.001658,0.000000,0.000000,0.000000,-0.053320,0.000000,0.053234
0.000558,-0.009703,0.002112,0.000002,-0.000241,-0.000190,0.000000,0.001854,0.000000,0.000000,0.000000,-0.053352,0.000000,0.053276
0.000558,-0.009684,0.002140,0.000002,-0.000241,-0.000188,0.000000,0.002001,0.000000,0.000000,0.000000,-0.053382,0.000000,0.053310
0.000559,-0.009661,0.002175,0.000002,-0.000239,-0.000185,0.000000,0.002098,0.000000,0.000000,0.000000,-0.053414,0.000000,0.053339
0.000560,-0.009641,0.002204,0.000002,-0.000238,-0.000182,0.000000,0.002231,0.000000,0.000000,0.000000,-0.053437,0.000000,0.053381
0.000561,-0.009622,0.002231,0.000002,-0.000237,-0.000179,0.000000,0.002406,0.000000,0.000000,0.000000,-0.053446,0.000000,0.053434
0.000561,-0.009602,0.002259,0.000002,-0.000234,-0.000174,0.000000,0.002520,0.000000,0.000000,0.000000,-0.053456,0.000000,0.053478
0.000562,-0.009580,0.002292,0.000002,-0.000234,-0.000172,0.000000,0.002613,0.000000,0.000000,0.000000,-0.053482,0.000000,0.053514
0.000563,-0.009562,0.002317,0.000002,-0.000232,-0.000168,0.000000,0.002704,0.000000,0.000000,0.000000,-0.053488,0.000000,0.053551
0.000563,-0.009542,0.002343,0.000002,-0.000230,-0.000164,0.000000,0.002897,0.000000,0.000000,0.000000,-0.053487,0.000000,0.053622
0.000564,-0.009524,0.002367,0.000002,-0.000227,-0.000159,0.000000,0.002988,0.000000,0.000000,0.000000,-0.053480,0.000000,0.053669
0.000564,-0.009502,0.002396,0.000002,-0.000227,-0.000156,0.000000,0.003062,0.000000,0.000000,0.000000,-0.053502,0.000000,0.053706
0.000565,-0.009484,0.002421,0.000002,-0.000223,-0.000150,0.000000,0.003144,0.000000,0.000000,0.000000,-0.053499,0.000000,0.053749
0.000565,-0.009466,0.002443,0.000002,-0.000221,-0.000145,0.000000,0.003301,0.000000,0.000000,0.000000,-0.053474,0.000000,0.053828
0.000566,-0.009448,0.002466,0.000002,-0.000218,-0.000141,0.000000,0.003364,0.000000,0.000000,0.000000,-0.053449,0.000000,0.053883
0.000566,-0.009427,0.002491,0.000002,-0.000215,-0.000135,0.000000,0.003420,0.000000,0.000000,0.000000,-0.053460,0.000000,0.053921
0.000567,-0.009410,0.002510,0.000002,-0.000212,-0.000131,0.000000,0.003517,0.000000,0.000000,0.000000,-0.053446,0.000000,0.053975
0.000567,-0.009393,0.002531,0.000002,-0.000208,-0.000126,0.000000,0.003599,0.000000,0.000000,0.000000,-0.053401,0.000000,0.054046
0.000568,-0.009377,0.002549,0.000002,-0.000204,-0.000123,0.000000,0.003655,0.000000,0.000000,0.000000,-0.053391,0.000000,0.054089
0.000568,-0.009357,0.002572,0.000002,-0.000200,-0.000119,0.000000,0.003742,0.000000,0.000000,0.000000,-0.053413,0.000000,0.054111
0.000569,-0.009341,0.002591,0.000002,-0.000194,-0.000115,0.000000,0.003803,0.000000,0.000000,0.000000,-0.053412,0.000000,0.054137
0.000569,-0.009326,0.002607,0.000002,-0.000192,-0.000113,0.000000,0.003856,0.000000,0.000000,0.000000,-0.053395,0.000000,0.054175
0.000569,-0.009310,0.002625,0.000002,-0.000186,-0.000109,0.000000,0.003885,0.000000,0.000000,0.000000,-0.053395,0.000000,0.054188
0.000570,-0.009293,0.002645,0.000002,-0.000180,-0.000106,0.000000,0.003980,0.000000,0.000000,0.000000,-0.053414,0.000000,0.054205
0.000570,-0.009279,0.002661,0.000002,-0.000174,-0.000103,0.000000,0.004017,0.000000,0.000000,0.000000,-0.053416,0.000000,0.054210
0.000570,-0.009265,0.002677,0.000002,-0.000169,-0.000100,0.000000,0.004041,0.000000,0.000000,0.000000,-0.053422,0.000000,0.054219
0.000570,-0.009252,0.002691,0.000002,-0.000164,-0.000097,0.000000,0.004050,0.000000,0.000000,0.000000,-0.053426,0.000000,0.054215
0.000571,-0.009237,0.002709,0.000002,-0.000157,-0.000094,0.000000,0.004083,0.000000,0.000000,0.000000,-0.053429,0.000000,0.054217
0.000571,-0.009224,0.002724,0.000002,-0.000150,-0.000090,0.000000,0.004100,0.000000,0.000000,0.000000,-0.053428,0.000000,0.054216
0.000571,-0.009213,0.002737,0.000002,-0.000144,-0.000087,0.000000,0.004120,0.000000,0.000000,0.000000,-0.053433,0.000000,0.054212
0.000572,-0.009201,0.002750,0.000002,-0.000138,-0.000083,0.000000,0.004107,0.000000,0.000000,0.000000,-0.053438,0.000000,0.054196
0.000572,-0.009189,0.002765,0.000002,-0.000131,-0.000080,0.000000,0.004089,0.000000,0.000000,0.000000,-0.053440,0.000000,0.054183
0.000572,-0.009179,0.002777,0.000002,-0.000124,-0.000076,0.000000,0.004080,0.000000,0.000000,0.000000,-0.053434,0.000000,0.054171
0.000572,-0.009170,0.002788,0.000002,-0.000117,-0.000072,0.000000,0.004088,0.000000,0.000000,0.000000,-0.053432,0.000000,0.054161
0.000572,-0.009160,0.002799,0.000002,-0.000112,-0.000070,0.000000,0.004047,0.000000,0.000000,0.000000,-0.053436,0.000000,0.054133
0.000572,-0.009150,0.002811,0.000002,-0.000103,-0.000065,0.000000,0.003999,0.000000,0.000000,0.000000,-0.053440,0.000000,0.054106
0.000573,-0.009142,0.002821,0.000002,-0.000098,-0.000063,0.000000,0.004012,0.000000,0.000000,0.000000,-0.053433,0.000000,0.054099
0.000573,-0.009135,0.002830,0.000002,-0.000090,-0.000059,0.000000,0.003945,0.000000,0.000000,0.000000,-0.053422,0.000000,0.054065
0.000573,-0.009128,0.002839,0.000002,-0.000083,-0.000055,0.000000,0.003932,0.000000,0.000000,0.000000,-0.053439,0.000000,0.054040
0.000573,-0.009121,0.002849,0.000002,-0.000076,-0.000052,0.000000,0.003866,0.000000,0.000000,0.000000,-0.053431,0.000000,0.054003
0.000573,-0.009116,0.002856,0.000002,-0.000069,-0.000048,0.000000,0.003804,0.000000,0.000000,0.000000,-0.053424,0.000000,0.053977
0.000573,-0.009110,0.002863,0.000002,-0.000062,-0.000045,0.000000,0.003767,0.000000,0.000000,0.000000,-0.053423,0.000000,0.053943
0.000573,-0.009106,0.002870,0.000002,-0.000056,-0.000043,0.000000,0.003711,0.000000,0.000000,0.000000,-0.053426,0.000000,0.053901
0.000573,-0.009101,0.002877,0.000002,-0.000049,-0.000040,0.000000,0.003655,0.000000,0.000000,0.000000,-0.053431,0.000000,0.053861
0.000573,-0.009098,0.002883,0.000002,-0.000043,-0.000037,0.000000,0.003592,0.000000,0.000000,0.000000,-0.053430,0.000000,0.053821
0.000573,-0.009095,0.002888,0.000002,-0.000037,-0.000033,0.000000,0.003543,0.000000,0.000000,0.000000,-0.053433,0.000000,0.053781
0.000573,-0.009092,0.002893,0.000002,-0.000032,-0.000030,0.000000,0.003467,0.000000,0.000000,0.000000,-0.053425,0.000000,0.053744
0.000573,-0.009089,0.002898,0.000002,-0.000027,-0.000025,0.000000,0.003389,0.000000,0.000000,0.000000,-0.053406,0.000000,0.053721
0.000573,-0.009087,0.002901,0.000002,-0.000022,-0.000021,0.000000,0.003328,0.000000,0.000000,0.000000,-0.053383,0.000000,0.053703
0.000573,-0.009086,0.002904,0.000002,-0.000018,-0.000017,0.000000,0.003264,0.000000,0.000000,0.000000,-0.053359,0.000000,0.053685
0.000573,-0.009085,0.002906,0.000002,-0.000014,-0.000013,0.000000,0.003184,0.000000,0.000000,0.000000,-0.053334,0.000000,0.053670
0.000573,-0.009084,0.002907,0.000002,-0.000010,-0.000008,0.000000,0.003115,0.000000,0.000000,0.000000,-0.053305,0.000000,0.053661
0.000573,-0.009083,0.002908,0.000002,-0.000005,-0.000003,0.000000,0.003048,0.000000,0.000000,0.000000,-0.053270,0.000000,0.053656
0.000573,-0.009083,0.002908,0.000002,-0.000002,0.000001,0.000000,0.002967,0.000000,0.000000,0.000000,-0.053232,0.000000,0.053653
0.000572,-0.009083,0.002907,0.000002,0.000002,0.000006,0.000000,0.002878,0.000000,0.000000,0.000000,-0.053192,0.000000,0.053650
0.000572,-0.009084,0.002904,0.000001,0.000006,0.000011,0.000000,0.002807,0.000000,0.000000,0.000000,-0.053153,0.000000,0.053651
0.000572,-0.009085,0.002902,0.000001,0.000010,0.000016,0.000000,0.002736,0.000000,0.000000,0.000000,-0.053110,0.000000,0.053653
0.000572,-0.009086,0.002899,0.000001,0.000013,0.000020,0.000000,0.002635,0.000000,0.000000,0.000000,-0.053060,0.000000,0.053658
0.000572,-0.009087,0.002895,0.000001,0.000016,0.000025,0.000000,0.002541,0.000000,0.000000,0.000000,-0.053013,0.000000,0.053662
0.000571,-0.009089,0.002890,0.000001,0.000019,0.000029,0.000000,0.002477,0.000000,0.000000,0.000000,-0.052970,0.000000,0.053667
0.000571,-0.009091,0.002884,0.000001,0.000022,0.000033,0.000000,0.002409,0.000000,0.000000,0.000000,-0.052925,0.000000,0.053673
0.000571,-0.009093,0.002879,0.000001,0.000025,0.000037,0.000000,0.002309,0.000000,0.000000,0.000000,-0.052877,0.000000,0.053679
0.000571,-0.009095,0.002872,0.000001,0.000028,0.000040,0.000000,0.002211,0.000000,0.000000,0.000000,-0.052828,0.000000,0.053686
0.000570,-0.009098,0.002864,0.000001,0.000031,0.000045,0.000000,0.002147,0.000000,0.000000,0.000000,-0.052783,0.000000,0.053693
0.000570,-0.009101,0.002856,0.000001,0.000034,0.000048,0.000000,0.002084,0.000000,0.000000,0.000000,-0.052739,0.000000,0.053700
0.000570,-0.009104,0.002848,0.000001,0.000037,0.000051,0.000000,0.001970,0.000000,0.000000,0.000000,-0.052684,0.000000,0.053709
0.000569,-0.009107,0.002840,0.000001,0.000040,0.000053,0.000000,0.001881,0.000000,0.000000,0.000000,-0.052644,0.000000,0.053711
0.000569,-0.009111,0.002830,0.000001,0.000044,0.000055,0.000000,0.001825,0.000000,0.000000,0.000000,-0.052613,0.000000,0.053705
0.000568,-0.009115,0.002821,0.000001,0.000048,0.000056,0.000000,0.001764,0.000000,0.000000,0.000000,-0.052592,0.000000,0.053690
0.000568,-0.009119,0.002812,0.000001,0.000051,0.000057,0.000000,0.001651,0.000000,0.000000,0.000000,-0.052570,0.000000,0.053667
0.000568,-0.009124,0.002803,0.000001,0.000055,0.000058,0.000000,0.001546,0.000000,0.000000,0.000000,-0.052555,0.000000,0.053635
0.000567,-0.009130,0.002792,0.000001,0.000060,0.000058,0.000000,0.001480,0.000000,0.000000,0.000000,-0.052540,0.000000,0.053604
0.000567,-0.009135,0.002783,0.000001,0.000064,0.000058,0.000000,0.001416,0.000000,0.000000,0.000000,-0.052532,0.000000,0.053568
0.000567,-0.009140,0.002774,0.000001,0.000067,0.000057,0.000000,0.001289,0.000000,0.000000,0.000000,-0.052531,0.000000,0.053514
0.000566,-0.009146,0.002765,0.000001,0.000071,0.000057,0.000000,0.001203,0.000000,0.000000,0.000000,-0.052544,0.000000,0.053458
0.000566,-0.009153,0.002755,0.000001,0.000075,0.000055,0.000000,0.001142,0.000000,0.000000,0.000000,-0.052543,0.000000,0.053409
0.000565,-0.009160,0.002746,0.000001,0.000079,0.000054,0.000000,0.001056,0.000000,0.000000,0.000000,-0.052545,0.000000,0.053356
0.000565,-0.009167,0.002738,0.000001,0.000083,0.000053,0.000000,0.000953,0.000000,0.000000,0.000000,-0.052570,0.000000,0.053283
0.000565,-0.009174,0.002730,0.000001,0.000087,0.000051,0.000000,0.000866,0.000000,0.000000,0.000000,-0.052598,0.000000,0.053206
0.000564,-0.009183,0.002721,0.000001,0.000091,0.000050,0.000000,0.000788,0.000000,0.000000,0.000000,-0.052606,0.000000,0.053144
0.000564,-0.009190,0.002713,0.000001,0.000095,0.000048,0.000000,0.000688,0.000000,0.000000,0.000000,-0.052618,0.000000,0.053075
0.000564,-0.009198,0.002706,0.000001,0.000098,0.000046,0.000000,0.000593,0.000000,0.000000,0.000000,-0.052661,0.000000,0.052982
0.000563,-0.009206,0.002699,0.000001,0.000102,0.000044,0.000000,0.000526,0.000000,0.000000,0.000000,-0.052698,0.000000,0.052898
0.000563,-0.009215,0.002692,0.000001,0.000105,0.000042,0.000000,0.000429,0.000000,0.000000,0.000000,-0.052711,0.000000,0.052826
0.000563,-0.009226,0.002685,0.000001,0.000109,0.000039,0.000000,0.000312,0.000000,0.000000,0.000000,-0.052740,0.000000,0.052737
0.000563,-0.009234,0.002679,0.000001,0.000112,0.000038,0.000000,0.000253,0.000000,0.000000,0.000000,-0.052787,0.000000,0.052647
0.000562,-0.009244,0.002674,0.000001,0.000113,0.000036,0.000000,0.000175,0.000000,0.000000,0.000000,-0.052833,0.000000,0.052546
0.000562,-0.009253,0.002668,0.000001,0.000115,0.000036,0.000000,0.000070,0.000000,0.000000,0.000000,-0.052857,0.000000,0.052468
0.000562,-0.009264,0.002661,0.000001,0.000115,0.000036,0.000000,0.000000,0.000000,0.000000,0.000000,-0.052852,0.000000,0.052413
0.000562,-0.009274,0.002655,0.000001,0.000115,0.000037,0.000000,0.000000,0.000000,0.000000,0.000000,-0.052845,0.000000,0.052369
0.000561,-0.009283,0.002650,0.000001,0.000114,0.000038,0.000000,0.000000,0.000000,0.000000,0.000000,-0.052855,0.000000,0.052316
0.000561,-0.009292,0.002643,0.000001,0.000115,0.000040,0.000000,0.000000,0.000000,0.000000,0.000000,-0.052859,0.000000,0.052278
0.000561,-0.009303,0.002635,0.000001,0.000113,0.000041,0.000000,0.000000,0.000000,0.000000,0.000000,-0.052836,0.000000,0.052264
0.000560,-0.009312,0.002629,0.000001,0.000112,0.000044,0.000000,0.000000,0.000000,0.000000,0.000000,-0.052818,0.000000,0.052238
0.000560,-0.009321,0.002621,0.000001,0.000110,0.000046,0.000000,0.000000,0.000000,0.000000,0.000000,-0.052805,0.000000,0.052225
0.000560,-0.009330,0.002614,0.000001,0.000108,0.000048,0.000000,0.000000,0.000000,0.000000,0.000000,-0.052772,0.000000,0.052227
0.000559,-0.009340,0.002605,0.000001,0.000107,0.000050,0.000000,0.000000,0.000000,0.000000,0.000000,-0.052739,0.000000,0.052230
0.000559,-0.009349,0.002596,0.000001,0.000106,0.000052,0.000000,0.000000,0.000000,0.000000,0.000000,-0.052716,0.000000,0.052234
0.000559,-0.009357,0.002589,0.000001,0.000104,0.000052,0.000000,0.000000,0.000000,0.000000,0.000000,-0.052699,0.000000,0.052227
0.000559,-0.009366,0.002580,0.000001,0.000104,0.000054,0.000000,0.000000,0.000000,0.000000,0.000000,-0.052680,0.000000,0.052221
0.000558,-0.009376,0.002570,0.000001,0.000103,0.000055,0.000000,0.000000,0.000000,0.000000,0.000000,-0.052662,0.000000,0.052222
0.000558,-0.009384,0.002561,0.000001,0.000102,0.000055,0.000000,0.000000,0.000000,0.000000,0.000000,-0.052651,0.000000,0.052201
0.000557,-0.009393,0.002552,0.000001,0.000101,0.000055,0.000000,0.000000,0.000000,0.000000,0.000000,-0.052643,0.000000,0.052186
0.000557,-0.009401,0.002544,0.000001,0.000102,0.000056,0.000000,0.000000,0.000000,0.000000,0.000000,-0.052627,0.000000,0.052176
0.000557,-0.009411,0.002533,0.000001,0.000101,0.000056,0.000000,0.000000,0.000000,0.000000,0.000000,-0.052616,0.000000,0.052163
0.000556,-0.009419,0.002524,0.000001,0.000101,0.000057,0.000000,0.000000,0.000000,0.000000,0.000000,-0.052613,0.000000,0.052139
0.000556,-0.009427,0.002516,0.000001,0.000100,0.000057,0.000000,0.000000,0.000000,0.000000,0.000000,-0.052609,0.000000,0.052117
0.000556,-0.009435,0.002506,0.000001,0.000100,0.000057,0.000000,0.000000,0.000000,0.000000,0.000000,-0.052597,0.000000,0.052100
0.000555,-0.009445,0.002496,0.000001,0.000100,0.000057,0.000000,0.000000,0.000000,0.000000,0.000000,-0.052590,0.000000,0.052082
0.000555,-0.009453,0.002487,0.000001,0.000100,0.000057,0.000000,0.000000,0.000000,0.000000,0.000000,-0.052589,0.000000,0.052055
0.000555,-0.009461,0.002478,0.000001,0.000099,0.000056,0.000000,0.000000,0.000000,0.000000,0.000000,-0.052587,0.000000,0.052030
0.000554,-0.009469,0.002470,0.000001,0.000099,0.000056,0.000000,0.000000,0.000000,0.000000,0.000000,-0.052580,0.000000,0.052008
0.000554,-0.009478,0.002459,0.000001,0.000099,0.000056,0.000000,0.000000,0.000000,0.000000,0.000000,-0.052574,0.000000,0.051987
0.000554,-0.009487,0.002450,0.000001,0.000099,0.000056,0.000000,0.000000,0.000000,0.000000,0.000000,-0.052574,0.000000,0.051961
0.000553,-0.009494,0.002442,0.000001,0.000098,0.000056,0.000000,0.000000,0.000000,0.000000,0.000000,-0.052574,0.000000,0.051933
0.000553,-0.009503,0.002433,0.000001,0.000098,0.000055,0.000000,0.000000,0.000000,0.000000,0.000000,-0.052570,0.000000,0.051906
0.000553,-0.009512,0.002422,0.000001,0.000098,0.000055,0.000000,0.000000,0.000000,0.000000,0.000000,-0.052566,0.000000,0.051886
0.000552,-0.009520,0.002414,0.000001,0.000098,0.000055,0.000000,0.000000,0.000000,0.000000,0.000000,-0.052564,0.000000,0.051859
0.000552,-0.009528,0.002405,0.000001,0.000098,0.000054,0.000000,0.000000,0.000000,0.000000,0.000000,-0.052567,0.000000,0.051828
0.000552,-0.009536,0.002397,0.000001,0.000098,0.000054,0.000000,0.000000,0.000000,0.000000,0.000000,-0.052565,0.000000,0.051801
0.000551,-0.009544,0.002388,0.000001,0.000098,0.000054,0.000000,0.000000,0.000000,0.000000,0.000000,-0.052561,0.000000,0.051778
0.000551,-0.009554,0.002378,0.000001,0.000098,0.000054,0.000000,0.000000,0.000000,0.000000,0.000000,-0.052560,0.000000,0.051753
0.000551,-0.009561,0.002370,0.000001,0.000098,0.000053,0.000000,0.000000,0.000000,0.000000,0.000000,-0.052563,0.000000,0.051724
0.000550,-0.009570,0.002362,0.000001,0.000098,0.000053,0.000000,0.000000,0.000000,0.000000,0.000000,-0.052564,0.000000,0.051691
0.000550,-0.009577,0.002354,0.000001,0.000097,0.000053,0.000000,0.000000,0.000000,0.000000,0.000000,-0.052561,0.000000,0.051669
0.000550,-0.009587,0.002344,0.000001,0.000098,0.000053,0.000000,0.000000,0.000000,0.000000,0.000000,-0.052558,0.000000,0.051641
0.000549,-0.009595,0.002335,0.000001,0.000097,0.000053,0.000000,0.000000,0.000000,0.000000,0.000000,-0.052561,0.000000,0.051617
0.000549,-0.009602,0.002327,0.000001,0.000096,0.000054,0.000000,0.000000,0.000000,0.000000,0.000000,-0.052559,0.000000,0.051582
0.000549,-0.009610,0.002318,0.000001,0.000094,0.000055,0.000000,0.000000,0.000000,0.000000,0.000000,-0.052540,0.000000,0.051575
0.000548,-0.009619,0.002307,0.000001,0.000093,0.000057,0.000000,0.000000,0.000000,0.000000,0.000000,-0.052509,0.000000,0.051574
0.000548,-0.009626,0.002299,0.000001,0.000092,0.000058,0.000000,0.000000,0.000000,0.000000,0.000000,-0.052486,0.000000,0.051575
0.000548,-0.009634,0.002289,0.000001,0.000090,0.000060,0.000000,0.000000,0.000000,0.000000,0.000000,-0.052456,0.000000,0.051579
0.000547,-0.009641,0.002280,0.000001,0.000088,0.000062,0.000000,0.000000,0.000000,0.000000,0.000000,-0.052415,0.000000,0.051598
0.000547,-0.009649,0.002267,0.000001,0.000086,0.000065,0.000000,0.000000,0.000000,0.000000,0.000000,-0.052374,0.000000,0.051617
0.000546,-0.009656,0.002256,0.000001,0.000084,0.000067,0.000000,0.000000,0.000000,0.000000,0.000000,-0.052337,0.000000,0.051639
0.000546,-0.009663,0.002246,0.000001,0.000082,0.000070,0.000000,0.000000,0.000000,0.000000,0.000000,-0.052285,0.000000,0.051668
0.000546,-0.009669,0.002234,0.000001,0.000080,0.000072,0.000000,0.000000,0.000000,0.000000,0.000000,-0.052225,0.000000,0.051708
0.000545,-0.009677,0.002221,0.000001,0.000078,0.000073,0.000000,0.000000,0.000000,0.000000,0.000000,-0.052182,0.000000,0.051739
0.000545,-0.009683,0.002209,0.000001,0.000077,0.000075,0.000000,0.000000,0.000000,0.000000,0.000000,-0.052153,0.000000,0.051761
0.000544,-0.009689,0.002197,0.000001,0.000076,0.000076,0.000000,0.000000,0.000000,0.000000,0.000000,-0.052108,0.000000,0.051785
0.000544,-0.009695,0.002186,0.000001,0.000075,0.000076,0.000000,0.000000,0.000000,0.000000,0.000000,-0.052069,0.000000,0.051809
0.000543,-0.009703,0.002171,0.000001,0.000074,0.000077,0.000000,0.000000,0.000000,0.000000,0.000000,-0.052044,0.000000,0.051820
0.000543,-0.009709,0.002158,0.000001,0.000074,0.000078,0.000000,0.000000,0.000000,0.000000,0.000000,-0.052024,0.000000,0.051829
0.000543,-0.009714,0.002147,0.000001,0.000073,0.000078,0.000000,0.000000,0.000000,0.000000,0.000000,-0.051987,0.000000,0.051842
0.000542,-0.009721,0.002134,0.000001,0.000073,0.000078,0.000000,0.000000,0.000000,0.000000,0.000000,-0.051952,0.000000,0.051852
0.000542,-0.009728,0.002119,0.000001,0.000072,0.000078,0.000000,0.000000,0.000000,0.000000,0.000000,-0.051936,0.000000,0.051854
0.000541,-0.009733,0.002108,0.000001,0.000072,0.000078,0.000000,0.000000,0.000000,0.000000,0.000000,-0.051920,0.000000,0.051855
0.000541,-0.009739,0.002095,0.000001,0.000072,0.000078,0.000000,0.000000,0.000000,0.000000,0.000000,-0.051887,0.000000,0.051861
0.000540,-0.009745,0.002083,0.000001,0.000071,0.000077,0.000000,0.000000,0.000000,0.000000,0.000000,-0.051863,0.000000,0.051863
0.000540,-0.009751,0.002071,0.000001,0.000072,0.000078,0.000000,0.000000,0.000000,0.000000,0.000000,-0.051851,0.000000,0.051859
0.000539,-0.009758,0.002057,0.000001,0.000071,0.000076,0.000000,0.000000,0.000000,0.000000,0.000000,-0.051840,0.000000,0.051857
0.000539,-0.009764,0.002044,0.000001,0.000072,0.000078,0.000000,0.000000,0.000000,0.000000,0.000000,-0.051803,0.000000,0.051856
0.000539,-0.009770,0.002032,0.000001,0.000072,0.000077,0.000000,0.000000,0.000000,0.000000,0.000000,-0.051793,0.000000,0.051857
0.000538,-0.009777,0.002018,0.000001,0.000071,0.000076,0.000000,0.000000,0.000000,0.000000,0.000000,-0.051773,0.000000,0.051847
0.000538,-0.009782,0.002006,0.000001,0.000072,0.000076,0.000000,0.000000,0.000000,0.000000,0.000000,-0.051752,0.000000,0.051844
0.000537,-0.009788,0.001994,0.000001,0.000071,0.000076,0.000000,0.000000,0.000000,0.000000,0.000000,-0.051734,0.000000,0.051839
0.000537,-0.009794,0.001983,0.000001,0.000072,0.000075,0.000000,0.000000,0.000000,0.000000,0.000000,-0.051722,0.000000,0.051831
0.000536,-0.009800,0.001970,0.000001,0.000072,0.000075,0.000000,0.000000,0.000000,0.000000,0.000000,-0.051708,0.000000,0.051825
0.000536,-0.009807,0.001957,0.000001,0.000072,0.000074,0.000000,0.000000,0.000000,0.000000,0.000000,-0.051691,0.000000,0.051820
0.000536,-0.009812,0.001945,0.000001,0.000072,0.000074,0.000000,0.000000,0.000000,0.000000,0.000000,-0.051674,0.000000,0.051813
0.000535,-0.009818,0.001934,0.000001,0.000072,0.000073,0.000000,0.000000,0.000000,0.000000,0.000000,-0.051657,0.000000,0.051805
0.000535,-0.009824,0.001923,0.000001,0.000072,0.000072,0.000000,0.000000,0.000000,0.000000,0.000000,-0.051647,0.000000,0.051796
0.000534,-0.009831,0.001909,0.000001,0.000073,0.000071,0.000000,0.000000,0.000000,0.000000,0.000000,-0.051637,0.000000,0.051783
0.000534,-0.009838,0.001898,0.000001,0.000075,0.000068,0.000000,0.000000,0.000000,0.000000,0.000000,-0.051642,0.000000,0.051762
0.000533,-0.009843,0.001888,0.000001,0.000076,0.000066,0.000000,0.000000,0.000000,0.000000,0.000000,-0.051650,0.000000,0.051726
0.000533,-0.009850,0.001878,0.000001,0.000077,0.000064,0.000000,0.000000,0.000000,0.000000,0.000000,-0.051670,0.000000,0.051684
0.000533,-0.009858,0.001866,0.000001,0.000078,0.000062,0.000000,0.000000,0.000000,0.000000,0.000000,-0.051688,0.000000,0.051640
0.000532,-0.009864,0.001857,0.000001,0.000079,0.000061,0.000000,0.000000,0.000000,0.000000,0.000000,-0.051703,0.000000,0.051595
0.000532,-0.009871,0.001847,0.000001,0.000079,0.000060,0.000000,0.000000,0.000000,0.000000,0.000000,-0.051713,0.000000,0.051551
0.000532,-0.009877,0.001838,0.000001,0.000079,0.000060,0.000000,0.000000,0.000000,0.000000,0.000000,-0.051706,0.000000,0.051525
0.000531,-0.009884,0.001827,0.000001,0.000078,0.000061,0.000000,0.000000,0.000000,0.000000,0.000000,-0.051685,0.000000,0.051513
0.000531,-0.009891,0.001817,0.000001,0.000077,0.000062,0.000000,0.000000,0.000000,0.000000,0.000000,-0.051664,0.000000,0.051507
0.000531,-0.009897,0.001808,0.000001,0.000076,0.000062,0.000000,0.000000,0.000000,0.000000,0.000000,-0.051641,0.000000,0.051505
0.000530,-0.009903,0.001798,0.000001,0.000076,0.000063,0.000000,0.000000,0.000000,0.000000,0.000000,-0.051611,0.000000,0.051512
0.000530,-0.009911,0.001786,0.000001,0.000076,0.000063,0.000000,0.000000,0.000000,0.000000,0.000000,-0.051592,0.000000,0.051515
0.000529,-0.009916,0.001776,0.000001,0.000075,0.000063,0.000000,0.000000,0.000000,0.000000,0.000000,-0.051577,0.000000,0.051509
0.000529,-0.009923,0.001766,0.000001,0.000075,0.000063,0.000000,0.000000,0.000000,0.000000,0.000000,-0.051558,0.000000,0.051508
0.000529,-0.009929,0.001756,0.000001,0.000074,0.000063,0.000000,0.000000,0.000000,0.000000,0.000000,-0.051539,0.000000,0.051507
0.000528,-0.009936,0.001745,0.000001,0.000074,0.000063,0.000000,0.000000,0.000000,0.000000,0.000000,-0.051526,0.000000,0.051501
0.000528,-0.009942,0.001734,0.000001,0.000074,0.000063,0.000000,0.000000,0.000000,0.000000,0.000000,-0.051516,0.000000,0.051495
0.000528,-0.009948,0.001725,0.000001,0.000074,0.000063,0.000000,0.000000,0.000000,0.000000,0.000000,-0.051499,0.000000,0.051488
0.000527,-0.009954,0.001715,0.000001,0.000074,0.000063,0.000000,0.000000,0.000000,0.000000,0.000000,-0.051481,0.000000,0.051480
0.000527,-0.009961,0.001703,0.000001,0.000073,0.000063,0.000000,0.000000,0.000000,0.000000,0.000000,-0.051473,0.000000,0.051471
0.000527,-0.009967,0.001693,0.000001,0.000074,0.000063,0.000000,0.000000,0.000000,0.000000,0.000000,-0.051464,0.000000,0.051460
0.000526,-0.009973,0.001683,0.000001,0.000073,0.000062,0.000000,0.000000,0.000000,0.000000,0.000000,-0.051449,0.000000,0.051451
0.000526,-0.009979,0.001674,0.000001,0.000073,0.000062,0.000000,0.000000,0.000000,0.000000,0.000000,-0.051435,0.000000,0.051439
0.000525,-0.009986,0.001662,0.000000,0.000073,0.000062,0.000000,0.000000,0.000000,0.000000,0.000000,-0.051428,0.000000,0.051429
0.000525,-0.009992,0.001652,0.000000,0.000073,0.000061,0.000000,0.000000,0.000000,0.000000,0.000000,-0.051421,0.000000,0.051417
0.000525,-0.009998,0.001643,0.000000,0.000073,0.000061,0.000000,0.000000,0.000000,0.000000,0.000000,-0.051407,0.000000,0.051405
0.000524,-0.010004,0.001633,0.000000,0.000073,0.000061,0.000000,0.000000,0.000000,0.000000,0.000000,-0.051396,0.000000,0.051393
0.000524,-0.010011,0.001622,0.000000,0.000073,0.000060,0.000000,0.000000,0.000000,0.000000,0.000000,-0.051390,0.000000,0.051379
0.000524,-0.010017,0.001613,0.000000,0.000073,0.000060,0.000000,0.000000,0.000000,0.000000,0.000000,-0.051382,0.000000,0.051366
0.000523,-0.010023,0.001603,0.000000,0.000073,0.000059,0.000000,0.000000,0.000000,0.000000,0.000000,-0.051369,0.000000,0.051352
0.000523,-0.010029,0.001595,0.000000,0.000073,0.000059,0.000000,0.000000,0.000000,0.000000,0.000000,-0.051362,0.000000,0.051339
0.000523,-0.010036,0.001584,0.000000,0.000073,0.000059,0.000000,0.000000,0.000000,0.000000,0.000000,-0.051356,0.000000,0.051325
0.000522,-0.010042,0.001574,0.000000,0.000073,0.000058,0.000000,0.000000,0.000000,0.000000,0.000000,-0.051349,0.000000,0.051312
0.000522,-0.010048,0.001565,0.000000,0.000073,0.000058,0.000000,0.000000,0.000000,0.000000,0.000000,-0.051337,0.000000,0.051296
0.000522,-0.010054,0.001556,0.000000,0.000073,0.000058,0.000000,0.000000,0.000000,0.000000,0.000000,-0.051330,0.000000,0.051282
0.000521,-0.010061,0.001545,0.000000,0.000073,0.000057,0.000000,0.000000,0.000000,0.000000,0.000000,-0.051326,0.000000,0.051268
0.000521,-0.010067,0.001537,0.000000,0.000073,0.000057,0.000000,0.000000,0.000000,0.000000,0.000000,-0.051317,0.000000,0.051252
0.000521,-0.010073,0.001528,0.000000,0.000073,0.000056,0.000000,0.000000,0.000000,0.000000,0.000000,-0.051309,0.000000,0.051237
0.000520,-0.010079,0.001519,0.000000,0.000073,0.000056,0.000000,0.000000,0.000000,0.000000,0.000000,-0.051302,0.000000,0.051221
0.000520,-0.010086,0.001509,0.000000,0.000073,0.000056,0.000000,0.000000,0.000000,0.000000,0.000000,-0.051298,0.000000,0.051206
0.000520,-0.010092,0.001500,0.000000,0.000073,0.000055,0.000000,0.000000,0.000000,0.000000,0.000000,-0.051290,0.000000,0.051191
0.000519,-0.010098,0.001491,0.000000,0.000073,0.000055,0.000000,0.000000,0.000000,0.000000,0.000000,-0.051283,0.000000,0.051175
0.000519,-0.010104,0.001482,0.000000,0.000073,0.000055,0.000000,0.000000,0.000000,0.000000,0.000000,-0.051278,0.000000,0.051158
0.000519,-0.010111,0.001472,0.000000,0.000074,0.000054,0.000000,0.000000,0.000000,0.000000,0.000000,-0.051273,0.000000,0.051143
0.000518,-0.010117,0.001464,0.000000,0.000073,0.000054,0.000000,0.000000,0.000000,0.000000,0.000000,-0.051267,0.000000,0.051128
0.000518,-0.010123,0.001455,0.000000,0.000074,0.000054,0.000000,0.000000,0.000000,0.000000,0.000000,-0.051259,0.000000,0.051108
0.000518,-0.010129,0.001447,0.000000,0.000072,0.000052,0.000000,0.000000,0.000000,0.000000,0.000000,-0.051257,0.000000,0.051095
0.000517,-0.010136,0.001438,0.000000,0.000074,0.000053,0.000000,0.000000,0.000000,0.000000,0.000000,-0.051248,0.000000,0.051073
0.000517,-0.010142,0.001429,0.000000,0.000074,0.000053,0.000000,0.000000,0.000000,0.000000,0.000000,-0.051249,0.000000,0.051067
0.000517,-0.010148,0.001421,0.000000,0.000073,0.000052,0.000000,0.000000,0.000000,0.000000,0.000000,-0.051236,0.000000,0.051037
0.000517,-0.010154,0.001413,0.000000,0.000073,0.000052,0.000000,0.000000,0.000000,0.000000,0.000000,-0.051235,0.000000,0.051024
0.000516,-0.010161,0.001403,0.000000,0.000073,0.000051,0.000000,0.000000,0.000000,0.000000,0.000000,-0.051231,0.000000,0.051008
0.000516,-0.010167,0.001395,0.000000,0.000073,0.000051,0.000000,0.000000,0.000000,0.000000,0.000000,-0.051225,0.000000,0.050992
0.000516,-0.010173,0.001387,0.000000,0.000073,0.000051,0.000000,0.000000,0.000000,0.000000,0.000000,-0.051221,0.000000,0.050972
0.000515,-0.010179,0.001380,0.000000,0.000074,0.000051,0.000000,0.000000,0.000000,0.000000,0.000000,-0.051218,0.000000,0.050955
0.000515,-0.010185,0.001371,0.000000,0.000073,0.000050,0.000000,0.000000,0.000000,0.000000,0.000000,-0.051213,0.000000,0.050939
0.000515,-0.010192,0.001362,0.000000,0.000073,0.000050,0.000000,0.000000,0.000000,0.000000,0.000000,-0.051208,0.000000,0.050921
0.000514,-0.010198,0.001355,0.000000,0.000074,0.000050,0.000000,0.000000,0.000000,0.000000,0.000000,-0.051206,0.000000,0.050906
0.000514,-0.010204,0.001347,0.000000,0.000073,0.000049,0.000000,0.000000,0.000000,0.000000,0.000000,-0.051202,0.000000,0.050884
0.000514,-0.010211,0.001338,0.000000,0.000073,0.000049,0.000000,0.000000,0.000000,0.000000,0.000000,-0.051199,0.000000,0.050865
0.000514,-0.010217,0.001330,0.000000,0.000074,0.000049,0.000000,0.000000,0.000000,0.000000,0.000000,-0.051194,0.000000,0.050848
0.000513,-0.010223,0.001323,0.000000,0.000073,0.000048,0.000000,0.000000,0.000000,0.000000,0.000000,-0.051191,0.000000,0.050830
0.000513,-0.010229,0.001315,0.000000,0.000073,0.000048,0.000000,0.000000,0.000000,0.000000,0.000000,-0.051188,0.000000,0.050809
0.000513,-0.010235,0.001308,0.000000,0.000073,0.000047,0.000000,0.000000,0.000000,0.000000,0.000000,-0.051185,0.000000,0.050793
0.000512,-0.010242,0.001299,0.000000,0.000073,0.000047,0.000000,0.000000,0.000000,0.000000,0.000000,-0.051182,0.000000,0.050776
0.000512,-0.010248,0.001292,0.000000,0.000073,0.000047,0.000000,0.000000,0.000000,0.000000,0.000000,-0.051179,0.000000,0.050757
0.000512,-0.010254,0.001284,0.000000,0.000073,0.000047,0.000000,0.000000,0.000000,0.000000,0.000000,-0.051178,0.000000,0.050736
0.000512,-0.010260,0.001277,0.000000,0.000073,0.000046,0.000000,0.000000,0.000000,0.000000,0.000000,-0.051175,0.000000,0.050718
0.000511,-0.010267,0.001269,0.000000,0.000073,0.000046,0.000000,0.000000,0.000000,0.000000,0.000000,-0.051171,0.000000,0.050699
0.000511,-0.010273,0.001261,0.000000,0.000073,0.000046,0.000000,0.000000,0.000000,0.000000,0.000000,-0.051169,0.000000,0.050681
0.000511,-0.010279,0.001254,0.000000,0.000073,0.000045,0.000000,0.000000,0.000000,0.000000,0.000000,-0.051168,0.000000,0.050660
0.000511,-0.010285,0.001247,0.000000,0.000073,0.000045,0.000000,0.000000,0.000000,0.000000,0.000000,-0.051166,0.000000,0.050640
0.000510,-0.010292,0.001239,0.000000,0.000073,0.000045,0.000000,0.000000,0.000000,0.000000,0.000000,-0.051163,0.000000,0.050623
0.000510,-0.010298,0.001232,0.000000,0.000073,0.000044,0.000000,0.000000,0.000000,0.000000,0.000000,-0.051161,0.000000,0.050604
0.000510,-0.010304,0.001225,0.000000,0.000073,0.000044,0.000000,0.000000,0.000000,0.000000,0.000000,-0.051160,0.000000,0.050581
0.000509,-0.010309,0.001218,0.000000,0.000073,0.000044,0.000000,0.000000,0.000000,0.000000,0.000000,-0.051160,0.000000,0.050564
0.000509,-0.010317,0.001210,0.000000,0.000073,0.000044,0.000000,0.000000,0.000000,0.000000,0.000000,-0.051156,0.000000,0.050543
0.000509,-0.010323,0.001203,0.000000,0.000072,0.000044,0.000000,0.000000,0.000000,0.000000,0.000000,-0.051155,0.000000,0.050526
0.000509,-0.010328,0.001196,0.000000,0.000071,0.000045,0.000000,0.000000,0.000000,0.000000,0.000000,-0.051149,0.000000,0.050507
0.000508,-0.010334,0.001189,0.000000,0.000070,0.000046,0.000000,0.000000,0.000000,0.000000,0.000000,-0.051130,0.000000,0.050503
0.000508,-0.010341,0.001180,0.000000,0.000069,0.000048,0.000000,0.000000,0.000000,0.000000,0.000000,-0.051102,0.000000,0.050509
0.000508,-0.010346,0.001172,0.000000,0.000067,0.000050,0.000000,0.000000,0.000000,0.000000,0.000000,-0.051075,0.000000,0.050517
0.000507,-0.010352,0.001164,0.000000,0.000066,0.000051,0.000000,0.000000,0.000000,0.000000,0.000000,-0.051040,0.000000,0.050533
0.000507,-0.010357,0.001156,0.000000,0.000064,0.000053,0.000000,0.000000,0.000000,0.000000,0.000000,-0.050999,0.000000,0.050558
0.000507,-0.010363,0.001146,0.000000,0.000062,0.000055,0.000000,0.000000,0.000000,0.000000,0.000000,-0.050960,0.000000,0.050584
0.000507,-0.010368,0.001136,0.000000,0.000061,0.000057,0.000000,0.000000,0.000000,0.000000,0.000000,-0.050925,0.000000,0.050610
0.000506,-0.010373,0.001128,0.000000,0.000060,0.000058,0.000000,0.000000,0.000000,0.000000,0.000000,-0.050889,0.000000,0.050633
0.000506,-0.010378,0.001118,0.000000,0.000059,0.000059,0.000000,0.000000,0.000000,0.000000,0.000000,-0.050856,0.000000,0.050655
0.000505,-0.010383,0.001107,0.000000,0.000058,0.000059,0.000000,0.000000,0.000000,0.000000,0.000000,-0.050834,0.000000,0.050667
0.000505,-0.010388,0.001098,0.000000,0.000058,0.000060,0.000000,0.000000,0.000000,0.000000,0.000000,-0.050814,0.000000,0.050678
0.000505,-0.010393,0.001088,0.000000,0.000057,0.000060,0.000000,0.000000,0.000000,0.000000,0.000000,-0.050782,0.000000,0.050691
0.000504,-0.010397,0.001079,0.000000,0.000057,0.000060,0.000000,0.000000,0.000000,0.000000,0.000000,-0.050760,0.000000,0.050702
0.000504,-0.010402,0.001069,0.000000,0.000057,0.000061,0.000000,0.000000,0.000000,0.000000,0.000000,-0.050743,0.000000,0.050704
0.000504,-0.010407,0.001058,0.000000,0.000056,0.000061,0.000000,0.000000,0.000000,0.000000,0.000000,-0.050727,0.000000,0.050708
0.000503,-0.010412,0.001049,0.000000,0.000056,0.000061,0.000000,0.000000,0.000000,0.000000,0.000000,-0.050706,0.000000,0.050713
0.000503,-0.010416,0.001039,0.000000,0.000056,0.000061,0.000000,0.000000,0.000000,0.000000,0.000000,-0.050683,0.000000,0.050717
0.000503,-0.010421,0.001030,0.000000,0.000056,0.000061,0.000000,0.000000,0.000000,0.000000,0.000000,-0.050669,0.000000,0.050717
0.000502,-0.010426,0.001018,0.000000,0.000056,0.000060,0.000000,0.000000,0.000000,0.000000,0.000000,-0.050657,0.000000,0.050715
0.000502,-0.010431,0.001009,0.000000,0.000056,0.000060,0.000000,0.000000,0.000000,0.000000,0.000000,-0.050641,0.000000,0.050715
0.000502,-0.010435,0.001000,0.000000,0.000055,0.000060,0.000000,0.000000,0.000000,0.000000,0.000000,-0.050620,0.000000,0.050715
0.000501,-0.010440,0.000990,0.000000,0.000055,0.000060,0.000000,0.000000,0.000000,0.000000,0.000000,-0.050605,0.000000,0.050712
0.000501,-0.010445,0.000979,0.000000,0.000055,0.000060,0.000000,0.000000,0.000000,0.000000,0.000000,-0.050597,0.000000,0.050708
0.000501,-0.010450,0.000970,0.000000,0.000055,0.000059,0.000000,0.000000,0.000000,0.000000,0.000000,-0.050583,0.000000,0.050704
0.000500,-0.010454,0.000961,0.000000,0.000055,0.000059,0.000000,0.000000,0.000000,0.000000,0.000000,-0.050562,0.000000,0.050702
0.000500,-0.010459,0.000952,0.000000,0.000056,0.000059,0.000000,0.000000,0.000000,0.000000,0.000000,-0.050554,0.000000,0.050698
0.000500,-0.010464,0.000941,0.000000,0.000056,0.000057,0.000000,0.000000,0.000000,0.000000,0.000000,-0.050548,0.000000,0.050691
0.000499,-0.010469,0.000932,0.000000,0.000057,0.000056,0.000000,0.000000,0.000000,0.000000,0.000000,-0.050530,0.000000,0.050683
0.000499,-0.010473,0.000924,0.000000,0.000058,0.000054,0.000000,0.000000,0.000000,0.000000,0.000000,-0.050535,0.000000,0.050664
0.000499,-0.010478,0.000915,0.000000,0.000059,0.000052,0.000000,0.000000,0.000000,0.000000,0.000000,-0.050558,0.000000,0.050628
0.000498,-0.010484,0.000906,0.000000,0.000061,0.000050,0.000000,0.000000,0.000000,0.000000,0.000000,-0.050576,0.000000,0.050594
0.000498,-0.010489,0.000898,0.000000,0.000061,0.000049,0.000000,0.000000,0.000000,0.000000,0.000000,-0.050582,0.000000,0.050560
0.000498,-0.010494,0.000891,0.000000,0.000062,0.000048,0.000000,0.000000,0.000000,0.000000,0.000000,-0.050592,0.000000,0.050523
0.000498,-0.010499,0.000884,0.000000,0.000062,0.000047,0.000000,0.000000,0.000000,0.000000,0.000000,-0.050606,0.000000,0.050489
0.000497,-0.010505,0.000875,0.000000,0.000062,0.000047,0.000000,0.000000,0.000000,0.000000,0.000000,-0.050604,0.000000,0.050464
0.000497,-0.010510,0.000867,0.000000,0.000061,0.000048,0.000000,0.000000,0.000000,0.000000,0.000000,-0.050588,0.000000,0.050453
0.000497,-0.010515,0.000860,0.000000,0.000060,0.000049,0.000000,0.000000,0.000000,0.000000,0.000000,-0.050567,0.000000,0.050448
0.000496,-0.010520,0.000852,0.000000,0.000059,0.000050,0.000000,0.000000,0.000000,0.000000,0.000000,-0.050545,0.000000,0.050451
0.000496,-0.010526,0.000842,0.000000,0.000058,0.000050,0.000000,0.000000,0.000000,0.000000,0.000000,-0.050518,0.000000,0.050462
0.000496,-0.010530,0.000834,0.000000,0.000058,0.000052,0.000000,0.000000,0.000000,0.000000,0.000000,-0.050489,0.000000,0.050475
0.000495,-0.010535,0.000826,0.000000,0.000057,0.000052,0.000000,0.000000,0.000000,0.000000,0.000000,-0.050462,0.000000,0.050488
0.000495,-0.010540,0.000818,0.000000,0.000056,0.000052,0.000000,0.000000,0.000000,0.000000,0.000000,-0.050444,0.000000,0.050493
0.000495,-0.010545,0.000808,0.000000,0.000056,0.000053,0.000000,0.000000,0.000000,0.000000,0.000000,-0.050430,0.000000,0.050497
0.000495,-0.010550,0.000800,0.000000,0.000056,0.000053,0.000000,0.000000,0.000000,0.000000,0.000000,-0.050414,0.000000,0.050502
0.000494,-0.010554,0.000792,0.000000,0.000055,0.000053,0.000000,0.000000,0.000000,0.000000,0.000000,-0.050391,0.000000,0.050506
0.000494,-0.010559,0.000783,0.000000,0.000055,0.000053,0.000000,0.000000,0.000000,0.000000,0.000000,-0.050373,0.000000,0.050507
0.000494,-0.010563,0.000775,0.000000,0.000055,0.000053,0.000000,0.000000,0.000000,0.000000,0.000000,-0.050366,0.000000,0.050505
0.000493,-0.010568,0.000765,0.000000,0.000055,0.000053,0.000000,0.000000,0.000000,0.000000,0.000000,-0.050352,0.000000,0.050503
0.000493,-0.010573,0.000757,0.000000,0.000055,0.000053,0.000000,0.000000,0.000000,0.000000,0.000000,-0.050336,0.000000,0.050503
0.000493,-0.010577,0.000749,0.000000,0.000055,0.000053,0.000000,0.000000,0.000000,0.000000,0.000000,-0.050320,0.000000,0.050500
0.000492,-0.010582,0.000740,0.000000,0.000054,0.000053,0.000000,0.000000,0.000000,0.000000,0.000000,-0.050310,0.000000,0.050496
0.000492,-0.010587,0.000730,0.000000,0.000054,0.000052,0.000000,0.000000,0.000000,0.000000,0.000000,-0.050301,0.000000,0.050490
0.000492,-0.010591,0.000722,0.000000,0.000054,0.000052,0.000000,0.000000,0.000000,0.000000,0.000000,-0.050289,0.000000,0.050486
0.000491,-0.010596,0.000714,0.000000,0.000054,0.000052,0.000000,0.000000,0.000000,0.000000,0.000000,-0.050273,0.000000,0.050481
0.000491,-0.010600,0.000706,0.000000,0.000054,0.000052,0.000000,0.000000,0.000000,0.000000,0.000000,-0.050265,0.000000,0.050475
0.000491,-0.010605,0.000696,0.000000,0.000054,0.000051,0.000000,0.000000,0.000000,0.000000,0.000000,-0.050259,0.000000,0.050468
0.000491,-0.010610,0.000688,0.000000,0.000054,0.000051,0.000000,0.000000,0.000000,0.000000,0.000000,-0.050247,0.000000,0.050462
0.000490,-0.010614,0.000681,0.000000,0.000054,0.000051,0.000000,0.000000,0.000000,0.000000,0.000000,-0.050233,0.000000,0.050456
0.000490,-0.010619,0.000672,0.000000,0.000054,0.000051,0.000000,0.000000,0.000000,0.000000,0.000000,-0.050226,0.000000,0.050448
0.000490,-0.010624,0.000663,0.000000,0.000054,0.000050,0.000000,0.000000,0.000000,0.000000,0.000000,-0.050220,0.000000,0.050439
0.000489,-0.010628,0.000655,0.000000,0.000054,0.000050,0.000000,0.000000,0.000000,0.000000,0.000000,-0.050209,0.000000,0.050432
0.000489,-0.010633,0.000647,0.000000,0.000055,0.000050,0.000000,0.000000,0.000000,0.000000,0.000000,-0.050197,0.000000,0.050425
0.000489,-0.010637,0.000640,0.000000,0.000054,0.000049,0.000000,0.000000,0.000000,0.000000,0.000000,-0.050192,0.000000,0.050416
0.000488,-0.010643,0.000631,0.000000,0.000054,0.000049,0.000000,0.000000,0.000000,0.000000,0.000000,-0.050183,0.000000,0.050406
0.000488,-0.010647,0.000623,0.000000,0.000054,0.000049,0.000000,0.000000,0.000000,0.000000,0.000000,-0.050175,0.000000,0.050399
0.000488,-0.010651,0.000615,0.000000,0.000055,0.000048,0.000000,0.000000,0.000000,0.000000,0.000000,-0.050165,0.000000,0.050390
0.000488,-0.010656,0.000608,0.000000,0.000055,0.000048,0.000000,0.000000,0.000000,0.000000,0.000000,-0.050159,0.000000,0.050381
0.000487,-0.010661,0.000599,0.000000,0.000055,0.000048,0.000000,0.000000,0.000000,0.000000,0.000000,-0.050152,0.000000,0.050371
0.000487,-0.010666,0.000592,0.000000,0.000055,0.000047,0.000000,0.000000,0.000000,0.000000,0.000000,-0.050145,0.000000,0.050363
0.000487,-0.010670,0.000584,0.000000,0.000055,0.000047,0.000000,0.000000,0.000000,0.000000,0.000000,-0.050133,0.000000,0.050352
0.000487,-0.010674,0.000577,0.000000,0.000055,0.000047,0.000000,0.000000,0.000000,0.000000,0.000000,-0.050129,0.000000,0.050342
0.000486,-0.010680,0.000568,0.000000,0.000055,0.000047,0.000000,0.000000,0.000000,0.000000,0.000000,-0.050124,0.000000,0.050332
0.000486,-0.010684,0.000561,0.000000,0.000055,0.000046,0.000000,0.000000,0.000000,0.000000,0.000000,-0.050117,0.000000,0.050323
0.000486,-0.010689,0.000554,0.000000,0.000055,0.000046,0.000000,0.000000,0.000000,0.000000,0.000000,-0.050107,0.000000,0.050312
0.000485,-0.010693,0.000546,0.000000,0.000055,0.000045,0.000000,0.000000,0.000000,0.000000,0.000000,-0.050101,0.000000,0.050301
0.000485,-0.010699,0.000538,0.000000,0.000055,0.000045,0.000000,0.000000,0.000000,0.000000,0.000000,-0.050098,0.000000,0.050291
0.000485,-0.010703,0.000531,0.000000,0.000055,0.000045,0.000000,0.000000,0.000000,0.000000,0.000000,-0.050091,0.000000,0.050281
0.000485,-0.010708,0.000524,0.000000,0.000055,0.000045,0.000000,0.000000,0.000000,0.000000,0.000000,-0.050081,0.000000,0.050269
0.000484,-0.010712,0.000517,0.000000,0.000055,0.000044,0.000000,0.000000,0.000000,0.000000,0.000000,-0.050077,0.000000,0.050259
0.000484,-0.010717,0.000509,0.000000,0.000055,0.000044,0.000000,0.000000,0.000000,0.000000,0.000000,-0.050073,0.000000,0.050247
0.000484,-0.010722,0.000502,0.000000,0.000055,0.000044,0.000000,0.000000,0.000000,0.000000,0.000000,-0.050067,0.000000,0.050237
0.000484,-0.010726,0.000495,0.000000,0.000055,0.000043,0.000000,0.000000,0.000000,0.000000,0.000000,-0.050060,0.000000,0.050226
0.000483,-0.010731,0.000488,0.000000,0.000055,0.000043,0.000000,0.000000,0.000000,0.000000,0.000000,-0.050055,0.000000,0.050213
0.000483,-0.010736,0.000480,0.000000,0.000055,0.000043,0.000000,0.000000,0.000000,0.000000,0.000000,-0.050052,0.000000,0.050203
0.000483,-0.010740,0.000474,0.000000,0.000055,0.000042,0.000000,0.000000,0.000000,0.000000,0.000000,-0.050044,0.000000,0.050190
0.000483,-0.010745,0.000467,0.000000,0.000055,0.000042,0.000000,0.000000,0.000000,0.000000,0.000000,-0.050038,0.000000,0.050179
0.000482,-0.010749,0.000461,0.000000,0.000055,0.000042,0.000000,0.000000,0.000000,0.000000,0.000000,-0.050036,0.000000,0.050168
0.000482,-0.010755,0.000453,0.000000,0.000055,0.000042,0.000000,0.000000,0.000000,0.000000,0.000000,-0.050030,0.000000,0.050154
0.000482,-0.010759,0.000446,0.000000,0.000055,0.000041,0.000000,0.000000,0.000000,0.000000,0.000000,-0.050026,0.000000,0.050145
0.000482,-0.010764,0.000440,0.000000,0.000055,0.000041,0.000000,0.000000,0.000000,0.000000,0.000000,-0.050020,0.000000,0.050131
0.000481,-0.010768,0.000433,0.000000,0.000055,0.000041,0.000000,0.000000,0.000000,0.000000,0.000000,-0.050016,0.000000,0.050118
0.000481,-0.010774,0.000426,0.000000,0.000055,0.000041,0.000000,0.000000,0.000000,0.000000,0.000000,-0.050013,0.000000,0.050107
0.000481,-0.010778,0.000420,0.000000,0.000055,0.000040,0.000000,0.000000,0.000000,0.000000,0.000000,-0.050008,0.000000,0.050096
0.000481,-0.010783,0.000413,0.000000,0.000055,0.000040,0.000000,0.000000,0.000000,0.000000,0.000000,-0.050003,0.000000,0.050081
0.000480,-0.010787,0.000407,0.000000,0.000055,0.000040,0.000000,0.000000,0.000000,0.000000,0.000000,-0.050000,0.000000,0.050069
0.000480,-0.010792,0.000400,0.000000,0.000055,0.000039,0.000000,0.000000,0.000000,0.000000,0.000000,-0.049996,0.000000,0.050056
0.000480,-0.010797,0.000393,0.000000,0.000055,0.000039,0.000000,0.000000,0.000000,0.000000,0.000000,-0.049992,0.000000,0.050045
0.000480,-0.010801,0.000388,0.000000,0.000055,0.000039,0.000000,0.000000,0.000000,0.000000,0.000000,-0.049989,0.000000,0.050031
0.000479,-0.010806,0.000381,0.000000,0.000055,0.000039,0.000000,0.000000,0.000000,0.000000,0.000000,-0.049985,0.000000,0.050017
0.000479,-0.010811,0.000374,0.000000,0.000055,0.000038,0.000000,0.000000,0.000000,0.000000,0.000000,-0.049982,0.000000,0.050005
0.000479,-0.010816,0.000368,0.000000,0.000055,0.000038,0.000000,0.000000,0.000000,0.000000,0.000000,-0.049979,0.000000,0.049993
0.000479,-0.010820,0.000362,0.000000,0.000055,0.000038,0.000000,0.000000,0.000000,0.000000,0.000000,-0.049975,0.000000,0.049978
0.000479,-0.010825,0.000357,0.000000,0.000055,0.000038,0.000000,0.000000,0.000000,0.000000,0.000000,-0.049973,0.000000,0.049964
0.000478,-0.010830,0.000349,0.000000,0.000055,0.000037,0.000000,0.000000,0.000000,0.000000,0.000000,-0.049969,0.000000,0.049952
0.000478,-0.010835,0.000343,0.000000,0.000055,0.000037,0.000000,0.000000,0.000000,0.000000,0.000000,-0.049966,0.000000,0.049940
0.000478,-0.010839,0.000338,0.000000,0.000055,0.000037,0.000000,0.000000,0.000000,0.000000,0.000000,-0.049963,0.000000,0.049924
0.000478,-0.010844,0.000332,0.000000,0.000055,0.000037,0.000000,0.000000,0.000000,0.000000,0.000000,-0.049962,0.000000,0.049910
0.000477,-0.010849,0.000325,0.000000,0.000055,0.000036,0.000000,0.000000,0.000000,0.000000,0.000000,-0.049959,0.000000,0.049899
0.000477,-0.010853,0.000320,0.000000,0.000055,0.000036,0.000000,0.000000,0.000000,0.000000,0.000000,-0.049955,0.000000,0.049884
0.000477,-0.010858,0.000314,0.000000,0.000055,0.000036,0.000000,0.000000,0.000000,0.000000,0.000000,-0.049953,0.000000,0.049868
0.000477,-0.010862,0.000309,0.000000,0.000055,0.000036,0.000000,0.000000,0.000000,0.000000,0.000000,-0.049952,0.000000,0.049856
0.000477,-0.010867,0.000302,0.000000,0.000055,0.000035,0.000000,0.000000,0.000000,0.000000,0.000000,-0.049948,0.000000,0.049841
0.000476,-0.010872,0.000296,0.000000,0.000055,0.000035,0.000000,0.000000,0.000000,0.000000,0.000000,-0.049947,0.000000,0.049829
0.000476,-0.010876,0.000291,0.000000,0.000055,0.000035,0.000000,0.000000,0.000000,0.000000,0.000000,-0.049945,0.000000,0.049813
0.000476,-0.010881,0.000285,0.000000,0.000055,0.000035,0.000000,0.000000,0.000000,0.000000,0.000000,-0.049944,0.000000,0.049799
0.000476,-0.010885,0.000280,0.000000,0.000055,0.000035,0.000000,0.000000,0.000000,0.000000,0.000000,-0.049941,0.000000,0.049785
0.000475,-0.010891,0.000274,0.000000,0.000055,0.000034,0.000000,0.000000,0.000000,0.000000,0.000000,-0.049939,0.000000,0.049771
0.000475,-0.010895,0.000268,0.000000,0.000055,0.000034,0.000000,0.000000,0.000000,0.000000,0.000000,-0.049938,0.000000,0.049758
0.000475,-0.010900,0.000263,0.000000,0.000055,0.000034,0.000000,0.000000,0.000000,0.000000,0.000000,-0.049937,0.000000,0.049741
0.000475,-0.010904,0.000258,0.000000,0.000055,0.000034,0.000000,0.000000,0.000000,0.000000,0.000000,-0.049936,0.000000,0.049727
0.000475,-0.010910,0.000251,0.000000,0.000055,0.000033,0.000000,0.000000,0.000000,0.000000,0.000000,-0.049933,0.000000,0.049714
0.000474,-0.010914,0.000246,0.000000,0.000055,0.000033,0.000000,0.000000,0.000000,0.000000,0.000000,-0.049932,0.000000,0.049699
0.000474,-0.010919,0.000241,0.000000,0.000055,0.000033,0.000000,0.000000,0.000000,0.000000,0.000000,-0.049932,0.000000,0.049682
0.000474,-0.010923,0.000236,0.000000,0.000055,0.000033,0.000000,0.000000,0.000000,0.000000,0.000000,-0.049931,0.000000,0.049669
0.000474,-0.010928,0.000230,0.000000,0.000055,0.000032,0.000000,0.000000,0.000000,0.000000,0.000000,-0.049928,0.000000,0.049653
0.000474,-0.010933,0.000225,0.000000,0.000055,0.000032,0.000000,0.000000,0.000000,0.000000,0.000000,-0.049928,0.000000,0.049641
0.000473,-0.010937,0.000220,0.000000,0.000055,0.000032,0.000000,0.000000,0.000000,0.000000,0.000000,-0.049927,0.000000,0.049624
0.000473,-0.010941,0.000215,0.000000,0.000055,0.000032,0.000000,0.000000,0.000000,0.000000,0.000000,-0.049927,0.000000,0.049606
0.000473,-0.010947,0.000209,0.000000,0.000055,0.000032,0.000000,0.000000,0.000000,0.000000,0.000000,-0.049925,0.000000,0.049594
0.000473,-0.010951,0.000204,0.000000,0.000054,0.000031,0.000000,0.000000,0.000000,0.000000,0.000000,-0.049923,0.000000,0.049582
0.000473,-0.010956,0.000199,0.000000,0.000055,0.000031,0.000000,0.000000,0.000000,0.000000,0.000000,-0.049925,0.000000,0.049561
0.000473,-0.010960,0.000194,0.000000,0.000054,0.000031,0.000000,0.000000,0.000000,0.000000,0.000000,-0.049926,0.000000,0.049548
0.000472,-0.010965,0.000188,0.000000,0.000055,0.000031,0.000000,0.000000,0.000000,0.000000,0.000000,-0.049923,0.000000,0.049532
0.000472,-0.010970,0.000183,0.000000,0.000054,0.000031,0.000000,0.000000,0.000000,0.000000,0.000000,-0.049922,0.000000,0.049520
0.000472,-0.010974,0.000179,0.000000,0.000055,0.000030,0.000000,0.000000,0.000000,0.000000,0.000000,-0.049923,0.000000,0.049500
0.000472,-0.010979,0.000174,0.000000,0.000054,0.000030,0.000000,0.000000,0.000000,0.000000,0.000000,-0.049925,0.000000,0.049485
0.000472,-0.010984,0.000168,0.000000,0.000054,0.000030,0.000000,0.000000,0.000000,0.000000,0.000000,-0.049922,0.000000,0.049471
0.000471,-0.010988,0.000164,0.000000,0.000054,0.000030,0.000000,0.000000,0.000000,0.000000,0.000000,-0.049921,0.000000,0.049456
0.000471,-0.010993,0.000159,0.000000,0.000054,0.000030,0.000000,0.000000,0.000000,0.000000,0.000000,-0.049924,0.000000,0.049438
0.000471,-0.010997,0.000154,0.000000,0.000053,0.000030,0.000000,0.000000,0.000000,0.000000,0.000000,-0.049924,0.000000,0.049424
0.000471,-0.011002,0.000149,0.000000,0.000053,0.000031,0.000000,0.000000,0.000000,0.000000,0.000000,-0.049917,0.000000,0.049412
0.000471,-0.011007,0.000143,0.000000,0.000052,0.000033,0.000000,0.000000,0.000000,0.000000,0.000000,-0.049901,0.000000,0.049416
0.000470,-0.011011,0.000138,0.000000,0.000050,0.000034,0.000000,0.000000,0.000000,0.000000,0.000000,-0.049875,0.000000,0.049418
0.000470,-0.011015,0.000131,0.000000,0.000049,0.000036,0.000000,0.000000,0.000000,0.000000,0.000000,-0.049846,0.000000,0.049431
0.000470,-0.011019,0.000125,0.000000,0.000047,0.000038,0.000000,0.000000,0.000000,0.000000,0.000000,-0.049817,0.000000,0.049454
0.000470,-0.011023,0.000119,0.000000,0.000046,0.000039,0.000000,0.000000,0.000000,0.000000,0.000000,-0.049778,0.000000,0.049478
0.000470,-0.011027,0.000113,0.000000,0.000045,0.000041,0.000000,0.000000,0.000000,0.000000,0.000000,-0.049739,0.000000,0.049510
0.000469,-0.011030,0.000106,0.000000,0.000044,0.000042,0.000000,0.000000,0.000000,0.000000,0.000000,-0.049717,0.000000,0.049529
0.000469,-0.011034,0.000098,0.000000,0.000043,0.000043,0.000000,0.000000,0.000000,0.000000,0.000000,-0.049700,0.000000,0.049542
0.000469,-0.011038,0.000091,0.000000,0.000042,0.000043,0.000000,0.000000,0.000000,0.000000,0.000000,-0.049677,0.000000,0.049559
0.000469,-0.011041,0.000085,0.000000,0.000042,0.000044,0.000000,0.000000,0.000000,0.000000,0.000000,-0.049647,0.000000,0.049576
0.000468,-0.011044,0.000078,0.000000,0.000041,0.000044,0.000000,0.000000,0.000000,0.000000,0.000000,-0.049627,0.000000,0.049588
0.000468,-0.011048,0.000069,0.000000,0.000041,0.000045,0.000000,0.000000,0.000000,0.000000,0.000000,-0.049618,0.000000,0.049593
0.000468,-0.011052,0.000062,0.000000,0.000041,0.000045,0.000000,0.000000,0.000000,0.000000,0.000000,-0.049600,0.000000,0.049600
0.000467,-0.011055,0.000055,0.000000,0.000040,0.000045,0.000000,0.000000,0.000000,0.000000,0.000000,-0.049576,0.000000,0.049610
0.000467,-0.011058,0.000048,0.000000,0.000040,0.000045,0.000000,0.000000,0.000000,0.000000,0.000000,-0.049561,0.000000,0.049614
0.000467,-0.011062,0.000040,0.000000,0.000040,0.000045,0.000000,0.000000,0.000000,0.000000,0.000000,-0.049553,0.000000,0.049615
0.000467,-0.011065,0.000032,0.000000,0.000040,0.000045,0.000000,0.000000,0.000000,0.000000,0.000000,-0.049541,0.000000,0.049617
0.000466,-0.011068,0.000026,0.000000,0.000040,0.000045,0.000000,0.000000,0.000000,0.000000,0.000000,-0.049520,0.000000,0.049622
0.000466,-0.011072,0.000018,0.000000,0.000039,0.000045,0.000000,0.000000,0.000000,0.000000,0.000000,-0.049507,0.000000,0.049623
0.000466,-0.011076,0.000010,0.000000,0.000039,0.000045,0.000000,0.000000,0.000000,0.000000,0.000000,-0.049501,0.000000,0.049621
0.000466,-0.011079,0.000003,0.000000,0.000039,0.000045,0.000000,0.000000,0.000000,0.000000,0.000000,-0.049490,0.000000,0.049621
0.000465,-0.011082,-0.000004,0.000000,0.000039,0.000045,0.000000,0.000000,0.000000,0.000000,0.000000,-0.049472,0.000000,0.049623
0.000465,-0.011085,-0.000011,0.000000,0.000039,0.000044,0.000000,0.000000,0.000000,0.000000,0.000000,-0.049461,0.000000,0.049621
0.000465,-0.011088,-0.000018,0.000000,0.000040,0.000044,0.000000,0.000000,0.000000,0.000000,0.000000,-0.049455,0.000000,0.049618
0.000464,-0.011092,-0.000026,0.000000,0.000039,0.000044,0.000000,0.000000,0.000000,0.000000,0.000000,-0.049447,0.000000,0.049616
0.000464,-0.011095,-0.000033,0.000000,0.000040,0.000043,0.000000,0.000000,0.000000,0.000000,0.000000,-0.049431,0.000000,0.049615
0.000464,-0.011099,-0.000040,0.000000,0.000040,0.000043,0.000000,0.000000,0.000000,0.000000,0.000000,-0.049418,0.000000,0.049613
0.000464,-0.011103,-0.000047,0.000000,0.000041,0.000041,0.000000,0.000000,0.000000,0.000000,0.000000,-0.049420,0.000000,0.049604
0.000463,-0.011106,-0.000053,0.000000,0.000042,0.000039,0.000000,0.000000,0.000000,0.000000,0.000000,-0.049429,0.000000,0.049585
0.000463,-0.011110,-0.000059,0.000000,0.000044,0.000038,0.000000,0.000000,0.000000,0.000000,0.000000,-0.049443,0.000000,0.049557
0.000463,-0.011113,-0.000065,0.000000,0.000045,0.000035,0.000000,0.000000,0.000000,0.000000,0.000000,-0.049466,0.000000,0.049525
0.000463,-0.011118,-0.000071,0.000000,0.000046,0.000033,0.000000,0.000000,0.000000,0.000000,0.000000,-0.049483,0.000000,0.049484
0.000463,-0.011122,-0.000076,0.000000,0.000047,0.000032,0.000000,0.000000,0.000000,0.000000,0.000000,-0.049505,0.000000,0.049447
0.000462,-0.011125,-0.000081,0.000000,0.000048,0.000031,0.000000,0.000000,0.000000,0.000000,0.000000,-0.049524,0.000000,0.049406
0.000462,-0.011129,-0.000085,0.000000,0.000048,0.000030,0.000000,0.000000,0.000000,0.000000,0.000000,-0.049538,0.000000,0.049370
0.000462,-0.011134,-0.000091,0.000000,0.000048,0.000030,0.000000,0.000000,0.000000,0.000000,0.000000,-0.049542,0.000000,0.049345
0.000462,-0.011138,-0.000096,0.000000,0.000047,0.000030,0.000000,0.000000,0.000000,0.000000,0.000000,-0.049534,0.000000,0.049331
0.000462,-0.011142,-0.000101,0.000000,0.000047,0.000031,0.000000,0.000000,0.000000,0.000000,0.000000,-0.049520,0.000000,0.049323
0.000462,-0.011145,-0.000106,0.000000,0.000045,0.000033,0.000000,0.000000,0.000000,0.000000,0.000000,-0.049502,0.000000,0.049327
0.000461,-0.011150,-0.000112,0.000000,0.000044,0.000034,0.000000,0.000000,0.000000,0.000000,0.000000,-0.049478,0.000000,0.049336
0.000461,-0.011153,-0.000118,0.000000,0.000043,0.000037,0.000000,0.000000,0.000000,0.000000,0.000000,-0.049451,0.000000,0.049352
0.000461,-0.011156,-0.000124,0.000000,0.000041,0.000038,0.000000,0.000000,0.000000,0.000000,0.000000,-0.049415,0.000000,0.049378
0.000461,-0.011160,-0.000130,0.000000,0.000040,0.000040,0.000000,0.000000,0.000000,0.000000,0.000000,-0.049369,0.000000,0.049408
0.000460,-0.011163,-0.000138,0.000000,0.000038,0.000041,0.000000,0.000000,0.000000,0.000000,0.000000,-0.049339,0.000000,0.049438
0.000460,-0.011166,-0.000144,0.000000,0.000038,0.000042,0.000000,0.000000,0.000000,0.000000,0.000000,-0.049317,0.000000,0.049459
0.000460,-0.011169,-0.000151,0.000000,0.000037,0.000042,0.000000,0.000000,0.000000,0.000000,0.000000,-0.049285,0.000000,0.049484
0.000460,-0.011172,-0.000157,0.000000,0.000037,0.000042,0.000000,0.000000,0.000000,0.000000,0.000000,-0.049261,0.000000,0.049501
0.000459,-0.011176,-0.000165,0.000000,0.000038,0.000041,0.000000,0.000000,0.000000,0.000000,0.000000,-0.049261,0.000000,0.049500
0.000459,-0.011179,-0.000171,0.000000,0.000039,0.000040,0.000000,0.000000,0.000000,0.000000,0.000000,-0.049270,0.000000,0.049489
0.000459,-0.011182,-0.000177,0.000000,0.000040,0.000038,0.000000,0.000000,0.000000,0.000000,0.000000,-0.049272,0.000000,0.049474
0.000459,-0.011186,-0.000183,0.000000,0.000041,0.000036,0.000000,0.000000,0.000000,0.000000,0.000000,-0.049282,0.000000,0.049449
0.000458,-0.011190,-0.000189,0.000000,0.000043,0.000034,0.000000,0.000000,0.000000,0.000000,0.000000,-0.049305,0.000000,0.049417
0.000458,-0.011194,-0.000194,0.000000,0.000044,0.000032,0.000000,0.000000,0.000000,0.000000,0.000000,-0.049329,0.000000,0.049379
0.000458,-0.011197,-0.000199,0.000000,0.000045,0.000030,0.000000,0.000000,0.000000,0.000000,0.000000,-0.049353,0.000000,0.049334
0.000458,-0.011201,-0.000203,0.000000,0.000046,0.000029,0.000000,0.000000,0.000000,0.000000,0.000000,-0.049369,0.000000,0.049298
0.000458,-0.011205,-0.000208,0.000000,0.000046,0.000028,0.000000,0.000000,0.000000,0.000000,0.000000,-0.049377,0.000000,0.049268
0.000458,-0.011209,-0.000213,0.000000,0.000047,0.000027,0.000000,0.000000,0.000000,0.000000,0.000000,-0.049386,0.000000,0.049238
0.000457,-0.011213,-0.000217,0.000000,0.000047,0.000026,0.000000,0.000000,0.000000,0.000000,0.000000,-0.049403,0.000000,0.049205
0.000457,-0.011217,-0.000221,0.000000,0.000048,0.000025,0.000000,0.000000,0.000000,0.000000,0.000000,-0.049416,0.000000,0.049174
0.000457,-0.011222,-0.000225,0.000000,0.000049,0.000024,0.000000,0.000000,0.000000,0.000000,0.000000,-0.049419,0.000000,0.049154
0.000457,-0.011226,-0.000229,0.000000,0.000048,0.000023,0.000000,0.000000,0.000000,0.000000,0.000000,-0.049424,0.000000,0.049129
0.000457,-0.011230,-0.000232,0.000000,0.000049,0.000023,0.000000,0.000000,0.000000,0.000000,0.000000,-0.049438,0.000000,0.049099
0.000457,-0.011234,-0.000236,0.000000,0.000049,0.000023,0.000000,0.000000,0.000000,0.000000,0.000000,-0.049446,0.000000,0.049081
0.000457,-0.011238,-0.000240,0.000000,0.000049,0.000023,0.000000,0.000000,0.000000,0.000000,0.000000,-0.049447,0.000000,0.049056
0.000456,-0.011242,-0.000244,0.000000,0.000048,0.000024,0.000000,0.000000,0.000000,0.000000,0.000000,-0.049448,0.000000,0.049043
0.000456,-0.011246,-0.000248,0.000000,0.000047,0.000024,0.000000,0.000000,0.000000,0.000000,0.000000,-0.049438,0.000000,0.049034
0.000456,-0.011250,-0.000252,0.000000,0.000047,0.000025,0.000000,0.000000,0.000000,0.000000,0.000000,-0.049417,0.000000,0.049038
0.000456,-0.011254,-0.000257,0.000000,0.000046,0.000026,0.000000,0.000000,0.000000,0.000000,0.000000,-0.049398,0.000000,0.049045
0.000456,-0.011258,-0.000261,0.000000,0.000045,0.000026,0.000000,0.000000,0.000000,0.000000,0.000000,-0.049392,0.000000,0.049043
0.000456,-0.011262,-0.000265,0.000000,0.000045,0.000027,0.000000,0.000000,0.000000,0.000000,0.000000,-0.049386,0.000000,0.049041
0.000455,-0.011265,-0.000269,0.000000,0.000045,0.000027,0.000000,0.000000,0.000000,0.000000,0.000000,-0.049374,0.000000,0.049042
0.000455,-0.011270,-0.000274,0.000000,0.000044,0.000027,0.000000,0.000000,0.000000,0.000000,0.000000,-0.049365,0.000000,0.049042
0.000455,-0.011273,-0.000279,0.000000,0.000044,0.000028,0.000000,0.000000,0.000000,0.000000,0.000000,-0.049361,0.000000,0.049035
0.000455,-0.011277,-0.000283,0.000000,0.000043,0.000028,0.000000,0.000000,0.000000,0.000000,0.000000,-0.049357,0.000000,0.049029
0.000455,-0.011280,-0.000287,0.000000,0.000044,0.000028,0.000000,0.000000,0.000000,0.000000,0.000000,-0.049348,0.000000,0.049025
0.000455,-0.011284,-0.000292,0.000000,0.000043,0.000028,0.000000,0.000000,0.000000,0.000000,0.000000,-0.049343,0.000000,0.049021
0.000454,-0.011288,-0.000297,0.000000,0.000043,0.000028,0.000000,0.000000,0.000000,0.000000,0.000000,-0.049340,0.000000,0.049011
0.000454,-0.011292,-0.000301,0.000000,0.000043,0.000028,0.000000,0.000000,0.000000,0.000000,0.000000,-0.049337,0.000000,0.049006
0.000454,-0.011295,-0.000306,0.000000,0.000043,0.000028,0.000000,0.000000,0.000000,0.000000,0.000000,-0.049331,0.000000,0.048997
0.000454,-0.011298,-0.000310,0.000000,0.000043,0.000028,0.000000,0.000000,0.000000,0.000000,0.000000,-0.049327,0.000000,0.048990
0.000454,-0.011303,-0.000315,0.000000,0.000043,0.000028,0.000000,0.000000,0.000000,0.000000,0.000000,-0.049325,0.000000,0.048981
0.000454,-0.011306,-0.000319,0.000000,0.000043,0.000028,0.000000,0.000000,0.000000,0.000000,0.000000,-0.049322,0.000000,0.048973
0.000453,-0.011310,-0.000324,0.000000,0.000043,0.000028,0.000000,0.000000,0.000000,0.000000,0.000000,-0.049318,0.000000,0.048962
0.000453,-0.011313,-0.000328,0.000000,0.000042,0.000027,0.000000,0.000000,0.000000,0.000000,0.000000,-0.049316,0.000000,0.048954
0.000453,-0.011317,-0.000333,0.000000,0.000042,0.000027,0.000000,0.000000,0.000000,0.000000,0.000000,-0.049313,0.000000,0.048944
0.000453,-0.011321,-0.000338,0.000000,0.000042,0.000027,0.000000,0.000000,0.000000,0.000000,0.000000,-0.049312,0.000000,0.048935
0.000453,-0.011324,-0.000342,0.000000,0.000042,0.000027,0.000000,0.000000,0.000000,0.000000,0.000000,-0.049309,0.000000,0.048923
0.000453,-0.011327,-0.000346,0.000000,0.000042,0.000027,0.000000,0.000000,0.000000,0.000000,0.000000,-0.049307,0.000000,0.048913
0.000452,-0.011331,-0.000351,0.000000,0.000042,0.000027,0.000000,0.000000,0.000000,0.000000,0.000000,-0.049305,0.000000,0.048904
0.000452,-0.011335,-0.000355,0.000000,0.000042,0.000027,0.000000,0.000000,0.000000,0.000000,0.000000,-0.049303,0.000000,0.048894
0.000452,-0.011338,-0.000359,0.000000,0.000042,0.000026,0.000000,0.000000,0.000000,0.000000,0.000000,-0.049301,0.000000,0.048881
0.000452,-0.011342,-0.000363,0.000000,0.000042,0.000026,0.000000,0.000000,0.000000,0.000000,0.000000,-0.049300,0.000000,0.048872
0.000452,-0.011346,-0.000368,0.000000,0.000042,0.000026,0.000000,0.000000,0.000000,0.000000,0.000000,-0.049298,0.000000,0.048862
0.000452,-0.011349,-0.000372,0.000000,0.000042,0.000026,0.000000,0.000000,0.000000,0.000000,0.000000,-0.049296,0.000000,0.048851
0.000451,-0.011353,-0.000376,0.000000,0.000042,0.000026,0.000000,0.000000,0.000000,0.000000,0.000000,-0.049296,0.000000,0.048839
0.000451,-0.011356,-0.000380,0.000000,0.000042,0.000026,0.000000,0.000000,0.000000,0.000000,0.000000,-0.049295,0.000000,0.048828
0.000451,-0.011360,-0.000385,0.000000,0.000042,0.000026,0.000000,0.000000,0.000000,0.000000,0.000000,-0.049293,0.000000,0.048819
0.000451,-0.011363,-0.000389,0.000000,0.000042,0.000025,0.000000,0.000000,0.000000,0.000000,0.000000,-0.049292,0.000000,0.048808
0.000451,-0.011367,-0.000393,0.000000,0.000042,0.000025,0.000000,0.000000,0.000000,0.000000,0.000000,-0.049292,0.000000,0.048793
0.000451,-0.011370,-0.000397,0.000000,0.000042,0.000025,0.000000,0.000000,0.000000,0.000000,0.000000,-0.049291,0.000000,0.048784
0.000451,-0.011374,-0.000401,0.000000,0.000042,0.000025,0.000000,0.000000,0.000000,0.000000,0.000000,-0.049289,0.000000,0.048774
0.000450,-0.011378,-0.000405,0.000000,0.000042,0.000025,0.000000,0.000000,0.000000,0.000000,0.000000,-0.049288,0.000000,0.048762
0.000450,-0.011381,-0.000409,0.000000,0.000042,0.000024,0.000000,0.000000,0.000000,0.000000,0.000000,-0.049289,0.000000,0.048749
0.000450,-0.011385,-0.000413,0.000000,0.000042,0.000024,0.000000,0.000000,0.000000,0.000000,0.000000,-0.049288,0.000000,0.048737
0.000450,-0.011389,-0.000418,0.000000,0.000042,0.000024,0.000000,0.000000,0.000000,0.000000,0.000000,-0.049286,0.000000,0.048728
0.000450,-0.011392,-0.000421,0.000000,0.000042,0.000024,0.000000,0.000000,0.000000,0.000000,0.000000,-0.049285,0.000000,0.048716
0.000450,-0.011395,-0.000425,0.000000,0.000042,0.000024,0.000000,0.000000,0.000000,0.000000,0.000000,-0.049287,0.000000,0.048702
0.000450,-0.011399,-0.000429,0.000000,0.000042,0.000024,0.000000,0.000000,0.000000,0.000000,0.000000,-0.049286,0.000000,0.048692
0.000449,-0.011403,-0.000433,0.000000,0.000042,0.000023,0.000000,0.000000,0.000000,0.000000,0.000000,-0.049284,0.000000,0.048680
0.000449,-0.011406,-0.000437,0.000000,0.000042,0.000023,0.000000,0.000000,0.000000,0.000000,0.000000,-0.049284,0.000000,0.048670
0.000449,-0.011410,-0.000440,0.000000,0.000042,0.000023,0.000000,0.000000,0.000000,0.000000,0.000000,-0.049285,0.000000,0.048657
0.000449,-0.011413,-0.000444,0.000000,0.000041,0.000023,0.000000,0.000000,0.000000,0.000000,0.000000,-0.049285,0.000000,0.048644
0.000449,-0.011417,-0.000448,0.000000,0.000042,0.000023,0.000000,0.000000,0.000000,0.000000,0.000000,-0.049284,0.000000,0.048633
0.000449,-0.011420,-0.000452,0.000000,0.000042,0.000023,0.000000,0.000000,0.000000,0.000000,0.000000,-0.049283,0.000000,0.048623
0.000449,-0.011424,-0.000456,0.000000,0.000041,0.000023,0.000000,0.000000,0.000000,0.000000,0.000000,-0.049285,0.000000,0.048608
0.000448,-0.011427,-0.000459,0.000000,0.000042,0.000023,0.000000,0.000000,0.000000,0.000000,0.000000,-0.049286,0.000000,0.048596
0.000448,-0.011431,-0.000463,0.000000,0.000041,0.000022,0.000000,0.000000,0.000000,0.000000,0.000000,-0.049284,0.000000,0.048586
0.000448,-0.011435,-0.000467,0.000000,0.000041,0.000022,0.000000,0.000000,0.000000,0.000000,0.000000,-0.049284,0.000000,0.048574
0.000448,-0.011438,-0.000470,0.000000,0.000041,0.000022,0.000000,0.000000,0.000000,0.000000,0.000000,-0.049286,0.000000,0.048561
0.000448,-0.011441,-0.000474,0.000000,0.000041,0.000022,0.000000,0.000000,0.000000,0.000000,0.000000,-0.049286,0.000000,0.048548
0.000448,-0.011445,-0.000478,0.000000,0.000041,0.000022,0.000000,0.000000,0.000000,0.000000,0.000000,-0.049285,0.000000,0.048538
0.000448,-0.011449,-0.000481,0.000000,0.000041,0.000022,0.000000,0.000000,0.000000,0.000000,0.000000,-0.049285,0.000000,0.048525
0.000447,-0.011452,-0.000484,0.000000,0.000041,0.000021,0.000000,0.000000,0.000000,0.000000,0.000000,-0.049288,0.000000,0.048511
0.000447,-0.011455,-0.000488,0.000000,0.000041,0.000021,0.000000,0.000000,0.000000,0.000000,0.000000,-0.049288,0.000000,0.048500
0.000447,-0.011459,-0.000492,0.000000,0.000041,0.000021,0.000000,0.000000,0.000000,0.000000,0.000000,-0.049287,0.000000,0.048488
0.000447,-0.011463,-0.000495,0.000000,0.000041,0.000021,0.000000,0.000000,0.000000,0.000000,0.000000,-0.049287,0.000000,0.048477
0.000447,-0.011466,-0.000498,0.000000,0.000041,0.000021,0.000000,0.000000,0.000000,0.000000,0.000000,-0.049290,0.000000,0.048462
0.000447,-0.011469,-0.000502,0.000000,0.000041,0.000021,0.000000,0.000000,0.000000,0.000000,0.000000,-0.049291,0.000000,0.048452
0.000447,-0.011473,-0.000505,0.000000,0.000041,0.000021,0.000000,0.000000,0.000000,0.000000,0.000000,-0.049290,0.000000,0.048437
0.000446,-0.011477,-0.000509,0.000000,0.000041,0.000021,0.000000,0.000000,0.000000,0.000000,0.000000,-0.049291,0.000000,0.048427
0.000446,-0.011480,-0.000512,0.000000,0.000041,0.000020,0.000000,0.000000,0.000000,0.000000,0.000000,-0.049292,0.000000,0.048412
0.000446,-0.011483,-0.000515,0.000000,0.000041,0.000020,0.000000,0.000000,0.000000,0.000000,0.000000,-0.049293,0.000000,0.048400
0.000446,-0.011487,-0.000519,0.000000,0.000041,0.000020,0.000000,0.000000,0.000000,0.000000,0.000000,-0.049293,0.000000,0.048389
0.000446,-0.011491,-0.000522,0.000000,0.000041,0.000020,0.000000,0.000000,0.000000,0.000000,0.000000,-0.049294,0.000000,0.048378
0.000446,-0.011494,-0.000525,0.000000,0.000041,0.000020,0.000000,0.000000,0.000000,0.000000,0.000000,-0.049296,0.000000,0.048363
0.000446,-0.011497,-0.000528,0.000000,0.000041,0.000020,0.000000,0.000000,0.000000,0.000000,0.000000,-0.049298,0.000000,0.048349
0.000446,-0.011501,-0.000532,0.000000,0.000041,0.000020,0.000000,0.000000,0.000000,0.000000,0.000000,-0.049297,0.000000,0.048338
0.000445,-0.011504,-0.000535,0.000000,0.000041,0.000020,0.000000,0.000000,0.000000,0.000000,0.000000,-0.049297,0.000000,0.048327
0.000445,-0.011508,-0.000538,0.000000,0.000040,0.000020,0.000000,0.000000,0.000000,0.000000,0.000000,-0.049301,0.000000,0.048312
0.000445,-0.011511,-0.000541,0.000000,0.000039,0.000021,0.000000,0.000000,0.000000,0.000000,0.000000,-0.049298,0.000000,0.048303
0.000445,-0.011515,-0.000545,0.000000,0.000038,0.000022,0.000000,0.000000,0.000000,0.000000,0.000000,-0.049280,0.000000,0.048306
0.000445,-0.011518,-0.000549,0.000000,0.000037,0.000024,0.000000,0.000000,0.000000,0.000000,0.000000,-0.049256,0.000000,0.048317
0.000445,-0.011520,-0.000553,0.000000,0.000035,0.000026,0.000000,0.000000,0.000000,0.000000,0.000000,-0.049231,0.000000,0.048333
0.000445,-0.011523,-0.000558,0.000000,0.000034,0.000028,0.000000,0.000000,0.000000,0.000000,0.000000,-0.049199,0.000000,0.048356
0.000444,-0.011526,-0.000563,0.000000,0.000032,0.000030,0.000000,0.000000,0.000000,0.000000,0.000000,-0.049166,0.000000,0.048384
0.000444,-0.011529,-0.000568,0.000000,0.000031,0.000031,0.000000,0.000000,0.000000,0.000000,0.000000,-0.049135,0.000000,0.048412
0.000444,-0.011531,-0.000573,0.000000,0.000030,0.000032,0.000000,0.000000,0.000000,0.000000,0.000000,-0.049104,0.000000,0.048439
0.000444,-0.011534,-0.000578,0.000000,0.000029,0.000033,0.000000,0.000000,0.000000,0.000000,0.000000,-0.049082,0.000000,0.048461
0.000444,-0.011537,-0.000585,0.000000,0.000029,0.000034,0.000000,0.000000,0.000000,0.000000,0.000000,-0.049064,0.000000,0.048477
0.000443,-0.011539,-0.000590,0.000000,0.000028,0.000034,0.000000,0.000000,0.000000,0.000000,0.000000,-0.049046,0.000000,0.048492
0.000443,-0.011541,-0.000595,0.000000,0.000028,0.000035,0.000000,0.000000,0.000000,0.000000,0.000000,-0.049021,0.000000,0.048508
0.000443,-0.011543,-0.000601,0.000000,0.000027,0.000035,0.000000,0.000000,0.000000,0.000000,0.000000,-0.049002,0.000000,0.048522
0.000443,-0.011546,-0.000608,0.000000,0.000027,0.000035,0.000000,0.000000,0.000000,0.000000,0.000000,-0.048992,0.000000,0.048530
0.000443,-0.011548,-0.000613,0.000000,0.000027,0.000036,0.000000,0.000000,0.000000,0.000000,0.000000,-0.048978,0.000000,0.048538
0.000442,-0.011550,-0.000619,0.000000,0.000026,0.000036,0.000000,0.000000,0.000000,0.000000,0.000000,-0.048959,0.000000,0.048549
0.000442,-0.011552,-0.000625,0.000000,0.000026,0.000036,0.000000,0.000000,0.000000,0.000000,0.000000,-0.048943,0.000000,0.048556
0.000442,-0.011555,-0.000630,0.000000,0.000026,0.000036,0.000000,0.000000,0.000000,0.000000,0.000000,-0.048935,0.000000,0.048560
0.000442,-0.011557,-0.000637,0.000000,0.000026,0.000036,0.000000,0.000000,0.000000,0.000000,0.000000,-0.048924,0.000000,0.048564
0.000441,-0.011559,-0.000643,0.000000,0.000026,0.000036,0.000000,0.000000,0.000000,0.000000,0.000000,-0.048909,0.000000,0.048569
0.000441,-0.011561,-0.000648,0.000000,0.000026,0.000036,0.000000,0.000000,0.000000,0.000000,0.000000,-0.048895,0.000000,0.048574
0.000441,-0.011563,-0.000654,0.000000,0.000026,0.000036,0.000000,0.000000,0.000000,0.000000,0.000000,-0.048886,0.000000,0.048576
0.000441,-0.011566,-0.000660,0.000000,0.000026,0.000036,0.000000,0.000000,0.000000,0.000000,0.000000,-0.048876,0.000000,0.048578
0.000441,-0.011568,-0.000666,0.000000,0.000026,0.000036,0.000000,0.000000,0.000000,0.000000,0.000000,-0.048868,0.000000,0.048580
0.000440,-0.011570,-0.000672,0.000000,0.000026,0.000035,0.000000,0.000000,0.000000,0.000000,0.000000,-0.048854,0.000000,0.048583
0.000440,-0.011572,-0.000677,0.000000,0.000026,0.000035,0.000000,0.000000,0.000000,0.000000,0.000000,-0.048841,0.000000,0.048586
0.000440,-0.011575,-0.000684,0.000000,0.000026,0.000035,0.000000,0.000000,0.000000,0.000000,0.000000,-0.048837,0.000000,0.048585
0.000440,-0.011577,-0.000689,0.000000,0.000026,0.000035,0.000000,0.000000,0.000000,0.000000,0.000000,-0.048829,0.000000,0.048585
0.000440,-0.011579,-0.000695,0.000000,0.000026,0.000035,0.000000,0.000000,0.000000,0.000000,0.000000,-0.048814,0.000000,0.048588
0.000439,-0.011581,-0.000700,0.000000,0.000026,0.000034,0.000000,0.000000,0.000000,0.000000,0.000000,-0.048805,0.000000,0.048588
0.000439,-0.011584,-0.000706,0.000000,0.000026,0.000034,0.000000,0.000000,0.000000,0.000000,0.000000,-0.048800,0.000000,0.048586
0.000439,-0.011586,-0.000712,0.000000,0.000026,0.000034,0.000000,0.000000,0.000000,0.000000,0.000000,-0.048794,0.000000,0.048586
0.000439,-0.011588,-0.000717,0.000000,0.000026,0.000034,0.000000,0.000000,0.000000,0.000000,0.000000,-0.048779,0.000000,0.048588
0.000438,-0.011590,-0.000722,0.000000,0.000026,0.000034,0.000000,0.000000,0.000000,0.000000,0.000000,-0.048771,0.000000,0.048587
0.000438,-0.011593,-0.000729,0.000000,0.000026,0.000033,0.000000,0.000000,0.000000,0.000000,0.000000,-0.048766,0.000000,0.048585
0.000438,-0.011595,-0.000734,0.000000,0.000026,0.000033,0.000000,0.000000,0.000000,0.000000,0.000000,-0.048759,0.000000,0.048584
0.000438,-0.011597,-0.000739,0.000000,0.000027,0.000033,0.000000,0.000000,0.000000,0.000000,0.000000,-0.048747,0.000000,0.048584
0.000438,-0.011599,-0.000744,0.000000,0.000026,0.000033,0.000000,0.000000,0.000000,0.000000,0.000000,-0.048744,0.000000,0.048583
0.000437,-0.011602,-0.000750,0.000000,0.000026,0.000032,0.000000,0.000000,0.000000,0.000000,0.000000,-0.048731,0.000000,0.048581
0.000437,-0.011604,-0.000755,0.000000,0.000027,0.000032,0.000000,0.000000,0.000000,0.000000,0.000000,-0.048726,0.000000,0.048580
0.000437,-0.011606,-0.000760,0.000000,0.000027,0.000032,0.000000,0.000000,0.000000,0.000000,0.000000,-0.048720,0.000000,0.048578
0.000437,-0.011608,-0.000765,0.000000,0.000027,0.000032,0.000000,0.000000,0.000000,0.000000,0.000000,-0.048710,0.000000,0.048576
0.000437,-0.011611,-0.000771,0.000000,0.000027,0.000032,0.000000,0.000000,0.000000,0.000000,0.000000,-0.048703,0.000000,0.048575
0.000436,-0.011613,-0.000776,0.000000,0.000027,0.000031,0.000000,0.000000,0.000000,0.000000,0.000000,-0.048700,0.000000,0.048572
0.000436,-0.011615,-0.000781,0.000000,0.000027,0.000031,0.000000,0.000000,0.000000,0.000000,0.000000,-0.048689,0.000000,0.048571
0.000436,-0.011617,-0.000786,0.000000,0.000027,0.000031,0.000000,0.000000,0.000000,0.000000,0.000000,-0.048683,0.000000,0.048569
0.000436,-0.011620,-0.000791,0.000000,0.000027,0.000031,0.000000,0.000000,0.000000,0.000000,0.000000,-0.048677,0.000000,0.048566
0.000436,-0.011622,-0.000796,0.000000,0.000027,0.000030,0.000000,0.000000,0.000000,0.000000,0.000000,-0.048672,0.000000,0.048564
0.000436,-0.011624,-0.000801,0.000000,0.000027,0.000030,0.000000,0.000000,0.000000,0.000000,0.000000,-0.048663,0.000000,0.048562
0.000435,-0.011627,-0.000806,0.000000,0.000027,0.000030,0.000000,0.000000,0.000000,0.000000,0.000000,-0.048657,0.000000,0.048559
0.000435,-0.011629,-0.000811,0.000000,0.000027,0.000030,0.000000,0.000000,0.000000,0.000000,0.000000,-0.048652,0.000000,0.048556
0.000435,-0.011631,-0.000816,0.000000,0.000027,0.000030,0.000000,0.000000,0.000000,0.000000,0.000000,-0.048646,0.000000,0.048553
0.000435,-0.011634,-0.000821,0.000000,0.000027,0.000029,0.000000,0.000000,0.000000,0.000000,0.000000,-0.048639,0.000000,0.048551
0.000435,-0.011636,-0.000825,0.000000,0.000027,0.000029,0.000000,0.000000,0.000000,0.000000,0.000000,-0.048632,0.000000,0.048548
0.000434,-0.011639,-0.000830,0.000000,0.000027,0.000029,0.000000,0.000000,0.000000,0.000000,0.000000,-0.048628,0.000000,0.048544
0.000434,-0.011641,-0.000835,0.000000,0.000027,0.000029,0.000000,0.000000,0.000000,0.000000,0.000000,-0.048622,0.000000,0.048541
0.000434,-0.011643,-0.000839,0.000000,0.000027,0.000029,0.000000,0.000000,0.000000,0.000000,0.000000,-0.048615,0.000000,0.048538
0.000434,-0.011645,-0.000844,0.000000,0.000028,0.000028,0.000000,0.000000,0.000000,0.000000,0.000000,-0.048609,0.000000,0.048535
0.000434,-0.011648,-0.000849,0.000000,0.000028,0.000028,0.000000,0.000000,0.000000,0.000000,0.000000,-0.048606,0.000000,0.048531
0.000434,-0.011650,-0.000854,0.000000,0.000028,0.000028,0.000000,0.000000,0.000000,0.000000,0.000000,-0.048600,0.000000,0.048527
0.000433,-0.011653,-0.000858,0.000000,0.000028,0.000028,0.000000,0.000000,0.000000,0.000000,0.000000,-0.048593,0.000000,0.048524
0.000433,-0.011655,-0.000862,0.000000,0.000028,0.000028,0.000000,0.000000,0.000000,0.000000,0.000000,-0.048588,0.000000,0.048520
0.000433,-0.011657,-0.000867,0.000000,0.000028,0.000027,0.000000,0.000000,0.000000,0.000000,0.000000,-0.048585,0.000000,0.048516
0.000433,-0.011660,-0.000872,0.000000,0.000028,0.000027,0.000000,0.000000,0.000000,0.000000,0.000000,-0.048580,0.000000,0.048513
0.000433,-0.011662,-0.000876,0.000000,0.000028,0.000027,0.000000,0.000000,0.000000,0.000000,0.000000,-0.048573,0.000000,0.048509
0.000433,-0.011664,-0.000880,0.000000,0.000028,0.000027,0.000000,0.000000,0.000000,0.000000,0.000000,-0.048567,0.000000,0.048505
0.000432,-0.011667,-0.000885,0.000000,0.000028,0.000027,0.000000,0.000000,0.000000,0.000000,0.000000,-0.048565,0.000000,0.048500
0.000432,-0.011669,-0.000889,0.000000,0.000028,0.000027,0.000000,0.000000,0.000000,0.000000,0.000000,-0.048560,0.000000,0.048496
0.000432,-0.011671,-0.000894,0.000000,0.000028,0.000026,0.000000,0.000000,0.000000,0.000000,0.000000,-0.048554,0.000000,0.048492
0.000432,-0.011674,-0.000897,0.000000,0.000028,0.000026,0.000000,0.000000,0.000000,0.000000,0.000000,-0.048550,0.000000,0.048488
0.000432,-0.011676,-0.000902,0.000000,0.000028,0.000026,0.000000,0.000000,0.000000,0.000000,0.000000,-0.048547,0.000000,0.048483
0.000432,-0.011679,-0.000907,0.000000,0.000028,0.000026,0.000000,0.000000,0.000000,0.000000,0.000000,-0.048543,0.000000,0.048479
0.000431,-0.011681,-0.000910,0.000000,0.000028,0.000026,0.000000,0.000000,0.000000,0.000000,0.000000,-0.048536,0.000000,0.048474
0.000431,-0.011683,-0.000915,0.000000,0.000028,0.000025,0.000000,0.000000,0.000000,0.000000,0.000000,-0.048532,0.000000,0.048470
0.000431,-0.011685,-0.000918,0.000000,0.000028,0.000025,0.000000,0.000000,0.000000,0.000000,0.000000,-0.048530,0.000000,0.048464
0.000431,-0.011688,-0.000923,0.000000,0.000028,0.000025,0.000000,0.000000,0.000000,0.000000,0.000000,-0.048525,0.000000,0.048460
0.000431,-0.011691,-0.000927,0.000000,0.000028,0.000025,0.000000,0.000000,0.000000,0.000000,0.000000,-0.048522,0.000000,0.048456
0.000431,-0.011693,-0.000931,0.000000,0.000028,0.000025,0.000000,0.000000,0.000000,0.000000,0.000000,-0.048516,0.000000,0.048450
0.000431,-0.011695,-0.000935,0.000000,0.000028,0.000024,0.000000,0.000000,0.000000,0.000000,0.000000,-0.048513,0.000000,0.048445
0.000430,-0.011698,-0.000939,0.000000,0.000028,0.000024,0.000000,0.000000,0.000000,0.000000,0.000000,-0.048511,0.000000,0.048440
0.000430,-0.011700,-0.000943,0.000000,0.000028,0.000024,0.000000,0.000000,0.000000,0.000000,0.000000,-0.048507,0.000000,0.048436
0.000430,-0.011702,-0.000947,0.000000,0.000028,0.000024,0.000000,0.000000,0.000000,0.000000,0.000000,-0.048501,0.000000,0.048430
0.000430,-0.011705,-0.000950,0.000000,0.000028,0.000024,0.000000,0.000000,0.000000,0.000000,0.000000,-0.048499,0.000000,0.048425
0.000430,-0.011707,-0.000955,0.000000,0.000028,0.000024,0.000000,0.000000,0.000000,0.000000,0.000000,-0.048496,0.000000,0.048419
0.000430,-0.011710,-0.000959,0.000000,0.000028,0.000024,0.000000,0.000000,0.000000,0.000000,0.000000,-0.048493,0.000000,0.048414
0.000429,-0.011712,-0.000962,0.000000,0.000028,0.000023,0.000000,0.000000,0.000000,0.000000,0.000000,-0.048488,0.000000,0.048409
0.000429,-0.011714,-0.000966,0.000000,0.000028,0.000023,0.000000,0.000000,0.000000,0.000000,0.000000,-0.048486,0.000000,0.048403
0.000429,-0.011717,-0.000970,0.000000,0.000028,0.000023,0.000000,0.000000,0.000000,0.000000,0.000000,-0.048483,0.000000,0.048397
0.000429,-0.011719,-0.000974,0.000000,0.000028,0.000023,0.000000,0.000000,0.000000,0.000000,0.000000,-0.048480,0.000000,0.048392
0.000429,-0.011722,-0.000978,0.000000,0.000028,0.000023,0.000000,0.000000,0.000000,0.000000,0.000000,-0.048476,0.000000,0.048386
0.000429,-0.011724,-0.000981,0.000000,0.000028,0.000023,0.000000,0.000000,0.000000,0.000000,0.000000,-0.048474,0.000000,0.048381
0.000429,-0.011727,-0.000985,0.000000,0.000028,0.000022,0.000000,0.000000,0.000000,0.000000,0.000000,-0.048471,0.000000,0.048374
0.000428,-0.011729,-0.000989,0.000000,0.000028,0.000022,0.000000,0.000000,0.000000,0.000000,0.000000,-0.048468,0.000000,0.048369
0.000428,-0.011731,-0.000992,0.000000,0.000028,0.000022,0.000000,0.000000,0.000000,0.000000,0.000000,-0.048465,0.000000,0.048363
0.000428,-0.011734,-0.000995,0.000000,0.000028,0.000022,0.000000,0.000000,0.000000,0.000000,0.000000,-0.048462,0.000000,0.048356
0.000428,-0.011736,-0.000999,0.000000,0.000029,0.000022,0.000000,0.000000,0.000000,0.000000,0.000000,-0.048460,0.000000,0.048351
0.000428,-0.011739,-0.001003,0.000000,0.000029,0.000022,0.000000,0.000000,0.000000,0.000000,0.000000,-0.048459,0.000000,0.048347
0.000428,-0.011741,-0.001007,0.000000,0.000028,0.000022,0.000000,0.000000,0.000000,0.000000,0.000000,-0.048454,0.000000,0.048338
0.000428,-0.011743,-0.001010,0.000000,0.000028,0.000022,0.000000,0.000000,0.000000,0.000000,0.000000,-0.048451,0.000000,0.048331
0.000428,-0.011746,-0.001014,0.000000,0.000028,0.000022,0.000000,0.000000,0.000000,0.000000,0.000000,-0.048450,0.000000,0.048326
0.000427,-0.011748,-0.001018,0.000000,0.000027,0.000023,0.000000,0.000000,0.000000,0.000000,0.000000,-0.048444,0.000000,0.048324
0.000427,-0.011750,-0.001021,0.000000,0.000026,0.000024,0.000000,0.000000,0.000000,0.000000,0.000000,-0.048423,0.000000,0.048333
0.000427,-0.011752,-0.001025,0.000000,0.000025,0.000026,0.000000,0.000000,0.000000,0.000000,0.000000,-0.048392,0.000000,0.048352
0.000427,-0.011755,-0.001031,0.000000,0.000024,0.000027,0.000000,0.000000,0.000000,0.000000,0.000000,-0.048366,0.000000,0.048373
0.000427,-0.011757,-0.001035,0.000000,0.000023,0.000028,0.000000,0.000000,0.000000,0.000000,0.000000,-0.048341,0.000000,0.048394
0.000427,-0.011758,-0.001039,0.000000,0.000022,0.000029,0.000000,0.000000,0.000000,0.000000,0.000000,-0.048314,0.000000,0.048418
0.000426,-0.011760,-0.001044,0.000000,0.000022,0.000029,0.000000,0.000000,0.000000,0.000000,0.000000,-0.048294,0.000000,0.048437
0.000426,-0.011762,-0.001049,0.000000,0.000023,0.000028,0.000000,0.000000,0.000000,0.000000,0.000000,-0.048285,0.000000,0.048446
0.000426,-0.011764,-0.001053,0.000000,0.000023,0.000027,0.000000,0.000000,0.000000,0.000000,0.000000,-0.048287,0.000000,0.048445
0.000426,-0.011766,-0.001057,0.000000,0.000024,0.000026,0.000000,0.000000,0.000000,0.000000,0.000000,-0.048291,0.000000,0.048436
0.000426,-0.011768,-0.001061,0.000000,0.000025,0.000024,0.000000,0.000000,0.000000,0.000000,0.000000,-0.048304,0.000000,0.048417
0.000426,-0.011771,-0.001065,0.000000,0.000027,0.000022,0.000000,0.000000,0.000000,0.000000,0.000000,-0.048323,0.000000,0.048392
0.000425,-0.011773,-0.001068,0.000000,0.000028,0.000020,0.000000,0.000000,0.000000,0.000000,0.000000,-0.048343,0.000000,0.048362
0.000425,-0.011776,-0.001071,0.000000,0.000029,0.000018,0.000000,0.000000,0.000000,0.000000,0.000000,-0.048373,0.000000,0.048320
0.000425,-0.011778,-0.001074,0.000000,0.000030,0.000017,0.000000,0.000000,0.000000,0.000000,0.000000,-0.048404,0.000000,0.048277
0.000425,-0.011781,-0.001077,0.000000,0.000030,0.000017,0.000000,0.000000,0.000000,0.000000,0.000000,-0.048412,0.000000,0.048248
0.000425,-0.011783,-0.001080,0.000000,0.000030,0.000017,0.000000,0.000000,0.000000,0.000000,0.000000,-0.048405,0.000000,0.048235
0.000425,-0.011786,-0.001083,0.000000,0.000029,0.000018,0.000000,0.000000,0.000000,0.000000,0.000000,-0.048398,0.000000,0.048226
0.000425,-0.011788,-0.001086,0.000000,0.000028,0.000019,0.000000,0.000000,0.000000,0.000000,0.000000,-0.048389,0.000000,0.048223
0.000425,-0.011790,-0.001089,0.000000,0.000027,0.000020,0.000000,0.000000,0.000000,0.000000,0.000000,-0.048370,0.000000,0.048234
0.000424,-0.011793,-0.001093,0.000000,0.000026,0.000022,0.000000,0.000000,0.000000,0.000000,0.000000,-0.048343,0.000000,0.048250
0.000424,-0.011795,-0.001097,0.000000,0.000024,0.000024,0.000000,0.000000,0.000000,0.000000,0.000000,-0.048317,0.000000,0.048272
0.000424,-0.011797,-0.001101,0.000000,0.000023,0.000026,0.000000,0.000000,0.000000,0.000000,0.000000,-0.048282,0.000000,0.048301
0.000424,-0.011799,-0.001106,0.000000,0.000022,0.000027,0.000000,0.000000,0.000000,0.000000,0.000000,-0.048242,0.000000,0.048336
0.000424,-0.011801,-0.001110,0.000000,0.000022,0.000027,0.000000,0.000000,0.000000,0.000000,0.000000,-0.048222,0.000000,0.048360
0.000424,-0.011802,-0.001114,0.000000,0.000022,0.000027,0.000000,0.000000,0.000000,0.000000,0.000000,-0.048209,0.000000,0.048376
0.000424,-0.011804,-0.001119,0.000000,0.000022,0.000026,0.000000,0.000000,0.000000,0.000000,0.000000,-0.048201,0.000000,0.048383
0.000423,-0.011806,-0.001122,0.000000,0.000023,0.000025,0.000000,0.000000,0.000000,0.000000,0.000000,-0.048206,0.000000,0.048378
0.000423,-0.011808,-0.001127,0.000000,0.000024,0.000024,0.000000,0.000000,0.000000,0.000000,0.000000,-0.048218,0.000000,0.048365
0.000423,-0.011810,-0.001130,0.000000,0.000025,0.000022,0.000000,0.000000,0.000000,0.000000,0.000000,-0.048230,0.000000,0.048346
0.000423,-0.011812,-0.001133,0.000000,0.000026,0.000020,0.000000,0.000000,0.000000,0.000000,0.000000,-0.048248,0.000000,0.048317
0.000423,-0.011815,-0.001136,0.000000,0.000028,0.000018,0.000000,0.000000,0.000000,0.000000,0.000000,-0.048278,0.000000,0.048278
0.000423,-0.011817,-0.001140,0.000000,0.000029,0.000017,0.000000,0.000000,0.000000,0.000000,0.000000,-0.048303,0.000000,0.048242
0.000423,-0.011820,-0.001142,0.000000,0.000030,0.000015,0.000000,0.000000,0.000000,0.000000,0.000000,-0.048313,0.000000,0.048214
0.000423,-0.011822,-0.001144,0.000000,0.000030,0.000014,0.000000,0.000000,0.000000,0.000000,0.000000,-0.048328,0.000000,0.048182
0.000422,-0.011825,-0.001146,0.000000,0.000031,0.000014,0.000000,0.000000,0.000000,0.000000,0.000000,-0.048347,0.000000,0.048152
0.000422,-0.011828,-0.001149,0.000000,0.000031,0.000013,0.000000,0.000000,0.000000,0.000000,0.000000,-0.048357,0.000000,0.048127
0.000422,-0.011830,-0.001151,0.000000,0.000030,0.000014,0.000000,0.000000,0.000000,0.000000,0.000000,-0.048359,0.000000,0.048111
0.000422,-0.011833,-0.001153,0.000000,0.000030,0.000015,0.000000,0.000000,0.000000,0.000000,0.000000,-0.048354,0.000000,0.048101
0.000422,-0.011835,-0.001156,0.000000,0.000029,0.000016,0.000000,0.000000,0.000000,0.000000,0.000000,-0.048340,0.000000,0.048102
0.000422,-0.011838,-0.001159,0.000000,0.000028,0.000017,0.000000,0.000000,0.000000,0.000000,0.000000,-0.048320,0.000000,0.048112
0.000422,-0.011840,-0.001162,0.000000,0.000026,0.000019,0.000000,0.000000,0.000000,0.000000,0.000000,-0.048298,0.000000,0.048126
0.000422,-0.011842,-0.001165,0.000000,0.000026,0.000019,0.000000,0.000000,0.000000,0.000000,0.000000,-0.048273,0.000000,0.048146
0.000422,-0.011844,-0.001168,0.000000,0.000025,0.000020,0.000000,0.000000,0.000000,0.000000,0.000000,-0.048254,0.000000,0.048163
0.000421,-0.011846,-0.001172,0.000000,0.000024,0.000021,0.000000,0.000000,0.000000,0.000000,0.000000,-0.048245,0.000000,0.048172
0.000421,-0.011848,-0.001175,0.000000,0.000024,0.000022,0.000000,0.000000,0.000000,0.000000,0.000000,-0.048235,0.000000,0.048181
0.000421,-0.011850,-0.001179,0.000000,0.000023,0.000022,0.000000,0.000000,0.000000,0.000000,0.000000,-0.048217,0.000000,0.048192
0.000421,-0.011852,-0.001182,0.000000,0.000023,0.000022,0.000000,0.000000,0.000000,0.000000,0.000000,-0.048203,0.000000,0.048201
0.000421,-0.011854,-0.001187,0.000000,0.000023,0.000023,0.000000,0.000000,0.000000,0.000000,0.000000,-0.048198,0.000000,0.048205
0.000421,-0.011856,-0.001190,0.000000,0.000023,0.000023,0.000000,0.000000,0.000000,0.000000,0.000000,-0.048190,0.000000,0.048209
0.000421,-0.011858,-0.001194,0.000000,0.000022,0.000023,0.000000,0.000000,0.000000,0.000000,0.000000,-0.048176,0.000000,0.048215
0.000421,-0.011860,-0.001197,0.000000,0.000022,0.000023,0.000000,0.000000,0.000000,0.000000,0.000000,-0.048166,0.000000,0.048219
0.000420,-0.011862,-0.001202,0.000000,0.000022,0.000023,0.000000,0.000000,0.000000,0.000000,0.000000,-0.048162,0.000000,0.048219
0.000420,-0.011864,-0.001205,0.000000,0.000022,0.000023,0.000000,0.000000,0.000000,0.000000,0.000000,-0.048158,0.000000,0.048221
0.000420,-0.011865,-0.001209,0.000000,0.000022,0.000023,0.000000,0.000000,0.000000,0.000000,0.000000,-0.048144,0.000000,0.048223
0.000420,-0.011867,-0.001213,0.000000,0.000022,0.000023,0.000000,0.000000,0.000000,0.000000,0.000000,-0.048137,0.000000,0.048225
0.000420,-0.011869,-0.001217,0.000000,0.000022,0.000023,0.000000,0.000000,0.000000,0.000000,0.000000,-0.048135,0.000000,0.048223
0.000420,-0.011871,-0.001220,0.000000,0.000022,0.000023,0.000000,0.000000,0.000000,0.000000,0.000000,-0.048130,0.000000,0.048222
0.000419,-0.011873,-0.001224,0.000000,0.000022,0.000023,0.000000,0.000000,0.000000,0.000000,0.000000,-0.048119,0.000000,0.048223
