x,y,psi,u,v,r,n1x,n1y,n2x,n2y,n3x,n3y,n4x,n4y
0.007335,-0.010130,-0.000064,0.000000,-0.000007,-0.000014,0.000000,0.000000,0.000000,0.000000,0.000000,-0.061293,0.000000,0.061460
0.007335,-0.010129,-0.000062,0.000000,-0.000007,-0.000014,0.000000,0.000000,0.000000,0.000000,0.000000,-0.061298,0.000000,0.061458
0.007335,-0.010129,-0.000060,0.000000,-0.000007,-0.000014,0.000000,0.000000,0.000000,0.000000,0.000000,-0.061304,0.000000,0.061456
0.007335,-0.010128,-0.000058,0.000000,-0.000007,-0.000014,0.000000,0.000000,0.000000,0.000000,0.000000,-0.061307,0.000000,0.061456
0.007335,-0.010127,-0.000055,0.000000,-0.000007,-0.000014,0.000000,0.000000,0.000000,0.000000,0.000000,-0.061309,0.000000,0.061456
0.007336,-0.010127,-0.000053,0.000000,-0.000007,-0.000013,0.000000,0.000000,0.000000,0.000000,0.000000,-0.061313,0.000000,0.061455
0.007336,-0.010126,-0.000051,0.000000,-0.000007,-0.000013,0.000000,0.000000,0.000000,0.000000,0.000000,-0.061319,0.000000,0.061453
0.007336,-0.010125,-0.000049,0.000000,-0.000008,-0.000013,0.000000,0.000000,0.000000,0.000000,0.000000,-0.061322,0.000000,0.061453
0.007336,-0.010124,-0.000047,0.000000,-0.000008,-0.000013,0.000000,0.000000,0.000000,0.000000,0.000000,-0.061324,0.000000,0.061453
0.007336,-0.010124,-0.000045,0.000000,-0.000008,-0.000013,0.000000,0.000000,0.000000,0.000000,0.000000,-0.061328,0.000000,0.061452
0.007336,-0.010123,-0.000043,0.000000,-0.000008,-0.000013,0.000000,0.000000,0.000000,0.000000,0.000000,-0.061334,0.000000,0.061450
0.007336,-0.010122,-0.000041,0.000000,-0.000008,-0.000013,0.000000,0.000000,0.000000,0.000000,0.000000,-0.061336,0.000000,0.061450
0.007336,-0.010122,-0.000038,0.000000,-0.000008,-0.000013,0.000000,0.000000,0.000000,0.000000,0.000000,-0.061338,0.000000,0.061450
0.007336,-0.010121,-0.000036,0.000000,-0.000008,-0.000013,0.000000,0.000000,0.000000,0.000000,0.000000,-0.061342,0.000000,0.061450
0.007336,-0.010120,-0.000034,0.000000,-0.000008,-0.000013,0.000000,0.000000,0.000000,0.000000,0.000000,-0.061346,0.000000,0.061449
0.007336,-0.010120,-0.000032,0.000000,-0.000008,-0.000013,0.000000,0.000000,0.000000,0.000000,0.000000,-0.061351,0.000000,0.061448
0.007336,-0.010119,-0.000030,0.000000,-0.000008,-0.000012,0.000000,0.000000,0.000000,0.000000,0.000000,-0.061353,0.000000,0.061449
0.007336,-0.010118,-0.000028,0.000000,-0.000008,-0.000012,0.000000,0.000000,0.000000,0.000000,0.000000,-0.061355,0.000000,0.061449
0.007336,-0.010117,-0.000026,0.000000,-0.000008,-0.000012,0.000000,0.000000,0.000000,0.000000,0.000000,-0.061358,0.000000,0.061448
0.007336,-0.010117,-0.000024,0.000000,-0.000008,-0.000012,0.000000,0.000000,0.000000,0.000000,0.000000,-0.061363,0.000000,0.061448
0.007337,-0.010116,-0.000022,0.000000,-0.000008,-0.000012,0.000000,0.000000,0.000000,0.000000,0.000000,-0.061366,0.000000,0.061448
0.007337,-0.010115,-0.000020,0.000000,-0.000008,-0.000012,0.000000,0.000000,0.000000,0.000000,0.000000,-0.061367,0.000000,0.061448
0.007337,-0.010115,-0.000018,0.000000,-0.000008,-0.000012,0.000000,0.000000,0.000000,0.000000,0.000000,-0.061371,0.000000,0.061448
0.007337,-0.010114,-0.000016,0.000000,-0.000008,-0.000012,0.000000,0.000000,0.000000,0.000000,0.000000,-0.061375,0.000000,0.061447
0.007337,-0.010113,-0.000014,0.000000,-0.000008,-0.000012,0.000000,0.000000,0.000000,0.000000,0.000000,-0.061377,0.000000,0.061448
0.007337,-0.010112,-0.000012,0.000000,-0.000008,-0.000012,0.000000,0.000000,0.000000,0.000000,0.000000,-0.061379,0.000000,0.061448
0.007337,-0.010112,-0.000010,0.000000,-0.000008,-0.000012,0.000000,0.000000,0.000000,0.000000,0.000000,-0.061382,0.000000,0.061448
0.007337,-0.010111,-0.000009,0.000000,-0.000008,-0.000012,0.000000,0.000000,0.000000,0.000000,0.000000,-0.061387,0.000000,0.061448
0.007337,-0.010110,-0.000007,0.000000,-0.000008,-0.000011,0.000000,0.000000,0.000000,0.000000,0.000000,-0.061389,0.000000,0.061448
0.007337,-0.010110,-0.000005,0.000000,-0.000008,-0.000011,0.000000,0.000000,0.000000,0.000000,0.000000,-0.061390,0.000000,0.061449
0.007337,-0.010109,-0.000003,0.000000,-0.000008,-0.000011,0.000000,0.000000,0.000000,0.000000,0.000000,-0.061393,0.000000,0.061449
0.007337,-0.010108,-0.000001,0.000000,-0.000008,-0.000011,0.000000,0.000000,0.000000,0.000000,0.000000,-0.061396,0.000000,0.061449
0.007337,-0.010107,0.000000,0.000000,-0.000008,-0.000011,0.000000,0.000000,0.000000,0.000000,0.000000,-0.061399,0.000000,0.061450
0.007337,-0.010107,0.000002,0.000000,-0.000008,-0.000011,0.000000,0.000000,0.000000,0.000000,0.000000,-0.061401,0.000000,0.061450
0.007337,-0.010106,0.000004,0.000000,-0.000008,-0.000011,0.000000,0.000000,0.000000,0.000000,0.000000,-0.061403,0.000000,0.061451
0.007337,-0.010105,0.000006,0.000000,-0.000008,-0.000011,0.000000,0.000000,0.000000,0.000000,0.000000,-0.061406,0.000000,0.061451
0.007337,-0.010104,0.000008,0.000000,-0.000008,-0.000011,0.000000,0.000000,0.000000,0.000000,0.000000,-0.061410,0.000000,0.061451
0.007338,-0.010104,0.000009,0.000000,-0.000008,-0.000011,0.000000,0.000000,0.000000,0.000000,0.000000,-0.061411,0.000000,0.061452
0.007338,-0.010103,0.000011,0.000000,-0.000008,-0.000011,0.000000,0.000000,0.000000,0.000000,0.000000,-0.061413,0.000000,0.061453
0.007338,-0.010102,0.000013,0.000000,-0.000008,-0.000011,0.000000,0.000000,0.000000,0.000000,0.000000,-0.061415,0.000000,0.061454
0.007338,-0.010101,0.000015,0.000000,-0.000008,-0.000010,0.000000,0.000000,0.000000,0.000000,0.000000,-0.061419,0.000000,0.061454
0.007338,-0.010100,0.000016,0.000000,-0.000008,-0.000010,0.000000,0.000000,0.000000,0.000000,0.000000,-0.061421,0.000000,0.061455
0.007338,-0.010100,0.000018,0.000000,-0.000008,-0.000010,0.000000,0.000000,0.000000,0.000000,0.000000,-0.061422,0.000000,0.061456
0.007338,-0.010099,0.000020,0.000000,-0.000009,-0.000010,0.000000,0.000000,0.000000,0.000000,0.000000,-0.061424,0.000000,0.061456
0.007338,-0.010098,0.000021,0.000000,-0.000009,-0.000010,0.000000,0.000000,0.000000,0.000000,0.000000,-0.061428,0.000000,0.061457
0.007338,-0.010097,0.000023,0.000000,-0.000009,-0.000010,0.000000,0.000000,0.000000,0.000000,0.000000,-0.061429,0.000000,0.061458
0.007338,-0.010097,0.000025,0.000000,-0.000009,-0.000010,0.000000,0.000000,0.000000,0.000000,0.000000,-0.061431,0.000000,0.061459
0.007338,-0.010096,0.000026,0.000000,-0.000009,-0.000010,0.000000,0.000000,0.000000,0.000000,0.000000,-0.061433,0.000000,0.061460
0.007338,-0.010095,0.000028,0.000000,-0.000009,-0.000010,0.000000,0.000000,0.000000,0.000000,0.000000,-0.061435,0.000000,0.061460
0.007338,-0.010094,0.000030,0.000000,-0.000009,-0.000010,0.000000,0.000000,0.000000,0.000000,0.000000,-0.061438,0.000000,0.061461
0.007338,-0.010094,0.000031,0.000000,-0.000009,-0.000010,0.000000,0.000000,0.000000,0.000000,0.000000,-0.061439,0.000000,0.061462
0.007338,-0.010093,0.000033,0.000000,-0.000009,-0.000010,0.000000,0.000000,0.000000,0.000000,0.000000,-0.061441,0.000000,0.061464
0.007338,-0.010092,0.000034,0.000000,-0.000009,-0.000010,0.000000,0.000000,0.000000,0.000000,0.000000,-0.061443,0.000000,0.061464
0.007338,-0.010091,0.000036,0.000000,-0.000009,-0.000010,0.000000,0.000000,0.000000,0.000000,0.000000,-0.061445,0.000000,0.061465
0.007338,-0.010091,0.000037,0.000000,-0.000009,-0.000009,0.000000,0.000000,0.000000,0.000000,0.000000,-0.061447,0.000000,0.061467
0.007338,-0.010090,0.000039,0.000000,-0.000009,-0.000009,0.000000,0.000000,0.000000,0.000000,0.000000,-0.061448,0.000000,0.061468
0.007339,-0.010089,0.000041,0.000000,-0.000009,-0.000009,0.000000,0.000000,0.000000,0.000000,0.000000,-0.061450,0.000000,0.061469
0.007339,-0.010088,0.000042,0.000000,-0.000009,-0.000009,0.000000,0.000000,0.000000,0.000000,0.000000,-0.061453,0.000000,0.061470
0.007339,-0.010087,0.000043,0.000000,-0.000009,-0.000009,0.000000,0.000000,0.000000,0.000000,0.000000,-0.061454,0.000000,0.061471
0.007339,-0.010087,0.000045,0.000000,-0.000009,-0.000009,0.000000,0.000000,0.000000,0.000000,0.000000,-0.061455,0.000000,0.061473
0.007339,-0.010086,0.000047,0.000000,-0.000009,-0.000009,0.000000,0.000000,0.000000,0.000000,0.000000,-0.061457,0.000000,0.061474
0.007339,-0.010085,0.000048,0.000000,-0.000009,-0.000009,0.000000,0.000000,0.000000,0.000000,0.000000,-0.061459,0.000000,0.061475
0.007339,-0.010084,0.000049,0.000000,-0.000009,-0.000009,0.000000,0.000000,0.000000,0.000000,0.000000,-0.061461,0.000000,0.061476
0.007339,-0.010084,0.000051,0.000000,-0.000009,-0.000009,0.000000,0.000000,0.000000,0.000000,0.000000,-0.061462,0.000000,0.061478
0.007339,-0.010083,0.000052,0.000000,-0.000009,-0.000009,0.000000,0.000000,0.000000,0.000000,0.000000,-0.061463,0.000000,0.061479
0.007339,-0.010082,0.000054,0.000000,-0.000009,-0.000009,0.000000,0.000000,0.000000,0.000000,0.000000,-0.061465,0.000000,0.061480
0.007339,-0.010081,0.000055,0.000000,-0.000009,-0.000009,0.000000,0.000000,0.000000,0.000000,0.000000,-0.061467,0.000000,0.061482
0.007339,-0.010080,0.000057,0.000000,-0.000009,-0.000009,0.000000,0.000000,0.000000,0.000000,0.000000,-0.061468,0.000000,0.061483
0.007339,-0.010079,0.000058,0.000000,-0.000009,-0.000009,0.000000,0.000000,0.000000,0.000000,0.000000,-0.061469,0.000000,0.061485
0.007339,-0.010079,0.000059,0.000000,-0.000009,-0.000009,0.000000,0.000000,0.000000,0.000000,0.000000,-0.061471,0.000000,0.061486
0.007339,-0.010078,0.000061,0.000000,-0.000009,-0.000008,0.000000,0.000000,0.000000,0.000000,0.000000,-0.061473,0.000000,0.061488
0.007339,-0.010077,0.000062,0.000000,-0.000009,-0.000008,0.000000,0.000000,0.000000,0.000000,0.000000,-0.061474,0.000000,0.061489
0.007339,-0.010076,0.000064,0.000000,-0.000009,-0.000008,0.000000,0.000000,0.000000,0.000000,0.000000,-0.061475,0.000000,0.061491
0.007339,-0.010076,0.000065,0.000000,-0.000009,-0.000008,0.000000,0.000000,0.000000,0.000000,0.000000,-0.061476,0.000000,0.061492
0.007339,-0.010075,0.000066,0.000000,-0.000009,-0.000008,0.000000,0.000000,0.000000,0.000000,0.000000,-0.061478,0.000000,0.061494
0.007339,-0.010074,0.000068,0.000000,-0.000009,-0.000008,0.000000,0.000000,0.000000,0.000000,0.000000,-0.061479,0.000000,0.061496
0.007339,-0.010073,0.000069,0.000000,-0.000009,-0.000008,0.000000,0.000000,0.000000,0.000000,0.000000,-0.061480,0.000000,0.061497
0.007339,-0.010072,0.000070,0.000000,-0.000009,-0.000008,0.000000,0.000000,0.000000,0.000000,0.000000,-0.061481,0.000000,0.061499
0.007339,-0.010072,0.000072,0.000000,-0.000009,-0.000008,0.000000,0.000000,0.000000,0.000000,0.000000,-0.061483,0.000000,0.061501
0.007340,-0.010071,0.000073,0.000000,-0.000009,-0.000008,0.000000,0.000000,0.000000,0.000000,0.000000,-0.061484,0.000000,0.061502
0.007340,-0.010070,0.000074,0.000000,-0.000009,-0.000008,0.000000,0.000000,0.000000,0.000000,0.000000,-0.061485,0.000000,0.061504
0.007340,-0.010069,0.000076,0.000000,-0.000009,-0.000008,0.000000,0.000000,0.000000,0.000000,0.000000,-0.061486,0.000000,0.061506
0.007340,-0.010068,0.000077,0.000000,-0.000009,-0.000008,0.000000,0.000000,0.000000,0.000000,0.000000,-0.061487,0.000000,0.061507
0.007340,-0.010068,0.000078,0.000000,-0.000009,-0.000008,0.000000,0.000000,0.000000,0.000000,0.000000,-0.061488,0.000000,0.061509
0.007340,-0.010067,0.000079,0.000000,-0.000009,-0.000008,0.000000,0.000000,0.000000,0.000000,0.000000,-0.061489,0.000000,0.061511
0.007340,-0.010066,0.000081,0.000000,-0.000009,-0.000008,0.000000,0.000000,0.000000,0.000000,0.000000,-0.061490,0.000000,0.061513
0.007340,-0.010065,0.000082,0.000000,-0.000009,-0.000008,0.000000,0.000000,0.000000,0.000000,0.000000,-0.061491,0.000000,0.061515
0.007340,-0.010065,0.000083,0.000000,-0.000009,-0.000008,0.000000,0.000000,0.000000,0.000000,0.000000,-0.061492,0.000000,0.061517
0.007340,-0.010064,0.000084,0.000000,-0.000009,-0.000007,0.000000,0.000000,0.000000,0.000000,0.000000,-0.061493,0.000000,0.061519
0.007340,-0.010063,0.000086,0.000000,-0.000009,-0.000007,0.000000,0.000000,0.000000,0.000000,0.000000,-0.061494,0.000000,0.061521
0.007340,-0.010062,0.000087,0.000000,-0.000009,-0.000007,0.000000,0.000000,0.000000,0.000000,0.000000,-0.061495,0.000000,0.061522
0.007340,-0.010061,0.000088,0.000000,-0.000009,-0.000007,0.000000,0.000000,0.000000,0.000000,0.000000,-0.061496,0.000000,0.061525
0.007340,-0.010061,0.000089,0.000000,-0.000009,-0.000007,0.000000,0.000000,0.000000,0.000000,0.000000,-0.061497,0.000000,0.061526
0.007340,-0.010060,0.000090,0.000000,-0.000009,-0.000007,0.000000,0.000000,0.000000,0.000000,0.000000,-0.061497,0.000000,0.061529
0.007340,-0.010059,0.000092,0.000000,-0.000009,-0.000007,0.000000,0.000000,0.000000,0.000000,0.000000,-0.061498,0.000000,0.061530
0.007340,-0.010058,0.000093,0.000000,-0.000009,-0.000007,0.000000,0.000000,0.000000,0.000000,0.000000,-0.061499,0.000000,0.061532
0.007340,-0.010057,0.000094,0.000000,-0.000009,-0.000007,0.000000,0.000000,0.000000,0.000000,0.000000,-0.061500,0.000000,0.061535
0.007340,-0.010057,0.000095,0.000000,-0.000009,-0.000007,0.000000,0.000000,0.000000,0.000000,0.000000,-0.061501,0.000000,0.061537
0.007340,-0.010056,0.000096,0.000000,-0.000009,-0.000007,0.000000,0.000000,0.000000,0.000000,0.000000,-0.061501,0.000000,0.061539
0.007340,-0.010055,0.000097,0.000000,-0.000009,-0.000007,0.000000,0.000000,0.000000,0.000000,0.000000,-0.061502,0.000000,0.061540
0.007340,-0.010054,0.000098,0.000000,-0.000009,-0.000007,0.000000,0.000000,0.000000,0.000000,0.000000,-0.061503,0.000000,0.061543
0.007340,-0.010053,0.000099,0.000000,-0.000009,-0.000007,0.000000,0.000000,0.000000,0.000000,0.000000,-0.061504,0.000000,0.061545
0.007340,-0.010053,0.000101,0.000000,-0.000009,-0.000007,0.000000,0.000000,0.000000,0.000000,0.000000,-0.061504,0.000000,0.061547
0.007340,-0.010052,0.000102,0.000000,-0.000009,-0.000007,0.000000,0.000000,0.000000,0.000000,0.000000,-0.061505,0.000000,0.061549
0.007340,-0.010051,0.000103,0.000000,-0.000009,-0.000007,0.000000,0.000000,0.000000,0.000000,0.000000,-0.061506,0.000000,0.061551
0.007340,-0.010050,0.000104,0.000000,-0.000009,-0.000007,0.000000,0.000000,0.000000,0.000000,0.000000,-0.061506,0.000000,0.061554
0.007341,-0.010049,0.000105,0.000000,-0.000009,-0.000007,0.000000,0.000000,0.000000,0.000000,0.000000,-0.061507,0.000000,0.061556
0.007341,-0.010049,0.000106,0.000000,-0.000009,-0.000007,0.000000,0.000000,0.000000,0.000000,0.000000,-0.061507,0.000000,0.061558
0.007341,-0.010048,0.000107,0.000000,-0.000009,-0.000007,0.000000,0.000000,0.000000,0.000000,0.000000,-0.061508,0.000000,0.061560
0.007341,-0.010047,0.000108,0.000000,-0.000009,-0.000006,0.000000,0.000000,0.000000,0.000000,0.000000,-0.061508,0.000000,0.061563
0.007341,-0.010046,0.000109,0.000000,-0.000009,-0.000006,0.000000,0.000000,0.000000,0.000000,0.000000,-0.061509,0.000000,0.061565
0.007341,-0.010045,0.000110,0.000000,-0.000009,-0.000006,0.000000,0.000000,0.000000,0.000000,0.000000,-0.061510,0.000000,0.061567
0.007341,-0.010045,0.000111,0.000000,-0.000009,-0.000006,0.000000,0.000000,0.000000,0.000000,0.000000,-0.061510,0.000000,0.061569
0.007341,-0.010044,0.000112,0.000000,-0.000009,-0.000006,0.000000,0.000000,0.000000,0.000000,0.000000,-0.061510,0.000000,0.061572
0.007341,-0.010043,0.000113,0.000000,-0.000009,-0.000006,0.000000,0.000000,0.000000,0.000000,0.000000,-0.061511,0.000000,0.061574
0.007341,-0.010042,0.000114,0.000000,-0.000009,-0.000006,0.000000,0.000000,0.000000,0.000000,0.000000,-0.061511,0.000000,0.061576
0.007341,-0.010041,0.000115,0.000000,-0.000009,-0.000006,0.000000,0.000000,0.000000,0.000000,0.000000,-0.061512,0.000000,0.061578
0.007341,-0.010041,0.000116,0.000000,-0.000009,-0.000006,0.000000,0.000000,0.000000,0.000000,0.000000,-0.061512,0.000000,0.061581
0.007341,-0.010040,0.000117,0.000000,-0.000009,-0.000006,0.000000,0.000000,0.000000,0.000000,0.000000,-0.061512,0.000000,0.061583
0.007341,-0.010039,0.000118,0.000000,-0.000009,-0.000006,0.000000,0.000000,0.000000,0.000000,0.000000,-0.061513,0.000000,0.061585
0.007341,-0.010038,0.000119,0.000000,-0.000009,-0.000006,0.000000,0.000000,0.000000,0.000000,0.000000,-0.061513,0.000000,0.061588
0.007341,-0.010037,0.000120,0.000000,-0.000009,-0.000006,0.000000,0.000000,0.000000,0.000000,0.000000,-0.061514,0.000000,0.061590
0.007341,-0.010037,0.000121,0.000000,-0.000009,-0.000006,0.000000,0.000000,0.000000,0.000000,0.000000,-0.061514,0.000000,0.061593
0.007341,-0.010036,0.000122,0.000000,-0.000009,-0.000006,0.000000,0.000000,0.000000,0.000000,0.000000,-0.061514,0.000000,0.061595
0.007341,-0.010035,0.000123,0.000000,-0.000009,-0.000006,0.000000,0.000000,0.000000,0.000000,0.000000,-0.061515,0.000000,0.061597
0.007341,-0.010034,0.000124,0.000000,-0.000009,-0.000006,0.000000,0.000000,0.000000,0.000000,0.000000,-0.061515,0.000000,0.061600
0.007341,-0.010034,0.000125,0.000000,-0.000009,-0.000006,0.000000,0.000000,0.000000,0.000000,0.000000,-0.061515,0.000000,0.061603
0.007341,-0.010033,0.000126,0.000000,-0.000009,-0.000006,0.000000,0.000000,0.000000,0.000000,0.000000,-0.061515,0.000000,0.061605
0.007341,-0.010032,0.000127,0.000000,-0.000009,-0.000006,0.000000,0.000000,0.000000,0.000000,0.000000,-0.061516,0.000000,0.061607
0.007341,-0.010031,0.000128,0.000000,-0.000009,-0.000006,0.000000,0.000000,0.000000,0.000000,0.000000,-0.061516,0.000000,0.061610
0.007341,-0.010030,0.000129,0.000000,-0.000009,-0.000006,0.000000,0.000000,0.000000,0.000000,0.000000,-0.061516,0.000000,0.061612
0.007341,-0.010030,0.000130,0.000000,-0.000009,-0.000006,0.000000,0.000000,0.000000,0.000000,0.000000,-0.061516,0.000000,0.061615
0.007341,-0.010029,0.000131,0.000000,-0.000009,-0.000006,0.000000,0.000000,0.000000,0.000000,0.000000,-0.061516,0.000000,0.061617
0.007341,-0.010028,0.000132,0.000000,-0.000009,-0.000006,0.000000,0.000000,0.000000,0.000000,0.000000,-0.061517,0.000000,0.061620
0.007341,-0.010027,0.000132,0.000000,-0.000009,-0.000005,0.000000,0.000000,0.000000,0.000000,0.000000,-0.061517,0.000000,0.061622
0.007341,-0.010026,0.000133,0.000000,-0.000009,-0.000005,0.000000,0.000000,0.000000,0.000000,0.000000,-0.061517,0.000000,0.061625
0.007341,-0.010026,0.000134,0.000000,-0.000009,-0.000005,0.000000,0.000000,0.000000,0.000000,0.000000,-0.061517,0.000000,0.061627
0.007341,-0.010025,0.000135,0.000000,-0.000009,-0.000005,0.000000,0.000000,0.000000,0.000000,0.000000,-0.061517,0.000000,0.061630
0.007341,-0.010024,0.000136,0.000000,-0.000009,-0.000005,0.000000,0.000000,0.000000,0.000000,0.000000,-0.061517,0.000000,0.061633
0.007342,-0.010023,0.000137,0.000000,-0.000009,-0.000005,0.000000,0.000000,0.000000,0.000000,0.000000,-0.061517,0.000000,0.061635
0.007342,-0.010022,0.000138,0.000000,-0.000009,-0.000005,0.000000,0.000000,0.000000,0.000000,0.000000,-0.061517,0.000000,0.061638
0.007342,-0.010022,0.000139,0.000000,-0.000009,-0.000005,0.000000,0.000000,0.000000,0.000000,0.000000,-0.061517,0.000000,0.061640
0.007342,-0.010021,0.000139,0.000000,-0.000009,-0.000005,0.000000,0.000000,0.000000,0.000000,0.000000,-0.061517,0.000000,0.061643
0.007342,-0.010020,0.000140,0.000000,-0.000009,-0.000005,0.000000,0.000000,0.000000,0.000000,0.000000,-0.061517,0.000000,0.061646
0.007342,-0.010019,0.000141,0.000000,-0.000009,-0.000005,0.000000,0.000000,0.000000,0.000000,0.000000,-0.061518,0.000000,0.061648
0.007342,-0.010018,0.000142,0.000000,-0.000009,-0.000005,0.000000,0.000000,0.000000,0.000000,0.000000,-0.061518,0.000000,0.061651
0.007342,-0.010018,0.000143,0.000000,-0.000009,-0.000005,0.000000,0.000000,0.000000,0.000000,0.000000,-0.061517,0.000000,0.061653
0.007342,-0.010017,0.000144,0.000000,-0.000009,-0.000005,0.000000,0.000000,0.000000,0.000000,0.000000,-0.061517,0.000000,0.061656
0.007342,-0.010016,0.000144,0.000000,-0.000009,-0.000005,0.000000,0.000000,0.000000,0.000000,0.000000,-0.061517,0.000000,0.061659
0.007342,-0.010015,0.000145,0.000000,-0.000009,-0.000005,0.000000,0.000000,0.000000,0.000000,0.000000,-0.061517,0.000000,0.061661
0.007342,-0.010015,0.000146,0.000000,-0.000009,-0.000005,0.000000,0.000000,0.000000,0.000000,0.000000,-0.061517,0.000000,0.061664
0.007342,-0.010014,0.000147,0.000000,-0.000009,-0.000005,0.000000,0.000000,0.000000,0.000000,0.000000,-0.061517,0.000000,0.061667
0.007342,-0.010013,0.000148,0.000000,-0.000008,-0.000006,0.000000,0.000000,0.000000,0.000000,0.000000,-0.061517,0.000000,0.061670
0.007342,-0.010012,0.000149,0.000000,-0.000007,-0.000007,0.000000,0.000000,0.000000,0.000000,0.000000,-0.061523,0.000000,0.061667
0.007342,-0.010012,0.000150,0.000000,-0.000006,-0.000008,0.000000,0.000000,0.000000,0.000000,0.000000,-0.061541,0.000000,0.061654
0.007342,-0.010011,0.000152,0.000000,-0.000005,-0.000010,0.000000,0.000000,0.000000,0.000000,0.000000,-0.061572,0.000000,0.061629
0.007342,-0.010011,0.000154,0.000000,-0.000005,-0.000011,0.000000,0.000000,0.000000,0.000000,0.000000,-0.061600,0.000000,0.061602
0.007342,-0.010011,0.000155,0.000000,-0.000004,-0.000011,0.000000,0.000000,0.000000,0.000000,0.000000,-0.061610,0.000000,0.061584
0.007342,-0.010010,0.000158,0.000000,-0.000003,-0.000012,0.000000,0.000000,0.000000,0.000000,0.000000,-0.061619,0.000000,0.061569
0.007342,-0.010010,0.000160,0.000000,-0.000003,-0.000013,0.000000,0.000000,0.000000,0.000000,0.000000,-0.061636,0.000000,0.061551
0.007342,-0.010010,0.000162,0.000000,-0.000003,-0.000013,0.000000,0.000000,0.000000,0.000000,0.000000,-0.061656,0.000000,0.061532
0.007342,-0.010009,0.000164,0.000000,-0.000002,-0.000014,0.000000,0.000000,0.000000,0.000000,0.000000,-0.061667,0.000000,0.061519
0.007342,-0.010009,0.000166,0.000000,-0.000003,-0.000013,0.000000,0.000000,0.000000,0.000000,0.000000,-0.061673,0.000000,0.061509
0.007342,-0.010009,0.000168,0.000000,-0.000003,-0.000012,0.000000,0.000000,0.000000,0.000000,0.000000,-0.061679,0.000000,0.061502
0.007343,-0.010008,0.000170,0.000000,-0.000004,-0.000011,0.000000,0.000000,0.000000,0.000000,0.000000,-0.061674,0.000000,0.061506
0.007343,-0.010008,0.000171,0.000000,-0.000005,-0.000009,0.000000,0.000000,0.000000,0.000000,0.000000,-0.061651,0.000000,0.061524
0.007343,-0.010007,0.000173,0.000000,-0.000007,-0.000008,0.000000,0.000000,0.000000,0.000000,0.000000,-0.061628,0.000000,0.061549
0.007343,-0.010007,0.000174,0.000000,-0.000007,-0.000006,0.000000,0.000000,0.000000,0.000000,0.000000,-0.061611,0.000000,0.061572
0.007343,-0.010006,0.000175,0.000000,-0.000008,-0.000005,0.000000,0.000000,0.000000,0.000000,0.000000,-0.061598,0.000000,0.061595
0.007343,-0.010005,0.000175,0.000000,-0.000009,-0.000005,0.000000,0.000000,0.000000,0.000000,0.000000,-0.061584,0.000000,0.061617
0.007343,-0.010005,0.000176,0.000000,-0.000009,-0.000004,0.000000,0.000000,0.000000,0.000000,0.000000,-0.061573,0.000000,0.061634
0.007343,-0.010004,0.000176,0.000000,-0.000010,-0.000003,0.000000,0.000000,0.000000,0.000000,0.000000,-0.061566,0.000000,0.061649
0.007343,-0.010003,0.000177,0.000000,-0.000010,-0.000003,0.000000,0.000000,0.000000,0.000000,0.000000,-0.061558,0.000000,0.061664
0.007343,-0.010002,0.000177,0.000000,-0.000010,-0.000002,0.000000,0.000000,0.000000,0.000000,0.000000,-0.061547,0.000000,0.061680
0.007343,-0.010001,0.000178,0.000000,-0.000010,-0.000003,0.000000,0.000000,0.000000,0.000000,0.000000,-0.061538,0.000000,0.061694
0.007343,-0.010000,0.000178,0.000000,-0.000009,-0.000004,0.000000,0.000000,0.000000,0.000000,0.000000,-0.061539,0.000000,0.061699
0.007343,-0.009999,0.000179,0.000000,-0.000008,-0.000005,0.000000,0.000000,0.000000,0.000000,0.000000,-0.061553,0.000000,0.061694
0.007343,-0.009999,0.000180,0.000000,-0.000007,-0.000007,0.000000,0.000000,0.000000,0.000000,0.000000,-0.061576,0.000000,0.061677
0.007343,-0.009998,0.000181,0.000000,-0.000006,-0.000008,0.000000,0.000000,0.000000,0.000000,0.000000,-0.061603,0.000000,0.061653
0.007343,-0.009998,0.000183,0.000000,-0.000004,-0.000010,0.000000,0.000000,0.000000,0.000000,0.000000,-0.061630,0.000000,0.061625
0.007343,-0.009998,0.000185,0.000000,-0.000003,-0.000011,0.000000,0.000000,0.000000,0.000000,0.000000,-0.061658,0.000000,0.061593
0.007343,-0.009997,0.000187,0.000000,-0.000003,-0.000012,0.000000,0.000000,0.000000,0.000000,0.000000,-0.061684,0.000000,0.061563
0.007343,-0.009997,0.000189,0.000000,-0.000003,-0.000013,0.000000,0.000000,0.000000,0.000000,0.000000,-0.061705,0.000000,0.061537
0.007343,-0.009997,0.000191,0.000000,-0.000003,-0.000012,0.000000,0.000000,0.000000,0.000000,0.000000,-0.061712,0.000000,0.061522
0.007343,-0.009996,0.000193,0.000000,-0.000004,-0.000011,0.000000,0.000000,0.000000,0.000000,0.000000,-0.061708,0.000000,0.061519
0.007343,-0.009996,0.000195,0.000000,-0.000005,-0.000010,0.000000,0.000000,0.000000,0.000000,0.000000,-0.061698,0.000000,0.061525
0.007343,-0.009995,0.000196,0.000000,-0.000006,-0.000008,0.000000,0.000000,0.000000,0.000000,0.000000,-0.061683,0.000000,0.061540
0.007343,-0.009995,0.000197,0.000000,-0.000007,-0.000006,0.000000,0.000000,0.000000,0.000000,0.000000,-0.061657,0.000000,0.061567
0.007343,-0.009994,0.000197,0.000000,-0.000009,-0.000004,0.000000,0.000000,0.000000,0.000000,0.000000,-0.061629,0.000000,0.061599
0.007343,-0.009993,0.000198,0.000000,-0.000010,-0.000003,0.000000,0.000000,0.000000,0.000000,0.000000,-0.061604,0.000000,0.061632
0.007343,-0.009992,0.000198,0.000000,-0.000011,-0.000001,0.000000,0.000000,0.000000,0.000000,0.000000,-0.061581,0.000000,0.061665
0.007343,-0.009991,0.000198,0.000000,-0.000011,-0.000001,0.000000,0.000000,0.000000,0.000000,0.000000,-0.061564,0.000000,0.061692
0.007343,-0.009990,0.000198,0.000000,-0.000011,-0.000000,0.000000,0.000000,0.000000,0.000000,0.000000,-0.061552,0.000000,0.061715
0.007343,-0.009989,0.000198,0.000000,-0.000011,-0.000001,0.000000,0.000000,0.000000,0.000000,0.000000,-0.061544,0.000000,0.061732
0.007343,-0.009989,0.000199,0.000000,-0.000010,-0.000002,0.000000,0.000000,0.000000,0.000000,0.000000,-0.061547,0.000000,0.061738
0.007343,-0.009988,0.000199,0.000000,-0.000009,-0.000003,0.000000,0.000000,0.000000,0.000000,0.000000,-0.061565,0.000000,0.061729
0.007343,-0.009987,0.000200,0.000000,-0.000008,-0.000005,0.000000,0.000000,0.000000,0.000000,0.000000,-0.061587,0.000000,0.061713
0.007344,-0.009987,0.000201,0.000000,-0.000006,-0.000007,0.000000,0.000000,0.000000,0.000000,0.000000,-0.061608,0.000000,0.061692
0.007344,-0.009986,0.000203,0.000000,-0.000004,-0.000010,0.000000,0.000000,0.000000,0.000000,0.000000,-0.061636,0.000000,0.061663
0.007344,-0.009986,0.000204,0.000000,-0.000003,-0.000011,0.000000,0.000000,0.000000,0.000000,0.000000,-0.061678,0.000000,0.061622
0.007344,-0.009986,0.000206,0.000000,-0.000002,-0.000012,0.000000,0.000000,0.000000,0.000000,0.000000,-0.061721,0.000000,0.061577
0.007344,-0.009985,0.000209,0.000000,-0.000002,-0.000012,0.000000,0.000000,0.000000,0.000000,0.000000,-0.061736,0.000000,0.061551
0.007344,-0.009985,0.000210,0.000000,-0.000003,-0.000012,0.000000,0.000000,0.000000,0.000000,0.000000,-0.061729,0.000000,0.061541
0.007344,-0.009985,0.000212,0.000000,-0.000003,-0.000011,0.000000,0.000000,0.000000,0.000000,0.000000,-0.061730,0.000000,0.061536
0.007344,-0.009984,0.000214,0.000000,-0.000004,-0.000009,0.000000,0.000000,0.000000,0.000000,0.000000,-0.061725,0.000000,0.061541
0.007344,-0.009984,0.000215,0.000000,-0.000006,-0.000007,0.000000,0.000000,0.000000,0.000000,0.000000,-0.061705,0.000000,0.061558
0.007344,-0.009983,0.000216,0.000000,-0.000007,-0.000005,0.000000,0.000000,0.000000,0.000000,0.000000,-0.061679,0.000000,0.061584
0.007344,-0.009983,0.000216,0.000000,-0.000009,-0.000003,0.000000,0.000000,0.000000,0.000000,0.000000,-0.061650,0.000000,0.061618
0.007344,-0.009982,0.000216,0.000000,-0.000010,-0.000001,0.000000,0.000000,0.000000,0.000000,0.000000,-0.061613,0.000000,0.061662
0.007344,-0.009981,0.000216,0.000000,-0.000011,0.000000,0.000000,0.000000,0.000000,0.000000,0.000000,-0.061582,0.000000,0.061701
0.007344,-0.009980,0.000216,0.000000,-0.000012,0.000001,0.000000,0.000000,0.000000,0.000000,0.000000,-0.061564,0.000000,0.061734
0.007344,-0.009979,0.000216,0.000000,-0.000012,0.000001,0.000000,0.000000,0.000000,0.000000,0.000000,-0.061550,0.000000,0.061760
0.007344,-0.009978,0.000216,0.000000,-0.000012,0.000001,0.000000,0.000000,0.000000,0.000000,0.000000,-0.061543,0.000000,0.061778
0.007344,-0.009977,0.000216,0.000000,-0.000011,-0.000000,0.000000,0.000000,0.000000,0.000000,0.000000,-0.061552,0.000000,0.061780
0.007344,-0.009976,0.000216,0.000000,-0.000009,-0.000002,0.000000,0.000000,0.000000,0.000000,0.000000,-0.061571,0.000000,0.061770
0.007344,-0.009975,0.000217,0.000000,-0.000008,-0.000004,0.000000,0.000000,0.000000,0.000000,0.000000,-0.061589,0.000000,0.061755
0.007344,-0.009975,0.000218,0.000000,-0.000006,-0.000006,0.000000,0.000000,0.000000,0.000000,0.000000,-0.061615,0.000000,0.061730
0.007344,-0.009974,0.000219,0.000000,-0.000005,-0.000009,0.000000,0.000000,0.000000,0.000000,0.000000,-0.061651,0.000000,0.061695
0.007344,-0.009974,0.000221,0.000000,-0.000003,-0.000011,0.000000,0.000000,0.000000,0.000000,0.000000,-0.061686,0.000000,0.061657
0.007344,-0.009974,0.000223,0.000000,-0.000002,-0.000012,0.000000,0.000000,0.000000,0.000000,0.000000,-0.061721,0.000000,0.061616
0.007344,-0.009974,0.000225,0.000000,-0.000001,-0.000013,0.000000,0.000000,0.000000,0.000000,0.000000,-0.061760,0.000000,0.061571
0.007344,-0.009974,0.000227,0.000000,-0.000001,-0.000013,0.000000,0.000000,0.000000,0.000000,0.000000,-0.061777,0.000000,0.061545
0.007344,-0.009973,0.000230,0.000000,-0.000002,-0.000012,0.000000,0.000000,0.000000,0.000000,0.000000,-0.061765,0.000000,0.061541
0.007344,-0.009973,0.000231,0.000000,-0.000003,-0.000011,0.000000,0.000000,0.000000,0.000000,0.000000,-0.061756,0.000000,0.061543
0.007345,-0.009973,0.000233,0.000000,-0.000004,-0.000009,0.000000,0.000000,0.000000,0.000000,0.000000,-0.061752,0.000000,0.061549
0.007345,-0.009972,0.000234,0.000000,-0.000005,-0.000007,0.000000,0.000000,0.000000,0.000000,0.000000,-0.061733,0.000000,0.061570
0.007345,-0.009972,0.000235,0.000000,-0.000007,-0.000005,0.000000,0.000000,0.000000,0.000000,0.000000,-0.061702,0.000000,0.061600
0.007345,-0.009971,0.000235,0.000000,-0.000009,-0.000002,0.000000,0.000000,0.000000,0.000000,0.000000,-0.061673,0.000000,0.061634
0.007345,-0.009970,0.000235,0.000000,-0.000011,0.000000,0.000000,0.000000,0.000000,0.000000,0.000000,-0.061643,0.000000,0.061672
0.007345,-0.009969,0.000235,0.000000,-0.000012,0.000002,0.000000,0.000000,0.000000,0.000000,0.000000,-0.061597,0.000000,0.061726
0.007345,-0.009968,0.000235,0.000000,-0.000012,0.000002,0.000000,0.000000,0.000000,0.000000,0.000000,-0.061557,0.000000,0.061774
0.007345,-0.009967,0.000234,0.000000,-0.000012,0.000002,0.000000,0.000000,0.000000,0.000000,0.000000,-0.061556,0.000000,0.061795
0.007345,-0.009966,0.000234,0.000000,-0.000012,0.000002,0.000000,0.000000,0.000000,0.000000,0.000000,-0.061568,0.000000,0.061803
0.007345,-0.009965,0.000234,0.000000,-0.000011,0.000000,0.000000,0.000000,0.000000,0.000000,0.000000,-0.061567,0.000000,0.061810
0.007345,-0.009964,0.000234,0.000000,-0.000010,-0.000001,0.000000,0.000000,0.000000,0.000000,0.000000,-0.061573,0.000000,0.061806
0.007345,-0.009963,0.000235,0.000000,-0.000008,-0.000003,0.000000,0.000000,0.000000,0.000000,0.000000,-0.061599,0.000000,0.061787
0.007345,-0.009963,0.000235,0.000000,-0.000006,-0.000006,0.000000,0.000000,0.000000,0.000000,0.000000,-0.061628,0.000000,0.061762
0.007345,-0.009962,0.000237,0.000000,-0.000005,-0.000008,0.000000,0.000000,0.000000,0.000000,0.000000,-0.061660,0.000000,0.061728
0.007345,-0.009962,0.000238,0.000000,-0.000003,-0.000010,0.000000,0.000000,0.000000,0.000000,0.000000,-0.061697,0.000000,0.061688
0.007345,-0.009962,0.000240,0.000000,-0.000001,-0.000012,0.000000,0.000000,0.000000,0.000000,0.000000,-0.061736,0.000000,0.061645
0.007345,-0.009962,0.000243,0.000000,-0.000000,-0.000013,0.000000,0.000000,0.000000,0.000000,0.000000,-0.061772,0.000000,0.061601
0.007345,-0.009962,0.000245,0.000000,-0.000000,-0.000014,0.000000,0.000000,0.000000,0.000000,0.000000,-0.061797,0.000000,0.061567
0.007345,-0.009962,0.000247,0.000000,-0.000000,-0.000013,0.000000,0.000000,0.000000,0.000000,0.000000,-0.061808,0.000000,0.061544
0.007345,-0.009962,0.000249,0.000000,-0.000001,-0.000013,0.000000,0.000000,0.000000,0.000000,0.000000,-0.061803,0.000000,0.061539
0.007345,-0.009961,0.000251,0.000000,-0.000002,-0.000011,0.000000,0.000000,0.000000,0.000000,0.000000,-0.061793,0.000000,0.061543
0.007345,-0.009961,0.000252,0.000000,-0.000003,-0.000009,0.000000,0.000000,0.000000,0.000000,0.000000,-0.061782,0.000000,0.061554
0.007345,-0.009961,0.000254,0.000000,-0.000005,-0.000007,0.000000,0.000000,0.000000,0.000000,0.000000,-0.061763,0.000000,0.061576
0.007345,-0.009960,0.000254,0.000000,-0.000007,-0.000005,0.000000,0.000000,0.000000,0.000000,0.000000,-0.061730,0.000000,0.061610
0.007345,-0.009959,0.000255,0.000000,-0.000009,-0.000002,0.000000,0.000000,0.000000,0.000000,0.000000,-0.061698,0.000000,0.061646
0.007345,-0.009958,0.000255,0.000000,-0.000011,0.000001,0.000000,0.000000,0.000000,0.000000,0.000000,-0.061669,0.000000,0.061686
0.007345,-0.009957,0.000254,0.000000,-0.000012,0.000003,0.000000,0.000000,0.000000,0.000000,0.000000,-0.061621,0.000000,0.061741
0.007345,-0.009956,0.000254,0.000000,-0.000013,0.000004,0.000000,0.000000,0.000000,0.000000,0.000000,-0.061574,0.000000,0.061795
0.007345,-0.009955,0.000253,0.000000,-0.000013,0.000004,0.000000,0.000000,0.000000,0.000000,0.000000,-0.061558,0.000000,0.061830
0.007345,-0.009954,0.000252,0.000000,-0.000013,0.000004,0.000000,0.000000,0.000000,0.000000,0.000000,-0.061560,0.000000,0.061848
0.007345,-0.009953,0.000252,0.000000,-0.000012,0.000003,0.000000,0.000000,0.000000,0.000000,0.000000,-0.061558,0.000000,0.061861
0.007345,-0.009952,0.000251,0.000000,-0.000011,0.000002,0.000000,0.000000,0.000000,0.000000,0.000000,-0.061557,0.000000,0.061867
0.007345,-0.009951,0.000251,0.000000,-0.000010,0.000000,0.000000,0.000000,0.000000,0.000000,0.000000,-0.061575,0.000000,0.061856
0.007345,-0.009950,0.000252,0.000000,-0.000009,-0.000002,0.000000,0.000000,0.000000,0.000000,0.000000,-0.061602,0.000000,0.061836
0.007345,-0.009950,0.000252,0.000000,-0.000007,-0.000004,0.000000,0.000000,0.000000,0.000000,0.000000,-0.061624,0.000000,0.061813
0.007345,-0.009949,0.000253,0.000000,-0.000005,-0.000007,0.000000,0.000000,0.000000,0.000000,0.000000,-0.061654,0.000000,0.061780
0.007345,-0.009949,0.000255,0.000000,-0.000003,-0.000009,0.000000,0.000000,0.000000,0.000000,0.000000,-0.061699,0.000000,0.061735
0.007345,-0.009949,0.000257,0.000000,-0.000001,-0.000012,0.000000,0.000000,0.000000,0.000000,0.000000,-0.061739,0.000000,0.061691
0.007345,-0.009949,0.000259,0.000000,-0.000000,-0.000013,0.000000,0.000000,0.000000,0.000000,0.000000,-0.061771,0.000000,0.061649
0.007345,-0.009949,0.000261,0.000000,0.000001,-0.000014,0.000000,0.000000,0.000000,0.000000,0.000000,-0.061808,0.000000,0.061604
0.007345,-0.009949,0.000263,0.000000,0.000001,-0.000014,0.000000,0.000000,0.000000,0.000000,0.000000,-0.061833,0.000000,0.061570
0.007346,-0.009949,0.000266,0.000000,0.000000,-0.000014,0.000000,0.000000,0.000000,0.000000,0.000000,-0.061831,0.000000,0.061558
0.007346,-0.009949,0.000268,0.000000,-0.000000,-0.000013,0.000000,0.000000,0.000000,0.000000,0.000000,-0.061823,0.000000,0.061556
0.007346,-0.009949,0.000270,0.000000,-0.000002,-0.000011,0.000000,0.000000,0.000000,0.000000,0.000000,-0.061820,0.000000,0.061558
0.007346,-0.009948,0.000271,0.000000,-0.000003,-0.000009,0.000000,0.000000,0.000000,0.000000,0.000000,-0.061808,0.000000,0.061571
0.007346,-0.009948,0.000272,0.000000,-0.000004,-0.000007,0.000000,0.000000,0.000000,0.000000,0.000000,-0.061779,0.000000,0.061599
0.007346,-0.009947,0.000273,0.000000,-0.000006,-0.000005,0.000000,0.000000,0.000000,0.000000,0.000000,-0.061750,0.000000,0.061630
0.007346,-0.009947,0.000273,0.000000,-0.000008,-0.000002,0.000000,0.000000,0.000000,0.000000,0.000000,-0.061725,0.000000,0.061664
0.007346,-0.009946,0.000273,0.000000,-0.000010,0.000001,0.000000,0.000000,0.000000,0.000000,0.000000,-0.061685,0.000000,0.061711
0.007346,-0.009945,0.000273,0.000000,-0.000012,0.000003,0.000000,0.000000,0.000000,0.000000,0.000000,-0.061633,0.000000,0.061768
0.007346,-0.009944,0.000272,0.000000,-0.000013,0.000004,0.000000,0.000000,0.000000,0.000000,0.000000,-0.061596,0.000000,0.061818
0.007346,-0.009943,0.000271,0.000000,-0.000013,0.000005,0.000000,0.000000,0.000000,0.000000,0.000000,-0.061580,0.000000,0.061853
0.007346,-0.009942,0.000270,0.000000,-0.000013,0.000005,0.000000,0.000000,0.000000,0.000000,0.000000,-0.061568,0.000000,0.061880
0.007346,-0.009941,0.000270,0.000000,-0.000012,0.000004,0.000000,0.000000,0.000000,0.000000,0.000000,-0.061565,0.000000,0.061894
0.007346,-0.009940,0.000269,0.000000,-0.000012,0.000003,0.000000,0.000000,0.000000,0.000000,0.000000,-0.061576,0.000000,0.061894
0.007346,-0.009939,0.000269,0.000000,-0.000010,0.000001,0.000000,0.000000,0.000000,0.000000,0.000000,-0.061591,0.000000,0.061885
0.007346,-0.009938,0.000269,0.000000,-0.000009,-0.000001,0.000000,0.000000,0.000000,0.000000,0.000000,-0.061608,0.000000,0.061871
0.007346,-0.009937,0.000270,0.000000,-0.000007,-0.000003,0.000000,0.000000,0.000000,0.000000,0.000000,-0.061636,0.000000,0.061844
0.007346,-0.009937,0.000271,0.000000,-0.000005,-0.000006,0.000000,0.000000,0.000000,0.000000,0.000000,-0.061673,0.000000,0.061808
0.007346,-0.009937,0.000272,0.000000,-0.000004,-0.000008,0.000000,0.000000,0.000000,0.000000,0.000000,-0.061705,0.000000,0.061772
0.007346,-0.009936,0.000274,0.000000,-0.000002,-0.000010,0.000000,0.000000,0.000000,0.000000,0.000000,-0.061734,0.000000,0.061735
0.007346,-0.009936,0.000275,0.000000,-0.000001,-0.000011,0.000000,0.000000,0.000000,0.000000,0.000000,-0.061765,0.000000,0.061698
0.007346,-0.009936,0.000277,0.000000,-0.000000,-0.000012,0.000000,0.000000,0.000000,0.000000,0.000000,-0.061792,0.000000,0.061664
0.007346,-0.009936,0.000280,0.000000,-0.000000,-0.000012,0.000000,0.000000,0.000000,0.000000,0.000000,-0.061808,0.000000,0.061639
0.007346,-0.009936,0.000281,0.000000,-0.000000,-0.000012,0.000000,0.000000,0.000000,0.000000,0.000000,-0.061819,0.000000,0.061620
0.007346,-0.009936,0.000283,0.000000,-0.000001,-0.000011,0.000000,0.000000,0.000000,0.000000,0.000000,-0.061823,0.000000,0.061611
0.007346,-0.009936,0.000285,0.000000,-0.000002,-0.000010,0.000000,0.000000,0.000000,0.000000,0.000000,-0.061811,0.000000,0.061617
0.007346,-0.009935,0.000286,0.000000,-0.000003,-0.000008,0.000000,0.000000,0.000000,0.000000,0.000000,-0.061792,0.000000,0.061632
0.007346,-0.009935,0.000287,0.000000,-0.000005,-0.000006,0.000000,0.000000,0.000000,0.000000,0.000000,-0.061774,0.000000,0.061653
0.007346,-0.009934,0.000287,0.000000,-0.000007,-0.000003,0.000000,0.000000,0.000000,0.000000,0.000000,-0.061751,0.000000,0.061681
0.007346,-0.009934,0.000288,0.000000,-0.000008,-0.000002,0.000000,0.000000,0.000000,0.000000,0.000000,-0.061712,0.000000,0.061723
0.007346,-0.009933,0.000288,0.000000,-0.000009,-0.000000,0.000000,0.000000,0.000000,0.000000,0.000000,-0.061675,0.000000,0.061766
0.007346,-0.009932,0.000287,0.000000,-0.000010,0.000001,0.000000,0.000000,0.000000,0.000000,0.000000,-0.061659,0.000000,0.061796
0.007346,-0.009931,0.000287,0.000000,-0.000010,0.000002,0.000000,0.000000,0.000000,0.000000,0.000000,-0.061648,0.000000,0.061821
0.007346,-0.009930,0.000287,0.000000,-0.000010,0.000002,0.000000,0.000000,0.000000,0.000000,0.000000,-0.061627,0.000000,0.061850
0.007346,-0.009929,0.000287,0.000000,-0.000010,0.000001,0.000000,0.000000,0.000000,0.000000,0.000000,-0.061622,0.000000,0.061862
0.007346,-0.009929,0.000287,0.000000,-0.000009,-0.000001,0.000000,0.000000,0.000000,0.000000,0.000000,-0.061642,0.000000,0.061856
0.007346,-0.009928,0.000287,0.000000,-0.000007,-0.000002,0.000000,0.000000,0.000000,0.000000,0.000000,-0.061662,0.000000,0.061843
0.007346,-0.009928,0.000288,0.000000,-0.000006,-0.000004,0.000000,0.000000,0.000000,0.000000,0.000000,-0.061680,0.000000,0.061825
0.007346,-0.009927,0.000289,0.000000,-0.000005,-0.000006,0.000000,0.000000,0.000000,0.000000,0.000000,-0.061708,0.000000,0.061796
0.007346,-0.009927,0.000290,0.000000,-0.000004,-0.000007,0.000000,0.000000,0.000000,0.000000,0.000000,-0.061738,0.000000,0.061766
0.007346,-0.009926,0.000291,0.000000,-0.000003,-0.000008,0.000000,0.000000,0.000000,0.000000,0.000000,-0.061755,0.000000,0.061742
0.007346,-0.009926,0.000293,0.000000,-0.000002,-0.000009,0.000000,0.000000,0.000000,0.000000,0.000000,-0.061770,0.000000,0.061720
0.007346,-0.009926,0.000294,0.000000,-0.000002,-0.000010,0.000000,0.000000,0.000000,0.000000,0.000000,-0.061790,0.000000,0.061696
0.007346,-0.009926,0.000296,0.000000,-0.000001,-0.000011,0.000000,0.000000,0.000000,0.000000,0.000000,-0.061805,0.000000,0.061678
0.007347,-0.009926,0.000298,0.000000,-0.000001,-0.000011,0.000000,0.000000,0.000000,0.000000,0.000000,-0.061814,0.000000,0.061664
0.007347,-0.009926,0.000300,0.000000,-0.000001,-0.000011,0.000000,0.000000,0.000000,0.000000,0.000000,-0.061826,0.000000,0.061649
0.007347,-0.009926,0.000301,0.000000,-0.000002,-0.000010,0.000000,0.000000,0.000000,0.000000,0.000000,-0.061837,0.000000,0.061637
0.007347,-0.009925,0.000303,0.000000,-0.000002,-0.000009,0.000000,0.000000,0.000000,0.000000,0.000000,-0.061829,0.000000,0.061641
0.007347,-0.009925,0.000304,0.000000,-0.000004,-0.000007,0.000000,0.000000,0.000000,0.000000,0.000000,-0.061806,0.000000,0.061658
0.007347,-0.009925,0.000305,0.000000,-0.000005,-0.000005,0.000000,0.000000,0.000000,0.000000,0.000000,-0.061786,0.000000,0.061679
0.007347,-0.009924,0.000305,0.000000,-0.000006,-0.000003,0.000000,0.000000,0.000000,0.000000,0.000000,-0.061761,0.000000,0.061709
0.007347,-0.009923,0.000306,0.000000,-0.000007,-0.000002,0.000000,0.000000,0.000000,0.000000,0.000000,-0.061731,0.000000,0.061744
0.007347,-0.009923,0.000306,0.000000,-0.000008,-0.000001,0.000000,0.000000,0.000000,0.000000,0.000000,-0.061714,0.000000,0.061770
0.007347,-0.009922,0.000306,0.000000,-0.000009,0.000000,0.000000,0.000000,0.000000,0.000000,0.000000,-0.061705,0.000000,0.061791
0.007347,-0.009921,0.000305,0.000000,-0.000010,0.000001,0.000000,0.000000,0.000000,0.000000,0.000000,-0.061687,0.000000,0.061816
0.007347,-0.009920,0.000305,0.000000,-0.000010,0.000002,0.000000,0.000000,0.000000,0.000000,0.000000,-0.061666,0.000000,0.061841
0.007347,-0.009920,0.000305,0.000000,-0.000010,0.000002,0.000000,0.000000,0.000000,0.000000,0.000000,-0.061658,0.000000,0.061858
0.007347,-0.009919,0.000305,0.000000,-0.000009,0.000001,0.000000,0.000000,0.000000,0.000000,0.000000,-0.061658,0.000000,0.061868
0.007347,-0.009918,0.000305,0.000000,-0.000008,-0.000000,0.000000,0.000000,0.000000,0.000000,0.000000,-0.061664,0.000000,0.061868
0.007347,-0.009917,0.000305,0.000000,-0.000007,-0.000002,0.000000,0.000000,0.000000,0.000000,0.000000,-0.061680,0.000000,0.061858
0.007347,-0.009917,0.000306,0.000000,-0.000006,-0.000003,0.000000,0.000000,0.000000,0.000000,0.000000,-0.061706,0.000000,0.061837
0.007347,-0.009916,0.000306,0.000000,-0.000005,-0.000004,0.000000,0.000000,0.000000,0.000000,0.000000,-0.061728,0.000000,0.061814
0.007347,-0.009916,0.000307,0.000000,-0.000005,-0.000005,0.000000,0.000000,0.000000,0.000000,0.000000,-0.061738,0.000000,0.061798
0.007347,-0.009916,0.000308,0.000000,-0.000004,-0.000006,0.000000,0.000000,0.000000,0.000000,0.000000,-0.061749,0.000000,0.061782
0.007347,-0.009915,0.000309,0.000000,-0.000004,-0.000007,0.000000,0.000000,0.000000,0.000000,0.000000,-0.061765,0.000000,0.061765
0.007347,-0.009915,0.000310,0.000000,-0.000003,-0.000007,0.000000,0.000000,0.000000,0.000000,0.000000,-0.061775,0.000000,0.061752
0.007347,-0.009915,0.000312,0.000000,-0.000003,-0.000008,0.000000,0.000000,0.000000,0.000000,0.000000,-0.061781,0.000000,0.061742
0.007347,-0.009914,0.000313,0.000000,-0.000003,-0.000008,0.000000,0.000000,0.000000,0.000000,0.000000,-0.061791,0.000000,0.061731
0.007347,-0.009914,0.000314,0.000000,-0.000002,-0.000008,0.000000,0.000000,0.000000,0.000000,0.000000,-0.061803,0.000000,0.061720
0.007347,-0.009914,0.000315,0.000000,-0.000002,-0.000008,0.000000,0.000000,0.000000,0.000000,0.000000,-0.061808,0.000000,0.061713
0.007347,-0.009914,0.000317,0.000000,-0.000002,-0.000009,0.000000,0.000000,0.000000,0.000000,0.000000,-0.061812,0.000000,0.061707
0.007347,-0.009914,0.000319,0.000000,-0.000002,-0.000009,0.000000,0.000000,0.000000,0.000000,0.000000,-0.061819,0.000000,0.061700
0.007347,-0.009913,0.000320,0.000000,-0.000002,-0.000009,0.000000,0.000000,0.000000,0.000000,0.000000,-0.061829,0.000000,0.061692
0.007347,-0.009913,0.000321,0.000000,-0.000002,-0.000009,0.000000,0.000000,0.000000,0.000000,0.000000,-0.061834,0.000000,0.061686
0.007347,-0.009913,0.000323,0.000000,-0.000002,-0.000009,0.000000,0.000000,0.000000,0.000000,0.000000,-0.061837,0.000000,0.061682
0.007347,-0.009913,0.000325,0.000000,-0.000001,-0.000009,0.000000,0.000000,0.000000,0.000000,0.000000,-0.061842,0.000000,0.061677
0.007347,-0.009913,0.000326,0.000000,-0.000001,-0.000009,0.000000,0.000000,0.000000,0.000000,0.000000,-0.061850,0.000000,0.061671
0.007347,-0.009913,0.000327,0.000000,-0.000001,-0.000009,0.000000,0.000000,0.000000,0.000000,0.000000,-0.061855,0.000000,0.061667
0.007347,-0.009912,0.000329,0.000000,-0.000002,-0.000009,0.000000,0.000000,0.000000,0.000000,0.000000,-0.061856,0.000000,0.061664
0.007348,-0.009912,0.000330,0.000000,-0.000002,-0.000008,0.000000,0.000000,0.000000,0.000000,0.000000,-0.061861,0.000000,0.061661
0.007348,-0.009912,0.000332,0.000000,-0.000003,-0.000007,0.000000,0.000000,0.000000,0.000000,0.000000,-0.061862,0.000000,0.061660
0.007348,-0.009912,0.000332,0.000000,-0.000004,-0.000006,0.000000,0.000000,0.000000,0.000000,0.000000,-0.061844,0.000000,0.061676
0.007348,-0.009911,0.000333,0.000000,-0.000005,-0.000004,0.000000,0.000000,0.000000,0.000000,0.000000,-0.061817,0.000000,0.061700
0.007348,-0.009911,0.000334,0.000000,-0.000006,-0.000003,0.000000,0.000000,0.000000,0.000000,0.000000,-0.061799,0.000000,0.061723
0.007348,-0.009910,0.000334,0.000000,-0.000006,-0.000002,0.000000,0.000000,0.000000,0.000000,0.000000,-0.061791,0.000000,0.061741
0.007348,-0.009910,0.000334,0.000000,-0.000007,-0.000002,0.000000,0.000000,0.000000,0.000000,0.000000,-0.061780,0.000000,0.061760
0.007348,-0.009909,0.000335,0.000000,-0.000007,-0.000001,0.000000,0.000000,0.000000,0.000000,0.000000,-0.061763,0.000000,0.061780
0.007348,-0.009908,0.000335,0.000000,-0.000008,-0.000000,0.000000,0.000000,0.000000,0.000000,0.000000,-0.061754,0.000000,0.061795
0.007348,-0.009908,0.000335,0.000000,-0.000008,0.000000,0.000000,0.000000,0.000000,0.000000,0.000000,-0.061750,0.000000,0.061807
0.007348,-0.009907,0.000334,0.000000,-0.000008,0.000001,0.000000,0.000000,0.000000,0.000000,0.000000,-0.061739,0.000000,0.061822
0.007348,-0.009906,0.000334,0.000000,-0.000009,0.000001,0.000000,0.000000,0.000000,0.000000,0.000000,-0.061729,0.000000,0.061835
0.007348,-0.009905,0.000334,0.000000,-0.000009,0.000001,0.000000,0.000000,0.000000,0.000000,0.000000,-0.061724,0.000000,0.061845
0.007348,-0.009905,0.000334,0.000000,-0.000009,0.000001,0.000000,0.000000,0.000000,0.000000,0.000000,-0.061721,0.000000,0.061853
0.007348,-0.009904,0.000334,0.000000,-0.000009,0.000002,0.000000,0.000000,0.000000,0.000000,0.000000,-0.061712,0.000000,0.061865
0.007348,-0.009903,0.000333,0.000000,-0.000009,0.000002,0.000000,0.000000,0.000000,0.000000,0.000000,-0.061704,0.000000,0.061875
0.007348,-0.009902,0.000333,0.000000,-0.000009,0.000002,0.000000,0.000000,0.000000,0.000000,0.000000,-0.061701,0.000000,0.061882
0.007348,-0.009901,0.000333,0.000000,-0.000009,0.000002,0.000000,0.000000,0.000000,0.000000,0.000000,-0.061699,0.000000,0.061889
0.007348,-0.009901,0.000332,0.000000,-0.000010,0.000002,0.000000,0.000000,0.000000,0.000000,0.000000,-0.061692,0.000000,0.061897
0.007348,-0.009900,0.000332,0.000000,-0.000010,0.000002,0.000000,0.000000,0.000000,0.000000,0.000000,-0.061685,0.000000,0.061906
0.007348,-0.009899,0.000331,0.000000,-0.000010,0.000002,0.000000,0.000000,0.000000,0.000000,0.000000,-0.061682,0.000000,0.061913
0.007348,-0.009898,0.000331,0.000000,-0.000010,0.000002,0.000000,0.000000,0.000000,0.000000,0.000000,-0.061680,0.000000,0.061918
0.007348,-0.009897,0.000331,0.000000,-0.000010,0.000002,0.000000,0.000000,0.000000,0.000000,0.000000,-0.061675,0.000000,0.061925
0.007348,-0.009897,0.000330,0.000000,-0.000010,0.000003,0.000000,0.000000,0.000000,0.000000,0.000000,-0.061669,0.000000,0.061933
0.007348,-0.009896,0.000330,0.000000,-0.000009,0.000002,0.000000,0.000000,0.000000,0.000000,0.000000,-0.061665,0.000000,0.061939
0.007348,-0.009895,0.000330,0.000000,-0.000009,0.000002,0.000000,0.000000,0.000000,0.000000,0.000000,-0.061664,0.000000,0.061945
0.007348,-0.009894,0.000330,0.000000,-0.000008,0.000000,0.000000,0.000000,0.000000,0.000000,0.000000,-0.061665,0.000000,0.061946
0.007348,-0.009894,0.000330,0.000000,-0.000007,-0.000001,0.000000,0.000000,0.000000,0.000000,0.000000,-0.061680,0.000000,0.061936
0.007348,-0.009893,0.000330,0.000000,-0.000006,-0.000002,0.000000,0.000000,0.000000,0.000000,0.000000,-0.061709,0.000000,0.061912
0.007348,-0.009893,0.000331,0.000000,-0.000005,-0.000003,0.000000,0.000000,0.000000,0.000000,0.000000,-0.061730,0.000000,0.061891
0.007348,-0.009892,0.000331,0.000000,-0.000004,-0.000004,0.000000,0.000000,0.000000,0.000000,0.000000,-0.061737,0.000000,0.061877
0.007348,-0.009892,0.000332,0.000000,-0.000004,-0.000005,0.000000,0.000000,0.000000,0.000000,0.000000,-0.061745,0.000000,0.061863
0.007348,-0.009892,0.000333,0.000000,-0.000003,-0.000006,0.000000,0.000000,0.000000,0.000000,0.000000,-0.061762,0.000000,0.061845
0.007348,-0.009892,0.000334,0.000000,-0.000003,-0.000006,0.000000,0.000000,0.000000,0.000000,0.000000,-0.061777,0.000000,0.061830
0.007348,-0.009891,0.000335,0.000000,-0.000003,-0.000007,0.000000,0.000000,0.000000,0.000000,0.000000,-0.061781,0.000000,0.061821
0.007348,-0.009891,0.000336,0.000000,-0.000002,-0.000007,0.000000,0.000000,0.000000,0.000000,0.000000,-0.061785,0.000000,0.061813
0.007348,-0.009891,0.000338,0.000000,-0.000002,-0.000007,0.000000,0.000000,0.000000,0.000000,0.000000,-0.061798,0.000000,0.061802
0.007348,-0.009891,0.000339,0.000000,-0.000002,-0.000008,0.000000,0.000000,0.000000,0.000000,0.000000,-0.061808,0.000000,0.061792
0.007348,-0.009891,0.000340,0.000000,-0.000002,-0.000008,0.000000,0.000000,0.000000,0.000000,0.000000,-0.061810,0.000000,0.061787
0.007348,-0.009890,0.000341,0.000000,-0.000002,-0.000008,0.000000,0.000000,0.000000,0.000000,0.000000,-0.061814,0.000000,0.061782
0.007348,-0.009890,0.000343,0.000000,-0.000001,-0.000008,0.000000,0.000000,0.000000,0.000000,0.000000,-0.061823,0.000000,0.061774
0.007348,-0.009890,0.000344,0.000000,-0.000001,-0.000008,0.000000,0.000000,0.000000,0.000000,0.000000,-0.061831,0.000000,0.061767
0.007348,-0.009890,0.000345,0.000000,-0.000001,-0.000008,0.000000,0.000000,0.000000,0.000000,0.000000,-0.061833,0.000000,0.061764
0.007348,-0.009890,0.000347,0.000000,-0.000001,-0.000008,0.000000,0.000000,0.000000,0.000000,0.000000,-0.061836,0.000000,0.061760
0.007348,-0.009890,0.000348,0.000000,-0.000001,-0.000008,0.000000,0.000000,0.000000,0.000000,0.000000,-0.061842,0.000000,0.061755
0.007348,-0.009890,0.000350,0.000000,-0.000001,-0.000008,0.000000,0.000000,0.000000,0.000000,0.000000,-0.061849,0.000000,0.061750
0.007348,-0.009889,0.000351,0.000000,-0.000001,-0.000008,0.000000,0.000000,0.000000,0.000000,0.000000,-0.061852,0.000000,0.061746
0.007348,-0.009889,0.000352,0.000000,-0.000001,-0.000008,0.000000,0.000000,0.000000,0.000000,0.000000,-0.061854,0.000000,0.061744
0.007348,-0.009889,0.000354,0.000000,-0.000001,-0.000008,0.000000,0.000000,0.000000,0.000000,0.000000,-0.061858,0.000000,0.061740
0.007348,-0.009889,0.000355,0.000000,-0.000001,-0.000008,0.000000,0.000000,0.000000,0.000000,0.000000,-0.061865,0.000000,0.061735
0.007348,-0.009889,0.000356,0.000000,-0.000001,-0.000008,0.000000,0.000000,0.000000,0.000000,0.000000,-0.061868,0.000000,0.061733
0.007348,-0.009889,0.000358,0.000000,-0.000001,-0.000008,0.000000,0.000000,0.000000,0.000000,0.000000,-0.061869,0.000000,0.061731
0.007348,-0.009889,0.000359,0.000000,-0.000001,-0.000008,0.000000,0.000000,0.000000,0.000000,0.000000,-0.061873,0.000000,0.061728
0.007348,-0.009889,0.000361,0.000000,-0.000001,-0.000008,0.000000,0.000000,0.000000,0.000000,0.000000,-0.061879,0.000000,0.061724
0.007349,-0.009888,0.000362,0.000000,-0.000001,-0.000008,0.000000,0.000000,0.000000,0.000000,0.000000,-0.061882,0.000000,0.061722
0.007349,-0.009888,0.000363,0.000000,-0.000001,-0.000008,0.000000,0.000000,0.000000,0.000000,0.000000,-0.061883,0.000000,0.061720
0.007349,-0.009888,0.000365,0.000000,-0.000001,-0.000008,0.000000,0.000000,0.000000,0.000000,0.000000,-0.061886,0.000000,0.061718
0.007349,-0.009888,0.000366,0.000000,-0.000001,-0.000008,0.000000,0.000000,0.000000,0.000000,0.000000,-0.061892,0.000000,0.061715
0.007349,-0.009888,0.000367,0.000000,-0.000001,-0.000008,0.000000,0.000000,0.000000,0.000000,0.000000,-0.061895,0.000000,0.061713
0.007349,-0.009888,0.000369,0.000000,-0.000001,-0.000008,0.000000,0.000000,0.000000,0.000000,0.000000,-0.061896,0.000000,0.061711
0.007349,-0.009888,0.000370,0.000000,-0.000001,-0.000008,0.000000,0.000000,0.000000,0.000000,0.000000,-0.061899,0.000000,0.061709
0.007349,-0.009887,0.000371,0.000000,-0.000001,-0.000008,0.000000,0.000000,0.000000,0.000000,0.000000,-0.061903,0.000000,0.061707
0.007349,-0.009887,0.000373,0.000000,-0.000001,-0.000008,0.000000,0.000000,0.000000,0.000000,0.000000,-0.061907,0.000000,0.061704
0.007349,-0.009887,0.000374,0.000000,-0.000001,-0.000008,0.000000,0.000000,0.000000,0.000000,0.000000,-0.061909,0.000000,0.061703
0.007349,-0.009887,0.000375,0.000000,-0.000001,-0.000008,0.000000,0.000000,0.000000,0.000000,0.000000,-0.061911,0.000000,0.061701
0.007349,-0.009887,0.000376,0.000000,-0.000001,-0.000008,0.000000,0.000000,0.000000,0.000000,0.000000,-0.061914,0.000000,0.061699
0.007349,-0.009887,0.000378,0.000000,-0.000001,-0.000008,0.000000,0.000000,0.000000,0.000000,0.000000,-0.061919,0.000000,0.061697
0.007349,-0.009887,0.000379,0.000000,-0.000001,-0.000008,0.000000,0.000000,0.000000,0.000000,0.000000,-0.061921,0.000000,0.061695
0.007349,-0.009886,0.000380,0.000000,-0.000002,-0.000008,0.000000,0.000000,0.000000,0.000000,0.000000,-0.061922,0.000000,0.061694
0.007349,-0.009886,0.000381,0.000000,-0.000002,-0.000008,0.000000,0.000000,0.000000,0.000000,0.000000,-0.061925,0.000000,0.061692
0.007349,-0.009886,0.000383,0.000000,-0.000002,-0.000007,0.000000,0.000000,0.000000,0.000000,0.000000,-0.061930,0.000000,0.061690
0.007349,-0.009886,0.000384,0.000000,-0.000002,-0.000007,0.000000,0.000000,0.000000,0.000000,0.000000,-0.061931,0.000000,0.061688
0.007349,-0.009886,0.000385,0.000000,-0.000002,-0.000007,0.000000,0.000000,0.000000,0.000000,0.000000,-0.061933,0.000000,0.061687
0.007349,-0.009886,0.000386,0.000000,-0.000002,-0.000007,0.000000,0.000000,0.000000,0.000000,0.000000,-0.061936,0.000000,0.061686
0.007349,-0.009885,0.000387,0.000000,-0.000002,-0.000007,0.000000,0.000000,0.000000,0.000000,0.000000,-0.061939,0.000000,0.061684
0.007349,-0.009885,0.000389,0.000000,-0.000002,-0.000007,0.000000,0.000000,0.000000,0.000000,0.000000,-0.061942,0.000000,0.061682
0.007349,-0.009885,0.000390,0.000000,-0.000002,-0.000007,0.000000,0.000000,0.000000,0.000000,0.000000,-0.061943,0.000000,0.061681
0.007349,-0.009885,0.000391,0.000000,-0.000002,-0.000007,0.000000,0.000000,0.000000,0.000000,0.000000,-0.061946,0.000000,0.061680
0.007349,-0.009885,0.000392,0.000000,-0.000002,-0.000007,0.000000,0.000000,0.000000,0.000000,0.000000,-0.061948,0.000000,0.061678
0.007349,-0.009885,0.000393,0.000000,-0.000002,-0.000007,0.000000,0.000000,0.000000,0.000000,0.000000,-0.061952,0.000000,0.061676
0.007350,-0.009884,0.000394,0.000000,-0.000002,-0.000007,0.000000,0.000000,0.000000,0.000000,0.000000,-0.061954,0.000000,0.061675
0.007350,-0.009884,0.000396,0.000000,-0.000002,-0.000007,0.000000,0.000000,0.000000,0.000000,0.000000,-0.061955,0.000000,0.061674
0.007350,-0.009884,0.000397,0.000000,-0.000002,-0.000007,0.000000,0.000000,0.000000,0.000000,0.000000,-0.061958,0.000000,0.061673
0.007350,-0.009884,0.000398,0.000000,-0.000002,-0.000007,0.000000,0.000000,0.000000,0.000000,0.000000,-0.061961,0.000000,0.061671
0.007350,-0.009884,0.000399,0.000000,-0.000002,-0.000007,0.000000,0.000000,0.000000,0.000000,0.000000,-0.061963,0.000000,0.061670
0.007350,-0.009883,0.000400,0.000000,-0.000002,-0.000007,0.000000,0.000000,0.000000,0.000000,0.000000,-0.061964,0.000000,0.061669
0.007350,-0.009883,0.000401,0.000000,-0.000002,-0.000007,0.000000,0.000000,0.000000,0.000000,0.000000,-0.061967,0.000000,0.061668
0.007350,-0.009883,0.000402,0.000000,-0.000002,-0.000006,0.000000,0.000000,0.000000,0.000000,0.000000,-0.061970,0.000000,0.061667
0.007350,-0.009883,0.000403,0.000000,-0.000003,-0.000006,0.000000,0.000000,0.000000,0.000000,0.000000,-0.061972,0.000000,0.061665
0.007350,-0.009882,0.000404,0.000000,-0.000003,-0.000005,0.000000,0.000000,0.000000,0.000000,0.000000,-0.061968,0.000000,0.061670
0.007350,-0.009882,0.000404,0.000000,-0.000004,-0.000004,0.000000,0.000000,0.000000,0.000000,0.000000,-0.061950,0.000000,0.061685
0.007350,-0.009882,0.000405,0.000000,-0.000005,-0.000003,0.000000,0.000000,0.000000,0.000000,0.000000,-0.061930,0.000000,0.061705
0.007350,-0.009881,0.000405,0.000000,-0.000005,-0.000002,0.000000,0.000000,0.000000,0.000000,0.000000,-0.061920,0.000000,0.061721
0.007350,-0.009881,0.000405,0.000000,-0.000006,-0.000001,0.000000,0.000000,0.000000,0.000000,0.000000,-0.061915,0.000000,0.061734
0.007350,-0.009880,0.000405,0.000000,-0.000006,-0.000001,0.000000,0.000000,0.000000,0.000000,0.000000,-0.061908,0.000000,0.061746
0.007350,-0.009880,0.000405,0.000000,-0.000006,-0.000001,0.000000,0.000000,0.000000,0.000000,0.000000,-0.061899,0.000000,0.061758
0.007350,-0.009879,0.000406,0.000000,-0.000007,-0.000000,0.000000,0.000000,0.000000,0.000000,0.000000,-0.061890,0.000000,0.061770
0.007350,-0.009879,0.000405,0.000000,-0.000007,0.000000,0.000000,0.000000,0.000000,0.000000,0.000000,-0.061885,0.000000,0.061780
0.007350,-0.009878,0.000405,0.000000,-0.000007,0.000000,0.000000,0.000000,0.000000,0.000000,0.000000,-0.061882,0.000000,0.061787
0.007350,-0.009877,0.000405,0.000000,-0.000007,0.000001,0.000000,0.000000,0.000000,0.000000,0.000000,-0.061876,0.000000,0.061796
0.007350,-0.009877,0.000405,0.000000,-0.000007,0.000001,0.000000,0.000000,0.000000,0.000000,0.000000,-0.061869,0.000000,0.061805
0.007350,-0.009876,0.000405,0.000000,-0.000007,0.000001,0.000000,0.000000,0.000000,0.000000,0.000000,-0.061865,0.000000,0.061812
0.007350,-0.009876,0.000405,0.000000,-0.000007,0.000001,0.000000,0.000000,0.000000,0.000000,0.000000,-0.061863,0.000000,0.061818
0.007350,-0.009875,0.000405,0.000000,-0.000007,0.000001,0.000000,0.000000,0.000000,0.000000,0.000000,-0.061859,0.000000,0.061824
0.007350,-0.009874,0.000404,0.000000,-0.000008,0.000001,0.000000,0.000000,0.000000,0.000000,0.000000,-0.061855,0.000000,0.061831
0.007350,-0.009874,0.000404,0.000000,-0.000008,0.000001,0.000000,0.000000,0.000000,0.000000,0.000000,-0.061850,0.000000,0.061837
0.007350,-0.009873,0.000404,0.000000,-0.000008,0.000001,0.000000,0.000000,0.000000,0.000000,0.000000,-0.061847,0.000000,0.061843
0.007350,-0.009872,0.000404,0.000000,-0.000008,0.000001,0.000000,0.000000,0.000000,0.000000,0.000000,-0.061845,0.000000,0.061848
0.007350,-0.009872,0.000403,0.000000,-0.000008,0.000002,0.000000,0.000000,0.000000,0.000000,0.000000,-0.061842,0.000000,0.061853
0.007350,-0.009871,0.000403,0.000000,-0.000008,0.000002,0.000000,0.000000,0.000000,0.000000,0.000000,-0.061837,0.000000,0.061859
0.007350,-0.009870,0.000403,0.000000,-0.000008,0.000002,0.000000,0.000000,0.000000,0.000000,0.000000,-0.061834,0.000000,0.061864
0.007350,-0.009870,0.000403,0.000000,-0.000008,0.000002,0.000000,0.000000,0.000000,0.000000,0.000000,-0.061833,0.000000,0.061868
0.007350,-0.009869,0.000402,0.000000,-0.000008,0.000002,0.000000,0.000000,0.000000,0.000000,0.000000,-0.061830,0.000000,0.061872
0.007350,-0.009868,0.000402,0.000000,-0.000008,0.000002,0.000000,0.000000,0.000000,0.000000,0.000000,-0.061825,0.000000,0.061878
0.007350,-0.009868,0.000402,0.000000,-0.000008,0.000002,0.000000,0.000000,0.000000,0.000000,0.000000,-0.061823,0.000000,0.061883
0.007350,-0.009867,0.000402,0.000000,-0.000008,0.000002,0.000000,0.000000,0.000000,0.000000,0.000000,-0.061822,0.000000,0.061886
0.007350,-0.009866,0.000401,0.000000,-0.000008,0.000002,0.000000,0.000000,0.000000,0.000000,0.000000,-0.061819,0.000000,0.061891
0.007350,-0.009866,0.000401,0.000000,-0.000008,0.000002,0.000000,0.000000,0.000000,0.000000,0.000000,-0.061816,0.000000,0.061895
0.007350,-0.009865,0.000401,0.000000,-0.000008,0.000002,0.000000,0.000000,0.000000,0.000000,0.000000,-0.061813,0.000000,0.061900
0.007350,-0.009865,0.000401,0.000000,-0.000007,0.000002,0.000000,0.000000,0.000000,0.000000,0.000000,-0.061810,0.000000,0.061904
0.007350,-0.009864,0.000400,0.000000,-0.000007,0.000002,0.000000,0.000000,0.000000,0.000000,0.000000,-0.061809,0.000000,0.061908
0.007350,-0.009863,0.000400,0.000000,-0.000007,0.000002,0.000000,0.000000,0.000000,0.000000,0.000000,-0.061807,0.000000,0.061912
0.007350,-0.009863,0.000400,0.000000,-0.000007,0.000002,0.000000,0.000000,0.000000,0.000000,0.000000,-0.061802,0.000000,0.061917
0.007350,-0.009862,0.000400,0.000000,-0.000007,0.000002,0.000000,0.000000,0.000000,0.000000,0.000000,-0.061801,0.000000,0.061921
0.007350,-0.009861,0.000399,0.000000,-0.000007,0.000002,0.000000,0.000000,0.000000,0.000000,0.000000,-0.061799,0.000000,0.061925
0.007350,-0.009861,0.000399,0.000000,-0.000007,0.000002,0.000000,0.000000,0.000000,0.000000,0.000000,-0.061797,0.000000,0.061928
0.007350,-0.009860,0.000399,0.000000,-0.000007,0.000002,0.000000,0.000000,0.000000,0.000000,0.000000,-0.061793,0.000000,0.061933
0.007350,-0.009860,0.000399,0.000000,-0.000007,0.000002,0.000000,0.000000,0.000000,0.000000,0.000000,-0.061791,0.000000,0.061937
0.007350,-0.009859,0.000398,0.000000,-0.000007,0.000002,0.000000,0.000000,0.000000,0.000000,0.000000,-0.061790,0.000000,0.061941
0.007350,-0.009858,0.000398,0.000000,-0.000007,0.000002,0.000000,0.000000,0.000000,0.000000,0.000000,-0.061788,0.000000,0.061944
0.007350,-0.009858,0.000398,0.000000,-0.000007,0.000001,0.000000,0.000000,0.000000,0.000000,0.000000,-0.061785,0.000000,0.061948
0.007350,-0.009857,0.000398,0.000000,-0.000007,0.000001,0.000000,0.000000,0.000000,0.000000,0.000000,-0.061782,0.000000,0.061953
0.007350,-0.009857,0.000397,0.000000,-0.000007,0.000001,0.000000,0.000000,0.000000,0.000000,0.000000,-0.061780,0.000000,0.061957
0.007350,-0.009856,0.000397,0.000000,-0.000007,0.000001,0.000000,0.000000,0.000000,0.000000,0.000000,-0.061779,0.000000,0.061960
0.007350,-0.009855,0.000397,0.000000,-0.000007,0.000001,0.000000,0.000000,0.000000,0.000000,0.000000,-0.061777,0.000000,0.061964
0.007350,-0.009855,0.000397,0.000000,-0.000007,0.000001,0.000000,0.000000,0.000000,0.000000,0.000000,-0.061773,0.000000,0.061969
0.007350,-0.009854,0.000396,0.000000,-0.000007,0.000001,0.000000,0.000000,0.000000,0.000000,0.000000,-0.061771,0.000000,0.061972
0.007350,-0.009854,0.000396,0.000000,-0.000007,0.000001,0.000000,0.000000,0.000000,0.000000,0.000000,-0.061770,0.000000,0.061975
0.007350,-0.009853,0.000396,0.000000,-0.000007,0.000001,0.000000,0.000000,0.000000,0.000000,0.000000,-0.061768,0.000000,0.061979
0.007350,-0.009853,0.000396,0.000000,-0.000007,0.000001,0.000000,0.000000,0.000000,0.000000,0.000000,-0.061764,0.000000,0.061983
0.007350,-0.009852,0.000395,0.000000,-0.000007,0.000001,0.000000,0.000000,0.000000,0.000000,0.000000,-0.061762,0.000000,0.061987
0.007350,-0.009851,0.000395,0.000000,-0.000007,0.000001,0.000000,0.000000,0.000000,0.000000,0.000000,-0.061762,0.000000,0.061990
0.007350,-0.009851,0.000395,0.000000,-0.000007,0.000001,0.000000,0.000000,0.000000,0.000000,0.000000,-0.061760,0.000000,0.061993
0.007350,-0.009850,0.000395,0.000000,-0.000007,0.000001,0.000000,0.000000,0.000000,0.000000,0.000000,-0.061757,0.000000,0.061997
0.007350,-0.009850,0.000395,0.000000,-0.000007,0.000001,0.000000,0.000000,0.000000,0.000000,0.000000,-0.061754,0.000000,0.062002
0.007350,-0.009849,0.000394,0.000000,-0.000007,0.000001,0.000000,0.000000,0.000000,0.000000,0.000000,-0.061753,0.000000,0.062005
0.007350,-0.009848,0.000394,0.000000,-0.000007,0.000001,0.000000,0.000000,0.000000,0.000000,0.000000,-0.061751,0.000000,0.062008
0.007350,-0.009848,0.000394,0.000000,-0.000007,0.000001,0.000000,0.000000,0.000000,0.000000,0.000000,-0.061749,0.000000,0.062012
0.007350,-0.009847,0.000394,0.000000,-0.000007,0.000001,0.000000,0.000000,0.000000,0.000000,0.000000,-0.061746,0.000000,0.062016
0.007349,-0.009847,0.000394,0.000000,-0.000007,0.000001,0.000000,0.000000,0.000000,0.000000,0.000000,-0.061745,0.000000,0.062019
0.007349,-0.009846,0.000393,0.000000,-0.000007,0.000001,0.000000,0.000000,0.000000,0.000000,0.000000,-0.061743,0.000000,0.062022
0.007349,-0.009846,0.000393,0.000000,-0.000007,0.000001,0.000000,0.000000,0.000000,0.000000,0.000000,-0.061741,0.000000,0.062026
0.007349,-0.009845,0.000393,0.000000,-0.000007,0.000001,0.000000,0.000000,0.000000,0.000000,0.000000,-0.061738,0.000000,0.062030
0.007349,-0.009845,0.000393,0.000000,-0.000007,0.000001,0.000000,0.000000,0.000000,0.000000,0.000000,-0.061736,0.000000,0.062033
0.007349,-0.009844,0.000393,0.000000,-0.000007,0.000001,0.000000,0.000000,0.000000,0.000000,0.000000,-0.061736,0.000000,0.062036
0.007349,-0.009843,0.000392,0.000000,-0.000007,0.000001,0.000000,0.000000,0.000000,0.000000,0.000000,-0.061733,0.000000,0.062039
0.007349,-0.009843,0.000392,0.000000,-0.000006,0.000001,0.000000,0.000000,0.000000,0.000000,0.000000,-0.061731,0.000000,0.062043
0.007349,-0.009842,0.000392,0.000000,-0.000006,0.000001,0.000000,0.000000,0.000000,0.000000,0.000000,-0.061728,0.000000,0.062047
0.007349,-0.009842,0.000392,0.000000,-0.000006,0.000001,0.000000,0.000000,0.000000,0.000000,0.000000,-0.061727,0.000000,0.062050
0.007349,-0.009841,0.000392,0.000000,-0.000006,0.000001,0.000000,0.000000,0.000000,0.000000,0.000000,-0.061726,0.000000,0.062053
0.007349,-0.009841,0.000392,0.000000,-0.000006,0.000001,0.000000,0.000000,0.000000,0.000000,0.000000,-0.061724,0.000000,0.062057
0.007349,-0.009840,0.000391,0.000000,-0.000006,0.000001,0.000000,0.000000,0.000000,0.000000,0.000000,-0.061721,0.000000,0.062061
0.007349,-0.009840,0.000391,0.000000,-0.000006,0.000001,0.000000,0.000000,0.000000,0.000000,0.000000,-0.061719,0.000000,0.062064
0.007349,-0.009839,0.000391,0.000000,-0.000006,0.000001,0.000000,0.000000,0.000000,0.000000,0.000000,-0.061718,0.000000,0.062066
0.007349,-0.009839,0.000391,0.000000,-0.000006,0.000001,0.000000,0.000000,0.000000,0.000000,0.000000,-0.061716,0.000000,0.062070
0.007349,-0.009838,0.000391,0.000000,-0.000006,0.000001,0.000000,0.000000,0.000000,0.000000,0.000000,-0.061713,0.000000,0.062074
0.007349,-0.009838,0.000390,0.000000,-0.000006,0.000001,0.000000,0.000000,0.000000,0.000000,0.000000,-0.061712,0.000000,0.062077
0.007349,-0.009837,0.000390,0.000000,-0.000006,0.000001,0.000000,0.000000,0.000000,0.000000,0.000000,-0.061711,0.000000,0.062079
0.007349,-0.009837,0.000390,0.000000,-0.000006,0.000001,0.000000,0.000000,0.000000,0.000000,0.000000,-0.061709,0.000000,0.062083
0.007349,-0.009836,0.000390,0.000000,-0.000006,0.000001,0.000000,0.000000,0.000000,0.000000,0.000000,-0.061707,0.000000,0.062086
0.007349,-0.009836,0.000390,0.000000,-0.000006,0.000001,0.000000,0.000000,0.000000,0.000000,0.000000,-0.061704,0.000000,0.062090
0.007349,-0.009835,0.000390,0.000000,-0.000006,0.000001,0.000000,0.000000,0.000000,0.000000,0.000000,-0.061703,0.000000,0.062093
0.007349,-0.009834,0.000390,0.000000,-0.000006,0.000001,0.000000,0.000000,0.000000,0.000000,0.000000,-0.061702,0.000000,0.062096
0.007349,-0.009834,0.000389,0.000000,-0.000006,0.000001,0.000000,0.000000,0.000000,0.000000,0.000000,-0.061700,0.000000,0.062099
0.007349,-0.009834,0.000389,0.000000,-0.000006,0.000001,0.000000,0.000000,0.000000,0.000000,0.000000,-0.061697,0.000000,0.062103
0.007349,-0.009833,0.000389,0.000000,-0.000006,0.000001,0.000000,0.000000,0.000000,0.000000,0.000000,-0.061696,0.000000,0.062105
0.007349,-0.009832,0.000389,0.000000,-0.000006,0.000001,0.000000,0.000000,0.000000,0.000000,0.000000,-0.061695,0.000000,0.062108
0.007349,-0.009832,0.000389,-0.000000,-0.000006,0.000001,0.000000,0.000000,0.000000,0.000000,0.000000,-0.061693,0.000000,0.062111
0.007349,-0.009831,0.000389,-0.000000,-0.000006,0.000001,0.000000,0.000000,0.000000,0.000000,0.000000,-0.061691,0.000000,0.062115
0.007349,-0.009831,0.000389,-0.000000,-0.000006,0.000001,0.000000,0.000000,0.000000,0.000000,0.000000,-0.061689,0.000000,0.062118
0.007349,-0.009831,0.000388,-0.000000,-0.000006,0.000001,0.000000,0.000000,0.000000,0.000000,0.000000,-0.061688,0.000000,0.062120
0.007349,-0.009830,0.000388,-0.000000,-0.000006,0.000001,0.000000,0.000000,0.000000,0.000000,0.000000,-0.061687,0.000000,0.062123
0.007349,-0.009829,0.000388,-0.000000,-0.000006,0.000001,0.000000,0.000000,0.000000,0.000000,0.000000,-0.061684,0.000000,0.062126
0.007349,-0.009829,0.000388,-0.000000,-0.000006,0.000001,0.000000,0.000000,0.000000,0.000000,0.000000,-0.061682,0.000000,0.062130
0.007349,-0.009829,0.000388,-0.000000,-0.000006,0.000001,0.000000,0.000000,0.000000,0.000000,0.000000,-0.061681,0.000000,0.062133
0.007349,-0.009828,0.000388,-0.000000,-0.000006,0.000001,0.000000,0.000000,0.000000,0.000000,0.000000,-0.061680,0.000000,0.062135
0.007349,-0.009828,0.000388,-0.000000,-0.000006,0.000001,0.000000,0.000000,0.000000,0.000000,0.000000,-0.061678,0.000000,0.062138
0.007349,-0.009827,0.000387,-0.000000,-0.000006,0.000001,0.000000,0.000000,0.000000,0.000000,0.000000,-0.061675,0.000000,0.062142
0.007349,-0.009827,0.000387,-0.000000,-0.000006,0.000001,0.000000,0.000000,0.000000,0.000000,0.000000,-0.061674,0.000000,0.062145
0.007349,-0.009826,0.000387,-0.000000,-0.000006,0.000001,0.000000,0.000000,0.000000,0.000000,0.000000,-0.061674,0.000000,0.062147
0.007349,-0.009826,0.000387,-0.000000,-0.000006,0.000001,0.000000,0.000000,0.000000,0.000000,0.000000,-0.061672,0.000000,0.062150
0.007349,-0.009825,0.000387,-0.000000,-0.000006,0.000001,0.000000,0.000000,0.000000,0.000000,0.000000,-0.061669,0.000000,0.062154
0.007349,-0.009825,0.000387,-0.000000,-0.000006,0.000001,0.000000,0.000000,0.000000,0.000000,0.000000,-0.061668,0.000000,0.062157
0.007349,-0.009824,0.000387,-0.000000,-0.000006,0.000001,0.000000,0.000000,0.000000,0.000000,0.000000,-0.061667,0.000000,0.062159
0.007349,-0.009824,0.000387,-0.000000,-0.000005,0.000000,0.000000,0.000000,0.000000,0.000000,0.000000,-0.061666,0.000000,0.062162
0.007349,-0.009823,0.000387,-0.000000,-0.000005,-0.000000,0.000000,0.000000,0.000000,0.000000,0.000000,-0.061663,0.000000,0.062165
0.007349,-0.009823,0.000387,-0.000000,-0.000004,-0.000001,0.000000,0.000000,0.000000,0.000000,0.000000,-0.061668,0.000000,0.062163
0.007349,-0.009823,0.000387,-0.000000,-0.000003,-0.000002,0.000000,0.000000,0.000000,0.000000,0.000000,-0.061686,0.000000,0.062149
0.007349,-0.009822,0.000388,-0.000000,-0.000003,-0.000003,0.000000,0.000000,0.000000,0.000000,0.000000,-0.061707,0.000000,0.062130
0.007349,-0.009822,0.000388,-0.000000,-0.000002,-0.000004,0.000000,0.000000,0.000000,0.000000,0.000000,-0.061716,0.000000,0.062118
0.007349,-0.009822,0.000389,-0.000000,-0.000002,-0.000004,0.000000,0.000000,0.000000,0.000000,0.000000,-0.061721,0.000000,0.062107
0.007349,-0.009822,0.000390,-0.000000,-0.000002,-0.000005,0.000000,0.000000,0.000000,0.000000,0.000000,-0.061732,0.000000,0.062095
0.007349,-0.009822,0.000391,-0.000000,-0.000001,-0.000005,0.000000,0.000000,0.000000,0.000000,0.000000,-0.061742,0.000000,0.062084
0.007349,-0.009822,0.000391,-0.000000,-0.000001,-0.000005,0.000000,0.000000,0.000000,0.000000,0.000000,-0.061746,0.000000,0.062077
0.007349,-0.009822,0.000392,-0.000000,-0.000001,-0.000006,0.000000,0.000000,0.000000,0.000000,0.000000,-0.061753,0.000000,0.062069
0.007349,-0.009821,0.000393,0.000000,-0.000001,-0.000006,0.000000,0.000000,0.000000,0.000000,0.000000,-0.061761,0.000000,0.062060
0.007350,-0.009821,0.000394,0.000000,-0.000000,-0.000006,0.000000,0.000000,0.000000,0.000000,0.000000,-0.061766,0.000000,0.062054
0.007350,-0.009821,0.000395,0.000000,-0.000000,-0.000006,0.000000,0.000000,0.000000,0.000000,0.000000,-0.061769,0.000000,0.062049
0.007350,-0.009821,0.000396,0.000000,-0.000000,-0.000006,0.000000,0.000000,0.000000,0.000000,0.000000,-0.061776,0.000000,0.062043
0.007350,-0.009821,0.000397,0.000000,-0.000000,-0.000006,0.000000,0.000000,0.000000,0.000000,0.000000,-0.061781,0.000000,0.062037
0.007350,-0.009821,0.000398,0.000000,-0.000000,-0.000006,0.000000,0.000000,0.000000,0.000000,0.000000,-0.061784,0.000000,0.062034
0.007350,-0.009821,0.000400,0.000000,-0.000000,-0.000007,0.000000,0.000000,0.000000,0.000000,0.000000,-0.061787,0.000000,0.062030
0.007350,-0.009821,0.000401,0.000000,-0.000000,-0.000007,0.000000,0.000000,0.000000,0.000000,0.000000,-0.061792,0.000000,0.062026
0.007350,-0.009821,0.000402,0.000000,-0.000000,-0.000007,0.000000,0.000000,0.000000,0.000000,0.000000,-0.061797,0.000000,0.062021
0.007350,-0.009821,0.000403,0.000000,0.000000,-0.000007,0.000000,0.000000,0.000000,0.000000,0.000000,-0.061800,0.000000,0.062018
0.007350,-0.009821,0.000404,0.000000,0.000000,-0.000007,0.000000,0.000000,0.000000,0.000000,0.000000,-0.061802,0.000000,0.062015
0.007350,-0.009821,0.000405,0.000000,0.000000,-0.000007,0.000000,0.000000,0.000000,0.000000,0.000000,-0.061806,0.000000,0.062012
0.007350,-0.009821,0.000406,0.000000,0.000000,-0.000007,0.000000,0.000000,0.000000,0.000000,0.000000,-0.061811,0.000000,0.062008
0.007350,-0.009821,0.000407,0.000000,0.000000,-0.000007,0.000000,0.000000,0.000000,0.000000,0.000000,-0.061814,0.000000,0.062005
0.007350,-0.009821,0.000408,0.000000,0.000000,-0.000007,0.000000,0.000000,0.000000,0.000000,0.000000,-0.061815,0.000000,0.062003
0.007350,-0.009821,0.000409,0.000000,0.000000,-0.000007,0.000000,0.000000,0.000000,0.000000,0.000000,-0.061818,0.000000,0.062001
0.007350,-0.009821,0.000410,0.000000,-0.000000,-0.000007,0.000000,0.000000,0.000000,0.000000,0.000000,-0.061823,0.000000,0.061997
0.007350,-0.009821,0.000411,0.000000,-0.000000,-0.000007,0.000000,0.000000,0.000000,0.000000,0.000000,-0.061826,0.000000,0.061995
0.007350,-0.009821,0.000412,0.000000,-0.000000,-0.000006,0.000000,0.000000,0.000000,0.000000,0.000000,-0.061826,0.000000,0.061994
0.007350,-0.009821,0.000413,0.000000,-0.000000,-0.000006,0.000000,0.000000,0.000000,0.000000,0.000000,-0.061830,0.000000,0.061991
0.007350,-0.009821,0.000414,0.000000,-0.000000,-0.000006,0.000000,0.000000,0.000000,0.000000,0.000000,-0.061834,0.000000,0.061988
0.007350,-0.009821,0.000415,0.000000,-0.000000,-0.000006,0.000000,0.000000,0.000000,0.000000,0.000000,-0.061837,0.000000,0.061986
0.007350,-0.009821,0.000416,0.000000,-0.000000,-0.000006,0.000000,0.000000,0.000000,0.000000,0.000000,-0.061838,0.000000,0.061984
0.007350,-0.009821,0.000418,0.000000,-0.000000,-0.000006,0.000000,0.000000,0.000000,0.000000,0.000000,-0.061840,0.000000,0.061982
0.007350,-0.009821,0.000419,0.000000,-0.000000,-0.000006,0.000000,0.000000,0.000000,0.000000,0.000000,-0.061843,0.000000,0.061980
0.007350,-0.009821,0.000420,0.000000,-0.000000,-0.000006,0.000000,0.000000,0.000000,0.000000,0.000000,-0.061847,0.000000,0.061978
0.007350,-0.009821,0.000421,0.000000,-0.000000,-0.000006,0.000000,0.000000,0.000000,0.000000,0.000000,-0.061849,0.000000,0.061976
0.007350,-0.009821,0.000422,0.000000,-0.000000,-0.000006,0.000000,0.000000,0.000000,0.000000,0.000000,-0.061850,0.000000,0.061975
0.007350,-0.009821,0.000423,0.000000,-0.000000,-0.000006,0.000000,0.000000,0.000000,0.000000,0.000000,-0.061853,0.000000,0.061973
0.007350,-0.009821,0.000424,0.000000,-0.000000,-0.000006,0.000000,0.000000,0.000000,0.000000,0.000000,-0.061857,0.000000,0.061970
0.007350,-0.009820,0.000424,0.000000,-0.000000,-0.000006,0.000000,0.000000,0.000000,0.000000,0.000000,-0.061859,0.000000,0.061968
0.007350,-0.009820,0.000425,0.000000,-0.000000,-0.000006,0.000000,0.000000,0.000000,0.000000,0.000000,-0.061860,0.000000,0.061967
0.007351,-0.009820,0.000427,0.000000,-0.000000,-0.000006,0.000000,0.000000,0.000000,0.000000,0.000000,-0.061862,0.000000,0.061965
0.007351,-0.009820,0.000427,0.000000,-0.000000,-0.000006,0.000000,0.000000,0.000000,0.000000,0.000000,-0.061865,0.000000,0.061963
0.007351,-0.009820,0.000428,0.000000,-0.000000,-0.000006,0.000000,0.000000,0.000000,0.000000,0.000000,-0.061868,0.000000,0.061961
0.007351,-0.009820,0.000429,0.000000,-0.000000,-0.000006,0.000000,0.000000,0.000000,0.000000,0.000000,-0.061870,0.000000,0.061960
0.007351,-0.009820,0.000430,0.000000,-0.000000,-0.000006,0.000000,0.000000,0.000000,0.000000,0.000000,-0.061871,0.000000,0.061959
0.007351,-0.009820,0.000431,0.000000,-0.000000,-0.000006,0.000000,0.000000,0.000000,0.000000,0.000000,-0.061874,0.000000,0.061957
0.007351,-0.009820,0.000432,0.000000,-0.000001,-0.000006,0.000000,0.000000,0.000000,0.000000,0.000000,-0.061877,0.000000,0.061955
0.007351,-0.009820,0.000433,0.000000,-0.000001,-0.000006,0.000000,0.000000,0.000000,0.000000,0.000000,-0.061879,0.000000,0.061953
0.007351,-0.009820,0.000434,0.000000,-0.000001,-0.000006,0.000000,0.000000,0.000000,0.000000,0.000000,-0.061880,0.000000,0.061953
0.007351,-0.009820,0.000435,0.000000,-0.000001,-0.000006,0.000000,0.000000,0.000000,0.000000,0.000000,-0.061882,0.000000,0.061951
0.007351,-0.009820,0.000436,0.000000,-0.000001,-0.000005,0.000000,0.000000,0.000000,0.000000,0.000000,-0.061885,0.000000,0.061949
0.007351,-0.009820,0.000437,0.000000,-0.000001,-0.000005,0.000000,0.000000,0.000000,0.000000,0.000000,-0.061887,0.000000,0.061948
0.007351,-0.009820,0.000437,0.000000,-0.000001,-0.000005,0.000000,0.000000,0.000000,0.000000,0.000000,-0.061888,0.000000,0.061947
0.007351,-0.009819,0.000438,0.000000,-0.000001,-0.000005,0.000000,0.000000,0.000000,0.000000,0.000000,-0.061890,0.000000,0.061945
0.007351,-0.009819,0.000439,0.000000,-0.000001,-0.000005,0.000000,0.000000,0.000000,0.000000,0.000000,-0.061893,0.000000,0.061944
0.007351,-0.009819,0.000440,0.000000,-0.000001,-0.000005,0.000000,0.000000,0.000000,0.000000,0.000000,-0.061895,0.000000,0.061942
0.007351,-0.009819,0.000441,0.000000,-0.000001,-0.000005,0.000000,0.000000,0.000000,0.000000,0.000000,-0.061897,0.000000,0.061941
0.007351,-0.009819,0.000442,0.000000,-0.000001,-0.000005,0.000000,0.000000,0.000000,0.000000,0.000000,-0.061898,0.000000,0.061940
0.007351,-0.009819,0.000443,0.000000,-0.000001,-0.000005,0.000000,0.000000,0.000000,0.000000,0.000000,-0.061900,0.000000,0.061939
0.007351,-0.009819,0.000443,0.000000,-0.000001,-0.000005,0.000000,0.000000,0.000000,0.000000,0.000000,-0.061903,0.000000,0.061937
0.007351,-0.009819,0.000444,0.000000,-0.000001,-0.000005,0.000000,0.000000,0.000000,0.000000,0.000000,-0.061904,0.000000,0.061936
0.007351,-0.009819,0.000445,0.000000,-0.000001,-0.000005,0.000000,0.000000,0.000000,0.000000,0.000000,-0.061905,0.000000,0.061935
0.007351,-0.009819,0.000446,0.000000,-0.000001,-0.000005,0.000000,0.000000,0.000000,0.000000,0.000000,-0.061907,0.000000,0.061934
0.007351,-0.009819,0.000447,0.000000,-0.000001,-0.000005,0.000000,0.000000,0.000000,0.000000,0.000000,-0.061910,0.000000,0.061932
0.007351,-0.009819,0.000447,0.000000,-0.000001,-0.000005,0.000000,0.000000,0.000000,0.000000,0.000000,-0.061912,0.000000,0.061931
0.007351,-0.009818,0.000448,0.000000,-0.000001,-0.000005,0.000000,0.000000,0.000000,0.000000,0.000000,-0.061913,0.000000,0.061930
0.007351,-0.009818,0.000449,0.000000,-0.000001,-0.000005,0.000000,0.000000,0.000000,0.000000,0.000000,-0.061914,0.000000,0.061929
0.007351,-0.009818,0.000450,0.000000,-0.000001,-0.000005,0.000000,0.000000,0.000000,0.000000,0.000000,-0.061917,0.000000,0.061928
0.007351,-0.009818,0.000451,0.000000,-0.000001,-0.000005,0.000000,0.000000,0.000000,0.000000,0.000000,-0.061919,0.000000,0.061927
0.007351,-0.009818,0.000451,0.000000,-0.000001,-0.000005,0.000000,0.000000,0.000000,0.000000,0.000000,-0.061919,0.000000,0.061926
0.007351,-0.009818,0.000452,0.000000,-0.000001,-0.000005,0.000000,0.000000,0.000000,0.000000,0.000000,-0.061921,0.000000,0.061925
0.007351,-0.009818,0.000453,0.000000,-0.000001,-0.000005,0.000000,0.000000,0.000000,0.000000,0.000000,-0.061923,0.000000,0.061924
0.007351,-0.009818,0.000454,0.000000,-0.000001,-0.000005,0.000000,0.000000,0.000000,0.000000,0.000000,-0.061925,0.000000,0.061923
0.007351,-0.009818,0.000454,0.000000,-0.000001,-0.000005,0.000000,0.000000,0.000000,0.000000,0.000000,-0.061926,0.000000,0.061922
0.007351,-0.009818,0.000455,0.000000,-0.000001,-0.000005,0.000000,0.000000,0.000000,0.000000,0.000000,-0.061928,0.000000,0.061921
0.007351,-0.009817,0.000456,0.000000,-0.000001,-0.000005,0.000000,0.000000,0.000000,0.000000,0.000000,-0.061929,0.000000,0.061920
0.007351,-0.009817,0.000457,0.000000,-0.000001,-0.000004,0.000000,0.000000,0.000000,0.000000,0.000000,-0.061932,0.000000,0.061919
0.007351,-0.009817,0.000457,0.000000,-0.000001,-0.000004,0.000000,0.000000,0.000000,0.000000,0.000000,-0.061933,0.000000,0.061918
0.007351,-0.009817,0.000458,0.000000,-0.000001,-0.000004,0.000000,0.000000,0.000000,0.000000,0.000000,-0.061934,0.000000,0.061918
0.007352,-0.009817,0.000459,0.000000,-0.000001,-0.000004,0.000000,0.000000,0.000000,0.000000,0.000000,-0.061935,0.000000,0.061917
0.007352,-0.009817,0.000460,0.000000,-0.000001,-0.000004,0.000000,0.000000,0.000000,0.000000,0.000000,-0.061938,0.000000,0.061915
0.007352,-0.009817,0.000460,0.000000,-0.000001,-0.000004,0.000000,0.000000,0.000000,0.000000,0.000000,-0.061939,0.000000,0.061915
0.007352,-0.009817,0.000461,0.000000,-0.000001,-0.000004,0.000000,0.000000,0.000000,0.000000,0.000000,-0.061940,0.000000,0.061914
0.007352,-0.009816,0.000462,0.000000,-0.000001,-0.000004,0.000000,0.000000,0.000000,0.000000,0.000000,-0.061941,0.000000,0.061913
0.007352,-0.009816,0.000462,0.000000,-0.000001,-0.000004,0.000000,0.000000,0.000000,0.000000,0.000000,-0.061943,0.000000,0.061912
0.007352,-0.009816,0.000463,0.000000,-0.000001,-0.000004,0.000000,0.000000,0.000000,0.000000,0.000000,-0.061945,0.000000,0.061912
0.007352,-0.009816,0.000464,0.000000,-0.000001,-0.000004,0.000000,0.000000,0.000000,0.000000,0.000000,-0.061946,0.000000,0.061911
0.007352,-0.009816,0.000465,0.000000,-0.000001,-0.000004,0.000000,0.000000,0.000000,0.000000,0.000000,-0.061947,0.000000,0.061911
0.007352,-0.009816,0.000465,0.000000,-0.000001,-0.000004,0.000000,0.000000,0.000000,0.000000,0.000000,-0.061948,0.000000,0.061910
0.007352,-0.009816,0.000466,0.000000,-0.000001,-0.000004,0.000000,0.000000,0.000000,0.000000,0.000000,-0.061950,0.000000,0.061909
0.007352,-0.009816,0.000466,0.000000,-0.000001,-0.000004,0.000000,0.000000,0.000000,0.000000,0.000000,-0.061951,0.000000,0.061908
0.007352,-0.009815,0.000467,0.000000,-0.000001,-0.000004,0.000000,0.000000,0.000000,0.000000,0.000000,-0.061952,0.000000,0.061908
0.007352,-0.009815,0.000468,0.000000,-0.000001,-0.000004,0.000000,0.000000,0.000000,0.000000,0.000000,-0.061954,0.000000,0.061907
0.007352,-0.009815,0.000468,0.000000,-0.000001,-0.000004,0.000000,0.000000,0.000000,0.000000,0.000000,-0.061956,0.000000,0.061906
0.007352,-0.009815,0.000469,0.000000,-0.000001,-0.000004,0.000000,0.000000,0.000000,0.000000,0.000000,-0.061957,0.000000,0.061906
0.007352,-0.009815,0.000470,0.000000,-0.000001,-0.000004,0.000000,0.000000,0.000000,0.000000,0.000000,-0.061957,0.000000,0.061905
0.007352,-0.009815,0.000470,0.000000,-0.000001,-0.000004,0.000000,0.000000,0.000000,0.000000,0.000000,-0.061959,0.000000,0.061905
0.007352,-0.009815,0.000471,0.000000,-0.000001,-0.000004,0.000000,0.000000,0.000000,0.000000,0.000000,-0.061960,0.000000,0.061904
0.007352,-0.009815,0.000472,0.000000,-0.000001,-0.000004,0.000000,0.000000,0.000000,0.000000,0.000000,-0.061962,0.000000,0.061903
0.007352,-0.009814,0.000472,0.000000,-0.000001,-0.000004,0.000000,0.000000,0.000000,0.000000,0.000000,-0.061963,0.000000,0.061903
0.007352,-0.009814,0.000473,0.000000,-0.000001,-0.000004,0.000000,0.000000,0.000000,0.000000,0.000000,-0.061963,0.000000,0.061903
0.007352,-0.009814,0.000473,0.000000,-0.000001,-0.000004,0.000000,0.000000,0.000000,0.000000,0.000000,-0.061965,0.000000,0.061902
0.007352,-0.009814,0.000474,0.000000,-0.000001,-0.000004,0.000000,0.000000,0.000000,0.000000,0.000000,-0.061967,0.000000,0.061901
0.007352,-0.009814,0.000475,0.000000,-0.000002,-0.000004,0.000000,0.000000,0.000000,0.000000,0.000000,-0.061967,0.000000,0.061901
0.007352,-0.009814,0.000475,0.000000,-0.000002,-0.000004,0.000000,0.000000,0.000000,0.000000,0.000000,-0.061968,0.000000,0.061901
0.007352,-0.009814,0.000476,0.000000,-0.000002,-0.000004,0.000000,0.000000,0.000000,0.000000,0.000000,-0.061969,0.000000,0.061900
0.007352,-0.009813,0.000476,0.000000,-0.000002,-0.000004,0.000000,0.000000,0.000000,0.000000,0.000000,-0.061971,0.000000,0.061900
0.007352,-0.009813,0.000477,0.000000,-0.000002,-0.000004,0.000000,0.000000,0.000000,0.000000,0.000000,-0.061972,0.000000,0.061899
0.007352,-0.009813,0.000478,0.000000,-0.000002,-0.000004,0.000000,0.000000,0.000000,0.000000,0.000000,-0.061972,0.000000,0.061899
0.007352,-0.009813,0.000478,0.000000,-0.000002,-0.000004,0.000000,0.000000,0.000000,0.000000,0.000000,-0.061973,0.000000,0.061899
0.007352,-0.009813,0.000479,0.000000,-0.000002,-0.000003,0.000000,0.000000,0.000000,0.000000,0.000000,-0.061975,0.000000,0.061898
0.007352,-0.009813,0.000479,0.000000,-0.000002,-0.000003,0.000000,0.000000,0.000000,0.000000,0.000000,-0.061976,0.000000,0.061898
0.007352,-0.009813,0.000480,0.000000,-0.000002,-0.000003,0.000000,0.000000,0.000000,0.000000,0.000000,-0.061977,0.000000,0.061898
0.007352,-0.009812,0.000481,0.000000,-0.000002,-0.000003,0.000000,0.000000,0.000000,0.000000,0.000000,-0.061977,0.000000,0.061897
0.007352,-0.009812,0.000481,0.000000,-0.000002,-0.000003,0.000000,0.000000,0.000000,0.000000,0.000000,-0.061979,0.000000,0.061897
0.007352,-0.009812,0.000482,0.000000,-0.000002,-0.000003,0.000000,0.000000,0.000000,0.000000,0.000000,-0.061980,0.000000,0.061897
0.007352,-0.009812,0.000482,0.000000,-0.000002,-0.000003,0.000000,0.000000,0.000000,0.000000,0.000000,-0.061981,0.000000,0.061896
0.007352,-0.009812,0.000483,0.000000,-0.000002,-0.000003,0.000000,0.000000,0.000000,0.000000,0.000000,-0.061981,0.000000,0.061896
0.007352,-0.009812,0.000483,0.000000,-0.000002,-0.000003,0.000000,0.000000,0.000000,0.000000,0.000000,-0.061983,0.000000,0.061896
0.007352,-0.009812,0.000484,0.000000,-0.000002,-0.000003,0.000000,0.000000,0.000000,0.000000,0.000000,-0.061984,0.000000,0.061895
0.007352,-0.009811,0.000484,0.000000,-0.000002,-0.000003,0.000000,0.000000,0.000000,0.000000,0.000000,-0.061985,0.000000,0.061895
0.007352,-0.009811,0.000485,0.000000,-0.000002,-0.000003,0.000000,0.000000,0.000000,0.000000,0.000000,-0.061985,0.000000,0.061895
0.007352,-0.009811,0.000485,0.000000,-0.000002,-0.000003,0.000000,0.000000,0.000000,0.000000,0.000000,-0.061986,0.000000,0.061895
0.007352,-0.009811,0.000486,0.000000,-0.000002,-0.000003,0.000000,0.000000,0.000000,0.000000,0.000000,-0.061988,0.000000,0.061895
0.007352,-0.009811,0.000486,0.000000,-0.000002,-0.000003,0.000000,0.000000,0.000000,0.000000,0.000000,-0.061988,0.000000,0.061895
0.007352,-0.009811,0.000487,0.000000,-0.000002,-0.000003,0.000000,0.000000,0.000000,0.000000,0.000000,-0.061989,0.000000,0.061895
0.007352,-0.009810,0.000487,0.000000,-0.000002,-0.000003,0.000000,0.000000,0.000000,0.000000,0.000000,-0.061990,0.000000,0.061894
0.007352,-0.009810,0.000488,0.000000,-0.000002,-0.000003,0.000000,0.000000,0.000000,0.000000,0.000000,-0.061991,0.000000,0.061894
0.007352,-0.009810,0.000488,0.000000,-0.000002,-0.000003,0.000000,0.000000,0.000000,0.000000,0.000000,-0.061992,0.000000,0.061894
0.007352,-0.009810,0.000489,0.000000,-0.000002,-0.000003,0.000000,0.000000,0.000000,0.000000,0.000000,-0.061992,0.000000,0.061894
0.007352,-0.009810,0.000489,0.000000,-0.000002,-0.000003,0.000000,0.000000,0.000000,0.000000,0.000000,-0.061993,0.000000,0.061894
0.007352,-0.009810,0.000490,0.000000,-0.000002,-0.000003,0.000000,0.000000,0.000000,0.000000,0.000000,-0.061994,0.000000,0.061894
0.007352,-0.009809,0.000490,0.000000,-0.000002,-0.000003,0.000000,0.000000,0.000000,0.000000,0.000000,-0.061995,0.000000,0.061893
0.007352,-0.009809,0.000491,0.000000,-0.000002,-0.000003,0.000000,0.000000,0.000000,0.000000,0.000000,-0.061995,0.000000,0.061893
0.007353,-0.009809,0.000491,0.000000,-0.000002,-0.000003,0.000000,0.000000,0.000000,0.000000,0.000000,-0.061996,0.000000,0.061893
0.007353,-0.009809,0.000492,0.000000,-0.000002,-0.000003,0.000000,0.000000,0.000000,0.000000,0.000000,-0.061997,0.000000,0.061893
0.007353,-0.009809,0.000492,0.000000,-0.000002,-0.000003,0.000000,0.000000,0.000000,0.000000,0.000000,-0.061998,0.000000,0.061893
0.007353,-0.009809,0.000493,0.000000,-0.000002,-0.000003,0.000000,0.000000,0.000000,0.000000,0.000000,-0.061999,0.000000,0.061893
0.007353,-0.009808,0.000493,0.000000,-0.000002,-0.000003,0.000000,0.000000,0.000000,0.000000,0.000000,-0.061999,0.000000,0.061893
0.007353,-0.009808,0.000494,0.000000,-0.000002,-0.000003,0.000000,0.000000,0.000000,0.000000,0.000000,-0.062000,0.000000,0.061893
0.007353,-0.009808,0.000494,0.000000,-0.000002,-0.000003,0.000000,0.000000,0.000000,0.000000,0.000000,-0.062001,0.000000,0.061893
0.007353,-0.009808,0.000495,0.000000,-0.000002,-0.000003,0.000000,0.000000,0.000000,0.000000,0.000000,-0.062002,0.000000,0.061893
0.007353,-0.009808,0.000495,0.000000,-0.000002,-0.000003,0.000000,0.000000,0.000000,0.000000,0.000000,-0.062002,0.000000,0.061893
0.007353,-0.009808,0.000495,0.000000,-0.000002,-0.000003,0.000000,0.000000,0.000000,0.000000,0.000000,-0.062003,0.000000,0.061893
0.007353,-0.009807,0.000496,0.000000,-0.000002,-0.000003,0.000000,0.000000,0.000000,0.000000,0.000000,-0.062003,0.000000,0.061893
0.007353,-0.009807,0.000496,0.000000,-0.000002,-0.000003,0.000000,0.000000,0.000000,0.000000,0.000000,-0.062004,0.000000,0.061893
0.007353,-0.009807,0.000497,0.000000,-0.000002,-0.000003,0.000000,0.000000,0.000000,0.000000,0.000000,-0.062005,0.000000,0.061893
0.007353,-0.009807,0.000497,0.000000,-0.000002,-0.000003,0.000000,0.000000,0.000000,0.000000,0.000000,-0.062005,0.000000,0.061893
0.007353,-0.009807,0.000498,0.000000,-0.000002,-0.000003,0.000000,0.000000,0.000000,0.000000,0.000000,-0.062006,0.000000,0.061893
0.007353,-0.009807,0.000498,0.000000,-0.000002,-0.000003,0.000000,0.000000,0.000000,0.000000,0.000000,-0.062007,0.000000,0.061893
0.007353,-0.009806,0.000498,0.000000,-0.000002,-0.000003,0.000000,0.000000,0.000000,0.000000,0.000000,-0.062007,0.000000,0.061893
0.007353,-0.009806,0.000499,0.000000,-0.000002,-0.000003,0.000000,0.000000,0.000000,0.000000,0.000000,-0.062008,0.000000,0.061893
0.007353,-0.009806,0.000499,0.000000,-0.000002,-0.000003,0.000000,0.000000,0.000000,0.000000,0.000000,-0.062008,0.000000,0.061893
0.007353,-0.009806,0.000500,0.000000,-0.000002,-0.000003,0.000000,0.000000,0.000000,0.000000,0.000000,-0.062009,0.000000,0.061893
0.007353,-0.009806,0.000500,0.000000,-0.000002,-0.000003,0.000000,0.000000,0.000000,0.000000,0.000000,-0.062010,0.000000,0.061894
0.007353,-0.009806,0.000501,0.000000,-0.000002,-0.000003,0.000000,0.000000,0.000000,0.000000,0.000000,-0.062010,0.000000,0.061894
0.007353,-0.009805,0.000501,0.000000,-0.000002,-0.000003,0.000000,0.000000,0.000000,0.000000,0.000000,-0.062011,0.000000,0.061894
0.007353,-0.009805,0.000501,0.000000,-0.000002,-0.000002,0.000000,0.000000,0.000000,0.000000,0.000000,-0.062011,0.000000,0.061894
0.007353,-0.009805,0.000502,0.000000,-0.000002,-0.000002,0.000000,0.000000,0.000000,0.000000,0.000000,-0.062012,0.000000,0.061894
0.007353,-0.009805,0.000502,0.000000,-0.000002,-0.000002,0.000000,0.000000,0.000000,0.000000,0.000000,-0.062012,0.000000,0.061894
0.007353,-0.009805,0.000503,0.000000,-0.000002,-0.000002,0.000000,0.000000,0.000000,0.000000,0.000000,-0.062013,0.000000,0.061894
0.007353,-0.009805,0.000503,0.000000,-0.000002,-0.000002,0.000000,0.000000,0.000000,0.000000,0.000000,-0.062013,0.000000,0.061895
0.007353,-0.009804,0.000503,0.000000,-0.000002,-0.000002,0.000000,0.000000,0.000000,0.000000,0.000000,-0.062014,0.000000,0.061895
0.007353,-0.009804,0.000504,0.000000,-0.000002,-0.000002,0.000000,0.000000,0.000000,0.000000,0.000000,-0.062015,0.000000,0.061895
0.007353,-0.009804,0.000504,0.000000,-0.000002,-0.000002,0.000000,0.000000,0.000000,0.000000,0.000000,-0.062015,0.000000,0.061895
0.007353,-0.009804,0.000505,0.000000,-0.000002,-0.000002,0.000000,0.000000,0.000000,0.000000,0.000000,-0.062015,0.000000,0.061895
0.007353,-0.009804,0.000505,0.000000,-0.000002,-0.000002,0.000000,0.000000,0.000000,0.000000,0.000000,-0.062016,0.000000,0.061895
0.007353,-0.009803,0.000505,0.000000,-0.000002,-0.000002,0.000000,0.000000,0.000000,0.000000,0.000000,-0.062017,0.000000,0.061896
0.007353,-0.009803,0.000506,0.000000,-0.000002,-0.000002,0.000000,0.000000,0.000000,0.000000,0.000000,-0.062017,0.000000,0.061896
0.007353,-0.009803,0.000506,0.000000,-0.000002,-0.000002,0.000000,0.000000,0.000000,0.000000,0.000000,-0.062017,0.000000,0.061896
0.007353,-0.009803,0.000506,0.000000,-0.000002,-0.000002,0.000000,0.000000,0.000000,0.000000,0.000000,-0.062018,0.000000,0.061896
0.007353,-0.009803,0.000507,0.000000,-0.000002,-0.000002,0.000000,0.000000,0.000000,0.000000,0.000000,-0.062018,0.000000,0.061897
0.007353,-0.009803,0.000507,0.000000,-0.000002,-0.000002,0.000000,0.000000,0.000000,0.000000,0.000000,-0.062019,0.000000,0.061897
0.007353,-0.009802,0.000508,0.000000,-0.000002,-0.000002,0.000000,0.000000,0.000000,0.000000,0.000000,-0.062019,0.000000,0.061897
0.007353,-0.009802,0.000508,0.000000,-0.000002,-0.000002,0.000000,0.000000,0.000000,0.000000,0.000000,-0.062019,0.000000,0.061897
0.007353,-0.009802,0.000508,0.000000,-0.000002,-0.000002,0.000000,0.000000,0.000000,0.000000,0.000000,-0.062020,0.000000,0.061898
0.007353,-0.009802,0.000509,0.000000,-0.000002,-0.000002,0.000000,0.000000,0.000000,0.000000,0.000000,-0.062020,0.000000,0.061898
0.007353,-0.009802,0.000509,0.000000,-0.000002,-0.000002,0.000000,0.000000,0.000000,0.000000,0.000000,-0.062021,0.000000,0.061898
0.007353,-0.009801,0.000509,0.000000,-0.000002,-0.000002,0.000000,0.000000,0.000000,0.000000,0.000000,-0.062021,0.000000,0.061898
0.007353,-0.009801,0.000510,0.000000,-0.000002,-0.000002,0.000000,0.000000,0.000000,0.000000,0.000000,-0.062022,0.000000,0.061899
0.007353,-0.009801,0.000510,0.000000,-0.000002,-0.000002,0.000000,0.000000,0.000000,0.000000,0.000000,-0.062022,0.000000,0.061899
0.007353,-0.009801,0.000510,0.000000,-0.000002,-0.000002,0.000000,0.000000,0.000000,0.000000,0.000000,-0.062022,0.000000,0.061899
0.007353,-0.009801,0.000511,0.000000,-0.000002,-0.000002,0.000000,0.000000,0.000000,0.000000,0.000000,-0.062023,0.000000,0.061900
0.007353,-0.009801,0.000511,0.000000,-0.000002,-0.000002,0.000000,0.000000,0.000000,0.000000,0.000000,-0.062023,0.000000,0.061900
0.007353,-0.009800,0.000511,0.000000,-0.000002,-0.000002,0.000000,0.000000,0.000000,0.000000,0.000000,-0.062023,0.000000,0.061900
0.007353,-0.009800,0.000512,0.000000,-0.000002,-0.000002,0.000000,0.000000,0.000000,0.000000,0.000000,-0.062024,0.000000,0.061901
0.007353,-0.009800,0.000512,0.000000,-0.000002,-0.000002,0.000000,0.000000,0.000000,0.000000,0.000000,-0.062024,0.000000,0.061901
0.007353,-0.009800,0.000512,0.000000,-0.000002,-0.000002,0.000000,0.000000,0.000000,0.000000,0.000000,-0.062024,0.000000,0.061901
0.007353,-0.009800,0.000513,0.000000,-0.000002,-0.000002,0.000000,0.000000,0.000000,0.000000,0.000000,-0.062025,0.000000,0.061902
0.007353,-0.009799,0.000513,0.000000,-0.000002,-0.000002,0.000000,0.000000,0.000000,0.000000,0.000000,-0.062025,0.000000,0.061902
0.007353,-0.009799,0.000513,0.000000,-0.000002,-0.000002,0.000000,0.000000,0.000000,0.000000,0.000000,-0.062025,0.000000,0.061902
0.007353,-0.009799,0.000514,0.000000,-0.000002,-0.000002,0.000000,0.000000,0.000000,0.000000,0.000000,-0.062026,0.000000,0.061903
0.007353,-0.009799,0.000514,0.000000,-0.000002,-0.000002,0.000000,0.000000,0.000000,0.000000,0.000000,-0.062026,0.000000,0.061903
0.007353,-0.009799,0.000514,0.000000,-0.000002,-0.000002,0.000000,0.000000,0.000000,0.000000,0.000000,-0.062026,0.000000,0.061903
0.007353,-0.009799,0.000515,0.000000,-0.000002,-0.000002,0.000000,0.000000,0.000000,0.000000,0.000000,-0.062027,0.000000,0.061904
0.007353,-0.009798,0.000515,0.000000,-0.000002,-0.000002,0.000000,0.000000,0.000000,0.000000,0.000000,-0.062027,0.000000,0.061904
0.007353,-0.009798,0.000515,0.000000,-0.000002,-0.000002,0.000000,0.000000,0.000000,0.000000,0.000000,-0.062027,0.000000,0.061904
0.007353,-0.009798,0.000516,0.000000,-0.000002,-0.000002,0.000000,0.000000,0.000000,0.000000,0.000000,-0.062028,0.000000,0.061905
0.007353,-0.009798,0.000516,0.000000,-0.000002,-0.000002,0.000000,0.000000,0.000000,0.000000,0.000000,-0.062028,0.000000,0.061905
0.007353,-0.009798,0.000516,0.000000,-0.000002,-0.000002,0.000000,0.000000,0.000000,0.000000,0.000000,-0.062028,0.000000,0.061906
0.007353,-0.009797,0.000516,0.000000,-0.000002,-0.000002,0.000000,0.000000,0.000000,0.000000,0.000000,-0.062028,0.000000,0.061906
0.007353,-0.009797,0.000517,0.000000,-0.000002,-0.000002,0.000000,0.000000,0.000000,0.000000,0.000000,-0.062029,0.000000,0.061906
0.007353,-0.009797,0.000517,0.000000,-0.000002,-0.000002,0.000000,0.000000,0.000000,0.000000,0.000000,-0.062029,0.000000,0.061907
0.007353,-0.009797,0.000517,0.000000,-0.000002,-0.000002,0.000000,0.000000,0.000000,0.000000,0.000000,-0.062029,0.000000,0.061907
0.007353,-0.009797,0.000518,0.000000,-0.000002,-0.000002,0.000000,0.000000,0.000000,0.000000,0.000000,-0.062029,0.000000,0.061908
0.007353,-0.009797,0.000518,0.000000,-0.000002,-0.000002,0.000000,0.000000,0.000000,0.000000,0.000000,-0.062030,0.000000,0.061908
0.007353,-0.009796,0.000518,0.000000,-0.000002,-0.000002,0.000000,0.000000,0.000000,0.000000,0.000000,-0.062030,0.000000,0.061909
0.007353,-0.009796,0.000519,0.000000,-0.000002,-0.000002,0.000000,0.000000,0.000000,0.000000,0.000000,-0.062030,0.000000,0.061909
0.007353,-0.009796,0.000519,0.000000,-0.000002,-0.000002,0.000000,0.000000,0.000000,0.000000,0.000000,-0.062030,0.000000,0.061909
0.007353,-0.009796,0.000519,0.000000,-0.000002,-0.000002,0.000000,0.000000,0.000000,0.000000,0.000000,-0.062031,0.000000,0.061910
0.007353,-0.009796,0.000519,0.000000,-0.000002,-0.000002,0.000000,0.000000,0.000000,0.000000,0.000000,-0.062031,0.000000,0.061910
0.007353,-0.009795,0.000520,0.000000,-0.000002,-0.000002,0.000000,0.000000,0.000000,0.000000,0.000000,-0.062031,0.000000,0.061911
0.007353,-0.009795,0.000520,0.000000,-0.000002,-0.000002,0.000000,0.000000,0.000000,0.000000,0.000000,-0.062031,0.000000,0.061911
0.007353,-0.009795,0.000520,0.000000,-0.000002,-0.000002,0.000000,0.000000,0.000000,0.000000,0.000000,-0.062031,0.000000,0.061912
0.007353,-0.009795,0.000520,0.000000,-0.000002,-0.000002,0.000000,0.000000,0.000000,0.000000,0.000000,-0.062031,0.000000,0.061912
0.007353,-0.009795,0.000521,0.000000,-0.000002,-0.000002,0.000000,0.000000,0.000000,0.000000,0.000000,-0.062032,0.000000,0.061913
0.007353,-0.009795,0.000521,0.000000,-0.000002,-0.000002,0.000000,0.000000,0.000000,0.000000,0.000000,-0.062032,0.000000,0.061913
0.007353,-0.009794,0.000521,0.000000,-0.000002,-0.000002,0.000000,0.000000,0.000000,0.000000,0.000000,-0.062032,0.000000,0.061914
0.007353,-0.009794,0.000521,0.000000,-0.000002,-0.000002,0.000000,0.000000,0.000000,0.000000,0.000000,-0.062032,0.000000,0.061914
0.007353,-0.009794,0.000522,0.000000,-0.000002,-0.000002,0.000000,0.000000,0.000000,0.000000,0.000000,-0.062032,0.000000,0.061915
0.007353,-0.009794,0.000522,0.000000,-0.000002,-0.000002,0.000000,0.000000,0.000000,0.000000,0.000000,-0.062033,0.000000,0.061915
0.007353,-0.009794,0.000522,0.000000,-0.000002,-0.000002,0.000000,0.000000,0.000000,0.000000,0.000000,-0.062033,0.000000,0.061915
0.007353,-0.009793,0.000523,0.000000,-0.000002,-0.000002,0.000000,0.000000,0.000000,0.000000,0.000000,-0.062033,0.000000,0.061916
0.007353,-0.009793,0.000523,0.000000,-0.000002,-0.000002,0.000000,0.000000,0.000000,0.000000,0.000000,-0.062033,0.000000,0.061917
0.007353,-0.009793,0.000523,0.000000,-0.000002,-0.000002,0.000000,0.000000,0.000000,0.000000,0.000000,-0.062033,0.000000,0.061917
0.007353,-0.009793,0.000523,0.000000,-0.000002,-0.000002,0.000000,0.000000,0.000000,0.000000,0.000000,-0.062033,0.000000,0.061917
0.007353,-0.009793,0.000524,0.000000,-0.000002,-0.000002,0.000000,0.000000,0.000000,0.000000,0.000000,-0.062033,0.000000,0.061918
0.007354,-0.009792,0.000524,0.000000,-0.000002,-0.000002,0.000000,0.000000,0.000000,0.000000,0.000000,-0.062034,0.000000,0.061919
0.007354,-0.009792,0.000524,0.000000,-0.000002,-0.000002,0.000000,0.000000,0.000000,0.000000,0.000000,-0.062034,0.000000,0.061919
0.007354,-0.009792,0.000524,0.000000,-0.000002,-0.000002,0.000000,0.000000,0.000000,0.000000,0.000000,-0.062034,0.000000,0.061920
0.007354,-0.009792,0.000525,0.000000,-0.000002,-0.000001,0.000000,0.000000,0.000000,0.000000,0.000000,-0.062034,0.000000,0.061920
0.007354,-0.009792,0.000525,0.000000,-0.000002,-0.000001,0.000000,0.000000,0.000000,0.000000,0.000000,-0.062034,0.000000,0.061921
0.007354,-0.009792,0.000525,0.000000,-0.000002,-0.000001,0.000000,0.000000,0.000000,0.000000,0.000000,-0.062034,0.000000,0.061921
0.007354,-0.009791,0.000525,0.000000,-0.000002,-0.000001,0.000000,0.000000,0.000000,0.000000,0.000000,-0.062034,0.000000,0.061922
0.007354,-0.009791,0.000526,0.000000,-0.000002,-0.000001,0.000000,0.000000,0.000000,0.000000,0.000000,-0.062034,0.000000,0.061922
0.007354,-0.009791,0.000526,0.000000,-0.000002,-0.000001,0.000000,0.000000,0.000000,0.000000,0.000000,-0.062034,0.000000,0.061923
0.007354,-0.009791,0.000526,0.000000,-0.000002,-0.000001,0.000000,0.000000,0.000000,0.000000,0.000000,-0.062035,0.000000,0.061923
0.007354,-0.009791,0.000526,0.000000,-0.000002,-0.000001,0.000000,0.000000,0.000000,0.000000,0.000000,-0.062035,0.000000,0.061924
0.007354,-0.009790,0.000526,0.000000,-0.000002,-0.000001,0.000000,0.000000,0.000000,0.000000,0.000000,-0.062035,0.000000,0.061924
0.007354,-0.009790,0.000527,0.000000,-0.000002,-0.000001,0.000000,0.000000,0.000000,0.000000,0.000000,-0.062035,0.000000,0.061925
0.007354,-0.009790,0.000527,0.000000,-0.000002,-0.000001,0.000000,0.000000,0.000000,0.000000,0.000000,-0.062035,0.000000,0.061926
0.007354,-0.009790,0.000527,0.000000,-0.000002,-0.000001,0.000000,0.000000,0.000000,0.000000,0.000000,-0.062035,0.000000,0.061926
0.007354,-0.009790,0.000527,0.000000,-0.000002,-0.000001,0.000000,0.000000,0.000000,0.000000,0.000000,-0.062035,0.000000,0.061927
0.007354,-0.009790,0.000528,0.000000,-0.000002,-0.000001,0.000000,0.000000,0.000000,0.000000,0.000000,-0.062035,0.000000,0.061927
0.007354,-0.009789,0.000528,0.000000,-0.000002,-0.000001,0.000000,0.000000,0.000000,0.000000,0.000000,-0.062035,0.000000,0.061928
0.007354,-0.009789,0.000528,0.000000,-0.000002,-0.000001,0.000000,0.000000,0.000000,0.000000,0.000000,-0.062035,0.000000,0.061928
0.007354,-0.009789,0.000528,0.000000,-0.000002,-0.000001,0.000000,0.000000,0.000000,0.000000,0.000000,-0.062035,0.000000,0.061929
0.007354,-0.009789,0.000528,0.000000,-0.000002,-0.000001,0.000000,0.000000,0.000000,0.000000,0.000000,-0.062035,0.000000,0.061929
0.007354,-0.009789,0.000529,0.000000,-0.000002,-0.000001,0.000000,0.000000,0.000000,0.000000,0.000000,-0.062035,0.000000,0.061930
0.007354,-0.009788,0.000529,0.000000,-0.000002,-0.000001,0.000000,0.000000,0.000000,0.000000,0.000000,-0.062035,0.000000,0.061931
0.007354,-0.009788,0.000529,0.000000,-0.000002,-0.000001,0.000000,0.000000,0.000000,0.000000,0.000000,-0.062036,0.000000,0.061931
0.007354,-0.009788,0.000529,0.000000,-0.000002,-0.000001,0.000000,0.000000,0.000000,0.000000,0.000000,-0.062036,0.000000,0.061932
0.007354,-0.009788,0.000530,0.000000,-0.000002,-0.000001,0.000000,0.000000,0.000000,0.000000,0.000000,-0.062036,0.000000,0.061932
0.007354,-0.009788,0.000530,0.000000,-0.000002,-0.000001,0.000000,0.000000,0.000000,0.000000,0.000000,-0.062036,0.000000,0.061933
0.007354,-0.009788,0.000530,0.000000,-0.000002,-0.000001,0.000000,0.000000,0.000000,0.000000,0.000000,-0.062036,0.000000,0.061933
0.007354,-0.009787,0.000530,0.000000,-0.000002,-0.000001,0.000000,0.000000,0.000000,0.000000,0.000000,-0.062036,0.000000,0.061934
0.007354,-0.009787,0.000530,0.000000,-0.000002,-0.000001,0.000000,0.000000,0.000000,0.000000,0.000000,-0.062036,0.000000,0.061935
0.007354,-0.009787,0.000531,0.000000,-0.000002,-0.000001,0.000000,0.000000,0.000000,0.000000,0.000000,-0.062036,0.000000,0.061935
0.007354,-0.009787,0.000531,0.000000,-0.000002,-0.000001,0.000000,0.000000,0.000000,0.000000,0.000000,-0.062036,0.000000,0.061936
0.007354,-0.009787,0.000531,0.000000,-0.000002,-0.000001,0.000000,0.000000,0.000000,0.000000,0.000000,-0.062036,0.000000,0.061936
0.007354,-0.009786,0.000531,0.000000,-0.000002,-0.000001,0.000000,0.000000,0.000000,0.000000,0.000000,-0.062036,0.000000,0.061937
0.007354,-0.009786,0.000531,0.000000,-0.000002,-0.000001,0.000000,0.000000,0.000000,0.000000,0.000000,-0.062036,0.000000,0.061938
0.007354,-0.009786,0.000532,0.000000,-0.000002,-0.000001,0.000000,0.000000,0.000000,0.000000,0.000000,-0.062036,0.000000,0.061938
0.007354,-0.009786,0.000532,0.000000,-0.000002,-0.000001,0.000000,0.000000,0.000000,0.000000,0.000000,-0.062036,0.000000,0.061939
0.007354,-0.009786,0.000532,0.000000,-0.000002,-0.000001,0.000000,0.000000,0.000000,0.000000,0.000000,-0.062036,0.000000,0.061939
0.007354,-0.009786,0.000532,0.000000,-0.000002,-0.000001,0.000000,0.000000,0.000000,0.000000,0.000000,-0.062036,0.000000,0.061940
0.007354,-0.009785,0.000532,0.000000,-0.000002,-0.000001,0.000000,0.000000,0.000000,0.000000,0.000000,-0.062036,0.000000,0.061941
0.007354,-0.009785,0.000533,0.000000,-0.000002,-0.000001,0.000000,0.000000,0.000000,0.000000,0.000000,-0.062036,0.000000,0.061941
0.007354,-0.009785,0.000533,0.000000,-0.000002,-0.000001,0.000000,0.000000,0.000000,0.000000,0.000000,-0.062036,0.000000,0.061942
0.007354,-0.009785,0.000533,0.000000,-0.000002,-0.000001,0.000000,0.000000,0.000000,0.000000,0.000000,-0.062036,0.000000,0.061943
0.007354,-0.009785,0.000533,0.000000,-0.000002,-0.000001,0.000000,0.000000,0.000000,0.000000,0.000000,-0.062036,0.000000,0.061943
0.007354,-0.009784,0.000533,0.000000,-0.000002,-0.000001,0.000000,0.000000,0.000000,0.000000,0.000000,-0.062036,0.000000,0.061944
0.007354,-0.009784,0.000533,0.000000,-0.000002,-0.000001,0.000000,0.000000,0.000000,0.000000,0.000000,-0.062036,0.000000,0.061944
0.007354,-0.009784,0.000534,0.000000,-0.000002,-0.000001,0.000000,0.000000,0.000000,0.000000,0.000000,-0.062036,0.000000,0.061945
0.007354,-0.009784,0.000534,0.000000,-0.000002,-0.000001,0.000000,0.000000,0.000000,0.000000,0.000000,-0.062036,0.000000,0.061946
0.007354,-0.009784,0.000534,0.000000,-0.000002,-0.000001,0.000000,0.000000,0.000000,0.000000,0.000000,-0.062036,0.000000,0.061946
0.007354,-0.009784,0.000534,0.000000,-0.000002,-0.000001,0.000000,0.000000,0.000000,0.000000,0.000000,-0.062036,0.000000,0.061947
0.007354,-0.009783,0.000534,0.000000,-0.000002,-0.000001,0.000000,0.000000,0.000000,0.000000,0.000000,-0.062036,0.000000,0.061948
0.007354,-0.009783,0.000535,0.000000,-0.000002,-0.000001,0.000000,0.000000,0.000000,0.000000,0.000000,-0.062036,0.000000,0.061948
0.007354,-0.009783,0.000535,0.000000,-0.000002,-0.000001,0.000000,0.000000,0.000000,0.000000,0.000000,-0.062036,0.000000,0.061949
0.007354,-0.009783,0.000535,0.000000,-0.000002,-0.000001,0.000000,0.000000,0.000000,0.000000,0.000000,-0.062036,0.000000,0.061949
0.007354,-0.009783,0.000535,0.000000,-0.000002,-0.000001,0.000000,0.000000,0.000000,0.000000,0.000000,-0.062036,0.000000,0.061950
0.007354,-0.009782,0.000535,0.000000,-0.000002,-0.000001,0.000000,0.000000,0.000000,0.000000,0.000000,-0.062035,0.000000,0.061951
0.007354,-0.009782,0.000535,0.000000,-0.000002,-0.000001,0.000000,0.000000,0.000000,0.000000,0.000000,-0.062035,0.000000,0.061951
0.007354,-0.009782,0.000536,0.000000,-0.000002,-0.000001,0.000000,0.000000,0.000000,0.000000,0.000000,-0.062035,0.000000,0.061952
0.007354,-0.009782,0.000536,0.000000,-0.000002,-0.000001,0.000000,0.000000,0.000000,0.000000,0.000000,-0.062035,0.000000,0.061953
0.007354,-0.009782,0.000536,0.000000,-0.000002,-0.000001,0.000000,0.000000,0.000000,0.000000,0.000000,-0.062035,0.000000,0.061953
0.007354,-0.009782,0.000536,0.000000,-0.000002,-0.000001,0.000000,0.000000,0.000000,0.000000,0.000000,-0.062035,0.000000,0.061954
0.007354,-0.009781,0.000536,0.000000,-0.000002,-0.000001,0.000000,0.000000,0.000000,0.000000,0.000000,-0.062035,0.000000,0.061955
0.007354,-0.009781,0.000536,0.000000,-0.000002,-0.000001,0.000000,0.000000,0.000000,0.000000,0.000000,-0.062035,0.000000,0.061955
0.007354,-0.009781,0.000537,0.000000,-0.000002,-0.000001,0.000000,0.000000,0.000000,0.000000,0.000000,-0.062035,0.000000,0.061956
0.007354,-0.009781,0.000537,0.000000,-0.000002,-0.000001,0.000000,0.000000,0.000000,0.000000,0.000000,-0.062035,0.000000,0.061957
0.007354,-0.009781,0.000537,0.000000,-0.000002,-0.000001,0.000000,0.000000,0.000000,0.000000,0.000000,-0.062035,0.000000,0.061957
0.007354,-0.009780,0.000537,0.000000,-0.000002,-0.000001,0.000000,0.000000,0.000000,0.000000,0.000000,-0.062035,0.000000,0.061958
0.007354,-0.009780,0.000537,0.000000,-0.000002,-0.000001,0.000000,0.000000,0.000000,0.000000,0.000000,-0.062035,0.000000,0.061958
0.007354,-0.009780,0.000537,0.000000,-0.000002,-0.000001,0.000000,0.000000,0.000000,0.000000,0.000000,-0.062035,0.000000,0.061959
0.007354,-0.009780,0.000538,0.000000,-0.000002,-0.000001,0.000000,0.000000,0.000000,0.000000,0.000000,-0.062035,0.000000,0.061960
0.007354,-0.009780,0.000538,0.000000,-0.000002,-0.000001,0.000000,0.000000,0.000000,0.000000,0.000000,-0.062035,0.000000,0.061960
0.007354,-0.009780,0.000538,0.000000,-0.000002,-0.000001,0.000000,0.000000,0.000000,0.000000,0.000000,-0.062035,0.000000,0.061961
0.007354,-0.009779,0.000538,0.000000,-0.000002,-0.000001,0.000000,0.000000,0.000000,0.000000,0.000000,-0.062034,0.000000,0.061962
0.007354,-0.009779,0.000538,0.000000,-0.000002,-0.000001,0.000000,0.000000,0.000000,0.000000,0.000000,-0.062034,0.000000,0.061962
0.007354,-0.009779,0.000538,0.000000,-0.000002,-0.000001,0.000000,0.000000,0.000000,0.000000,0.000000,-0.062034,0.000000,0.061963
0.007354,-0.009779,0.000539,0.000000,-0.000002,-0.000001,0.000000,0.000000,0.000000,0.000000,0.000000,-0.062034,0.000000,0.061964
0.007354,-0.009779,0.000539,0.000000,-0.000002,-0.000001,0.000000,0.000000,0.000000,0.000000,0.000000,-0.062034,0.000000,0.061964
0.007354,-0.009779,0.000539,0.000000,-0.000002,-0.000001,0.000000,0.000000,0.000000,0.000000,0.000000,-0.062034,0.000000,0.061965
0.007354,-0.009778,0.000539,0.000000,-0.000002,-0.000001,0.000000,0.000000,0.000000,0.000000,0.000000,-0.062034,0.000000,0.061966
0.007354,-0.009778,0.000539,0.000000,-0.000002,-0.000001,0.000000,0.000000,0.000000,0.000000,0.000000,-0.062034,0.000000,0.061966
0.007354,-0.009778,0.000539,0.000000,-0.000002,-0.000001,0.000000,0.000000,0.000000,0.000000,0.000000,-0.062034,0.000000,0.061967
0.007354,-0.009778,0.000539,0.000000,-0.000002,-0.000001,0.000000,0.000000,0.000000,0.000000,0.000000,-0.062034,0.000000,0.061968
0.007354,-0.009778,0.000540,0.000000,-0.000002,-0.000001,0.000000,0.000000,0.000000,0.000000,0.000000,-0.062033,0.000000,0.061968
0.007354,-0.009778,0.000540,0.000000,-0.000002,-0.000001,0.000000,0.000000,0.000000,0.000000,0.000000,-0.062034,0.000000,0.061969
0.007354,-0.009777,0.000540,0.000000,-0.000002,-0.000001,0.000000,0.000000,0.000000,0.000000,0.000000,-0.062033,0.000000,0.061970
0.007354,-0.009777,0.000540,0.000000,-0.000002,-0.000001,0.000000,0.000000,0.000000,0.000000,0.000000,-0.062033,0.000000,0.061970
0.007354,-0.009777,0.000540,0.000000,-0.000002,-0.000001,0.000000,0.000000,0.000000,0.000000,0.000000,-0.062033,0.000000,0.061971
0.007354,-0.009777,0.000540,0.000000,-0.000002,-0.000001,0.000000,0.000000,0.000000,0.000000,0.000000,-0.062033,0.000000,0.061972
0.007354,-0.009777,0.000540,0.000000,-0.000002,-0.000001,0.000000,0.000000,0.000000,0.000000,0.000000,-0.062033,0.000000,0.061972
0.007354,-0.009776,0.000541,0.000000,-0.000002,-0.000001,0.000000,0.000000,0.000000,0.000000,0.000000,-0.062033,0.000000,0.061973
0.007354,-0.009776,0.000541,0.000000,-0.000002,-0.000001,0.000000,0.000000,0.000000,0.000000,0.000000,-0.062033,0.000000,0.061974
0.007354,-0.009776,0.000541,0.000000,-0.000002,-0.000001,0.000000,0.000000,0.000000,0.000000,0.000000,-0.062033,0.000000,0.061974
0.007354,-0.009776,0.000541,0.000000,-0.000002,-0.000001,0.000000,0.000000,0.000000,0.000000,0.000000,-0.062033,0.000000,0.061975
0.007354,-0.009776,0.000541,0.000000,-0.000002,-0.000001,0.000000,0.000000,0.000000,0.000000,0.000000,-0.062032,0.000000,0.061976
0.007354,-0.009776,0.000541,0.000000,-0.000002,-0.000001,0.000000,0.000000,0.000000,0.000000,0.000000,-0.062032,0.000000,0.061976
0.007354,-0.009775,0.000541,0.000000,-0.000002,-0.000001,0.000000,0.000000,0.000000,0.000000,0.000000,-0.062032,0.000000,0.061977
0.007354,-0.009775,0.000542,0.000000,-0.000002,-0.000001,0.000000,0.000000,0.000000,0.000000,0.000000,-0.062032,0.000000,0.061978
0.007354,-0.009775,0.000542,0.000000,-0.000002,-0.000001,0.000000,0.000000,0.000000,0.000000,0.000000,-0.062032,0.000000,0.061978
0.007354,-0.009775,0.000542,0.000000,-0.000002,-0.000001,0.000000,0.000000,0.000000,0.000000,0.000000,-0.062032,0.000000,0.061979
0.007354,-0.009775,0.000542,0.000000,-0.000002,-0.000001,0.000000,0.000000,0.000000,0.000000,0.000000,-0.062032,0.000000,0.061980
0.007354,-0.009775,0.000542,0.000000,-0.000002,-0.000001,0.000000,0.000000,0.000000,0.000000,0.000000,-0.062032,0.000000,0.061980
0.007354,-0.009774,0.000542,0.000000,-0.000002,-0.000001,0.000000,0.000000,0.000000,0.000000,0.000000,-0.062031,0.000000,0.061981
0.007354,-0.009774,0.000542,0.000000,-0.000002,-0.000001,0.000000,0.000000,0.000000,0.000000,0.000000,-0.062031,0.000000,0.061982
0.007354,-0.009774,0.000542,0.000000,-0.000002,-0.000001,0.000000,0.000000,0.000000,0.000000,0.000000,-0.062031,0.000000,0.061982
0.007354,-0.009774,0.000543,0.000000,-0.000002,-0.000001,0.000000,0.000000,0.000000,0.000000,0.000000,-0.062031,0.000000,0.061983
0.007354,-0.009774,0.000543,0.000000,-0.000002,-0.000001,0.000000,0.000000,0.000000,0.000000,0.000000,-0.062031,0.000000,0.061984
0.007354,-0.009774,0.000543,0.000000,-0.000002,-0.000001,0.000000,0.000000,0.000000,0.000000,0.000000,-0.062031,0.000000,0.061984
0.007354,-0.009773,0.000543,0.000000,-0.000002,-0.000001,0.000000,0.000000,0.000000,0.000000,0.000000,-0.062030,0.000000,0.061985
0.007354,-0.009773,0.000543,0.000000,-0.000002,-0.000001,0.000000,0.000000,0.000000,0.000000,0.000000,-0.062030,0.000000,0.061986
0.007354,-0.009773,0.000543,0.000000,-0.000002,-0.000001,0.000000,0.000000,0.000000,0.000000,0.000000,-0.062030,0.000000,0.061986
0.007354,-0.009773,0.000543,0.000000,-0.000002,-0.000001,0.000000,0.000000,0.000000,0.000000,0.000000,-0.062030,0.000000,0.061987
0.007354,-0.009773,0.000543,0.000000,-0.000002,-0.000001,0.000000,0.000000,0.000000,0.000000,0.000000,-0.062030,0.000000,0.061988
0.007354,-0.009773,0.000544,0.000000,-0.000002,-0.000001,0.000000,0.000000,0.000000,0.000000,0.000000,-0.062030,0.000000,0.061989
0.007354,-0.009772,0.000544,0.000000,-0.000002,-0.000001,0.000000,0.000000,0.000000,0.000000,0.000000,-0.062030,0.000000,0.061989
0.007354,-0.009772,0.000544,0.000000,-0.000002,-0.000001,0.000000,0.000000,0.000000,0.000000,0.000000,-0.062030,0.000000,0.061990
0.007354,-0.009772,0.000544,0.000000,-0.000002,-0.000001,0.000000,0.000000,0.000000,0.000000,0.000000,-0.062029,0.000000,0.061991
0.007354,-0.009772,0.000544,0.000000,-0.000002,-0.000001,0.000000,0.000000,0.000000,0.000000,0.000000,-0.062029,0.000000,0.061991
0.007354,-0.009772,0.000544,0.000000,-0.000002,-0.000001,0.000000,0.000000,0.000000,0.000000,0.000000,-0.062029,0.000000,0.061992
0.007354,-0.009772,0.000544,0.000000,-0.000002,-0.000001,0.000000,0.000000,0.000000,0.000000,0.000000,-0.062029,0.000000,0.061993
0.007354,-0.009771,0.000544,0.000000,-0.000002,-0.000001,0.000000,0.000000,0.000000,0.000000,0.000000,-0.062029,0.000000,0.061993
0.007354,-0.009771,0.000544,0.000000,-0.000002,-0.000001,0.000000,0.000000,0.000000,0.000000,0.000000,-0.062029,0.000000,0.061994
0.007354,-0.009771,0.000545,0.000000,-0.000002,-0.000001,0.000000,0.000000,0.000000,0.000000,0.000000,-0.062029,0.000000,0.061995
0.007354,-0.009771,0.000545,0.000000,-0.000002,-0.000001,0.000000,0.000000,0.000000,0.000000,0.000000,-0.062029,0.000000,0.061995
0.007354,-0.009771,0.000545,0.000000,-0.000002,-0.000001,0.000000,0.000000,0.000000,0.000000,0.000000,-0.062028,0.000000,0.061996
0.007354,-0.009771,0.000545,0.000000,-0.000002,-0.000001,0.000000,0.000000,0.000000,0.000000,0.000000,-0.062028,0.000000,0.061997
0.007354,-0.009770,0.000545,0.000000,-0.000002,-0.000001,0.000000,0.000000,0.000000,0.000000,0.000000,-0.062028,0.000000,0.061997
0.007354,-0.009770,0.000545,0.000000,-0.000002,-0.000001,0.000000,0.000000,0.000000,0.000000,0.000000,-0.062028,0.000000,0.061998
0.007354,-0.009770,0.000545,0.000000,-0.000002,-0.000001,0.000000,0.000000,0.000000,0.000000,0.000000,-0.062028,0.000000,0.061999
0.007354,-0.009770,0.000545,0.000000,-0.000002,-0.000001,0.000000,0.000000,0.000000,0.000000,0.000000,-0.062027,0.000000,0.061999
0.007354,-0.009770,0.000545,0.000000,-0.000002,-0.000001,0.000000,0.000000,0.000000,0.000000,0.000000,-0.062027,0.000000,0.062000
0.007354,-0.009770,0.000546,0.000000,-0.000002,-0.000001,0.000000,0.000000,0.000000,0.000000,0.000000,-0.062027,0.000000,0.062001
0.007354,-0.009769,0.000546,0.000000,-0.000002,-0.000001,0.000000,0.000000,0.000000,0.000000,0.000000,-0.062027,0.000000,0.062001
0.007354,-0.009769,0.000546,0.000000,-0.000002,-0.000001,0.000000,0.000000,0.000000,0.000000,0.000000,-0.062027,0.000000,0.062002
0.007354,-0.009769,0.000546,0.000000,-0.000002,-0.000001,0.000000,0.000000,0.000000,0.000000,0.000000,-0.062027,0.000000,0.062003
0.007354,-0.009769,0.000546,0.000000,-0.000002,-0.000001,0.000000,0.000000,0.000000,0.000000,0.000000,-0.062027,0.000000,0.062003
0.007354,-0.009769,0.000546,0.000000,-0.000002,-0.000001,0.000000,0.000000,0.000000,0.000000,0.000000,-0.062026,0.000000,0.062004
0.007354,-0.009769,0.000546,0.000000,-0.000002,-0.000001,0.000000,0.000000,0.000000,0.000000,0.000000,-0.062026,0.000000,0.062005
0.007354,-0.009768,0.000546,0.000000,-0.000002,-0.000001,0.000000,0.000000,0.000000,0.000000,0.000000,-0.062026,0.000000,0.062005
0.007354,-0.009768,0.000546,0.000000,-0.000002,-0.000001,0.000000,0.000000,0.000000,0.000000,0.000000,-0.062026,0.000000,0.062006
0.007354,-0.009768,0.000547,0.000000,-0.000002,-0.000001,0.000000,0.000000,0.000000,0.000000,0.000000,-0.062026,0.000000,0.062007
0.007354,-0.009768,0.000547,0.000000,-0.000002,-0.000001,0.000000,0.000000,0.000000,0.000000,0.000000,-0.062026,0.000000,0.062007
0.007354,-0.009768,0.000547,0.000000,-0.000002,-0.000001,0.000000,0.000000,0.000000,0.000000,0.000000,-0.062025,0.000000,0.062008
0.007354,-0.009768,0.000547,0.000000,-0.000002,-0.000001,0.000000,0.000000,0.000000,0.000000,0.000000,-0.062025,0.000000,0.062009
0.007354,-0.009768,0.000547,0.000000,-0.000002,-0.000001,0.000000,0.000000,0.000000,0.000000,0.000000,-0.062025,0.000000,0.062009
0.007354,-0.009767,0.000547,0.000000,-0.000002,-0.000001,0.000000,0.000000,0.000000,0.000000,0.000000,-0.062025,0.000000,0.062010
0.007354,-0.009767,0.000547,0.000000,-0.000002,-0.000001,0.000000,0.000000,0.000000,0.000000,0.000000,-0.062025,0.000000,0.062011
0.007354,-0.009767,0.000547,0.000000,-0.000002,-0.000001,0.000000,0.000000,0.000000,0.000000,0.000000,-0.062024,0.000000,0.062011
0.007354,-0.009767,0.000547,0.000000,-0.000002,-0.000001,0.000000,0.000000,0.000000,0.000000,0.000000,-0.062024,0.000000,0.062012
0.007354,-0.009767,0.000547,0.000000,-0.000002,-0.000001,0.000000,0.000000,0.000000,0.000000,0.000000,-0.062024,0.000000,0.062013
0.007354,-0.009767,0.000548,0.000000,-0.000002,-0.000001,0.000000,0.000000,0.000000,0.000000,0.000000,-0.062024,0.000000,0.062014
0.007354,-0.009766,0.000548,0.000000,-0.000002,-0.000001,0.000000,0.000000,0.000000,0.000000,0.000000,-0.062024,0.000000,0.062014
0.007354,-0.009766,0.000548,0.000000,-0.000002,-0.000001,0.000000,0.000000,0.000000,0.000000,0.000000,-0.062024,0.000000,0.062015
0.007354,-0.009766,0.000548,0.000000,-0.000002,-0.000001,0.000000,0.000000,0.000000,0.000000,0.000000,-0.062024,0.000000,0.062015
0.007354,-0.009766,0.000548,0.000000,-0.000002,-0.000001,0.000000,0.000000,0.000000,0.000000,0.000000,-0.062023,0.000000,0.062016
0.007354,-0.009766,0.000548,0.000000,-0.000002,-0.000001,0.000000,0.000000,0.000000,0.000000,0.000000,-0.062023,0.000000,0.062017
0.007354,-0.009766,0.000548,0.000000,-0.000002,-0.000001,0.000000,0.000000,0.000000,0.000000,0.000000,-0.062023,0.000000,0.062017
0.007354,-0.009765,0.000548,0.000000,-0.000002,-0.000001,0.000000,0.000000,0.000000,0.000000,0.000000,-0.062023,0.000000,0.062018
0.007354,-0.009765,0.000548,0.000000,-0.000002,-0.000001,0.000000,0.000000,0.000000,0.000000,0.000000,-0.062023,0.000000,0.062019
0.007354,-0.009765,0.000548,0.000000,-0.000002,-0.000001,0.000000,0.000000,0.000000,0.000000,0.000000,-0.062022,0.000000,0.062020
0.007354,-0.009765,0.000549,0.000000,-0.000002,-0.000001,0.000000,0.000000,0.000000,0.000000,0.000000,-0.062022,0.000000,0.062020
0.007354,-0.009765,0.000549,0.000000,-0.000002,-0.000001,0.000000,0.000000,0.000000,0.000000,0.000000,-0.062022,0.000000,0.062021
0.007354,-0.009765,0.000549,0.000000,-0.000002,-0.000001,0.000000,0.000000,0.000000,0.000000,0.000000,-0.062022,0.000000,0.062021
0.007354,-0.009765,0.000549,0.000000,-0.000002,-0.000001,0.000000,0.000000,0.000000,0.000000,0.000000,-0.062022,0.000000,0.062022
0.007354,-0.009764,0.000549,0.000000,-0.000002,-0.000001,0.000000,0.000000,0.000000,0.000000,0.000000,-0.062021,0.000000,0.062023
0.007354,-0.009764,0.000549,0.000000,-0.000002,-0.000001,0.000000,0.000000,0.000000,0.000000,0.000000,-0.062021,0.000000,0.062023
0.007354,-0.009764,0.000549,0.000000,-0.000002,-0.000001,0.000000,0.000000,0.000000,0.000000,0.000000,-0.062021,0.000000,0.062024
0.007354,-0.009764,0.000549,0.000000,-0.000002,-0.000001,0.000000,0.000000,0.000000,0.000000,0.000000,-0.062021,0.000000,0.062025
0.007354,-0.009764,0.000549,0.000000,-0.000002,-0.000001,0.000000,0.000000,0.000000,0.000000,0.000000,-0.062021,0.000000,0.062026
0.007354,-0.009764,0.000549,0.000000,-0.000002,-0.000001,0.000000,0.000000,0.000000,0.000000,0.000000,-0.062021,0.000000,0.062026
0.007354,-0.009763,0.000549,0.000000,-0.000002,-0.000001,0.000000,0.000000,0.000000,0.000000,0.000000,-0.062020,0.000000,0.062027
0.007354,-0.009763,0.000550,0.000000,-0.000002,-0.000001,0.000000,0.000000,0.000000,0.000000,0.000000,-0.062020,0.000000,0.062027
0.007354,-0.009763,0.000550,0.000000,-0.000002,-0.000001,0.000000,0.000000,0.000000,0.000000,0.000000,-0.062020,0.000000,0.062028
0.007354,-0.009763,0.000550,0.000000,-0.000002,-0.000001,0.000000,0.000000,0.000000,0.000000,0.000000,-0.062020,0.000000,0.062029
0.007354,-0.009763,0.000550,0.000000,-0.000002,-0.000001,0.000000,0.000000,0.000000,0.000000,0.000000,-0.062020,0.000000,0.062029
0.007354,-0.009763,0.000550,0.000000,-0.000002,-0.000001,0.000000,0.000000,0.000000,0.000000,0.000000,-0.062020,0.000000,0.062030
0.007354,-0.009763,0.000550,0.000000,-0.000002,-0.000001,0.000000,0.000000,0.000000,0.000000,0.000000,-0.062019,0.000000,0.062031
0.007354,-0.009762,0.000550,0.000000,-0.000002,-0.000001,0.000000,0.000000,0.000000,0.000000,0.000000,-0.062019,0.000000,0.062031
0.007354,-0.009762,0.000550,0.000000,-0.000002,-0.000001,0.000000,0.000000,0.000000,0.000000,0.000000,-0.062019,0.000000,0.062032
0.007354,-0.009762,0.000550,0.000000,-0.000002,-0.000001,0.000000,0.000000,0.000000,0.000000,0.000000,-0.062019,0.000000,0.062033
0.007354,-0.009762,0.000550,0.000000,-0.000002,-0.000001,0.000000,0.000000,0.000000,0.000000,0.000000,-0.062018,0.000000,0.062033
0.007354,-0.009762,0.000550,0.000000,-0.000002,-0.000001,0.000000,0.000000,0.000000,0.000000,0.000000,-0.062018,0.000000,0.062034
0.007354,-0.009762,0.000550,0.000000,-0.000002,-0.000001,0.000000,0.000000,0.000000,0.000000,0.000000,-0.062018,0.000000,0.062035
0.007354,-0.009762,0.000551,0.000000,-0.000002,-0.000000,0.000000,0.000000,0.000000,0.000000,0.000000,-0.062018,0.000000,0.062035
0.007354,-0.009761,0.000551,0.000000,-0.000002,-0.000000,0.000000,0.000000,0.000000,0.000000,0.000000,-0.062018,0.000000,0.062036
0.007354,-0.009761,0.000551,0.000000,-0.000002,-0.000000,0.000000,0.000000,0.000000,0.000000,0.000000,-0.062018,0.000000,0.062037
0.007354,-0.009761,0.000551,0.000000,-0.000002,-0.000000,0.000000,0.000000,0.000000,0.000000,0.000000,-0.062018,0.000000,0.062037
0.007354,-0.009761,0.000551,0.000000,-0.000002,-0.000000,0.000000,0.000000,0.000000,0.000000,0.000000,-0.062017,0.000000,0.062038
0.007354,-0.009761,0.000551,0.000000,-0.000002,-0.000000,0.000000,0.000000,0.000000,0.000000,0.000000,-0.062017,0.000000,0.062039
0.007354,-0.009761,0.000551,0.000000,-0.000002,-0.000000,0.000000,0.000000,0.000000,0.000000,0.000000,-0.062017,0.000000,0.062039
0.007354,-0.009761,0.000551,0.000000,-0.000002,-0.000000,0.000000,0.000000,0.000000,0.000000,0.000000,-0.062017,0.000000,0.062040
0.007354,-0.009760,0.000551,0.000000,-0.000002,-0.000000,0.000000,0.000000,0.000000,0.000000,0.000000,-0.062017,0.000000,0.062040
0.007354,-0.009760,0.000551,0.000000,-0.000002,-0.000000,0.000000,0.000000,0.000000,0.000000,0.000000,-0.062016,0.000000,0.062041
0.007354,-0.009760,0.000551,0.000000,-0.000002,-0.000000,0.000000,0.000000,0.000000,0.000000,0.000000,-0.062016,0.000000,0.062042
0.007354,-0.009760,0.000551,0.000000,-0.000002,-0.000000,0.000000,0.000000,0.000000,0.000000,0.000000,-0.062016,0.000000,0.062043
0.007354,-0.009760,0.000551,0.000000,-0.000002,-0.000000,0.000000,0.000000,0.000000,0.000000,0.000000,-0.062016,0.000000,0.062043
0.007354,-0.009760,0.000552,0.000000,-0.000002,-0.000000,0.000000,0.000000,0.000000,0.000000,0.000000,-0.062016,0.000000,0.062044
0.007354,-0.009760,0.000552,0.000000,-0.000002,-0.000000,0.000000,0.000000,0.000000,0.000000,0.000000,-0.062015,0.000000,0.062045
0.007354,-0.009759,0.000552,0.000000,-0.000002,-0.000000,0.000000,0.000000,0.000000,0.000000,0.000000,-0.062015,0.000000,0.062045
0.007354,-0.009759,0.000552,0.000000,-0.000002,-0.000000,0.000000,0.000000,0.000000,0.000000,0.000000,-0.062015,0.000000,0.062046
0.007354,-0.009759,0.000552,0.000000,-0.000002,-0.000000,0.000000,0.000000,0.000000,0.000000,0.000000,-0.062015,0.000000,0.062046
0.007354,-0.009759,0.000552,0.000000,-0.000002,-0.000000,0.000000,0.000000,0.000000,0.000000,0.000000,-0.062014,0.000000,0.062047
0.007354,-0.009759,0.000552,0.000000,-0.000002,-0.000000,0.000000,0.000000,0.000000,0.000000,0.000000,-0.062014,0.000000,0.062048
0.007354,-0.009759,0.000552,0.000000,-0.000002,-0.000000,0.000000,0.000000,0.000000,0.000000,0.000000,-0.062014,0.000000,0.062048
0.007354,-0.009759,0.000552,0.000000,-0.000002,-0.000000,0.000000,0.000000,0.000000,0.000000,0.000000,-0.062014,0.000000,0.062049
0.007354,-0.009758,0.000552,0.000000,-0.000002,-0.000000,0.000000,0.000000,0.000000,0.000000,0.000000,-0.062014,0.000000,0.062049
0.007354,-0.009758,0.000552,0.000000,-0.000002,-0.000000,0.000000,0.000000,0.000000,0.000000,0.000000,-0.062013,0.000000,0.062050
0.007354,-0.009758,0.000552,0.000000,-0.000002,-0.000000,0.000000,0.000000,0.000000,0.000000,0.000000,-0.062013,0.000000,0.062051
0.007354,-0.009758,0.000552,0.000000,-0.000002,-0.000000,0.000000,0.000000,0.000000,0.000000,0.000000,-0.062013,0.000000,0.062051
0.007354,-0.009758,0.000552,0.000000,-0.000002,-0.000000,0.000000,0.000000,0.000000,0.000000,0.000000,-0.062013,0.000000,0.062052
0.007354,-0.009758,0.000553,0.000000,-0.000002,-0.000000,0.000000,0.000000,0.000000,0.000000,0.000000,-0.062013,0.000000,0.062053
0.007354,-0.009758,0.000553,0.000000,-0.000002,-0.000000,0.000000,0.000000,0.000000,0.000000,0.000000,-0.062012,0.000000,0.062053
0.007354,-0.009757,0.000553,0.000000,-0.000002,-0.000000,0.000000,0.000000,0.000000,0.000000,0.000000,-0.062012,0.000000,0.062054
0.007354,-0.009757,0.000553,0.000000,-0.000002,-0.000000,0.000000,0.000000,0.000000,0.000000,0.000000,-0.062012,0.000000,0.062055
0.007354,-0.009757,0.000553,0.000000,-0.000002,-0.000000,0.000000,0.000000,0.000000,0.000000,0.000000,-0.062012,0.000000,0.062055
0.007354,-0.009757,0.000553,0.000000,-0.000002,-0.000000,0.000000,0.000000,0.000000,0.000000,0.000000,-0.062012,0.000000,0.062056
0.007354,-0.009757,0.000553,0.000000,-0.000002,-0.000000,0.000000,0.000000,0.000000,0.000000,0.000000,-0.062012,0.000000,0.062057
0.007354,-0.009757,0.000553,0.000000,-0.000002,-0.000000,0.000000,0.000000,0.000000,0.000000,0.000000,-0.062011,0.000000,0.062057
0.007354,-0.009757,0.000553,0.000000,-0.000002,-0.000000,0.000000,0.000000,0.000000,0.000000,0.000000,-0.062011,0.000000,0.062058
0.007354,-0.009756,0.000553,0.000000,-0.000002,-0.000000,0.000000,0.000000,0.000000,0.000000,0.000000,-0.062011,0.000000,0.062058
0.007354,-0.009756,0.000553,0.000000,-0.000002,-0.000000,0.000000,0.000000,0.000000,0.000000,0.000000,-0.062011,0.000000,0.062059
0.007354,-0.009756,0.000553,0.000000,-0.000002,-0.000000,0.000000,0.000000,0.000000,0.000000,0.000000,-0.062011,0.000000,0.062060
0.007354,-0.009756,0.000553,0.000000,-0.000002,-0.000000,0.000000,0.000000,0.000000,0.000000,0.000000,-0.062010,0.000000,0.062060
0.007354,-0.009756,0.000553,0.000000,-0.000002,-0.000000,0.000000,0.000000,0.000000,0.000000,0.000000,-0.062010,0.000000,0.062061
0.007354,-0.009756,0.000553,0.000000,-0.000002,-0.000000,0.000000,0.000000,0.000000,0.000000,0.000000,-0.062010,0.000000,0.062061
0.007354,-0.009756,0.000554,0.000000,-0.000002,-0.000000,0.000000,0.000000,0.000000,0.000000,0.000000,-0.062010,0.000000,0.062062
0.007354,-0.009755,0.000554,0.000000,-0.000002,-0.000000,0.000000,0.000000,0.000000,0.000000,0.000000,-0.062010,0.000000,0.062063
0.007354,-0.009755,0.000554,0.000000,-0.000002,-0.000000,0.000000,0.000000,0.000000,0.000000,0.000000,-0.062009,0.000000,0.062063
0.007354,-0.009755,0.000554,0.000000,-0.000002,-0.000000,0.000000,0.000000,0.000000,0.000000,0.000000,-0.062009,0.000000,0.062064
0.007354,-0.009755,0.000554,0.000000,-0.000002,-0.000000,0.000000,0.000000,0.000000,0.000000,0.000000,-0.062009,0.000000,0.062065
0.007354,-0.009755,0.000554,0.000000,-0.000002,-0.000000,0.000000,0.000000,0.000000,0.000000,0.000000,-0.062009,0.000000,0.062065
0.007354,-0.009755,0.000554,0.000000,-0.000002,-0.000000,0.000000,0.000000,0.000000,0.000000,0.000000,-0.062009,0.000000,0.062066
0.007354,-0.009755,0.000554,0.000000,-0.000002,-0.000000,0.000000,0.000000,0.000000,0.000000,0.000000,-0.062008,0.000000,0.062066
