x,y,psi,u,v,r,n1x,n1y,n2x,n2y,n3x,n3y,n4x,n4y
-0.018502,-0.059339,0.009708,0.005929,0.013649,-0.018640,0.000000,0.007214,0.000000,-0.149060,0.000000,-0.480464,0.000000,0.000000
-0.018312,-0.060402,0.012890,0.005192,0.011312,-0.021159,0.000000,0.045246,0.000000,-0.072083,0.000000,-0.524175,0.000000,0.000000
-0.017905,-0.062164,0.016808,0.004009,0.018299,-0.024107,0.000000,0.055779,0.000000,-0.012298,0.000000,-0.554695,0.000000,0.000000
-0.017229,-0.064672,0.021028,0.001925,0.029283,-0.028110,0.000000,0.068344,0.000000,0.000000,0.000000,-0.590308,0.000000,0.000000
-0.016281,-0.068015,0.025802,0.000291,0.036715,-0.029361,0.000000,0.037999,-0.001667,-0.010892,0.000000,-0.736133,0.000000,0.000000
-0.015219,-0.071114,0.030755,-0.000020,0.029340,-0.026379,0.000000,0.011631,-0.024964,-0.074979,0.000000,-0.941813,0.000000,0.000000
-0.014457,-0.073145,0.034164,0.000009,0.024101,-0.022722,0.000000,0.000000,0.000000,-0.142577,0.000000,-1.000000,0.000000,0.000000
-0.013924,-0.074769,0.036856,0.001021,0.017853,-0.016554,0.000000,0.000000,0.000000,-0.086338,0.000000,-0.825313,0.122940,0.000000
-0.013852,-0.075444,0.038067,0.002728,0.008005,-0.008063,0.000000,0.000000,0.000000,-0.083860,0.000000,-0.708095,0.198315,0.000000
-0.014169,-0.075104,0.037401,0.001636,-0.003194,0.003548,0.000000,0.000000,0.000000,-0.203083,0.000000,-0.653993,0.040152,0.000000
-0.014699,-0.075130,0.035582,0.001206,0.001279,0.011181,0.000000,0.000000,0.000000,-0.284767,0.000000,-0.474272,0.000000,0.000000
-0.015398,-0.074877,0.033002,0.001157,-0.001684,0.017164,0.000000,0.000000,0.000000,-0.263646,0.000000,-0.182414,0.097963,0.000000
-0.016359,-0.074294,0.029390,0.001341,-0.004801,0.022239,0.000000,0.000000,0.000000,-0.426548,0.000000,-0.165220,0.056690,0.000000
-0.017588,-0.072586,0.024227,0.000265,-0.014721,0.027486,0.000000,0.000000,0.000000,-0.557145,0.000000,-0.159782,0.000000,0.000000
-0.018510,-0.070051,0.019182,-0.002907,-0.028906,0.033616,0.000000,0.000000,0.000000,-0.566460,0.000000,-0.007691,0.000000,0.000000
-0.019377,-0.067088,0.013782,-0.003786,-0.031351,0.033227,0.000000,0.000000,0.000000,-0.499087,0.000000,0.000000,0.088641,0.035243
-0.020059,-0.063965,0.008721,-0.004910,-0.036092,0.033699,0.000000,0.000000,0.000000,-0.447464,0.000000,0.000000,0.096074,0.286114
-0.020743,-0.059711,0.002701,-0.005378,-0.039735,0.032073,0.000000,0.000000,0.000000,-0.469239,0.011990,0.000000,0.000584,0.352285
-0.021314,-0.056259,-0.002426,-0.004600,-0.036941,0.031539,0.000000,0.000000,0.000000,-0.331895,0.003511,0.000000,0.000000,0.445580
-0.021889,-0.053081,-0.006970,-0.002904,-0.036871,0.030256,0.000000,0.000000,0.000000,-0.175929,0.000000,0.000000,0.000000,0.518376
-0.022507,-0.049797,-0.011684,-0.001964,-0.034967,0.028904,0.000000,0.000000,0.000000,-0.195340,0.000000,0.000000,0.000000,0.521553
-0.023047,-0.047015,-0.015664,-0.001040,-0.032166,0.026557,-0.034484,0.000000,0.000000,-0.176527,0.000000,0.000000,0.000000,0.548356
-0.023596,-0.044427,-0.019760,-0.000566,-0.023551,0.021849,-0.054228,0.000000,0.000000,-0.166362,0.000000,0.000000,0.000000,0.546502
-0.023997,-0.042184,-0.022481,0.000268,-0.024211,0.016717,-0.056715,0.017463,0.000000,-0.140846,0.000000,0.000000,0.000000,0.513006
-0.024290,-0.040151,-0.024434,0.000449,-0.024245,0.013014,-0.047409,0.022284,0.000000,-0.152996,0.000000,0.000000,0.000000,0.378770
-0.024508,-0.038292,-0.025879,0.000428,-0.020765,0.008893,-0.047425,0.079461,0.000000,-0.060613,0.000000,0.000000,0.000000,0.357507
-0.024779,-0.037128,-0.027143,0.001221,-0.010968,0.006729,-0.048671,0.047999,0.000000,-0.038326,0.000000,0.000000,0.000000,0.348389
-0.025013,-0.037165,-0.027905,0.001861,0.001245,0.005074,-0.044322,0.010821,0.000000,-0.045700,0.000000,0.000000,0.000000,0.275582
-0.025113,-0.037814,-0.027995,0.001063,0.007786,0.000553,-0.045990,0.000000,0.000000,-0.119254,0.000000,0.000000,0.000000,0.136412
-0.025098,-0.038756,-0.027528,0.000532,0.011636,-0.003113,-0.046583,0.000000,0.000000,-0.261090,0.000000,-0.007098,0.000000,0.000000
-0.025139,-0.040535,-0.026823,0.001300,0.017748,-0.003755,-0.014771,0.000000,0.000000,-0.293614,0.000000,-0.107728,0.000000,0.000000
-0.025225,-0.042773,-0.026203,0.001962,0.025975,-0.003812,0.000000,0.000000,0.000000,-0.291619,0.000000,-0.163548,0.000000,0.000000
-0.025227,-0.045142,-0.025354,0.001491,0.029618,-0.005657,0.000000,0.000000,0.000000,-0.370679,0.000000,-0.190755,0.000000,0.000000
-0.025111,-0.047564,-0.024129,0.000688,0.027591,-0.007531,-0.004917,0.000000,0.000000,-0.493743,0.000000,-0.257837,0.000000,0.000000
-0.024922,-0.050425,-0.022231,0.000974,0.027905,-0.010115,0.000000,0.000000,0.000000,-0.489690,0.000000,-0.327331,0.000000,0.000000
-0.024716,-0.053324,-0.020447,0.000994,0.035474,-0.011876,0.000000,0.000000,0.000000,-0.400871,0.000000,-0.321475,0.007938,0.000000
-0.024328,-0.056733,-0.018049,0.000168,0.038302,-0.014757,0.000000,0.000000,0.000000,-0.366067,0.000000,-0.362816,0.034409,0.000000
-0.023996,-0.059898,-0.015831,0.000830,0.038531,-0.014769,0.000000,0.000000,0.000000,-0.466297,0.000000,-0.506676,0.000000,0.000000
-0.023469,-0.063410,-0.013050,-0.000040,0.039244,-0.017102,0.000000,0.000000,0.000000,-0.481210,0.000000,-0.605693,0.000000,0.000000
-0.022769,-0.067397,-0.009673,-0.000260,0.038484,-0.017993,0.000000,0.000000,0.000000,-0.448956,0.000000,-0.554911,0.053503,0.000000
-0.022178,-0.070193,-0.006883,0.000006,0.033400,-0.018575,0.000000,0.000000,0.000000,-0.418051,0.000000,-0.592492,0.106985,0.000000
-0.021609,-0.073076,-0.004106,0.000527,0.031990,-0.017087,0.000000,0.000000,0.000000,-0.437744,0.000000,-0.674004,0.050930,0.000000
-0.021058,-0.075690,-0.001603,0.000300,0.031456,-0.016666,0.000000,0.000000,0.000000,-0.410323,0.000000,-0.652064,0.037690,0.000000
-0.020385,-0.078299,0.001276,0.000129,0.024915,-0.015342,0.000000,0.000000,0.000000,-0.394117,0.000000,-0.602574,0.104205,0.000000
-0.019848,-0.079455,0.004272,0.002392,0.011482,-0.018416,0.000000,0.000000,0.000000,-0.402245,0.000000,-0.635625,0.093699,0.000000
-0.019336,-0.078585,0.008042,0.005527,-0.014126,-0.025103,0.000000,0.000000,0.000000,-0.392649,0.000000,-0.609802,0.055430,0.000000
-0.018904,-0.077011,0.011820,0.005972,-0.021368,-0.023245,0.000000,0.076673,0.000000,-0.141753,0.000000,-0.534191,0.131589,0.000000
-0.018389,-0.075319,0.016124,0.005433,-0.019968,-0.022938,0.000000,0.437795,0.000000,0.000000,0.000000,-0.423138,0.257726,0.000000
-0.018083,-0.073816,0.019214,0.005470,-0.021562,-0.020562,0.000000,0.380070,0.000000,0.000000,0.000000,-0.393722,0.029200,0.000000
-0.017898,-0.071821,0.022138,0.005855,-0.025603,-0.017968,0.000000,0.208531,-0.072317,0.000000,0.000000,-0.520750,0.000000,0.000000
-0.017832,-0.069861,0.024328,0.005515,-0.026775,-0.014600,0.000000,0.143092,0.000000,0.000000,0.000000,-0.480069,0.000000,0.000000
-0.017916,-0.067068,0.026311,0.006162,-0.034405,-0.012169,0.000000,0.120712,0.000000,0.000000,0.000000,-0.327425,0.000000,0.000000
-0.018206,-0.063103,0.028188,0.007062,-0.041935,-0.010017,0.000000,0.206093,0.000000,0.000000,0.000000,-0.258232,0.000000,0.000000
-0.018687,-0.059899,0.028729,0.007563,-0.041594,-0.003602,0.000000,0.300381,0.000000,0.000000,0.000000,-0.205201,0.000000,0.000000
-0.019360,-0.056031,0.028004,0.006380,-0.045418,0.004459,0.000000,0.321054,0.000000,0.000000,0.000000,-0.117949,0.000000,0.052770
-0.019988,-0.052280,0.026729,0.005177,-0.047137,0.008470,0.000000,0.168764,0.000000,0.000000,0.000000,-0.024087,0.000000,0.121645
-0.020794,-0.047914,0.024909,0.005230,-0.043805,0.009715,0.000000,0.103073,0.000000,0.000000,0.000000,0.000000,0.000000,0.266418
-0.021528,-0.042683,0.023951,0.006997,-0.061353,0.005890,0.000000,0.208751,0.000000,0.000000,0.000000,0.000000,0.000000,0.348770
-0.022214,-0.036860,0.022900,0.007016,-0.073954,0.006999,-0.009736,0.325064,0.000000,0.000000,0.000000,0.000000,0.000000,0.343729
-0.022879,-0.030551,0.021529,0.005998,-0.073657,0.008421,-0.035255,0.573932,0.000000,0.000000,0.000000,0.000000,0.000000,0.553659
-0.023513,-0.023615,0.019414,0.004446,-0.069892,0.011286,-0.062364,0.602543,0.000000,0.000000,0.000000,0.000000,0.000000,0.759640
-0.023977,-0.018527,0.017496,0.004144,-0.063550,0.012767,-0.071903,0.606983,0.000000,0.000000,0.000000,0.000000,0.000000,0.761368
-0.024371,-0.013878,0.015632,0.003394,-0.053531,0.011464,-0.072068,0.666411,0.000000,0.000000,0.000000,0.000000,0.000000,0.770415
-0.024647,-0.010556,0.014180,0.002736,-0.041302,0.009674,-0.084144,0.596264,0.000000,0.000000,0.000000,0.000000,0.000000,0.747837
-0.024901,-0.007030,0.012831,0.002496,-0.040628,0.008295,-0.082533,0.523917,0.000000,0.000000,0.000000,0.000000,0.000000,0.639452
-0.025190,-0.003943,0.011459,0.002657,-0.030626,0.007302,-0.067593,0.485612,0.000000,0.000000,0.000000,0.000000,0.000000,0.508629
-0.025495,-0.002209,0.010238,0.003728,-0.021063,0.008139,-0.068995,0.472889,0.000000,0.000000,0.000000,0.000000,0.000000,0.532895
-0.025772,-0.001271,0.009172,0.003212,-0.010132,0.006561,-0.080025,0.339256,0.000000,0.000000,0.000000,0.000000,0.000000,0.438218
-0.025918,-0.000901,0.008525,0.001841,-0.004090,0.004304,-0.097332,0.272555,-0.008878,0.000000,0.000000,0.000000,0.000000,0.339525
-0.025859,-0.000795,0.007920,-0.000622,-0.000574,0.003228,-0.080463,0.208680,-0.022495,0.000000,0.000000,0.000000,0.000000,0.209584
-0.025634,-0.001395,0.007762,-0.002676,0.007266,0.000969,-0.046503,0.145838,-0.009397,0.000000,0.000000,0.000000,0.000000,0.120378
-0.025343,-0.002613,0.007753,-0.003742,0.015686,0.000060,-0.014388,0.046240,0.000000,0.000000,0.000000,-0.008835,0.000000,0.080188
-0.024912,-0.004211,0.007723,-0.005116,0.018977,0.000187,0.000000,0.000000,0.000000,0.000000,0.000000,-0.095751,0.000000,0.000000
-0.024361,-0.006254,0.007693,-0.005670,0.021034,0.000156,0.000000,0.000000,0.000000,-0.029544,0.000000,-0.173751,0.000000,0.000000
-0.023866,-0.008060,0.007613,-0.006394,0.023323,0.000534,0.000000,0.000000,0.000000,-0.124653,0.000000,-0.142109,0.000000,0.000000
-0.023236,-0.010205,0.007543,-0.007496,0.025527,0.000434,0.000000,0.000000,0.000000,-0.169840,0.000000,-0.137850,0.000000,0.000000
-0.022482,-0.012403,0.007721,-0.009619,0.028096,-0.001188,0.000000,0.000000,0.000000,-0.189255,0.000000,-0.179594,0.000000,0.000000
-0.021448,-0.014747,0.007618,-0.010687,0.024200,0.000551,0.000000,0.000000,0.000000,-0.218959,0.000000,-0.222026,0.000000,0.000000
-0.020520,-0.016481,0.007211,-0.011244,0.020905,0.002502,0.000000,0.000000,0.000000,-0.235294,0.000000,-0.279667,0.000000,0.000000
-0.019648,-0.017818,0.006683,-0.011559,0.017635,0.003514,0.000000,0.000000,0.000000,-0.240061,0.000000,-0.207429,0.001970,0.000000
-0.018701,-0.019000,0.006054,-0.011659,0.014494,0.003865,0.000000,0.000000,0.000000,-0.259328,0.000000,-0.122932,0.044101,0.000000
-0.017800,-0.019826,0.005375,-0.012111,0.011125,0.004521,0.000000,0.000000,0.000000,-0.242953,0.000000,-0.118000,0.035016,0.000000
-0.016570,-0.021360,0.004921,-0.012939,0.016055,0.002420,0.000000,0.000000,0.000000,-0.227705,0.000000,-0.129403,0.006360,0.000000
-0.015510,-0.022227,0.004599,-0.012848,0.010488,0.001980,0.000000,0.000000,0.000000,-0.209409,0.000000,-0.093686,0.019193,0.000000
-0.014544,-0.022715,0.004164,-0.012814,0.006552,0.002899,0.000000,0.000000,0.000000,-0.232935,0.000000,-0.189944,0.030224,0.000000
-0.013556,-0.023472,0.003525,-0.012268,0.009332,0.003929,0.000000,0.000000,0.000000,-0.167498,0.000000,-0.168555,0.028371,0.000000
-0.012234,-0.025005,0.002860,-0.014104,0.016062,0.003546,0.000000,0.000000,0.000000,-0.156577,0.000000,-0.065184,0.086075,0.000000
-0.011172,-0.026988,0.002895,-0.013614,0.025478,-0.000236,0.000000,0.000000,0.000000,-0.238787,0.000000,-0.091618,0.025157,0.000000
-0.010054,-0.029145,0.003283,-0.012871,0.025427,-0.002385,0.000000,0.000000,0.000000,-0.353529,0.038521,-0.237074,0.000000,0.000000
-0.009003,-0.031076,0.003761,-0.012967,0.024653,-0.003184,0.000000,0.000000,0.000000,-0.350880,0.003666,-0.392425,0.006909,0.000000
-0.007654,-0.033420,0.004214,-0.013421,0.023988,-0.002414,0.000000,0.000000,0.000000,-0.300121,0.000000,-0.340211,0.141070,0.000000
-0.006699,-0.035869,0.004008,-0.011601,0.029135,0.001269,0.000000,0.000000,0.000000,-0.293496,0.000000,-0.306636,0.201783,0.000000
-0.005947,-0.038232,0.003506,-0.010398,0.030528,0.003343,0.000000,0.000000,0.000000,-0.399920,0.000000,-0.340553,0.083080,0.000000
-0.005101,-0.040493,0.003214,-0.010453,0.026901,0.001795,0.000000,0.000000,0.000000,-0.590157,0.027483,-0.351969,0.000000,0.000000
-0.003897,-0.043180,0.003876,-0.011525,0.027532,-0.003527,0.000000,0.000000,0.000000,-0.573576,0.004669,-0.312803,0.099135,0.000000
-0.002470,-0.046415,0.005926,-0.014769,0.041307,-0.013661,0.000000,0.000000,0.000000,-0.410407,0.000000,-0.282732,0.276556,0.000000
-0.000853,-0.050053,0.008381,-0.014949,0.042982,-0.015093,0.000000,0.000000,0.000000,-0.369554,0.000000,-0.442279,0.229049,0.000000
0.000860,-0.053713,0.011224,-0.016284,0.047007,-0.018939,0.000000,0.000000,0.000000,-0.485166,0.000000,-0.833904,0.036933,0.000000
0.003387,-0.058556,0.015492,-0.018575,0.049955,-0.022728,0.000000,0.000000,0.000000,-0.494240,0.000112,-0.837933,0.102199,0.000000
0.005956,-0.062383,0.019124,-0.022591,0.045975,-0.022352,0.000000,0.000000,0.000000,-0.348717,0.000000,-0.778810,0.412332,0.000000
0.008471,-0.064774,0.021336,-0.026747,0.031284,-0.014726,0.000000,0.000000,0.000000,-0.352514,0.000000,-0.930827,0.410138,0.000000
0.011011,-0.066469,0.023057,-0.025995,0.020662,-0.010578,0.000000,0.000000,0.000000,-0.552439,0.072530,-0.983712,0.194096,0.000000
0.013632,-0.067649,0.024121,-0.024691,0.012539,-0.005674,0.000000,0.000000,0.000000,-0.557006,0.150166,-0.684467,0.317193,0.000000
0.015759,-0.068553,0.025106,-0.024638,0.012153,-0.006550,0.000000,0.000000,0.000000,-0.342496,0.078408,-0.469121,0.583919,0.000000
0.017799,-0.068754,0.025666,-0.022797,0.002714,-0.003447,0.000000,0.003512,0.000000,-0.432487,0.109061,-0.419247,0.444605,0.000000
0.019410,-0.067319,0.026036,-0.019693,-0.018196,-0.002464,0.000000,0.069475,0.000000,-0.578588,0.225121,-0.604858,0.124104,0.000000
0.021022,-0.063706,0.025983,-0.016702,-0.037199,0.000285,0.000000,0.089193,0.000000,-0.430765,0.188490,-0.469384,0.258918,0.000000
0.022180,-0.059991,0.025669,-0.014476,-0.044317,0.001928,0.000000,0.131918,0.000000,-0.035517,0.015034,-0.090789,0.604559,0.000000
0.023238,-0.057779,0.025770,-0.013375,-0.028385,-0.000678,0.000000,0.251780,0.000000,0.000000,0.045363,0.000000,0.457587,0.128134
0.024034,-0.056358,0.025461,-0.010120,-0.017144,0.001903,0.000000,0.326054,0.000000,-0.047061,0.214128,-0.109373,0.000000,0.216902
0.024545,-0.054825,0.024859,-0.007939,-0.020281,0.004010,0.000000,0.236547,0.000000,-0.093945,0.142200,-0.387138,0.000000,0.000000
0.024901,-0.052939,0.023726,-0.005670,-0.020310,0.006037,0.000000,0.000000,0.000000,-0.094126,0.000000,-0.314864,0.000000,0.000000
0.024999,-0.050810,0.022397,-0.003794,-0.026491,0.008172,0.000000,0.000000,0.000000,-0.159043,0.038928,-0.040717,0.184530,0.011030
0.024955,-0.048512,0.021110,-0.002074,-0.030848,0.008573,0.000000,0.000000,0.000000,-0.032753,0.165909,-0.070275,0.291806,0.083431
0.024783,-0.045449,0.019933,-0.000091,-0.037407,0.007229,0.000000,0.069479,0.000000,-0.036773,0.153233,-0.058501,0.117087,0.117750
0.024413,-0.041446,0.018790,0.002124,-0.042154,0.006098,0.000000,0.148168,0.000000,-0.089437,0.111058,0.000000,0.000000,0.178267
0.024022,-0.038438,0.017932,0.003600,-0.039512,0.005711,0.000000,0.162354,0.000000,0.000000,0.032252,0.000000,0.012049,0.271926
0.023593,-0.035857,0.017294,0.004171,-0.031187,0.003919,0.000000,0.234948,0.000000,0.000000,0.000000,0.000000,0.026003,0.336558
0.023197,-0.034003,0.017029,0.004705,-0.024101,0.001769,0.000000,0.260325,0.000000,0.000000,0.000000,0.000000,0.000000,0.335702
0.022608,-0.032891,0.016750,0.005755,-0.011660,0.001487,0.000000,0.249784,0.000000,0.000000,0.000000,-0.122452,0.000000,0.221110
0.022186,-0.032342,0.016968,0.005281,-0.006333,-0.001340,0.000000,0.215652,0.000000,0.000000,0.000000,-0.217253,0.000000,0.114537
0.021810,-0.031624,0.017203,0.005140,-0.009024,-0.001568,0.000000,0.003670,0.000000,0.000000,0.000000,-0.229863,0.000000,0.000000
0.021425,-0.030958,0.017507,0.004935,-0.007659,-0.001866,0.000000,0.000000,0.000000,0.000000,0.000000,-0.243233,0.000000,0.000000
0.021063,-0.030851,0.017863,0.005100,-0.001067,-0.002369,0.000000,0.000000,0.000000,0.000000,0.000000,-0.145584,0.109968,0.000000
0.020511,-0.031861,0.018118,0.005931,0.010563,-0.001361,0.000000,0.000000,0.000000,0.000000,0.000000,-0.154354,0.113112,0.000000
0.019837,-0.033037,0.017798,0.007610,0.013707,0.001968,0.000000,0.007341,0.000000,-0.013504,0.007604,-0.279532,0.000000,0.000000
0.019175,-0.034009,0.017409,0.008004,0.012203,0.002593,0.000000,0.000000,0.000000,-0.191936,0.016506,-0.376030,0.000000,0.000000
0.018490,-0.035260,0.017023,0.007641,0.014562,0.002370,0.000000,0.000000,0.000000,-0.272049,0.000000,-0.275141,0.000000,0.000000
0.018152,-0.038421,0.017993,0.004579,0.033111,-0.005172,0.000000,0.000000,0.000000,-0.232820,0.000000,-0.182990,0.122361,0.000000
0.017867,-0.042526,0.018486,0.004434,0.053141,-0.003277,0.000000,0.000000,0.000000,-0.224468,0.000000,-0.270999,0.122478,0.000000
0.017421,-0.047308,0.018374,0.005117,0.056690,0.000683,0.000000,0.000000,0.000000,-0.382463,0.000000,-0.675111,0.000000,0.000000
0.016775,-0.052073,0.017492,0.006620,0.060638,0.005873,0.000000,0.000000,0.000000,-0.713409,0.010359,-0.816627,0.000000,0.000000
0.015852,-0.057314,0.016153,0.007248,0.053245,0.007141,0.000000,0.000000,0.000000,-0.782699,0.000000,-0.584167,0.140522,0.000000
0.015060,-0.061130,0.015390,0.007758,0.044820,0.004692,0.000000,0.000000,0.000000,-0.831963,0.000000,-0.440812,0.293063,0.000000
0.014347,-0.064141,0.014609,0.007241,0.038242,0.005198,0.000000,0.000000,0.000000,-0.862723,0.000000,-0.473085,0.190775,0.000000
0.013572,-0.066813,0.013969,0.007670,0.031361,0.003933,0.000000,0.000000,0.000000,-0.797119,0.000000,-0.512128,0.115879,0.000000
0.012816,-0.069987,0.013842,0.007499,0.032608,0.000679,0.000000,0.000000,0.000000,-0.686454,0.000000,-0.439298,0.221711,0.000000
0.012408,-0.073073,0.014431,0.006923,0.040029,-0.003929,0.000000,0.000000,0.000000,-0.584213,0.000000,-0.397551,0.265754,0.000000
0.012165,-0.076301,0.015602,0.006076,0.038845,-0.007195,0.000000,0.000000,0.000000,-0.651903,0.000000,-0.529621,0.124823,0.000000
0.012103,-0.078531,0.016699,0.004176,0.029206,-0.007304,0.000000,0.000000,0.000000,-0.721427,0.000000,-0.735233,0.016427,0.000000
0.012036,-0.080585,0.018204,0.004505,0.021748,-0.008025,0.000000,0.000000,0.000000,-0.558971,0.000000,-0.735582,0.197659,0.000000
0.011936,-0.081707,0.019543,0.005211,0.013930,-0.008231,0.000000,0.000000,0.000000,-0.365888,0.000000,-0.566780,0.410599,0.000000
0.011946,-0.082222,0.020875,0.004266,0.007277,-0.008871,0.000000,0.000000,0.000000,-0.439022,0.000000,-0.541962,0.253520,0.000000
0.012008,-0.082159,0.022421,0.003999,-0.000051,-0.009503,0.000000,0.000000,0.000000,-0.513037,0.000000,-0.579974,0.000000,0.000000
0.011830,-0.082034,0.023656,0.006391,-0.001007,-0.008226,0.000000,0.048065,0.000000,-0.302032,0.000000,-0.553347,0.162275,0.000000
0.011598,-0.083360,0.025173,0.006411,0.014233,-0.008084,0.000000,0.062505,0.000000,-0.023833,0.000000,-0.482348,0.400504,0.000000
0.011658,-0.085381,0.027035,0.005073,0.024797,-0.011442,0.000000,0.000000,0.000000,-0.209995,0.000000,-0.482127,0.133432,0.000000
0.011730,-0.087048,0.028659,0.004673,0.022242,-0.010825,0.000000,0.000000,0.000000,-0.613323,0.000000,-0.695018,0.000000,0.000000
0.012112,-0.089617,0.031003,0.003066,0.031550,-0.014412,0.000000,0.000000,0.000000,-0.456713,0.000000,-0.869860,0.015494,0.000000
0.012294,-0.091849,0.033126,0.004276,0.023809,-0.011313,0.000000,0.000000,0.000000,-0.232073,0.000000,-0.705748,0.388854,0.000000
0.012237,-0.093021,0.033975,0.003890,0.015503,-0.005658,0.000000,0.000000,0.000000,-0.354490,0.000000,-0.817497,0.336958,0.000000
0.011979,-0.093521,0.034167,0.003726,0.006008,-0.001174,0.000000,0.000000,0.000000,-0.610892,0.000000,-0.804866,0.000000,0.000000
0.011477,-0.093189,0.033790,0.005034,-0.004455,0.002513,0.000000,0.000000,0.000000,-0.571627,0.000000,-0.575352,0.106685,0.000000
0.010462,-0.092351,0.032241,0.005781,-0.009178,0.008253,0.000000,0.000000,0.000000,-0.256116,0.000000,-0.408494,0.451514,0.000000
0.009261,-0.091415,0.030048,0.006693,-0.011938,0.013473,0.000000,0.000000,0.000000,-0.272585,0.000000,-0.347107,0.319563,0.000000
0.008007,-0.089878,0.027764,0.007682,-0.020600,0.015221,0.000000,0.000000,0.000000,-0.616336,0.039035,-0.284072,0.000000,0.000000
0.006588,-0.087080,0.025548,0.009426,-0.033858,0.013630,0.000000,0.000000,0.000000,-0.617465,0.045665,-0.173251,0.000000,0.000000
0.004833,-0.083702,0.022788,0.010273,-0.035281,0.014697,0.000000,0.000000,0.000000,-0.266743,0.000000,-0.015794,0.286036,0.000000
0.003462,-0.081795,0.020666,0.010456,-0.024919,0.014132,0.000000,0.043740,0.000000,-0.047611,0.000000,0.000000,0.292541,0.014849
0.001858,-0.081087,0.018136,0.011330,-0.008707,0.015559,0.000000,0.036827,0.000000,-0.261118,0.000000,0.000000,0.000000,0.056425
0.000405,-0.080792,0.015965,0.011561,-0.003930,0.014453,0.000000,0.000000,0.000000,-0.453302,0.015838,-0.095319,0.000000,0.000000
-0.001081,-0.080380,0.014072,0.011944,-0.004902,0.011650,0.000000,0.000000,0.000000,-0.460297,0.000000,-0.202985,0.000000,0.000000
-0.002726,-0.079642,0.012222,0.012119,-0.007512,0.009861,0.000000,0.000000,0.000000,-0.477437,0.000000,-0.153977,0.000257,0.000000
-0.003995,-0.080102,0.010980,0.012321,0.006056,0.008264,0.000000,0.000000,0.000000,-0.415685,0.000000,-0.130137,0.046659,0.000000
-0.005004,-0.081192,0.010689,0.011113,0.012994,0.001788,0.000000,0.000000,0.000000,-0.336894,0.000000,-0.139541,0.047236,0.000000
-0.005791,-0.082208,0.010869,0.010718,0.013023,-0.001201,0.000000,0.000000,0.000000,-0.523590,0.000000,-0.310070,0.000000,0.000000
-0.006755,-0.083522,0.011387,0.011290,0.013423,-0.002760,0.000000,0.000000,0.000000,-0.507983,0.000000,-0.503301,0.000000,0.000000
-0.007301,-0.085605,0.012653,0.010429,0.024419,-0.007781,0.000000,0.000000,0.000000,-0.381159,0.000000,-0.457565,0.075608,0.000000
-0.007648,-0.086995,0.013897,0.008762,0.017523,-0.008286,0.000000,0.000000,0.000000,-0.377711,0.000000,-0.400497,0.124765,0.000000
-0.008021,-0.088559,0.015222,0.008724,0.018183,-0.008142,0.000000,0.000000,0.000000,-0.498745,0.000000,-0.650132,0.000000,0.000000
-0.008612,-0.091323,0.016311,0.009197,0.028162,-0.005803,0.000000,0.000000,0.000000,-0.430262,0.000000,-0.643050,0.000000,0.000000
-0.008983,-0.093314,0.017271,0.008313,0.025276,-0.006396,0.000000,0.000000,0.000000,-0.349278,0.000000,-0.525771,0.178257,0.000000
-0.009296,-0.095232,0.018443,0.007799,0.022391,-0.007212,0.000000,0.000000,0.000000,-0.557798,0.000000,-0.608171,0.077774,0.000000
-0.009537,-0.096314,0.019814,0.008371,0.013414,-0.009129,0.000000,0.000000,0.000000,-0.641583,0.000000,-0.675375,0.000000,0.000000
-0.009766,-0.096952,0.021439,0.008559,0.007004,-0.009983,0.000000,0.000000,0.000000,-0.466866,0.000000,-0.619087,0.123720,0.000000
-0.010093,-0.097266,0.023163,0.008769,0.002705,-0.009195,0.000000,0.000000,0.000000,-0.239679,0.000000,-0.538042,0.272883,0.000000
-0.010303,-0.097342,0.024604,0.008371,0.000402,-0.009596,0.000000,0.012571,0.000000,-0.274227,0.000000,-0.547963,0.119337,0.000000
-0.010401,-0.097576,0.026327,0.007417,0.002129,-0.010589,0.000000,0.010183,0.000000,-0.383631,0.000000,-0.560257,0.000000,0.000000
-0.010500,-0.097729,0.027758,0.006915,0.001380,-0.009539,0.000000,0.000000,0.000000,-0.250612,0.000000,-0.551876,0.012492,0.000000
-0.010530,-0.097733,0.029449,0.005651,-0.000520,-0.009003,0.000000,0.009582,0.000000,-0.139873,0.000000,-0.585649,0.154035,0.000000
-0.010633,-0.098095,0.030507,0.005076,0.003895,-0.006507,0.000000,0.000000,0.000000,-0.195844,0.000000,-0.584584,0.080118,0.000000
-0.010962,-0.098423,0.030798,0.005392,0.004089,-0.001940,0.000000,0.000000,0.000000,-0.299536,0.000000,-0.560203,0.000000,0.000000
-0.011472,-0.098427,0.030580,0.005241,0.000146,0.001345,0.000000,0.000000,0.000000,-0.342883,0.000000,-0.565641,0.012750,0.000000
-0.012373,-0.097960,0.029405,0.005544,-0.004365,0.006263,0.000000,0.000000,0.000000,-0.360057,0.000000,-0.493968,0.085595,0.000000
-0.013289,-0.097573,0.027824,0.005509,-0.004173,0.010524,0.000000,0.000000,0.000000,-0.375019,0.000000,-0.389590,0.105206,0.000000
-0.014221,-0.097753,0.026084,0.004740,0.003017,0.010696,0.000000,0.000000,0.000000,-0.455706,0.000000,-0.279111,0.039421,0.000000
-0.015008,-0.097894,0.024497,0.003856,0.002742,0.010567,0.000000,0.000000,0.000000,-0.551305,0.000000,-0.242792,0.000000,0.000000
-0.016033,-0.097889,0.022342,0.004304,0.001168,0.013260,0.000000,0.000000,0.000000,-0.581122,0.000000,-0.350554,0.000000,0.000000
-0.017752,-0.098173,0.018740,0.006293,0.004856,0.019186,0.000000,0.000000,0.000000,-0.527268,0.000000,-0.351920,0.059919,0.000000
-0.019068,-0.098035,0.016019,0.006150,0.000227,0.018134,0.000000,0.000000,0.000000,-0.574392,0.000000,-0.216951,0.097166,0.000000
-0.020370,-0.096830,0.012510,0.002640,-0.011743,0.021575,0.000000,0.000000,0.000000,-0.816542,0.000000,-0.121822,0.000000,0.000000
-0.021436,-0.094567,0.008933,-0.000271,-0.026073,0.023824,0.000000,0.000000,0.000000,-0.741317,0.000000,-0.139565,0.000000,0.000000
-0.022495,-0.090543,0.004901,-0.001410,-0.038531,0.021480,0.000000,0.000000,0.000000,-0.535993,0.000000,0.000000,0.151601,0.000000
-0.023076,-0.086437,0.002251,-0.002035,-0.046461,0.016289,0.000000,0.000000,0.000000,-0.446107,0.000000,0.000000,0.186394,0.033398
-0.023330,-0.082513,0.000604,-0.002490,-0.048937,0.010980,0.000000,0.000000,0.000000,-0.366414,0.000000,0.000000,0.006526,0.177421
-0.023520,-0.078781,-0.000687,-0.001709,-0.043189,0.007939,0.000000,0.066883,0.000000,-0.171790,0.000000,0.000000,0.000000,0.263503
-0.023726,-0.075222,-0.001780,-0.000669,-0.035766,0.005823,0.000000,0.206746,0.000000,0.000000,0.000000,0.000000,0.005405,0.267796
-0.023778,-0.071715,-0.001641,0.001090,-0.045238,-0.000929,0.000000,0.173398,0.000000,0.000000,0.000000,0.000000,0.000000,0.185978
-0.023749,-0.068065,-0.001037,0.001276,-0.043821,-0.003707,0.000000,0.013733,0.000000,-0.025828,0.000000,-0.046945,0.000000,0.088861
-0.023556,-0.065254,0.000139,0.000751,-0.037313,-0.007842,0.000000,0.200277,0.000000,0.000000,0.000000,-0.013524,0.000000,0.170397
-0.023119,-0.061806,0.001931,-0.000707,-0.036818,-0.009550,0.000000,0.274048,0.000000,0.000000,0.000000,0.000000,0.000000,0.175040
-0.022561,-0.059375,0.004056,-0.001724,-0.030691,-0.013067,0.000000,0.276306,0.000000,0.000000,0.000000,-0.178047,0.000000,0.026693
-0.021949,-0.057787,0.006395,-0.002255,-0.022534,-0.015583,0.000000,0.292035,0.000000,0.000000,0.000000,-0.225724,0.000000,0.009581
-0.021110,-0.056864,0.009522,-0.003201,-0.013466,-0.019208,0.000000,0.161049,0.000000,0.000000,0.000000,-0.210335,0.000000,0.000000
-0.020150,-0.055972,0.013126,-0.003237,-0.011608,-0.019210,0.000000,0.124151,0.000000,0.000000,0.000000,-0.314027,0.000000,0.000000
-0.019413,-0.055463,0.015892,-0.003215,-0.008768,-0.018420,0.000000,0.206777,0.000000,0.000000,0.000000,-0.477287,0.000000,0.000000
-0.018675,-0.055563,0.018615,-0.003129,-0.000757,-0.016749,0.000000,0.205245,0.000000,0.000000,0.000000,-0.454384,0.000000,0.000000
-0.018179,-0.056378,0.020431,-0.002288,0.009123,-0.012099,0.000000,0.090325,0.000000,0.000000,0.000000,-0.405920,0.000000,0.000000
-0.018010,-0.058517,0.021111,-0.000582,0.024931,-0.004179,0.000000,0.009254,0.000000,0.000000,0.000000,-0.484080,0.000000,0.000000
-0.017779,-0.061872,0.021707,-0.001250,0.034167,-0.003172,0.000000,0.000000,0.000000,-0.102437,0.000000,-0.524835,0.000000,0.000000
-0.017661,-0.064631,0.021921,-0.000988,0.035353,-0.001425,0.000000,0.000000,0.000000,-0.459297,0.000000,-0.499033,0.000000,0.000000
-0.017877,-0.067700,0.021057,0.000493,0.036987,0.005309,0.000000,0.000000,0.000000,-0.584746,0.000000,-0.569729,0.000000,0.000000
-0.018562,-0.070979,0.018982,0.003133,0.043646,0.013807,0.000000,0.000000,0.000000,-0.526047,0.000000,-0.550992,0.075302,0.000000
-0.019753,-0.075106,0.015582,0.004467,0.044565,0.018130,0.000000,0.000000,0.000000,-0.666045,0.000000,-0.408319,0.113054,0.000000
-0.021640,-0.079409,0.010823,0.009088,0.054641,0.029237,0.000000,0.000000,0.000000,-1.000000,0.000000,-0.333295,0.000000,0.000000
-0.023820,-0.084565,0.005797,0.011951,0.070842,0.033482,0.000000,0.000000,0.000000,-1.000000,0.000000,-0.318993,0.000000,0.000000
-0.026202,-0.091391,0.000897,0.012872,0.085589,0.030157,-0.037243,0.000000,0.000000,-1.000000,0.000000,-0.195035,0.000000,0.000000
-0.028710,-0.098998,-0.003526,0.012755,0.082072,0.023562,-0.089342,0.000000,0.000000,-1.000000,0.000000,-0.261416,0.000000,0.000000
-0.030363,-0.104856,-0.005854,0.011956,0.078063,0.015504,-0.071833,0.000000,0.000000,-1.000000,0.000000,-0.510116,0.000000,0.000000
-0.031939,-0.110926,-0.007454,0.012455,0.073898,0.009840,-0.040065,0.000000,0.000000,-1.000000,0.000000,-0.579407,0.000000,0.000000
-0.033276,-0.116841,-0.008281,0.013490,0.077129,0.005508,-0.018975,0.000000,0.000000,-1.000000,0.000000,-0.579564,0.000000,0.000000
-0.034392,-0.123580,-0.008164,0.013760,0.079805,-0.000723,-0.017890,0.000000,0.000000,-1.000000,0.000000,-0.619911,0.000000,0.000000
-0.034701,-0.131382,-0.005873,0.012343,0.077815,-0.012216,-0.015803,0.000000,-0.023158,-1.000000,0.000000,-0.735572,0.000000,0.000000
-0.034103,-0.137141,-0.002445,0.010528,0.069359,-0.022838,0.000000,0.000000,-0.062600,-1.000000,0.000000,-0.873873,0.000000,0.000000
-0.032771,-0.142473,0.002387,0.008949,0.057312,-0.029693,0.000000,0.000000,-0.063031,-1.000000,0.000000,-1.000000,0.000000,0.000000
-0.031282,-0.146625,0.007260,0.008938,0.047140,-0.032445,0.000000,0.000000,-0.024170,-0.757123,0.000000,-1.000000,0.112784,0.000000
-0.028940,-0.150218,0.014116,0.008472,0.030393,-0.036550,0.000000,0.000000,0.000000,-0.485502,0.000000,-1.000000,0.235972,0.000000
-0.026903,-0.151941,0.019913,0.008361,0.014496,-0.035644,0.000000,0.000000,-0.062485,-0.524818,0.000000,-1.000000,0.118755,0.000000
-0.025141,-0.152780,0.024872,0.007796,0.005625,-0.032939,0.000000,0.099382,-0.131041,-0.444158,0.000000,-1.000000,0.016721,0.000000
-0.023510,-0.152511,0.029631,0.007805,-0.007473,-0.029330,0.000000,0.148313,0.000000,-0.138801,0.000000,-1.000000,0.167162,0.000000
-0.022326,-0.150933,0.033712,0.007950,-0.019196,-0.021733,0.000000,0.000000,0.000000,-0.053054,0.000000,-1.000000,0.152997,0.000000
-0.022173,-0.148582,0.035478,0.008810,-0.031812,-0.011771,0.000000,0.046667,0.000000,-0.242970,0.000000,-0.931987,0.000000,0.000000
-0.022881,-0.144981,0.035881,0.010646,-0.043090,-0.002477,0.000000,0.058167,0.000000,-0.189629,0.000000,-0.697697,0.032823,0.000000
-0.024109,-0.141155,0.034975,0.010479,-0.048364,0.006035,0.000000,0.016635,0.000000,-0.074045,0.000000,-0.434443,0.183598,0.000000
-0.025346,-0.137028,0.033856,0.007625,-0.041568,0.005963,0.000000,0.000000,0.000000,-0.122520,0.000000,-0.253392,0.053492,0.000000
-0.026519,-0.133906,0.032331,0.006133,-0.035611,0.009382,0.000000,0.000000,0.000000,-0.288179,0.000000,-0.150771,0.000000,0.000000
-0.027829,-0.130579,0.030232,0.005498,-0.040494,0.013975,0.000000,0.000000,0.000000,-0.239792,0.000000,-0.284248,0.000000,0.000000
-0.029423,-0.126202,0.027220,0.004271,-0.048745,0.018518,0.000000,0.000000,0.000000,-0.285794,0.000000,-0.296321,0.000000,0.000000
-0.030947,-0.121433,0.024005,0.003217,-0.057401,0.021405,0.000000,0.000000,0.000000,-0.345894,0.000000,-0.067724,0.000000,0.000000
-0.032705,-0.115144,0.019776,0.001527,-0.060412,0.022551,0.000000,0.000000,0.000000,-0.315178,0.000000,0.000000,0.001268,0.033135
-0.034187,-0.109363,0.015962,0.001240,-0.063863,0.023445,0.000000,0.000000,0.000000,-0.205616,0.000000,0.000000,0.000000,0.162770
-0.035459,-0.103941,0.012416,0.000715,-0.064743,0.023620,0.000000,0.000000,0.000000,-0.159204,0.000000,0.000000,0.000000,0.257823
-0.036735,-0.098192,0.008565,0.000249,-0.062977,0.023643,-0.023275,0.000762,0.000000,-0.086258,0.000000,0.000000,0.000000,0.366100
-0.037846,-0.094458,0.004740,-0.000676,-0.033845,0.020410,-0.041281,0.064490,0.000000,-0.030469,0.000000,0.000000,0.000000,0.426617
-0.038650,-0.092318,0.001827,-0.000761,-0.023019,0.019401,-0.052921,0.105360,0.000000,-0.003099,0.000000,0.000000,0.000000,0.451550
-0.039434,-0.090133,-0.001169,-0.000987,-0.021562,0.018418,-0.037592,0.000000,0.000000,-0.307826,0.000000,0.000000,0.000000,0.060086
-0.040128,-0.088602,-0.003826,-0.000728,-0.015409,0.017691,-0.041038,0.000000,0.000000,-0.433034,0.000000,-0.067041,0.000000,0.000000
-0.040802,-0.086665,-0.006845,-0.001700,-0.015979,0.016086,-0.044891,0.000000,0.000000,-0.494551,0.000000,0.000000,0.000000,0.000000
-0.041208,-0.085162,-0.008961,-0.002013,-0.014595,0.013019,-0.050321,0.000000,0.000000,-0.558386,0.000000,0.000000,0.000000,0.000000
-0.041467,-0.083941,-0.010519,-0.002015,-0.013101,0.010371,-0.038228,0.000000,0.000000,-0.491977,0.000000,0.000000,0.000000,0.000000
-0.041568,-0.082370,-0.011907,-0.003146,-0.016498,0.008540,-0.023977,0.000000,0.000000,-0.424099,0.000000,0.000000,0.000000,0.000000
-0.041171,-0.081072,-0.012275,-0.005064,-0.012856,0.001958,-0.025681,0.000000,0.000000,-0.408684,0.000000,-0.004517,0.000000,0.000000
-0.040142,-0.081108,-0.010819,-0.008455,-0.001943,-0.009692,-0.020045,0.000000,0.000000,-0.348477,0.000000,0.000000,0.000000,0.000000
-0.038806,-0.080852,-0.009001,-0.010359,-0.005744,-0.011186,0.000000,0.000000,0.000000,-0.254188,0.000000,-0.145326,0.000000,0.000000
-0.037565,-0.080535,-0.007319,-0.010458,-0.006701,-0.011200,0.000000,0.029434,0.000000,-0.156814,0.000000,-0.492636,0.000000,0.000000
-0.036299,-0.080555,-0.005556,-0.009724,-0.002222,-0.010847,0.000000,0.017580,0.000000,-0.119966,0.000000,-0.434937,0.000000,0.000000
-0.034958,-0.081115,-0.003721,-0.009003,0.003624,-0.009766,0.000000,0.000000,0.000000,-0.184991,0.000000,-0.270543,0.035339,0.000000
-0.033920,-0.082927,-0.002300,-0.008693,0.021318,-0.009471,0.000000,0.000000,0.000000,-0.238688,0.000000,-0.349066,0.000000,0.000000
-0.032652,-0.085505,-0.000597,-0.009771,0.028444,-0.010467,0.000000,0.000000,0.000000,-0.299236,0.000000,-0.479440,0.000000,0.000000
-0.031485,-0.087527,0.000792,-0.010224,0.024196,-0.009256,0.000000,0.000000,0.000000,-0.505704,0.000000,-0.622363,0.000000,0.000000
-0.029641,-0.090140,0.003154,-0.012284,0.024513,-0.012591,0.000000,0.000000,0.000000,-0.575452,0.000000,-0.668670,0.000000,0.000000
-0.027643,-0.093157,0.005941,-0.014328,0.032761,-0.017126,0.000000,0.000000,0.000000,-0.489086,0.000000,-0.539359,0.174021,0.000000
-0.025705,-0.095883,0.008623,-0.014811,0.032087,-0.017857,0.000000,0.000000,0.000000,-0.404914,0.000000,-0.610420,0.261039,0.000000
-0.023688,-0.098457,0.011247,-0.014566,0.028099,-0.016147,0.000000,0.000000,0.000000,-0.543697,0.000000,-0.883928,0.080546,0.000000
-0.021759,-0.101153,0.013291,-0.013323,0.026189,-0.010887,0.000000,0.000000,0.000000,-0.609529,0.000000,-0.898334,0.024691,0.000000
-0.020690,-0.103314,0.013818,-0.011597,0.027319,-0.003511,0.000000,0.000000,0.000000,-0.455315,0.000000,-0.716423,0.302141,0.000000
-0.019608,-0.105467,0.014093,-0.011787,0.025358,-0.001695,0.000000,0.000000,0.000000,-0.484610,0.000000,-0.623804,0.355656,0.000000
-0.018771,-0.106816,0.013900,-0.011591,0.017510,0.001288,0.000000,0.000000,0.000000,-0.883469,0.000000,-0.615823,0.017137,0.000000
-0.017939,-0.107404,0.012973,-0.011748,0.006613,0.004936,0.000000,0.000000,0.000000,-0.923906,0.000000,-0.625743,0.000000,0.000000
-0.018255,-0.109103,0.010117,-0.007692,0.022138,0.017564,0.000000,0.000000,0.000000,-0.544902,0.000000,-0.472548,0.397172,0.000000
-0.018835,-0.110832,0.007045,-0.006065,0.024578,0.020467,0.000000,0.000000,0.000000,-0.473401,0.000000,-0.304417,0.463334,0.000000
-0.019751,-0.112445,0.003413,-0.004120,0.021778,0.022328,0.000000,0.000000,0.000000,-1.000000,0.087360,-0.318956,0.000000,0.000000
-0.020609,-0.113699,0.000447,-0.002427,0.018561,0.019759,0.000000,0.000000,0.000000,-1.000000,0.128997,-0.370205,0.000000,0.000000
-0.021563,-0.114605,-0.002116,0.000402,0.011057,0.013654,0.000000,0.000000,0.000000,-1.000000,0.000000,-0.186606,0.187153,0.000000
-0.021860,-0.115711,-0.002789,0.000643,0.013683,0.004139,0.000000,0.000000,0.000000,-1.000000,0.000000,-0.142671,0.201308,0.000000
-0.021691,-0.116632,-0.002100,0.001053,0.011237,-0.004590,0.000000,0.000000,0.000000,-0.871914,0.000000,-0.300913,0.075911,0.000000
-0.021283,-0.117001,-0.000155,0.003613,0.002828,-0.011956,0.000000,0.000000,0.000000,-0.719277,0.000000,-0.507638,0.073858,0.000000
-0.020359,-0.116443,0.003827,0.005576,-0.008385,-0.021218,0.000000,0.000000,0.000000,-0.505804,0.000000,-0.586110,0.172341,0.000000
-0.019202,-0.115773,0.008196,0.005693,-0.012065,-0.029097,0.000000,0.024750,0.000000,-0.304320,0.000000,-0.561805,0.208937,0.000000
-0.017846,-0.114105,0.013201,0.005540,-0.023198,-0.030758,0.000000,0.244785,0.000000,-0.081336,0.000000,-0.615544,0.141177,0.000000
-0.016420,-0.112194,0.018152,0.004506,-0.027989,-0.032996,0.000000,0.369039,-0.003412,0.000000,0.000000,-0.775225,0.043734,0.000000
-0.014545,-0.109572,0.024430,0.003510,-0.030078,-0.033454,0.000000,0.260712,0.000000,0.000000,0.000000,-0.730615,0.000000,0.000000
-0.013210,-0.106931,0.029100,0.003257,-0.033749,-0.028718,0.000000,0.183413,0.000000,0.000000,0.000000,-0.674346,0.000000,0.000000
-0.011861,-0.104513,0.033174,0.000264,-0.033155,-0.027136,0.000000,0.306682,0.000000,0.000000,0.000000,-0.702503,0.068922,0.000000
-0.010714,-0.101605,0.036662,-0.000017,-0.035992,-0.021438,0.000000,0.335011,0.000000,0.000000,0.000000,-0.621232,0.109013,0.000000
-0.009842,-0.099720,0.039123,-0.001099,-0.025255,-0.016390,0.000000,0.272619,0.000000,0.000000,0.000000,-0.618174,0.032826,0.000000
-0.009173,-0.098359,0.040701,-0.001804,-0.014499,-0.008411,0.000000,0.234512,0.000000,0.000000,0.000000,-0.541960,0.000000,0.000000
-0.009188,-0.097097,0.040260,-0.001438,-0.014816,0.002713,0.000000,0.064846,0.000000,0.000000,0.000000,-0.561816,0.001294,0.000000
-0.009717,-0.095914,0.038329,-0.000771,-0.014486,0.012865,0.000000,0.000000,0.000000,-0.141318,0.000000,-0.567390,0.000000,0.000000
-0.010765,-0.094723,0.034765,-0.000292,-0.012758,0.021895,0.000000,0.000000,0.000000,-0.303515,0.000000,-0.328340,0.013246,0.000000
-0.012225,-0.093983,0.029616,-0.000734,-0.005705,0.027454,0.000000,0.000000,0.000000,-0.454136,0.000000,-0.111260,0.082665,0.000000
-0.013333,-0.094817,0.025334,-0.001997,0.012948,0.028520,0.000000,0.000000,0.000000,-0.610070,0.016340,-0.043186,0.029940,0.000000
-0.015151,-0.097873,0.019283,0.000217,0.039486,0.037200,0.000000,0.000000,0.000000,-0.803032,0.046526,-0.075391,0.000000,0.000000
-0.016925,-0.102642,0.013636,0.000519,0.064974,0.037598,0.000000,0.000000,0.000000,-1.000000,0.046668,-0.230284,0.000000,0.000000
-0.019149,-0.108108,0.006666,-0.000204,0.060299,0.037148,0.000000,0.000000,0.000000,-1.000000,0.056780,-0.247568,0.000000,0.000000
-0.021209,-0.113597,0.000881,0.001179,0.069497,0.035565,0.000000,0.000000,0.000000,-1.000000,0.041218,-0.361135,0.000000,0.000000
-0.023163,-0.119044,-0.003959,0.002949,0.074419,0.032258,0.000000,0.000000,0.000000,-1.000000,0.045032,-0.307661,0.000000,0.000000
-0.025053,-0.124410,-0.008099,0.004083,0.067387,0.025451,0.000000,0.000000,0.000000,-1.000000,0.038488,-0.359619,0.000000,0.000000
-0.026756,-0.129656,-0.011340,0.004499,0.056635,0.017262,0.000000,0.000000,0.000000,-1.000000,0.016919,-0.472613,0.000000,0.000000
-0.027565,-0.133263,-0.012542,0.004110,0.047716,0.008009,0.000000,0.000000,0.000000,-1.000000,0.000000,-0.503264,0.000000,0.000000
-0.027767,-0.136568,-0.012276,0.003725,0.038970,-0.001636,0.000000,0.000000,0.000000,-1.000000,0.000000,-0.510471,0.000000,0.000000
-0.027242,-0.138837,-0.010407,0.003562,0.027116,-0.012444,0.000000,0.000000,0.000000,-1.000000,0.000000,-0.593133,0.060741,0.000000
-0.025724,-0.140508,-0.006301,0.002824,0.013695,-0.021878,0.000000,0.000000,0.000000,-0.967809,0.000000,-0.694955,0.133245,0.000000
-0.023585,-0.140914,-0.001207,0.001339,0.000139,-0.031292,0.000000,0.000000,0.000000,-0.647925,0.000000,-0.757009,0.216669,0.000000
-0.021249,-0.140924,0.004354,0.001667,-0.004892,-0.037068,0.000000,0.117728,0.000000,-0.341814,0.000000,-0.789918,0.296369,0.000000
-0.018533,-0.140756,0.010886,0.002130,-0.006805,-0.040077,0.000000,0.289972,0.000000,-0.148362,0.000000,-0.887824,0.226830,0.000000
-0.015798,-0.140611,0.017371,0.001749,-0.006348,-0.043196,0.000000,0.280121,-0.001156,-0.147988,0.000000,-1.000000,0.017408,0.000000
-0.012521,-0.140039,0.025130,0.001601,-0.009424,-0.041408,0.000000,0.149340,0.000000,-0.137481,0.000000,-1.000000,0.000000,0.000000
-0.010874,-0.139129,0.029775,0.004730,-0.012809,-0.028582,0.000000,0.137904,0.000000,0.000000,0.000000,-1.000000,0.109195,0.000000
-0.010360,-0.138307,0.032147,0.006720,-0.011552,-0.015786,0.000000,0.228842,0.000000,0.000000,0.000000,-1.000000,0.220492,0.000000
-0.010478,-0.136694,0.033201,0.006844,-0.019553,-0.006486,0.000000,0.016227,0.000000,-0.134338,0.000000,-0.842565,0.043976,0.000000
-0.011484,-0.133768,0.032419,0.006890,-0.029829,0.004167,0.000000,0.000000,0.000000,-0.488403,0.000000,-0.646192,0.000000,0.000000
-0.012689,-0.131619,0.030682,0.006112,-0.026816,0.011573,0.000000,0.000000,0.000000,-0.325238,0.000000,-0.460570,0.107495,0.000000
-0.014585,-0.129409,0.027403,0.006419,-0.024595,0.020156,0.000000,0.000000,0.000000,-0.231273,0.000000,-0.221026,0.270822,0.000000
-0.016593,-0.126390,0.023755,0.006765,-0.036582,0.024313,0.000000,0.000000,0.000000,-0.529336,0.000000,-0.198619,0.017652,0.000000
-0.019442,-0.122086,0.018353,0.007270,-0.041197,0.028787,0.000000,0.000000,0.000000,-0.831961,0.025044,-0.157063,0.000000,0.000000
-0.022092,-0.118201,0.013172,0.007887,-0.042139,0.031826,0.000000,0.000000,0.000000,-0.535886,0.000000,0.000000,0.060752,0.000000
-0.024339,-0.114546,0.008679,0.007476,-0.042879,0.029956,0.000000,0.000000,0.000000,-0.462451,0.000000,0.000000,0.200579,0.053003
-0.026520,-0.110684,0.004267,0.007073,-0.041697,0.027121,-0.035209,0.000000,0.000000,-0.620687,0.000000,0.000000,0.000000,0.116016
-0.028218,-0.107284,0.000857,0.006601,-0.039966,0.022692,-0.083959,0.000000,0.000000,-0.641144,0.000000,0.000000,0.000000,0.142210
-0.029993,-0.103028,-0.002575,0.006390,-0.040620,0.018306,-0.028983,0.000000,0.000000,-0.407901,0.000000,0.000000,0.000000,0.128969
-0.031412,-0.099903,-0.005066,0.007278,-0.034260,0.015310,-0.008315,0.000000,0.000000,-0.306280,0.000000,0.000000,0.000000,0.084982
-0.032575,-0.097509,-0.006881,0.007642,-0.028466,0.012090,-0.042498,0.000000,0.000000,-0.277248,0.000000,0.000000,0.000000,0.101150
-0.033635,-0.094304,-0.008489,0.006735,-0.036076,0.009883,-0.069956,0.000000,0.000000,-0.335979,0.000000,0.000000,0.000000,0.021933
-0.034554,-0.090573,-0.009452,0.006524,-0.037354,0.005133,-0.062350,0.000000,0.000000,-0.329075,0.000000,0.000000,0.000000,0.000000
-0.035076,-0.087472,-0.009642,0.006016,-0.039608,0.001270,-0.050204,0.000000,0.000000,-0.188980,0.000000,0.000000,0.000000,0.033591
-0.035359,-0.083946,-0.009325,0.004397,-0.042246,-0.001949,-0.044749,0.012343,0.000000,-0.061784,0.000000,0.000000,0.000000,0.028426
-0.035579,-0.080515,-0.008654,0.005109,-0.045096,-0.004476,-0.042024,0.086675,0.000000,0.000000,0.000000,0.000000,0.000000,0.042100
-0.036124,-0.077618,-0.008331,0.006445,-0.030175,-0.001719,-0.026776,0.119597,0.000000,0.000000,0.000000,0.000000,0.000000,0.071303
-0.036679,-0.076227,-0.008240,0.006842,-0.016626,-0.000556,-0.038057,0.156283,-0.006485,0.000000,0.000000,0.000000,0.000000,0.098827
-0.037083,-0.075324,-0.007924,0.006175,-0.012085,-0.002110,-0.075426,0.000000,-0.070336,-0.018210,0.000000,-0.078617,0.000000,0.000000
-0.037362,-0.074510,-0.007370,0.004870,-0.010432,-0.003407,-0.081104,0.000000,-0.115601,-0.201238,0.000000,-0.197566,0.000000,0.000000
-0.037194,-0.075367,-0.005610,0.002516,0.006701,-0.009376,-0.022887,0.000000,-0.039080,-0.164914,0.000000,-0.190262,0.000000,0.000000
-0.036991,-0.078738,-0.004148,0.001847,0.041168,-0.009740,0.000000,0.000000,0.000000,-0.084334,0.000000,-0.168765,0.000000,0.000000
-0.036959,-0.083351,-0.003043,0.002865,0.053237,-0.006789,0.000000,0.000000,-0.059893,-0.241016,0.000000,-0.456475,0.000000,0.000000
-0.037066,-0.088163,-0.002439,0.003407,0.061002,-0.004028,0.000000,0.000000,-0.211630,-0.729287,0.000000,-0.835580,0.000000,0.000000
-0.037079,-0.093417,-0.001713,0.002545,0.061376,-0.004460,0.000000,0.000000,-0.086498,-0.906577,0.000000,-0.777735,0.000000,0.000000
-0.037071,-0.098862,-0.001167,0.001569,0.055338,-0.002912,0.000000,0.000000,0.000000,-0.807556,0.000000,-0.614458,0.008180,0.000000
-0.037022,-0.102673,-0.000698,0.001248,0.048323,-0.003122,0.000000,0.000000,0.000000,-0.823615,0.000000,-0.640162,0.102891,0.000000
-0.036892,-0.106477,0.000054,0.001328,0.044089,-0.004621,0.000000,0.000000,0.000000,-0.925743,0.000000,-0.673531,0.032416,0.000000
-0.036623,-0.109793,0.001151,0.001264,0.041062,-0.007316,0.000000,0.000000,0.000000,-0.910090,0.000000,-0.623956,0.022068,0.000000
-0.036160,-0.113595,0.002856,0.001298,0.037108,-0.009081,0.000000,0.000000,0.000000,-0.760800,0.000000,-0.606196,0.141854,0.000000
-0.035434,-0.116486,0.004946,0.000241,0.031525,-0.012852,0.000000,0.000000,0.000000,-0.688025,0.000000,-0.675899,0.146377,0.000000
-0.034249,-0.119529,0.007894,-0.001341,0.034971,-0.019631,0.000000,0.000000,0.000000,-0.755733,0.000000,-0.733738,0.018253,0.000000
-0.032092,-0.123159,0.012605,-0.004567,0.037247,-0.028972,0.000000,0.000000,0.000000,-0.655536,0.000000,-0.758065,0.046720,0.000000
-0.029220,-0.127712,0.018575,-0.005728,0.040864,-0.031816,0.000000,0.000000,0.000000,-0.457462,0.000000,-0.908914,0.201022,0.000000
-0.026882,-0.131332,0.023162,-0.006361,0.041319,-0.030547,0.000000,0.039186,0.000000,-0.354302,0.000000,-1.000000,0.202638,0.000000
-0.024398,-0.134385,0.027655,-0.007450,0.031888,-0.027631,0.000000,0.000000,0.000000,-0.513450,0.000000,-1.000000,0.074655,0.000000
-0.022328,-0.136048,0.030922,-0.008864,0.018260,-0.021766,0.000000,0.000000,0.000000,-0.608895,0.000000,-1.000000,0.031476,0.000000
-0.019759,-0.137763,0.034554,-0.010429,0.015087,-0.019317,0.000000,0.000000,0.000000,-0.398236,0.000000,-1.000000,0.255860,0.000000
-0.018097,-0.138286,0.036330,-0.010618,0.004936,-0.010937,0.000000,0.007526,0.000000,-0.287909,0.000000,-0.958719,0.382589,0.000000
-0.017020,-0.138069,0.036910,-0.010606,-0.003211,-0.003869,0.000000,0.000000,0.000000,-0.520383,0.000000,-0.944677,0.177695,0.000000
-0.016537,-0.137250,0.036100,-0.009911,-0.009199,0.004980,0.000000,0.000000,0.000000,-0.684477,0.000000,-0.752531,0.051282,0.000000
-0.016896,-0.136889,0.033270,-0.008853,-0.002146,0.015086,0.000000,0.000000,0.000000,-0.517891,0.000000,-0.556959,0.299567,0.000000
-0.018075,-0.136875,0.029310,-0.006722,0.002657,0.026381,0.000000,0.000000,0.000000,-0.482529,0.000000,-0.418966,0.387658,0.000000
-0.019808,-0.136619,0.024206,-0.005446,0.000610,0.031365,0.000000,0.000000,0.000000,-0.994787,0.070433,-0.394498,0.015757,0.000000
-0.021298,-0.136159,0.019744,-0.005449,-0.002173,0.029733,0.000000,0.000000,0.000000,-1.000000,0.149447,-0.282307,0.000000,0.000000
-0.022475,-0.135457,0.015554,-0.006305,-0.004211,0.022319,0.000000,0.000000,0.000000,-1.000000,0.000000,-0.066503,0.243073,0.000000
-0.022774,-0.134458,0.013275,-0.007961,-0.009907,0.014004,0.000000,0.000000,0.000000,-1.000000,0.000000,-0.054761,0.221449,0.000000
-0.022800,-0.132509,0.011834,-0.007494,-0.023735,0.009609,0.000000,0.000000,0.000000,-0.938072,0.000000,-0.306674,0.066231,0.000000
-0.022135,-0.130741,0.011894,-0.007587,-0.021030,-0.000373,0.000000,0.000000,0.000000,-0.696121,0.000000,-0.388257,0.140246,0.000000
-0.020707,-0.129097,0.013655,-0.009067,-0.022706,-0.011731,0.000000,0.000000,0.000000,-0.395525,0.000000,-0.203757,0.351561,0.000000
-0.018504,-0.126311,0.017107,-0.008244,-0.030886,-0.018393,0.000000,0.019020,0.000000,-0.342492,0.000000,-0.383231,0.247932,0.000000
-0.016454,-0.123328,0.020921,-0.006354,-0.037938,-0.023451,0.000000,0.260608,0.000000,-0.254731,0.000000,-0.700902,0.000000,0.000000
-0.014615,-0.119876,0.024837,-0.004129,-0.046886,-0.026089,0.000000,0.369750,0.000000,0.000000,0.000000,-0.661731,0.129024,0.000000
-0.012822,-0.115532,0.028892,-0.003139,-0.053671,-0.024933,0.000000,0.212541,0.000000,0.000000,0.000000,-0.554131,0.239052,0.000000
-0.011131,-0.109962,0.033134,-0.001548,-0.058915,-0.022591,0.000000,0.256671,0.000000,0.000000,0.000000,-0.554455,0.000000,0.000000
-0.010098,-0.105600,0.035996,-0.000563,-0.057356,-0.019072,0.000000,0.490090,0.000000,0.000000,0.000000,-0.505193,0.020994,0.000000
-0.009430,-0.101361,0.038158,0.000586,-0.051091,-0.013287,0.000000,0.412576,0.000000,0.000000,0.000000,-0.402770,0.155243,0.000000
-0.008951,-0.098910,0.039777,0.000477,-0.032138,-0.010788,0.000000,0.259980,0.000000,0.000000,0.000000,-0.389187,0.000000,0.000000
-0.008339,-0.097882,0.041633,-0.000369,-0.011085,-0.009886,0.000000,0.245265,0.000000,0.000000,0.000000,-0.380409,0.000000,0.000000
-0.007526,-0.098004,0.043547,-0.002665,0.000877,-0.011770,0.000000,0.075210,0.000000,0.000000,0.000000,-0.509397,0.000000,0.000000
-0.007194,-0.098108,0.044360,-0.001037,0.001093,-0.005420,0.000000,0.000000,0.000000,-0.121508,0.000000,-0.711317,0.000000,0.000000
-0.007346,-0.098073,0.044107,0.000876,-0.000347,0.001556,0.000000,0.000000,0.000000,-0.176768,0.000000,-0.797923,0.003004,0.000000
-0.007712,-0.098580,0.043116,0.000780,0.006821,0.006605,0.000000,0.000000,0.000000,-0.261795,0.000000,-0.567860,0.144600,0.000000
-0.007750,-0.100958,0.042448,-0.001736,0.024617,0.003554,0.000000,0.000000,0.000000,-0.379170,0.000000,-0.376562,0.161066,0.000000
-0.007948,-0.102252,0.041295,-0.001987,0.015700,0.007091,0.000000,0.000000,0.000000,-0.614975,0.000000,-0.460331,0.000000,0.000000
-0.008354,-0.102724,0.039508,-0.002161,0.006671,0.011912,0.000000,0.000000,0.000000,-0.741908,0.000000,-0.791868,0.000000,0.000000
-0.008690,-0.103560,0.037592,-0.003357,0.010537,0.011772,0.000000,0.000000,0.000000,-0.553924,0.000000,-0.578627,0.214129,0.000000
-0.008963,-0.104824,0.035414,-0.004475,0.013645,0.011611,0.000000,0.000000,0.000000,-0.510932,0.000000,-0.233306,0.392734,0.000000
-0.009400,-0.105562,0.033236,-0.003607,0.010309,0.014502,0.000000,0.000000,0.000000,-0.772704,0.000000,-0.383963,0.099446,0.000000
-0.009916,-0.106128,0.030834,-0.003323,0.007597,0.014773,0.000000,0.000000,0.000000,-0.906714,0.033199,-0.591613,0.000000,0.000000
-0.010992,-0.106716,0.027744,0.000597,0.008859,0.020560,0.000000,0.000000,0.000000,-0.703512,0.000000,-0.394623,0.201952,0.000000
-0.013134,-0.108973,0.022516,0.004020,0.025239,0.027881,0.000000,0.000000,0.000000,-0.594204,0.000000,-0.225206,0.388511,0.000000
-0.014958,-0.110583,0.018412,0.004983,0.021215,0.025203,0.000000,0.000000,0.000000,-0.927654,0.000000,-0.235547,0.044685,0.000000
-0.016404,-0.111946,0.015399,0.005151,0.019428,0.020099,0.000000,0.000000,0.000000,-1.000000,0.052229,-0.324559,0.000000,0.000000
-0.017715,-0.112945,0.012994,0.005525,0.013375,0.014784,0.000000,0.000000,0.000000,-1.000000,0.000000,-0.267687,0.065789,0.000000
-0.018713,-0.113553,0.011753,0.005733,0.006969,0.006608,0.000000,0.000000,0.000000,-0.911794,0.000000,-0.250135,0.165486,0.000000
-0.018996,-0.113629,0.012142,0.005432,0.000686,-0.002593,0.000000,0.000000,0.000000,-0.764801,0.000000,-0.324045,0.148599,0.000000
-0.018442,-0.113702,0.014431,0.003125,-0.000728,-0.014074,0.000000,0.000000,0.000000,-0.615945,0.000000,-0.419405,0.091604,0.000000
-0.017468,-0.114589,0.017733,0.002657,0.009039,-0.022010,0.000000,0.024094,0.000000,-0.397836,0.000000,-0.507289,0.112356,0.000000
-0.016658,-0.115622,0.021205,0.005228,0.010080,-0.021344,0.000000,0.157701,0.000000,-0.159081,0.000000,-0.690033,0.173156,0.000000
-0.015941,-0.116540,0.025102,0.007202,0.007436,-0.020762,0.000000,0.119521,0.000000,-0.205537,0.000000,-0.933602,0.058335,0.000000
-0.015683,-0.118958,0.027578,0.008351,0.029547,-0.016496,0.000000,0.000000,0.000000,-0.405495,0.000000,-0.887553,0.000000,0.000000
-0.015691,-0.123413,0.029537,0.008790,0.051785,-0.012049,0.000000,0.000000,0.000000,-0.296047,0.000000,-0.741030,0.039491,0.000000
-0.015670,-0.127288,0.031227,0.008161,0.048772,-0.011253,0.000000,0.000000,0.000000,-0.482119,0.000000,-0.891314,0.118447,0.000000
-0.015699,-0.131934,0.033014,0.007649,0.046926,-0.009525,0.000000,0.000000,-0.014469,-0.915015,0.000000,-1.000000,0.000000,0.000000
-0.015621,-0.136189,0.034510,0.006435,0.049609,-0.009190,0.000000,0.000000,0.000000,-0.885668,0.000000,-1.000000,0.000000,0.000000
-0.015685,-0.140580,0.035460,0.006049,0.055926,-0.006335,0.000000,0.000000,0.000000,-0.630909,0.000000,-0.905903,0.293955,0.000000
-0.016695,-0.145152,0.034766,0.008359,0.054663,0.004264,0.000000,0.000000,0.000000,-0.710097,0.000000,-0.960057,0.274050,0.000000
-0.018475,-0.149900,0.032818,0.009175,0.049951,0.010389,0.000000,0.000000,0.000000,-1.000000,0.000000,-1.000000,0.000000,0.000000
-0.019852,-0.152973,0.031193,0.007869,0.040757,0.010822,0.000000,0.000000,0.000000,-1.000000,0.000000,-0.857499,0.000000,0.000000
-0.021068,-0.156256,0.029819,0.006594,0.039983,0.008442,0.000000,0.000000,0.000000,-1.000000,0.000000,-0.672217,0.194890,0.000000
-0.021787,-0.158772,0.029176,0.005193,0.032921,0.004285,0.000000,0.000000,0.000000,-1.000000,0.000000,-0.660668,0.191162,0.000000
-0.022438,-0.160944,0.028794,0.004742,0.022611,0.002035,0.000000,0.000000,0.000000,-1.000000,0.000000,-0.785464,0.044009,0.000000
-0.022958,-0.162143,0.028656,0.005336,0.014345,0.000851,0.000000,0.000000,0.000000,-1.000000,0.000000,-0.813225,0.090393,0.000000
-0.023098,-0.162261,0.029115,0.004810,0.001103,-0.003063,0.000000,0.000000,0.000000,-0.800968,0.000000,-0.717410,0.254698,0.000000
-0.022658,-0.161699,0.030565,0.003549,-0.007906,-0.008915,0.000000,0.000000,0.000000,-0.715893,0.000000,-0.653967,0.266708,0.000000
-0.021184,-0.161041,0.033482,0.000113,-0.011050,-0.019430,0.000000,0.000000,0.000000,-0.673261,0.000000,-0.680604,0.123110,0.000000
-0.018610,-0.159553,0.038338,-0.001182,-0.018443,-0.025877,0.000000,0.082641,0.000000,-0.476362,0.000000,-0.753193,0.128074,0.000000
-0.016163,-0.157801,0.042955,-0.001544,-0.023786,-0.028377,0.000000,0.245824,0.000000,-0.140920,0.000000,-0.929827,0.289383,0.000000
-0.014140,-0.155470,0.046915,-0.000758,-0.032419,-0.026383,0.000000,0.303861,0.000000,-0.001435,0.000000,-0.999893,0.242952,0.000000
-0.012361,-0.152008,0.050465,-0.000527,-0.042858,-0.021829,0.000000,0.186090,0.000000,-0.142209,0.000000,-0.961645,0.000000,0.000000
-0.010550,-0.148345,0.053918,-0.001664,-0.038977,-0.018404,0.000000,0.113237,0.000000,-0.097396,0.000000,-0.832410,0.000000,0.000000
-0.009745,-0.145139,0.055366,-0.001663,-0.041807,-0.009639,0.000000,0.195466,0.000000,0.000000,0.000000,-0.664976,0.271545,0.000000
-0.009596,-0.141340,0.055412,-0.001527,-0.045112,-0.000279,0.000000,0.174424,0.000000,0.000000,0.000000,-0.710522,0.248866,0.000000
-0.009896,-0.137452,0.054310,-0.002435,-0.049590,0.007348,0.000000,0.098971,0.000000,-0.146967,0.000000,-0.620151,0.000000,0.000000
-0.010602,-0.132440,0.051769,-0.004019,-0.050707,0.013538,0.000000,0.000000,0.000000,-0.266913,0.000000,-0.375556,0.000000,0.000000
-0.011713,-0.127529,0.048115,-0.004844,-0.056718,0.022452,0.000000,0.000000,0.000000,-0.134816,0.000000,-0.201914,0.183118,0.000000
-0.013333,-0.123250,0.043262,-0.004165,-0.052580,0.032352,0.000000,0.000000,0.000000,-0.128553,0.005705,-0.142676,0.222454,0.000000
-0.015887,-0.118967,0.036393,-0.001220,-0.047088,0.042234,0.000000,0.000000,0.000000,-0.349008,0.113204,0.000000,0.000000,0.083517
-0.018565,-0.114906,0.029384,0.000817,-0.047321,0.046639,0.000000,0.000000,0.000000,-0.627162,0.171077,0.000000,0.000000,0.172175
-0.022182,-0.109908,0.020056,0.002652,-0.045339,0.049734,0.000000,0.000000,0.000000,-0.709775,0.089622,0.000000,0.000000,0.189737
-0.025273,-0.105782,0.012037,0.003915,-0.041927,0.049298,0.000000,0.000000,0.000000,-0.698013,0.000000,0.000000,0.000000,0.259730
-0.027971,-0.102036,0.005062,0.004964,-0.040735,0.046475,-0.040024,0.000000,0.000000,-0.735314,0.000000,0.000000,0.000000,0.350533
-0.030850,-0.098126,-0.002049,0.007192,-0.038653,0.043673,-0.081695,0.000000,0.000000,-0.720035,0.000000,0.000000,0.000000,0.377226
-0.034575,-0.094825,-0.010538,0.011524,-0.025163,0.045267,-0.097379,0.000000,0.000000,-0.627294,0.000000,0.000000,0.000000,0.367317
-0.037337,-0.092724,-0.016496,0.012776,-0.018477,0.039675,-0.132041,0.000000,0.000000,-0.588520,0.000000,0.000000,0.000000,0.355330
-0.039991,-0.090684,-0.021790,0.013262,-0.016685,0.032548,-0.226036,0.000000,0.000000,-0.833020,0.000000,0.000000,0.000000,0.255419
-0.041880,-0.089126,-0.025032,0.012434,-0.014743,0.021589,-0.236342,0.000000,0.000000,-0.825563,0.000000,0.000000,0.000000,0.140558
-0.043618,-0.087765,-0.027104,0.011926,-0.011179,0.011044,-0.196539,0.000000,0.000000,-0.658703,0.000000,0.000000,0.000000,0.059057
-0.044920,-0.087230,-0.027880,0.012918,-0.005088,0.004770,-0.160441,0.000000,0.000000,-0.512864,0.000000,0.000000,0.000000,0.000000
-0.045835,-0.086905,-0.027466,0.013226,-0.004922,-0.002754,-0.151042,0.000000,0.000000,-0.435016,0.000000,0.000000,0.000000,0.000000
-0.046380,-0.086874,-0.025608,0.012497,-0.003525,-0.011417,-0.165784,0.000000,-0.074254,-0.453903,0.000000,-0.050584,0.000000,0.000000
-0.046251,-0.087870,-0.021445,0.010400,0.004084,-0.022181,-0.149997,0.000000,-0.145760,-0.314225,0.000000,-0.187099,0.000000,0.000000
-0.045699,-0.088791,-0.017106,0.008361,0.003835,-0.028912,-0.064464,0.000000,-0.134229,-0.085312,0.000000,-0.354765,0.000000,0.000000
-0.045611,-0.092151,-0.013771,0.010025,0.034264,-0.020499,0.000000,0.000000,-0.148778,0.000000,0.000000,-0.614279,0.000000,0.000000
-0.045775,-0.097220,-0.011569,0.010331,0.061200,-0.014675,0.000000,0.000000,-0.182357,0.000000,0.000000,-0.691860,0.000000,0.000000
-0.046214,-0.104657,-0.009699,0.010406,0.073750,-0.009966,-0.015441,0.000000,-0.192202,-0.522853,0.000000,-0.732931,0.000000,0.000000
-0.046717,-0.111656,-0.008596,0.010265,0.081168,-0.006777,-0.009816,0.000000,-0.205473,-0.973682,0.000000,-0.883781,0.000000,0.000000
-0.046741,-0.118291,-0.006903,0.007956,0.082157,-0.011278,0.000000,0.000000,-0.103155,-1.000000,0.000000,-0.906101,0.000000,0.000000
-0.046585,-0.125873,-0.004909,0.006967,0.086591,-0.012267,0.000000,0.000000,0.000000,-1.000000,0.000000,-0.818214,0.000000,0.000000
-0.046995,-0.133196,-0.004102,0.009375,0.092621,-0.005373,0.000000,0.000000,-0.024468,-1.000000,0.000000,-0.917415,0.002472,0.000000
-0.047006,-0.141848,-0.002251,0.008089,0.086261,-0.009868,0.000000,0.000000,-0.104025,-1.000000,0.000000,-1.000000,0.000000,0.000000
-0.046578,-0.149351,-0.000099,0.006313,0.085212,-0.013211,0.000000,0.000000,-0.082161,-1.000000,0.000000,-0.972050,0.000000,0.000000
-0.045917,-0.155330,0.002126,0.004949,0.072835,-0.014841,0.000000,0.000000,-0.019637,-1.000000,0.000000,-1.000000,0.000000,0.000000
-0.045299,-0.160880,0.004298,0.005258,0.062217,-0.013357,0.000000,0.000000,-0.032308,-1.000000,0.000000,-1.000000,0.000000,0.000000
-0.044151,-0.165860,0.007375,0.004199,0.046788,-0.016386,0.000000,0.000000,-0.015388,-1.000000,0.000000,-1.000000,0.072029,0.000000
-0.043345,-0.168567,0.009693,0.005178,0.030671,-0.015414,0.000000,0.000000,0.000000,-0.978947,0.000000,-1.000000,0.101648,0.000000
-0.042351,-0.170727,0.012452,0.005571,0.021302,-0.016991,0.000000,0.000000,0.000000,-0.820413,0.000000,-0.989501,0.146704,0.000000
-0.041466,-0.172554,0.014912,0.005610,0.019338,-0.016383,0.000000,0.000000,0.000000,-0.701834,0.000000,-0.864176,0.178441,0.000000
-0.040500,-0.174925,0.017707,0.005661,0.020724,-0.014894,0.000000,0.000000,0.000000,-0.670284,0.000000,-0.869606,0.119241,0.000000
-0.039488,-0.175816,0.020275,0.004754,0.006766,-0.015784,0.000000,0.000000,-0.038544,-0.737893,0.000000,-0.947222,0.015656,0.000000
-0.039113,-0.175561,0.021774,0.005836,-0.005648,-0.009989,0.000000,0.000000,-0.012411,-0.764030,0.000000,-0.969257,0.026117,0.000000
-0.039049,-0.173936,0.022819,0.006080,-0.020809,-0.006427,0.000000,0.000000,0.000000,-0.460752,0.000000,-0.849407,0.208218,0.000000
-0.039641,-0.171560,0.022745,0.007098,-0.030442,0.000494,0.000000,0.000000,0.000000,-0.432534,0.000000,-0.626238,0.248143,0.000000
-0.040901,-0.167958,0.021762,0.007511,-0.035796,0.005238,0.000000,0.000000,0.000000,-0.560156,0.000000,-0.506381,0.007439,0.000000
-0.042250,-0.163331,0.020184,0.006137,-0.052488,0.009700,0.000000,0.000000,0.000000,-0.593694,0.000000,-0.387250,0.000000,0.000000
-0.043715,-0.158244,0.018142,0.005376,-0.061853,0.013597,0.000000,0.000000,0.000000,-0.418847,0.000000,-0.272849,0.071249,0.000000
-0.045187,-0.152373,0.015970,0.004668,-0.066120,0.013353,0.000000,0.000000,0.000000,-0.263906,0.000000,-0.053766,0.115925,0.000000
-0.046820,-0.144784,0.013587,0.005079,-0.074569,0.012699,-0.024045,0.000000,0.000000,-0.295810,0.000000,0.000000,0.000000,0.000000
-0.047929,-0.138103,0.012084,0.005485,-0.083055,0.010012,-0.050652,0.005605,0.000000,-0.249715,0.000000,0.000000,0.000000,0.000000
-0.048707,-0.131063,0.011119,0.004255,-0.081816,0.005933,-0.045378,0.090304,0.000000,-0.005921,0.000000,0.000000,0.000000,0.139443
-0.049287,-0.124937,0.010471,0.004037,-0.077521,0.004317,-0.055354,0.212998,0.000000,0.000000,0.000000,0.000000,0.000000,0.274483
-0.049365,-0.118804,0.010910,0.002579,-0.063794,-0.002341,-0.055890,0.264352,0.000000,0.000000,0.000000,0.000000,0.000000,0.261654
-0.049381,-0.113646,0.011474,0.002688,-0.062254,-0.003463,-0.059216,0.318025,-0.024979,0.000000,0.000000,0.000000,0.000000,0.210790
-0.049486,-0.108634,0.011726,0.002506,-0.064941,-0.001677,-0.022439,0.320685,-0.085653,0.000000,0.000000,-0.183896,0.000000,0.000000
-0.049577,-0.103300,0.012017,0.002260,-0.063873,-0.001795,-0.018023,0.256845,-0.076882,0.000000,0.000000,-0.184339,0.000000,0.000000
-0.049457,-0.098403,0.012716,0.001099,-0.051487,-0.003720,-0.032802,0.000000,0.000000,0.000000,0.000000,0.000000,0.000000,0.148486
-0.049267,-0.095933,0.013384,0.000213,-0.033108,-0.004456,-0.039598,0.043356,0.000000,0.000000,0.000000,0.000000,0.000000,0.175257
-0.049000,-0.094745,0.014131,-0.000489,-0.015455,-0.004588,-0.026200,0.393788,-0.092105,0.000000,0.000000,-0.143740,0.000000,0.000000
-0.048905,-0.093891,0.014367,-0.000329,-0.011468,-0.001570,-0.008546,0.260236,-0.147623,0.000000,0.000000,-0.347518,0.000000,0.000000
-0.048602,-0.094605,0.014898,-0.001733,0.007506,-0.003263,0.000000,0.000000,-0.084839,-0.243884,0.000000,-0.445469,0.000000,0.000000
-0.048098,-0.095979,0.015598,-0.003047,0.013054,-0.003733,0.000000,0.000000,0.000000,-0.299701,0.000000,-0.318539,0.000000,0.000000
-0.047718,-0.097557,0.015960,-0.003486,0.019585,-0.002409,0.000000,0.000000,0.000000,-0.380469,0.000000,-0.442157,0.000000,0.000000
-0.047279,-0.099838,0.016239,-0.004190,0.026578,-0.001720,0.000000,0.000000,-0.050573,-0.470736,0.000000,-0.565894,0.000000,0.000000
-0.046798,-0.102320,0.016514,-0.005077,0.031390,-0.001830,0.000000,0.000000,0.000000,-0.574172,0.000000,-0.548992,0.000000,0.000000
-0.046228,-0.105267,0.016595,-0.005595,0.030174,-0.000431,0.000000,0.000000,0.000000,-0.632041,0.000000,-0.561361,0.000000,0.000000
-0.045788,-0.108021,0.016451,-0.005797,0.032981,0.000887,0.000000,0.000000,0.000000,-0.694360,0.000000,-0.614790,0.000802,0.000000
-0.045388,-0.110112,0.016055,-0.006867,0.027623,0.002634,0.000000,0.000000,0.000000,-0.706104,0.000000,-0.587186,0.037867,0.000000
-0.044861,-0.112305,0.015758,-0.007474,0.026528,0.001827,0.000000,0.000000,0.000000,-0.761051,0.000000,-0.573271,0.069647,0.000000
-0.043907,-0.114595,0.016000,-0.008936,0.023214,-0.001288,0.000000,0.000000,0.000000,-0.768499,0.000000,-0.520707,0.068271,0.000000
-0.043088,-0.116287,0.016369,-0.008821,0.021109,-0.002456,0.000000,0.000000,0.000000,-0.750365,0.000000,-0.537853,0.086224,0.000000
-0.042021,-0.117868,0.017193,-0.009096,0.017441,-0.005065,0.000000,0.000000,0.000000,-0.657482,0.000000,-0.607946,0.113944,0.000000
-0.041363,-0.119814,0.017396,-0.007498,0.024687,-0.001356,0.000000,0.000000,0.000000,-0.635286,0.000000,-0.616562,0.114132,0.000000
-0.040759,-0.121734,0.017506,-0.006675,0.022626,-0.000677,0.000000,0.000000,0.000000,-0.599727,0.000000,-0.623924,0.103220,0.000000
-0.040606,-0.124840,0.016761,-0.004499,0.032936,0.003969,0.000000,0.000000,0.000000,-0.782657,0.000000,-0.633625,0.037222,0.000000
-0.040503,-0.127004,0.016238,-0.003960,0.028685,0.003485,0.000000,0.000000,0.000000,-0.791768,0.000000,-0.614837,0.026845,0.000000
-0.040345,-0.128578,0.015915,-0.003410,0.019173,0.001986,0.000000,0.000000,0.000000,-0.912100,0.000000,-0.605726,0.080697,0.000000
-0.040103,-0.129370,0.015952,-0.002927,0.010125,-0.000247,0.000000,0.000000,0.000000,-0.858354,0.000000,-0.591552,0.098030,0.000000
-0.039002,-0.130956,0.017612,-0.004371,0.014182,-0.008843,0.000000,0.000000,0.000000,-0.704567,0.000000,-0.521815,0.164917,0.000000
-0.037279,-0.132389,0.020539,-0.006149,0.012819,-0.018005,0.000000,0.000000,0.000000,-0.589848,0.000000,-0.496580,0.166527,0.000000
-0.035319,-0.133113,0.023941,-0.006984,0.004289,-0.022652,0.000000,0.000000,0.000000,-0.562324,0.000000,-0.763239,0.060253,0.000000
-0.033099,-0.133017,0.027850,-0.006906,-0.006162,-0.024024,0.000000,0.094652,0.000000,-0.393285,0.000000,-0.974201,0.055501,0.000000
-0.030568,-0.131813,0.032164,-0.007462,-0.016884,-0.022987,0.000000,0.161047,0.000000,-0.145577,0.000000,-0.877008,0.258961,0.000000
-0.028472,-0.130978,0.035675,-0.008246,-0.014977,-0.023408,0.000000,0.109318,0.000000,-0.087575,0.000000,-0.752703,0.240846,0.000000
-0.026268,-0.130319,0.039229,-0.008776,-0.011504,-0.021847,0.000000,0.132332,0.000000,-0.173321,0.000000,-0.727855,0.000000,0.000000
-0.024629,-0.129816,0.041629,-0.008425,-0.008953,-0.015978,0.000000,0.168721,0.000000,-0.139137,0.000000,-0.839481,0.000000,0.000000
-0.022371,-0.130238,0.044611,-0.010718,0.002023,-0.015895,0.000000,0.070653,0.000000,-0.042745,0.000000,-0.881809,0.135173,0.000000
-0.019988,-0.132208,0.047551,-0.013993,0.021005,-0.018082,0.000000,0.000000,0.000000,-0.222488,0.000000,-0.764419,0.102548,0.000000
-0.018223,-0.133836,0.049134,-0.014243,0.019669,-0.010538,0.000000,0.000000,0.000000,-0.420527,0.000000,-0.869871,0.028977,0.000000
-0.016836,-0.134859,0.049483,-0.014712,0.011905,-0.002148,0.000000,0.000000,0.000000,-0.485014,0.000000,-1.000000,0.116643,0.000000
-0.016170,-0.135079,0.048423,-0.014340,0.003568,0.007061,0.000000,0.000000,0.000000,-0.515596,0.000000,-0.981395,0.279802,0.000000
-0.016894,-0.136931,0.044003,-0.011836,0.021495,0.023561,0.000000,0.000000,0.000000,-0.630122,0.000000,-0.707108,0.306998,0.000000
-0.018571,-0.138144,0.038184,-0.009778,0.018336,0.035775,0.000000,0.000000,0.000000,-0.812200,0.021340,-0.467971,0.222368,0.000000
-0.020583,-0.138712,0.032031,-0.008412,0.012251,0.040973,0.000000,0.000000,0.000000,-1.000000,0.120301,-0.446675,0.016149,0.000000
-0.023170,-0.139317,0.024913,-0.006051,0.013062,0.043753,0.000000,0.000000,0.000000,-1.000000,0.137382,-0.259201,0.019531,0.000000
-0.026127,-0.139354,0.017239,-0.004060,0.006545,0.040906,0.000000,0.000000,0.000000,-1.000000,0.064239,-0.026040,0.191558,0.000000
-0.028172,-0.138892,0.011962,-0.003361,-0.000127,0.035160,0.000000,0.000000,0.000000,-1.000000,0.066492,-0.016552,0.082343,0.000000
-0.030217,-0.139517,0.007205,-0.000331,0.012590,0.029232,0.000000,0.000000,0.000000,-1.000000,0.065802,-0.094590,0.000000,0.000000
-0.031699,-0.140164,0.004140,0.001806,0.012148,0.020425,0.000000,0.000000,0.000000,-1.000000,0.006919,-0.094828,0.011812,0.000000
-0.032779,-0.140752,0.002414,0.003293,0.007841,0.009193,0.000000,0.000000,0.000000,-1.000000,0.000000,-0.233975,0.016191,0.000000
-0.032717,-0.141356,0.003204,0.003411,0.006211,-0.004858,0.000000,0.000000,0.000000,-1.000000,0.000000,-0.381003,0.023254,0.000000
-0.030885,-0.143107,0.007285,-0.000216,0.017277,-0.027183,0.000000,0.000000,0.000000,-0.785291,0.000000,-0.455395,0.107446,0.000000
-0.027491,-0.145549,0.014255,-0.003003,0.021359,-0.042857,0.000000,0.000000,0.000000,-0.481855,0.000000,-0.615228,0.210226,0.000000
-0.022967,-0.147861,0.023528,-0.002807,0.016184,-0.049414,0.000000,0.200962,-0.003079,-0.278440,0.000000,-1.000000,0.156520,0.000000
-0.019110,-0.148975,0.031374,-0.002642,0.007631,-0.052246,0.000000,0.352209,-0.104347,-0.163843,0.000000,-1.000000,0.075549,0.000000
-0.014872,-0.149395,0.039757,-0.003667,-0.000385,-0.051554,0.000000,0.237764,-0.009826,-0.095391,0.000000,-1.000000,0.070491,0.000000
-0.011270,-0.148569,0.046750,-0.004076,-0.014343,-0.046562,0.000000,0.122567,0.000000,0.000000,0.000000,-1.000000,0.017684,0.000000
-0.007605,-0.147128,0.053858,-0.004090,-0.019670,-0.043715,0.000000,0.329142,0.000000,0.000000,0.000000,-1.000000,0.134852,0.000000
-0.003972,-0.144967,0.060665,-0.004994,-0.023558,-0.036274,0.000000,0.387502,0.000000,0.000000,0.000000,-1.000000,0.248252,0.000000
-0.001720,-0.142798,0.064613,-0.005827,-0.028370,-0.026293,0.000000,0.340405,0.000000,0.000000,0.000000,-1.000000,0.099881,0.000000
0.000075,-0.140124,0.067357,-0.006700,-0.031854,-0.016869,0.000000,0.275086,0.000000,0.000000,0.000000,-1.000000,0.023445,0.000000
0.001109,-0.137105,0.068163,-0.008730,-0.038825,-0.005369,0.000000,0.115173,0.000000,0.000000,0.000000,-0.937232,0.136477,0.000000
0.001414,-0.132807,0.066706,-0.009595,-0.044260,0.007764,0.000000,0.000000,0.000000,0.000000,0.000000,-0.748379,0.215326,0.000000
0.000718,-0.128696,0.063133,-0.009449,-0.048891,0.021970,0.000000,0.000000,0.000000,-0.107973,0.000000,-0.500738,0.235860,0.000000
-0.000620,-0.124787,0.058072,-0.009101,-0.050220,0.033712,0.000000,0.000000,0.000000,-0.270361,0.135397,-0.271229,0.183432,0.000000
-0.002402,-0.120478,0.051582,-0.009043,-0.050657,0.039883,0.000000,0.000000,0.000000,-0.453523,0.206994,-0.046296,0.108800,0.000000
-0.004301,-0.115703,0.044056,-0.009766,-0.048221,0.040118,0.000000,0.000000,0.000000,-0.634337,0.193459,0.000000,0.090472,0.093731
-0.005185,-0.112720,0.039177,-0.011414,-0.037313,0.032483,0.000000,0.000000,0.000000,-0.665985,0.163773,0.000000,0.121316,0.137277
-0.005543,-0.110544,0.035323,-0.011958,-0.024994,0.023699,0.000000,0.000000,0.000000,-0.589105,0.121978,0.000000,0.154481,0.144718
-0.005819,-0.108768,0.032258,-0.010133,-0.022092,0.020413,0.000000,0.000000,0.000000,-0.546757,0.098819,0.000000,0.127998,0.000000
-0.006357,-0.107662,0.028835,-0.007489,-0.012311,0.021054,0.000000,0.000000,0.000000,-0.543206,0.095074,-0.170954,0.051954,0.000000
-0.006844,-0.106606,0.025642,-0.006099,-0.010153,0.017006,0.000000,0.000000,0.000000,-0.569242,0.092676,-0.192359,0.105553,0.000000
-0.007176,-0.105953,0.023581,-0.004609,-0.007788,0.013731,0.000000,0.000000,0.000000,-0.692160,0.068530,-0.156241,0.138281,0.000000
-0.007552,-0.104897,0.021741,-0.002797,-0.012035,0.011313,0.000000,0.000000,0.000000,-0.661525,0.029345,-0.206081,0.121377,0.000000
-0.007857,-0.103270,0.020953,0.000574,-0.020677,0.005248,0.000000,0.000000,0.000000,-0.585605,0.000000,-0.283462,0.147502,0.000000
-0.008238,-0.100881,0.020567,0.002628,-0.024473,0.002059,0.000000,0.000000,0.000000,-0.473468,0.000000,-0.261205,0.172351,0.000000
-0.008490,-0.098454,0.020710,0.003539,-0.028848,-0.000880,0.000000,0.032157,0.000000,-0.259815,0.000000,-0.242188,0.178916,0.000000
-0.008599,-0.096120,0.021264,0.003598,-0.030210,-0.003688,0.000000,0.105059,0.000000,-0.173266,0.000000,-0.257451,0.108859,0.000000
-0.008006,-0.095265,0.023598,0.001337,-0.010865,-0.014347,0.000000,0.107701,0.000000,-0.115281,0.000000,-0.279994,0.000000,0.000000
-0.006076,-0.097831,0.029089,-0.002944,0.025136,-0.029270,0.000000,0.075943,0.000000,-0.036727,0.000000,-0.312936,0.000000,0.000000
-0.004579,-0.100419,0.033157,-0.003168,0.032375,-0.027091,0.000000,0.058782,0.000000,-0.001335,0.000000,-0.705633,0.000000,0.000000
-0.003105,-0.102828,0.036828,-0.003747,0.028050,-0.022573,0.000000,0.036480,0.000000,-0.145199,0.000000,-1.000000,0.000000,0.000000
-0.001929,-0.104982,0.039575,-0.003709,0.027419,-0.018308,0.000000,0.000000,0.000000,-0.334326,0.000000,-1.000000,0.015924,0.000000
-0.000192,-0.107994,0.043116,-0.005854,0.030823,-0.018862,0.000000,0.000000,0.000000,-0.340071,0.000000,-0.977270,0.207535,0.000000
0.001781,-0.111575,0.046700,-0.008983,0.042561,-0.022027,0.000000,0.000000,0.000000,-0.336424,0.000000,-0.913143,0.309916,0.000000
0.003406,-0.114803,0.049252,-0.009394,0.041767,-0.017013,0.000000,0.000000,0.000000,-0.477879,0.000000,-1.000000,0.209742,0.000000
0.005077,-0.119446,0.051406,-0.010608,0.055377,-0.013233,0.000000,0.000000,0.000000,-0.615003,0.000000,-1.000000,0.126086,0.000000
0.006095,-0.123688,0.051980,-0.010330,0.054705,-0.003826,0.000000,0.000000,0.000000,-0.606130,0.000000,-1.000000,0.271955,0.000000
0.006534,-0.128526,0.050861,-0.008984,0.049539,0.005961,0.000000,0.000000,0.000000,-0.748237,0.000000,-1.000000,0.327068,0.000000
0.005669,-0.132132,0.047823,-0.004309,0.042172,0.018701,0.000000,0.000000,0.000000,-1.000000,0.043109,-1.000000,0.203688,0.000000
0.003232,-0.136054,0.042230,0.001477,0.049392,0.037229,0.000000,0.000000,0.000000,-1.000000,0.068113,-0.866132,0.210351,0.000000
-0.000143,-0.140114,0.035191,0.004338,0.047728,0.043274,0.000000,0.000000,0.000000,-1.000000,0.019726,-0.528668,0.328483,0.000000
-0.004629,-0.143898,0.026568,0.007115,0.039508,0.045960,0.000000,0.000000,0.000000,-1.000000,0.093400,-0.305745,0.121322,0.000000
-0.008395,-0.145693,0.019914,0.009762,0.024726,0.044304,0.000000,0.000000,0.000000,-1.000000,0.151110,-0.332758,0.000000,0.000000
-0.012470,-0.145933,0.013014,0.010906,0.005421,0.042410,0.000000,0.000000,0.000000,-1.000000,0.111068,-0.248373,0.000000,0.000000
-0.015845,-0.145580,0.007786,0.012599,-0.001652,0.034838,0.000000,0.000000,0.000000,-1.000000,0.027349,-0.066957,0.004797,0.000000
-0.018356,-0.146094,0.004735,0.011490,0.006912,0.016256,0.000000,0.000000,0.000000,-1.000000,0.000000,0.000000,0.033934,0.000000
-0.018660,-0.147422,0.005723,0.008983,0.015097,-0.006071,0.000000,0.000000,0.000000,-1.000000,0.000000,-0.072041,0.007504,0.000000
-0.018077,-0.148131,0.008515,0.009148,0.007083,-0.018602,0.000000,0.000000,0.000000,-0.927284,0.000000,-0.490849,0.001619,0.000000
-0.016839,-0.148618,0.013040,0.010321,0.002911,-0.027825,0.000000,0.000000,0.000000,-0.563004,0.000000,-0.923445,0.106772,0.000000
-0.014815,-0.149706,0.018837,0.008827,0.010368,-0.038628,0.000000,0.125238,0.000000,-0.237549,0.000000,-0.899494,0.293283,0.000000
-0.011441,-0.151602,0.027570,0.007585,0.015893,-0.046502,0.000000,0.146112,0.000000,-0.191109,0.000000,-0.889534,0.233159,0.000000
-0.008352,-0.152289,0.035425,0.007783,0.005364,-0.048330,0.000000,0.150944,-0.092887,-0.318361,0.000000,-1.000000,0.000000,0.000000
-0.005725,-0.152314,0.042176,0.007765,-0.001513,-0.044932,0.000000,0.236668,-0.111267,-0.182064,0.000000,-1.000000,0.000000,0.000000
-0.003423,-0.152219,0.048230,0.007083,-0.002094,-0.037232,0.000000,0.253080,0.000000,0.000000,0.000000,-1.000000,0.226702,0.000000
-0.001488,-0.151210,0.053464,0.005842,-0.010759,-0.027895,0.000000,0.138503,0.000000,0.000000,0.000000,-1.000000,0.134308,0.000000
-0.000440,-0.149794,0.056325,0.004006,-0.018304,-0.019062,0.000000,0.114058,0.000000,-0.176902,0.000000,-1.000000,0.000000,0.000000
-0.000038,-0.147586,0.057758,0.003231,-0.026210,-0.008810,0.000000,0.060049,0.000000,-0.141621,0.000000,-1.000000,0.058179,0.000000
-0.000333,-0.146390,0.057554,0.002577,-0.015378,0.001358,0.000000,0.020629,0.000000,-0.064122,0.000000,-0.852298,0.261181,0.000000
-0.001703,-0.144795,0.055127,0.002604,-0.016344,0.012937,0.000000,0.000000,0.000000,-0.183154,0.000000,-0.598701,0.245620,0.000000
-0.003874,-0.143334,0.051013,0.003563,-0.016916,0.025261,0.000000,0.000000,0.000000,-0.631905,0.008487,-0.588581,0.000000,0.000000
-0.005731,-0.143077,0.047176,0.001664,-0.002573,0.025582,0.000000,0.000000,0.000000,-0.789064,0.068444,-0.472109,0.000000,0.000000
-0.007728,-0.143305,0.042896,0.000878,0.003771,0.026321,0.000000,0.000000,0.000000,-0.749947,0.000688,-0.176217,0.251105,0.000000
-0.010376,-0.142991,0.037305,0.001357,-0.001607,0.029783,0.000000,0.000000,0.000000,-0.903862,0.000000,-0.291828,0.232849,0.000000
-0.012647,-0.141741,0.032516,0.001559,-0.013863,0.031922,0.000000,0.000000,0.000000,-1.000000,0.066634,-0.495286,0.000000,0.000000
-0.014977,-0.139661,0.027558,0.001471,-0.022151,0.030485,0.000000,0.000000,0.000000,-1.000000,0.028394,-0.267884,0.061282,0.000000
-0.016668,-0.137789,0.023868,0.000940,-0.021720,0.024571,0.000000,0.000000,0.000000,-0.874232,0.000000,0.000000,0.322165,0.000000
-0.018354,-0.135717,0.020399,0.002198,-0.022339,0.021324,0.000000,0.000000,0.000000,-0.779913,0.000000,0.000000,0.251582,0.000000
-0.019881,-0.132821,0.017535,0.003162,-0.028050,0.015266,0.000000,0.000000,0.000000,-0.816597,0.000000,-0.203173,0.000000,0.000000
-0.020451,-0.130425,0.016661,0.002634,-0.030091,0.005820,0.000000,0.000000,0.000000,-0.744034,0.000000,-0.224560,0.000000,0.000000
-0.020621,-0.127961,0.016800,0.002695,-0.029349,-0.000852,0.000000,0.000000,0.000000,-0.419768,0.000000,-0.130440,0.225064,0.000000
-0.020468,-0.125790,0.017809,0.003252,-0.028753,-0.006724,0.000000,0.022093,0.000000,-0.210967,0.000000,-0.254206,0.245351,0.000000
-0.020464,-0.123641,0.019078,0.005115,-0.022937,-0.006760,0.000000,0.127469,0.000000,-0.274989,0.000000,-0.446098,0.000000,0.000000
-0.020255,-0.121653,0.020771,0.005333,-0.024869,-0.010412,0.000000,0.126040,0.000000,-0.234948,0.000000,-0.504753,0.000000,0.000000
-0.020260,-0.120488,0.022124,0.006718,-0.016088,-0.009012,0.000000,0.000000,0.000000,-0.198195,0.000000,-0.459318,0.000676,0.000000
-0.020444,-0.120496,0.023310,0.007515,-0.000782,-0.007296,0.000000,0.000000,0.000000,-0.091128,0.000000,-0.474578,0.025722,0.000000
-0.020626,-0.120342,0.024864,0.007927,-0.002599,-0.008275,0.000000,0.000000,0.000000,-0.169412,0.000000,-0.541586,0.014461,0.000000
-0.020507,-0.120216,0.026245,0.005190,-0.002763,-0.009207,0.000000,0.000000,0.000000,-0.440811,0.000000,-0.661832,0.000000,0.000000
-0.019728,-0.120798,0.028719,0.001843,0.005061,-0.015198,0.000000,0.000000,0.000000,-0.361930,0.000000,-0.626974,0.000000,0.000000
-0.018782,-0.122147,0.031314,0.000508,0.015338,-0.017287,0.000000,0.000000,0.000000,-0.240826,0.000000,-0.575375,0.172985,0.000000
-0.017501,-0.124056,0.034509,-0.000549,0.017760,-0.017029,0.000000,0.000000,0.000000,-0.233364,0.000000,-0.810457,0.142587,0.000000
-0.017155,-0.126297,0.035724,0.001507,0.025820,-0.007471,0.000000,0.000000,0.000000,-0.447003,0.000000,-1.000000,0.000000,0.000000
-0.017171,-0.127635,0.036094,0.002101,0.016957,-0.002461,0.000000,0.000000,0.000000,-0.486343,0.000000,-0.938571,0.031475,0.000000
-0.017481,-0.128466,0.035662,0.001623,0.010138,0.002656,0.000000,0.000000,0.000000,-0.621733,0.000000,-0.751401,0.192247,0.000000
-0.017979,-0.128620,0.034589,0.000832,0.002750,0.007151,0.000000,0.000000,0.000000,-0.629264,0.000000,-0.618388,0.187986,0.000000
-0.018777,-0.128078,0.032581,-0.000134,-0.004379,0.010696,0.000000,0.000000,0.000000,-0.699945,0.000000,-0.541210,0.120648,0.000000
-0.019345,-0.127638,0.030911,-0.001228,-0.004033,0.010256,0.000000,0.000000,0.000000,-0.705054,0.000000,-0.456781,0.101864,0.000000
-0.019924,-0.126802,0.029196,-0.001390,-0.009392,0.011432,0.000000,0.000000,0.000000,-0.632990,0.000000,-0.347512,0.172256,0.000000
-0.020579,-0.125830,0.027224,-0.001548,-0.010036,0.012124,0.000000,0.000000,0.000000,-0.619731,0.000000,-0.390328,0.164742,0.000000
-0.021333,-0.124795,0.024963,-0.001432,-0.009123,0.012057,0.000000,0.000000,0.000000,-0.642910,0.000000,-0.365873,0.066027,0.000000
-0.020527,-0.125418,0.025523,-0.007538,0.007523,-0.003733,0.000000,0.000000,0.000000,-0.658613,0.000000,-0.310238,0.075010,0.000000
-0.018732,-0.126518,0.027747,-0.010903,0.011401,-0.013675,0.000000,0.000000,0.000000,-0.608572,0.000000,-0.309991,0.128556,0.000000
-0.016717,-0.127651,0.030501,-0.011820,0.012541,-0.018344,0.000000,0.000000,0.000000,-0.482454,0.000000,-0.799091,0.158843,0.000000
-0.013944,-0.128959,0.034448,-0.012239,0.011429,-0.021034,0.000000,0.075364,0.000000,-0.366946,0.000000,-1.000000,0.159695,0.000000
-0.011733,-0.128818,0.037394,-0.012070,-0.003143,-0.018107,0.000000,0.011304,0.000000,-0.373526,0.000000,-0.937941,0.262366,0.000000
-0.009970,-0.127735,0.039502,-0.011687,-0.014884,-0.014042,0.000000,0.000000,0.000000,-0.382402,0.000000,-0.927248,0.247957,0.000000
-0.008469,-0.125682,0.040893,-0.011202,-0.024880,-0.008556,0.000000,0.102398,0.000000,-0.277593,0.000000,-0.782985,0.275560,0.000000
-0.007568,-0.123426,0.041159,-0.010238,-0.029099,-0.001766,0.000000,0.140232,0.000000,-0.185567,0.000000,-0.615972,0.333886,0.000000
-0.006978,-0.119916,0.040292,-0.009526,-0.035911,0.004620,0.000000,0.063783,0.000000,-0.240580,0.000000,-0.516780,0.186315,0.000000
-0.006904,-0.116499,0.038501,-0.008887,-0.040071,0.011009,0.000000,0.000000,0.000000,-0.372507,0.000000,-0.439687,0.015845,0.000000
-0.007291,-0.112334,0.035179,-0.010649,-0.052551,0.022125,0.000000,0.000000,0.000000,-0.266626,0.028536,-0.273613,0.150814,0.000000
-0.008092,-0.105434,0.028750,-0.017402,-0.079841,0.039508,0.000000,0.000000,0.000000,-0.166188,0.037724,-0.109823,0.327461,0.000000
-0.008413,-0.098310,0.021959,-0.019829,-0.071318,0.036210,0.000000,0.000000,0.000000,-0.341111,0.146400,0.000000,0.153001,0.192749
-0.008385,-0.093230,0.017056,-0.019814,-0.063479,0.032645,0.000000,0.000000,0.000000,-0.469072,0.330580,0.000000,0.031269,0.781204
-0.008051,-0.088325,0.012610,-0.019419,-0.056738,0.027336,0.000000,0.000000,0.000000,-0.296606,0.232360,0.000000,0.087957,0.632019
-0.007631,-0.084477,0.009233,-0.017437,-0.048327,0.022496,0.000000,0.395339,0.000000,-0.019677,0.045364,0.000000,0.000000,0.439160
-0.007203,-0.079661,0.005506,-0.014575,-0.048579,0.019863,0.000000,0.284027,0.000000,-0.083971,0.108435,0.000000,0.000000,0.391301
-0.006899,-0.075687,0.002708,-0.011919,-0.046360,0.017193,0.000000,0.000000,0.000000,-0.271095,0.081018,0.000000,0.000000,0.308973
-0.006652,-0.072273,0.000575,-0.009699,-0.043280,0.014207,0.000000,0.000000,0.000000,-0.180995,0.040431,0.000000,0.000000,0.325004
-0.006400,-0.069436,-0.001259,-0.007932,-0.033207,0.011275,0.000000,0.111109,0.000000,-0.001733,0.072118,0.000000,0.017359,0.330146
-0.006143,-0.067286,-0.002804,-0.006117,-0.021806,0.008240,0.000000,0.123948,0.000000,0.000000,0.066283,0.000000,0.000000,0.300203
-0.006092,-0.066134,-0.003946,-0.003751,-0.014518,0.007599,0.000000,0.000000,0.000000,-0.126352,0.032295,0.000000,0.000000,0.150840
-0.006260,-0.065479,-0.005318,-0.001388,-0.007453,0.008437,0.000000,0.000000,0.000000,-0.204519,0.007271,-0.119344,0.000000,0.000000
-0.006375,-0.065169,-0.006215,-0.000897,-0.003758,0.005971,0.000000,0.000000,0.000000,-0.252012,0.030832,-0.126654,0.000000,0.000000
-0.006228,-0.065710,-0.006177,-0.001645,0.006413,-0.000234,0.000000,0.000000,0.000000,-0.416330,0.021682,-0.058080,0.000000,0.000000
-0.005510,-0.068336,-0.004432,-0.003685,0.026691,-0.009305,0.000000,0.000000,0.000000,-0.407153,0.000000,-0.108983,0.000603,0.000000
-0.004629,-0.072436,-0.002149,-0.005020,0.052208,-0.015196,0.000000,0.000000,0.000000,-0.341772,0.000000,-0.354060,0.058491,0.000000
-0.003464,-0.076935,0.000947,-0.005462,0.052918,-0.019035,0.000000,0.000000,0.000000,-0.413385,0.000000,-0.735473,0.041510,0.000000
-0.002454,-0.080957,0.003865,-0.003921,0.051353,-0.019433,0.000000,0.000000,0.000000,-0.699446,0.000000,-1.000000,0.000000,0.000000
-0.001206,-0.085725,0.007584,-0.003109,0.048811,-0.019816,0.000000,0.000000,0.000000,-0.630353,0.000000,-0.922838,0.172016,0.000000
-0.000524,-0.090310,0.009872,-0.000778,0.054349,-0.014071,0.000000,0.000000,0.000000,-0.461171,0.000000,-0.786192,0.413873,0.000000
-0.000109,-0.094769,0.011374,0.000139,0.057326,-0.010001,0.000000,0.000000,0.000000,-0.570671,0.000000,-0.856589,0.270401,0.000000
0.000341,-0.099267,0.012848,-0.000134,0.053348,-0.009053,0.000000,0.000000,0.000000,-0.972803,0.000000,-0.918227,0.000000,0.000000
0.000803,-0.104015,0.014306,-0.000069,0.048916,-0.007776,0.000000,0.000000,0.000000,-0.988015,0.000000,-0.864804,0.060307,0.000000
0.000860,-0.107201,0.014920,0.001841,0.041025,-0.004095,0.000000,0.000000,0.000000,-0.627448,0.000000,-0.767836,0.439056,0.000000
0.000737,-0.109667,0.015349,0.003178,0.029286,-0.002639,0.000000,0.000000,0.000000,-0.658260,0.000000,-0.763036,0.408731,0.000000
0.000654,-0.111466,0.015860,0.003336,0.023149,-0.003403,0.000000,0.000000,0.000000,-1.000000,0.000000,-0.732530,0.000000,0.000000
0.001043,-0.113733,0.017485,0.001846,0.023375,-0.008658,0.000000,0.000000,0.000000,-0.919662,0.000000,-0.613216,0.049731,0.000000
0.001335,-0.114545,0.018839,0.002275,0.009703,-0.008324,0.000000,0.000000,0.000000,-0.449984,0.000000,-0.564407,0.465892,0.000000
0.001812,-0.114946,0.020479,0.001465,0.005268,-0.010926,0.000000,0.000000,0.000000,-0.421759,0.000000,-0.749615,0.397784,0.000000
0.002618,-0.115350,0.022823,0.000470,0.004987,-0.014406,0.000000,0.000000,0.000000,-0.678646,0.000000,-0.707792,0.000000,0.000000
0.004488,-0.117908,0.027130,-0.003979,0.033486,-0.028691,0.000000,0.000000,0.000000,-0.554925,0.000000,-0.636978,0.076812,0.000000
0.008376,-0.122970,0.034954,-0.010198,0.053598,-0.041705,0.000000,0.055842,0.000000,-0.140657,0.000000,-0.720070,0.455767,0.000000
0.012077,-0.126541,0.041489,-0.013993,0.044736,-0.040177,0.000000,0.082464,0.000000,-0.276272,0.000000,-1.000000,0.306665,0.000000
0.015596,-0.129577,0.047275,-0.015707,0.042156,-0.038548,0.000000,0.059196,-0.006918,-0.623210,0.000000,-1.000000,0.000000,0.000000
0.019508,-0.132457,0.053177,-0.017927,0.037845,-0.036258,0.000000,0.040302,0.000000,-0.460471,0.000000,-1.000000,0.200022,0.000000
0.024159,-0.136565,0.059689,-0.020020,0.046652,-0.034698,0.000000,0.129486,0.000000,-0.123091,0.000000,-1.000000,0.589646,0.000000
0.027466,-0.139576,0.063860,-0.019546,0.042954,-0.027789,0.000000,0.120626,0.000000,-0.293682,0.000000,-1.000000,0.456360,0.000000
0.030470,-0.142391,0.067029,-0.019178,0.036736,-0.019479,0.000000,0.000000,0.000000,-0.787634,0.144778,-1.000000,0.014586,0.000000
0.032661,-0.144139,0.068708,-0.018510,0.024557,-0.011173,0.000000,0.000000,0.000000,-0.757809,0.146314,-1.000000,0.176136,0.000000
0.034244,-0.145267,0.068769,-0.016015,0.011678,-0.000329,0.000000,0.000000,0.000000,-0.390009,0.040491,-1.000000,0.720202,0.000000
0.034381,-0.145263,0.066667,-0.013017,-0.002697,0.012917,0.000000,0.000000,0.000000,-0.535390,0.104724,-1.000000,0.643739,0.000000
0.033611,-0.145220,0.063313,-0.009811,-0.005109,0.022364,0.000000,0.000000,0.000000,-1.000000,0.317528,-0.909770,0.170960,0.000000
0.031734,-0.144910,0.058307,-0.004868,-0.009722,0.030732,0.000000,0.000000,0.000000,-1.000000,0.298678,-0.496136,0.265092,0.000000
0.029493,-0.144415,0.053388,-0.000031,-0.012471,0.032817,0.000000,0.000000,0.000000,-0.837222,0.115392,-0.215778,0.644681,0.000000
0.026502,-0.142872,0.047881,0.005025,-0.020909,0.029345,0.000000,0.000000,0.000000,-1.000000,0.163577,-0.170063,0.424316,0.000000
0.023678,-0.140548,0.043789,0.011686,-0.031479,0.025155,0.000000,0.000000,0.000000,-1.000000,0.257005,-0.289982,0.007638,0.000000
0.021215,-0.137707,0.041038,0.016023,-0.039040,0.018295,0.000000,0.000000,0.000000,-0.928728,0.109014,-0.195693,0.194040,0.000000
0.018826,-0.133698,0.039166,0.018763,-0.049098,0.011524,0.000000,0.000000,0.000000,-0.527885,0.000000,-0.016517,0.452092,0.000000
0.016350,-0.127987,0.038155,0.021093,-0.059349,0.005389,0.000000,0.076359,0.000000,-0.353838,0.000000,-0.126623,0.311454,0.000000
0.014511,-0.123482,0.038034,0.023041,-0.058060,0.000807,0.000000,0.279423,0.000000,-0.265790,0.000000,-0.281749,0.000000,0.000000
0.012790,-0.118663,0.038699,0.023484,-0.056828,-0.004088,0.000000,0.313388,0.000000,0.000000,0.000000,-0.204496,0.000000,0.000000
0.011410,-0.114213,0.039663,0.022377,-0.056728,-0.006426,0.000000,0.101992,0.000000,0.000000,0.000000,-0.210099,0.016855,0.000000
0.009885,-0.108303,0.041219,0.021429,-0.060219,-0.008290,0.000000,0.097139,0.000000,0.000000,0.000000,-0.336601,0.000000,0.000000
0.008364,-0.103426,0.042306,0.022459,-0.057496,-0.006688,0.000000,0.290128,0.000000,0.000000,0.000000,-0.330683,0.000000,0.000000
0.007096,-0.100065,0.043634,0.021847,-0.042769,-0.008842,0.000000,0.351740,0.000000,0.000000,0.000000,-0.233134,0.055565,0.000000
0.005823,-0.097616,0.045231,0.021068,-0.028619,-0.009814,0.000000,0.221325,0.000000,0.000000,0.000000,-0.223037,0.000000,0.000000
0.003803,-0.095816,0.045795,0.022561,-0.018408,-0.003007,0.000000,0.176995,0.000000,0.000000,0.000000,-0.448796,0.000000,0.000000
0.002260,-0.095009,0.046224,0.021507,-0.010320,-0.002855,0.000000,0.146807,0.000000,0.000000,0.000000,-0.591042,0.000000,0.000000
0.000644,-0.094308,0.046477,0.020086,-0.008297,-0.001555,0.000000,0.000000,0.000000,-0.085615,0.000000,-0.428437,0.000000,0.000000
-0.000806,-0.093963,0.046494,0.018707,-0.004436,-0.000116,0.000000,0.000000,0.000000,-0.193183,0.000000,-0.425287,0.000000,0.000000
-0.002039,-0.094273,0.046836,0.015798,0.003664,-0.002100,0.000000,0.000000,0.000000,-0.132487,0.000000,-0.482981,0.000000,0.000000
-0.003408,-0.094444,0.046805,0.014019,0.001759,0.000166,0.000000,0.000000,0.000000,-0.177003,0.000000,-0.489109,0.000000,0.000000
-0.004672,-0.094200,0.046076,0.013426,-0.003026,0.004844,0.000000,0.000000,0.000000,-0.268003,0.000000,-0.589477,0.000000,0.000000
-0.006498,-0.094281,0.044138,0.014909,0.001331,0.011942,0.000000,0.000000,0.000000,-0.283000,0.000000,-0.528735,0.000000,0.000000
-0.008397,-0.094067,0.041883,0.015826,-0.002129,0.015004,0.000000,0.000000,0.000000,-0.305928,0.000000,-0.335527,0.065349,0.000000
-0.010947,-0.093031,0.038247,0.015186,-0.009613,0.019387,0.000000,0.000000,0.000000,-0.509616,0.000000,-0.260464,0.000000,0.000000
-0.013309,-0.091352,0.034240,0.014152,-0.018217,0.024644,0.000000,0.000000,0.000000,-0.549797,0.000000,-0.244086,0.000000,0.000000
-0.015659,-0.089748,0.030132,0.015074,-0.018316,0.027355,0.000000,0.000000,0.000000,-0.450998,0.000000,-0.083434,0.006001,0.000000
-0.018172,-0.088035,0.025765,0.015233,-0.017683,0.026857,-0.011101,0.000000,0.000000,-0.452918,0.000000,0.000000,0.032412,0.000000
-0.021027,-0.085769,0.021213,0.016444,-0.020551,0.024255,-0.060372,0.000000,0.000000,-0.536094,0.000000,0.000000,0.000000,0.000000
-0.023279,-0.084019,0.017626,0.016549,-0.019386,0.023893,-0.085785,0.000000,0.000000,-0.544131,0.000000,0.000000,0.000000,0.000000
-0.025213,-0.082943,0.014932,0.014530,-0.010404,0.016562,-0.090778,0.000000,0.000000,-0.408914,0.000000,0.000000,0.000000,0.000000
-0.026740,-0.083121,0.013155,0.013677,0.004118,0.011826,-0.104964,0.000000,0.000000,-0.416630,0.000000,0.000000,0.000000,0.000000
-0.028484,-0.083802,0.011219,0.014710,0.010041,0.011912,-0.072482,0.000000,0.000000,-0.424216,0.000000,-0.045555,0.000000,0.000000
-0.030062,-0.084630,0.009921,0.012721,0.009712,0.006917,-0.044359,0.000000,-0.022542,-0.511657,0.000000,-0.263951,0.000000,0.000000
-0.031012,-0.085555,0.009734,0.011563,0.012118,0.001244,-0.079843,0.000000,-0.056084,-0.607538,0.000000,-0.278043,0.000000,0.000000
-0.031678,-0.086956,0.010496,0.010359,0.015769,-0.004694,-0.048259,0.000000,0.000000,-0.497945,0.000000,-0.248959,0.000000,0.000000
-0.032217,-0.088215,0.011509,0.010494,0.014909,-0.006748,0.000000,0.000000,0.000000,-0.357033,0.000000,-0.372398,0.000000,0.000000
-0.032756,-0.089469,0.013244,0.010474,0.011085,-0.009228,0.000000,0.000000,-0.057729,-0.356561,0.000000,-0.539195,0.000000,0.000000
-0.033086,-0.090071,0.014984,0.009748,0.005050,-0.010715,-0.004606,0.000000,-0.075258,-0.369577,0.000000,-0.525895,0.000000,0.000000
-0.033054,-0.090996,0.017322,0.008108,0.008785,-0.015561,0.000000,0.000000,-0.000401,-0.246037,0.000000,-0.476252,0.000000,0.000000
-0.032643,-0.092848,0.020653,0.006447,0.017961,-0.020502,0.000000,0.000000,0.000000,-0.116905,0.000000,-0.468754,0.000000,0.000000
-0.031726,-0.095180,0.025073,0.003858,0.019416,-0.023541,0.000000,0.031803,-0.076509,-0.141573,0.000000,-0.635418,0.000000,0.000000
-0.030781,-0.096809,0.028579,0.001362,0.016533,-0.023370,0.000000,0.002770,-0.141924,-0.188889,0.000000,-0.860982,0.000000,0.000000
-0.029842,-0.098142,0.031830,0.000607,0.012153,-0.019983,0.000000,0.000000,-0.036775,-0.115858,0.000000,-0.906531,0.000000,0.000000
-0.029372,-0.099521,0.033648,0.001174,0.015559,-0.012105,0.000000,0.000000,0.000000,-0.038005,0.000000,-0.803773,0.058748,0.000000
-0.029391,-0.101843,0.034281,0.002233,0.023300,-0.003376,0.000000,0.000000,0.000000,-0.141437,0.000000,-0.699065,0.070823,0.000000
-0.029607,-0.104073,0.034033,0.001625,0.026724,0.001523,0.000000,0.000000,0.000000,-0.420164,0.000000,-0.660508,0.000000,0.000000
-0.029650,-0.106442,0.033828,-0.000308,0.030725,0.001365,0.000000,0.000000,0.000000,-0.671033,0.000000,-0.642904,0.000000,0.000000
-0.029759,-0.108806,0.033223,-0.001112,0.028731,0.003722,0.000000,0.000000,0.000000,-0.687424,0.000000,-0.601193,0.003805,0.000000
-0.029961,-0.110860,0.032280,-0.001548,0.027558,0.006284,0.000000,0.000000,0.000000,-0.648597,0.000000,-0.639542,0.126955,0.000000
-0.030318,-0.113293,0.030645,-0.002180,0.026627,0.008709,0.000000,0.000000,0.000000,-0.689123,0.000000,-0.612087,0.121299,0.000000
-0.031005,-0.114932,0.028339,-0.001577,0.022094,0.014179,0.000000,0.000000,0.000000,-0.836496,0.000000,-0.549377,0.035248,0.000000
-0.031866,-0.115078,0.025150,-0.003720,0.005944,0.021243,0.000000,0.000000,0.000000,-0.880675,0.000000,-0.514395,0.044007,0.000000
-0.032727,-0.114722,0.021476,-0.005519,0.000230,0.022599,0.000000,0.000000,0.000000,-0.848487,0.000000,-0.384595,0.134816,0.000000
-0.033640,-0.113735,0.017514,-0.005269,-0.005869,0.021105,0.000000,0.000000,0.000000,-0.812181,0.000000,-0.117609,0.189408,0.000000
-0.034114,-0.112512,0.014990,-0.005494,-0.012241,0.016806,0.000000,0.000000,0.000000,-0.854973,0.000000,-0.087735,0.107224,0.000000
-0.034116,-0.110904,0.013412,-0.006587,-0.017049,0.009697,0.000000,0.000000,0.000000,-0.786936,0.000000,-0.160462,0.000000,0.000000
-0.033673,-0.109467,0.012965,-0.007708,-0.017898,0.002982,0.000000,0.000000,0.000000,-0.564223,0.000000,-0.163216,0.095441,0.000000
-0.032546,-0.107846,0.013825,-0.008547,-0.017592,-0.004580,0.000000,0.000000,0.000000,-0.330870,0.000000,-0.198694,0.203837,0.000000
-0.031346,-0.105677,0.015051,-0.009315,-0.027245,-0.007544,0.000000,0.011795,0.000000,-0.298892,0.000000,-0.326468,0.073502,0.000000
-0.030323,-0.103806,0.016253,-0.008019,-0.025577,-0.008011,0.000000,0.098387,0.000000,-0.262549,0.000000,-0.470134,0.000000,0.000000
-0.028875,-0.101890,0.018371,-0.008976,-0.025099,-0.013013,0.000000,0.144920,0.000000,-0.018088,0.000000,-0.367664,0.103580,0.000000
-0.027014,-0.099487,0.021359,-0.009291,-0.027464,-0.015924,0.000000,0.025084,0.000000,-0.032114,0.000000,-0.325703,0.116558,0.000000
-0.025193,-0.097705,0.024316,-0.011526,-0.026095,-0.019694,0.000000,0.064763,0.000000,-0.043165,0.000000,-0.501329,0.000000,0.000000
-0.023419,-0.095218,0.026779,-0.012067,-0.031791,-0.015139,0.000000,0.256665,0.000000,0.000000,0.000000,-0.543876,0.000000,0.000000
-0.021886,-0.093087,0.028732,-0.012208,-0.029236,-0.013014,0.000000,0.224148,0.000000,0.000000,0.000000,-0.555869,0.144466,0.000000
-0.020164,-0.091114,0.030880,-0.012970,-0.025150,-0.013202,0.000000,0.061017,0.000000,0.000000,0.000000,-0.424213,0.042902,0.000000
-0.018295,-0.089194,0.032997,-0.012984,-0.021104,-0.011279,0.000000,0.085435,0.000000,0.000000,0.000000,-0.404814,0.000000,0.000000
-0.016873,-0.087535,0.034439,-0.013099,-0.022404,-0.009609,0.000000,0.156121,0.000000,0.000000,0.000000,-0.506169,0.091516,0.000000
-0.015512,-0.085675,0.035485,-0.012745,-0.022725,-0.006433,0.000000,0.073200,0.000000,0.000000,0.000000,-0.529724,0.084646,0.000000
-0.014558,-0.084408,0.035626,-0.011780,-0.016381,-0.000937,0.000000,0.031994,0.000000,-0.002640,0.000000,-0.443906,0.032091,0.000000
-0.013797,-0.082193,0.034433,-0.011078,-0.022223,0.006361,0.000000,0.020105,0.000000,-0.015654,0.000000,-0.358773,0.090199,0.000000
-0.013331,-0.079476,0.032503,-0.011446,-0.031244,0.011864,0.000000,0.000000,0.000000,-0.146506,0.000000,-0.354830,0.067900,0.000000
-0.013057,-0.075853,0.029678,-0.012587,-0.045042,0.018820,0.000000,0.000000,0.000000,-0.231426,0.037937,-0.186404,0.013171,0.000000
-0.012835,-0.071352,0.025910,-0.013283,-0.051488,0.023151,0.000000,0.000000,0.000000,-0.169011,0.042963,0.000000,0.135347,0.070089
-0.012576,-0.066598,0.021373,-0.013116,-0.047006,0.024194,0.000000,0.000000,0.000000,-0.073370,0.056216,0.000000,0.198349,0.314172
-0.012447,-0.064056,0.017539,-0.011962,-0.030654,0.025524,0.000000,0.005582,0.000000,-0.100706,0.109092,0.000000,0.006233,0.440893
-0.012260,-0.061913,0.013472,-0.011916,-0.023480,0.025001,0.000000,0.121654,0.000000,-0.123961,0.112065,0.000000,0.000000,0.424843
-0.011916,-0.060586,0.010214,-0.012571,-0.015418,0.021704,0.000000,0.000000,0.000000,-0.217209,0.072725,0.000000,0.000000,0.234434
-0.011532,-0.059482,0.007093,-0.011605,-0.011681,0.019192,0.000000,0.000000,0.000000,-0.347865,0.035743,0.000000,0.000000,0.153379
-0.011474,-0.059953,0.002846,-0.008751,0.006488,0.022640,0.000000,0.000000,0.000000,-0.392240,0.092994,0.000000,0.000000,0.058394
-0.011422,-0.061355,-0.000189,-0.008012,0.019454,0.020205,0.000000,0.000000,0.000000,-0.379075,0.068916,0.000000,0.000000,0.007726
-0.011449,-0.062869,-0.003028,-0.006173,0.019211,0.017448,0.000000,0.000000,0.000000,-0.756302,0.071141,0.000000,0.000000,0.000000
-0.011514,-0.064405,-0.005286,-0.004896,0.020830,0.015051,0.000000,0.000000,0.000000,-0.908984,0.088223,-0.140906,0.000000,0.000000
-0.011966,-0.067021,-0.008448,-0.001922,0.028120,0.016846,0.000000,0.000000,0.000000,-0.744000,0.000000,-0.137322,0.110006,0.000000
-0.012949,-0.070700,-0.012127,0.002470,0.045299,0.022590,0.000000,0.000000,0.000000,-0.694919,0.000000,-0.096184,0.223566,0.000000
-0.013927,-0.074262,-0.015033,0.004298,0.047430,0.019376,0.000000,0.000000,0.000000,-0.938264,0.000000,-0.181813,0.012118,0.000000
-0.014842,-0.077839,-0.017148,0.005007,0.043575,0.013006,0.000000,0.000000,0.000000,-1.000000,0.019570,-0.253552,0.000000,0.000000
-0.015583,-0.081431,-0.017969,0.005555,0.037375,0.004376,0.000000,0.000000,0.000000,-1.000000,0.000000,-0.250903,0.023201,0.000000
-0.015788,-0.084104,-0.017122,0.005430,0.033832,-0.005640,0.000000,0.000000,0.000000,-0.993517,0.000000,-0.277230,0.106331,0.000000
-0.015453,-0.086984,-0.014418,0.004508,0.032626,-0.016619,0.000000,0.000000,0.000000,-0.774841,0.000000,-0.389183,0.139725,0.000000
-0.014590,-0.089987,-0.010259,0.003536,0.036108,-0.027699,0.000000,0.000000,0.000000,-0.585766,0.000000,-0.534730,0.148467,0.000000
-0.012832,-0.094003,-0.003199,0.002484,0.038223,-0.037632,0.000000,0.000000,0.000000,-0.458388,0.000000,-0.727277,0.108280,0.000000
-0.010941,-0.097793,0.003785,0.002072,0.041916,-0.042929,0.000000,0.059261,0.000000,-0.351444,0.000000,-0.951419,0.091096,0.000000
-0.008703,-0.101511,0.011082,0.000080,0.044919,-0.048610,0.000000,0.138214,0.000000,-0.195837,0.000000,-1.000000,0.155821,0.000000
-0.005733,-0.105527,0.019670,-0.002713,0.045348,-0.052827,0.000000,0.091609,0.000000,-0.190247,0.000000,-1.000000,0.159209,0.000000
-0.002705,-0.109054,0.027661,-0.004848,0.043889,-0.053173,0.000000,0.081847,-0.002612,-0.232708,0.000000,-1.000000,0.045255,0.000000
0.001173,-0.113009,0.037093,-0.006650,0.040362,-0.050267,0.000000,0.203282,0.000000,-0.120810,0.000000,-1.000000,0.120172,0.000000
0.004567,-0.115860,0.044503,-0.009063,0.034554,-0.045583,0.000000,0.227166,0.000000,0.000000,0.000000,-1.000000,0.251283,0.000000
0.007360,-0.117706,0.050040,-0.010015,0.024988,-0.036886,0.000000,0.126798,0.000000,-0.134146,0.000000,-1.000000,0.117717,0.000000
0.009700,-0.118843,0.053993,-0.010428,0.014691,-0.024305,0.000000,0.072574,0.000000,-0.264283,0.000000,-1.000000,0.010858,0.000000
0.011655,-0.119461,0.056446,-0.010702,0.007165,-0.013069,0.000000,0.072874,0.000000,-0.157594,0.000000,-1.000000,0.241438,0.000000
0.012713,-0.119822,0.056944,-0.011199,0.004872,-0.003319,0.000000,0.000000,0.000000,-0.148595,0.000000,-1.000000,0.410629,0.000000
0.013091,-0.119469,0.055505,-0.010907,-0.004851,0.008839,0.000000,0.000000,0.000000,-0.453729,0.040859,-0.883958,0.224597,0.000000
0.012897,-0.118687,0.052764,-0.010749,-0.011459,0.018279,0.000000,0.000000,0.000000,-0.693661,0.152085,-0.689803,0.147093,0.000000
0.012477,-0.117764,0.048728,-0.011171,-0.011079,0.021501,0.000000,0.000000,0.000000,-0.625998,0.124431,-0.403796,0.365415,0.000000
0.013038,-0.118823,0.047130,-0.013682,0.011841,0.009824,0.000000,0.000000,0.000000,-0.644859,0.091802,-0.175513,0.453526,0.000000
0.013876,-0.120568,0.046666,-0.013010,0.022217,0.003096,0.000000,0.000000,0.000000,-0.860502,0.181318,-0.245821,0.192672,0.000000
0.014918,-0.122405,0.046806,-0.011723,0.021854,-0.000862,0.000000,0.000000,0.000000,-0.912619,0.187763,-0.800169,0.047287,0.000000
0.015751,-0.123610,0.046941,-0.010056,0.015598,-0.000898,0.000000,0.000000,0.000000,-0.731031,0.057370,-0.907103,0.306030,0.000000
0.016515,-0.124208,0.046683,-0.008892,0.006015,0.001374,0.000000,0.000000,0.000000,-0.551252,0.000000,-0.712510,0.584671,0.000000
0.016712,-0.123718,0.045816,-0.006353,-0.006345,0.005326,0.000000,0.000000,0.000000,-0.673262,0.043959,-0.684709,0.411469,0.000000
0.016582,-0.121889,0.044461,-0.005106,-0.024447,0.009036,0.000000,0.000000,0.000000,-0.810223,0.140736,-0.692828,0.133775,0.000000
0.016212,-0.118889,0.042642,-0.003872,-0.036706,0.011184,0.000000,0.000000,0.000000,-0.618654,0.076315,-0.480800,0.303282,0.000000
0.015527,-0.114109,0.040222,-0.002255,-0.050373,0.012885,0.000000,0.013673,0.000000,-0.292831,0.000000,-0.173002,0.576785,0.000000
0.014847,-0.109332,0.038367,0.000184,-0.062571,0.012356,0.000000,0.083154,0.000000,-0.313339,0.061235,-0.130745,0.360098,0.000000
0.014092,-0.102775,0.037032,0.003519,-0.078630,0.008215,0.000000,0.206635,0.000000,-0.340338,0.170827,-0.140903,0.000000,0.000647
0.013301,-0.096071,0.036167,0.006586,-0.086732,0.005767,0.000000,0.232019,0.000000,-0.075439,0.057645,0.000000,0.067031,0.166371
0.012315,-0.087790,0.035568,0.008282,-0.085413,0.003188,0.000000,0.279651,0.000000,0.000000,0.000000,0.000000,0.281771,0.354334
0.011814,-0.081512,0.036318,0.008403,-0.074194,-0.004613,0.000000,0.485953,0.000000,0.000000,0.000000,0.000000,0.000000,0.469361
0.011725,-0.077130,0.038472,0.008226,-0.055295,-0.014348,0.000000,0.727741,0.000000,0.000000,0.000000,0.000000,0.000000,0.473213
0.011357,-0.072895,0.040589,0.010463,-0.049335,-0.013013,0.000000,0.680256,0.000000,0.000000,0.000000,-0.261379,0.000000,0.258517
0.010452,-0.070220,0.041480,0.014266,-0.034002,-0.005938,0.000000,0.615363,0.000000,0.000000,0.000000,-0.608341,0.000000,0.000000
0.009072,-0.068877,0.042177,0.015770,-0.013567,-0.003710,0.000000,0.376549,0.000000,0.000000,0.000000,-0.425027,0.000000,0.000000
0.007787,-0.068775,0.042299,0.015573,-0.001175,-0.000753,0.000000,0.000000,0.000000,0.000000,0.000000,-0.153477,0.000000,0.000000
0.006246,-0.069531,0.041373,0.017251,0.009443,0.006168,0.000000,0.000000,0.000000,-0.060783,0.000000,-0.372512,0.000000,0.000000
0.004504,-0.071421,0.040045,0.017221,0.022116,0.008162,0.000000,0.000000,0.000000,-0.086699,0.000000,-0.541475,0.000000,0.000000
0.002450,-0.073739,0.038286,0.017074,0.023603,0.009376,0.000000,0.000000,0.000000,-0.393236,0.000000,-0.393360,0.000000,0.000000
0.000586,-0.075916,0.036226,0.017837,0.027832,0.013729,0.000000,0.000000,0.000000,-0.625982,0.000000,-0.393409,0.000000,0.000000
-0.001677,-0.078518,0.033345,0.018691,0.030835,0.017697,0.000000,0.000000,0.000000,-0.576246,0.000000,-0.437815,0.000000,0.000000
-0.003827,-0.080973,0.030547,0.018782,0.031817,0.018641,0.000000,0.000000,0.000000,-0.658241,0.000000,-0.371867,0.039367,0.000000
-0.006538,-0.084242,0.027068,0.018785,0.034111,0.018540,0.000000,0.000000,0.000000,-0.830568,0.000000,-0.305170,0.000000,0.000000
-0.008835,-0.086114,0.024287,0.018542,0.022940,0.017098,0.000000,0.000000,0.000000,-0.878220,0.000000,-0.314626,0.000000,0.000000
-0.010705,-0.087385,0.022418,0.017544,0.017032,0.012449,0.000000,0.000000,0.000000,-0.846311,0.000000,-0.342923,0.012955,0.000000
-0.012575,-0.087915,0.021329,0.018644,0.006729,0.006694,0.000000,0.000000,0.000000,-0.690686,0.000000,-0.245660,0.078012,0.000000
-0.014584,-0.088219,0.020714,0.018929,0.003380,0.003282,0.000000,0.000000,0.000000,-0.562926,0.000000,-0.257397,0.101389,0.000000
-0.015978,-0.088152,0.020704,0.017888,-0.000863,0.000067,-0.002286,0.000000,0.000000,-0.409642,0.000000,-0.313360,0.000000,0.000000
-0.017027,-0.087724,0.021315,0.014464,-0.005442,-0.003759,-0.018490,0.000000,-0.007011,-0.357663,0.000000,-0.340847,0.000000,0.000000
-0.017778,-0.086867,0.022120,0.012515,-0.011571,-0.005363,0.000000,0.000000,0.000000,-0.239232,0.000000,-0.343686,0.000000,0.000000
-0.018632,-0.086073,0.023462,0.012553,-0.008935,-0.007152,0.000000,0.011029,0.000000,-0.112427,0.000000,-0.372069,0.000000,0.000000
-0.019287,-0.086366,0.024890,0.012367,0.002497,-0.008782,0.000000,0.053340,0.000000,-0.037837,0.000000,-0.349857,0.000000,0.000000
-0.019451,-0.087431,0.027149,0.009988,0.011966,-0.015042,0.000000,0.007274,0.000000,-0.066859,0.000000,-0.403246,0.000000,0.000000
-0.019122,-0.089333,0.030546,0.007181,0.020165,-0.020883,0.000000,0.000000,-0.061214,-0.207462,0.000000,-0.574596,0.000000,0.000000
-0.018405,-0.091459,0.034269,0.004235,0.024557,-0.024810,0.000000,0.000000,-0.075551,-0.170230,0.000000,-0.770574,0.000000,0.000000
-0.017139,-0.094260,0.039045,0.001116,0.026076,-0.025446,0.000000,0.000000,0.000000,-0.079967,0.000000,-0.904417,0.000000,0.000000
-0.016117,-0.096713,0.042542,0.000179,0.026946,-0.021500,0.000000,0.000000,0.000000,-0.077102,0.000000,-0.960917,0.058876,0.000000
-0.015424,-0.098339,0.044859,0.000141,0.019442,-0.015425,0.000000,0.000000,0.000000,-0.173096,0.000000,-0.963564,0.092223,0.000000
-0.015014,-0.099332,0.046149,-0.000132,0.011056,-0.007937,0.000000,0.000000,0.000000,-0.304561,0.000000,-0.913058,0.066117,0.000000
-0.014799,-0.099395,0.045748,-0.003495,0.000842,0.002137,0.000000,0.000000,0.000000,-0.322419,0.000000,-0.757504,0.109363,0.000000
-0.014933,-0.098428,0.043864,-0.005838,-0.011293,0.012548,0.000000,0.000000,0.000000,-0.308645,0.000000,-0.583643,0.188015,0.000000
-0.015130,-0.097170,0.041258,-0.007227,-0.013433,0.016016,0.000000,0.000000,0.000000,-0.413913,0.000000,-0.398137,0.154777,0.000000
-0.015641,-0.095590,0.037952,-0.006392,-0.018248,0.022037,0.000000,0.000000,0.000000,-0.529412,0.000000,-0.175535,0.072084,0.000000
-0.016454,-0.093240,0.033086,-0.006643,-0.021562,0.025879,0.000000,0.000000,0.000000,-0.513143,0.000000,-0.161343,0.093211,0.000000
-0.017186,-0.091001,0.028574,-0.006992,-0.023741,0.027797,0.000000,0.000000,0.000000,-0.480188,0.000000,-0.077800,0.116559,0.000000
-0.017790,-0.088470,0.024303,-0.007911,-0.029467,0.028437,0.000000,0.000000,0.000000,-0.547697,0.029235,0.000000,0.085752,0.000000
-0.018391,-0.085469,0.019762,-0.007822,-0.032506,0.027919,0.000000,0.000000,0.000000,-0.584039,0.056424,0.000000,0.024842,0.000000
-0.019102,-0.082218,0.014682,-0.006704,-0.030317,0.027073,0.000000,0.000000,0.000000,-0.496259,0.038812,0.000000,0.077344,0.077517
-0.019630,-0.079293,0.010901,-0.005740,-0.034615,0.025182,0.000000,0.000000,0.000000,-0.418503,0.007900,0.000000,0.142561,0.142198
-0.020056,-0.075860,0.007432,-0.005185,-0.038149,0.021322,0.000000,0.000000,0.000000,-0.444377,0.013325,0.000000,0.007039,0.147368
-0.020312,-0.072356,0.004879,-0.004536,-0.042982,0.017011,0.000000,0.000000,0.000000,-0.363825,0.010914,0.000000,0.000000,0.222521
-0.020359,-0.068660,0.002885,-0.004820,-0.042356,0.012266,0.000000,0.000000,0.000000,-0.152383,0.000000,0.000000,0.028284,0.262161
-0.020298,-0.064352,0.001123,-0.004525,-0.043145,0.009385,0.000000,0.122089,0.000000,0.000000,0.000000,0.000000,0.000000,0.310223
-0.020156,-0.060665,-0.000065,-0.004914,-0.046432,0.007911,0.000000,0.166463,0.000000,0.000000,0.000000,0.000000,0.000000,0.292378
-0.019708,-0.056693,-0.000809,-0.007008,-0.046592,0.004579,0.000000,0.129196,0.000000,0.000000,0.000000,0.000000,0.000000,0.302186
-0.019181,-0.052976,-0.001268,-0.007831,-0.047437,0.003056,0.000000,0.154360,0.000000,0.000000,0.000000,0.000000,0.000000,0.357575
-0.018520,-0.048741,-0.001527,-0.007242,-0.043415,0.001379,0.000000,0.258342,0.000000,0.000000,0.000000,0.000000,0.000000,0.355802
-0.018020,-0.045427,-0.001676,-0.006203,-0.039218,0.000919,0.000000,0.335502,0.000000,0.000000,0.000000,0.000000,0.000000,0.371271
-0.017522,-0.042207,-0.001699,-0.006447,-0.041392,0.000153,0.000000,0.290818,0.000000,0.000000,0.000000,0.000000,0.000000,0.320694
-0.016892,-0.038867,-0.001363,-0.006952,-0.039893,-0.002072,0.000000,0.247692,0.000000,0.000000,0.000000,-0.002369,0.000000,0.275638
-0.016035,-0.035436,-0.000388,-0.007590,-0.035813,-0.005191,0.000000,0.277632,0.000000,0.000000,0.000000,0.000000,0.000000,0.326879
-0.015069,-0.034209,0.001570,-0.009608,-0.017038,-0.013046,0.000000,0.310671,0.000000,0.000000,0.000000,0.000000,0.000000,0.312639
-0.013992,-0.033467,0.003996,-0.009683,-0.010162,-0.014908,0.000000,0.379451,0.000000,0.000000,0.000000,-0.077217,0.000000,0.236597
-0.013033,-0.032979,0.006270,-0.009268,-0.007558,-0.015154,0.000000,0.358213,0.000000,0.000000,0.000000,-0.413459,0.000000,0.000000
-0.011866,-0.032205,0.008535,-0.009584,-0.008902,-0.012065,0.000000,0.233823,0.000000,0.000000,0.000000,-0.469906,0.000000,0.000000
-0.010665,-0.031624,0.010223,-0.012220,-0.007640,-0.010382,0.000000,0.000000,0.000000,0.000000,0.000000,-0.256205,0.000000,0.000000
-0.009393,-0.031746,0.012297,-0.013693,0.000681,-0.013802,0.000000,0.000000,0.000000,0.000000,0.000000,-0.158194,0.033104,0.000000
-0.007998,-0.032210,0.014576,-0.013870,0.004725,-0.014020,0.000000,0.123899,0.000000,0.000000,0.000000,-0.242529,0.118647,0.000000
-0.006698,-0.033360,0.016723,-0.013931,0.014115,-0.014300,0.000000,0.167824,0.000000,0.000000,0.000000,-0.460099,0.062431,0.000000
-0.005161,-0.034802,0.018689,-0.013689,0.014410,-0.010475,0.000000,0.087671,0.000000,0.000000,0.000000,-0.495945,0.000000,0.000000
-0.003866,-0.035776,0.019612,-0.014170,0.011384,-0.005673,0.000000,0.000000,0.000000,-0.082829,0.000000,-0.507173,0.010015,0.000000
-0.002903,-0.036895,0.019720,-0.012228,0.014376,-0.000719,0.000000,0.000000,0.000000,-0.108581,0.000000,-0.437308,0.096761,0.000000
-0.002100,-0.038155,0.019340,-0.010058,0.015003,0.002337,0.000000,0.000000,0.000000,-0.122211,0.000392,-0.317898,0.197639,0.000000
-0.001342,-0.040251,0.018311,-0.009068,0.021640,0.005482,0.000000,0.000000,0.000000,-0.301504,0.029152,-0.295089,0.091050,0.000000
-0.000674,-0.042312,0.017633,-0.009699,0.026537,0.004514,0.000000,0.000000,0.000000,-0.416795,0.047652,-0.305609,0.000000,0.000000
0.000034,-0.045016,0.016870,-0.009608,0.032133,0.004692,0.000000,0.000000,0.000000,-0.482298,0.016132,-0.303330,0.072245,0.000000
0.000681,-0.047982,0.016186,-0.009563,0.038144,0.004558,0.000000,0.000000,0.000000,-0.461682,0.000000,-0.357099,0.181145,0.000000
0.001286,-0.051903,0.014773,-0.008354,0.039998,0.007469,0.000000,0.000000,0.000000,-0.562829,0.008693,-0.434311,0.150086,0.000000
0.001238,-0.056162,0.012091,-0.004662,0.050913,0.016640,0.000000,0.000000,0.000000,-0.723979,0.039653,-0.493128,0.066835,0.000000
0.000865,-0.061798,0.008974,-0.002280,0.072325,0.020753,0.000000,0.000000,0.000000,-0.796260,0.028491,-0.418675,0.132222,0.000000
0.000398,-0.068080,0.005746,-0.001884,0.074453,0.019834,0.000000,0.000000,0.000000,-1.000000,0.018579,-0.297961,0.160945,0.000000
-0.000548,-0.076065,0.001636,0.000688,0.082201,0.021910,0.000000,0.000000,0.000000,-1.000000,0.054600,-0.460374,0.004821,0.000000
-0.001299,-0.082080,-0.001002,0.001541,0.077482,0.017584,0.000000,0.000000,0.000000,-1.000000,0.028217,-0.542564,0.036905,0.000000
-0.002042,-0.087664,-0.003133,0.002302,0.066396,0.013100,0.000000,0.000000,0.000000,-1.000000,0.011738,-0.496026,0.090483,0.000000
-0.002562,-0.091667,-0.004157,0.003058,0.051563,0.006813,0.000000,0.000000,0.000000,-1.000000,0.000000,-0.515376,0.114837,0.000000
-0.002876,-0.095596,-0.004048,0.003553,0.040417,-0.000580,0.000000,0.000000,0.000000,-1.000000,0.000000,-0.537478,0.117529,0.000000
-0.002830,-0.098274,-0.002806,0.003890,0.031679,-0.007637,0.000000,0.000000,0.000000,-1.000000,0.000000,-0.521936,0.181442,0.000000
-0.002317,-0.100296,-0.000300,0.003344,0.025741,-0.016682,0.000000,0.000000,0.000000,-0.788653,0.000000,-0.557151,0.250909,0.000000
-0.001213,-0.102033,0.003923,0.002702,0.020363,-0.025979,0.000000,0.000000,0.000000,-0.586242,0.000000,-0.624654,0.269165,0.000000
-0.000058,-0.102893,0.008520,0.004100,0.010973,-0.030624,0.000000,0.047100,0.000000,-0.456943,0.000000,-0.768779,0.200558,0.000000
0.001509,-0.102723,0.014903,0.005092,-0.001546,-0.033998,0.000000,0.182143,0.000000,-0.279449,0.000000,-0.912094,0.176985,0.000000
0.002747,-0.100823,0.020055,0.005038,-0.022108,-0.031677,0.000000,0.228990,0.000000,-0.086165,0.000000,-0.881748,0.220846,0.000000
0.003654,-0.098225,0.024268,0.005503,-0.032833,-0.028068,0.000000,0.228239,0.000000,0.000000,0.000000,-0.811423,0.174190,0.000000
0.004294,-0.094344,0.027893,0.005679,-0.045496,-0.022287,0.000000,0.290469,0.000000,0.000000,0.000000,-0.627291,0.099095,0.000000
0.004780,-0.089023,0.031058,0.004647,-0.054239,-0.016862,0.000000,0.302601,0.000000,0.000000,0.000000,-0.510091,0.095439,0.000000
0.005168,-0.084627,0.033236,0.002829,-0.055988,-0.014477,0.000000,0.316976,0.000000,0.000000,0.000000,-0.384174,0.081686,0.000000
0.005364,-0.079298,0.034554,0.001843,-0.063092,-0.008118,0.000000,0.342762,0.000000,0.000000,0.000000,-0.254001,0.072249,0.012185
0.005317,-0.075204,0.035029,0.002125,-0.052584,-0.003165,0.000000,0.356571,0.000000,0.000000,0.000000,-0.253564,0.050288,0.051635
0.005393,-0.071268,0.035620,0.000647,-0.040356,-0.003145,0.000000,0.342489,0.000000,0.000000,0.000000,-0.122746,0.009512,0.214111
0.005400,-0.067791,0.035593,-0.000145,-0.041290,0.000165,0.000000,0.188944,0.000000,0.000000,0.000000,-0.128619,0.000000,0.154856
0.005276,-0.064069,0.034995,-0.000051,-0.048021,0.003981,0.000000,0.256882,0.000000,0.000000,0.000000,-0.353257,0.000000,0.000000
0.005031,-0.059525,0.033921,0.000344,-0.054131,0.006604,0.000000,0.242672,0.000000,0.000000,0.000000,-0.226173,0.000000,0.064379
0.004885,-0.055294,0.032621,-0.001248,-0.054692,0.008661,0.000000,0.011237,0.000000,0.000000,0.000000,0.000000,0.068208,0.296458
0.005113,-0.050839,0.031711,-0.003974,-0.045981,0.004848,0.000000,0.117640,0.000000,0.000000,0.000000,0.000000,0.014717,0.405956
0.005343,-0.046807,0.030589,-0.004851,-0.048046,0.006895,0.000000,0.492744,0.000000,0.000000,0.000000,0.000000,0.000000,0.408934
0.005455,-0.043202,0.029372,-0.003743,-0.046621,0.008106,0.000000,0.505993,0.000000,0.000000,0.000000,-0.120124,0.000000,0.269112
0.005441,-0.040183,0.027390,-0.003036,-0.036246,0.012196,0.000000,0.276916,0.000000,0.000000,0.000000,-0.086479,0.000000,0.318089
0.005381,-0.037025,0.024920,-0.002590,-0.032909,0.013160,0.000000,0.104581,0.000000,0.000000,0.000000,0.000000,0.000000,0.387169
0.005244,-0.034568,0.022838,-0.001351,-0.032038,0.013859,0.000000,0.109532,0.000000,0.000000,0.000000,0.000000,0.000000,0.333638
0.005115,-0.031937,0.020588,-0.001376,-0.031656,0.013839,0.000000,0.237170,0.000000,0.000000,0.000000,0.000000,0.000000,0.317720
0.005093,-0.029749,0.018735,-0.002110,-0.028515,0.012339,0.000000,0.171706,0.000000,0.000000,0.000000,0.000000,0.000000,0.343041
0.005265,-0.027537,0.016721,-0.003700,-0.023084,0.010734,0.000000,0.082240,0.000000,0.000000,0.000000,0.000000,0.000000,0.354804
0.005560,-0.026697,0.015506,-0.004751,-0.010210,0.007467,0.000000,0.140135,0.000000,0.000000,0.000000,0.000000,0.000000,0.322560
0.005972,-0.026174,0.014623,-0.006255,-0.006923,0.005885,0.000000,0.180590,0.000000,0.000000,0.000000,0.000000,0.000000,0.262586
0.006401,-0.025651,0.014134,-0.005564,-0.006314,0.003002,0.000000,0.072248,0.000000,0.000000,0.000000,-0.166953,0.000000,0.061404
0.006865,-0.025581,0.013984,-0.006134,-0.000933,0.000998,0.000000,0.000000,0.000000,0.000000,0.000000,-0.212668,0.000000,0.007787
0.007450,-0.025541,0.014092,-0.005921,-0.000388,-0.000575,0.000000,0.000000,0.000000,-0.004759,0.010160,-0.096079,0.000000,0.040990
0.007970,-0.025232,0.014549,-0.005737,-0.003538,-0.002809,0.000000,0.000000,0.000000,-0.035784,0.040451,-0.137488,0.076208,0.000000
0.008491,-0.024968,0.015119,-0.006130,-0.003223,-0.003793,0.000000,0.000000,0.000000,0.000000,0.030060,-0.237745,0.025001,0.000000
0.009007,-0.025146,0.015504,-0.005760,0.002234,-0.002368,0.000000,0.047377,0.000000,0.000000,0.001411,-0.192323,0.055227,0.000000
0.009616,-0.025209,0.014957,-0.006713,0.000495,0.002916,0.000000,0.002123,0.000000,0.000000,0.003271,-0.174307,0.111709,0.000000
0.010058,-0.025210,0.014172,-0.006479,-0.000288,0.005226,0.000000,0.000000,0.000000,-0.040916,0.017374,-0.253437,0.020764,0.000000
0.010495,-0.025243,0.012864,-0.006420,-0.000104,0.008043,0.000000,0.000000,0.000000,-0.150310,0.085397,-0.145712,0.003459,0.000000
0.010763,-0.025681,0.011126,-0.005228,0.004900,0.011577,0.000000,0.000000,0.000000,-0.151160,0.074968,-0.040399,0.103907,0.017314
0.010954,-0.026999,0.008535,-0.004119,0.012670,0.013803,0.000000,0.000000,0.000000,-0.190983,0.052013,0.000000,0.121712,0.000330
0.011062,-0.028763,0.006318,-0.003512,0.020051,0.013635,0.000000,0.000000,0.000000,-0.368658,0.090187,-0.034756,0.000000,0.000000
0.011040,-0.030717,0.004117,-0.002283,0.024149,0.014664,0.000000,0.000000,0.000000,-0.528669,0.115210,-0.088963,0.000000,0.000000
0.010912,-0.033144,0.001654,-0.001305,0.027794,0.015135,0.000000,0.000000,0.000000,-0.543126,0.056646,-0.109233,0.067549,0.000000
0.010686,-0.034685,-0.000312,0.000222,0.015183,0.010484,0.000000,0.000000,0.000000,-0.604006,0.014593,-0.074208,0.137220,0.000000
0.010522,-0.035479,-0.001364,0.000638,0.009748,0.007001,0.000000,0.000000,0.000000,-0.699685,0.041285,-0.119747,0.086336,0.000000
0.010389,-0.036263,-0.002147,0.000542,0.009006,0.004816,0.000000,0.000000,0.000000,-0.456536,0.000000,-0.107894,0.125343,0.000000
0.010275,-0.036780,-0.002843,0.000442,0.006358,0.004633,0.000000,0.000000,0.000000,-0.281086,0.000000,-0.069281,0.251455,0.000000
0.010296,-0.037956,-0.002876,-0.000261,0.012089,0.000176,0.000000,0.000000,0.000000,-0.317746,0.000000,-0.149331,0.105465,0.000000
0.010536,-0.039293,-0.001848,-0.001394,0.016262,-0.006316,0.000000,0.000000,0.000000,-0.402794,0.040734,-0.158989,0.000000,0.000000
0.010710,-0.040512,-0.000603,-0.000255,0.016194,-0.008284,0.000000,0.000000,0.000000,-0.312214,0.003344,-0.262553,0.062984,0.000000
0.010989,-0.042320,0.001248,-0.000513,0.022228,-0.011391,0.000000,0.000000,0.000000,-0.163057,0.000000,-0.403222,0.192533,0.000000
0.011286,-0.044019,0.003184,-0.000515,0.022718,-0.012894,0.000000,0.000000,0.000000,-0.180342,0.000000,-0.424997,0.142609,0.000000
0.011677,-0.045026,0.004777,-0.001765,0.010957,-0.008496,0.000000,0.000000,0.000000,-0.326492,0.000000,-0.502484,0.018564,0.000000
0.012041,-0.043953,0.004663,-0.004505,-0.012781,0.000701,0.000000,0.000000,0.000000,-0.271359,0.000000,-0.544226,0.070721,0.000000
0.012508,-0.042346,0.004280,-0.006684,-0.020844,0.002552,0.000000,0.000000,0.000000,-0.111340,0.000000,-0.322726,0.296437,0.000000
0.013113,-0.041000,0.004228,-0.007265,-0.016004,0.000315,0.000000,0.000000,0.000000,-0.061741,0.015594,0.000000,0.336533,0.105079
0.013744,-0.039448,0.003806,-0.007044,-0.016132,0.002250,0.000000,0.023389,0.000000,-0.136148,0.110792,0.000000,0.085664,0.192711
0.014334,-0.038736,0.003839,-0.007545,-0.009153,-0.000219,0.000000,0.197439,0.000000,-0.082895,0.124320,-0.193735,0.000000,0.012439
0.015102,-0.038304,0.004437,-0.008257,-0.004803,-0.003677,0.000000,0.153768,0.000000,0.000000,0.045148,-0.118429,0.000000,0.018884
0.016025,-0.038870,0.005756,-0.009820,0.008067,-0.008775,0.000000,0.000000,0.000000,-0.156080,0.000000,-0.089002,0.048833,0.000000
0.017704,-0.040323,0.008355,-0.014033,0.016336,-0.013866,0.000000,0.000000,0.000000,-0.093755,0.055923,-0.289167,0.010727,0.000000
0.019279,-0.041542,0.010571,-0.015365,0.015940,-0.013620,0.000000,0.000000,0.000000,-0.053602,0.096818,-0.534984,0.151375,0.000000
0.020792,-0.042370,0.012079,-0.016924,0.011823,-0.010051,0.000000,0.000000,0.000000,-0.101601,0.102282,-0.619747,0.233085,0.000000
0.022372,-0.043131,0.013359,-0.016700,0.010009,-0.007851,0.000000,0.000000,0.000000,-0.239987,0.115041,-0.489833,0.225666,0.000000
0.023859,-0.043611,0.014145,-0.017807,0.006905,-0.005247,0.000000,0.000000,0.000000,-0.308142,0.145349,-0.358567,0.254678,0.000000
0.025685,-0.043773,0.014520,-0.018249,0.001957,-0.001999,0.000000,0.000000,0.000000,-0.270776,0.133977,-0.366717,0.297525,0.000000
0.027116,-0.042534,0.014969,-0.016253,-0.014266,-0.002762,0.000000,0.016932,0.000000,-0.278080,0.150359,-0.348963,0.290643,0.000000
0.028299,-0.040358,0.014843,-0.015435,-0.028129,0.000842,0.000000,0.000000,0.000000,-0.318232,0.197250,-0.256637,0.268610,0.000000
0.029382,-0.037636,0.014601,-0.013201,-0.032526,0.001485,0.000000,0.146919,0.000000,-0.086164,0.147073,-0.102324,0.325458,0.000000
0.030344,-0.034277,0.013815,-0.010870,-0.035339,0.004191,0.000000,0.244445,0.000000,0.000000,0.133091,0.000000,0.382323,0.177039
0.030946,-0.031137,0.013187,-0.008603,-0.041152,0.004184,0.000000,0.157857,0.000000,0.000000,0.147918,0.000000,0.084012,0.231644
0.031422,-0.027022,0.012946,-0.005933,-0.049146,0.001481,0.000000,0.237488,0.000000,0.000000,0.118057,0.000000,0.000000,0.280232
0.031757,-0.023051,0.012834,-0.004424,-0.051149,0.000745,0.000000,0.271537,0.000000,0.000000,0.083536,0.000000,0.021885,0.389989
0.032138,-0.018653,0.013254,-0.003616,-0.044853,-0.002239,0.000000,0.371415,0.000000,0.000000,0.000000,0.000000,0.032941,0.490889
0.032401,-0.016405,0.014203,-0.002466,-0.025560,-0.005831,0.000000,0.494524,0.000000,0.000000,0.000000,0.000000,0.000000,0.530482
0.032597,-0.015155,0.015508,-0.001652,-0.014350,-0.008688,0.000000,0.543746,0.000000,0.000000,0.000000,-0.090697,0.000000,0.444691
0.032745,-0.014227,0.017126,-0.000844,-0.009050,-0.009956,0.000000,0.420880,0.000000,0.000000,0.000000,-0.352021,0.000000,0.153781
0.032870,-0.012932,0.018680,-0.000581,-0.011677,-0.008280,0.000000,0.285372,0.000000,0.000000,0.000000,-0.440285,0.000000,0.007821
0.032954,-0.012200,0.020027,-0.000375,-0.007627,-0.008971,0.000000,0.047244,0.000000,0.000000,0.000000,-0.275559,0.000000,0.026614
0.032992,-0.011763,0.021423,0.000176,-0.003471,-0.008582,0.000000,0.000000,0.000000,0.000000,0.000000,-0.110914,0.178108,0.128220
0.032964,-0.011605,0.022647,0.000944,-0.000393,-0.008151,0.000000,0.165480,0.000000,0.000000,0.009582,-0.228655,0.242465,0.036086
0.032862,-0.011680,0.023885,0.001737,0.002414,-0.007605,0.000000,0.360314,0.000000,0.000000,0.035892,-0.378034,0.030016,0.000000
0.032767,-0.012322,0.025366,0.001529,0.008183,-0.007897,0.000000,0.161021,0.000000,0.000000,0.000000,-0.327817,0.000000,0.000000
0.032718,-0.013187,0.026508,0.001196,0.012633,-0.007609,0.000000,0.000000,0.000000,0.000000,0.000000,-0.265592,0.018271,0.000000
0.032614,-0.014331,0.027309,0.001628,0.014564,-0.004927,0.000000,0.000000,0.000000,0.000000,0.000000,-0.366737,0.120399,0.000000
0.032490,-0.015947,0.027748,0.001856,0.021350,-0.002919,0.000000,0.016537,0.000000,0.000000,0.034978,-0.431768,0.167545,0.000000
0.032373,-0.018293,0.028153,0.001413,0.024559,-0.002162,0.000000,0.000000,0.000000,-0.043955,0.052509,-0.359212,0.116676,0.000000
0.032264,-0.020508,0.028250,0.001359,0.026416,-0.000595,0.000000,0.000000,0.000000,-0.237534,0.053534,-0.349227,0.056060,0.000000
0.032155,-0.022632,0.028238,0.001390,0.027262,0.000080,0.000000,0.000000,0.000000,-0.258423,0.058683,-0.409121,0.078305,0.000000
0.031988,-0.024799,0.027844,0.001654,0.025289,0.002427,0.000000,0.000000,0.000000,-0.236672,0.024619,-0.406135,0.203543,0.000000
0.031881,-0.027604,0.027440,0.000777,0.028431,0.002152,0.000000,0.000000,0.000000,-0.291334,0.024443,-0.379888,0.211520,0.000000
0.031889,-0.030229,0.027368,-0.000194,0.033657,0.000480,0.000000,0.000000,0.000000,-0.395873,0.066260,-0.349600,0.118382,0.000000
0.031798,-0.033072,0.027010,0.000684,0.033330,0.002206,0.000000,0.000000,0.000000,-0.435671,0.071423,-0.413153,0.125325,0.000000
0.031610,-0.035170,0.026238,0.001382,0.026002,0.005142,0.000000,0.000000,0.000000,-0.411941,0.036248,-0.497552,0.214190,0.000000
0.031197,-0.037315,0.024943,0.002771,0.020743,0.006900,0.000000,0.000000,0.000000,-0.463243,0.029406,-0.436978,0.235136,0.000000
0.030683,-0.038832,0.023472,0.004049,0.016301,0.009046,0.000000,0.000000,0.000000,-0.504435,0.057197,-0.297042,0.209185,0.000000
0.030231,-0.040057,0.022075,0.003625,0.014030,0.009303,0.000000,0.000000,0.000000,-0.480338,0.048522,-0.244500,0.203559,0.000000
0.029846,-0.040819,0.020228,0.001801,0.006971,0.011354,0.000000,0.000000,0.000000,-0.454270,0.034419,-0.210408,0.186714,0.000000
0.029450,-0.040823,0.018191,0.001728,-0.002401,0.013573,0.000000,0.000000,0.000000,-0.443727,0.051423,-0.217762,0.166554,0.000000
0.028862,-0.040097,0.015817,0.002907,-0.009708,0.012644,0.000000,0.000000,0.000000,-0.407908,0.089880,-0.140689,0.183510,0.000000
0.028234,-0.039298,0.013993,0.004719,-0.011451,0.011224,0.000000,0.000000,0.000000,-0.349047,0.090779,0.000000,0.218775,0.000000
0.027633,-0.038544,0.012630,0.005555,-0.011234,0.009066,0.000000,0.000000,0.000000,-0.266750,0.064628,0.000000,0.180724,0.048301
0.027024,-0.037523,0.011479,0.005581,-0.013315,0.007087,0.000000,0.000000,0.000000,-0.230520,0.057183,0.000000,0.071606,0.029740
0.026160,-0.037725,0.010034,0.007137,0.000820,0.007693,0.000000,0.022248,0.000000,-0.158364,0.052758,-0.043859,0.022715,0.019725
0.025360,-0.038750,0.008924,0.008593,0.012006,0.007396,0.000000,0.001847,0.000000,-0.046320,0.038665,-0.044886,0.092622,0.043302
0.024360,-0.040699,0.007630,0.010004,0.021934,0.007959,0.000000,0.000000,0.000000,-0.260953,0.046079,-0.144505,0.006422,0.000000
0.023415,-0.042227,0.006646,0.010525,0.018672,0.006551,0.000000,0.000000,0.000000,-0.453367,0.082545,-0.274593,0.000000,0.000000
0.022278,-0.043661,0.005381,0.009967,0.013798,0.006743,0.000000,0.000000,0.000000,-0.536435,0.022111,-0.274203,0.004490,0.000000
0.021203,-0.044903,0.004197,0.010840,0.013760,0.007276,0.000000,0.000000,0.000000,-0.441922,0.000000,-0.166177,0.165895,0.000000
0.020030,-0.046168,0.002920,0.012765,0.015190,0.008505,0.000000,0.000000,0.000000,-0.353682,0.000000,-0.143882,0.229161,0.000000
0.018758,-0.046862,0.001833,0.013226,0.007427,0.006684,0.000000,0.000000,0.000000,-0.475374,0.000000,-0.202372,0.028703,0.000000
0.017393,-0.047156,0.001023,0.012811,0.002529,0.004316,0.000000,0.000000,0.000000,-0.590178,0.000000,-0.202819,0.000000,0.000000
0.016331,-0.047246,0.000647,0.012945,0.000905,0.002507,0.000000,0.000000,0.000000,-0.323700,0.000000,-0.113536,0.134656,0.000000
0.015213,-0.046968,0.000627,0.013239,-0.003316,0.000122,0.000000,0.000000,0.000000,-0.164055,0.000000,-0.093983,0.240239,0.000000
0.014229,-0.045796,0.000351,0.012122,-0.015244,0.001842,0.000000,0.000000,0.000000,-0.251451,0.000000,-0.170571,0.000000,0.000000
0.013021,-0.043780,0.000155,0.012139,-0.020834,0.001044,0.000000,0.000000,0.000000,-0.242996,0.000000,-0.186101,0.000000,0.000000
0.012021,-0.041484,0.000078,0.011746,-0.027271,0.000471,0.000000,0.000000,0.000000,0.000000,0.000000,0.000000,0.118079,0.048206
0.011083,-0.038892,0.000577,0.012912,-0.033119,-0.003327,0.000000,0.040790,0.000000,0.000000,0.000000,0.000000,0.142189,0.133660
0.010031,-0.035466,0.001778,0.014213,-0.040137,-0.007376,0.000000,0.145501,0.000000,0.000000,0.000000,0.000000,0.000000,0.186278
0.009259,-0.032104,0.004258,0.010784,-0.033800,-0.013226,0.000000,0.346391,0.000000,0.000000,0.000000,0.000000,0.000000,0.226842
0.008823,-0.029723,0.006749,0.008847,-0.029676,-0.016595,0.000000,0.436974,0.000000,0.000000,0.000000,-0.007828,0.000000,0.283234
0.008302,-0.027047,0.009617,0.009345,-0.030790,-0.017623,0.000000,0.440701,0.000000,0.000000,0.000000,-0.216874,0.000000,0.127766
0.007710,-0.024885,0.012086,0.010318,-0.026970,-0.016446,0.000000,0.484595,0.000000,0.000000,0.000000,-0.345140,0.000000,0.034742
0.006703,-0.023069,0.014315,0.012150,-0.018122,-0.011879,0.000000,0.365321,0.000000,0.000000,0.000000,-0.191263,0.000000,0.115430
0.005613,-0.021768,0.015918,0.014320,-0.015046,-0.009857,0.000000,0.203343,0.000000,0.000000,0.000000,-0.109086,0.000000,0.124001
0.004501,-0.020872,0.017272,0.015500,-0.011217,-0.009024,0.000000,0.231719,0.000000,0.000000,0.000000,-0.199781,0.000000,0.020336
0.003324,-0.020033,0.018618,0.015004,-0.009720,-0.008268,0.000000,0.304403,0.000000,0.000000,0.000000,-0.209478,0.000000,0.000000
0.002501,-0.019612,0.020122,0.011800,-0.005217,-0.010021,0.000000,0.146265,0.000000,0.000000,0.000000,-0.148153,0.000000,0.000000
0.001502,-0.019559,0.021697,0.011285,-0.000417,-0.008395,0.000000,0.071081,0.000000,0.000000,0.000000,-0.146555,0.000000,0.000000
0.000654,-0.019511,0.022744,0.010820,-0.000504,-0.006435,0.000000,0.176677,0.000000,0.000000,0.000000,-0.252657,0.000000,0.000000
-0.000000,-0.019760,0.023826,0.009262,0.003230,-0.007201,0.000000,0.155071,0.000000,0.000000,0.000000,-0.270630,0.000000,0.000000
-0.000721,-0.021352,0.024537,0.009085,0.018914,-0.004378,0.000000,0.034317,0.000000,0.000000,0.000000,-0.197153,0.000000,0.000000
-0.001827,-0.023886,0.024267,0.011200,0.026088,0.001438,0.000000,0.027830,0.000000,0.000000,0.000000,-0.248273,0.000000,0.000000
-0.003007,-0.026477,0.022940,0.013878,0.033402,0.008837,0.000000,0.000000,0.000000,-0.064185,0.000000,-0.390246,0.000000,0.000000
-0.004310,-0.029314,0.020913,0.013474,0.033908,0.012462,0.000000,0.000000,0.000000,-0.302825,0.000000,-0.332353,0.000000,0.000000
-0.005361,-0.032570,0.019445,0.011774,0.042124,0.009780,-0.008469,0.000000,0.000000,-0.564967,0.000000,-0.186671,0.000000,0.000000
-0.006567,-0.037349,0.017988,0.010873,0.049438,0.007765,-0.012363,0.000000,0.000000,-0.596829,0.000000,-0.145069,0.000000,0.000000
-0.007422,-0.042159,0.017388,0.009324,0.057247,0.003688,0.000000,0.000000,0.000000,-0.566774,0.000000,-0.339738,0.000000,0.000000
-0.008011,-0.046754,0.017427,0.007634,0.059052,-0.000259,0.000000,0.000000,0.000000,-0.637779,0.000000,-0.483638,0.000000,0.000000
-0.008454,-0.051644,0.017767,0.005855,0.057973,-0.002096,0.000000,0.000000,0.000000,-0.713714,0.000000,-0.563418,0.000000,0.000000
-0.008594,-0.057750,0.019151,0.003748,0.062462,-0.007372,0.000000,0.000000,0.000000,-0.665177,0.000000,-0.601619,0.063864,0.000000
-0.008381,-0.063229,0.020993,0.001563,0.069802,-0.012265,0.000000,0.000000,0.000000,-0.617521,0.000000,-0.610681,0.146055,0.000000
-0.008253,-0.069129,0.022660,0.002409,0.069479,-0.010245,0.000000,0.000000,0.000000,-0.653173,0.000000,-0.779429,0.106694,0.000000
-0.008075,-0.073498,0.024375,0.002506,0.055661,-0.011429,0.000000,0.000000,0.000000,-0.732513,0.000000,-0.979834,0.037903,0.000000
-0.007917,-0.077407,0.026024,0.002636,0.045717,-0.010095,0.000000,0.000000,0.000000,-0.763027,0.000000,-0.892895,0.110837,0.000000
-0.007618,-0.081548,0.028121,0.002178,0.042238,-0.011216,0.000000,0.000000,0.000000,-0.514439,0.000000,-0.718776,0.303630,0.000000
-0.006797,-0.086202,0.031023,-0.000990,0.059033,-0.019341,0.000000,0.000000,0.000000,-0.474319,0.000000,-0.673102,0.286014,0.000000
-0.005838,-0.090813,0.034086,-0.001532,0.054008,-0.018831,0.000000,0.000000,0.000000,-0.640072,0.000000,-0.808945,0.015850,0.000000
-0.004977,-0.094070,0.036384,-0.002637,0.041365,-0.015303,0.000000,0.000000,0.000000,-0.690942,0.000000,-1.000000,0.000000,0.000000
-0.004083,-0.096361,0.038755,-0.001996,0.023215,-0.012637,0.000000,0.000000,0.000000,-0.438522,0.000000,-1.000000,0.284087,0.000000
-0.003706,-0.097029,0.040044,0.000163,0.007745,-0.007924,0.000000,0.000000,0.000000,-0.339189,0.000000,-0.858334,0.418844,0.000000
-0.003702,-0.096172,0.039852,-0.000801,-0.010982,0.001273,0.000000,0.000000,0.000000,-0.462582,0.000000,-0.691783,0.194764,0.000000
