x,y,psi,u,v,r,n1x,n1y,n2x,n2y,n3x,n3y,n4x,n4y
-0.000585,-0.013780,-0.003963,0.000014,-0.000356,-0.000295,0.000000,0.000000,0.000000,0.000000,0.000000,-0.044796,0.000000,0.045046
-0.000585,-0.013753,-0.003919,0.000014,-0.000355,-0.000294,0.000000,0.000000,0.000000,0.000000,0.000000,-0.044851,0.000000,0.045099
-0.000584,-0.013723,-0.003871,0.000014,-0.000354,-0.000294,0.000000,0.000000,0.000000,0.000000,0.000000,-0.044910,0.000000,0.045161
-0.000583,-0.013696,-0.003827,0.000014,-0.000353,-0.000293,0.000000,0.000000,0.000000,0.000000,0.000000,-0.044954,0.000000,0.045208
-0.000582,-0.013662,-0.003772,0.000014,-0.000352,-0.000293,0.000000,0.000000,0.000000,0.000000,0.000000,-0.045019,0.000000,0.045253
-0.000581,-0.013632,-0.003724,0.000013,-0.000351,-0.000293,0.000000,0.000000,0.000000,0.000000,0.000000,-0.045085,0.000000,0.045283
-0.000580,-0.013605,-0.003681,0.000013,-0.000350,-0.000292,0.000000,0.000000,0.000000,0.000000,0.000000,-0.045160,0.000000,0.045323
-0.000579,-0.013576,-0.003633,0.000013,-0.000350,-0.000291,0.000000,0.000000,0.000000,0.000000,0.000000,-0.045214,0.000000,0.045365
-0.000578,-0.013549,-0.003590,0.000013,-0.000349,-0.000290,0.000000,0.000000,0.000000,0.000000,0.000000,-0.045254,0.000000,0.045411
-0.000577,-0.013515,-0.003536,0.000013,-0.000348,-0.000289,0.000000,0.000000,0.000000,0.000000,0.000000,-0.045307,0.000000,0.045457
-0.000576,-0.013486,-0.003489,0.000013,-0.000348,-0.000287,0.000000,0.000000,0.000000,0.000000,0.000000,-0.045360,0.000000,0.045502
-0.000576,-0.013459,-0.003446,0.000013,-0.000348,-0.000286,0.000000,0.000000,0.000000,0.000000,0.000000,-0.045415,0.000000,0.045558
-0.000575,-0.013429,-0.003399,0.000013,-0.000348,-0.000285,0.000000,0.000000,0.000000,0.000000,0.000000,-0.045455,0.000000,0.045615
-0.000574,-0.013396,-0.003346,0.000013,-0.000348,-0.000283,0.000000,0.000000,0.000000,0.000000,0.000000,-0.045492,0.000000,0.045671
-0.000573,-0.013369,-0.003304,0.000013,-0.000347,-0.000282,0.000000,0.000000,0.000000,0.000000,0.000000,-0.045539,0.000000,0.045728
-0.000572,-0.013340,-0.003259,0.000012,-0.000347,-0.000280,0.000000,0.000000,0.000000,0.000000,0.000000,-0.045591,0.000000,0.045792
-0.000571,-0.013313,-0.003217,0.000012,-0.000347,-0.000279,0.000000,0.000000,0.000000,0.000000,0.000000,-0.045621,0.000000,0.045853
-0.000570,-0.013279,-0.003165,0.000012,-0.000347,-0.000277,0.000000,0.000000,0.000000,0.000000,0.000000,-0.045655,0.000000,0.045918
-0.000569,-0.013250,-0.003120,0.000012,-0.000347,-0.000275,0.000000,0.000000,0.000000,0.000000,0.000000,-0.045694,0.000000,0.045976
-0.000569,-0.013223,-0.003079,0.000012,-0.000347,-0.000273,0.000000,0.000000,0.000000,0.000000,0.000000,-0.045741,0.000000,0.046047
-0.000568,-0.013194,-0.003035,0.000012,-0.000346,-0.000271,0.000000,0.000000,0.000000,0.000000,0.000000,-0.045771,0.000000,0.046116
-0.000567,-0.013167,-0.002994,0.000012,-0.000347,-0.000271,0.000000,0.000000,0.000000,0.000000,0.000000,-0.045797,0.000000,0.046182
-0.000566,-0.013133,-0.002943,0.000012,-0.000346,-0.000270,0.000000,0.000000,0.000000,0.000000,0.000000,-0.045836,0.000000,0.046242
-0.000565,-0.013104,-0.002900,0.000012,-0.000345,-0.000269,0.000000,0.000000,0.000000,0.000000,0.000000,-0.045887,0.000000,0.046297
-0.000565,-0.013078,-0.002859,0.000012,-0.000344,-0.000270,0.000000,0.000000,0.000000,0.000000,0.000000,-0.045947,0.000000,0.046351
-0.000564,-0.013049,-0.002815,0.000012,-0.000342,-0.000270,0.000000,0.000000,0.000000,0.000000,0.000000,-0.046001,0.000000,0.046394
-0.000563,-0.013016,-0.002765,0.000012,-0.000341,-0.000270,0.000000,0.000000,0.000000,0.000000,0.000000,-0.046056,0.000000,0.046434
-0.000562,-0.012990,-0.002724,0.000011,-0.000339,-0.000270,0.000000,0.000000,0.000000,0.000000,0.000000,-0.046117,0.000000,0.046465
-0.000561,-0.012961,-0.002680,0.000011,-0.000338,-0.000271,0.000000,0.000000,0.000000,0.000000,0.000000,-0.046198,0.000000,0.046498
-0.000560,-0.012935,-0.002639,0.000011,-0.000337,-0.000271,0.000000,0.000000,0.000000,0.000000,0.000000,-0.046258,0.000000,0.046521
-0.000559,-0.012903,-0.002589,0.000011,-0.000336,-0.000270,0.000000,0.000000,0.000000,0.000000,0.000000,-0.046306,0.000000,0.046563
-0.000559,-0.012875,-0.002545,0.000011,-0.000335,-0.000270,0.000000,0.000000,0.000000,0.000000,0.000000,-0.046350,0.000000,0.046599
-0.000558,-0.012849,-0.002504,0.000011,-0.000334,-0.000269,0.000000,0.000000,0.000000,0.000000,0.000000,-0.046416,0.000000,0.046645
-0.000557,-0.012821,-0.002461,0.000011,-0.000334,-0.000268,0.000000,0.000000,0.000000,0.000000,0.000000,-0.046466,0.000000,0.046688
-0.000556,-0.012795,-0.002421,0.000011,-0.000333,-0.000267,0.000000,0.000000,0.000000,0.000000,0.000000,-0.046499,0.000000,0.046737
-0.000555,-0.012762,-0.002371,0.000011,-0.000333,-0.000266,0.000000,0.000000,0.000000,0.000000,0.000000,-0.046540,0.000000,0.046789
-0.000554,-0.012735,-0.002328,0.000011,-0.000332,-0.000264,0.000000,0.000000,0.000000,0.000000,0.000000,-0.046584,0.000000,0.046835
-0.000554,-0.012709,-0.002288,0.000011,-0.000332,-0.000263,0.000000,0.000000,0.000000,0.000000,0.000000,-0.046634,0.000000,0.046897
-0.000553,-0.012681,-0.002246,0.000011,-0.000332,-0.000262,0.000000,0.000000,0.000000,0.000000,0.000000,-0.046666,0.000000,0.046955
-0.000552,-0.012649,-0.002197,0.000010,-0.000332,-0.000260,0.000000,0.000000,0.000000,0.000000,0.000000,-0.046696,0.000000,0.047014
-0.000551,-0.012623,-0.002158,0.000010,-0.000332,-0.000259,0.000000,0.000000,0.000000,0.000000,0.000000,-0.046735,0.000000,0.047072
-0.000550,-0.012595,-0.002116,0.000010,-0.000332,-0.000258,0.000000,0.000000,0.000000,0.000000,0.000000,-0.046780,0.000000,0.047140
-0.000550,-0.012569,-0.002078,0.000010,-0.000331,-0.000256,0.000000,0.000000,0.000000,0.000000,0.000000,-0.046804,0.000000,0.047200
-0.000549,-0.012542,-0.002036,0.000010,-0.000331,-0.000255,0.000000,0.000000,0.000000,0.000000,0.000000,-0.046834,0.000000,0.047267
-0.000548,-0.012509,-0.001989,0.000010,-0.000331,-0.000254,0.000000,0.000000,0.000000,0.000000,0.000000,-0.046865,0.000000,0.047325
-0.000547,-0.012484,-0.001951,0.000010,-0.000330,-0.000253,0.000000,0.000000,0.000000,0.000000,0.000000,-0.046903,0.000000,0.047388
-0.000546,-0.012456,-0.001909,0.000010,-0.000329,-0.000253,0.000000,0.000000,0.000000,0.000000,0.000000,-0.046952,0.000000,0.047447
-0.000546,-0.012431,-0.001872,0.000010,-0.000328,-0.000253,0.000000,0.000000,0.000000,0.000000,0.000000,-0.047000,0.000000,0.047490
-0.000545,-0.012399,-0.001824,0.000010,-0.000326,-0.000253,0.000000,0.000000,0.000000,0.000000,0.000000,-0.047055,0.000000,0.047533
-0.000544,-0.012372,-0.001783,0.000010,-0.000325,-0.000254,0.000000,0.000000,0.000000,0.000000,0.000000,-0.047106,0.000000,0.047564
-0.000543,-0.012347,-0.001744,0.000010,-0.000323,-0.000255,0.000000,0.000000,0.000000,0.000000,0.000000,-0.047177,0.000000,0.047602
-0.000543,-0.012320,-0.001703,0.000010,-0.000321,-0.000255,0.000000,0.000000,0.000000,0.000000,0.000000,-0.047245,0.000000,0.047623
-0.000542,-0.012289,-0.001655,0.000010,-0.000320,-0.000256,0.000000,0.000000,0.000000,0.000000,0.000000,-0.047304,0.000000,0.047646
-0.000541,-0.012264,-0.001616,0.000009,-0.000318,-0.000256,0.000000,0.000000,0.000000,0.000000,0.000000,-0.047363,0.000000,0.047669
-0.000540,-0.012238,-0.001575,0.000009,-0.000317,-0.000256,0.000000,0.000000,0.000000,0.000000,0.000000,-0.047435,0.000000,0.047700
-0.000539,-0.012213,-0.001536,0.000009,-0.000316,-0.000256,0.000000,0.000000,0.000000,0.000000,0.000000,-0.047482,0.000000,0.047728
-0.000538,-0.012187,-0.001495,0.000009,-0.000316,-0.000255,0.000000,0.000000,0.000000,0.000000,0.000000,-0.047524,0.000000,0.047770
-0.000538,-0.012156,-0.001447,0.000009,-0.000315,-0.000254,0.000000,0.000000,0.000000,0.000000,0.000000,-0.047568,0.000000,0.047806
-0.000537,-0.012132,-0.001409,0.000009,-0.000315,-0.000254,0.000000,0.000000,0.000000,0.000000,0.000000,-0.047618,0.000000,0.047846
-0.000536,-0.012105,-0.001368,0.000009,-0.000314,-0.000252,0.000000,0.000000,0.000000,0.000000,0.000000,-0.047670,0.000000,0.047896
-0.000535,-0.012081,-0.001330,0.000009,-0.000314,-0.000251,0.000000,0.000000,0.000000,0.000000,0.000000,-0.047704,0.000000,0.047944
-0.000534,-0.012051,-0.001283,0.000009,-0.000313,-0.000250,0.000000,0.000000,0.000000,0.000000,0.000000,-0.047738,0.000000,0.047995
-0.000534,-0.012024,-0.001243,0.000009,-0.000313,-0.000249,0.000000,0.000000,0.000000,0.000000,0.000000,-0.047776,0.000000,0.048042
-0.000533,-0.012000,-0.001206,0.000009,-0.000313,-0.000248,0.000000,0.000000,0.000000,0.000000,0.000000,-0.047823,0.000000,0.048100
-0.000532,-0.011974,-0.001166,0.000009,-0.000313,-0.000246,0.000000,0.000000,0.000000,0.000000,0.000000,-0.047854,0.000000,0.048157
-0.000531,-0.011943,-0.001120,0.000009,-0.000313,-0.000245,0.000000,0.000000,0.000000,0.000000,0.000000,-0.047881,0.000000,0.048213
-0.000531,-0.011919,-0.001083,0.000009,-0.000313,-0.000243,0.000000,0.000000,0.000000,0.000000,0.000000,-0.047916,0.000000,0.048270
-0.000530,-0.011893,-0.001044,0.000009,-0.000312,-0.000242,0.000000,0.000000,0.000000,0.000000,0.000000,-0.047958,0.000000,0.048334
-0.000529,-0.011869,-0.001008,0.000009,-0.000312,-0.000241,0.000000,0.000000,0.000000,0.000000,0.000000,-0.047980,0.000000,0.048392
-0.000528,-0.011842,-0.000969,0.000008,-0.000311,-0.000241,0.000000,0.000000,0.000000,0.000000,0.000000,-0.048012,0.000000,0.048452
-0.000527,-0.011812,-0.000923,0.000008,-0.000310,-0.000241,0.000000,0.000000,0.000000,0.000000,0.000000,-0.048057,0.000000,0.048495
-0.000527,-0.011788,-0.000887,0.000008,-0.000309,-0.000241,0.000000,0.000000,0.000000,0.000000,0.000000,-0.048112,0.000000,0.048534
-0.000526,-0.011763,-0.000848,0.000008,-0.000307,-0.000241,0.000000,0.000000,0.000000,0.000000,0.000000,-0.048171,0.000000,0.048576
-0.000525,-0.011739,-0.000812,0.000008,-0.000306,-0.000242,0.000000,0.000000,0.000000,0.000000,0.000000,-0.048223,0.000000,0.048604
-0.000524,-0.011709,-0.000766,0.000008,-0.000304,-0.000243,0.000000,0.000000,0.000000,0.000000,0.000000,-0.048281,0.000000,0.048630
-0.000524,-0.011684,-0.000726,0.000008,-0.000302,-0.000244,0.000000,0.000000,0.000000,0.000000,0.000000,-0.048342,0.000000,0.048648
-0.000523,-0.011661,-0.000690,0.000008,-0.000301,-0.000245,0.000000,0.000000,0.000000,0.000000,0.000000,-0.048421,0.000000,0.048668
-0.000522,-0.011636,-0.000650,0.000008,-0.000299,-0.000245,0.000000,0.000000,0.000000,0.000000,0.000000,-0.048489,0.000000,0.048680
-0.000521,-0.011607,-0.000604,0.000008,-0.000298,-0.000245,0.000000,0.000000,0.000000,0.000000,0.000000,-0.048534,0.000000,0.048706
-0.000521,-0.011584,-0.000567,0.000008,-0.000297,-0.000244,0.000000,0.000000,0.000000,0.000000,0.000000,-0.048579,0.000000,0.048735
-0.000520,-0.011559,-0.000527,0.000008,-0.000297,-0.000244,0.000000,0.000000,0.000000,0.000000,0.000000,-0.048646,0.000000,0.048767
-0.000519,-0.011536,-0.000491,0.000008,-0.000296,-0.000243,0.000000,0.000000,0.000000,0.000000,0.000000,-0.048692,0.000000,0.048796
-0.000518,-0.011511,-0.000452,0.000008,-0.000295,-0.000242,0.000000,0.000000,0.000000,0.000000,0.000000,-0.048729,0.000000,0.048839
-0.000517,-0.011482,-0.000406,0.000008,-0.000295,-0.000242,0.000000,0.000000,0.000000,0.000000,0.000000,-0.048765,0.000000,0.048876
-0.000517,-0.011460,-0.000370,0.000008,-0.000295,-0.000241,0.000000,0.000000,0.000000,0.000000,0.000000,-0.048812,0.000000,0.048916
-0.000516,-0.011435,-0.000331,0.000008,-0.000295,-0.000240,0.000000,0.000000,0.000000,0.000000,0.000000,-0.048863,0.000000,0.048964
-0.000515,-0.011412,-0.000295,0.000008,-0.000294,-0.000238,0.000000,0.000000,0.000000,0.000000,0.000000,-0.048892,0.000000,0.049011
-0.000514,-0.011383,-0.000251,0.000008,-0.000294,-0.000237,0.000000,0.000000,0.000000,0.000000,0.000000,-0.048924,0.000000,0.049062
-0.000514,-0.011359,-0.000213,0.000007,-0.000294,-0.000236,0.000000,0.000000,0.000000,0.000000,0.000000,-0.048958,0.000000,0.049105
-0.000513,-0.011336,-0.000177,0.000007,-0.000293,-0.000234,0.000000,0.000000,0.000000,0.000000,0.000000,-0.049003,0.000000,0.049161
-0.000512,-0.011311,-0.000139,0.000007,-0.000294,-0.000233,0.000000,0.000000,0.000000,0.000000,0.000000,-0.049033,0.000000,0.049216
-0.000512,-0.011289,-0.000105,0.000007,-0.000294,-0.000232,0.000000,0.000000,0.000000,0.000000,0.000000,-0.049054,0.000000,0.049267
-0.000511,-0.011260,-0.000061,0.000007,-0.000294,-0.000230,0.000000,0.000000,0.000000,0.000000,0.000000,-0.049091,0.000000,0.049323
-0.000510,-0.011235,-0.000024,0.000007,-0.000294,-0.000229,0.000000,0.000000,0.000000,0.000000,0.000000,-0.049120,0.000000,0.049371
-0.000509,-0.011213,0.000010,0.000007,-0.000294,-0.000228,0.000000,0.000000,0.000000,0.000000,0.000000,-0.049154,0.000000,0.049436
-0.000509,-0.011188,0.000047,0.000007,-0.000293,-0.000226,0.000000,0.000000,0.000000,0.000000,0.000000,-0.049177,0.000000,0.049496
-0.000508,-0.011160,0.000089,0.000007,-0.000293,-0.000226,0.000000,0.000000,0.000000,0.000000,0.000000,-0.049201,0.000000,0.049551
-0.000507,-0.011137,0.000123,0.000007,-0.000292,-0.000225,0.000000,0.000000,0.000000,0.000000,0.000000,-0.049234,0.000000,0.049604
-0.000507,-0.011112,0.000160,0.000007,-0.000291,-0.000225,0.000000,0.000000,0.000000,0.000000,0.000000,-0.049285,0.000000,0.049658
-0.000506,-0.011090,0.000193,0.000007,-0.000290,-0.000225,0.000000,0.000000,0.000000,0.000000,0.000000,-0.049329,0.000000,0.049691
-0.000505,-0.011062,0.000236,0.000007,-0.000288,-0.000226,0.000000,0.000000,0.000000,0.000000,0.000000,-0.049378,0.000000,0.049726
-0.000504,-0.011038,0.000273,0.000007,-0.000286,-0.000227,0.000000,0.000000,0.000000,0.000000,0.000000,-0.049429,0.000000,0.049751
-0.000504,-0.011016,0.000307,0.000007,-0.000285,-0.000228,0.000000,0.000000,0.000000,0.000000,0.000000,-0.049497,0.000000,0.049776
-0.000503,-0.010992,0.000344,0.000007,-0.000284,-0.000228,0.000000,0.000000,0.000000,0.000000,0.000000,-0.049563,0.000000,0.049789
-0.000502,-0.010970,0.000378,0.000007,-0.000283,-0.000228,0.000000,0.000000,0.000000,0.000000,0.000000,-0.049615,0.000000,0.049807
-0.000501,-0.010943,0.000421,0.000007,-0.000281,-0.000228,0.000000,0.000000,0.000000,0.000000,0.000000,-0.049662,0.000000,0.049832
-0.000501,-0.010919,0.000458,0.000007,-0.000281,-0.000228,0.000000,0.000000,0.000000,0.000000,0.000000,-0.049707,0.000000,0.049856
-0.000500,-0.010897,0.000492,0.000007,-0.000280,-0.000228,0.000000,0.000000,0.000000,0.000000,0.000000,-0.049765,0.000000,0.049888
-0.000499,-0.010874,0.000529,0.000007,-0.000279,-0.000227,0.000000,0.000000,0.000000,0.000000,0.000000,-0.049809,0.000000,0.049920
-0.000499,-0.010847,0.000572,0.000007,-0.000279,-0.000226,0.000000,0.000000,0.000000,0.000000,0.000000,-0.049840,0.000000,0.049957
-0.000498,-0.010825,0.000606,0.000006,-0.000278,-0.000225,0.000000,0.000000,0.000000,0.000000,0.000000,-0.049880,0.000000,0.049997
-0.000497,-0.010802,0.000642,0.000006,-0.000278,-0.000225,0.000000,0.000000,0.000000,0.000000,0.000000,-0.049929,0.000000,0.050039
-0.000497,-0.010780,0.000676,0.000006,-0.000278,-0.000223,0.000000,0.000000,0.000000,0.000000,0.000000,-0.049961,0.000000,0.050080
-0.000496,-0.010754,0.000717,0.000006,-0.000278,-0.000222,0.000000,0.000000,0.000000,0.000000,0.000000,-0.049990,0.000000,0.050128
-0.000495,-0.010730,0.000753,0.000006,-0.000277,-0.000221,0.000000,0.000000,0.000000,0.000000,0.000000,-0.050020,0.000000,0.050170
-0.000494,-0.010709,0.000786,0.000006,-0.000277,-0.000220,0.000000,0.000000,0.000000,0.000000,0.000000,-0.050064,0.000000,0.050222
-0.000494,-0.010685,0.000822,0.000006,-0.000277,-0.000219,0.000000,0.000000,0.000000,0.000000,0.000000,-0.050094,0.000000,0.050272
-0.000493,-0.010664,0.000855,0.000006,-0.000277,-0.000218,0.000000,0.000000,0.000000,0.000000,0.000000,-0.050114,0.000000,0.050321
-0.000492,-0.010637,0.000895,0.000006,-0.000277,-0.000216,0.000000,0.000000,0.000000,0.000000,0.000000,-0.050146,0.000000,0.050374
-0.000492,-0.010614,0.000930,0.000006,-0.000277,-0.000215,0.000000,0.000000,0.000000,0.000000,0.000000,-0.050174,0.000000,0.050419
-0.000491,-0.010592,0.000962,0.000006,-0.000277,-0.000214,0.000000,0.000000,0.000000,0.000000,0.000000,-0.050206,0.000000,0.050479
-0.000491,-0.010569,0.000997,0.000006,-0.000277,-0.000212,0.000000,0.000000,0.000000,0.000000,0.000000,-0.050229,0.000000,0.050537
-0.000490,-0.010542,0.001036,0.000006,-0.000277,-0.000211,0.000000,0.000000,0.000000,0.000000,0.000000,-0.050250,0.000000,0.050588
-0.000489,-0.010521,0.001068,0.000006,-0.000276,-0.000210,0.000000,0.000000,0.000000,0.000000,0.000000,-0.050279,0.000000,0.050643
-0.000489,-0.010498,0.001102,0.000006,-0.000275,-0.000210,0.000000,0.000000,0.000000,0.000000,0.000000,-0.050313,0.000000,0.050702
-0.000488,-0.010476,0.001134,0.000006,-0.000274,-0.000210,0.000000,0.000000,0.000000,0.000000,0.000000,-0.050346,0.000000,0.050742
-0.000487,-0.010453,0.001168,0.000006,-0.000273,-0.000211,0.000000,0.000000,0.000000,0.000000,0.000000,-0.050395,0.000000,0.050778
-0.000487,-0.010427,0.001208,0.000006,-0.000272,-0.000211,0.000000,0.000000,0.000000,0.000000,0.000000,-0.050442,0.000000,0.050803
-0.000486,-0.010406,0.001240,0.000006,-0.000270,-0.000212,0.000000,0.000000,0.000000,0.000000,0.000000,-0.050493,0.000000,0.050830
-0.000485,-0.010384,0.001274,0.000006,-0.000268,-0.000213,0.000000,0.000000,0.000000,0.000000,0.000000,-0.050558,0.000000,0.050851
-0.000485,-0.010363,0.001306,0.000006,-0.000267,-0.000214,0.000000,0.000000,0.000000,0.000000,0.000000,-0.050618,0.000000,0.050859
-0.000484,-0.010337,0.001347,0.000006,-0.000266,-0.000214,0.000000,0.000000,0.000000,0.000000,0.000000,-0.050673,0.000000,0.050876
-0.000483,-0.010315,0.001382,0.000006,-0.000264,-0.000214,0.000000,0.000000,0.000000,0.000000,0.000000,-0.050716,0.000000,0.050893
-0.000483,-0.010295,0.001414,0.000006,-0.000264,-0.000214,0.000000,0.000000,0.000000,0.000000,0.000000,-0.050772,0.000000,0.050921
-0.000482,-0.010272,0.001449,0.000006,-0.000263,-0.000214,0.000000,0.000000,0.000000,0.000000,0.000000,-0.050819,0.000000,0.050944
-0.000481,-0.010247,0.001489,0.000006,-0.000262,-0.000213,0.000000,0.000000,0.000000,0.000000,0.000000,-0.050853,0.000000,0.050974
-0.000481,-0.010227,0.001521,0.000005,-0.000262,-0.000213,0.000000,0.000000,0.000000,0.000000,0.000000,-0.050890,0.000000,0.051008
-0.000480,-0.010205,0.001555,0.000005,-0.000261,-0.000212,0.000000,0.000000,0.000000,0.000000,0.000000,-0.050939,0.000000,0.051045
-0.000479,-0.010184,0.001587,0.000005,-0.000261,-0.000211,0.000000,0.000000,0.000000,0.000000,0.000000,-0.050972,0.000000,0.051079
-0.000479,-0.010163,0.001621,0.000005,-0.000260,-0.000210,0.000000,0.000000,0.000000,0.000000,0.000000,-0.051002,0.000000,0.051122
-0.000478,-0.010137,0.001660,0.000005,-0.000261,-0.000210,0.000000,0.000000,0.000000,0.000000,0.000000,-0.051032,0.000000,0.051160
-0.000478,-0.010117,0.001691,0.000005,-0.000260,-0.000208,0.000000,0.000000,0.000000,0.000000,0.000000,-0.051066,0.000000,0.051200
-0.000477,-0.010095,0.001725,0.000005,-0.000260,-0.000207,0.000000,0.000224,0.000000,0.000000,0.000000,-0.051106,0.000000,0.051251
-0.000476,-0.010075,0.001756,0.000005,-0.000260,-0.000206,0.000000,0.000470,0.000000,0.000000,0.000000,-0.051127,0.000000,0.051294
-0.000476,-0.010050,0.001795,0.000005,-0.000260,-0.000205,0.000000,0.000627,0.000000,0.000000,0.000000,-0.051183,0.000000,0.051324
-0.000475,-0.010028,0.001828,0.000005,-0.000260,-0.000203,0.000000,0.000748,0.000000,0.000000,0.000000,-0.051244,0.000000,0.051347
-0.000474,-0.010008,0.001858,0.000005,-0.000259,-0.000202,0.000000,0.000962,0.000000,0.000000,0.000000,-0.051278,0.000000,0.051399
-0.000474,-0.009986,0.001890,0.000005,-0.000259,-0.000200,0.000000,0.001132,0.000000,0.000000,0.000000,-0.051288,0.000000,0.051452
-0.000473,-0.009961,0.001927,0.000005,-0.000258,-0.000198,0.000000,0.001253,0.000000,0.000000,0.000000,-0.051329,0.000000,0.051484
-0.000473,-0.009941,0.001957,0.000005,-0.000258,-0.000195,0.000000,0.001434,0.000000,0.000000,0.000000,-0.051379,0.000000,0.051521
-0.000472,-0.009919,0.001988,0.000005,-0.000257,-0.000193,0.000000,0.001634,0.000000,0.000000,0.000000,-0.051396,0.000000,0.051578
-0.000472,-0.009900,0.002017,0.000005,-0.000257,-0.000191,0.000000,0.001744,0.000000,0.000000,0.000000,-0.051408,0.000000,0.051626
-0.000471,-0.009878,0.002048,0.000005,-0.000255,-0.000188,0.000000,0.001886,0.000000,0.000000,0.000000,-0.051448,0.000000,0.051665
-0.000470,-0.009853,0.002082,0.000005,-0.000254,-0.000186,0.000000,0.002050,0.000000,0.000000,0.000000,-0.051471,0.000000,0.051710
-0.000470,-0.009834,0.002110,0.000005,-0.000253,-0.000183,0.000000,0.002178,0.000000,0.000000,0.000000,-0.051475,0.000000,0.051762
-0.000469,-0.009813,0.002139,0.000005,-0.000251,-0.000181,0.000000,0.002346,0.000000,0.000000,0.000000,-0.051496,0.000000,0.051818
-0.000469,-0.009793,0.002166,0.000005,-0.000248,-0.000179,0.000000,0.002476,0.000000,0.000000,0.000000,-0.051526,0.000000,0.051849
-0.000468,-0.009770,0.002199,0.000005,-0.000245,-0.000177,0.000000,0.002610,0.000000,0.000000,0.000000,-0.051567,0.000000,0.051876
-0.000468,-0.009749,0.002228,0.000005,-0.000242,-0.000175,0.000000,0.002718,0.000000,0.000000,0.000000,-0.051593,0.000000,0.051899
-0.000468,-0.009731,0.002254,0.000005,-0.000238,-0.000173,0.000000,0.002868,0.000000,0.000000,0.000000,-0.051626,0.000000,0.051926
-0.000467,-0.009711,0.002282,0.000005,-0.000235,-0.000172,0.000000,0.002998,0.000000,0.000000,0.000000,-0.051664,0.000000,0.051939
-0.000467,-0.009689,0.002313,0.000005,-0.000231,-0.000170,0.000000,0.003078,0.000000,0.000000,0.000000,-0.051706,0.000000,0.051941
-0.000466,-0.009671,0.002339,0.000005,-0.000227,-0.000167,0.000000,0.003176,0.000000,0.000000,0.000000,-0.051743,0.000000,0.051948
-0.000466,-0.009652,0.002365,0.000005,-0.000223,-0.000164,0.000000,0.003317,0.000000,0.000000,0.000000,-0.051770,0.000000,0.051964
-0.000465,-0.009635,0.002389,0.000005,-0.000220,-0.000161,0.000000,0.003376,0.000000,0.000000,0.000000,-0.051784,0.000000,0.051975
-0.000465,-0.009617,0.002415,0.000005,-0.000216,-0.000157,0.000000,0.003423,0.000000,0.000000,0.000000,-0.051803,0.000000,0.051989
-0.000465,-0.009597,0.002443,0.000005,-0.000213,-0.000152,0.000000,0.003515,0.000000,0.000000,0.000000,-0.051808,0.000000,0.052015
-0.000464,-0.009580,0.002465,0.000004,-0.000209,-0.000147,0.000000,0.003591,0.000000,0.000000,0.000000,-0.051800,0.000000,0.052044
-0.000464,-0.009563,0.002489,0.000004,-0.000206,-0.000143,0.000000,0.003690,0.000000,0.000000,0.000000,-0.051802,0.000000,0.052082
-0.000464,-0.009547,0.002510,0.000004,-0.000202,-0.000138,0.000000,0.003727,0.000000,0.000000,0.000000,-0.051797,0.000000,0.052108
-0.000463,-0.009528,0.002535,0.000004,-0.000199,-0.000133,0.000000,0.003786,0.000000,0.000000,0.000000,-0.051792,0.000000,0.052144
-0.000463,-0.009512,0.002555,0.000004,-0.000195,-0.000128,0.000000,0.003835,0.000000,0.000000,0.000000,-0.051771,0.000000,0.052181
-0.000463,-0.009497,0.002574,0.000004,-0.000192,-0.000122,0.000000,0.003922,0.000000,0.000000,0.000000,-0.051750,0.000000,0.052232
-0.000463,-0.009481,0.002593,0.000004,-0.000188,-0.000117,0.000000,0.003968,0.000000,0.000000,0.000000,-0.051726,0.000000,0.052275
-0.000462,-0.009467,0.002609,0.000004,-0.000185,-0.000111,0.000000,0.003994,0.000000,0.000000,0.000000,-0.051712,0.000000,0.052312
-0.000462,-0.009449,0.002629,0.000004,-0.000181,-0.000105,0.000000,0.004038,0.000000,0.000000,0.000000,-0.051685,0.000000,0.052358
-0.000462,-0.009434,0.002645,0.000004,-0.000177,-0.000098,0.000000,0.004069,0.000000,0.000000,0.000000,-0.051642,0.000000,0.052410
-0.000462,-0.009421,0.002659,0.000004,-0.000172,-0.000093,0.000000,0.004104,0.000000,0.000000,0.000000,-0.051598,0.000000,0.052469
-0.000462,-0.009407,0.002673,0.000004,-0.000168,-0.000088,0.000000,0.004119,0.000000,0.000000,0.000000,-0.051559,0.000000,0.052516
-0.000462,-0.009391,0.002689,0.000004,-0.000162,-0.000082,0.000000,0.004141,0.000000,0.000000,0.000000,-0.051539,0.000000,0.052549
-0.000462,-0.009379,0.002700,0.000004,-0.000156,-0.000077,0.000000,0.004172,0.000000,0.000000,0.000000,-0.051516,0.000000,0.052581
-0.000462,-0.009366,0.002712,0.000004,-0.000151,-0.000072,0.000000,0.004181,0.000000,0.000000,0.000000,-0.051478,0.000000,0.052618
-0.000462,-0.009355,0.002722,0.000004,-0.000145,-0.000068,0.000000,0.004150,0.000000,0.000000,0.000000,-0.051454,0.000000,0.052633
-0.000462,-0.009341,0.002734,0.000004,-0.000139,-0.000063,0.000000,0.004169,0.000000,0.000000,0.000000,-0.051443,0.000000,0.052648
-0.000462,-0.009330,0.002743,0.000004,-0.000132,-0.000058,0.000000,0.004163,0.000000,0.000000,0.000000,-0.051417,0.000000,0.052659
-0.000462,-0.009321,0.002752,0.000004,-0.000126,-0.000054,0.000000,0.004144,0.000000,0.000000,0.000000,-0.051389,0.000000,0.052675
-0.000462,-0.009310,0.002760,0.000004,-0.000120,-0.000050,0.000000,0.004106,0.000000,0.000000,0.000000,-0.051370,0.000000,0.052674
-0.000462,-0.009302,0.002767,0.000004,-0.000113,-0.000047,0.000000,0.004090,0.000000,0.000000,0.000000,-0.051358,0.000000,0.052670
-0.000462,-0.009291,0.002775,0.000004,-0.000106,-0.000042,0.000000,0.004068,0.000000,0.000000,0.000000,-0.051335,0.000000,0.052671
-0.000462,-0.009283,0.002781,0.000004,-0.000099,-0.000038,0.000000,0.004020,0.000000,0.000000,0.000000,-0.051314,0.000000,0.052666
-0.000463,-0.009276,0.002786,0.000004,-0.000093,-0.000035,0.000000,0.003982,0.000000,0.000000,0.000000,-0.051297,0.000000,0.052658
-0.000463,-0.009269,0.002791,0.000004,-0.000086,-0.000031,0.000000,0.003933,0.000000,0.000000,0.000000,-0.051279,0.000000,0.052643
-0.000463,-0.009261,0.002796,0.000003,-0.000079,-0.000027,0.000000,0.003882,0.000000,0.000000,0.000000,-0.051262,0.000000,0.052628
-0.000463,-0.009255,0.002800,0.000003,-0.000071,-0.000024,0.000000,0.003831,0.000000,0.000000,0.000000,-0.051243,0.000000,0.052613
-0.000463,-0.009250,0.002803,0.000003,-0.000065,-0.000021,0.000000,0.003769,0.000000,0.000000,0.000000,-0.051223,0.000000,0.052594
-0.000463,-0.009245,0.002806,0.000003,-0.000059,-0.000018,0.000000,0.003704,0.000000,0.000000,0.000000,-0.051213,0.000000,0.052566
-0.000464,-0.009240,0.002809,0.000003,-0.000052,-0.000015,0.000000,0.003656,0.000000,0.000000,0.000000,-0.051203,0.000000,0.052541
-0.000464,-0.009237,0.002811,0.000003,-0.000045,-0.000013,0.000000,0.003596,0.000000,0.000000,0.000000,-0.051189,0.000000,0.052514
-0.000464,-0.009234,0.002812,0.000003,-0.000039,-0.000010,0.000000,0.003528,0.000000,0.000000,0.000000,-0.051180,0.000000,0.052483
-0.000464,-0.009231,0.002814,0.000003,-0.000033,-0.000008,0.000000,0.003459,0.000000,0.000000,0.000000,-0.051178,0.000000,0.052443
-0.000465,-0.009229,0.002815,0.000003,-0.000027,-0.000006,0.000000,0.003396,0.000000,0.000000,0.000000,-0.051173,0.000000,0.052407
-0.000465,-0.009227,0.002815,0.000003,-0.000020,-0.000004,0.000000,0.003328,0.000000,0.000000,0.000000,-0.051163,0.000000,0.052373
-0.000465,-0.009226,0.002816,0.000003,-0.000014,-0.000002,0.000000,0.003256,0.000000,0.000000,0.000000,-0.051160,0.000000,0.052333
-0.000465,-0.009225,0.002816,0.000003,-0.000008,-0.000000,0.000000,0.003184,0.000000,0.000000,0.000000,-0.051163,0.000000,0.052286
-0.000466,-0.009225,0.002816,0.000003,-0.000002,0.000002,0.000000,0.003100,0.000000,0.000000,0.000000,-0.051164,0.000000,0.052235
-0.000466,-0.009225,0.002815,0.000003,0.000005,0.000003,0.000000,0.003018,0.000000,0.000000,0.000000,-0.051160,0.000000,0.052190
-0.000466,-0.009226,0.002814,0.000003,0.000011,0.000005,0.000000,0.002937,0.000000,0.000000,0.000000,-0.051156,0.000000,0.052143
-0.000466,-0.009227,0.002813,0.000003,0.000017,0.000007,0.000000,0.002849,0.000000,0.000000,0.000000,-0.051162,0.000000,0.052084
-0.000467,-0.009229,0.002812,0.000003,0.000022,0.000008,0.000000,0.002760,0.000000,0.000000,0.000000,-0.051170,0.000000,0.052025
-0.000467,-0.009232,0.002810,0.000003,0.000029,0.000010,0.000000,0.002667,0.000000,0.000000,0.000000,-0.051167,0.000000,0.051972
-0.000467,-0.009235,0.002808,0.000003,0.000035,0.000011,0.000000,0.002574,0.000000,0.000000,0.000000,-0.051165,0.000000,0.051917
-0.000468,-0.009238,0.002807,0.000003,0.000040,0.000011,0.000000,0.002484,0.000000,0.000000,0.000000,-0.051180,0.000000,0.051847
-0.000468,-0.009242,0.002805,0.000003,0.000045,0.000012,0.000000,0.002396,0.000000,0.000000,0.000000,-0.051200,0.000000,0.051774
-0.000468,-0.009246,0.002803,0.000003,0.000050,0.000013,0.000000,0.002303,0.000000,0.000000,0.000000,-0.051205,0.000000,0.051712
-0.000468,-0.009251,0.002800,0.000003,0.000056,0.000013,0.000000,0.002203,0.000000,0.000000,0.000000,-0.051212,0.000000,0.051646
-0.000469,-0.009256,0.002798,0.000003,0.000061,0.000014,0.000000,0.002124,0.000000,0.000000,0.000000,-0.051232,0.000000,0.051576
-0.000469,-0.009261,0.002796,0.000003,0.000065,0.000015,0.000000,0.002032,0.000000,0.000000,0.000000,-0.051256,0.000000,0.051495
-0.000469,-0.009267,0.002793,0.000003,0.000069,0.000017,0.000000,0.001916,0.000000,0.000000,0.000000,-0.051263,0.000000,0.051427
-0.000470,-0.009274,0.002789,0.000003,0.000073,0.000019,0.000000,0.001803,0.000000,0.000000,0.000000,-0.051248,0.000000,0.051378
-0.000470,-0.009280,0.002786,0.000003,0.000076,0.000021,0.000000,0.001709,0.000000,0.000000,0.000000,-0.051239,0.000000,0.051329
-0.000470,-0.009287,0.002782,0.000003,0.000079,0.000023,0.000000,0.001615,0.000000,0.000000,0.000000,-0.051243,0.000000,0.051270
-0.000471,-0.009293,0.002779,0.000002,0.000082,0.000025,0.000000,0.001516,0.000000,0.000000,0.000000,-0.051235,0.000000,0.051224
-0.000471,-0.009300,0.002774,0.000002,0.000084,0.000027,0.000000,0.001404,0.000000,0.000000,0.000000,-0.051215,0.000000,0.051186
-0.000471,-0.009309,0.002769,0.000002,0.000087,0.000029,0.000000,0.001315,0.000000,0.000000,0.000000,-0.051200,0.000000,0.051151
-0.000472,-0.009315,0.002764,0.000002,0.000089,0.000031,0.000000,0.001239,0.000000,0.000000,0.000000,-0.051194,0.000000,0.051110
-0.000472,-0.009323,0.002759,0.000002,0.000091,0.000033,0.000000,0.001136,0.000000,0.000000,0.000000,-0.051188,0.000000,0.051066
-0.000472,-0.009330,0.002753,0.000002,0.000093,0.000035,0.000000,0.001036,0.000000,0.000000,0.000000,-0.051172,0.000000,0.051034
-0.000473,-0.009339,0.002747,0.000002,0.000094,0.000036,0.000000,0.000946,0.000000,0.000000,0.000000,-0.051153,0.000000,0.051002
-0.000473,-0.009348,0.002740,0.000002,0.000096,0.000038,0.000000,0.000875,0.000000,0.000000,0.000000,-0.051140,0.000000,0.050973
-0.000473,-0.009355,0.002734,0.000002,0.000097,0.000040,0.000000,0.000779,0.000000,0.000000,0.000000,-0.051133,0.000000,0.050933
-0.000474,-0.009363,0.002728,0.000002,0.000099,0.000041,0.000000,0.000680,0.000000,0.000000,0.000000,-0.051121,0.000000,0.050900
-0.000474,-0.009373,0.002720,0.000002,0.000100,0.000043,0.000000,0.000597,0.000000,0.000000,0.000000,-0.051099,0.000000,0.050876
-0.000475,-0.009381,0.002713,0.000002,0.000101,0.000045,0.000000,0.000514,0.000000,0.000000,0.000000,-0.051082,0.000000,0.050848
-0.000475,-0.009390,0.002705,0.000002,0.000102,0.000046,0.000000,0.000418,0.000000,0.000000,0.000000,-0.051074,0.000000,0.050811
-0.000475,-0.009398,0.002698,0.000002,0.000103,0.000047,0.000000,0.000336,0.000000,0.000000,0.000000,-0.051060,0.000000,0.050784
-0.000476,-0.009406,0.002691,0.000002,0.000104,0.000048,0.000000,0.000254,0.000000,0.000000,0.000000,-0.051041,0.000000,0.050758
-0.000476,-0.009417,0.002682,0.000002,0.000105,0.000048,0.000000,0.000182,0.000000,0.000000,0.000000,-0.051030,0.000000,0.050730
-0.000477,-0.009425,0.002674,0.000002,0.000105,0.000049,0.000000,0.000112,0.000000,0.000000,0.000000,-0.051026,0.000000,0.050699
-0.000477,-0.009434,0.002666,0.000002,0.000106,0.000049,0.000000,0.000019,0.000000,0.000000,0.000000,-0.051020,0.000000,0.050663
-0.000478,-0.009442,0.002659,0.000002,0.000106,0.000050,0.000000,0.000000,0.000000,0.000000,0.000000,-0.051009,0.000000,0.050639
-0.000478,-0.009452,0.002649,0.000002,0.000106,0.000050,0.000000,0.000000,0.000000,0.000000,0.000000,-0.050996,0.000000,0.050611
-0.000478,-0.009461,0.002641,0.000002,0.000107,0.000050,0.000000,0.000000,0.000000,0.000000,0.000000,-0.051000,0.000000,0.050579
-0.000479,-0.009469,0.002634,0.000002,0.000107,0.000050,0.000000,0.000000,0.000000,0.000000,0.000000,-0.051009,0.000000,0.050536
-0.000479,-0.009478,0.002625,0.000002,0.000106,0.000051,0.000000,0.000000,0.000000,0.000000,0.000000,-0.051008,0.000000,0.050503
-0.000480,-0.009489,0.002616,0.000002,0.000106,0.000052,0.000000,0.000000,0.000000,0.000000,0.000000,-0.050996,0.000000,0.050479
-0.000480,-0.009497,0.002608,0.000002,0.000105,0.000053,0.000000,0.000000,0.000000,0.000000,0.000000,-0.050981,0.000000,0.050460
-0.000481,-0.009506,0.002599,0.000002,0.000103,0.000055,0.000000,0.000000,0.000000,0.000000,0.000000,-0.050962,0.000000,0.050444
-0.000481,-0.009513,0.002590,0.000002,0.000102,0.000057,0.000000,0.000000,0.000000,0.000000,0.000000,-0.050933,0.000000,0.050444
-0.000481,-0.009522,0.002581,0.000002,0.000100,0.000059,0.000000,0.000000,0.000000,0.000000,0.000000,-0.050902,0.000000,0.050446
-0.000482,-0.009531,0.002569,0.000002,0.000099,0.000061,0.000000,0.000000,0.000000,0.000000,0.000000,-0.050872,0.000000,0.050452
-0.000482,-0.009539,0.002559,0.000002,0.000097,0.000064,0.000000,0.000000,0.000000,0.000000,0.000000,-0.050837,0.000000,0.050464
-0.000483,-0.009547,0.002549,0.000002,0.000095,0.000066,0.000000,0.000000,0.000000,0.000000,0.000000,-0.050787,0.000000,0.050484
-0.000483,-0.009554,0.002538,0.000002,0.000093,0.000069,0.000000,0.000000,0.000000,0.000000,0.000000,-0.050738,0.000000,0.050512
-0.000484,-0.009563,0.002525,0.000002,0.000090,0.000072,0.000000,0.000000,0.000000,0.000000,0.000000,-0.050697,0.000000,0.050534
-0.000484,-0.009570,0.002513,0.000002,0.000088,0.000074,0.000000,0.000000,0.000000,0.000000,0.000000,-0.050654,0.000000,0.050562
-0.000485,-0.009577,0.002501,0.000002,0.000086,0.000077,0.000000,0.000000,0.000000,0.000000,0.000000,-0.050590,0.000000,0.050600
-0.000485,-0.009584,0.002489,0.000002,0.000085,0.000078,0.000000,0.000000,0.000000,0.000000,0.000000,-0.050529,0.000000,0.050643
-0.000486,-0.009592,0.002474,0.000002,0.000084,0.000079,0.000000,0.000000,0.000000,0.000000,0.000000,-0.050496,0.000000,0.050664
-0.000486,-0.009599,0.002462,0.000002,0.000084,0.000079,0.000000,0.000000,0.000000,0.000000,0.000000,-0.050476,0.000000,0.050678
-0.000487,-0.009606,0.002449,0.000002,0.000084,0.000078,0.000000,0.000000,0.000000,0.000000,0.000000,-0.050444,0.000000,0.050686
-0.000487,-0.009612,0.002438,0.000002,0.000084,0.000077,0.000000,0.000000,0.000000,0.000000,0.000000,-0.050431,0.000000,0.050682
-0.000488,-0.009619,0.002425,0.000002,0.000085,0.000076,0.000000,0.000000,0.000000,0.000000,0.000000,-0.050435,0.000000,0.050661
-0.000489,-0.009628,0.002411,0.000002,0.000086,0.000074,0.000000,0.000000,0.000000,0.000000,0.000000,-0.050442,0.000000,0.050635
-0.000489,-0.009635,0.002401,0.000002,0.000088,0.000071,0.000000,0.000000,0.000000,0.000000,0.000000,-0.050443,0.000000,0.050604
-0.000489,-0.009642,0.002389,0.000002,0.000089,0.000069,0.000000,0.000000,0.000000,0.000000,0.000000,-0.050457,0.000000,0.050559
-0.000490,-0.009649,0.002379,0.000002,0.000091,0.000067,0.000000,0.000000,0.000000,0.000000,0.000000,-0.050485,0.000000,0.050507
-0.000490,-0.009658,0.002367,0.000002,0.000092,0.000064,0.000000,0.000000,0.000000,0.000000,0.000000,-0.050507,0.000000,0.050454
-0.000491,-0.009666,0.002357,0.000002,0.000093,0.000062,0.000000,0.000000,0.000000,0.000000,0.000000,-0.050523,0.000000,0.050403
-0.000491,-0.009673,0.002348,0.000002,0.000094,0.000060,0.000000,0.000000,0.000000,0.000000,0.000000,-0.050540,0.000000,0.050347
-0.000492,-0.009681,0.002339,0.000002,0.000095,0.000059,0.000000,0.000000,0.000000,0.000000,0.000000,-0.050559,0.000000,0.050294
-0.000492,-0.009691,0.002328,0.000002,0.000095,0.000058,0.000000,0.000000,0.000000,0.000000,0.000000,-0.050566,0.000000,0.050252
-0.000493,-0.009698,0.002319,0.000002,0.000095,0.000058,0.000000,0.000000,0.000000,0.000000,0.000000,-0.050567,0.000000,0.050215
-0.000493,-0.009706,0.002309,0.000001,0.000094,0.000059,0.000000,0.000000,0.000000,0.000000,0.000000,-0.050563,0.000000,0.050182
-0.000493,-0.009713,0.002300,0.000001,0.000094,0.000059,0.000000,0.000000,0.000000,0.000000,0.000000,-0.050548,0.000000,0.050167
-0.000494,-0.009721,0.002291,0.000001,0.000093,0.000060,0.000000,0.000000,0.000000,0.000000,0.000000,-0.050524,0.000000,0.050158
-0.000494,-0.009730,0.002279,0.000001,0.000092,0.000060,0.000000,0.000000,0.000000,0.000000,0.000000,-0.050505,0.000000,0.050153
-0.000495,-0.009737,0.002270,0.000001,0.000092,0.000060,0.000000,0.000000,0.000000,0.000000,0.000000,-0.050495,0.000000,0.050141
-0.000495,-0.009745,0.002261,0.000001,0.000092,0.000060,0.000000,0.000000,0.000000,0.000000,0.000000,-0.050483,0.000000,0.050128
-0.000495,-0.009752,0.002251,0.000001,0.000091,0.000061,0.000000,0.000000,0.000000,0.000000,0.000000,-0.050469,0.000000,0.050118
-0.000496,-0.009761,0.002240,0.000001,0.000091,0.000061,0.000000,0.000000,0.000000,0.000000,0.000000,-0.050458,0.000000,0.050105
-0.000496,-0.009768,0.002230,0.000001,0.000091,0.000061,0.000000,0.000000,0.000000,0.000000,0.000000,-0.050451,0.000000,0.050091
-0.000497,-0.009775,0.002221,0.000001,0.000090,0.000060,0.000000,0.000000,0.000000,0.000000,0.000000,-0.050442,0.000000,0.050072
-0.000497,-0.009783,0.002211,0.000001,0.000090,0.000060,0.000000,0.000000,0.000000,0.000000,0.000000,-0.050432,0.000000,0.050056
-0.000498,-0.009790,0.002202,0.000001,0.000090,0.000060,0.000000,0.000000,0.000000,0.000000,0.000000,-0.050424,0.000000,0.050041
-0.000498,-0.009799,0.002191,0.000001,0.000090,0.000060,0.000000,0.000000,0.000000,0.000000,0.000000,-0.050418,0.000000,0.050022
-0.000498,-0.009806,0.002181,0.000001,0.000090,0.000060,0.000000,0.000000,0.000000,0.000000,0.000000,-0.050412,0.000000,0.050005
-0.000499,-0.009813,0.002173,0.000001,0.000090,0.000059,0.000000,0.000000,0.000000,0.000000,0.000000,-0.050404,0.000000,0.049984
-0.000499,-0.009821,0.002163,0.000001,0.000089,0.000059,0.000000,0.000000,0.000000,0.000000,0.000000,-0.050398,0.000000,0.049964
-0.000500,-0.009829,0.002152,0.000001,0.000089,0.000059,0.000000,0.000000,0.000000,0.000000,0.000000,-0.050393,0.000000,0.049945
-0.000500,-0.009836,0.002143,0.000001,0.000089,0.000058,0.000000,0.000000,0.000000,0.000000,0.000000,-0.050388,0.000000,0.049926
-0.000500,-0.009844,0.002134,0.000001,0.000089,0.000058,0.000000,0.000000,0.000000,0.000000,0.000000,-0.050382,0.000000,0.049901
-0.000501,-0.009851,0.002125,0.000001,0.000089,0.000058,0.000000,0.000000,0.000000,0.000000,0.000000,-0.050378,0.000000,0.049882
-0.000501,-0.009859,0.002114,0.000001,0.000089,0.000058,0.000000,0.000000,0.000000,0.000000,0.000000,-0.050372,0.000000,0.049861
-0.000502,-0.009867,0.002105,0.000001,0.000089,0.000057,0.000000,0.000000,0.000000,0.000000,0.000000,-0.050368,0.000000,0.049842
-0.000502,-0.009874,0.002096,0.000001,0.000089,0.000057,0.000000,0.000000,0.000000,0.000000,0.000000,-0.050364,0.000000,0.049817
-0.000502,-0.009881,0.002087,0.000001,0.000089,0.000057,0.000000,0.000000,0.000000,0.000000,0.000000,-0.050361,0.000000,0.049795
-0.000503,-0.009888,0.002079,0.000001,0.000089,0.000056,0.000000,0.000000,0.000000,0.000000,0.000000,-0.050357,0.000000,0.049775
-0.000503,-0.009897,0.002068,0.000001,0.000089,0.000056,0.000000,0.000000,0.000000,0.000000,0.000000,-0.050352,0.000000,0.049752
-0.000504,-0.009904,0.002059,0.000001,0.000089,0.000055,0.000000,0.000000,0.000000,0.000000,0.000000,-0.050350,0.000000,0.049732
-0.000504,-0.009911,0.002051,0.000001,0.000089,0.000055,0.000000,0.000000,0.000000,0.000000,0.000000,-0.050347,0.000000,0.049706
-0.000504,-0.009918,0.002042,0.000001,0.000089,0.000055,0.000000,0.000000,0.000000,0.000000,0.000000,-0.050345,0.000000,0.049683
-0.000505,-0.009927,0.002032,0.000001,0.000089,0.000054,0.000000,0.000000,0.000000,0.000000,0.000000,-0.050341,0.000000,0.049662
-0.000505,-0.009934,0.002024,0.000001,0.000089,0.000054,0.000000,0.000000,0.000000,0.000000,0.000000,-0.050338,0.000000,0.049640
-0.000505,-0.009941,0.002015,0.000001,0.000089,0.000054,0.000000,0.000000,0.000000,0.000000,0.000000,-0.050337,0.000000,0.049613
-0.000506,-0.009948,0.002007,0.000001,0.000088,0.000053,0.000000,0.000000,0.000000,0.000000,0.000000,-0.050335,0.000000,0.049591
-0.000506,-0.009957,0.001997,0.000001,0.000088,0.000053,0.000000,0.000000,0.000000,0.000000,0.000000,-0.050331,0.000000,0.049568
-0.000507,-0.009964,0.001988,0.000001,0.000088,0.000053,0.000000,0.000000,0.000000,0.000000,0.000000,-0.050329,0.000000,0.049547
-0.000507,-0.009971,0.001980,0.000001,0.000088,0.000052,0.000000,0.000000,0.000000,0.000000,0.000000,-0.050328,0.000000,0.049519
-0.000507,-0.009979,0.001972,0.000001,0.000088,0.000052,0.000000,0.000000,0.000000,0.000000,0.000000,-0.050328,0.000000,0.049495
-0.000508,-0.009985,0.001964,0.000001,0.000088,0.000052,0.000000,0.000000,0.000000,0.000000,0.000000,-0.050324,0.000000,0.049473
-0.000508,-0.009994,0.001955,0.000001,0.000088,0.000051,0.000000,0.000000,0.000000,0.000000,0.000000,-0.050321,0.000000,0.049450
-0.000508,-0.010001,0.001946,0.000001,0.000088,0.000051,0.000000,0.000000,0.000000,0.000000,0.000000,-0.050322,0.000000,0.049427
-0.000509,-0.010008,0.001938,0.000001,0.000087,0.000051,0.000000,0.000000,0.000000,0.000000,0.000000,-0.050322,0.000000,0.049400
-0.000509,-0.010015,0.001930,0.000001,0.000087,0.000052,0.000000,0.000000,0.000000,0.000000,0.000000,-0.050315,0.000000,0.049379
-0.000509,-0.010024,0.001920,0.000001,0.000085,0.000053,0.000000,0.000000,0.000000,0.000000,0.000000,-0.050296,0.000000,0.049372
-0.000510,-0.010030,0.001912,0.000001,0.000084,0.000055,0.000000,0.000000,0.000000,0.000000,0.000000,-0.050270,0.000000,0.049369
-0.000510,-0.010037,0.001903,0.000001,0.000083,0.000057,0.000000,0.000000,0.000000,0.000000,0.000000,-0.050242,0.000000,0.049373
-0.000510,-0.010043,0.001894,0.000001,0.000081,0.000058,0.000000,0.000000,0.000000,0.000000,0.000000,-0.050209,0.000000,0.049386
-0.000511,-0.010050,0.001884,0.000001,0.000079,0.000060,0.000000,0.000000,0.000000,0.000000,0.000000,-0.050173,0.000000,0.049401
-0.000511,-0.010058,0.001872,0.000001,0.000077,0.000063,0.000000,0.000000,0.000000,0.000000,0.000000,-0.050137,0.000000,0.049422
-0.000512,-0.010063,0.001862,0.000001,0.000075,0.000065,0.000000,0.000000,0.000000,0.000000,0.000000,-0.050094,0.000000,0.049447
-0.000512,-0.010070,0.001852,0.000001,0.000074,0.000067,0.000000,0.000000,0.000000,0.000000,0.000000,-0.050037,0.000000,0.049482
-0.000512,-0.010075,0.001841,0.000001,0.000072,0.000068,0.000000,0.000000,0.000000,0.000000,0.000000,-0.049990,0.000000,0.049516
-0.000513,-0.010082,0.001828,0.000001,0.000071,0.000069,0.000000,0.000000,0.000000,0.000000,0.000000,-0.049962,0.000000,0.049536
-0.000513,-0.010088,0.001817,0.000001,0.000070,0.000071,0.000000,0.000000,0.000000,0.000000,0.000000,-0.049937,0.000000,0.049553
-0.000514,-0.010093,0.001806,0.000001,0.000069,0.000071,0.000000,0.000000,0.000000,0.000000,0.000000,-0.049894,0.000000,0.049575
-0.000514,-0.010099,0.001794,0.000001,0.000069,0.000072,0.000000,0.000000,0.000000,0.000000,0.000000,-0.049857,0.000000,0.049593
-0.000515,-0.010106,0.001781,0.000001,0.000068,0.000072,0.000000,0.000000,0.000000,0.000000,0.000000,-0.049840,0.000000,0.049600
-0.000515,-0.010111,0.001770,0.000001,0.000068,0.000072,0.000000,0.000000,0.000000,0.000000,0.000000,-0.049820,0.000000,0.049606
-0.000516,-0.010117,0.001758,0.000001,0.000067,0.000073,0.000000,0.000000,0.000000,0.000000,0.000000,-0.049784,0.000000,0.049618
-0.000516,-0.010122,0.001747,0.000001,0.000067,0.000073,0.000000,0.000000,0.000000,0.000000,0.000000,-0.049759,0.000000,0.049625
-0.000517,-0.010127,0.001735,0.000001,0.000067,0.000073,0.000000,0.000000,0.000000,0.000000,0.000000,-0.049745,0.000000,0.049625
-0.000517,-0.010134,0.001722,0.000001,0.000066,0.000073,0.000000,0.000000,0.000000,0.000000,0.000000,-0.049729,0.000000,0.049626
-0.000517,-0.010139,0.001711,0.000001,0.000066,0.000072,0.000000,0.000000,0.000000,0.000000,0.000000,-0.049702,0.000000,0.049629
-0.000518,-0.010145,0.001699,0.000001,0.000066,0.000072,0.000000,0.000000,0.000000,0.000000,0.000000,-0.049676,0.000000,0.049631
-0.000518,-0.010150,0.001688,0.000001,0.000066,0.000072,0.000000,0.000000,0.000000,0.000000,0.000000,-0.049664,0.000000,0.049628
-0.000519,-0.010156,0.001675,0.000001,0.000066,0.000072,0.000000,0.000000,0.000000,0.000000,0.000000,-0.049650,0.000000,0.049624
-0.000519,-0.010162,0.001663,0.000001,0.000066,0.000071,0.000000,0.000000,0.000000,0.000000,0.000000,-0.049631,0.000000,0.049623
-0.000520,-0.010167,0.001653,0.000001,0.000066,0.000071,0.000000,0.000000,0.000000,0.000000,0.000000,-0.049607,0.000000,0.049621
-0.000520,-0.010172,0.001641,0.000001,0.000066,0.000071,0.000000,0.000000,0.000000,0.000000,0.000000,-0.049593,0.000000,0.049616
-0.000521,-0.010179,0.001628,0.000001,0.000066,0.000070,0.000000,0.000000,0.000000,0.000000,0.000000,-0.049583,0.000000,0.049609
-0.000521,-0.010184,0.001618,0.000001,0.000066,0.000070,0.000000,0.000000,0.000000,0.000000,0.000000,-0.049566,0.000000,0.049605
-0.000521,-0.010189,0.001606,0.000001,0.000066,0.000069,0.000000,0.000000,0.000000,0.000000,0.000000,-0.049543,0.000000,0.049602
-0.000522,-0.010194,0.001596,0.000001,0.000066,0.000069,0.000000,0.000000,0.000000,0.000000,0.000000,-0.049532,0.000000,0.049595
-0.000522,-0.010200,0.001585,0.000001,0.000066,0.000069,0.000000,0.000000,0.000000,0.000000,0.000000,-0.049523,0.000000,0.049586
-0.000523,-0.010206,0.001572,0.000001,0.000066,0.000068,0.000000,0.000000,0.000000,0.000000,0.000000,-0.049507,0.000000,0.049581
-0.000523,-0.010212,0.001562,0.000001,0.000066,0.000068,0.000000,0.000000,0.000000,0.000000,0.000000,-0.049491,0.000000,0.049576
-0.000524,-0.010217,0.001551,0.000001,0.000066,0.000067,0.000000,0.000000,0.000000,0.000000,0.000000,-0.049473,0.000000,0.049567
-0.000524,-0.010222,0.001541,0.000001,0.000066,0.000067,0.000000,0.000000,0.000000,0.000000,0.000000,-0.049465,0.000000,0.049559
-0.000524,-0.010229,0.001528,0.000001,0.000067,0.000067,0.000000,0.000000,0.000000,0.000000,0.000000,-0.049454,0.000000,0.049550
-0.000525,-0.010234,0.001518,0.000001,0.000067,0.000066,0.000000,0.000000,0.000000,0.000000,0.000000,-0.049440,0.000000,0.049543
-0.000525,-0.010240,0.001508,0.000001,0.000067,0.000065,0.000000,0.000000,0.000000,0.000000,0.000000,-0.049423,0.000000,0.049535
-0.000526,-0.010245,0.001497,0.000001,0.000068,0.000063,0.000000,0.000000,0.000000,0.000000,0.000000,-0.049418,0.000000,0.049521
-0.000526,-0.010252,0.001486,0.000001,0.000069,0.000061,0.000000,0.000000,0.000000,0.000000,0.000000,-0.049426,0.000000,0.049497
-0.000526,-0.010257,0.001477,0.000001,0.000071,0.000059,0.000000,0.000000,0.000000,0.000000,0.000000,-0.049437,0.000000,0.049466
-0.000527,-0.010263,0.001468,0.000001,0.000072,0.000057,0.000000,0.000000,0.000000,0.000000,0.000000,-0.049451,0.000000,0.049425
-0.000527,-0.010269,0.001459,0.000001,0.000073,0.000056,0.000000,0.000000,0.000000,0.000000,0.000000,-0.049476,0.000000,0.049379
-0.000527,-0.010275,0.001450,0.000001,0.000073,0.000055,0.000000,0.000000,0.000000,0.000000,0.000000,-0.049489,0.000000,0.049338
-0.000528,-0.010282,0.001440,0.000001,0.000073,0.000055,0.000000,0.000000,0.000000,0.000000,0.000000,-0.049482,0.000000,0.049314
-0.000528,-0.010288,0.001432,0.000001,0.000072,0.000055,0.000000,0.000000,0.000000,0.000000,0.000000,-0.049464,0.000000,0.049298
-0.000528,-0.010294,0.001423,0.000001,0.000071,0.000056,0.000000,0.000000,0.000000,0.000000,0.000000,-0.049448,0.000000,0.049286
-0.000529,-0.010299,0.001414,0.000001,0.000070,0.000057,0.000000,0.000000,0.000000,0.000000,0.000000,-0.049429,0.000000,0.049286
-0.000529,-0.010306,0.001403,0.000001,0.000070,0.000058,0.000000,0.000000,0.000000,0.000000,0.000000,-0.049398,0.000000,0.049293
-0.000530,-0.010312,0.001394,0.000001,0.000069,0.000059,0.000000,0.000000,0.000000,0.000000,0.000000,-0.049369,0.000000,0.049305
-0.000530,-0.010317,0.001385,0.000001,0.000068,0.000059,0.000000,0.000000,0.000000,0.000000,0.000000,-0.049345,0.000000,0.049309
-0.000530,-0.010323,0.001375,0.000001,0.000068,0.000059,0.000000,0.000000,0.000000,0.000000,0.000000,-0.049328,0.000000,0.049312
-0.000531,-0.010328,0.001366,0.000001,0.000067,0.000060,0.000000,0.000000,0.000000,0.000000,0.000000,-0.049312,0.000000,0.049314
-0.000531,-0.010335,0.001355,0.000001,0.000067,0.000060,0.000000,0.000000,0.000000,0.000000,0.000000,-0.049293,0.000000,0.049314
-0.000531,-0.010340,0.001345,0.000001,0.000067,0.000060,0.000000,0.000000,0.000000,0.000000,0.000000,-0.049277,0.000000,0.049314
-0.000532,-0.010345,0.001336,0.000001,0.000066,0.000060,0.000000,0.000000,0.000000,0.000000,0.000000,-0.049260,0.000000,0.049311
-0.000532,-0.010351,0.001327,0.000001,0.000066,0.000060,0.000000,0.000000,0.000000,0.000000,0.000000,-0.049245,0.000000,0.049307
-0.000532,-0.010357,0.001315,0.000001,0.000066,0.000060,0.000000,0.000000,0.000000,0.000000,0.000000,-0.049234,0.000000,0.049302
-0.000533,-0.010362,0.001307,0.000001,0.000066,0.000059,0.000000,0.000000,0.000000,0.000000,0.000000,-0.049220,0.000000,0.049297
-0.000533,-0.010368,0.001297,0.000001,0.000066,0.000059,0.000000,0.000000,0.000000,0.000000,0.000000,-0.049204,0.000000,0.049291
-0.000534,-0.010373,0.001288,0.000001,0.000066,0.000059,0.000000,0.000000,0.000000,0.000000,0.000000,-0.049193,0.000000,0.049284
-0.000534,-0.010379,0.001277,0.000001,0.000066,0.000059,0.000000,0.000000,0.000000,0.000000,0.000000,-0.049183,0.000000,0.049275
-0.000534,-0.010385,0.001268,0.000001,0.000066,0.000058,0.000000,0.000000,0.000000,0.000000,0.000000,-0.049173,0.000000,0.049268
-0.000535,-0.010390,0.001259,0.000001,0.000066,0.000058,0.000000,0.000000,0.000000,0.000000,0.000000,-0.049157,0.000000,0.049259
-0.000535,-0.010396,0.001249,0.000001,0.000066,0.000058,0.000000,0.000000,0.000000,0.000000,0.000000,-0.049147,0.000000,0.049250
-0.000535,-0.010401,0.001241,0.000001,0.000066,0.000058,0.000000,0.000000,0.000000,0.000000,0.000000,-0.049140,0.000000,0.049240
-0.000536,-0.010407,0.001230,0.000001,0.000066,0.000057,0.000000,0.000000,0.000000,0.000000,0.000000,-0.049130,0.000000,0.049230
-0.000536,-0.010412,0.001221,0.000001,0.000066,0.000057,0.000000,0.000000,0.000000,0.000000,0.000000,-0.049120,0.000000,0.049222
-0.000536,-0.010418,0.001212,0.000001,0.000066,0.000057,0.000000,0.000000,0.000000,0.000000,0.000000,-0.049108,0.000000,0.049210
-0.000537,-0.010423,0.001203,0.000001,0.000066,0.000056,0.000000,0.000000,0.000000,0.000000,0.000000,-0.049100,0.000000,0.049199
-0.000537,-0.010429,0.001193,0.000001,0.000066,0.000056,0.000000,0.000000,0.000000,0.000000,0.000000,-0.049093,0.000000,0.049188
-0.000537,-0.010435,0.001184,0.000001,0.000066,0.000056,0.000000,0.000000,0.000000,0.000000,0.000000,-0.049083,0.000000,0.049178
-0.000538,-0.010440,0.001175,0.000001,0.000066,0.000055,0.000000,0.000000,0.000000,0.000000,0.000000,-0.049072,0.000000,0.049165
-0.000538,-0.010445,0.001167,0.000001,0.000066,0.000055,0.000000,0.000000,0.000000,0.000000,0.000000,-0.049066,0.000000,0.049154
-0.000539,-0.010451,0.001157,0.000001,0.000066,0.000055,0.000000,0.000000,0.000000,0.000000,0.000000,-0.049060,0.000000,0.049142
-0.000539,-0.010457,0.001148,0.000001,0.000066,0.000054,0.000000,0.000000,0.000000,0.000000,0.000000,-0.049051,0.000000,0.049130
-0.000539,-0.010462,0.001140,0.000001,0.000066,0.000054,0.000000,0.000000,0.000000,0.000000,0.000000,-0.049040,0.000000,0.049117
-0.000539,-0.010468,0.001131,0.000001,0.000066,0.000053,0.000000,0.000000,0.000000,0.000000,0.000000,-0.049035,0.000000,0.049104
-0.000540,-0.010473,0.001123,0.000001,0.000066,0.000053,0.000000,0.000000,0.000000,0.000000,0.000000,-0.049030,0.000000,0.049092
-0.000540,-0.010479,0.001113,0.000001,0.000066,0.000053,0.000000,0.000000,0.000000,0.000000,0.000000,-0.049021,0.000000,0.049079
-0.000540,-0.010485,0.001105,0.000001,0.000066,0.000052,0.000000,0.000000,0.000000,0.000000,0.000000,-0.049014,0.000000,0.049068
-0.000541,-0.010490,0.001097,0.000001,0.000066,0.000052,0.000000,0.000000,0.000000,0.000000,0.000000,-0.049006,0.000000,0.049053
-0.000541,-0.010495,0.001089,0.000001,0.000066,0.000052,0.000000,0.000000,0.000000,0.000000,0.000000,-0.049001,0.000000,0.049039
-0.000541,-0.010502,0.001079,0.000000,0.000066,0.000051,0.000000,0.000000,0.000000,0.000000,0.000000,-0.048995,0.000000,0.049027
-0.000542,-0.010507,0.001071,0.000000,0.000066,0.000051,0.000000,0.000000,0.000000,0.000000,0.000000,-0.048988,0.000000,0.049014
-0.000542,-0.010512,0.001063,0.000000,0.000066,0.000051,0.000000,0.000000,0.000000,0.000000,0.000000,-0.048980,0.000000,0.048999
-0.000542,-0.010517,0.001056,0.000000,0.000066,0.000050,0.000000,0.000000,0.000000,0.000000,0.000000,-0.048976,0.000000,0.048985
-0.000543,-0.010524,0.001046,0.000000,0.000066,0.000050,0.000000,0.000000,0.000000,0.000000,0.000000,-0.048970,0.000000,0.048971
-0.000543,-0.010529,0.001038,0.000000,0.000066,0.000050,0.000000,0.000000,0.000000,0.000000,0.000000,-0.048964,0.000000,0.048958
-0.000543,-0.010535,0.001031,0.000000,0.000066,0.000049,0.000000,0.000000,0.000000,0.000000,0.000000,-0.048957,0.000000,0.048942
-0.000544,-0.010540,0.001023,0.000000,0.000066,0.000049,0.000000,0.000000,0.000000,0.000000,0.000000,-0.048953,0.000000,0.048928
-0.000544,-0.010545,0.001016,0.000000,0.000066,0.000049,0.000000,0.000000,0.000000,0.000000,0.000000,-0.048949,0.000000,0.048914
-0.000544,-0.010552,0.001006,0.000000,0.000066,0.000048,0.000000,0.000000,0.000000,0.000000,0.000000,-0.048942,0.000000,0.048900
-0.000545,-0.010557,0.000999,0.000000,0.000066,0.000048,0.000000,0.000000,0.000000,0.000000,0.000000,-0.048938,0.000000,0.048886
-0.000545,-0.010562,0.000991,0.000000,0.000066,0.000048,0.000000,0.000000,0.000000,0.000000,0.000000,-0.048933,0.000000,0.048869
-0.000545,-0.010568,0.000984,0.000000,0.000066,0.000047,0.000000,0.000000,0.000000,0.000000,0.000000,-0.048929,0.000000,0.048854
-0.000545,-0.010574,0.000975,0.000000,0.000066,0.000047,0.000000,0.000000,0.000000,0.000000,0.000000,-0.048924,0.000000,0.048840
-0.000546,-0.010579,0.000968,0.000000,0.000066,0.000047,0.000000,0.000000,0.000000,0.000000,0.000000,-0.048919,0.000000,0.048826
-0.000546,-0.010585,0.000960,0.000000,0.000066,0.000046,0.000000,0.000000,0.000000,0.000000,0.000000,-0.048914,0.000000,0.048808
-0.000546,-0.010590,0.000954,0.000000,0.000066,0.000046,0.000000,0.000000,0.000000,0.000000,0.000000,-0.048912,0.000000,0.048793
-0.000547,-0.010596,0.000945,0.000000,0.000066,0.000046,0.000000,0.000000,0.000000,0.000000,0.000000,-0.048907,0.000000,0.048778
-0.000547,-0.010602,0.000938,0.000000,0.000066,0.000045,0.000000,0.000000,0.000000,0.000000,0.000000,-0.048902,0.000000,0.048764
-0.000547,-0.010607,0.000931,0.000000,0.000066,0.000045,0.000000,0.000000,0.000000,0.000000,0.000000,-0.048899,0.000000,0.048746
-0.000547,-0.010613,0.000923,0.000000,0.000066,0.000045,0.000000,0.000000,0.000000,0.000000,0.000000,-0.048896,0.000000,0.048730
-0.000548,-0.010618,0.000917,0.000000,0.000066,0.000045,0.000000,0.000000,0.000000,0.000000,0.000000,-0.048892,0.000000,0.048715
-0.000548,-0.010624,0.000908,0.000000,0.000066,0.000044,0.000000,0.000000,0.000000,0.000000,0.000000,-0.048888,0.000000,0.048699
-0.000548,-0.010630,0.000901,0.000000,0.000066,0.000044,0.000000,0.000000,0.000000,0.000000,0.000000,-0.048885,0.000000,0.048684
-0.000548,-0.010635,0.000895,0.000000,0.000066,0.000044,0.000000,0.000000,0.000000,0.000000,0.000000,-0.048882,0.000000,0.048666
-0.000549,-0.010640,0.000888,0.000000,0.000066,0.000043,0.000000,0.000000,0.000000,0.000000,0.000000,-0.048879,0.000000,0.048649
-0.000549,-0.010647,0.000880,0.000000,0.000066,0.000043,0.000000,0.000000,0.000000,0.000000,0.000000,-0.048876,0.000000,0.048635
-0.000549,-0.010652,0.000873,0.000000,0.000066,0.000043,0.000000,0.000000,0.000000,0.000000,0.000000,-0.048872,0.000000,0.048618
-0.000550,-0.010657,0.000866,0.000000,0.000066,0.000043,0.000000,0.000000,0.000000,0.000000,0.000000,-0.048870,0.000000,0.048599
-0.000550,-0.010663,0.000860,0.000000,0.000066,0.000042,0.000000,0.000000,0.000000,0.000000,0.000000,-0.048869,0.000000,0.048584
-0.000550,-0.010668,0.000853,0.000000,0.000066,0.000042,0.000000,0.000000,0.000000,0.000000,0.000000,-0.048865,0.000000,0.048567
-0.000550,-0.010675,0.000845,0.000000,0.000066,0.000042,0.000000,0.000000,0.000000,0.000000,0.000000,-0.048862,0.000000,0.048552
-0.000551,-0.010680,0.000839,0.000000,0.000066,0.000041,0.000000,0.000000,0.000000,0.000000,0.000000,-0.048861,0.000000,0.048534
-0.000551,-0.010685,0.000832,0.000000,0.000066,0.000041,0.000000,0.000000,0.000000,0.000000,0.000000,-0.048859,0.000000,0.048515
-0.000551,-0.010690,0.000826,0.000000,0.000066,0.000041,0.000000,0.000000,0.000000,0.000000,0.000000,-0.048857,0.000000,0.048499
-0.000551,-0.010697,0.000819,0.000000,0.000066,0.000041,0.000000,0.000000,0.000000,0.000000,0.000000,-0.048854,0.000000,0.048483
-0.000552,-0.010702,0.000812,0.000000,0.000066,0.000040,0.000000,0.000000,0.000000,0.000000,0.000000,-0.048852,0.000000,0.048466
-0.000552,-0.010707,0.000806,0.000000,0.000066,0.000040,0.000000,0.000000,0.000000,0.000000,0.000000,-0.048851,0.000000,0.048447
-0.000552,-0.010713,0.000800,0.000000,0.000066,0.000040,0.000000,0.000000,0.000000,0.000000,0.000000,-0.048850,0.000000,0.048429
-0.000552,-0.010719,0.000792,0.000000,0.000066,0.000040,0.000000,0.000000,0.000000,0.000000,0.000000,-0.048847,0.000000,0.048413
-0.000553,-0.010724,0.000786,0.000000,0.000066,0.000039,0.000000,0.000000,0.000000,0.000000,0.000000,-0.048845,0.000000,0.048396
-0.000553,-0.010730,0.000780,0.000000,0.000066,0.000039,0.000000,0.000000,0.000000,0.000000,0.000000,-0.048845,0.000000,0.048376
-0.000553,-0.010735,0.000774,0.000000,0.000066,0.000039,0.000000,0.000000,0.000000,0.000000,0.000000,-0.048845,0.000000,0.048359
-0.000553,-0.010740,0.000768,0.000000,0.000066,0.000038,0.000000,0.000000,0.000000,0.000000,0.000000,-0.048842,0.000000,0.048343
-0.000554,-0.010747,0.000761,0.000000,0.000065,0.000038,0.000000,0.000000,0.000000,0.000000,0.000000,-0.048840,0.000000,0.048325
-0.000554,-0.010752,0.000755,0.000000,0.000065,0.000039,0.000000,0.000000,0.000000,0.000000,0.000000,-0.048841,0.000000,0.048307
-0.000554,-0.010757,0.000748,0.000000,0.000064,0.000040,0.000000,0.000000,0.000000,0.000000,0.000000,-0.048836,0.000000,0.048291
-0.000554,-0.010762,0.000742,0.000000,0.000063,0.000041,0.000000,0.000000,0.000000,0.000000,0.000000,-0.048816,0.000000,0.048290
-0.000555,-0.010768,0.000734,0.000000,0.000062,0.000042,0.000000,0.000000,0.000000,0.000000,0.000000,-0.048789,0.000000,0.048295
-0.000555,-0.010773,0.000727,0.000000,0.000060,0.000044,0.000000,0.000000,0.000000,0.000000,0.000000,-0.048765,0.000000,0.048304
-0.000555,-0.010778,0.000720,0.000000,0.000058,0.000046,0.000000,0.000000,0.000000,0.000000,0.000000,-0.048733,0.000000,0.048320
-0.000555,-0.010782,0.000713,0.000000,0.000057,0.000048,0.000000,0.000000,0.000000,0.000000,0.000000,-0.048691,0.000000,0.048347
-0.000556,-0.010788,0.000703,0.000000,0.000055,0.000050,0.000000,0.000000,0.000000,0.000000,0.000000,-0.048652,0.000000,0.048374
-0.000556,-0.010792,0.000696,0.000000,0.000054,0.000051,0.000000,0.000000,0.000000,0.000000,0.000000,-0.048620,0.000000,0.048400
-0.000556,-0.010796,0.000687,0.000000,0.000053,0.000052,0.000000,0.000000,0.000000,0.000000,0.000000,-0.048582,0.000000,0.048425
-0.000557,-0.010800,0.000679,0.000000,0.000052,0.000053,0.000000,0.000000,0.000000,0.000000,0.000000,-0.048553,0.000000,0.048447
-0.000557,-0.010805,0.000670,0.000000,0.000052,0.000054,0.000000,0.000000,0.000000,0.000000,0.000000,-0.048533,0.000000,0.048460
-0.000557,-0.010810,0.000660,0.000000,0.000051,0.000054,0.000000,0.000000,0.000000,0.000000,0.000000,-0.048513,0.000000,0.048473
-0.000558,-0.010814,0.000652,0.000000,0.000050,0.000055,0.000000,0.000000,0.000000,0.000000,0.000000,-0.048486,0.000000,0.048486
-0.000558,-0.010818,0.000643,0.000000,0.000050,0.000055,0.000000,0.000000,0.000000,0.000000,0.000000,-0.048458,0.000000,0.048498
-0.000558,-0.010822,0.000635,0.000000,0.000050,0.000055,0.000000,0.000000,0.000000,0.000000,0.000000,-0.048441,0.000000,0.048505
-0.000559,-0.010826,0.000624,0.000000,0.000049,0.000055,0.000000,0.000000,0.000000,0.000000,0.000000,-0.048428,0.000000,0.048509
-0.000559,-0.010831,0.000615,0.000000,0.000049,0.000055,0.000000,0.000000,0.000000,0.000000,0.000000,-0.048409,0.000000,0.048514
-0.000559,-0.010834,0.000607,0.000000,0.000049,0.000055,0.000000,0.000000,0.000000,0.000000,0.000000,-0.048385,0.000000,0.048520
-0.000560,-0.010838,0.000598,0.000000,0.000049,0.000055,0.000000,0.000000,0.000000,0.000000,0.000000,-0.048369,0.000000,0.048523
-0.000560,-0.010842,0.000590,0.000000,0.000049,0.000055,0.000000,0.000000,0.000000,0.000000,0.000000,-0.048360,0.000000,0.048522
-0.000560,-0.010847,0.000579,0.000000,0.000049,0.000055,0.000000,0.000000,0.000000,0.000000,0.000000,-0.048344,0.000000,0.048522
-0.000561,-0.010851,0.000570,0.000000,0.000049,0.000055,0.000000,0.000000,0.000000,0.000000,0.000000,-0.048328,0.000000,0.048524
-0.000561,-0.010855,0.000562,0.000000,0.000049,0.000054,0.000000,0.000000,0.000000,0.000000,0.000000,-0.048310,0.000000,0.048524
-0.000561,-0.010859,0.000554,0.000000,0.000050,0.000053,0.000000,0.000000,0.000000,0.000000,0.000000,-0.048303,0.000000,0.048518
-0.000562,-0.010864,0.000544,0.000000,0.000051,0.000051,0.000000,0.000000,0.000000,0.000000,0.000000,-0.048310,0.000000,0.048501
-0.000562,-0.010868,0.000537,0.000000,0.000052,0.000049,0.000000,0.000000,0.000000,0.000000,0.000000,-0.048320,0.000000,0.048478
-0.000562,-0.010872,0.000529,0.000000,0.000054,0.000047,0.000000,0.000000,0.000000,0.000000,0.000000,-0.048332,0.000000,0.048445
-0.000563,-0.010877,0.000522,0.000000,0.000055,0.000044,0.000000,0.000000,0.000000,0.000000,0.000000,-0.048355,0.000000,0.048405
-0.000563,-0.010882,0.000515,0.000000,0.000056,0.000042,0.000000,0.000000,0.000000,0.000000,0.000000,-0.048377,0.000000,0.048363
-0.000563,-0.010887,0.000508,0.000000,0.000058,0.000041,0.000000,0.000000,0.000000,0.000000,0.000000,-0.048398,0.000000,0.048320
-0.000563,-0.010892,0.000502,0.000000,0.000058,0.000040,0.000000,0.000000,0.000000,0.000000,0.000000,-0.048414,0.000000,0.048277
-0.000564,-0.010896,0.000496,0.000000,0.000058,0.000039,0.000000,0.000000,0.000000,0.000000,0.000000,-0.048425,0.000000,0.048240
-0.000564,-0.010901,0.000490,0.000000,0.000058,0.000040,0.000000,0.000000,0.000000,0.000000,0.000000,-0.048418,0.000000,0.048222
-0.000564,-0.010906,0.000482,0.000000,0.000057,0.000040,0.000000,0.000000,0.000000,0.000000,0.000000,-0.048401,0.000000,0.048212
-0.000564,-0.010911,0.000475,0.000000,0.000056,0.000041,0.000000,0.000000,0.000000,0.000000,0.000000,-0.048387,0.000000,0.048208
-0.000565,-0.010915,0.000469,0.000000,0.000055,0.000043,0.000000,0.000000,0.000000,0.000000,0.000000,-0.048367,0.000000,0.048210
-0.000565,-0.010920,0.000462,0.000000,0.000053,0.000044,0.000000,0.000000,0.000000,0.000000,0.000000,-0.048334,0.000000,0.048225
-0.000565,-0.010925,0.000453,0.000000,0.000052,0.000046,0.000000,0.000000,0.000000,0.000000,0.000000,-0.048301,0.000000,0.048244
-0.000565,-0.010929,0.000446,0.000000,0.000050,0.000047,0.000000,0.000000,0.000000,0.000000,0.000000,-0.048269,0.000000,0.048266
-0.000566,-0.010933,0.000438,0.000000,0.000050,0.000049,0.000000,0.000000,0.000000,0.000000,0.000000,-0.048227,0.000000,0.048294
-0.000566,-0.010937,0.000431,0.000000,0.000049,0.000050,0.000000,0.000000,0.000000,0.000000,0.000000,-0.048197,0.000000,0.048318
-0.000566,-0.010941,0.000421,0.000000,0.000048,0.000050,0.000000,0.000000,0.000000,0.000000,0.000000,-0.048178,0.000000,0.048330
-0.000567,-0.010945,0.000413,0.000000,0.000047,0.000051,0.000000,0.000000,0.000000,0.000000,0.000000,-0.048160,0.000000,0.048343
-0.000567,-0.010949,0.000405,0.000000,0.000047,0.000051,0.000000,0.000000,0.000000,0.000000,0.000000,-0.048129,0.000000,0.048359
-0.000567,-0.010953,0.000397,0.000000,0.000048,0.000050,0.000000,0.000000,0.000000,0.000000,0.000000,-0.048108,0.000000,0.048368
-0.000567,-0.010957,0.000390,0.000000,0.000048,0.000049,0.000000,0.000000,0.000000,0.000000,0.000000,-0.048113,0.000000,0.048359
-0.000568,-0.010962,0.000381,0.000000,0.000049,0.000047,0.000000,0.000000,0.000000,0.000000,0.000000,-0.048122,0.000000,0.048342
-0.000568,-0.010966,0.000374,0.000000,0.000050,0.000045,0.000000,0.000000,0.000000,0.000000,0.000000,-0.048125,0.000000,0.048324
-0.000568,-0.010970,0.000367,0.000000,0.000051,0.000044,0.000000,0.000000,0.000000,0.000000,0.000000,-0.048135,0.000000,0.048294
-0.000569,-0.010974,0.000360,0.000000,0.000052,0.000043,0.000000,0.000000,0.000000,0.000000,0.000000,-0.048158,0.000000,0.048256
-0.000569,-0.010979,0.000352,0.000000,0.000053,0.000041,0.000000,0.000000,0.000000,0.000000,0.000000,-0.048168,0.000000,0.048227
-0.000569,-0.010983,0.000346,0.000000,0.000054,0.000040,0.000000,0.000000,0.000000,0.000000,0.000000,-0.048164,0.000000,0.048204
-0.000569,-0.010988,0.000340,0.000000,0.000054,0.000039,0.000000,0.000000,0.000000,0.000000,0.000000,-0.048169,0.000000,0.048176
-0.000570,-0.010992,0.000334,0.000000,0.000055,0.000039,0.000000,0.000000,0.000000,0.000000,0.000000,-0.048182,0.000000,0.048148
-0.000570,-0.010998,0.000327,0.000000,0.000055,0.000038,0.000000,0.000000,0.000000,0.000000,0.000000,-0.048185,0.000000,0.048127
-0.000570,-0.011002,0.000321,0.000000,0.000055,0.000037,0.000000,0.000000,0.000000,0.000000,0.000000,-0.048181,0.000000,0.048108
-0.000570,-0.011006,0.000315,0.000000,0.000055,0.000036,0.000000,0.000000,0.000000,0.000000,0.000000,-0.048185,0.000000,0.048085
-0.000570,-0.011011,0.000310,0.000000,0.000056,0.000036,0.000000,0.000000,0.000000,0.000000,0.000000,-0.048193,0.000000,0.048061
-0.000571,-0.011015,0.000304,0.000000,0.000056,0.000035,0.000000,0.000000,0.000000,0.000000,0.000000,-0.048193,0.000000,0.048044
-0.000571,-0.011021,0.000298,0.000000,0.000056,0.000035,0.000000,0.000000,0.000000,0.000000,0.000000,-0.048189,0.000000,0.048026
-0.000571,-0.011026,0.000292,0.000000,0.000056,0.000035,0.000000,0.000000,0.000000,0.000000,0.000000,-0.048192,0.000000,0.048009
-0.000571,-0.011030,0.000287,0.000000,0.000056,0.000034,0.000000,0.000000,0.000000,0.000000,0.000000,-0.048196,0.000000,0.047987
-0.000572,-0.011035,0.000281,0.000000,0.000056,0.000034,0.000000,0.000000,0.000000,0.000000,0.000000,-0.048197,0.000000,0.047969
-0.000572,-0.011040,0.000275,0.000000,0.000056,0.000033,0.000000,0.000000,0.000000,0.000000,0.000000,-0.048195,0.000000,0.047954
-0.000572,-0.011045,0.000270,0.000000,0.000056,0.000033,0.000000,0.000000,0.000000,0.000000,0.000000,-0.048194,0.000000,0.047937
-0.000572,-0.011049,0.000265,0.000000,0.000056,0.000033,0.000000,0.000000,0.000000,0.000000,0.000000,-0.048198,0.000000,0.047916
-0.000572,-0.011054,0.000260,0.000000,0.000056,0.000033,0.000000,0.000000,0.000000,0.000000,0.000000,-0.048199,0.000000,0.047899
-0.000573,-0.011059,0.000254,0.000000,0.000056,0.000032,0.000000,0.000000,0.000000,0.000000,0.000000,-0.048196,0.000000,0.047884
-0.000573,-0.011064,0.000249,0.000000,0.000056,0.000032,0.000000,0.000000,0.000000,0.000000,0.000000,-0.048196,0.000000,0.047868
-0.000573,-0.011068,0.000244,0.000000,0.000056,0.000032,0.000000,0.000000,0.000000,0.000000,0.000000,-0.048199,0.000000,0.047848
-0.000573,-0.011073,0.000239,0.000000,0.000056,0.000031,0.000000,0.000000,0.000000,0.000000,0.000000,-0.048200,0.000000,0.047831
-0.000573,-0.011077,0.000234,0.000000,0.000056,0.000031,0.000000,0.000000,0.000000,0.000000,0.000000,-0.048198,0.000000,0.047817
-0.000574,-0.011083,0.000228,0.000000,0.000056,0.000031,0.000000,0.000000,0.000000,0.000000,0.000000,-0.048197,0.000000,0.047801
-0.000574,-0.011088,0.000223,0.000000,0.000056,0.000031,0.000000,0.000000,0.000000,0.000000,0.000000,-0.048199,0.000000,0.047784
-0.000574,-0.011092,0.000219,0.000000,0.000056,0.000031,0.000000,0.000000,0.000000,0.000000,0.000000,-0.048201,0.000000,0.047765
-0.000574,-0.011097,0.000214,0.000000,0.000056,0.000030,0.000000,0.000000,0.000000,0.000000,0.000000,-0.048201,0.000000,0.047749
-0.000574,-0.011102,0.000208,0.000000,0.000056,0.000030,0.000000,0.000000,0.000000,0.000000,0.000000,-0.048199,0.000000,0.047734
-0.000575,-0.011107,0.000204,0.000000,0.000056,0.000030,0.000000,0.000000,0.000000,0.000000,0.000000,-0.048200,0.000000,0.047717
-0.000575,-0.011111,0.000199,0.000000,0.000056,0.000030,0.000000,0.000000,0.000000,0.000000,0.000000,-0.048203,0.000000,0.047698
-0.000575,-0.011116,0.000194,0.000000,0.000056,0.000030,0.000000,0.000000,0.000000,0.000000,0.000000,-0.048203,0.000000,0.047683
-0.000575,-0.011120,0.000190,0.000000,0.000056,0.000029,0.000000,0.000000,0.000000,0.000000,0.000000,-0.048202,0.000000,0.047667
-0.000575,-0.011126,0.000184,0.000000,0.000056,0.000029,0.000000,0.000000,0.000000,0.000000,0.000000,-0.048203,0.000000,0.047651
-0.000575,-0.011130,0.000180,0.000000,0.000056,0.000029,0.000000,0.000000,0.000000,0.000000,0.000000,-0.048205,0.000000,0.047634
-0.000576,-0.011135,0.000175,0.000000,0.000056,0.000029,0.000000,0.000000,0.000000,0.000000,0.000000,-0.048207,0.000000,0.047615
-0.000576,-0.011139,0.000171,0.000000,0.000056,0.000029,0.000000,0.000000,0.000000,0.000000,0.000000,-0.048206,0.000000,0.047600
-0.000576,-0.011145,0.000166,0.000000,0.000056,0.000028,0.000000,0.000000,0.000000,0.000000,0.000000,-0.048206,0.000000,0.047584
-0.000576,-0.011149,0.000161,0.000000,0.000056,0.000028,0.000000,0.000000,0.000000,0.000000,0.000000,-0.048208,0.000000,0.047567
-0.000576,-0.011154,0.000157,0.000000,0.000056,0.000028,0.000000,0.000000,0.000000,0.000000,0.000000,-0.048211,0.000000,0.047548
-0.000576,-0.011158,0.000152,0.000000,0.000056,0.000028,0.000000,0.000000,0.000000,0.000000,0.000000,-0.048212,0.000000,0.047531
-0.000577,-0.011164,0.000147,0.000000,0.000056,0.000028,0.000000,0.000000,0.000000,0.000000,0.000000,-0.048211,0.000000,0.047516
-0.000577,-0.011168,0.000143,0.000000,0.000056,0.000027,0.000000,0.000000,0.000000,0.000000,0.000000,-0.048212,0.000000,0.047499
-0.000577,-0.011173,0.000139,0.000000,0.000056,0.000027,0.000000,0.000000,0.000000,0.000000,0.000000,-0.048216,0.000000,0.047479
-0.000577,-0.011177,0.000135,0.000000,0.000056,0.000027,0.000000,0.000000,0.000000,0.000000,0.000000,-0.048217,0.000000,0.047463
-0.000577,-0.011182,0.000130,0.000000,0.000056,0.000027,0.000000,0.000000,0.000000,0.000000,0.000000,-0.048216,0.000000,0.047447
-0.000578,-0.011187,0.000125,0.000000,0.000055,0.000027,0.000000,0.000000,0.000000,0.000000,0.000000,-0.048217,0.000000,0.047432
-0.000578,-0.011191,0.000121,0.000000,0.000055,0.000027,0.000000,0.000000,0.000000,0.000000,0.000000,-0.048220,0.000000,0.047414
-0.000578,-0.011196,0.000117,0.000000,0.000055,0.000026,0.000000,0.000000,0.000000,0.000000,0.000000,-0.048223,0.000000,0.047394
-0.000578,-0.011200,0.000113,0.000000,0.000055,0.000026,0.000000,0.000000,0.000000,0.000000,0.000000,-0.048224,0.000000,0.047379
-0.000578,-0.011206,0.000108,0.000000,0.000055,0.000026,0.000000,0.000000,0.000000,0.000000,0.000000,-0.048223,0.000000,0.047362
-0.000578,-0.011210,0.000104,0.000000,0.000055,0.000026,0.000000,0.000000,0.000000,0.000000,0.000000,-0.048226,0.000000,0.047347
-0.000579,-0.011215,0.000100,0.000000,0.000055,0.000026,0.000000,0.000000,0.000000,0.000000,0.000000,-0.048230,0.000000,0.047326
-0.000579,-0.011219,0.000096,0.000000,0.000055,0.000026,0.000000,0.000000,0.000000,0.000000,0.000000,-0.048232,0.000000,0.047309
-0.000579,-0.011224,0.000092,0.000000,0.000055,0.000025,0.000000,0.000000,0.000000,0.000000,0.000000,-0.048231,0.000000,0.047294
-0.000579,-0.011229,0.000087,0.000000,0.000055,0.000025,0.000000,0.000000,0.000000,0.000000,0.000000,-0.048233,0.000000,0.047276
-0.000579,-0.011234,0.000083,0.000000,0.000055,0.000025,0.000000,0.000000,0.000000,0.000000,0.000000,-0.048236,0.000000,0.047260
-0.000579,-0.011238,0.000079,0.000000,0.000055,0.000025,0.000000,0.000000,0.000000,0.000000,0.000000,-0.048240,0.000000,0.047240
-0.000579,-0.011242,0.000075,0.000000,0.000055,0.000025,0.000000,0.000000,0.000000,0.000000,0.000000,-0.048241,0.000000,0.047223
-0.000580,-0.011248,0.000071,0.000000,0.000055,0.000025,0.000000,0.000000,0.000000,0.000000,0.000000,-0.048241,0.000000,0.047207
-0.000580,-0.011252,0.000067,0.000000,0.000054,0.000025,0.000000,0.000000,0.000000,0.000000,0.000000,-0.048244,0.000000,0.047190
-0.000580,-0.011256,0.000063,0.000000,0.000053,0.000026,0.000000,0.000000,0.000000,0.000000,0.000000,-0.048244,0.000000,0.047173
-0.000580,-0.011260,0.000059,0.000000,0.000052,0.000027,0.000000,0.000000,0.000000,0.000000,0.000000,-0.048228,0.000000,0.047172
-0.000580,-0.011265,0.000053,0.000000,0.000051,0.000029,0.000000,0.000000,0.000000,0.000000,0.000000,-0.048203,0.000000,0.047178
-0.000581,-0.011270,0.000048,0.000000,0.000049,0.000031,0.000000,0.000000,0.000000,0.000000,0.000000,-0.048181,0.000000,0.047189
-0.000581,-0.011273,0.000043,0.000000,0.000048,0.000033,0.000000,0.000000,0.000000,0.000000,0.000000,-0.048155,0.000000,0.047203
-0.000581,-0.011277,0.000037,0.000000,0.000046,0.000035,0.000000,0.000000,0.000000,0.000000,0.000000,-0.048116,0.000000,0.047231
-0.000581,-0.011281,0.000032,0.000000,0.000045,0.000037,0.000000,0.000000,0.000000,0.000000,0.000000,-0.048079,0.000000,0.047258
-0.000581,-0.011285,0.000025,0.000000,0.000043,0.000038,0.000000,0.000000,0.000000,0.000000,0.000000,-0.048049,0.000000,0.047284
-0.000582,-0.011288,0.000018,0.000000,0.000042,0.000039,0.000000,0.000000,0.000000,0.000000,0.000000,-0.048024,0.000000,0.047307
-0.000582,-0.011291,0.000012,0.000000,0.000041,0.000040,0.000000,0.000000,0.000000,0.000000,0.000000,-0.047994,0.000000,0.047328
-0.000582,-0.011295,0.000006,0.000000,0.000041,0.000041,0.000000,0.000000,0.000000,0.000000,0.000000,-0.047967,0.000000,0.047349
-0.000582,-0.011299,-0.000002,0.000000,0.000040,0.000042,0.000000,0.000000,0.000000,0.000000,0.000000,-0.047951,0.000000,0.047361
-0.000583,-0.011302,-0.000009,0.000000,0.000039,0.000042,0.000000,0.000000,0.000000,0.000000,0.000000,-0.047935,0.000000,0.047371
-0.000583,-0.011305,-0.000015,0.000000,0.000039,0.000043,0.000000,0.000000,0.000000,0.000000,0.000000,-0.047909,0.000000,0.047385
-0.000583,-0.011308,-0.000022,0.000000,0.000039,0.000043,0.000000,0.000000,0.000000,0.000000,0.000000,-0.047890,0.000000,0.047395
-0.000583,-0.011312,-0.000030,0.000000,0.000038,0.000043,0.000000,0.000000,0.000000,0.000000,0.000000,-0.047880,0.000000,0.047399
-0.000584,-0.011315,-0.000037,0.000000,0.000038,0.000043,0.000000,0.000000,0.000000,0.000000,0.000000,-0.047867,0.000000,0.047404
-0.000584,-0.011318,-0.000044,0.000000,0.000038,0.000043,0.000000,0.000000,0.000000,0.000000,0.000000,-0.047846,0.000000,0.047411
-0.000584,-0.011321,-0.000051,0.000000,0.000038,0.000043,0.000000,0.000000,0.000000,0.000000,0.000000,-0.047830,0.000000,0.047416
-0.000584,-0.011324,-0.000057,0.000000,0.000038,0.000043,0.000000,0.000000,0.000000,0.000000,0.000000,-0.047823,0.000000,0.047416
-0.000585,-0.011328,-0.000065,0.000000,0.000038,0.000043,0.000000,0.000000,0.000000,0.000000,0.000000,-0.047812,0.000000,0.047417
-0.000585,-0.011331,-0.000072,0.000000,0.000037,0.000043,0.000000,0.000000,0.000000,0.000000,0.000000,-0.047797,0.000000,0.047420
-0.000585,-0.011334,-0.000079,0.000000,0.000037,0.000043,0.000000,0.000000,0.000000,0.000000,0.000000,-0.047781,0.000000,0.047421
-0.000586,-0.011337,-0.000086,0.000000,0.000037,0.000043,0.000000,0.000000,0.000000,0.000000,0.000000,-0.047772,0.000000,0.047420
-0.000586,-0.011340,-0.000094,0.000000,0.000037,0.000043,0.000000,0.000000,0.000000,0.000000,0.000000,-0.047765,0.000000,0.047418
-0.000586,-0.011343,-0.000100,0.000000,0.000037,0.000042,0.000000,0.000000,0.000000,0.000000,0.000000,-0.047753,0.000000,0.047418
-0.000586,-0.011346,-0.000107,0.000000,0.000037,0.000042,0.000000,0.000000,0.000000,0.000000,0.000000,-0.047737,0.000000,0.047419
-0.000587,-0.011349,-0.000113,0.000000,0.000037,0.000042,0.000000,0.000000,0.000000,0.000000,0.000000,-0.047730,0.000000,0.047416
-0.000587,-0.011353,-0.000121,0.000000,0.000037,0.000042,0.000000,0.000000,0.000000,0.000000,0.000000,-0.047723,0.000000,0.047413
-0.000587,-0.011356,-0.000128,0.000000,0.000037,0.000042,0.000000,0.000000,0.000000,0.000000,0.000000,-0.047713,0.000000,0.047411
-0.000587,-0.011359,-0.000134,0.000000,0.000037,0.000041,0.000000,0.000000,0.000000,0.000000,0.000000,-0.047699,0.000000,0.047410
-0.000588,-0.011362,-0.000141,0.000000,0.000037,0.000041,0.000000,0.000000,0.000000,0.000000,0.000000,-0.047691,0.000000,0.047407
-0.000588,-0.011365,-0.000147,0.000000,0.000038,0.000041,0.000000,0.000000,0.000000,0.000000,0.000000,-0.047686,0.000000,0.047402
-0.000588,-0.011369,-0.000154,0.000000,0.000038,0.000041,0.000000,0.000000,0.000000,0.000000,0.000000,-0.047677,0.000000,0.047399
-0.000588,-0.011372,-0.000161,0.000000,0.000038,0.000040,0.000000,0.000000,0.000000,0.000000,0.000000,-0.047666,0.000000,0.047397
-0.000589,-0.011375,-0.000167,0.000000,0.000038,0.000040,0.000000,0.000000,0.000000,0.000000,0.000000,-0.047656,0.000000,0.047394
-0.000589,-0.011378,-0.000173,0.000000,0.000038,0.000040,0.000000,0.000000,0.000000,0.000000,0.000000,-0.047649,0.000000,0.047389
-0.000589,-0.011382,-0.000181,0.000000,0.000038,0.000039,0.000000,0.000000,0.000000,0.000000,0.000000,-0.047644,0.000000,0.047385
-0.000589,-0.011384,-0.000187,0.000000,0.000038,0.000039,0.000000,0.000000,0.000000,0.000000,0.000000,-0.047634,0.000000,0.047381
-0.000590,-0.011388,-0.000193,0.000000,0.000038,0.000039,0.000000,0.000000,0.000000,0.000000,0.000000,-0.047623,0.000000,0.047378
-0.000590,-0.011391,-0.000199,0.000000,0.000038,0.000039,0.000000,0.000000,0.000000,0.000000,0.000000,-0.047618,0.000000,0.047372
-0.000590,-0.011394,-0.000206,0.000000,0.000038,0.000038,0.000000,0.000000,0.000000,0.000000,0.000000,-0.047613,0.000000,0.047367
-0.000590,-0.011397,-0.000212,0.000000,0.000038,0.000038,0.000000,0.000000,0.000000,0.000000,0.000000,-0.047604,0.000000,0.047363
-0.000590,-0.011400,-0.000218,0.000000,0.000038,0.000038,0.000000,0.000000,0.000000,0.000000,0.000000,-0.047593,0.000000,0.047359
-0.000591,-0.011404,-0.000224,0.000000,0.000038,0.000038,0.000000,0.000000,0.000000,0.000000,0.000000,-0.047588,0.000000,0.047353
-0.000591,-0.011407,-0.000230,0.000000,0.000038,0.000037,0.000000,0.000000,0.000000,0.000000,0.000000,-0.047584,0.000000,0.047347
-0.000591,-0.011410,-0.000237,0.000000,0.000038,0.000037,0.000000,0.000000,0.000000,0.000000,0.000000,-0.047576,0.000000,0.047343
-0.000591,-0.011413,-0.000243,0.000000,0.000038,0.000037,0.000000,0.000000,0.000000,0.000000,0.000000,-0.047568,0.000000,0.047338
-0.000592,-0.011416,-0.000248,0.000000,0.000038,0.000037,0.000000,0.000000,0.000000,0.000000,0.000000,-0.047561,0.000000,0.047333
-0.000592,-0.011420,-0.000254,0.000000,0.000038,0.000036,0.000000,0.000000,0.000000,0.000000,0.000000,-0.047555,0.000000,0.047326
-0.000592,-0.011423,-0.000261,0.000000,0.000038,0.000036,0.000000,0.000000,0.000000,0.000000,0.000000,-0.047550,0.000000,0.047321
-0.000592,-0.011426,-0.000266,0.000000,0.000038,0.000036,0.000000,0.000000,0.000000,0.000000,0.000000,-0.047543,0.000000,0.047315
-0.000593,-0.011430,-0.000272,0.000000,0.000038,0.000036,0.000000,0.000000,0.000000,0.000000,0.000000,-0.047535,0.000000,0.047309
-0.000593,-0.011432,-0.000277,0.000000,0.000038,0.000035,0.000000,0.000000,0.000000,0.000000,0.000000,-0.047530,0.000000,0.047303
-0.000593,-0.011436,-0.000283,0.000000,0.000038,0.000035,0.000000,0.000000,0.000000,0.000000,0.000000,-0.047526,0.000000,0.047296
-0.000593,-0.011439,-0.000290,0.000000,0.000039,0.000035,0.000000,0.000000,0.000000,0.000000,0.000000,-0.047520,0.000000,0.047291
-0.000593,-0.011442,-0.000295,0.000000,0.000039,0.000035,0.000000,0.000000,0.000000,0.000000,0.000000,-0.047513,0.000000,0.047285
-0.000594,-0.011446,-0.000300,0.000000,0.000039,0.000034,0.000000,0.000000,0.000000,0.000000,0.000000,-0.047506,0.000000,0.047278
-0.000594,-0.011449,-0.000306,0.000000,0.000039,0.000034,0.000000,0.000000,0.000000,0.000000,0.000000,-0.047503,0.000000,0.047271
-0.000594,-0.011452,-0.000312,0.000000,0.000039,0.000034,0.000000,0.000000,0.000000,0.000000,0.000000,-0.047498,0.000000,0.047265
-0.000594,-0.011456,-0.000317,0.000000,0.000039,0.000034,0.000000,0.000000,0.000000,0.000000,0.000000,-0.047492,0.000000,0.047259
-0.000594,-0.011459,-0.000322,0.000000,0.000039,0.000033,0.000000,0.000000,0.000000,0.000000,0.000000,-0.047485,0.000000,0.047252
-0.000595,-0.011462,-0.000328,0.000000,0.000039,0.000033,0.000000,0.000000,0.000000,0.000000,0.000000,-0.047481,0.000000,0.047244
-0.000595,-0.011466,-0.000334,0.000000,0.000039,0.000033,0.000000,0.000000,0.000000,0.000000,0.000000,-0.047477,0.000000,0.047237
-0.000595,-0.011469,-0.000339,0.000000,0.000039,0.000033,0.000000,0.000000,0.000000,0.000000,0.000000,-0.047472,0.000000,0.047231
-0.000595,-0.011472,-0.000344,0.000000,0.000039,0.000033,0.000000,0.000000,0.000000,0.000000,0.000000,-0.047465,0.000000,0.047223
-0.000595,-0.011475,-0.000349,0.000000,0.000039,0.000033,0.000000,0.000000,0.000000,0.000000,0.000000,-0.047462,0.000000,0.047216
-0.000596,-0.011478,-0.000355,0.000000,0.000038,0.000033,0.000000,0.000000,0.000000,0.000000,0.000000,-0.047458,0.000000,0.047208
-0.000596,-0.011482,-0.000361,0.000000,0.000037,0.000034,0.000000,0.000000,0.000000,0.000000,0.000000,-0.047449,0.000000,0.047205
-0.000596,-0.011485,-0.000366,0.000000,0.000036,0.000035,0.000000,0.000000,0.000000,0.000000,0.000000,-0.047428,0.000000,0.047212
-0.000596,-0.011488,-0.000372,0.000000,0.000035,0.000036,0.000000,0.000000,0.000000,0.000000,0.000000,-0.047396,0.000000,0.047228
-0.000596,-0.011490,-0.000378,0.000000,0.000034,0.000037,0.000000,0.000000,0.000000,0.000000,0.000000,-0.047364,0.000000,0.047250
-0.000597,-0.011494,-0.000385,0.000000,0.000034,0.000038,0.000000,0.000000,0.000000,0.000000,0.000000,-0.047339,0.000000,0.047270
-0.000597,-0.011496,-0.000391,0.000000,0.000033,0.000039,0.000000,0.000000,0.000000,0.000000,0.000000,-0.047320,0.000000,0.047286
-0.000597,-0.011499,-0.000397,0.000000,0.000032,0.000040,0.000000,0.000000,0.000000,0.000000,0.000000,-0.047294,0.000000,0.047304
-0.000597,-0.011501,-0.000404,0.000000,0.000032,0.000040,0.000000,0.000000,0.000000,0.000000,0.000000,-0.047271,0.000000,0.047321
-0.000598,-0.011505,-0.000411,0.000000,0.000031,0.000040,0.000000,0.000000,0.000000,0.000000,0.000000,-0.047256,0.000000,0.047330
-0.000598,-0.011507,-0.000417,0.000000,0.000031,0.000041,0.000000,0.000000,0.000000,0.000000,0.000000,-0.047242,0.000000,0.047339
-0.000598,-0.011510,-0.000424,0.000000,0.000031,0.000041,0.000000,0.000000,0.000000,0.000000,0.000000,-0.047219,0.000000,0.047351
-0.000598,-0.011512,-0.000430,0.000000,0.000031,0.000040,0.000000,0.000000,0.000000,0.000000,0.000000,-0.047202,0.000000,0.047360
-0.000599,-0.011515,-0.000436,0.000000,0.000032,0.000039,0.000000,0.000000,0.000000,0.000000,0.000000,-0.047197,0.000000,0.047360
-0.000599,-0.011518,-0.000443,0.000000,0.000033,0.000038,0.000000,0.000000,0.000000,0.000000,0.000000,-0.047202,0.000000,0.047351
-0.000599,-0.011520,-0.000449,0.000000,0.000034,0.000036,0.000000,0.000000,0.000000,0.000000,0.000000,-0.047209,0.000000,0.047336
-0.000599,-0.011523,-0.000454,0.000000,0.000035,0.000034,0.000000,0.000000,0.000000,0.000000,0.000000,-0.047221,0.000000,0.047311
-0.000600,-0.011526,-0.000459,0.000000,0.000037,0.000032,0.000000,0.000000,0.000000,0.000000,0.000000,-0.047243,0.000000,0.047278
-0.000600,-0.011530,-0.000465,0.000000,0.000038,0.000030,0.000000,0.000000,0.000000,0.000000,0.000000,-0.047265,0.000000,0.047241
-0.000600,-0.011533,-0.000469,0.000000,0.000039,0.000028,0.000000,0.000000,0.000000,0.000000,0.000000,-0.047284,0.000000,0.047205
-0.000600,-0.011536,-0.000474,0.000000,0.000039,0.000028,0.000000,0.000000,0.000000,0.000000,0.000000,-0.047300,0.000000,0.047169
-0.000600,-0.011540,-0.000478,0.000000,0.000039,0.000028,0.000000,0.000000,0.000000,0.000000,0.000000,-0.047311,0.000000,0.047139
-0.000600,-0.011543,-0.000483,0.000000,0.000039,0.000028,0.000000,0.000000,0.000000,0.000000,0.000000,-0.047304,0.000000,0.047126
-0.000601,-0.011546,-0.000488,0.000000,0.000038,0.000029,0.000000,0.000000,0.000000,0.000000,0.000000,-0.047287,0.000000,0.047122
-0.000601,-0.011549,-0.000493,0.000000,0.000037,0.000030,0.000000,0.000000,0.000000,0.000000,0.000000,-0.047270,0.000000,0.047124
-0.000601,-0.011552,-0.000497,0.000000,0.000036,0.000031,0.000000,0.000000,0.000000,0.000000,0.000000,-0.047250,0.000000,0.047134
-0.000601,-0.011555,-0.000503,0.000000,0.000035,0.000033,0.000000,0.000000,0.000000,0.000000,0.000000,-0.047222,0.000000,0.047151
-0.000601,-0.011558,-0.000509,0.000000,0.000033,0.000035,0.000000,0.000000,0.000000,0.000000,0.000000,-0.047191,0.000000,0.047174
-0.000602,-0.011561,-0.000515,0.000000,0.000032,0.000036,0.000000,0.000000,0.000000,0.000000,0.000000,-0.047156,0.000000,0.047202
-0.000602,-0.011563,-0.000521,0.000000,0.000031,0.000037,0.000000,0.000000,0.000000,0.000000,0.000000,-0.047114,0.000000,0.047236
-0.000602,-0.011566,-0.000526,0.000000,0.000031,0.000038,0.000000,0.000000,0.000000,0.000000,0.000000,-0.047085,0.000000,0.047263
-0.000602,-0.011569,-0.000533,0.000000,0.000031,0.000038,0.000000,0.000000,0.000000,0.000000,0.000000,-0.047074,0.000000,0.047277
-0.000603,-0.011571,-0.000539,0.000000,0.000031,0.000037,0.000000,0.000000,0.000000,0.000000,0.000000,-0.047070,0.000000,0.047281
-0.000603,-0.011574,-0.000545,0.000000,0.000032,0.000036,0.000000,0.000000,0.000000,0.000000,0.000000,-0.047064,0.000000,0.047279
-0.000603,-0.011577,-0.000550,0.000000,0.000033,0.000034,0.000000,0.000000,0.000000,0.000000,0.000000,-0.047070,0.000000,0.047266
-0.000603,-0.011579,-0.000555,0.000000,0.000034,0.000032,0.000000,0.000000,0.000000,0.000000,0.000000,-0.047086,0.000000,0.047244
-0.000603,-0.011583,-0.000561,0.000000,0.000035,0.000030,0.000000,0.000000,0.000000,0.000000,0.000000,-0.047102,0.000000,0.047217
-0.000604,-0.011586,-0.000566,0.000000,0.000037,0.000028,0.000000,0.000000,0.000000,0.000000,0.000000,-0.047120,0.000000,0.047185
-0.000604,-0.011589,-0.000570,0.000000,0.000038,0.000027,0.000000,0.000000,0.000000,0.000000,0.000000,-0.047143,0.000000,0.047145
-0.000604,-0.011592,-0.000574,0.000000,0.000038,0.000026,0.000000,0.000000,0.000000,0.000000,0.000000,-0.047164,0.000000,0.047109
-0.000604,-0.011596,-0.000578,0.000000,0.000039,0.000025,0.000000,0.000000,0.000000,0.000000,0.000000,-0.047170,0.000000,0.047083
-0.000604,-0.011599,-0.000582,0.000000,0.000040,0.000024,0.000000,0.000000,0.000000,0.000000,0.000000,-0.047175,0.000000,0.047058
-0.000604,-0.011602,-0.000586,0.000000,0.000040,0.000023,0.000000,0.000000,0.000000,0.000000,0.000000,-0.047191,0.000000,0.047027
-0.000604,-0.011605,-0.000589,0.000000,0.000041,0.000022,0.000000,0.000000,0.000000,0.000000,0.000000,-0.047205,0.000000,0.047000
-0.000605,-0.011609,-0.000593,0.000000,0.000041,0.000021,0.000000,0.000000,0.000000,0.000000,0.000000,-0.047207,0.000000,0.046981
-0.000605,-0.011613,-0.000596,0.000000,0.000041,0.000021,0.000000,0.000000,0.000000,0.000000,0.000000,-0.047210,0.000000,0.046962
-0.000605,-0.011616,-0.000599,0.000000,0.000042,0.000020,0.000000,0.000000,0.000000,0.000000,0.000000,-0.047222,0.000000,0.046937
-0.000605,-0.011620,-0.000602,0.000000,0.000042,0.000020,0.000000,0.000000,0.000000,0.000000,0.000000,-0.047232,0.000000,0.046915
-0.000605,-0.011623,-0.000605,0.000000,0.000041,0.000020,0.000000,0.000000,0.000000,0.000000,0.000000,-0.047232,0.000000,0.046899
-0.000605,-0.011627,-0.000609,0.000000,0.000041,0.000021,0.000000,0.000000,0.000000,0.000000,0.000000,-0.047230,0.000000,0.046886
-0.000605,-0.011630,-0.000613,0.000000,0.000040,0.000022,0.000000,0.000000,0.000000,0.000000,0.000000,-0.047222,0.000000,0.046881
-0.000606,-0.011633,-0.000616,0.000000,0.000039,0.000023,0.000000,0.000000,0.000000,0.000000,0.000000,-0.047204,0.000000,0.046883
-0.000606,-0.011636,-0.000620,0.000000,0.000038,0.000024,0.000000,0.000000,0.000000,0.000000,0.000000,-0.047177,0.000000,0.046897
-0.000606,-0.011640,-0.000625,0.000000,0.000037,0.000025,0.000000,0.000000,0.000000,0.000000,0.000000,-0.047156,0.000000,0.046911
-0.000606,-0.011643,-0.000629,0.000000,0.000036,0.000026,0.000000,0.000000,0.000000,0.000000,0.000000,-0.047146,0.000000,0.046918
-0.000606,-0.011646,-0.000633,0.000000,0.000036,0.000026,0.000000,0.000000,0.000000,0.000000,0.000000,-0.047133,0.000000,0.046925
-0.000606,-0.011649,-0.000637,0.000000,0.000035,0.000027,0.000000,0.000000,0.000000,0.000000,0.000000,-0.047116,0.000000,0.046934
-0.000607,-0.011652,-0.000642,0.000000,0.000035,0.000027,0.000000,0.000000,0.000000,0.000000,0.000000,-0.047105,0.000000,0.046938
-0.000607,-0.011655,-0.000647,0.000000,0.000035,0.000027,0.000000,0.000000,0.000000,0.000000,0.000000,-0.047099,0.000000,0.046940
-0.000607,-0.011658,-0.000651,0.000000,0.000034,0.000028,0.000000,0.000000,0.000000,0.000000,0.000000,-0.047088,0.000000,0.046941
-0.000607,-0.011660,-0.000655,0.000000,0.000034,0.000028,0.000000,0.000000,0.000000,0.000000,0.000000,-0.047076,0.000000,0.046944
-0.000607,-0.011663,-0.000660,0.000000,0.000034,0.000028,0.000000,0.000000,0.000000,0.000000,0.000000,-0.047069,0.000000,0.046943
-0.000607,-0.011666,-0.000665,0.000000,0.000034,0.000028,0.000000,0.000000,0.000000,0.000000,0.000000,-0.047064,0.000000,0.046941
-0.000608,-0.011669,-0.000669,0.000000,0.000034,0.000028,0.000000,0.000000,0.000000,0.000000,0.000000,-0.047057,0.000000,0.046940
-0.000608,-0.011672,-0.000674,0.000000,0.000033,0.000028,0.000000,0.000000,0.000000,0.000000,0.000000,-0.047047,0.000000,0.046938
-0.000608,-0.011675,-0.000678,0.000000,0.000033,0.000028,0.000000,0.000000,0.000000,0.000000,0.000000,-0.047041,0.000000,0.046936
-0.000608,-0.011678,-0.000683,0.000000,0.000033,0.000028,0.000000,0.000000,0.000000,0.000000,0.000000,-0.047037,0.000000,0.046932
-0.000608,-0.011680,-0.000688,0.000000,0.000033,0.000028,0.000000,0.000000,0.000000,0.000000,0.000000,-0.047031,0.000000,0.046928
-0.000608,-0.011683,-0.000692,0.000000,0.000033,0.000028,0.000000,0.000000,0.000000,0.000000,0.000000,-0.047023,0.000000,0.046924
-0.000609,-0.011686,-0.000696,0.000000,0.000033,0.000028,0.000000,0.000000,0.000000,0.000000,0.000000,-0.047019,0.000000,0.046920
-0.000609,-0.011689,-0.000701,0.000000,0.000033,0.000028,0.000000,0.000000,0.000000,0.000000,0.000000,-0.047015,0.000000,0.046915
-0.000609,-0.011692,-0.000706,0.000000,0.000033,0.000027,0.000000,0.000000,0.000000,0.000000,0.000000,-0.047010,0.000000,0.046910
-0.000609,-0.011694,-0.000710,0.000000,0.000033,0.000027,0.000000,0.000000,0.000000,0.000000,0.000000,-0.047004,0.000000,0.046905
-0.000609,-0.011697,-0.000714,0.000000,0.000033,0.000027,0.000000,0.000000,0.000000,0.000000,0.000000,-0.046999,0.000000,0.046900
-0.000609,-0.011700,-0.000719,0.000000,0.000033,0.000027,0.000000,0.000000,0.000000,0.000000,0.000000,-0.046997,0.000000,0.046894
-0.000610,-0.011703,-0.000724,0.000000,0.000033,0.000027,0.000000,0.000000,0.000000,0.000000,0.000000,-0.046992,0.000000,0.046889
-0.000610,-0.011706,-0.000728,0.000000,0.000033,0.000027,0.000000,0.000000,0.000000,0.000000,0.000000,-0.046988,0.000000,0.046884
-0.000610,-0.011708,-0.000732,0.000000,0.000033,0.000027,0.000000,0.000000,0.000000,0.000000,0.000000,-0.046983,0.000000,0.046877
-0.000610,-0.011711,-0.000736,0.000000,0.000033,0.000026,0.000000,0.000000,0.000000,0.000000,0.000000,-0.046980,0.000000,0.046871
-0.000610,-0.011714,-0.000741,0.000000,0.000033,0.000026,0.000000,0.000000,0.000000,0.000000,0.000000,-0.046977,0.000000,0.046865
-0.000610,-0.011717,-0.000745,0.000000,0.000033,0.000026,0.000000,0.000000,0.000000,0.000000,0.000000,-0.046973,0.000000,0.046859
-0.000611,-0.011719,-0.000749,0.000000,0.000033,0.000026,0.000000,0.000000,0.000000,0.000000,0.000000,-0.046968,0.000000,0.046852
-0.000611,-0.011722,-0.000753,0.000000,0.000033,0.000026,0.000000,0.000000,0.000000,0.000000,0.000000,-0.046966,0.000000,0.046845
-0.000611,-0.011725,-0.000757,0.000000,0.000033,0.000026,0.000000,0.000000,0.000000,0.000000,0.000000,-0.046963,0.000000,0.046839
-0.000611,-0.011728,-0.000762,0.000000,0.000033,0.000025,0.000000,0.000000,0.000000,0.000000,0.000000,-0.046959,0.000000,0.046832
-0.000611,-0.011730,-0.000766,0.000000,0.000033,0.000025,0.000000,0.000000,0.000000,0.000000,0.000000,-0.046956,0.000000,0.046826
-0.000611,-0.011733,-0.000770,0.000000,0.000033,0.000025,0.000000,0.000000,0.000000,0.000000,0.000000,-0.046953,0.000000,0.046818
-0.000612,-0.011736,-0.000774,0.000000,0.000033,0.000025,0.000000,0.000000,0.000000,0.000000,0.000000,-0.046950,0.000000,0.046811
-0.000612,-0.011739,-0.000778,0.000000,0.000033,0.000025,0.000000,0.000000,0.000000,0.000000,0.000000,-0.046947,0.000000,0.046805
-0.000612,-0.011742,-0.000782,0.000000,0.000033,0.000025,0.000000,0.000000,0.000000,0.000000,0.000000,-0.046944,0.000000,0.046798
-0.000612,-0.011744,-0.000786,0.000000,0.000033,0.000024,0.000000,0.000000,0.000000,0.000000,0.000000,-0.046941,0.000000,0.046790
-0.000612,-0.011747,-0.000790,0.000000,0.000033,0.000024,0.000000,0.000000,0.000000,0.000000,0.000000,-0.046939,0.000000,0.046783
-0.000612,-0.011750,-0.000795,0.000000,0.000033,0.000024,0.000000,0.000000,0.000000,0.000000,0.000000,-0.046937,0.000000,0.046776
-0.000612,-0.011753,-0.000798,0.000000,0.000033,0.000024,0.000000,0.000000,0.000000,0.000000,0.000000,-0.046934,0.000000,0.046769
-0.000613,-0.011756,-0.000802,0.000000,0.000033,0.000024,0.000000,0.000000,0.000000,0.000000,0.000000,-0.046931,0.000000,0.046760
-0.000613,-0.011758,-0.000806,0.000000,0.000033,0.000024,0.000000,0.000000,0.000000,0.000000,0.000000,-0.046929,0.000000,0.046753
-0.000613,-0.011761,-0.000809,0.000000,0.000033,0.000024,0.000000,0.000000,0.000000,0.000000,0.000000,-0.046927,0.000000,0.046746
-0.000613,-0.011764,-0.000814,0.000000,0.000033,0.000023,0.000000,0.000000,0.000000,0.000000,0.000000,-0.046925,0.000000,0.046739
-0.000613,-0.011767,-0.000817,0.000000,0.000033,0.000023,0.000000,0.000000,0.000000,0.000000,0.000000,-0.046922,0.000000,0.046731
-0.000613,-0.011770,-0.000821,0.000000,0.000033,0.000023,0.000000,0.000000,0.000000,0.000000,0.000000,-0.046920,0.000000,0.046722
-0.000613,-0.011772,-0.000824,0.000000,0.000033,0.000023,0.000000,0.000000,0.000000,0.000000,0.000000,-0.046919,0.000000,0.046715
-0.000614,-0.011775,-0.000829,0.000000,0.000033,0.000023,0.000000,0.000000,0.000000,0.000000,0.000000,-0.046916,0.000000,0.046707
-0.000614,-0.011778,-0.000832,0.000000,0.000033,0.000023,0.000000,0.000000,0.000000,0.000000,0.000000,-0.046914,0.000000,0.046700
-0.000614,-0.011781,-0.000836,0.000000,0.000033,0.000022,0.000000,0.000000,0.000000,0.000000,0.000000,-0.046912,0.000000,0.046691
-0.000614,-0.011783,-0.000839,0.000000,0.000033,0.000022,0.000000,0.000000,0.000000,0.000000,0.000000,-0.046911,0.000000,0.046683
-0.000614,-0.011787,-0.000843,0.000000,0.000033,0.000022,0.000000,0.000000,0.000000,0.000000,0.000000,-0.046909,0.000000,0.046676
-0.000614,-0.011789,-0.000847,0.000000,0.000033,0.000022,0.000000,0.000000,0.000000,0.000000,0.000000,-0.046907,0.000000,0.046668
-0.000614,-0.011792,-0.000850,0.000000,0.000033,0.000022,0.000000,0.000000,0.000000,0.000000,0.000000,-0.046906,0.000000,0.046658
-0.000615,-0.011795,-0.000854,0.000000,0.000033,0.000022,0.000000,0.000000,0.000000,0.000000,0.000000,-0.046905,0.000000,0.046651
-0.000615,-0.011797,-0.000857,0.000000,0.000033,0.000022,0.000000,0.000000,0.000000,0.000000,0.000000,-0.046903,0.000000,0.046643
-0.000615,-0.011801,-0.000861,0.000000,0.000033,0.000021,0.000000,0.000000,0.000000,0.000000,0.000000,-0.046901,0.000000,0.046635
-0.000615,-0.011803,-0.000864,0.000000,0.000033,0.000021,0.000000,0.000000,0.000000,0.000000,0.000000,-0.046900,0.000000,0.046627
-0.000615,-0.011806,-0.000868,0.000000,0.000033,0.000021,0.000000,0.000000,0.000000,0.000000,0.000000,-0.046899,0.000000,0.046617
-0.000615,-0.011808,-0.000871,0.000000,0.000033,0.000021,0.000000,0.000000,0.000000,0.000000,0.000000,-0.046898,0.000000,0.046609
-0.000615,-0.011812,-0.000875,0.000000,0.000033,0.000021,0.000000,0.000000,0.000000,0.000000,0.000000,-0.046896,0.000000,0.046602
-0.000616,-0.011814,-0.000878,0.000000,0.000033,0.000021,0.000000,0.000000,0.000000,0.000000,0.000000,-0.046895,0.000000,0.046593
-0.000616,-0.011817,-0.000881,0.000000,0.000033,0.000021,0.000000,0.000000,0.000000,0.000000,0.000000,-0.046894,0.000000,0.046584
-0.000616,-0.011820,-0.000885,0.000000,0.000033,0.000020,0.000000,0.000000,0.000000,0.000000,0.000000,-0.046893,0.000000,0.046575
-0.000616,-0.011822,-0.000888,0.000000,0.000033,0.000020,0.000000,0.000000,0.000000,0.000000,0.000000,-0.046892,0.000000,0.046567
-0.000616,-0.011825,-0.000891,0.000000,0.000033,0.000020,0.000000,0.000000,0.000000,0.000000,0.000000,-0.046891,0.000000,0.046559
-0.000616,-0.011828,-0.000895,0.000000,0.000033,0.000020,0.000000,0.000000,0.000000,0.000000,0.000000,-0.046890,0.000000,0.046550
-0.000616,-0.011831,-0.000898,0.000000,0.000033,0.000020,0.000000,0.000000,0.000000,0.000000,0.000000,-0.046890,0.000000,0.046541
-0.000616,-0.011834,-0.000901,0.000000,0.000033,0.000020,0.000000,0.000000,0.000000,0.000000,0.000000,-0.046889,0.000000,0.046532
-0.000617,-0.011837,-0.000904,0.000000,0.000033,0.000020,0.000000,0.000000,0.000000,0.000000,0.000000,-0.046888,0.000000,0.046524
-0.000617,-0.011839,-0.000907,0.000000,0.000033,0.000019,0.000000,0.000000,0.000000,0.000000,0.000000,-0.046887,0.000000,0.046515
-0.000617,-0.011842,-0.000911,0.000000,0.000033,0.000019,0.000000,0.000000,0.000000,0.000000,0.000000,-0.046887,0.000000,0.046505
-0.000617,-0.011845,-0.000913,0.000000,0.000033,0.000019,0.000000,0.000000,0.000000,0.000000,0.000000,-0.046887,0.000000,0.046496
-0.000617,-0.011848,-0.000917,0.000000,0.000033,0.000019,0.000000,0.000000,0.000000,0.000000,0.000000,-0.046885,0.000000,0.046488
-0.000617,-0.011851,-0.000920,0.000000,0.000033,0.000019,0.000000,0.000000,0.000000,0.000000,0.000000,-0.046885,0.000000,0.046480
-0.000617,-0.011853,-0.000923,0.000000,0.000033,0.000019,0.000000,0.000000,0.000000,0.000000,0.000000,-0.046885,0.000000,0.046469
-0.000617,-0.011856,-0.000926,0.000000,0.000033,0.000019,0.000000,0.000000,0.000000,0.000000,0.000000,-0.046885,0.000000,0.046460
-0.000618,-0.011858,-0.000929,0.000000,0.000033,0.000019,0.000000,0.000000,0.000000,0.000000,0.000000,-0.046884,0.000000,0.046452
-0.000618,-0.011862,-0.000932,0.000000,0.000033,0.000019,0.000000,0.000000,0.000000,0.000000,0.000000,-0.046883,0.000000,0.046443
-0.000618,-0.011864,-0.000935,0.000000,0.000033,0.000018,0.000000,0.000000,0.000000,0.000000,0.000000,-0.046884,0.000000,0.046434
-0.000618,-0.011867,-0.000938,0.000000,0.000033,0.000018,0.000000,0.000000,0.000000,0.000000,0.000000,-0.046884,0.000000,0.046424
-0.000618,-0.011870,-0.000941,0.000000,0.000033,0.000018,0.000000,0.000000,0.000000,0.000000,0.000000,-0.046884,0.000000,0.046415
-0.000618,-0.011873,-0.000944,0.000000,0.000033,0.000018,0.000000,0.000000,0.000000,0.000000,0.000000,-0.046883,0.000000,0.046406
-0.000618,-0.011875,-0.000947,0.000000,0.000033,0.000018,0.000000,0.000000,0.000000,0.000000,0.000000,-0.046883,0.000000,0.046397
-0.000618,-0.011878,-0.000950,0.000000,0.000033,0.000018,0.000000,0.000000,0.000000,0.000000,0.000000,-0.046884,0.000000,0.046386
-0.000618,-0.011881,-0.000953,0.000000,0.000033,0.000018,0.000000,0.000000,0.000000,0.000000,0.000000,-0.046884,0.000000,0.046378
-0.000619,-0.011884,-0.000956,0.000000,0.000033,0.000018,0.000000,0.000000,0.000000,0.000000,0.000000,-0.046883,0.000000,0.046369
-0.000619,-0.011886,-0.000959,0.000000,0.000032,0.000017,0.000000,0.000000,0.000000,0.000000,0.000000,-0.046883,0.000000,0.046360
-0.000619,-0.011889,-0.000961,0.000000,0.000033,0.000017,0.000000,0.000000,0.000000,0.000000,0.000000,-0.046884,0.000000,0.046349
-0.000619,-0.011892,-0.000964,0.000000,0.000032,0.000017,0.000000,0.000000,0.000000,0.000000,0.000000,-0.046884,0.000000,0.046340
-0.000619,-0.011894,-0.000967,0.000000,0.000032,0.000017,0.000000,0.000000,0.000000,0.000000,0.000000,-0.046883,0.000000,0.046331
-0.000619,-0.011897,-0.000970,0.000000,0.000032,0.000017,0.000000,0.000000,0.000000,0.000000,0.000000,-0.046883,0.000000,0.046322
-0.000619,-0.011900,-0.000973,0.000000,0.000032,0.000017,0.000000,0.000000,0.000000,0.000000,0.000000,-0.046885,0.000000,0.046313
-0.000619,-0.011903,-0.000975,0.000000,0.000032,0.000017,0.000000,0.000000,0.000000,0.000000,0.000000,-0.046886,0.000000,0.046302
-0.000619,-0.011905,-0.000978,0.000000,0.000032,0.000017,0.000000,0.000000,0.000000,0.000000,0.000000,-0.046886,0.000000,0.046293
-0.000620,-0.011908,-0.000981,0.000000,0.000032,0.000017,0.000000,0.000000,0.000000,0.000000,0.000000,-0.046885,0.000000,0.046284
-0.000620,-0.011911,-0.000983,0.000000,0.000032,0.000016,0.000000,0.000000,0.000000,0.000000,0.000000,-0.046886,0.000000,0.046275
-0.000620,-0.011914,-0.000986,0.000000,0.000032,0.000016,0.000000,0.000000,0.000000,0.000000,0.000000,-0.046887,0.000000,0.046263
-0.000620,-0.011916,-0.000989,0.000000,0.000032,0.000016,0.000000,0.000000,0.000000,0.000000,0.000000,-0.046888,0.000000,0.046254
-0.000620,-0.011919,-0.000992,0.000000,0.000032,0.000016,0.000000,0.000000,0.000000,0.000000,0.000000,-0.046887,0.000000,0.046245
-0.000620,-0.011922,-0.000994,0.000000,0.000032,0.000016,0.000000,0.000000,0.000000,0.000000,0.000000,-0.046888,0.000000,0.046236
-0.000620,-0.011924,-0.000997,0.000000,0.000032,0.000016,0.000000,0.000000,0.000000,0.000000,0.000000,-0.046890,0.000000,0.046224
-0.000620,-0.011927,-0.000999,0.000000,0.000032,0.000016,0.000000,0.000000,0.000000,0.000000,0.000000,-0.046891,0.000000,0.046215
-0.000620,-0.011930,-0.001002,0.000000,0.000032,0.000016,0.000000,0.000000,0.000000,0.000000,0.000000,-0.046890,0.000000,0.046206
-0.000620,-0.011933,-0.001004,0.000000,0.000032,0.000016,0.000000,0.000000,0.000000,0.000000,0.000000,-0.046890,0.000000,0.046197
-0.000621,-0.011935,-0.001007,0.000000,0.000032,0.000016,0.000000,0.000000,0.000000,0.000000,0.000000,-0.046892,0.000000,0.046187
-0.000621,-0.011938,-0.001009,0.000000,0.000032,0.000015,0.000000,0.000000,0.000000,0.000000,0.000000,-0.046894,0.000000,0.046176
-0.000621,-0.011941,-0.001012,0.000000,0.000032,0.000015,0.000000,0.000000,0.000000,0.000000,0.000000,-0.046894,0.000000,0.046166
-0.000621,-0.011944,-0.001015,0.000000,0.000032,0.000015,0.000000,0.000000,0.000000,0.000000,0.000000,-0.046894,0.000000,0.046157
-0.000621,-0.011946,-0.001017,0.000000,0.000032,0.000015,0.000000,0.000000,0.000000,0.000000,0.000000,-0.046895,0.000000,0.046148
-0.000621,-0.011949,-0.001019,0.000000,0.000032,0.000015,0.000000,0.000000,0.000000,0.000000,0.000000,-0.046897,0.000000,0.046136
-0.000621,-0.011951,-0.001022,0.000000,0.000032,0.000015,0.000000,0.000000,0.000000,0.000000,0.000000,-0.046898,0.000000,0.046127
-0.000621,-0.011954,-0.001024,0.000000,0.000032,0.000015,0.000000,0.000000,0.000000,0.000000,0.000000,-0.046898,0.000000,0.046117
-0.000621,-0.011957,-0.001027,0.000000,0.000032,0.000015,0.000000,0.000000,0.000000,0.000000,0.000000,-0.046899,0.000000,0.046108
-0.000621,-0.011959,-0.001029,0.000000,0.000031,0.000016,0.000000,0.000000,0.000000,0.000000,0.000000,-0.046901,0.000000,0.046097
-0.000622,-0.011962,-0.001032,0.000000,0.000030,0.000016,0.000000,0.000000,0.000000,0.000000,0.000000,-0.046897,0.000000,0.046091
-0.000622,-0.011964,-0.001035,0.000000,0.000029,0.000018,0.000000,0.000000,0.000000,0.000000,0.000000,-0.046880,0.000000,0.046097
-0.000622,-0.011967,-0.001038,0.000000,0.000028,0.000019,0.000000,0.000000,0.000000,0.000000,0.000000,-0.046857,0.000000,0.046109
-0.000622,-0.011969,-0.001042,0.000000,0.000027,0.000021,0.000000,0.000000,0.000000,0.000000,0.000000,-0.046835,0.000000,0.046126
-0.000622,-0.011971,-0.001045,0.000000,0.000025,0.000023,0.000000,0.000000,0.000000,0.000000,0.000000,-0.046805,0.000000,0.046150
-0.000622,-0.011973,-0.001049,0.000000,0.000024,0.000024,0.000000,0.000000,0.000000,0.000000,0.000000,-0.046769,0.000000,0.046180
-0.000622,-0.011976,-0.001053,0.000000,0.000024,0.000025,0.000000,0.000000,0.000000,0.000000,0.000000,-0.046750,0.000000,0.046200
-0.000623,-0.011977,-0.001057,0.000000,0.000023,0.000026,0.000000,0.000000,0.000000,0.000000,0.000000,-0.046739,0.000000,0.046214
-0.000623,-0.011979,-0.001062,0.000000,0.000022,0.000026,0.000000,0.000000,0.000000,0.000000,0.000000,-0.046716,0.000000,0.046234
-0.000623,-0.011981,-0.001066,0.000000,0.000022,0.000027,0.000000,0.000000,0.000000,0.000000,0.000000,-0.046692,0.000000,0.046251
-0.000623,-0.011983,-0.001070,0.000000,0.000021,0.000027,0.000000,0.000000,0.000000,0.000000,0.000000,-0.046682,0.000000,0.046261
-0.000623,-0.011985,-0.001075,0.000000,0.000021,0.000028,0.000000,0.000000,0.000000,0.000000,0.000000,-0.046673,0.000000,0.046269
-0.000623,-0.011986,-0.001079,0.000000,0.000021,0.000028,0.000000,0.000000,0.000000,0.000000,0.000000,-0.046657,0.000000,0.046280
-0.000624,-0.011988,-0.001084,0.000000,0.000020,0.000028,0.000000,0.000000,0.000000,0.000000,0.000000,-0.046637,0.000000,0.046292
-0.000624,-0.011990,-0.001088,0.000000,0.000020,0.000028,0.000000,0.000000,0.000000,0.000000,0.000000,-0.046628,0.000000,0.046298
-0.000624,-0.011992,-0.001094,0.000000,0.000020,0.000028,0.000000,0.000000,0.000000,0.000000,0.000000,-0.046622,0.000000,0.046302
-0.000624,-0.011993,-0.001098,0.000000,0.000020,0.000028,0.000000,0.000000,0.000000,0.000000,0.000000,-0.046611,0.000000,0.046308
-0.000624,-0.011995,-0.001102,0.000000,0.000020,0.000028,0.000000,0.000000,0.000000,0.000000,0.000000,-0.046594,0.000000,0.046315
-0.000624,-0.011996,-0.001107,0.000000,0.000020,0.000028,0.000000,0.000000,0.000000,0.000000,0.000000,-0.046584,0.000000,0.046319
-0.000625,-0.011998,-0.001112,0.000000,0.000020,0.000028,0.000000,0.000000,0.000000,0.000000,0.000000,-0.046580,0.000000,0.046321
-0.000625,-0.012000,-0.001117,0.000000,0.000020,0.000028,0.000000,0.000000,0.000000,0.000000,0.000000,-0.046571,0.000000,0.046324
-0.000625,-0.012001,-0.001121,0.000000,0.000020,0.000028,0.000000,0.000000,0.000000,0.000000,0.000000,-0.046556,0.000000,0.046329
-0.000625,-0.012003,-0.001125,0.000000,0.000020,0.000028,0.000000,0.000000,0.000000,0.000000,0.000000,-0.046549,0.000000,0.046331
-0.000625,-0.012005,-0.001130,0.000000,0.000020,0.000028,0.000000,0.000000,0.000000,0.000000,0.000000,-0.046544,0.000000,0.046331
-0.000626,-0.012007,-0.001135,0.000000,0.000020,0.000028,0.000000,0.000000,0.000000,0.000000,0.000000,-0.046537,0.000000,0.046333
-0.000626,-0.012008,-0.001139,0.000000,0.000020,0.000028,0.000000,0.000000,0.000000,0.000000,0.000000,-0.046526,0.000000,0.046336
-0.000626,-0.012010,-0.001144,0.000000,0.000020,0.000028,0.000000,0.000000,0.000000,0.000000,0.000000,-0.046516,0.000000,0.046338
-0.000626,-0.012011,-0.001148,0.000000,0.000020,0.000027,0.000000,0.000000,0.000000,0.000000,0.000000,-0.046512,0.000000,0.046337
-0.000626,-0.012013,-0.001153,0.000000,0.000020,0.000027,0.000000,0.000000,0.000000,0.000000,0.000000,-0.046505,0.000000,0.046337
-0.000626,-0.012015,-0.001158,0.000000,0.000020,0.000027,0.000000,0.000000,0.000000,0.000000,0.000000,-0.046497,0.000000,0.046339
-0.000627,-0.012016,-0.001162,0.000000,0.000020,0.000027,0.000000,0.000000,0.000000,0.000000,0.000000,-0.046487,0.000000,0.046340
-0.000627,-0.012018,-0.001166,0.000000,0.000020,0.000027,0.000000,0.000000,0.000000,0.000000,0.000000,-0.046481,0.000000,0.046340
-0.000627,-0.012020,-0.001171,0.000000,0.000020,0.000027,0.000000,0.000000,0.000000,0.000000,0.000000,-0.046477,0.000000,0.046339
-0.000627,-0.012022,-0.001175,0.000000,0.000020,0.000026,0.000000,0.000000,0.000000,0.000000,0.000000,-0.046470,0.000000,0.046339
-0.000627,-0.012023,-0.001179,0.000000,0.000020,0.000026,0.000000,0.000000,0.000000,0.000000,0.000000,-0.046459,0.000000,0.046341
-0.000627,-0.012025,-0.001183,0.000000,0.000020,0.000026,0.000000,0.000000,0.000000,0.000000,0.000000,-0.046455,0.000000,0.046339
-0.000628,-0.012026,-0.001187,0.000000,0.000020,0.000026,0.000000,0.000000,0.000000,0.000000,0.000000,-0.046451,0.000000,0.046338
-0.000628,-0.012028,-0.001192,0.000000,0.000020,0.000026,0.000000,0.000000,0.000000,0.000000,0.000000,-0.046444,0.000000,0.046338
-0.000628,-0.012030,-0.001196,0.000000,0.000020,0.000026,0.000000,0.000000,0.000000,0.000000,0.000000,-0.046436,0.000000,0.046338
-0.000628,-0.012032,-0.001200,0.000000,0.000020,0.000025,0.000000,0.000000,0.000000,0.000000,0.000000,-0.046429,0.000000,0.046337
-0.000628,-0.012033,-0.001204,0.000000,0.000020,0.000025,0.000000,0.000000,0.000000,0.000000,0.000000,-0.046425,0.000000,0.046336
-0.000628,-0.012035,-0.001209,0.000000,0.000020,0.000025,0.000000,0.000000,0.000000,0.000000,0.000000,-0.046420,0.000000,0.046334
-0.000628,-0.012037,-0.001213,0.000000,0.000020,0.000025,0.000000,0.000000,0.000000,0.000000,0.000000,-0.046414,0.000000,0.046334
-0.000629,-0.012039,-0.001216,0.000000,0.000020,0.000025,0.000000,0.000000,0.000000,0.000000,0.000000,-0.046406,0.000000,0.046333
-0.000629,-0.012040,-0.001220,0.000000,0.000021,0.000025,0.000000,0.000000,0.000000,0.000000,0.000000,-0.046401,0.000000,0.046332
-0.000629,-0.012042,-0.001225,0.000000,0.000021,0.000024,0.000000,0.000000,0.000000,0.000000,0.000000,-0.046397,0.000000,0.046330
-0.000629,-0.012044,-0.001229,0.000000,0.000021,0.000024,0.000000,0.000000,0.000000,0.000000,0.000000,-0.046392,0.000000,0.046329
-0.000629,-0.012046,-0.001232,0.000000,0.000021,0.000024,0.000000,0.000000,0.000000,0.000000,0.000000,-0.046383,0.000000,0.046328
-0.000629,-0.012047,-0.001236,0.000000,0.000021,0.000024,0.000000,0.000000,0.000000,0.000000,0.000000,-0.046380,0.000000,0.046326
-0.000630,-0.012049,-0.001240,0.000000,0.000021,0.000024,0.000000,0.000000,0.000000,0.000000,0.000000,-0.046376,0.000000,0.046324
-0.000630,-0.012051,-0.001244,0.000000,0.000021,0.000024,0.000000,0.000000,0.000000,0.000000,0.000000,-0.046371,0.000000,0.046322
-0.000630,-0.012053,-0.001248,0.000000,0.000021,0.000023,0.000000,0.000000,0.000000,0.000000,0.000000,-0.046365,0.000000,0.046321
-0.000630,-0.012054,-0.001252,0.000000,0.000021,0.000023,0.000000,0.000000,0.000000,0.000000,0.000000,-0.046358,0.000000,0.046319
-0.000630,-0.012056,-0.001255,0.000000,0.000021,0.000023,0.000000,0.000000,0.000000,0.000000,0.000000,-0.046355,0.000000,0.046317
-0.000630,-0.012058,-0.001259,0.000000,0.000021,0.000023,0.000000,0.000000,0.000000,0.000000,0.000000,-0.046351,0.000000,0.046314
-0.000630,-0.012060,-0.001263,0.000000,0.000021,0.000023,0.000000,0.000000,0.000000,0.000000,0.000000,-0.046346,0.000000,0.046313
-0.000631,-0.012061,-0.001266,0.000000,0.000021,0.000023,0.000000,0.000000,0.000000,0.000000,0.000000,-0.046340,0.000000,0.046311
-0.000631,-0.012063,-0.001270,0.000000,0.000021,0.000022,0.000000,0.000000,0.000000,0.000000,0.000000,-0.046336,0.000000,0.046308
-0.000631,-0.012065,-0.001273,0.000000,0.000021,0.000022,0.000000,0.000000,0.000000,0.000000,0.000000,-0.046333,0.000000,0.046305
-0.000631,-0.012067,-0.001278,0.000000,0.000021,0.000022,0.000000,0.000000,0.000000,0.000000,0.000000,-0.046328,0.000000,0.046303
-0.000631,-0.012069,-0.001281,0.000000,0.000021,0.000022,0.000000,0.000000,0.000000,0.000000,0.000000,-0.046323,0.000000,0.046301
-0.000631,-0.012070,-0.001284,0.000000,0.000021,0.000022,0.000000,0.000000,0.000000,0.000000,0.000000,-0.046318,0.000000,0.046299
-0.000631,-0.012072,-0.001288,0.000000,0.000021,0.000022,0.000000,0.000000,0.000000,0.000000,0.000000,-0.046315,0.000000,0.046296
-0.000632,-0.012074,-0.001292,0.000000,0.000021,0.000021,0.000000,0.000000,0.000000,0.000000,0.000000,-0.046311,0.000000,0.046293
-0.000632,-0.012076,-0.001295,0.000000,0.000021,0.000021,0.000000,0.000000,0.000000,0.000000,0.000000,-0.046307,0.000000,0.046290
-0.000632,-0.012077,-0.001299,0.000000,0.000021,0.000021,0.000000,0.000000,0.000000,0.000000,0.000000,-0.046301,0.000000,0.046288
-0.000632,-0.012079,-0.001302,0.000000,0.000021,0.000021,0.000000,0.000000,0.000000,0.000000,0.000000,-0.046298,0.000000,0.046285
-0.000632,-0.012081,-0.001306,0.000000,0.000021,0.000021,0.000000,0.000000,0.000000,0.000000,0.000000,-0.046295,0.000000,0.046281
-0.000632,-0.012083,-0.001309,0.000000,0.000021,0.000021,0.000000,0.000000,0.000000,0.000000,0.000000,-0.046292,0.000000,0.046279
-0.000632,-0.012085,-0.001312,0.000000,0.000021,0.000021,0.000000,0.000000,0.000000,0.000000,0.000000,-0.046286,0.000000,0.046276
-0.000632,-0.012086,-0.001315,0.000000,0.000021,0.000020,0.000000,0.000000,0.000000,0.000000,0.000000,-0.046283,0.000000,0.046272
-0.000633,-0.012088,-0.001318,0.000000,0.000021,0.000020,0.000000,0.000000,0.000000,0.000000,0.000000,-0.046281,0.000000,0.046269
-0.000633,-0.012090,-0.001322,0.000000,0.000021,0.000020,0.000000,0.000000,0.000000,0.000000,0.000000,-0.046277,0.000000,0.046266
-0.000633,-0.012092,-0.001325,0.000000,0.000022,0.000020,0.000000,0.000000,0.000000,0.000000,0.000000,-0.046273,0.000000,0.046263
-0.000633,-0.012094,-0.001328,0.000000,0.000022,0.000020,0.000000,0.000000,0.000000,0.000000,0.000000,-0.046269,0.000000,0.046259
-0.000633,-0.012095,-0.001332,0.000000,0.000022,0.000020,0.000000,0.000000,0.000000,0.000000,0.000000,-0.046266,0.000000,0.046256
-0.000633,-0.012098,-0.001335,0.000000,0.000022,0.000020,0.000000,0.000000,0.000000,0.000000,0.000000,-0.046264,0.000000,0.046252
-0.000633,-0.012099,-0.001338,0.000000,0.000022,0.000019,0.000000,0.000000,0.000000,0.000000,0.000000,-0.046260,0.000000,0.046249
-0.000633,-0.012101,-0.001341,0.000000,0.000022,0.000019,0.000000,0.000000,0.000000,0.000000,0.000000,-0.046256,0.000000,0.046245
-0.000634,-0.012103,-0.001344,0.000000,0.000022,0.000019,0.000000,0.000000,0.000000,0.000000,0.000000,-0.046254,0.000000,0.046242
-0.000634,-0.012105,-0.001348,0.000000,0.000022,0.000019,0.000000,0.000000,0.000000,0.000000,0.000000,-0.046251,0.000000,0.046238
-0.000634,-0.012107,-0.001351,0.000000,0.000022,0.000019,0.000000,0.000000,0.000000,0.000000,0.000000,-0.046248,0.000000,0.046234
-0.000634,-0.012108,-0.001354,0.000000,0.000022,0.000019,0.000000,0.000000,0.000000,0.000000,0.000000,-0.046244,0.000000,0.046230
-0.000634,-0.012110,-0.001357,0.000000,0.000022,0.000019,0.000000,0.000000,0.000000,0.000000,0.000000,-0.046242,0.000000,0.046226
-0.000634,-0.012112,-0.001360,0.000000,0.000022,0.000019,0.000000,0.000000,0.000000,0.000000,0.000000,-0.046240,0.000000,0.046222
-0.000634,-0.012114,-0.001363,0.000000,0.000022,0.000018,0.000000,0.000000,0.000000,0.000000,0.000000,-0.046236,0.000000,0.046219
-0.000634,-0.012116,-0.001366,0.000000,0.000022,0.000018,0.000000,0.000000,0.000000,0.000000,0.000000,-0.046233,0.000000,0.046215
-0.000635,-0.012117,-0.001369,0.000000,0.000022,0.000018,0.000000,0.000000,0.000000,0.000000,0.000000,-0.046231,0.000000,0.046211
-0.000635,-0.012119,-0.001372,0.000000,0.000022,0.000018,0.000000,0.000000,0.000000,0.000000,0.000000,-0.046228,0.000000,0.046206
-0.000635,-0.012121,-0.001375,0.000000,0.000022,0.000018,0.000000,0.000000,0.000000,0.000000,0.000000,-0.046226,0.000000,0.046202
-0.000635,-0.012123,-0.001378,0.000000,0.000022,0.000018,0.000000,0.000000,0.000000,0.000000,0.000000,-0.046223,0.000000,0.046198
-0.000635,-0.012125,-0.001381,0.000000,0.000022,0.000018,0.000000,0.000000,0.000000,0.000000,0.000000,-0.046220,0.000000,0.046194
-0.000635,-0.012127,-0.001383,0.000000,0.000022,0.000018,0.000000,0.000000,0.000000,0.000000,0.000000,-0.046219,0.000000,0.046189
-0.000635,-0.012128,-0.001386,0.000000,0.000022,0.000017,0.000000,0.000000,0.000000,0.000000,0.000000,-0.046217,0.000000,0.046185
-0.000635,-0.012131,-0.001389,0.000000,0.000022,0.000017,0.000000,0.000000,0.000000,0.000000,0.000000,-0.046214,0.000000,0.046181
-0.000635,-0.012132,-0.001392,0.000000,0.000022,0.000017,0.000000,0.000000,0.000000,0.000000,0.000000,-0.046212,0.000000,0.046177
-0.000636,-0.012134,-0.001395,0.000000,0.000022,0.000017,0.000000,0.000000,0.000000,0.000000,0.000000,-0.046209,0.000000,0.046172
-0.000636,-0.012136,-0.001397,0.000000,0.000022,0.000017,0.000000,0.000000,0.000000,0.000000,0.000000,-0.046208,0.000000,0.046167
-0.000636,-0.012138,-0.001400,0.000000,0.000022,0.000017,0.000000,0.000000,0.000000,0.000000,0.000000,-0.046206,0.000000,0.046163
-0.000636,-0.012140,-0.001403,0.000000,0.000022,0.000017,0.000000,0.000000,0.000000,0.000000,0.000000,-0.046204,0.000000,0.046159
-0.000636,-0.012141,-0.001406,0.000000,0.000022,0.000017,0.000000,0.000000,0.000000,0.000000,0.000000,-0.046201,0.000000,0.046154
-0.000636,-0.012143,-0.001408,0.000000,0.000022,0.000017,0.000000,0.000000,0.000000,0.000000,0.000000,-0.046200,0.000000,0.046149
-0.000636,-0.012145,-0.001411,0.000000,0.000022,0.000016,0.000000,0.000000,0.000000,0.000000,0.000000,-0.046198,0.000000,0.046144
-0.000636,-0.012147,-0.001414,0.000000,0.000022,0.000016,0.000000,0.000000,0.000000,0.000000,0.000000,-0.046196,0.000000,0.046140
-0.000636,-0.012149,-0.001416,0.000000,0.000022,0.000016,0.000000,0.000000,0.000000,0.000000,0.000000,-0.046194,0.000000,0.046134
-0.000636,-0.012151,-0.001419,0.000000,0.000022,0.000016,0.000000,0.000000,0.000000,0.000000,0.000000,-0.046193,0.000000,0.046130
-0.000637,-0.012152,-0.001421,0.000000,0.000022,0.000016,0.000000,0.000000,0.000000,0.000000,0.000000,-0.046191,0.000000,0.046125
-0.000637,-0.012155,-0.001424,0.000000,0.000022,0.000016,0.000000,0.000000,0.000000,0.000000,0.000000,-0.046189,0.000000,0.046120
-0.000637,-0.012156,-0.001427,0.000000,0.000022,0.000016,0.000000,0.000000,0.000000,0.000000,0.000000,-0.046188,0.000000,0.046116
-0.000637,-0.012158,-0.001429,0.000000,0.000022,0.000016,0.000000,0.000000,0.000000,0.000000,0.000000,-0.046186,0.000000,0.046110
-0.000637,-0.012160,-0.001432,0.000000,0.000021,0.000016,0.000000,0.000000,0.000000,0.000000,0.000000,-0.046185,0.000000,0.046105
-0.000637,-0.012162,-0.001435,0.000000,0.000021,0.000017,0.000000,0.000000,0.000000,0.000000,0.000000,-0.046178,0.000000,0.046104
-0.000637,-0.012163,-0.001438,0.000000,0.000020,0.000018,0.000000,0.000000,0.000000,0.000000,0.000000,-0.046161,0.000000,0.046113
-0.000637,-0.012165,-0.001441,0.000000,0.000019,0.000019,0.000000,0.000000,0.000000,0.000000,0.000000,-0.046133,0.000000,0.046131
-0.000637,-0.012166,-0.001444,0.000000,0.000018,0.000020,0.000000,0.000000,0.000000,0.000000,0.000000,-0.046107,0.000000,0.046153
-0.000638,-0.012168,-0.001448,0.000000,0.000018,0.000020,0.000000,0.000000,0.000000,0.000000,0.000000,-0.046096,0.000000,0.046166
-0.000638,-0.012170,-0.001451,0.000000,0.000018,0.000020,0.000000,0.000000,0.000000,0.000000,0.000000,-0.046091,0.000000,0.046173
-0.000638,-0.012171,-0.001454,0.000000,0.000019,0.000019,0.000000,0.000000,0.000000,0.000000,0.000000,-0.046088,0.000000,0.046173
-0.000638,-0.012173,-0.001457,0.000000,0.000020,0.000017,0.000000,0.000000,0.000000,0.000000,0.000000,-0.046098,0.000000,0.046162
-0.000638,-0.012174,-0.001459,0.000000,0.000021,0.000016,0.000000,0.000000,0.000000,0.000000,0.000000,-0.046115,0.000000,0.046142
-0.000638,-0.012177,-0.001462,0.000000,0.000022,0.000015,0.000000,0.000000,0.000000,0.000000,0.000000,-0.046133,0.000000,0.046118
-0.000638,-0.012178,-0.001464,0.000000,0.000022,0.000014,0.000000,0.000000,0.000000,0.000000,0.000000,-0.046150,0.000000,0.046091
-0.000638,-0.012180,-0.001466,0.000000,0.000023,0.000013,0.000000,0.000000,0.000000,0.000000,0.000000,-0.046166,0.000000,0.046064
-0.000638,-0.012182,-0.001468,0.000000,0.000022,0.000014,0.000000,0.000000,0.000000,0.000000,0.000000,-0.046172,0.000000,0.046045
-0.000639,-0.012184,-0.001471,0.000000,0.000022,0.000014,0.000000,0.000000,0.000000,0.000000,0.000000,-0.046162,0.000000,0.046040
-0.000639,-0.012186,-0.001473,0.000000,0.000021,0.000015,0.000000,0.000000,0.000000,0.000000,0.000000,-0.046147,0.000000,0.046043
-0.000639,-0.012187,-0.001476,0.000000,0.000020,0.000017,0.000000,0.000000,0.000000,0.000000,0.000000,-0.046130,0.000000,0.046051
-0.000639,-0.012189,-0.001479,0.000000,0.000019,0.000018,0.000000,0.000000,0.000000,0.000000,0.000000,-0.046106,0.000000,0.046070
-0.000639,-0.012191,-0.001483,0.000000,0.000018,0.000020,0.000000,0.000000,0.000000,0.000000,0.000000,-0.046078,0.000000,0.046093
-0.000639,-0.012192,-0.001486,0.000000,0.000017,0.000021,0.000000,0.000000,0.000000,0.000000,0.000000,-0.046052,0.000000,0.046118
-0.000639,-0.012193,-0.001489,0.000000,0.000017,0.000021,0.000000,0.000000,0.000000,0.000000,0.000000,-0.046028,0.000000,0.046141
-0.000639,-0.012195,-0.001492,0.000000,0.000017,0.000021,0.000000,0.000000,0.000000,0.000000,0.000000,-0.046016,0.000000,0.046156
-0.000639,-0.012196,-0.001495,0.000000,0.000017,0.000020,0.000000,0.000000,0.000000,0.000000,0.000000,-0.046019,0.000000,0.046157
-0.000640,-0.012198,-0.001499,0.000000,0.000018,0.000019,0.000000,0.000000,0.000000,0.000000,0.000000,-0.046027,0.000000,0.046150
-0.000640,-0.012199,-0.001501,0.000000,0.000019,0.000017,0.000000,0.000000,0.000000,0.000000,0.000000,-0.046035,0.000000,0.046138
-0.000640,-0.012201,-0.001504,0.000000,0.000020,0.000015,0.000000,0.000000,0.000000,0.000000,0.000000,-0.046051,0.000000,0.046115
-0.000640,-0.012203,-0.001506,0.000000,0.000022,0.000013,0.000000,0.000000,0.000000,0.000000,0.000000,-0.046078,0.000000,0.046084
-0.000640,-0.012205,-0.001508,0.000000,0.000023,0.000012,0.000000,0.000000,0.000000,0.000000,0.000000,-0.046103,0.000000,0.046050
-0.000640,-0.012207,-0.001510,0.000000,0.000024,0.000010,0.000000,0.000000,0.000000,0.000000,0.000000,-0.046124,0.000000,0.046016
-0.000640,-0.012209,-0.001511,0.000000,0.000024,0.000010,0.000000,0.000000,0.000000,0.000000,0.000000,-0.046144,0.000000,0.045982
-0.000640,-0.012211,-0.001513,0.000000,0.000024,0.000010,0.000000,0.000000,0.000000,0.000000,0.000000,-0.046158,0.000000,0.045954
-0.000640,-0.012213,-0.001514,0.000000,0.000024,0.000010,0.000000,0.000000,0.000000,0.000000,0.000000,-0.046153,0.000000,0.045944
-0.000640,-0.012215,-0.001516,0.000000,0.000023,0.000011,0.000000,0.000000,0.000000,0.000000,0.000000,-0.046139,0.000000,0.045942
-0.000640,-0.012217,-0.001518,0.000000,0.000022,0.000013,0.000000,0.000000,0.000000,0.000000,0.000000,-0.046129,0.000000,0.045945
-0.000640,-0.012218,-0.001521,0.000000,0.000020,0.000014,0.000000,0.000000,0.000000,0.000000,0.000000,-0.046113,0.000000,0.045955
-0.000641,-0.012220,-0.001523,0.000000,0.000019,0.000016,0.000000,0.000000,0.000000,0.000000,0.000000,-0.046084,0.000000,0.045977
-0.000641,-0.012222,-0.001526,0.000000,0.000018,0.000017,0.000000,0.000000,0.000000,0.000000,0.000000,-0.046054,0.000000,0.046003
-0.000641,-0.012223,-0.001529,0.000000,0.000017,0.000019,0.000000,0.000000,0.000000,0.000000,0.000000,-0.046031,0.000000,0.046027
-0.000641,-0.012224,-0.001532,0.000000,0.000016,0.000020,0.000000,0.000000,0.000000,0.000000,0.000000,-0.046007,0.000000,0.046051
-0.000641,-0.012225,-0.001535,0.000000,0.000016,0.000020,0.000000,0.000000,0.000000,0.000000,0.000000,-0.045987,0.000000,0.046072
-0.000641,-0.012227,-0.001539,0.000000,0.000015,0.000021,0.000000,0.000000,0.000000,0.000000,0.000000,-0.045973,0.000000,0.046088
-0.000641,-0.012228,-0.001543,0.000000,0.000014,0.000022,0.000000,0.000000,0.000000,0.000000,0.000000,-0.045960,0.000000,0.046102
-0.000641,-0.012229,-0.001546,0.000000,0.000014,0.000022,0.000000,0.000000,0.000000,0.000000,0.000000,-0.045941,0.000000,0.046118
-0.000642,-0.012230,-0.001550,0.000000,0.000014,0.000022,0.000000,0.000000,0.000000,0.000000,0.000000,-0.045924,0.000000,0.046132
-0.000642,-0.012232,-0.001553,0.000000,0.000015,0.000021,0.000000,0.000000,0.000000,0.000000,0.000000,-0.045921,0.000000,0.046136
-0.000642,-0.012233,-0.001556,0.000000,0.000016,0.000020,0.000000,0.000000,0.000000,0.000000,0.000000,-0.045928,0.000000,0.046131
-0.000642,-0.012234,-0.001559,0.000000,0.000017,0.000018,0.000000,0.000000,0.000000,0.000000,0.000000,-0.045938,0.000000,0.046119
-0.000642,-0.012236,-0.001562,0.000000,0.000018,0.000017,0.000000,0.000000,0.000000,0.000000,0.000000,-0.045951,0.000000,0.046099
-0.000642,-0.012237,-0.001564,0.000000,0.000019,0.000015,0.000000,0.000000,0.000000,0.000000,0.000000,-0.045975,0.000000,0.046069
-0.000642,-0.012239,-0.001567,0.000000,0.000020,0.000014,0.000000,0.000000,0.000000,0.000000,0.000000,-0.045997,0.000000,0.046040
-0.000642,-0.012241,-0.001569,0.000000,0.000021,0.000013,0.000000,0.000000,0.000000,0.000000,0.000000,-0.046006,0.000000,0.046017
-0.000642,-0.012243,-0.001571,0.000000,0.000021,0.000012,0.000000,0.000000,0.000000,0.000000,0.000000,-0.046016,0.000000,0.045993
-0.000642,-0.012244,-0.001572,0.000000,0.000022,0.000011,0.000000,0.000000,0.000000,0.000000,0.000000,-0.046031,0.000000,0.045969
-0.000643,-0.012246,-0.001574,0.000000,0.000022,0.000010,0.000000,0.000000,0.000000,0.000000,0.000000,-0.046040,0.000000,0.045950
-0.000643,-0.012248,-0.001576,0.000000,0.000022,0.000010,0.000000,0.000000,0.000000,0.000000,0.000000,-0.046045,0.000000,0.045934
-0.000643,-0.012250,-0.001577,0.000000,0.000023,0.000009,0.000000,0.000000,0.000000,0.000000,0.000000,-0.046053,0.000000,0.045917
-0.000643,-0.012252,-0.001579,0.000000,0.000023,0.000009,0.000000,0.000000,0.000000,0.000000,0.000000,-0.046064,0.000000,0.045898
-0.000643,-0.012254,-0.001580,0.000000,0.000023,0.000008,0.000000,0.000000,0.000000,0.000000,0.000000,-0.046071,0.000000,0.045883
-0.000643,-0.012256,-0.001581,0.000000,0.000023,0.000008,0.000000,0.000000,0.000000,0.000000,0.000000,-0.046073,0.000000,0.045871
-0.000643,-0.012258,-0.001583,0.000000,0.000024,0.000008,0.000000,0.000000,0.000000,0.000000,0.000000,-0.046078,0.000000,0.045858
-0.000643,-0.012260,-0.001584,0.000000,0.000024,0.000007,0.000000,0.000000,0.000000,0.000000,0.000000,-0.046087,0.000000,0.045842
-0.000643,-0.012262,-0.001585,0.000000,0.000024,0.000007,0.000000,0.000000,0.000000,0.000000,0.000000,-0.046093,0.000000,0.045829
-0.000643,-0.012264,-0.001586,0.000000,0.000024,0.000007,0.000000,0.000000,0.000000,0.000000,0.000000,-0.046094,0.000000,0.045819
-0.000643,-0.012266,-0.001587,0.000000,0.000024,0.000007,0.000000,0.000000,0.000000,0.000000,0.000000,-0.046098,0.000000,0.045808
-0.000643,-0.012268,-0.001588,0.000000,0.000024,0.000007,0.000000,0.000000,0.000000,0.000000,0.000000,-0.046106,0.000000,0.045794
-0.000643,-0.012270,-0.001589,0.000000,0.000024,0.000007,0.000000,0.000000,0.000000,0.000000,0.000000,-0.046110,0.000000,0.045783
-0.000643,-0.012272,-0.001590,0.000000,0.000024,0.000006,0.000000,0.000000,0.000000,0.000000,0.000000,-0.046111,0.000000,0.045774
-0.000643,-0.012274,-0.001592,0.000000,0.000024,0.000007,0.000000,0.000000,0.000000,0.000000,0.000000,-0.046114,0.000000,0.045765
-0.000643,-0.012276,-0.001593,0.000000,0.000023,0.000007,0.000000,0.000000,0.000000,0.000000,0.000000,-0.046120,0.000000,0.045753
-0.000643,-0.012278,-0.001594,0.000000,0.000023,0.000008,0.000000,0.000000,0.000000,0.000000,0.000000,-0.046121,0.000000,0.045745
-0.000643,-0.012280,-0.001595,0.000000,0.000022,0.000009,0.000000,0.000000,0.000000,0.000000,0.000000,-0.046104,0.000000,0.045751
-0.000643,-0.012282,-0.001597,0.000000,0.000021,0.000010,0.000000,0.000000,0.000000,0.000000,0.000000,-0.046082,0.000000,0.045764
-0.000644,-0.012283,-0.001599,0.000000,0.000020,0.000011,0.000000,0.000000,0.000000,0.000000,0.000000,-0.046067,0.000000,0.045777
-0.000644,-0.012285,-0.001601,0.000000,0.000020,0.000012,0.000000,0.000000,0.000000,0.000000,0.000000,-0.046057,0.000000,0.045786
-0.000644,-0.012287,-0.001603,0.000000,0.000019,0.000012,0.000000,0.000000,0.000000,0.000000,0.000000,-0.046046,0.000000,0.045796
-0.000644,-0.012288,-0.001605,0.000000,0.000019,0.000013,0.000000,0.000000,0.000000,0.000000,0.000000,-0.046036,0.000000,0.045804
-0.000644,-0.012290,-0.001607,0.000000,0.000018,0.000013,0.000000,0.000000,0.000000,0.000000,0.000000,-0.046029,0.000000,0.045810
-0.000644,-0.012291,-0.001610,0.000000,0.000018,0.000014,0.000000,0.000000,0.000000,0.000000,0.000000,-0.046021,0.000000,0.045815
-0.000644,-0.012293,-0.001612,0.000000,0.000018,0.000014,0.000000,0.000000,0.000000,0.000000,0.000000,-0.046013,0.000000,0.045820
-0.000644,-0.012294,-0.001614,0.000000,0.000017,0.000014,0.000000,0.000000,0.000000,0.000000,0.000000,-0.046007,0.000000,0.045822
-0.000644,-0.012296,-0.001617,0.000000,0.000017,0.000014,0.000000,0.000000,0.000000,0.000000,0.000000,-0.046003,0.000000,0.045824
-0.000644,-0.012297,-0.001619,0.000000,0.000017,0.000014,0.000000,0.000000,0.000000,0.000000,0.000000,-0.045997,0.000000,0.045826
-0.000644,-0.012299,-0.001621,0.000000,0.000017,0.000014,0.000000,0.000000,0.000000,0.000000,0.000000,-0.045990,0.000000,0.045827
-0.000644,-0.012300,-0.001623,0.000000,0.000017,0.000015,0.000000,0.000000,0.000000,0.000000,0.000000,-0.045986,0.000000,0.045828
-0.000645,-0.012301,-0.001626,0.000000,0.000017,0.000015,0.000000,0.000000,0.000000,0.000000,0.000000,-0.045983,0.000000,0.045828
-0.000645,-0.012303,-0.001628,0.000000,0.000017,0.000015,0.000000,0.000000,0.000000,0.000000,0.000000,-0.045979,0.000000,0.045827
-0.000645,-0.012304,-0.001631,0.000000,0.000017,0.000015,0.000000,0.000000,0.000000,0.000000,0.000000,-0.045974,0.000000,0.045827
-0.000645,-0.012306,-0.001633,0.000000,0.000017,0.000015,0.000000,0.000000,0.000000,0.000000,0.000000,-0.045970,0.000000,0.045826
-0.000645,-0.012307,-0.001635,0.000000,0.000017,0.000015,0.000000,0.000000,0.000000,0.000000,0.000000,-0.045968,0.000000,0.045825
-0.000645,-0.012308,-0.001638,0.000000,0.000016,0.000015,0.000000,0.000000,0.000000,0.000000,0.000000,-0.045965,0.000000,0.045823
-0.000645,-0.012310,-0.001640,0.000000,0.000016,0.000014,0.000000,0.000000,0.000000,0.000000,0.000000,-0.045961,0.000000,0.045822
-0.000645,-0.012311,-0.001642,0.000000,0.000016,0.000014,0.000000,0.000000,0.000000,0.000000,0.000000,-0.045957,0.000000,0.045820
-0.000645,-0.012312,-0.001645,0.000000,0.000016,0.000014,0.000000,0.000000,0.000000,0.000000,0.000000,-0.045955,0.000000,0.045818
-0.000645,-0.012314,-0.001647,0.000000,0.000016,0.000014,0.000000,0.000000,0.000000,0.000000,0.000000,-0.045953,0.000000,0.045816
-0.000646,-0.012315,-0.001650,0.000000,0.000016,0.000014,0.000000,0.000000,0.000000,0.000000,0.000000,-0.045950,0.000000,0.045814
-0.000646,-0.012317,-0.001652,0.000000,0.000016,0.000014,0.000000,0.000000,0.000000,0.000000,0.000000,-0.045946,0.000000,0.045812
-0.000646,-0.012318,-0.001654,0.000000,0.000016,0.000014,0.000000,0.000000,0.000000,0.000000,0.000000,-0.045945,0.000000,0.045809
-0.000646,-0.012319,-0.001657,0.000000,0.000016,0.000014,0.000000,0.000000,0.000000,0.000000,0.000000,-0.045943,0.000000,0.045806
-0.000646,-0.012321,-0.001659,0.000000,0.000016,0.000014,0.000000,0.000000,0.000000,0.000000,0.000000,-0.045940,0.000000,0.045804
-0.000646,-0.012322,-0.001661,0.000000,0.000016,0.000014,0.000000,0.000000,0.000000,0.000000,0.000000,-0.045937,0.000000,0.045801
-0.000646,-0.012324,-0.001663,0.000000,0.000016,0.000014,0.000000,0.000000,0.000000,0.000000,0.000000,-0.045935,0.000000,0.045798
-0.000646,-0.012325,-0.001665,0.000000,0.000016,0.000014,0.000000,0.000000,0.000000,0.000000,0.000000,-0.045934,0.000000,0.045796
