x,y,phi,u,v,r,n1,n2,n3,n4,alpha1,alpha2,alpha3,alpha4
-0.150624,-0.354109,-0.791743,0.000000,0.000000,0.000000,0.000000,0.000000,0.000000,0.000000,0.000000,0.000000,0.000000,0.000000
-0.150782,-0.353886,-0.791922,-0.001168,-0.003928,0.002683,0.000000,0.000000,0.000000,0.000000,0.000000,0.000000,0.000000,0.000000
-0.151524,-0.352818,-0.792756,-0.002199,-0.007994,0.005212,-1.000000,1.000000,1.000000,-1.000000,1.000000,-0.143057,1.000000,-0.358040
-0.151925,-0.351836,-0.793270,-0.001857,-0.008102,0.002966,-1.000000,1.000000,1.000000,-1.000000,1.000000,-0.128988,1.000000,-0.357903
-0.150919,-0.352139,-0.792270,0.001201,-0.002055,-0.006246,-0.758847,1.000000,1.000000,-1.000000,1.000000,0.276943,0.142567,-0.358189
-0.147660,-0.354086,-0.788656,0.008223,0.002827,-0.020872,-0.751977,1.000000,1.000000,-1.000000,1.000000,0.268181,0.135231,-0.353744
-0.141356,-0.357915,-0.781674,0.017838,0.008040,-0.043630,-0.809407,1.000000,1.000000,-1.000000,1.000000,-0.045041,0.234932,-0.109852
-0.129181,-0.365090,-0.768556,0.029569,0.018183,-0.075673,-0.766945,1.000000,1.000000,-1.000000,1.000000,-0.084233,0.213284,-0.091719
-0.111084,-0.374212,-0.749888,0.041936,0.025913,-0.116623,-0.660825,1.000000,1.000000,-1.000000,1.000000,-0.044715,0.245704,-0.214024
-0.082246,-0.386244,-0.721571,0.053322,0.040075,-0.163531,-0.520795,1.000000,0.552946,-1.000000,1.000000,-0.139186,0.149713,-0.171296
-0.047020,-0.396723,-0.688484,0.062991,0.047948,-0.206690,-0.308911,1.000000,-0.337348,-0.654134,1.000000,-0.251803,-0.085079,-0.047256
-0.000553,-0.405462,-0.646639,0.065253,0.065882,-0.241266,-0.041134,1.000000,-1.000000,0.006120,0.905184,-0.459819,-0.294152,0.100055
0.047395,-0.406938,-0.604467,0.066944,0.059047,-0.263800,0.172461,1.000000,-1.000000,0.642536,0.539865,-0.785010,-0.402603,0.311756
0.102342,-0.399997,-0.556061,0.067549,0.054196,-0.279061,0.349765,0.826264,-1.000000,1.000000,0.224449,-0.903717,-0.431964,0.377877
0.153874,-0.385151,-0.509385,0.069216,0.052381,-0.291711,0.534622,0.423350,-1.000000,1.000000,0.034873,-0.862471,-0.309333,0.291802
0.209540,-0.359012,-0.456362,0.066698,0.051744,-0.306141,0.703584,0.095469,-1.000000,1.000000,-0.141911,-0.823555,-0.207681,0.238374
0.257964,-0.325498,-0.406190,0.063478,0.045576,-0.313621,0.858446,-0.137588,-1.000000,1.000000,-0.294500,-0.855380,-0.123119,0.191094
0.304539,-0.280705,-0.351487,0.058083,0.045211,-0.315436,1.000000,-0.381329,-1.000000,1.000000,-0.428044,-0.889142,-0.077646,0.160312
0.340440,-0.234468,-0.301558,0.050124,0.056937,-0.312053,1.000000,-0.594656,-1.000000,1.000000,-0.536589,-0.875690,-0.049656,0.160225
0.369871,-0.182546,-0.250136,0.042313,0.064731,-0.296759,1.000000,-0.746100,-1.000000,1.000000,-0.628745,-0.868622,0.004553,0.147419
0.387998,-0.135460,-0.206273,0.040986,0.064903,-0.274153,1.000000,-0.796393,-1.000000,1.000000,-0.660336,-0.902949,0.102778,0.082343
0.398401,-0.088179,-0.164333,0.044271,0.053460,-0.241860,1.000000,-0.822382,-1.000000,1.000000,-0.664057,-0.895580,0.161359,0.033329
0.400787,-0.049716,-0.130895,0.055519,0.045222,-0.209007,1.000000,-0.835233,-1.000000,1.000000,-0.657136,-0.828503,0.162784,0.027644
0.397322,-0.014966,-0.100166,0.070246,0.045195,-0.177294,1.000000,-0.894281,-1.000000,1.000000,-0.665868,-0.733401,0.169095,0.042714
0.390005,0.010756,-0.076656,0.087342,0.043299,-0.146914,0.988179,-0.924673,-1.000000,1.000000,-0.694077,-0.664554,0.184981,0.068400
0.378777,0.032477,-0.055737,0.106415,0.042526,-0.120745,0.831160,-0.886881,-1.000000,1.000000,-0.720511,-0.625843,0.231952,0.076036
0.366166,0.047249,-0.040300,0.126065,0.042287,-0.096466,0.633593,-0.829555,-1.000000,1.000000,-0.740829,-0.576472,0.285780,0.092073
0.350769,0.058801,-0.026985,0.143998,0.040877,-0.076837,0.432248,-0.782290,-1.000000,1.000000,-0.748107,-0.540213,0.378312,0.097368
0.335331,0.065558,-0.017704,0.161550,0.040980,-0.057986,0.210337,-0.715714,-1.000000,0.894906,-0.736301,-0.517348,0.489609,0.092990
0.317759,0.069478,-0.010835,0.176606,0.036248,-0.039604,0.006803,-0.662094,-0.956633,0.419828,-0.704150,-0.490578,0.590317,0.079489
0.301150,0.070317,-0.007907,0.190010,0.024780,-0.018305,-0.192328,-0.562459,-0.874083,-0.043125,-0.623475,-0.454432,0.672163,0.035333
0.283105,0.068616,-0.008701,0.200166,0.010435,0.004575,-0.364922,-0.425297,-0.862987,-0.522671,-0.455131,-0.410062,0.687644,-0.104819
0.266872,0.064890,-0.013030,0.204173,-0.001552,0.027073,-0.569521,-0.274464,-0.652488,-1.000000,-0.245544,-0.334703,0.659451,-0.223973
0.249928,0.059361,-0.020844,0.202739,-0.011435,0.045066,-0.799739,-0.081336,-0.280359,-1.000000,-0.076397,-0.225373,0.602005,-0.236609
0.234879,0.053959,-0.030562,0.199497,-0.026872,0.060787,-0.929553,0.170026,0.041157,-1.000000,0.154976,-0.137823,0.506008,-0.268637
0.219241,0.048636,-0.043356,0.193592,-0.045697,0.073813,-0.991071,0.288606,0.367149,-1.000000,0.361551,-0.131235,0.494697,-0.273352
0.205392,0.044485,-0.056171,0.185922,-0.056054,0.080034,-1.000000,0.318607,0.688302,-1.000000,0.500452,-0.074530,0.338511,-0.187794
0.191049,0.041425,-0.070354,0.177147,-0.067401,0.081826,-1.000000,0.319967,1.000000,-1.000000,0.659138,0.002559,0.251285,-0.203426
0.178761,0.041478,-0.083758,0.165055,-0.096822,0.083781,-0.981790,0.290800,1.000000,-1.000000,0.713720,-0.055756,0.267247,-0.247190
0.166606,0.043786,-0.097218,0.151140,-0.108867,0.077692,-0.931500,0.245931,1.000000,-1.000000,0.741309,-0.093164,0.239513,-0.246617
0.156325,0.047481,-0.107187,0.137716,-0.106319,0.062290,-0.908771,0.097654,1.000000,-1.000000,0.753451,-0.015282,0.303607,-0.253147
0.145950,0.053788,-0.114134,0.124998,-0.106927,0.040081,-0.860014,0.001252,1.000000,-1.000000,0.747536,-0.006011,0.351989,-0.270895
0.136900,0.061276,-0.116554,0.112539,-0.102361,0.015124,-0.745597,-0.074486,1.000000,-1.000000,0.759438,-0.096408,0.364896,-0.320962
0.126765,0.070735,-0.113310,0.104445,-0.088654,-0.018717,-0.580031,-0.252998,1.000000,-1.000000,0.729033,-0.160421,0.340515,-0.342009
0.116252,0.080132,-0.104124,0.100186,-0.068646,-0.057393,-0.382261,-0.448416,1.000000,-1.000000,0.647176,-0.181063,0.292050,-0.339266
0.102761,0.090481,-0.087275,0.099917,-0.047396,-0.097240,-0.121254,-0.717085,0.570155,-1.000000,0.460349,-0.293532,0.272936,-0.340320
0.088314,0.099278,-0.066499,0.099013,-0.027196,-0.129699,0.170400,-1.000000,-0.480837,-0.564583,0.190138,-0.462729,0.215994,-0.312761
0.071238,0.107408,-0.040589,0.095797,-0.014054,-0.149587,0.406242,-1.000000,-1.000000,-0.073369,-0.229068,-0.589594,0.242147,-0.278930
0.054775,0.113363,-0.015104,0.091008,-0.007163,-0.159272,0.435819,-1.000000,-1.000000,0.195818,-0.774694,-0.671517,0.405537,-0.137123
0.037483,0.117427,0.011462,0.084106,0.001180,-0.153324,0.431573,-1.000000,-1.000000,0.341154,-1.000000,-0.613245,0.413175,0.089440
0.022516,0.119304,0.034018,0.078096,0.005744,-0.141017,0.503798,-1.000000,-1.000000,0.529958,-1.000000,-0.603032,0.460269,0.084717
0.007570,0.120246,0.055579,0.074927,0.003390,-0.124368,0.497547,-1.000000,-1.000000,0.592412,-0.998360,-0.690076,0.464977,0.039435
-0.005237,0.119664,0.072923,0.074342,0.009705,-0.108354,0.437733,-1.000000,-1.000000,0.503370,-0.996073,-0.673371,0.437669,0.086896
-0.018014,0.117550,0.088932,0.074416,0.018692,-0.092422,0.352687,-1.000000,-1.000000,0.315977,-1.000000,-0.594792,0.502388,0.094821
-0.028918,0.115320,0.101252,0.075787,0.017195,-0.076971,0.268676,-1.000000,-1.000000,0.156406,-0.983328,-0.609868,0.553485,0.039371
-0.040516,0.113957,0.112798,0.081701,0.002623,-0.066611,0.192537,-1.000000,-1.000000,0.012009,-0.893773,-0.636887,0.562140,-0.044361
-0.050586,0.113511,0.120645,0.086528,-0.006995,-0.049005,0.105338,-1.000000,-1.000000,-0.198539,-0.841818,-0.587892,0.616043,-0.102732
-0.060445,0.113584,0.125270,0.090321,-0.009010,-0.026697,0.014998,-1.000000,-1.000000,-0.489230,-0.851926,-0.530253,0.661484,-0.110510
-0.068574,0.114896,0.125984,0.093786,-0.017245,-0.004462,-0.120758,-1.000000,-1.000000,-0.834070,-0.781598,-0.488889,0.689457,-0.152544
-0.076444,0.117119,0.123288,0.097115,-0.018077,0.015536,-0.283325,-1.000000,-1.000000,-1.000000,-0.655441,-0.457426,0.719578,-0.234319
-0.082794,0.120578,0.117917,0.099310,-0.026032,0.033588,-0.443984,-0.918588,-1.000000,-1.000000,-0.515438,-0.411775,0.765412,-0.314290
-0.088459,0.125666,0.109273,0.098559,-0.031700,0.049871,-0.602244,-0.716819,-1.000000,-1.000000,-0.390793,-0.373351,0.861742,-0.367840
-0.092968,0.130807,0.099855,0.098386,-0.030694,0.058854,-0.758880,-0.605292,-0.532416,-1.000000,-0.282002,-0.314848,0.923099,-0.352908
-0.097049,0.136513,0.088534,0.096659,-0.027310,0.065349,-0.874800,-0.486949,-0.069629,-1.000000,-0.125235,-0.222191,0.852889,-0.301397
-0.100101,0.141606,0.077658,0.092465,-0.022092,0.067931,-0.870273,-0.359687,0.016680,-1.000000,0.111158,-0.228012,0.833927,-0.391387
-0.102748,0.146797,0.066003,0.086793,-0.017813,0.067242,-0.858789,-0.240066,0.040046,-1.000000,0.284828,-0.277779,0.775690,-0.437460
-0.104816,0.151560,0.056062,0.079778,-0.019366,0.062130,-0.852916,-0.130075,0.069688,-1.000000,0.351166,-0.218549,0.609550,-0.374896
-0.107392,0.158047,0.047976,0.071028,-0.042591,0.046676,-0.826219,-0.077710,0.079609,-1.000000,0.381780,-0.161048,0.495203,-0.327460
-0.109040,0.163721,0.041616,0.057444,-0.042369,0.039739,-0.781124,-0.158490,0.094437,-1.000000,0.358824,-0.212467,0.418714,-0.280806
-0.110499,0.168482,0.036662,0.044181,-0.033879,0.028579,-0.650353,-0.539979,0.199087,-1.000000,0.262350,-0.269014,0.350462,-0.215770
-0.111704,0.171618,0.034086,0.030609,-0.026751,0.016094,-0.557635,-0.630464,0.241040,-1.000000,0.234526,-0.299810,0.465942,-0.288246
-0.111754,0.175280,0.031798,0.014133,-0.031471,0.013200,-0.430931,-0.660395,0.133403,-1.000000,0.156742,-0.402737,0.803031,-0.480043
-0.110919,0.178824,0.030271,0.000093,-0.035837,0.009551,-0.257206,-0.724171,-0.119170,-1.000000,0.157254,-0.372925,0.755550,-0.512234
-0.110083,0.181202,0.030306,-0.009407,-0.026263,-0.000204,-0.158591,-0.773414,0.056651,-1.000000,0.232490,-0.156073,0.622666,-0.498804
-0.109228,0.182072,0.031528,-0.018442,-0.015403,-0.007637,-0.120812,-0.848662,0.302603,-1.000000,0.143323,-0.146072,0.587632,-0.449610
-0.107701,0.182066,0.033303,-0.027943,-0.006660,-0.010245,0.009606,-0.857996,0.031562,-0.761093,0.101007,-0.335145,0.452490,-0.398973
-0.106017,0.181034,0.035515,-0.035055,0.003325,-0.013819,0.146034,-0.850883,-0.279309,-0.486501,0.116396,-0.383607,0.495877,-0.473220
-0.104041,0.178810,0.038447,-0.040005,0.013628,-0.016923,0.165474,-0.871582,-0.217490,-0.345851,-0.034992,-0.328000,0.637308,-0.475191
-0.101799,0.175183,0.041394,-0.046312,0.031583,-0.018406,0.146574,-0.844034,-0.148646,-0.221627,-0.155961,-0.284978,0.589511,-0.357564
-0.098306,0.170733,0.043992,-0.054067,0.039720,-0.014990,0.204897,-0.776294,-0.310491,-0.042259,-0.081318,-0.300784,0.562758,-0.379705
-0.093364,0.167425,0.044520,-0.062252,0.037462,-0.003304,0.272624,-0.649007,-0.564630,0.223941,-0.034918,-0.398329,0.599439,-0.438618
-0.086654,0.164505,0.043265,-0.066439,0.036103,0.007238,0.247923,-0.541150,-0.422411,0.346296,-0.064988,-0.387466,0.550407,-0.350193
-0.079511,0.161584,0.040428,-0.067563,0.043913,0.017737,0.131698,-0.471278,0.141380,0.275758,-0.098213,-0.206224,0.513996,-0.187911
-0.070422,0.157864,0.034743,-0.067987,0.056163,0.032776,0.100289,-0.412403,0.437075,0.263849,-0.003180,-0.180088,0.522121,-0.191877
-0.061225,0.153954,0.027878,-0.068798,0.064210,0.042924,0.143307,-0.183275,0.315960,0.334363,0.324102,-0.332079,0.442593,-0.365729
-0.051165,0.149467,0.019348,-0.064974,0.066734,0.049220,0.070212,0.152220,0.390362,0.241632,0.531634,-0.315628,0.372346,-0.414820
-0.041835,0.144909,0.011052,-0.064497,0.069530,0.051843,-0.033617,0.356365,0.613923,0.187753,0.512091,-0.136976,0.197855,-0.213889
-0.032000,0.139671,0.001994,-0.062620,0.070039,0.052289,-0.074222,0.486203,0.591963,0.208232,0.628437,-0.065354,-0.151355,-0.049200
-0.023654,0.135608,-0.005657,-0.059273,0.057039,0.047816,-0.067223,0.546156,0.532579,0.293729,0.757855,-0.231437,-0.294261,-0.062529
-0.015458,0.131721,-0.013009,-0.055566,0.048304,0.042403,-0.120337,0.534498,0.628025,0.282500,0.640705,-0.403016,-0.236577,0.004579
-0.008586,0.128019,-0.019128,-0.051630,0.047316,0.038243,-0.126751,0.356749,0.806934,0.228072,0.491462,-0.335463,-0.134184,0.082542
-0.001709,0.124205,-0.025456,-0.047596,0.043523,0.036520,-0.050756,0.244832,0.763319,0.283881,0.547799,-0.252948,-0.039409,-0.033706
0.004126,0.121287,-0.031225,-0.042591,0.034794,0.035983,0.008040,0.268520,0.631773,0.298294,0.660119,-0.317583,0.031994,-0.208701
0.009273,0.118116,-0.036461,-0.034650,0.033932,0.030217,-0.025730,0.284641,0.770974,0.206092,0.643192,-0.316343,0.021786,-0.162346
0.012637,0.115423,-0.039980,-0.024546,0.030801,0.022029,-0.077783,0.239830,0.973556,0.088521,0.574147,-0.180539,-0.037852,-0.030627
0.014732,0.112527,-0.042614,-0.012530,0.030618,0.015187,-0.040413,0.202531,0.718157,0.097331,0.607359,-0.222041,-0.086824,-0.075810
0.015374,0.109943,-0.044304,-0.000535,0.029822,0.010566,0.005837,0.111687,0.393164,0.083312,0.624309,-0.396516,-0.108898,-0.156598
0.014788,0.107579,-0.045319,0.010289,0.025423,0.005855,-0.048679,0.042533,0.288264,-0.032751,0.448746,-0.414546,-0.046356,-0.059372
0.013295,0.106153,-0.045638,0.019064,0.016808,0.001994,-0.130675,-0.019448,0.271465,-0.230132,0.227860,-0.325092,0.127597,0.010192
0.011034,0.105208,-0.045708,0.025077,0.010338,0.000406,-0.139473,-0.104188,0.115304,-0.343363,0.225374,-0.351351,0.208686,-0.091430
0.008303,0.104725,-0.045120,0.030242,0.006000,-0.003685,-0.122682,-0.190507,-0.015696,-0.427495,0.340204,-0.385099,0.197113,-0.237348
0.004702,0.104233,-0.043578,0.034000,0.005832,-0.008893,-0.166194,-0.244281,0.040334,-0.576847,0.276227,-0.326930,0.273011,-0.241570
0.000669,0.105040,-0.040871,0.037441,-0.009176,-0.016909,-0.193376,-0.308420,0.022736,-0.670107,0.124581,-0.300796,0.343811,-0.177765
-0.003965,0.105789,-0.037376,0.038245,-0.008219,-0.020163,-0.140314,-0.334811,-0.239565,-0.623276,0.171201,-0.349394,0.313957,-0.254899
-0.008138,0.106425,-0.033894,0.035905,-0.008154,-0.021763,-0.078273,-0.580763,-0.296869,-0.626905,0.150979,-0.373498,0.342071,-0.325599
-0.012660,0.107088,-0.029885,0.034988,-0.008518,-0.023142,-0.121712,-0.635695,-0.289934,-0.657126,-0.022598,-0.353519,0.378852,-0.219539
-0.016762,0.107150,-0.026031,0.033398,-0.002656,-0.024072,-0.118387,-0.623566,-0.225776,-0.697044,-0.108183,-0.359780,0.603579,-0.300199
-0.021171,0.106873,-0.021139,0.030378,0.000082,-0.028235,-0.083434,-0.666916,-0.313338,-0.665060,-0.067880,-0.401964,0.689646,-0.411756
-0.025268,0.105932,-0.016543,0.030422,0.007426,-0.028713,-0.040263,-0.602401,-0.526766,-0.583609,0.046858,-0.315987,0.557372,-0.431198
-0.029664,0.103674,-0.010638,0.026758,0.019458,-0.034070,-0.007770,-0.604802,-0.634023,-0.491000,0.004718,-0.271886,0.532483,-0.392589
-0.033440,0.101646,-0.004842,0.022545,0.017511,-0.036218,-0.071666,-0.561296,-0.690961,-0.488720,-0.132594,-0.367009,0.451068,-0.231571
-0.037239,0.099737,0.001453,0.019731,0.013495,-0.036343,-0.037148,-0.521133,-0.947285,-0.313462,-0.190292,-0.456635,0.426894,-0.199975
-0.040174,0.097625,0.006395,0.016560,0.018107,-0.030866,0.017719,-0.630999,-0.994006,-0.187299,-0.210573,-0.471718,0.537011,-0.294654
-0.042529,0.095525,0.010295,0.012760,0.017591,-0.022499,-0.027878,-0.719203,-0.813783,-0.207100,-0.330392,-0.411514,0.583439,-0.205686
-0.043706,0.094223,0.011877,0.008375,0.012965,-0.009892,-0.075984,-0.594604,-0.692552,-0.275543,-0.325066,-0.351958,0.667725,-0.203345
-0.044386,0.093062,0.012060,0.006881,0.012491,-0.001055,-0.072628,-0.520273,-0.570479,-0.316490,-0.185659,-0.393444,0.788348,-0.364222
-0.044411,0.092498,0.010610,0.005341,0.009105,0.009052,-0.121318,-0.425357,-0.307878,-0.405699,0.001312,-0.335852,0.666493,-0.380960
-0.043812,0.092477,0.007513,0.003330,0.004933,0.017886,-0.168388,-0.287494,-0.169722,-0.506347,0.116620,-0.191144,0.532672,-0.330454
-0.042850,0.092086,0.004111,0.000345,0.010157,0.021237,-0.201193,-0.185876,-0.001384,-0.608654,0.217717,-0.208243,0.470623,-0.327320
-0.041469,0.091214,0.000083,-0.002336,0.015474,0.023263,-0.243656,-0.101596,0.195245,-0.678486,0.321323,-0.282478,0.322448,-0.285427
-0.040029,0.090003,-0.003411,-0.005188,0.019772,0.021841,-0.212362,0.019182,0.107255,-0.594336,0.422804,-0.263077,0.205157,-0.298796
-0.038211,0.088611,-0.006882,-0.009171,0.020029,0.020017,-0.175211,0.100809,0.004114,-0.511240,0.469517,-0.264633,0.200596,-0.334802
-0.036377,0.087337,-0.009729,-0.012379,0.019194,0.017799,-0.180747,0.117549,-0.009342,-0.413622,0.396051,-0.294616,0.092738,-0.189431
-0.034368,0.085637,-0.012127,-0.014836,0.021663,0.013835,-0.169524,0.103192,0.050274,-0.314883,0.361677,-0.260584,-0.011241,-0.076300
-0.032416,0.084544,-0.013874,-0.017644,0.015253,0.010917,-0.150463,0.025540,0.109271,-0.251514,0.333705,-0.331256,0.102457,-0.122757
-0.030269,0.083512,-0.015130,-0.019916,0.012730,0.007249,-0.109416,-0.014883,0.046515,-0.144558,0.307680,-0.448671,0.167900,-0.153255
-0.028244,0.082127,-0.015513,-0.022904,0.016922,0.002391,-0.048755,-0.096357,0.134566,-0.095188,0.335270,-0.363628,0.227192,-0.208380
-0.025988,0.081089,-0.015789,-0.024013,0.011674,0.001593,-0.013408,-0.175389,0.198057,-0.039912,0.287003,-0.266621,0.288071,-0.206668
-0.023909,0.079624,-0.015911,-0.024374,0.017554,0.000760,0.052018,-0.153187,0.065735,0.102043,0.304577,-0.323612,0.235815,-0.206027
-0.021666,0.077544,-0.015910,-0.024643,0.022854,-0.000004,0.067439,-0.194384,0.173649,0.097265,0.334120,-0.368664,0.243396,-0.227765
-0.019581,0.075490,-0.015963,-0.024672,0.024499,0.000328,0.032548,-0.172901,0.193565,0.113540,0.227978,-0.347350,0.263039,-0.138750
-0.017314,0.072830,-0.016323,-0.023991,0.029485,0.002081,0.064488,-0.106522,0.061813,0.162054,0.250955,-0.333970,0.280814,-0.182310
-0.015239,0.069831,-0.016495,-0.024222,0.035801,0.001074,0.079012,-0.087194,0.022343,0.210322,0.316970,-0.364804,0.286695,-0.238909
-0.013075,0.064869,-0.015458,-0.026274,0.053969,-0.005978,0.025859,-0.014029,0.050388,0.207385,0.292512,-0.338892,0.202623,-0.140548
-0.011110,0.059877,-0.014392,-0.025978,0.058913,-0.006667,0.024058,0.048686,-0.028624,0.265923,0.265514,-0.317265,0.174431,-0.091368
-0.009061,0.054659,-0.013160,-0.025060,0.056859,-0.007105,0.117238,0.149210,-0.523279,0.585058,0.291566,-0.453037,0.114459,-0.125308
-0.007337,0.050417,-0.011608,-0.023692,0.049962,-0.009702,0.104559,0.184381,-0.596571,0.649372,0.278004,-0.493232,0.069387,-0.085612
-0.005529,0.045650,-0.009826,-0.022981,0.051941,-0.010283,-0.022774,0.088069,-0.276142,0.566906,0.021842,-0.394685,0.094019,0.118446
-0.003902,0.041751,-0.008504,-0.021612,0.046114,-0.008259,-0.016371,-0.018936,-0.228033,0.575798,-0.035814,-0.398559,0.120024,0.133240
-0.002149,0.038189,-0.008002,-0.020005,0.039102,-0.002896,0.071491,0.011346,-0.442949,0.661257,0.124719,-0.524268,0.284166,-0.074071
-0.000763,0.035112,-0.008057,-0.016413,0.036641,0.000342,0.059079,0.002334,-0.317467,0.567085,0.126427,-0.514775,0.412347,-0.139566
0.000470,0.033053,-0.009051,-0.012347,0.022651,0.005732,-0.040240,0.010485,0.020703,0.388817,0.092233,-0.308224,0.311595,-0.009941
0.001298,0.032026,-0.010526,-0.008037,0.012187,0.009220,-0.053342,0.067488,0.015965,0.299606,0.201713,-0.241960,0.246379,-0.037207
0.001941,0.031124,-0.012922,-0.004412,0.009801,0.013826,-0.054265,0.047096,0.094891,0.167885,0.355325,-0.396592,0.242946,-0.142183
0.002285,0.030385,-0.015592,-0.000992,0.008581,0.016677,-0.116814,0.001623,0.264888,0.006795,0.343425,-0.417907,0.170370,-0.073337
0.002490,0.029612,-0.018812,0.001127,0.008228,0.018591,-0.149839,0.066710,0.318742,-0.158380,0.354071,-0.284676,0.205962,-0.100575
0.002625,0.028787,-0.021872,0.001778,0.009526,0.019115,-0.148161,0.118541,0.259179,-0.255927,0.419562,-0.320205,0.305683,-0.236283
0.002809,0.028440,-0.025514,0.001592,0.003458,0.021013,-0.163320,0.185651,0.205797,-0.273733,0.519582,-0.357423,0.143985,-0.225676
0.003010,0.028499,-0.029078,0.001406,-0.001092,0.022279,-0.168794,0.248597,0.178166,-0.265914,0.549490,-0.237909,0.016971,-0.165777
0.003267,0.028893,-0.033090,0.001111,-0.004780,0.023142,-0.207156,0.197665,0.351370,-0.338420,0.460611,-0.242208,0.064972,-0.096230
0.003431,0.029321,-0.036484,0.001721,-0.005528,0.021213,-0.245510,0.158598,0.488460,-0.384032,0.418445,-0.341311,0.030992,-0.023923
0.003502,0.029469,-0.039989,0.002766,-0.002059,0.020213,-0.208941,0.152141,0.501082,-0.401033,0.538776,-0.343294,0.089509,-0.174166
0.003434,0.029542,-0.042840,0.003946,-0.001252,0.017820,-0.162798,0.118469,0.407148,-0.388718,0.565962,-0.333367,0.196497,-0.290071
0.003178,0.029339,-0.045338,0.005364,0.001920,0.014412,-0.167966,0.184088,0.352906,-0.391957,0.555577,-0.275246,0.111664,-0.217814
0.002712,0.029427,-0.047010,0.007374,-0.001250,0.010447,-0.173531,0.203603,0.355466,-0.396723,0.536493,-0.216345,0.051297,-0.156875
0.002110,0.029972,-0.048637,0.008268,-0.006146,0.009391,-0.172854,0.183143,0.235212,-0.345219,0.500261,-0.303416,-0.006239,-0.111548
0.001430,0.030611,-0.049879,0.009492,-0.007700,0.007764,-0.159377,0.098995,0.173978,-0.330634,0.465845,-0.383463,-0.026602,-0.095404
0.000538,0.031362,-0.050840,0.010809,-0.008306,0.005541,-0.183221,0.005754,0.304507,-0.400336,0.379662,-0.366697,0.113359,-0.098077
-0.000549,0.032394,-0.051041,0.013182,-0.012286,0.001253,-0.192104,-0.039101,0.353859,-0.461424,0.312972,-0.348343,0.261052,-0.141297
-0.001904,0.033636,-0.050067,0.013810,-0.013673,-0.005617,-0.137573,-0.033419,0.232447,-0.441615,0.424006,-0.337429,0.272484,-0.269626
-0.003234,0.035222,-0.048498,0.013853,-0.018997,-0.009805,-0.091145,-0.094461,0.127209,-0.419624,0.478833,-0.298835,0.218028,-0.313689
-0.004864,0.037314,-0.046033,0.014906,-0.023272,-0.014218,-0.065521,-0.182264,0.030770,-0.345170,0.360958,-0.285916,0.121332,-0.178802
-0.006457,0.038468,-0.042701,0.014328,-0.014370,-0.020824,-0.066113,-0.291167,0.091403,-0.357691,0.228237,-0.333072,0.160061,-0.108242
-0.008130,0.038840,-0.037908,0.012029,-0.005205,-0.027657,-0.067666,-0.442237,0.132044,-0.388824,0.110688,-0.439416,0.330814,-0.152361
-0.009621,0.038473,-0.032525,0.009949,0.002678,-0.033666,0.024712,-0.445519,-0.204357,-0.236693,0.122260,-0.478712,0.424732,-0.289592
-0.011259,0.038127,-0.026265,0.009704,0.001631,-0.036093,0.133785,-0.421988,-0.528475,-0.063635,0.151481,-0.409128,0.522873,-0.431329
-0.012730,0.037766,-0.020444,0.009228,0.001773,-0.036396,0.117208,-0.433133,-0.608824,0.047664,-0.000691,-0.351923,0.470888,-0.280364
-0.014253,0.037043,-0.014052,0.008430,0.005055,-0.036865,0.040397,-0.470595,-0.489817,0.017606,-0.142009,-0.309500,0.328272,-0.044875
-0.015554,0.036392,-0.008299,0.007550,0.004615,-0.035960,0.030777,-0.532943,-0.465689,0.042789,-0.175144,-0.415891,0.420795,-0.077821
-0.016993,0.036172,-0.001980,0.007904,-0.001052,-0.036430,0.088645,-0.558973,-0.637547,0.143259,-0.143457,-0.587477,0.564380,-0.246030
-0.018476,0.036064,0.004018,0.009570,-0.002612,-0.037476,0.109223,-0.555635,-0.638612,0.132933,-0.123197,-0.494557,0.636765,-0.307345
-0.019919,0.035310,0.010091,0.008347,0.004354,-0.035072,0.074256,-0.611571,-0.500988,0.042570,-0.211169,-0.291072,0.639986,-0.212752
-0.021066,0.034499,0.014869,0.007368,0.006043,-0.029859,0.067540,-0.621834,-0.565278,0.034803,-0.198224,-0.318197,0.533267,-0.157245
-0.022139,0.033089,0.018262,0.007771,0.013011,-0.019586,0.092174,-0.516719,-0.732370,0.112237,-0.079002,-0.497549,0.518067,-0.265073
-0.022977,0.031781,0.020040,0.007774,0.014080,-0.011104,0.047599,-0.477980,-0.645509,0.052916,-0.124349,-0.521034,0.613408,-0.289185
-0.023604,0.031502,0.019977,0.006957,0.003117,0.000365,-0.079494,-0.328738,-0.483914,-0.104244,-0.190318,-0.343046,0.605845,-0.174145
-0.023924,0.032525,0.018364,0.005700,-0.010732,0.010063,-0.116755,-0.224965,-0.404429,-0.189745,-0.068039,-0.260780,0.590456,-0.221997
-0.024025,0.034280,0.015341,0.004526,-0.016835,0.017470,-0.159593,-0.203755,-0.145665,-0.295069,0.148375,-0.323764,0.481487,-0.283779
-0.023786,0.035932,0.011968,0.001494,-0.016674,0.021094,-0.225610,-0.206214,0.233976,-0.469542,0.240028,-0.282873,0.364806,-0.222302
-0.022994,0.036999,0.008877,-0.004854,-0.009202,0.017822,-0.229375,-0.154142,0.405096,-0.582446,0.298324,-0.231802,0.400247,-0.257361
-0.022079,0.037437,0.006414,-0.007469,-0.003110,0.015388,-0.161199,-0.071062,0.321283,-0.536309,0.443413,-0.308282,0.394116,-0.389676
-0.020961,0.037662,0.003784,-0.008887,-0.000475,0.015189,-0.059898,0.006206,0.084919,-0.293947,0.550970,-0.312728,0.196450,-0.396727
-0.019921,0.037661,0.001717,-0.009466,0.001620,0.012914,-0.042141,0.051009,-0.001273,-0.178156,0.488027,-0.222276,0.053873,-0.258218
-0.018663,0.037696,-0.000546,-0.010872,0.001166,0.013061,-0.127471,0.017744,0.189621,-0.220506,0.262341,-0.263786,0.074046,-0.029385
-0.017276,0.037898,-0.002963,-0.013095,-0.000734,0.015096,-0.151830,-0.032527,0.212737,-0.186781,0.186247,-0.406531,0.097497,0.020463
-0.015763,0.037779,-0.005412,-0.013415,0.002759,0.014131,-0.077710,-0.048464,0.133512,-0.121010,0.364031,-0.456915,0.233742,-0.239234
-0.014393,0.037607,-0.007638,-0.013157,0.003341,0.013908,-0.062755,-0.053228,0.262550,-0.147051,0.391078,-0.363528,0.393204,-0.345688
-0.012900,0.037409,-0.009823,-0.013576,0.003261,0.012615,-0.082351,0.003125,0.301852,-0.144643,0.337882,-0.220910,0.303788,-0.203949
-0.011470,0.037828,-0.011700,-0.014393,-0.004097,0.011729,-0.055130,0.057475,0.230532,-0.106929,0.450299,-0.194697,0.133340,-0.186519
-0.009736,0.038914,-0.014222,-0.015760,-0.010946,0.014557,-0.043586,0.035727,0.195364,-0.047616,0.491630,-0.346034,0.061555,-0.191678
-0.008120,0.040058,-0.016526,-0.015880,-0.012800,0.014399,-0.067251,-0.064860,0.362549,-0.076435,0.368782,-0.400646,0.058001,-0.079808
-0.006459,0.041331,-0.018771,-0.015146,-0.013355,0.012944,-0.099112,-0.124426,0.634339,-0.183153,0.288584,-0.301650,0.229036,-0.084474
-0.005023,0.042568,-0.020580,-0.014296,-0.014306,0.011310,-0.050036,-0.138442,0.606477,-0.193366,0.358186,-0.312013,0.377365,-0.257842
-0.003460,0.044147,-0.022083,-0.012973,-0.014815,0.007515,0.022661,-0.104940,0.431884,-0.139661,0.547520,-0.330154,0.271206,-0.373536
-0.002281,0.045860,-0.022967,-0.011606,-0.018723,0.005095,0.024674,-0.109389,0.440175,-0.136722,0.546146,-0.231144,0.160986,-0.303521
-0.001249,0.048356,-0.023892,-0.010689,-0.029611,0.005775,-0.001663,-0.163485,0.486030,-0.138140,0.367607,-0.223279,0.115906,-0.129480
-0.000529,0.051533,-0.024081,-0.007600,-0.034933,0.001096,-0.001186,-0.241172,0.504307,-0.149696,0.315039,-0.341297,0.127154,-0.107334
-0.000535,0.055214,-0.022764,-0.002466,-0.043846,-0.008234,0.004409,-0.361899,0.667270,-0.234464,0.340604,-0.386337,0.277170,-0.226078
-0.001237,0.058364,-0.019821,0.002109,-0.034726,-0.016989,0.046063,-0.482282,0.608015,-0.257211,0.287354,-0.326469,0.387820,-0.287589
-0.002544,0.060589,-0.015846,0.006872,-0.026709,-0.024833,0.139814,-0.644541,0.379640,-0.235147,0.275438,-0.266015,0.361166,-0.320222
-0.004468,0.062583,-0.010598,0.010181,-0.022465,-0.030280,0.176346,-0.662221,0.063613,-0.164234,0.220866,-0.323203,0.349644,-0.324139
-0.006632,0.063583,-0.005654,0.014184,-0.012817,-0.030889,0.156246,-0.675973,-0.106779,-0.174431,0.043378,-0.431379,0.441186,-0.292801
-0.008986,0.064946,-0.000335,0.014198,-0.016280,-0.030675,0.125241,-0.746083,-0.193087,-0.169105,-0.118032,-0.424398,0.496150,-0.235640
-0.011055,0.066015,0.004251,0.013505,-0.014361,-0.028673,0.100096,-0.697353,-0.393001,-0.188064,-0.132303,-0.350806,0.560374,-0.292210
-0.013141,0.066832,0.008424,0.013429,-0.010642,-0.024089,0.095217,-0.747967,-0.332806,-0.217875,-0.131132,-0.353269,0.671018,-0.363278
-0.014663,0.066467,0.011180,0.011242,0.002960,-0.017221,0.047306,-0.714284,-0.289912,-0.214447,-0.133193,-0.365425,0.609282,-0.300852
-0.015387,0.066199,0.012194,0.005631,0.002438,-0.005847,0.024231,-0.606235,-0.293527,-0.273992,-0.058995,-0.321839,0.611659,-0.338742
-0.015564,0.066301,0.011813,0.003045,-0.000998,0.002378,-0.001359,-0.428022,-0.371827,-0.247366,-0.003696,-0.355856,0.668936,-0.399500
-0.015549,0.067646,0.010892,0.001946,-0.014293,0.005313,-0.063933,-0.302116,-0.106828,-0.302616,0.094231,-0.312262,0.577945,-0.365682
-0.015216,0.068923,0.009301,0.000065,-0.014281,0.009950,-0.129795,-0.259442,0.144598,-0.365155,0.155173,-0.177724,0.426215,-0.254101
-0.014456,0.070098,0.006910,-0.002657,-0.011686,0.013800,-0.090472,-0.370446,0.263410,-0.375822,0.236148,-0.192016,0.318618,-0.240687
-0.013489,0.071002,0.004279,-0.004606,-0.009366,0.016435,-0.074680,-0.312099,0.278344,-0.365772,0.339914,-0.345993,0.295620,-0.300964
-0.012059,0.071751,0.001079,-0.007871,-0.006784,0.018459,-0.087169,-0.222561,0.388389,-0.432106,0.323415,-0.387579,0.438581,-0.363531
-0.010268,0.072995,-0.002762,-0.011001,-0.013131,0.024010,-0.092172,-0.173975,0.429578,-0.431978,0.314225,-0.258602,0.426582,-0.333418
-0.008166,0.074214,-0.006929,-0.012596,-0.011989,0.024044,-0.052670,-0.096753,0.368251,-0.335451,0.460670,-0.133577,0.254799,-0.342551
-0.006193,0.074993,-0.010429,-0.013759,-0.008260,0.021884,-0.087189,-0.082128,0.637665,-0.391967,0.534562,-0.169962,0.182351,-0.316714
-0.004117,0.075377,-0.013454,-0.014984,-0.003611,0.017443,-0.122234,-0.077258,0.749834,-0.377848,0.437607,-0.281400,0.094855,-0.155977
-0.002568,0.075186,-0.015045,-0.013952,0.002508,0.009946,-0.050641,-0.047862,0.537036,-0.276825,0.495787,-0.308711,0.080945,-0.222110
-0.001474,0.074708,-0.015294,-0.011381,0.005272,0.001436,0.019793,-0.078449,0.334522,-0.156550,0.516936,-0.332973,0.189140,-0.336310
-0.000896,0.073907,-0.014519,-0.009041,0.009485,-0.004839,0.031303,-0.121437,0.208918,-0.046403,0.385976,-0.334042,0.130928,-0.212310
-0.000633,0.072600,-0.012694,-0.007543,0.014293,-0.010525,0.048670,-0.199687,0.094612,0.034318,0.269715,-0.289908,0.075812,-0.097660
-0.000521,0.071157,-0.010292,-0.007850,0.017098,-0.015018,0.062085,-0.277878,-0.037202,0.095357,0.172356,-0.382424,0.191571,-0.118119
-0.000668,0.070100,-0.006804,-0.006961,0.011516,-0.020133,0.077084,-0.320377,-0.165360,0.163667,0.086451,-0.507081,0.304988,-0.154169
-0.000963,0.069462,-0.003177,-0.005993,0.007441,-0.022658,0.106948,-0.350231,-0.235086,0.228167,0.049089,-0.436921,0.392629,-0.196768
-0.001109,0.068908,0.000527,-0.007275,0.005916,-0.021374,0.133212,-0.481826,-0.223545,0.240204,-0.020252,-0.320642,0.447572,-0.194744
-0.000886,0.069379,0.002916,-0.008812,-0.005727,-0.014921,0.125300,-0.545298,-0.186098,0.232485,-0.043140,-0.332945,0.409807,-0.143597
-0.000557,0.069484,0.005277,-0.009278,-0.001251,-0.013631,0.113374,-0.517341,-0.087058,0.194956,-0.019105,-0.403624,0.486211,-0.199678
-0.000073,0.068997,0.007455,-0.011414,0.005731,-0.013610,0.078792,-0.570506,0.242137,0.044047,-0.011440,-0.379409,0.616554,-0.266535
0.000816,0.068704,0.008939,-0.013305,0.003209,-0.008561,0.105354,-0.505721,0.118435,0.083771,0.058957,-0.303292,0.556711,-0.289897
0.001938,0.069471,0.009433,-0.014619,-0.009110,-0.003085,0.192802,-0.374864,-0.176103,0.201607,0.235563,-0.301891,0.479684,-0.408965
0.003624,0.071093,0.008743,-0.016887,-0.017893,0.003987,0.130386,-0.359808,0.052246,0.155180,0.205590,-0.325691,0.423445,-0.314494
0.005384,0.072461,0.007732,-0.018267,-0.016425,0.006315,0.002748,-0.451597,0.546316,-0.011250,0.035115,-0.228112,0.307449,-0.040534
0.007280,0.073949,0.006434,-0.017578,-0.016588,0.007488,0.017451,-0.475533,0.743682,-0.078148,0.147109,-0.213644,0.389555,-0.159191
0.009240,0.075209,0.004855,-0.018952,-0.015429,0.009865,0.127875,-0.393580,0.501542,-0.003472,0.370020,-0.395366,0.522865,-0.455028
0.011478,0.076203,0.003013,-0.019834,-0.011540,0.010632,0.140822,-0.352802,0.437081,-0.026724,0.427887,-0.359263,0.413999,-0.433635
0.013521,0.076705,0.001341,-0.019545,-0.006704,0.010446,0.079294,-0.324509,0.636574,-0.064278,0.336517,-0.113300,0.274136,-0.255786
0.015435,0.077326,0.000322,-0.018355,-0.007314,0.005883,0.063609,-0.277472,0.659491,-0.040492,0.305615,-0.158524,0.252696,-0.216592
0.016705,0.079104,0.000586,-0.015875,-0.020999,-0.001645,0.090523,-0.226875,0.495042,0.040106,0.394715,-0.408542,0.206636,-0.266235
0.017536,0.081293,0.001900,-0.012719,-0.023296,-0.007586,0.134022,-0.299947,0.370483,0.119901,0.382568,-0.398024,0.188154,-0.263475
0.017936,0.083303,0.003624,-0.010004,-0.022802,-0.010765,0.166405,-0.567915,0.448672,0.114790,0.198666,-0.229976,0.242095,-0.176226
0.017883,0.084405,0.006882,-0.008801,-0.010156,-0.018812,0.166432,-0.684293,0.442530,0.101214,0.069548,-0.266846,0.308134,-0.135150
0.017558,0.084658,0.010679,-0.008126,-0.000542,-0.023723,0.182870,-0.673388,0.397138,0.045607,0.082017,-0.429564,0.489402,-0.280644
0.017078,0.084295,0.015041,-0.007493,0.006548,-0.025162,0.256878,-0.637452,0.023802,0.191397,0.076510,-0.459386,0.568581,-0.381203
0.016676,0.083032,0.019126,-0.008107,0.017556,-0.025531,0.302990,-0.597458,-0.280163,0.295205,0.089004,-0.311852,0.476671,-0.380405
0.016633,0.081798,0.022522,-0.009271,0.015471,-0.019597,0.227504,-0.565422,-0.229281,0.296448,-0.029822,-0.252301,0.427696,-0.239044
0.016966,0.080225,0.024815,-0.010991,0.020119,-0.014330,0.154006,-0.481938,-0.252409,0.359390,-0.157095,-0.385388,0.384332,-0.090891
0.017665,0.077126,0.026595,-0.012619,0.035098,-0.010272,0.140915,-0.478204,-0.150601,0.348885,-0.086968,-0.450947,0.457371,-0.170078
0.018655,0.073887,0.026934,-0.012758,0.038771,-0.002116,0.134315,-0.440083,-0.135161,0.376310,-0.049167,-0.390315,0.548571,-0.243171
0.020087,0.070366,0.025664,-0.012500,0.037873,0.007325,0.136953,-0.213073,-0.309471,0.433287,0.046990,-0.337479,0.527234,-0.284825
0.021599,0.067159,0.023170,-0.011444,0.036279,0.015592,0.061754,-0.057951,-0.174746,0.350045,0.140223,-0.307148,0.462389,-0.250702
0.023270,0.063643,0.019308,-0.009413,0.035676,0.022263,-0.065457,0.018674,0.087558,0.249519,0.151606,-0.252950,0.248768,-0.054098
0.024755,0.060249,0.014839,-0.007082,0.036459,0.027947,-0.103293,0.114160,0.160302,0.187530,0.278163,-0.253499,0.126296,-0.042108
0.026293,0.056674,0.009449,-0.005727,0.034580,0.031093,-0.113757,0.205143,0.151730,0.129072,0.400130,-0.397358,0.201383,-0.169681
0.027553,0.053051,0.004448,-0.004440,0.038160,0.031274,-0.170373,0.299123,0.207230,0.030226,0.424022,-0.413457,0.163058,-0.136468
0.028711,0.049073,-0.000969,-0.002845,0.038452,0.031230,-0.191446,0.348311,0.279122,-0.028342,0.464782,-0.231205,0.071275,-0.083324
0.029591,0.045382,-0.005770,-0.001709,0.038723,0.030017,-0.178654,0.408601,0.146906,0.016389,0.525453,-0.238013,0.002714,-0.099371
0.030371,0.041323,-0.010772,-0.000777,0.039442,0.028856,-0.196396,0.449843,0.103481,0.014306,0.552218,-0.380015,-0.093165,-0.064830
0.030950,0.036733,-0.014407,-0.001292,0.050497,0.022728,-0.232163,0.445324,0.150382,0.000756,0.470029,-0.384205,-0.113551,0.034297
0.031413,0.031240,-0.017559,-0.001112,0.056980,0.018187,-0.236975,0.430560,0.138286,-0.008996,0.411875,-0.347670,-0.021143,0.026791
0.031635,0.026191,-0.020321,0.000576,0.056837,0.017257,-0.169878,0.483392,-0.182268,0.165925,0.448286,-0.429965,0.003808,-0.054983
0.031643,0.020341,-0.023205,0.002507,0.061119,0.016640,-0.131109,0.542635,-0.378911,0.283412,0.500621,-0.450181,-0.049517,-0.082465
0.031455,0.014940,-0.025225,0.003769,0.061926,0.012628,-0.207073,0.521538,-0.216189,0.225038,0.367638,-0.363857,-0.074250,0.068267
0.031161,0.008424,-0.025554,0.003392,0.071271,0.001899,-0.267243,0.555045,-0.188319,0.198397,0.268806,-0.364353,-0.104753,0.163870
0.030680,0.003411,-0.024541,0.005413,0.060843,-0.006328,-0.209912,0.544063,-0.392274,0.279523,0.349571,-0.490461,-0.043528,0.058321
0.030134,0.000159,-0.023198,0.005833,0.037159,-0.007750,-0.100683,0.520514,-0.827082,0.533674,0.354767,-0.579572,-0.050612,0.001705
0.029526,-0.002283,-0.021252,0.007222,0.031259,-0.012160,-0.077500,0.335846,-0.795636,0.553096,0.225920,-0.488486,-0.092121,0.087143
0.028847,-0.004021,-0.018781,0.007629,0.021582,-0.014235,-0.161686,0.077209,-0.235515,0.377887,0.008839,-0.394886,-0.005600,0.185472
0.028133,-0.005431,-0.015865,0.008935,0.019967,-0.018247,-0.147463,-0.003820,-0.222865,0.342932,-0.061922,-0.508001,0.200950,0.114069
0.027263,-0.007255,-0.012138,0.010244,0.023668,-0.021508,-0.013249,-0.078072,-0.381512,0.359084,0.085821,-0.590382,0.450282,-0.132617
0.026348,-0.008713,-0.008743,0.011791,0.020822,-0.021218,0.045576,-0.124341,-0.507792,0.396496,0.124488,-0.470830,0.443462,-0.197504
0.025386,-0.010824,-0.004607,0.011803,0.026975,-0.023871,0.032952,-0.086223,-0.584426,0.374974,0.097681,-0.316648,0.285932,-0.102618
0.024526,-0.013400,-0.000661,0.011795,0.034370,-0.024622,-0.028758,-0.094588,-0.483142,0.296077,0.017236,-0.371117,0.269212,-0.015470
0.023559,-0.016620,0.003190,0.012392,0.038699,-0.022239,-0.030110,-0.076240,-0.665727,0.405892,-0.044862,-0.565001,0.241719,0.017931
0.022596,-0.019654,0.005904,0.013147,0.038532,-0.016968,0.025422,-0.017393,-0.924622,0.502534,0.017458,-0.593910,0.301683,-0.100684
0.021407,-0.022837,0.007330,0.014030,0.036081,-0.008225,-0.024890,-0.003839,-0.860102,0.441998,-0.077213,-0.489987,0.425708,-0.102649
0.020044,-0.025410,0.006780,0.015750,0.030189,0.003435,-0.132271,0.039373,-0.649664,0.322691,-0.140326,-0.399126,0.353144,0.010933
0.018204,-0.027963,0.004173,0.017943,0.026272,0.015050,-0.190174,0.122090,-0.501524,0.204258,-0.004095,-0.382680,0.324360,-0.016772
0.016281,-0.029991,0.000308,0.018815,0.021524,0.024136,-0.258268,0.226257,-0.305258,0.016327,0.142477,-0.436250,0.400177,-0.106921
0.014361,-0.032424,-0.004235,0.016378,0.024222,0.026216,-0.343675,0.373667,-0.111061,-0.199271,0.272191,-0.397938,0.344187,-0.110664
0.012730,-0.034311,-0.009212,0.013361,0.019830,0.031105,-0.363054,0.487643,-0.016932,-0.330328,0.457596,-0.258421,0.198235,-0.131320
0.011069,-0.035693,-0.015414,0.010885,0.012536,0.035784,-0.310038,0.585288,-0.195448,-0.225106,0.594392,-0.266317,0.002387,-0.138654
0.009666,-0.036294,-0.021240,0.008907,0.004808,0.036403,-0.326658,0.633491,-0.091191,-0.235946,0.615955,-0.322398,-0.159361,-0.038828
0.008227,-0.035919,-0.027403,0.008068,-0.006096,0.035572,-0.421825,0.587468,0.275000,-0.369351,0.461676,-0.322787,-0.145733,0.132515
0.006922,-0.035358,-0.032207,0.009074,-0.008110,0.030013,-0.414101,0.486509,0.406451,-0.413107,0.433145,-0.346461,-0.047813,0.103818
0.005647,-0.034298,-0.036170,0.009165,-0.012568,0.022861,-0.325255,0.372204,0.398944,-0.400545,0.604372,-0.387560,0.065138,-0.137392
0.004721,-0.032760,-0.038773,0.007688,-0.018853,0.016280,-0.268157,0.346382,0.288258,-0.376928,0.658400,-0.369053,0.081981,-0.228242
0.003817,-0.029747,-0.040909,0.007513,-0.033453,0.012323,-0.229628,0.312212,0.272525,-0.375525,0.597198,-0.273385,0.032573,-0.145362
0.002980,-0.026039,-0.041845,0.008921,-0.044255,0.005845,-0.199622,0.206480,0.314613,-0.328256,0.507651,-0.256701,-0.013295,-0.050511
0.002233,-0.021196,-0.042714,0.007432,-0.053309,0.005013,-0.187237,0.011138,0.482518,-0.378751,0.462445,-0.337048,-0.004281,-0.046628
0.001607,-0.016745,-0.042725,0.007434,-0.052972,0.000069,-0.147779,-0.193772,0.527462,-0.411409,0.397512,-0.417687,0.119114,-0.108446
0.000908,-0.011438,-0.042363,0.007902,-0.058343,-0.002090,-0.098171,-0.275645,0.634458,-0.482925,0.399046,-0.384156,0.332581,-0.262899
0.000212,-0.006432,-0.041550,0.008629,-0.059549,-0.005076,-0.035057,-0.310705,0.550356,-0.468690,0.385988,-0.320025,0.470894,-0.373843
-0.000703,-0.001058,-0.039701,0.010472,-0.059060,-0.010674,0.005338,-0.354675,0.528063,-0.475591,0.443191,-0.231783,0.361013,-0.372633
-0.001707,0.003866,-0.037170,0.012037,-0.058624,-0.015803,0.007327,-0.408743,0.535915,-0.467277,0.417381,-0.202964,0.260039,-0.304636
-0.003070,0.008987,-0.033205,0.014458,-0.056543,-0.022890,0.025601,-0.485398,0.425352,-0.442774,0.304535,-0.320114,0.253389,-0.248145
-0.004500,0.013504,-0.028575,0.015466,-0.054298,-0.028924,0.056294,-0.571674,0.299677,-0.410256,0.222817,-0.418048,0.333532,-0.264302
-0.006378,0.017668,-0.022302,0.017724,-0.046780,-0.036202,0.098836,-0.691667,0.122731,-0.365035,0.119087,-0.393429,0.463174,-0.316783
-0.008387,0.019913,-0.016480,0.020091,-0.028153,-0.036398,0.136032,-0.781004,-0.008281,-0.317532,0.042768,-0.334614,0.533825,-0.347738
-0.010633,0.021457,-0.009979,0.020227,-0.018888,-0.037491,0.150692,-0.809121,-0.214516,-0.262214,-0.029006,-0.357209,0.568298,-0.351806
-0.012657,0.023057,-0.003896,0.019237,-0.021517,-0.038029,0.103032,-0.637093,-0.448788,-0.257601,-0.055102,-0.419990,0.599202,-0.356925
-0.014595,0.024848,0.001789,0.016786,-0.022206,-0.032783,0.075999,-0.583790,-0.558363,-0.224735,-0.112922,-0.422690,0.636697,-0.346294
-0.016189,0.025191,0.006954,0.014203,-0.006934,-0.032283,0.067907,-0.674220,-0.559275,-0.155076,-0.147771,-0.345200,0.516974,-0.251005
-0.017641,0.025191,0.011766,0.011793,-0.002722,-0.027767,0.026764,-0.662190,-0.417831,-0.182545,-0.130250,-0.304566,0.512066,-0.230147
-0.018828,0.025126,0.015640,0.010495,-0.001812,-0.024215,0.030713,-0.534331,-0.579169,-0.084265,-0.165978,-0.470228,0.658922,-0.300947
-0.020165,0.026303,0.019849,0.011065,-0.015686,-0.024284,0.044718,-0.451959,-0.625993,-0.050642,-0.080700,-0.510070,0.656276,-0.356814
-0.021228,0.027703,0.022641,0.009909,-0.018778,-0.017440,0.004974,-0.441795,-0.539581,-0.068297,-0.069569,-0.303766,0.557093,-0.266866
-0.021958,0.029914,0.023764,0.006960,-0.025135,-0.006481,-0.011431,-0.604829,-0.363849,-0.143444,-0.131265,-0.224270,0.464727,-0.152017
-0.022309,0.032153,0.023337,0.004645,-0.026285,0.002663,-0.055784,-0.581018,-0.192874,-0.213605,-0.077679,-0.387567,0.470186,-0.167561
-0.022403,0.034069,0.021349,0.003246,-0.019546,0.011478,-0.101805,-0.519705,0.155538,-0.406123,-0.002045,-0.471916,0.712360,-0.354927
-0.022244,0.035340,0.018230,0.002099,-0.012532,0.019487,-0.109416,-0.434433,0.303042,-0.501067,0.099717,-0.323288,0.780009,-0.448654
-0.021745,0.036566,0.013823,-0.000086,-0.010125,0.025427,-0.086278,-0.200884,0.176981,-0.502809,0.357692,-0.128859,0.594595,-0.504753
-0.020785,0.038472,0.008490,-0.004100,-0.018413,0.033333,-0.133610,-0.000290,0.185833,-0.529139,0.495214,-0.134945,0.360872,-0.438726
-0.019326,0.040904,0.002221,-0.007663,-0.022321,0.036177,-0.202811,0.115409,0.339873,-0.529366,0.477160,-0.202929,0.021586,-0.182834
-0.017832,0.042969,-0.003176,-0.009499,-0.020751,0.033719,-0.251270,0.113413,0.669859,-0.591904,0.478714,-0.195546,-0.027424,-0.095236
-0.016121,0.044898,-0.008388,-0.011047,-0.018049,0.030078,-0.252592,0.030213,0.794939,-0.599422,0.462540,-0.309509,0.160329,-0.183522
-0.014548,0.046331,-0.012259,-0.012203,-0.014767,0.024193,-0.164436,0.028027,0.601686,-0.491997,0.566562,-0.365164,0.152947,-0.298652
-0.012907,0.047416,-0.015281,-0.013201,-0.010432,0.017432,-0.089565,0.053712,0.494232,-0.407720,0.655006,-0.235243,0.158323,-0.380376
-0.011551,0.048004,-0.016950,-0.013175,-0.006200,0.010429,-0.079588,0.021211,0.493037,-0.332594,0.530138,-0.197205,0.134167,-0.260892
-0.010378,0.048056,-0.017484,-0.012012,-0.000352,0.003085,-0.057463,0.003190,0.402522,-0.208469,0.453102,-0.263788,-0.039219,-0.103451
-0.009515,0.047987,-0.017167,-0.010836,0.000694,-0.001980,-0.005919,-0.066757,0.229040,-0.089161,0.438661,-0.369194,0.004731,-0.152474
-0.008597,0.048316,-0.016717,-0.010832,-0.003767,-0.002598,0.021645,-0.157886,0.052569,0.003851,0.294585,-0.477267,0.162474,-0.165578
-0.007715,0.049052,-0.016357,-0.011150,-0.008879,-0.002248,0.024695,-0.232065,0.056484,0.020687,0.169729,-0.410789,0.259059,-0.128221
-0.006895,0.049700,-0.015637,-0.010241,-0.007316,-0.004160,0.010835,-0.302732,0.246311,-0.038758,0.142246,-0.280293,0.386955,-0.174865
-0.006286,0.050086,-0.014658,-0.009053,-0.004843,-0.006113,0.016153,-0.341614,0.362646,-0.071312,0.199319,-0.296810,0.429933,-0.242738
-0.005867,0.050733,-0.012872,-0.007696,-0.007512,-0.010306,0.067585,-0.302793,0.197336,-0.015131,0.319145,-0.359302,0.353185,-0.304193
-0.005854,0.051504,-0.010339,-0.004954,-0.009744,-0.015826,0.100955,-0.283191,0.044934,0.014563,0.333520,-0.344005,0.322892,-0.316055
-0.006159,0.053320,-0.006913,-0.002746,-0.020704,-0.019777,0.090725,-0.384688,0.056844,0.024065,0.177050,-0.315924,0.294077,-0.187581
-0.006504,0.055248,-0.003708,-0.002272,-0.023713,-0.020027,0.087719,-0.493291,-0.005804,0.046494,0.059960,-0.341714,0.247495,-0.092982
-0.006949,0.057138,-0.000251,-0.001704,-0.021576,-0.019945,0.120157,-0.675761,0.045842,0.005530,0.017627,-0.412226,0.393162,-0.187526
-0.007282,0.058848,0.002515,-0.001946,-0.021114,-0.017292,0.113479,-0.731558,0.131195,-0.048198,-0.043764,-0.437304,0.582347,-0.273908
-0.007503,0.060538,0.005044,-0.002700,-0.019226,-0.014589,0.124236,-0.672465,0.103766,-0.114808,-0.020089,-0.348370,0.699130,-0.373994
-0.007493,0.061875,0.006913,-0.004356,-0.016450,-0.011682,0.127695,-0.614930,0.097277,-0.153471,0.081921,-0.257041,0.683129,-0.429516
-0.007173,0.063350,0.007973,-0.005765,-0.016461,-0.006106,0.103419,-0.554904,0.093269,-0.140530,0.149352,-0.244577,0.511619,-0.367591
-0.006629,0.065199,0.008359,-0.007403,-0.022141,-0.002413,0.086185,-0.492973,0.102919,-0.114194,0.170788,-0.286296,0.385543,-0.300480
-0.005773,0.067057,0.008184,-0.009021,-0.020394,0.001008,0.048942,-0.469112,0.245070,-0.158924,0.138493,-0.332951,0.438645,-0.283286
-0.004641,0.068025,0.007989,-0.012988,-0.011473,0.001216,0.030717,-0.523484,0.424320,-0.204447,0.107719,-0.320117,0.491329,-0.273410
-0.003044,0.068446,0.007569,-0.016544,-0.004561,0.002423,0.056304,-0.468425,0.392527,-0.184891,0.220349,-0.263318,0.472127,-0.345164
-0.001273,0.068468,0.006702,-0.018868,-0.000168,0.005417,0.116221,-0.355087,0.224387,-0.065134,0.323603,-0.282843,0.476271,-0.438130
0.000886,0.067506,0.005555,-0.021017,0.010622,0.006624,0.113306,-0.267444,0.211971,0.027309,0.327872,-0.309728,0.362905,-0.362342
0.003116,0.066514,0.004092,-0.022853,0.011754,0.009138,0.056637,-0.204198,0.345983,0.040519,0.277934,-0.236111,0.230817,-0.200316
0.005662,0.065841,0.002120,-0.023454,0.007168,0.011384,0.050426,-0.111615,0.262329,0.134205,0.268482,-0.268066,0.231779,-0.173508
0.007966,0.064970,0.000203,-0.022704,0.009945,0.011970,0.065795,-0.083628,0.257567,0.187490,0.341312,-0.387369,0.246781,-0.232234
0.010445,0.063933,-0.001744,-0.022898,0.010865,0.011251,0.032925,-0.125870,0.448245,0.162238,0.339564,-0.332166,0.213085,-0.170520
0.012526,0.061677,-0.001963,-0.024239,0.026754,0.001369,0.022132,-0.093683,0.447618,0.149766,0.316847,-0.232754,0.212848,-0.135455
0.014558,0.058628,-0.001017,-0.024352,0.033933,-0.005463,0.067563,-0.067208,0.348824,0.194827,0.388978,-0.319112,0.235702,-0.223760
0.016164,0.055748,0.000206,-0.021794,0.034907,-0.007637,0.164927,-0.007163,-0.124397,0.506489,0.411461,-0.455993,0.105724,-0.222338
0.018041,0.053258,0.000908,-0.021989,0.027784,-0.004055,0.205512,-0.008085,-0.347069,0.653227,0.331512,-0.404643,0.039612,-0.142119
0.020308,0.052086,-0.000053,-0.025072,0.013291,0.006003,0.083316,-0.107309,-0.098953,0.570563,0.017522,-0.342390,0.155289,0.072854
0.022940,0.051648,-0.002329,-0.024825,0.003199,0.013128,-0.002098,-0.162298,0.234607,0.460384,-0.074058,-0.384406,0.240514,0.118334
0.025167,0.051540,-0.004869,-0.021610,-0.000914,0.015875,0.015318,-0.171569,0.591276,0.335779,0.175414,-0.376606,0.435406,-0.138098
0.027320,0.051318,-0.007850,-0.018368,-0.000170,0.017201,0.044691,-0.135575,0.731075,0.218416,0.375592,-0.295833,0.519072,-0.327717
0.029034,0.050851,-0.010430,-0.015450,0.002901,0.016113,0.060412,-0.067605,0.646045,0.131964,0.536021,-0.199738,0.288993,-0.308766
0.030472,0.049696,-0.012822,-0.011620,0.010277,0.013797,0.043748,-0.005041,0.553734,0.093638,0.588202,-0.184856,0.054037,-0.222061
0.031192,0.048184,-0.014459,-0.005527,0.016135,0.010237,0.009587,0.031314,0.508255,0.074378,0.496688,-0.307587,-0.010877,-0.125338
0.031489,0.046465,-0.015414,-0.001683,0.017867,0.005517,-0.024229,0.066024,0.367957,0.074326,0.381662,-0.422081,0.044015,-0.075456
0.031310,0.044535,-0.015306,0.001946,0.023102,-0.000675,-0.021158,0.061097,0.130437,0.084203,0.340380,-0.413326,0.125399,-0.116182
0.030834,0.041038,-0.012826,0.001400,0.041101,-0.014311,0.000140,0.007695,-0.018313,0.135787,0.320668,-0.354578,0.148154,-0.139181
0.030371,0.037384,-0.009679,0.000664,0.047084,-0.019659,-0.004074,-0.008297,-0.179454,0.200349,0.256438,-0.360867,0.117528,-0.087740
0.029826,0.033068,-0.005990,0.001210,0.051274,-0.021288,0.087713,0.025353,-0.704829,0.518108,0.167178,-0.490058,0.082576,-0.060975
0.029312,0.028704,-0.002563,0.001856,0.055757,-0.021418,0.109631,0.006047,-0.847631,0.642504,0.087510,-0.551579,0.144018,-0.060750
0.028764,0.024174,0.000413,0.003060,0.052775,-0.017173,-0.005518,-0.045401,-0.639273,0.586122,-0.152167,-0.488372,0.238663,0.063757
0.028145,0.019637,0.002870,0.005134,0.056627,-0.015348,-0.033032,-0.023412,-0.646545,0.579563,-0.190337,-0.454278,0.285897,0.062615
0.027181,0.013889,0.004703,0.009347,0.064901,-0.010567,-0.013375,-0.010383,-0.656396,0.546663,-0.048066,-0.484464,0.408800,-0.073524
0.025913,0.008526,0.005478,0.014706,0.064689,-0.004849,-0.036648,0.052586,-0.729932,0.536140,-0.008662,-0.498048,0.382504,-0.076760
0.023888,0.002506,0.004548,0.022525,0.065338,0.005365,-0.097866,0.230102,-0.818261,0.441281,0.055936,-0.429946,0.271691,-0.043503
0.021527,-0.002419,0.002944,0.028252,0.057188,0.010028,-0.189819,0.293395,-0.751255,0.280821,0.049923,-0.415271,0.253317,-0.008900
0.018702,-0.007474,-0.000154,0.030774,0.053262,0.017876,-0.338440,0.427973,-0.669631,0.048578,0.080323,-0.447963,0.137212,0.066922
0.015985,-0.011658,-0.004223,0.031174,0.046937,0.025411,-0.386374,0.443837,-0.619681,-0.120365,0.153291,-0.440935,0.129407,0.039005
0.012938,-0.015801,-0.009597,0.031327,0.042619,0.031033,-0.429406,0.531717,-0.559895,-0.255394,0.258192,-0.429908,0.144058,-0.021693
0.010149,-0.019201,-0.015068,0.029915,0.037827,0.034169,-0.480103,0.612528,-0.380416,-0.412469,0.334971,-0.385626,0.147799,-0.048355
0.007220,-0.022584,-0.021160,0.028149,0.035102,0.035169,-0.502248,0.671597,-0.292622,-0.489165,0.413171,-0.319520,0.034896,-0.013335
0.004749,-0.026224,-0.025588,0.025654,0.042125,0.027650,-0.472240,0.702659,-0.295100,-0.478527,0.519342,-0.289345,-0.085017,-0.013771
0.002113,-0.030900,-0.029258,0.025639,0.050811,0.021178,-0.465790,0.709248,-0.279122,-0.468893,0.528711,-0.345490,-0.124242,0.010667
-0.000237,-0.034611,-0.031295,0.025623,0.044023,0.012725,-0.417242,0.717874,-0.517964,-0.318860,0.453776,-0.434465,-0.187727,0.081783
-0.002398,-0.037729,-0.031455,0.023558,0.034268,0.000925,-0.375609,0.742782,-0.779743,-0.214764,0.427574,-0.467497,-0.184112,0.072465
-0.003755,-0.040838,-0.028749,0.019973,0.036785,-0.016917,-0.375706,0.579912,-0.701739,-0.211178,0.299757,-0.474220,-0.109973,0.107073
-0.004471,-0.044057,-0.023204,0.015700,0.034742,-0.031997,-0.325531,0.374031,-0.668633,-0.101405,0.185150,-0.459207,-0.157250,0.173099
-0.004231,-0.046494,-0.016019,0.008985,0.027913,-0.044857,-0.152162,0.236731,-1.000000,0.221524,0.159505,-0.549812,-0.060916,0.059511
-0.002896,-0.049514,-0.006522,0.000584,0.032040,-0.054813,-0.012017,0.059288,-1.000000,0.474467,0.036660,-0.682638,0.151747,-0.037207
-0.000573,-0.053195,0.003028,-0.009951,0.043035,-0.059679,0.056198,-0.182902,-1.000000,0.670675,-0.200097,-0.619143,0.216519,0.039452
0.002824,-0.056908,0.012761,-0.019472,0.040912,-0.056193,0.184497,-0.287058,-1.000000,0.940770,-0.284464,-0.533511,0.287426,0.020626
0.006371,-0.059854,0.020519,-0.025712,0.036082,-0.048459,0.269404,-0.256587,-1.000000,1.000000,-0.313778,-0.630373,0.501607,-0.082609
0.010579,-0.062931,0.027413,-0.032036,0.035508,-0.039804,0.262143,-0.263279,-1.000000,1.000000,-0.337742,-0.628449,0.522924,-0.034924
0.014140,-0.065418,0.031246,-0.033314,0.031109,-0.023909,0.252400,-0.223582,-0.924739,1.000000,-0.245673,-0.446047,0.398079,-0.005834
0.017045,-0.067343,0.032278,-0.029635,0.021690,-0.005961,0.241089,-0.153727,-0.735179,1.000000,-0.171230,-0.425631,0.416895,-0.055930
0.018290,-0.069010,0.029183,-0.022628,0.017911,0.019351,0.124715,-0.027677,-0.371075,1.000000,-0.120223,-0.498362,0.434953,-0.037027
0.017949,-0.069962,0.021691,-0.014157,0.005950,0.043230,-0.007819,0.091104,0.061350,0.747308,-0.012233,-0.398423,0.423556,-0.009451
0.016094,-0.070288,0.011732,-0.004073,-0.002399,0.062204,-0.174568,0.333373,0.502734,0.319229,0.216104,-0.239002,0.482503,-0.059865
0.012547,-0.070545,-0.001592,0.006509,-0.003901,0.076880,-0.338798,0.590474,0.908751,-0.162862,0.539417,-0.195113,0.419652,-0.148185
0.008404,-0.070346,-0.014971,0.013894,-0.007899,0.083602,-0.447811,0.809321,0.979108,-0.519997,0.907600,-0.171111,0.053252,-0.187184
0.003588,-0.069579,-0.029474,0.017627,-0.011835,0.083701,-0.503800,0.946832,0.866970,-0.750052,1.000000,-0.084760,-0.250970,-0.182196
-0.000855,-0.068544,-0.041762,0.020887,-0.013350,0.076773,-0.571549,0.940665,0.852440,-0.906172,0.950310,-0.102731,-0.319890,-0.069082
-0.005582,-0.067135,-0.053014,0.025347,-0.014698,0.064974,-0.626296,0.869016,0.856509,-0.995761,0.774949,-0.175604,-0.295478,0.054960
-0.009913,-0.065403,-0.060961,0.031592,-0.018685,0.049612,-0.594285,0.777548,0.720591,-0.985547,0.762026,-0.229831,-0.224280,-0.021371
-0.014563,-0.063334,-0.065981,0.039769,-0.020923,0.028957,-0.531834,0.665047,0.510770,-0.935348,0.776589,-0.269223,-0.115704,-0.151706
-0.018818,-0.061129,-0.067050,0.048167,-0.025684,0.006683,-0.488775,0.568812,0.316390,-0.932211,0.705206,-0.269833,-0.105919,-0.119254
-0.023428,-0.058825,-0.064413,0.056220,-0.026998,-0.015204,-0.428917,0.447690,-0.010270,-0.887717,0.582167,-0.283069,-0.148683,-0.028875
-0.027352,-0.056899,-0.058316,0.060167,-0.028143,-0.038106,-0.348314,0.204545,-0.406597,-0.802607,0.425947,-0.396860,-0.159859,0.007368
-0.031068,-0.054801,-0.048664,0.059978,-0.031901,-0.055724,-0.295931,-0.056894,-0.793582,-0.730259,0.206100,-0.550358,-0.101748,0.041238
-0.034013,-0.052716,-0.037840,0.057412,-0.037002,-0.067611,-0.228507,-0.347529,-1.000000,-0.621001,-0.077584,-0.630529,0.123512,0.009952
-0.036660,-0.050575,-0.024556,0.053617,-0.038634,-0.076677,-0.155177,-0.615287,-1.000000,-0.495009,-0.316120,-0.612983,0.413161,-0.098007
-0.038645,-0.049024,-0.011426,0.048782,-0.035920,-0.081995,-0.058634,-0.822007,-1.000000,-0.366357,-0.438349,-0.560307,0.649568,-0.222604
-0.040551,-0.048222,0.002715,0.045299,-0.027143,-0.081599,0.067643,-0.942761,-1.000000,-0.198807,-0.462880,-0.534782,0.771318,-0.303220
-0.041989,-0.048091,0.015470,0.040499,-0.020442,-0.079699,0.147029,-0.932650,-1.000000,-0.073630,-0.447210,-0.522837,0.793831,-0.320870
-0.043199,-0.047897,0.028526,0.035358,-0.020604,-0.075325,0.150437,-0.828126,-1.000000,-0.038285,-0.450189,-0.517174,0.762712,-0.284365
-0.044073,-0.047296,0.038921,0.029275,-0.023629,-0.064931,0.152909,-0.770551,-1.000000,0.030755,-0.461178,-0.520698,0.688768,-0.228346
-0.044953,-0.046086,0.047993,0.024693,-0.026903,-0.052376,0.160439,-0.793591,-1.000000,0.105950,-0.459874,-0.518163,0.610012,-0.187980
-0.045943,-0.044184,0.053859,0.021982,-0.032395,-0.036645,0.118052,-0.794937,-1.000000,0.072825,-0.463824,-0.502840,0.634301,-0.175262
-0.047336,-0.041249,0.056777,0.019794,-0.036899,-0.016854,0.042515,-0.758256,-1.000000,-0.051567,-0.475246,-0.491937,0.738427,-0.191532
-0.048853,-0.037501,0.056153,0.017083,-0.043489,0.003896,-0.052891,-0.687688,-0.791993,-0.245290,-0.395369,-0.441622,0.805097,-0.241275
-0.050744,-0.032445,0.052011,0.015468,-0.048540,0.023905,-0.173664,-0.549681,-0.370614,-0.491167,-0.228971,-0.340728,0.827633,-0.311928
-0.052534,-0.026986,0.045534,0.013580,-0.052619,0.040480,-0.281702,-0.384432,0.078158,-0.761105,-0.001125,-0.251925,0.816069,-0.398546
-0.054323,-0.020482,0.036708,0.011656,-0.055356,0.050920,-0.362187,-0.159038,0.417998,-1.000000,0.290801,-0.198858,0.704559,-0.465458
-0.055455,-0.013333,0.027449,0.006668,-0.066216,0.057889,-0.398287,0.061556,0.627842,-1.000000,0.548683,-0.131834,0.476840,-0.468603
-0.055974,-0.006052,0.017908,0.001577,-0.061671,0.055028,-0.389512,0.205062,0.707337,-1.000000,0.704356,-0.060360,0.167298,-0.393420
-0.055891,-0.000261,0.010635,-0.002454,-0.053681,0.045450,-0.386055,0.170606,0.975742,-1.000000,0.730161,-0.062434,-0.007041,-0.271171
-0.055214,0.004640,0.004942,-0.007395,-0.042899,0.032868,-0.362630,0.143678,0.931021,-1.000000,0.650043,-0.186961,-0.072892,-0.177315
-0.054061,0.007424,0.002038,-0.013201,-0.027150,0.018142,-0.265802,0.083633,0.642611,-0.893107,0.624186,-0.324651,-0.002488,-0.245935
-0.052156,0.008236,0.002290,-0.020991,-0.009389,-0.001450,-0.155185,0.013367,0.329111,-0.640665,0.578333,-0.364035,0.079744,-0.314851
-0.049842,0.007017,0.005673,-0.028545,0.007894,-0.021135,-0.044506,-0.013172,0.009980,-0.323164,0.478086,-0.337283,0.084983,-0.289448
-0.047138,0.004704,0.010789,-0.030896,0.016624,-0.029534,0.107143,-0.099991,-0.415229,0.141332,0.315165,-0.387490,0.061705,-0.202417
-0.044460,0.003079,0.016766,-0.032815,0.008793,-0.037324,0.247870,-0.223275,-0.855660,0.638051,0.112212,-0.513840,0.030983,-0.083436
-0.041477,0.002034,0.023722,-0.033424,0.000796,-0.040161,0.208941,-0.327111,-0.769042,0.738685,-0.155716,-0.554812,0.211622,0.018466
-0.038731,0.002814,0.030061,-0.033065,-0.019118,-0.039602,0.171711,-0.555347,-0.442870,0.717341,-0.419975,-0.536302,0.458090,0.057888
-0.035817,0.004362,0.036543,-0.032543,-0.025666,-0.037377,0.240192,-0.688220,-0.418402,0.752990,-0.356337,-0.488940,0.555291,-0.037746
-0.033306,0.005011,0.041551,-0.030678,-0.014457,-0.031316,0.318607,-0.841203,-0.214241,0.651775,-0.216353,-0.396258,0.702675,-0.220314
-0.030611,0.004517,0.046403,-0.030406,-0.000157,-0.027992,0.289815,-0.837171,-0.022635,0.532103,-0.202284,-0.370800,0.720482,-0.223691
-0.028077,0.003259,0.050416,-0.030810,0.010385,-0.025080,0.241881,-0.580734,-0.080550,0.420949,-0.081813,-0.384016,0.673344,-0.278374
-0.025358,0.001874,0.053490,-0.030230,0.012242,-0.017739,0.270329,-0.397366,-0.371724,0.510596,0.029382,-0.427620,0.628436,-0.360980
-0.022925,0.000752,0.054998,-0.029048,0.011924,-0.009418,0.282139,-0.297371,-0.629627,0.681371,0.070160,-0.416408,0.396732,-0.263719
-0.020464,0.000154,0.054733,-0.027034,0.006773,0.001526,0.161449,-0.251509,-0.415118,0.604076,-0.025675,-0.319109,0.274662,-0.057505
-0.018398,0.000506,0.052494,-0.024586,-0.002468,0.013996,0.023208,-0.247646,-0.101107,0.470169,-0.181248,-0.375859,0.356907,0.056359
-0.016416,0.001543,0.048112,-0.021691,-0.008623,0.025287,-0.018068,-0.213347,0.074450,0.345143,-0.055945,-0.478361,0.457435,-0.060458
-0.014760,0.002734,0.042682,-0.019357,-0.010833,0.033921,-0.033418,-0.149797,0.291129,0.147401,0.191845,-0.376452,0.566079,-0.277021
-0.013062,0.003860,0.035909,-0.017994,-0.008935,0.039092,-0.097247,-0.036603,0.536477,-0.093080,0.345023,-0.205885,0.536605,-0.323828
-0.011451,0.004362,0.029680,-0.018244,-0.002943,0.038917,-0.148086,0.119980,0.615420,-0.233062,0.517097,-0.152474,0.294410,-0.274115
-0.009739,0.004950,0.022802,-0.017756,-0.003760,0.039690,-0.149511,0.260512,0.513133,-0.241430,0.677875,-0.214693,0.024046,-0.252813
-0.008354,0.004696,0.015595,-0.015116,0.005633,0.045035,-0.138661,0.336466,0.364903,-0.160610,0.674786,-0.307816,-0.101240,-0.195260
-0.007125,0.003942,0.007610,-0.012177,0.010569,0.046058,-0.191794,0.317439,0.465409,-0.206880,0.528342,-0.327298,-0.073793,-0.063840
-0.006131,0.002960,0.000656,-0.010789,0.013534,0.043461,-0.298799,0.424877,0.564707,-0.326761,0.453253,-0.304734,0.030264,-0.007115
-0.005212,0.001273,-0.006022,-0.009403,0.019964,0.038552,-0.295781,0.489864,0.472712,-0.350719,0.569679,-0.330371,0.104967,-0.156340
-0.004659,-0.001137,-0.011788,-0.006300,0.029805,0.036037,-0.234598,0.508012,0.272278,-0.223523,0.726039,-0.312890,-0.030046,-0.232818
-0.004348,-0.004150,-0.017328,-0.003632,0.034000,0.031961,-0.211028,0.566098,0.110572,-0.128032,0.710385,-0.236525,-0.173108,-0.123912
-0.004288,-0.007331,-0.021393,-0.001334,0.038532,0.025399,-0.282133,0.639393,0.054247,-0.164702,0.529160,-0.298053,-0.170517,0.062530
-0.004536,-0.010918,-0.024900,0.001836,0.039951,0.020236,-0.324700,0.612348,-0.001368,-0.160537,0.417417,-0.428151,-0.176204,0.149810
-0.004979,-0.013892,-0.026966,0.004427,0.035742,0.012908,-0.267621,0.558451,-0.260920,-0.026577,0.468870,-0.474195,-0.159054,0.051521
-0.005663,-0.015368,-0.026994,0.007503,0.016225,0.000159,-0.243673,0.512558,-0.382618,-0.011111,0.450215,-0.465190,-0.025467,-0.035549
-0.006344,-0.016495,-0.025698,0.008853,0.013143,-0.008096,-0.266023,0.418316,-0.319740,-0.036196,0.292034,-0.440038,0.014848,0.067323
-0.006925,-0.018177,-0.022386,0.008281,0.017769,-0.019105,-0.192820,0.117110,-0.310930,0.017951,0.209998,-0.398241,-0.061832,0.126371
-0.007302,-0.019880,-0.017669,0.007704,0.019079,-0.029478,-0.111986,-0.001591,-0.500819,0.112907,0.225500,-0.477379,0.022395,0.013884
-0.007796,-0.021457,-0.011836,0.009441,0.015893,-0.033663,-0.032169,-0.057665,-0.722907,0.226788,0.079720,-0.651677,0.314795,-0.116918
-0.008183,-0.022011,-0.005834,0.009440,0.004896,-0.037494,0.023195,-0.164648,-0.860156,0.357272,-0.076039,-0.605416,0.362331,-0.076152
-0.008447,-0.022128,0.000230,0.007524,-0.000387,-0.034984,0.023448,-0.265871,-0.852714,0.333682,-0.132691,-0.380950,0.339948,-0.044180
-0.008629,-0.022471,0.005487,0.006535,0.002461,-0.032858,0.022937,-0.437162,-0.687835,0.302233,-0.225642,-0.407439,0.436850,-0.038165
-0.008956,-0.024120,0.009460,0.006679,0.016961,-0.022929,0.003445,-0.449611,-0.548015,0.276319,-0.218986,-0.556433,0.505982,-0.063240
-0.009366,-0.026262,0.011508,0.006735,0.024823,-0.012796,0.040645,-0.382702,-0.602724,0.261008,-0.145198,-0.538303,0.649420,-0.212801
-0.009770,-0.028327,0.012675,0.005496,0.022313,-0.006734,0.007561,-0.133413,-0.694912,0.191713,-0.033237,-0.425041,0.700137,-0.312436
-0.009987,-0.029958,0.012801,0.002719,0.019381,-0.000792,-0.096107,0.079911,-0.600844,0.075336,0.056447,-0.319850,0.554689,-0.233189
-0.010237,-0.032001,0.011394,0.001286,0.022924,0.008117,-0.152402,0.125704,-0.509173,0.075976,0.136922,-0.266008,0.217090,-0.053026
-0.010432,-0.034771,0.009196,-0.000298,0.033845,0.013746,-0.153969,0.169476,-0.474825,0.133300,0.243231,-0.340474,0.039886,-0.010536
-0.010378,-0.038770,0.006724,-0.003561,0.044849,0.014257,-0.236979,0.308168,-0.308857,0.032304,0.223598,-0.525764,0.215742,-0.055528
-0.010604,-0.043488,0.002748,-0.003069,0.057742,0.024857,-0.291260,0.471872,-0.294754,-0.007963,0.187921,-0.546854,0.304206,-0.047981
-0.011032,-0.048277,-0.002415,-0.003025,0.054594,0.029787,-0.189585,0.583155,-0.605113,0.191580,0.391824,-0.368338,0.143623,-0.124582
-0.011563,-0.052495,-0.007913,-0.003586,0.052533,0.034346,-0.257368,0.809193,-0.605986,0.132903,0.551965,-0.283103,0.001772,-0.125263
-0.012266,-0.057289,-0.014259,-0.003751,0.055353,0.036629,-0.408756,0.846570,-0.248517,-0.001320,0.384125,-0.355322,-0.155818,0.155172
-0.012944,-0.061492,-0.019588,-0.003330,0.052559,0.033297,-0.430120,0.867392,-0.191170,0.004262,0.394880,-0.382351,-0.347657,0.276886
-0.013505,-0.065682,-0.023943,-0.003066,0.048067,0.025133,-0.378613,0.887215,-0.329253,0.024253,0.532552,-0.469064,-0.105136,0.054747
-0.013570,-0.068786,-0.026101,-0.004520,0.038036,0.013479,-0.365359,0.820123,-0.352136,0.018136,0.468775,-0.544691,0.006926,0.033050
-0.013090,-0.072108,-0.026034,-0.005121,0.036495,-0.000387,-0.310144,0.755500,-0.424095,0.116788,0.473294,-0.401139,-0.221571,0.136108
-0.012186,-0.074830,-0.023534,-0.004005,0.031160,-0.015607,-0.207830,0.580329,-0.502612,0.250209,0.464144,-0.359338,-0.214777,0.095355
-0.010487,-0.077296,-0.017702,-0.003588,0.024823,-0.033686,-0.156622,0.454076,-0.682751,0.395595,0.287604,-0.575242,-0.148480,0.141997
-0.008067,-0.079086,-0.009729,-0.005718,0.018464,-0.049815,-0.078271,0.272582,-0.839957,0.534150,0.124736,-0.662194,-0.080737,0.163457
-0.004208,-0.081360,0.001691,-0.011178,0.022358,-0.065868,0.057973,-0.018709,-1.000000,0.749496,-0.030548,-0.609456,0.075220,0.087272
0.000139,-0.083508,0.013188,-0.016743,0.024404,-0.071876,0.185022,-0.269854,-1.000000,0.963016,-0.188051,-0.609823,0.217612,0.033840
0.005061,-0.084978,0.024943,-0.020213,0.016840,-0.067837,0.301936,-0.402731,-1.000000,1.000000,-0.345836,-0.675182,0.362529,0.009804
0.009111,-0.085885,0.033961,-0.019573,0.012904,-0.056351,0.356234,-0.445575,-1.000000,1.000000,-0.423047,-0.664095,0.496750,-0.009329
0.012399,-0.086835,0.040513,-0.016733,0.012698,-0.037792,0.355281,-0.470476,-1.000000,1.000000,-0.418754,-0.555944,0.519986,-0.025823
0.014107,-0.087505,0.043171,-0.011696,0.009242,-0.016612,0.286518,-0.400103,-0.939157,1.000000,-0.349077,-0.475737,0.494814,-0.033967
0.014211,-0.088200,0.042102,-0.004373,0.007121,0.006167,0.135944,-0.239893,-0.609964,0.856037,-0.286376,-0.464794,0.544852,-0.042573
0.012444,-0.087976,0.037259,0.005032,-0.005111,0.030262,-0.044981,-0.082942,-0.198383,0.526009,-0.204763,-0.440973,0.597649,-0.034451
0.008502,-0.087018,0.027690,0.014206,-0.014211,0.055240,-0.191485,0.147257,0.100392,0.181143,0.041126,-0.332235,0.580086,-0.087702
0.003441,-0.085108,0.015708,0.021190,-0.025808,0.074848,-0.343390,0.385121,0.460232,-0.301362,0.399955,-0.220615,0.514372,-0.219477
-0.003050,-0.082760,0.000441,0.026423,-0.026523,0.088029,-0.540598,0.674254,0.821548,-0.810805,0.726060,-0.156140,0.281199,-0.232645
-0.009111,-0.080638,-0.013993,0.027574,-0.022623,0.090332,-0.621100,0.837983,0.979683,-1.000000,0.943145,-0.051783,-0.053060,-0.193848
-0.015336,-0.078495,-0.028639,0.027735,-0.017997,0.084454,-0.630268,0.927629,0.873809,-1.000000,1.000000,-0.014637,-0.268021,-0.177623
-0.020879,-0.076103,-0.040954,0.029987,-0.020719,0.076983,-0.653939,0.900481,0.789586,-1.000000,0.895034,-0.130259,-0.287994,-0.098144
-0.026590,-0.073093,-0.052197,0.033347,-0.024439,0.064813,-0.666163,0.842427,0.688226,-1.000000,0.752984,-0.216747,-0.256218,0.012238
-0.031533,-0.070055,-0.059878,0.037979,-0.028308,0.048050,-0.643503,0.743889,0.635728,-1.000000,0.728107,-0.216493,-0.134292,-0.038429
-0.036522,-0.066307,-0.064653,0.043305,-0.035887,0.027543,-0.599228,0.607959,0.514339,-1.000000,0.713654,-0.246005,-0.042364,-0.111049
-0.040637,-0.062492,-0.065235,0.047530,-0.044605,0.003639,-0.531088,0.502080,0.290547,-1.000000,0.691289,-0.264102,-0.082584,-0.114647
-0.044167,-0.060366,-0.060382,0.049328,-0.030108,-0.028011,-0.445410,0.314556,0.032920,-1.000000,0.598904,-0.296074,-0.089287,-0.096012
-0.046891,-0.059386,-0.052437,0.050533,-0.024567,-0.049657,-0.341680,0.012749,-0.286303,-0.936211,0.393755,-0.408295,-0.081607,-0.028966
-0.049297,-0.059051,-0.041428,0.049300,-0.021107,-0.063508,-0.161906,-0.176622,-1.000000,-0.537542,0.172539,-0.592422,-0.068938,-0.033861
-0.050851,-0.059495,-0.029647,0.044898,-0.015942,-0.073603,-0.059367,-0.405407,-1.000000,-0.343287,-0.074273,-0.698504,0.199005,-0.145483
-0.051652,-0.060581,-0.015160,0.039159,-0.012821,-0.083630,-0.113934,-0.598543,-1.000000,-0.323875,-0.465380,-0.611768,0.486997,-0.058735
-0.051655,-0.062169,-0.000817,0.033131,-0.008052,-0.089620,0.010829,-0.693323,-1.000000,-0.116883,-0.542553,-0.519907,0.631015,-0.125759
-0.051036,-0.064146,0.015114,0.028089,-0.005819,-0.091925,0.186920,-0.773695,-1.000000,0.203714,-0.426143,-0.601183,0.733913,-0.322377
-0.050154,-0.066097,0.029249,0.023992,-0.002993,-0.088318,0.261389,-0.775607,-1.000000,0.400023,-0.440228,-0.639481,0.655350,-0.256706
-0.048978,-0.068021,0.043182,0.019399,-0.002281,-0.080409,0.268885,-0.742921,-1.000000,0.436784,-0.526045,-0.540678,0.595775,-0.106374
-0.047915,-0.069953,0.054046,0.015323,0.003574,-0.067911,0.255538,-0.737070,-1.000000,0.467811,-0.585424,-0.551515,0.609486,-0.066538
-0.046880,-0.071085,0.063187,0.010915,-0.002364,-0.052750,0.241116,-0.725305,-1.000000,0.516380,-0.554661,-0.636398,0.586183,-0.085808
-0.117899,0.206912,-0.187566,0.000000,0.000000,0.000000,0.000000,0.000000,0.000000,0.000000,0.000000,0.000000,0.000000,0.000000
-0.117905,0.206919,-0.187556,-0.000034,-0.000303,-0.000153,0.000000,0.000000,0.000000,0.000000,0.000000,0.000000,0.000000,0.000000
-0.118081,0.207091,-0.187330,0.000414,-0.003658,-0.001696,-0.532279,-0.530964,1.000000,-1.000000,0.136544,-0.325710,0.490416,0.116241
-0.118642,0.207100,-0.186566,0.000708,-0.003219,-0.004409,-0.530828,-0.535403,1.000000,-1.000000,0.135520,-0.325695,0.489994,0.116704
-0.119984,0.207044,-0.184946,0.003450,-0.006548,-0.010125,-0.153388,-0.254964,0.660799,-1.000000,0.803468,-0.254518,0.734920,-0.740780
-0.121721,0.207454,-0.182790,0.003712,-0.013489,-0.012440,-0.133084,-0.282017,0.590231,-1.000000,0.787688,-0.264714,0.726084,-0.737532
-0.123913,0.207501,-0.179829,0.003184,-0.014150,-0.018505,-0.128295,-0.268786,0.579156,-1.000000,0.598666,0.041048,-0.100675,-0.168473
-0.127524,0.206229,-0.174573,0.002210,-0.008817,-0.030315,-0.124524,-0.363152,0.636664,-1.000000,0.550627,0.038420,-0.066915,-0.158621
-0.132144,0.203717,-0.167560,0.001284,-0.004128,-0.043829,-0.178759,-0.538810,0.601716,-1.000000,0.295350,-0.503230,0.271012,-0.188203
-0.138811,0.199010,-0.156973,-0.000382,0.002192,-0.061116,-0.067658,-0.619235,0.218815,-1.000000,0.253646,-0.573328,0.292049,-0.232372
-0.146117,0.192327,-0.144502,-0.004547,0.013018,-0.077925,0.121071,-0.807364,-0.278492,-0.884555,0.243024,-0.242876,0.543187,-0.473232
-0.154374,0.182565,-0.128841,-0.011265,0.025746,-0.090361,0.213872,-0.989384,-0.679027,-0.631059,0.021636,-0.275329,0.518580,-0.429522
-0.161503,0.172110,-0.113326,-0.018833,0.032331,-0.096921,0.229193,-0.997717,-0.982179,-0.412910,-0.147138,-0.466811,0.331417,-0.243684
-0.167808,0.159556,-0.096572,-0.027771,0.041998,-0.096725,0.258502,-1.000000,-1.000000,-0.203804,-0.373618,-0.551673,0.554330,-0.245073
-0.171901,0.147422,-0.082218,-0.034839,0.052425,-0.089641,0.300206,-1.000000,-1.000000,0.037028,-0.555814,-0.565345,0.741993,-0.275923
-0.174390,0.134456,-0.068532,-0.040543,0.059800,-0.078975,0.362212,-0.987201,-1.000000,0.222690,-0.473499,-0.486457,0.740905,-0.300631
-0.175017,0.123349,-0.057970,-0.044522,0.062500,-0.066042,0.350981,-0.815688,-1.000000,0.319585,-0.390624,-0.430133,0.731590,-0.281153
-0.173994,0.112371,-0.049440,-0.046874,0.068618,-0.049216,0.278406,-0.639081,-1.000000,0.300249,-0.372662,-0.463749,0.698069,-0.216364
-0.171642,0.103791,-0.044999,-0.046426,0.073065,-0.027738,0.203138,-0.515256,-1.000000,0.276430,-0.309026,-0.465043,0.577129,-0.134850
-0.167885,0.096543,-0.044042,-0.044730,0.074001,-0.005523,0.114070,-0.332942,-1.000000,0.219512,-0.206172,-0.425005,0.533936,-0.143418
-0.163640,0.091898,-0.046226,-0.042594,0.068973,0.013651,-0.050033,-0.101672,-0.857217,-0.006998,-0.124902,-0.416839,0.590269,-0.168847
-0.158515,0.088800,-0.051358,-0.039803,0.062898,0.029605,-0.239140,0.158033,-0.462485,-0.282839,0.010864,-0.360399,0.543961,-0.136637
-0.153537,0.087409,-0.058131,-0.036347,0.056485,0.042343,-0.347560,0.381800,-0.148538,-0.503967,0.289221,-0.229257,0.393982,-0.169210
-0.147950,0.087594,-0.066753,-0.034775,0.043331,0.049756,-0.385892,0.606514,-0.002195,-0.648522,0.621588,-0.174683,0.188289,-0.235370
-0.142808,0.088997,-0.074933,-0.033819,0.028193,0.051102,-0.424543,0.739883,0.137060,-0.753853,0.770160,-0.169608,-0.060864,-0.155294
-0.137149,0.090692,-0.083823,-0.034240,0.024793,0.051248,-0.439242,0.688057,0.367557,-0.796095,0.739660,-0.140477,-0.269500,0.021170
-0.131901,0.091787,-0.091698,-0.035238,0.027011,0.049184,-0.427213,0.512361,0.547598,-0.829391,0.668678,-0.187442,-0.269544,0.067578
-0.126198,0.092185,-0.099850,-0.036425,0.032460,0.047102,-0.418282,0.419107,0.628256,-0.877617,0.655174,-0.317570,-0.092493,-0.055408
-0.121004,0.091018,-0.106412,-0.038890,0.044623,0.041007,-0.390780,0.444379,0.628752,-0.894417,0.708411,-0.351170,0.088311,-0.228223
-0.115561,0.088661,-0.112313,-0.041032,0.050362,0.034034,-0.345407,0.562887,0.578834,-0.837700,0.812725,-0.206220,0.108142,-0.317551
-0.110863,0.085167,-0.116602,-0.041558,0.060019,0.026800,-0.268310,0.708790,0.357479,-0.616831,0.887522,-0.084913,-0.072872,-0.273924
-0.106394,0.080017,-0.119041,-0.041930,0.065934,0.014076,-0.214810,0.739613,0.217824,-0.403849,0.866805,-0.113744,-0.335563,-0.104118
-0.102834,0.074592,-0.119346,-0.041454,0.065782,0.001908,-0.229000,0.716162,0.069374,-0.249941,0.692323,-0.274495,-0.469266,0.138777
-0.099180,0.069663,-0.118375,-0.042700,0.050760,-0.005609,-0.194475,0.573864,-0.148852,-0.088605,0.487383,-0.460967,-0.361349,0.213930
-0.095979,0.066055,-0.116405,-0.043178,0.035609,-0.012301,-0.131707,0.391002,-0.289840,0.051585,0.387928,-0.557632,-0.129010,0.117491
-0.092982,0.062344,-0.112453,-0.041857,0.027620,-0.022801,-0.094115,0.196721,-0.051426,0.061903,0.338661,-0.476685,0.082760,0.019957
-0.090661,0.059964,-0.107101,-0.039942,0.009618,-0.033438,-0.048080,0.019321,0.163085,0.069538,0.297399,-0.357042,0.194624,-0.022553
-0.088622,0.058354,-0.099763,-0.037354,-0.005448,-0.042359,0.099996,-0.124828,-0.061773,0.227915,0.352200,-0.379608,0.186071,-0.108273
-0.087199,0.057189,-0.091708,-0.034184,-0.013046,-0.050337,0.230498,-0.387689,-0.146210,0.304963,0.349486,-0.448274,0.183141,-0.170342
-0.085772,0.055740,-0.082641,-0.033181,-0.011628,-0.052294,0.225065,-0.656637,0.028452,0.242757,0.085546,-0.432587,0.256506,-0.037512
-0.084339,0.055244,-0.074658,-0.033377,-0.019908,-0.049895,0.243125,-0.802848,0.054211,0.171577,-0.128396,-0.419371,0.460418,-0.057108
-0.082658,0.056249,-0.066705,-0.033343,-0.034387,-0.045880,0.315047,-0.781952,-0.112689,0.184221,-0.060243,-0.479810,0.691085,-0.318454
-0.081145,0.057207,-0.059528,-0.032877,-0.033773,-0.044876,0.313839,-0.806251,0.013288,0.092931,0.016486,-0.394428,0.764691,-0.426376
-0.079608,0.058159,-0.051800,-0.031885,-0.032282,-0.044575,0.240413,-0.888797,0.357113,-0.060234,-0.008017,-0.191252,0.643505,-0.292238
-0.078169,0.058502,-0.044626,-0.032490,-0.025619,-0.044841,0.254018,-0.843742,0.261055,-0.038009,0.045374,-0.224626,0.549966,-0.284764
-0.076529,0.058834,-0.037553,-0.032088,-0.022894,-0.040801,0.323441,-0.818186,0.010810,0.037767,0.126180,-0.442142,0.579775,-0.397752
-0.074877,0.059045,-0.032380,-0.030925,-0.017406,-0.032327,0.331333,-0.795468,-0.099601,0.117704,0.063129,-0.468310,0.571324,-0.369868
-0.072814,0.059271,-0.028254,-0.031030,-0.013206,-0.023819,0.260154,-0.762756,0.032166,0.025981,-0.045781,-0.283787,0.590881,-0.300265
-0.070593,0.059477,-0.026252,-0.030849,-0.007925,-0.012507,0.169292,-0.665428,0.170581,-0.083880,-0.059967,-0.244206,0.646135,-0.285319
-0.067768,0.059402,-0.026178,-0.031217,0.000651,-0.000426,0.142314,-0.540921,0.177965,-0.091756,0.089066,-0.350537,0.615562,-0.350367
-0.064770,0.059118,-0.027762,-0.032131,0.007383,0.009890,0.099451,-0.367920,0.205834,-0.142020,0.268944,-0.329831,0.542507,-0.406269
-0.061133,0.058753,-0.030848,-0.033659,0.010888,0.017816,0.016209,-0.158185,0.323712,-0.233784,0.332393,-0.220896,0.497312,-0.374609
-0.057624,0.058913,-0.034181,-0.034411,0.005677,0.020832,-0.051700,0.038116,0.413510,-0.267568,0.412389,-0.191319,0.341321,-0.289903
-0.053789,0.059067,-0.038251,-0.033808,0.006346,0.023482,-0.073133,0.184109,0.431634,-0.226108,0.578069,-0.209374,0.103066,-0.242117
-0.050294,0.058800,-0.042321,-0.032551,0.011302,0.025421,-0.071930,0.155652,0.508786,-0.196171,0.625938,-0.237979,-0.021236,-0.186689
-0.046674,0.058373,-0.046304,-0.031647,0.011552,0.022973,-0.113681,0.163947,0.578692,-0.219689,0.547398,-0.288264,-0.040673,-0.080814
-0.043634,0.057674,-0.049111,-0.030039,0.013194,0.017544,-0.143045,0.222680,0.583999,-0.276724,0.515745,-0.342783,0.074186,-0.114705
-0.040640,0.056784,-0.051731,-0.027676,0.013711,0.015119,-0.100874,0.191198,0.493206,-0.218818,0.563719,-0.358253,0.124431,-0.207124
-0.038493,0.055532,-0.053320,-0.022172,0.017314,0.009932,-0.036075,0.170469,0.298952,-0.086289,0.625602,-0.284035,0.010201,-0.218154
-0.036819,0.053940,-0.053843,-0.017409,0.018201,0.003019,-0.049719,0.172154,0.319969,-0.101751,0.574124,-0.244471,0.001372,-0.153087
-0.035783,0.052426,-0.053523,-0.012967,0.017574,-0.001999,-0.107996,0.131898,0.286408,-0.147714,0.380714,-0.353187,0.026044,-0.001674
-0.035020,0.050647,-0.052608,-0.010049,0.018421,-0.005278,-0.065722,0.063131,0.042594,-0.078593,0.369985,-0.435229,-0.012043,-0.018890
-0.034594,0.048998,-0.051285,-0.007572,0.017895,-0.008269,-0.018045,-0.020378,-0.137470,-0.045749,0.390453,-0.439325,0.117078,-0.170437
-0.034193,0.048025,-0.049907,-0.006734,0.009036,-0.007948,-0.060051,-0.065924,-0.093847,-0.100760,0.226985,-0.420103,0.252993,-0.124338
-0.033921,0.047147,-0.048537,-0.005689,0.008702,-0.008564,-0.087458,-0.079389,-0.062281,-0.136508,0.145724,-0.353567,0.269429,-0.061026
-0.033671,0.045800,-0.047410,-0.004576,0.013456,-0.006494,-0.059289,-0.152735,0.011979,-0.168068,0.251982,-0.324583,0.302953,-0.176907
-0.033425,0.044706,-0.046427,-0.004619,0.011802,-0.006151,-0.044846,-0.155951,-0.050332,-0.148071,0.302151,-0.389020,0.301859,-0.234470
-0.033114,0.043672,-0.045394,-0.005011,0.010173,-0.005964,-0.062532,-0.041853,-0.099814,-0.191822,0.309955,-0.384667,0.300483,-0.226126
-0.032836,0.042479,-0.044184,-0.005282,0.012693,-0.007559,-0.078756,-0.056763,-0.032802,-0.220449,0.253312,-0.323266,0.329690,-0.186344
-0.032666,0.041349,-0.042625,-0.004149,0.010654,-0.009002,-0.075498,-0.074503,-0.060036,-0.172237,0.276909,-0.300341,0.193699,-0.129881
-0.032543,0.040446,-0.041120,-0.003779,0.008895,-0.009394,-0.039047,-0.054105,-0.190183,-0.098020,0.337867,-0.359410,0.164332,-0.183868
-0.032537,0.039668,-0.039208,-0.002740,0.006390,-0.011035,-0.053564,-0.114900,-0.164052,-0.119866,0.238424,-0.451115,0.254410,-0.161502
-0.032698,0.039516,-0.036861,-0.001552,-0.001058,-0.014670,-0.090091,-0.156404,-0.072072,-0.157341,0.127957,-0.397250,0.263961,-0.063791
-0.033030,0.039833,-0.033872,-0.000412,-0.006870,-0.017235,-0.053367,-0.204342,-0.119791,-0.158991,0.162240,-0.331725,0.341399,-0.166290
-0.033815,0.040612,-0.030123,0.003790,-0.013938,-0.023435,0.005275,-0.325881,-0.180548,-0.124141,0.202516,-0.405652,0.373726,-0.260489
-0.034814,0.041510,-0.025953,0.005167,-0.014777,-0.024057,0.005823,-0.398921,-0.143555,-0.143224,0.162142,-0.400242,0.325240,-0.199489
-0.035832,0.042159,-0.022264,0.006424,-0.012569,-0.023061,0.015015,-0.543875,-0.159980,-0.213090,0.014074,-0.348317,0.412363,-0.166401
-0.036930,0.042639,-0.018466,0.006564,-0.010007,-0.021916,0.024383,-0.573730,-0.205906,-0.239501,-0.012371,-0.403819,0.502019,-0.231799
-0.037905,0.042929,-0.015164,0.006363,-0.008037,-0.020632,0.015475,-0.520101,-0.235564,-0.295636,0.030203,-0.438676,0.606750,-0.352355
-0.038899,0.042736,-0.012226,0.006582,-0.001740,-0.016952,0.006001,-0.478317,-0.269952,-0.312704,0.037680,-0.362830,0.614254,-0.365025
-0.039708,0.042475,-0.010061,0.006178,-0.000057,-0.013515,0.002214,-0.429600,-0.332969,-0.290163,0.070656,-0.270579,0.506885,-0.317207
-0.040535,0.042228,-0.008057,0.006163,-0.000042,-0.011567,-0.037532,-0.324499,-0.375432,-0.298064,0.101831,-0.305911,0.435315,-0.282501
-0.041194,0.042042,-0.006541,0.005460,-0.000093,-0.009482,-0.088666,-0.289147,-0.301729,-0.331850,0.068979,-0.396660,0.413549,-0.225544
-0.041785,0.041651,-0.005094,0.004394,0.002240,-0.008347,-0.105534,-0.297737,-0.299093,-0.324756,0.054944,-0.386187,0.377345,-0.187682
-0.042247,0.040648,-0.003819,0.003515,0.009946,-0.007969,-0.085274,-0.297220,-0.324891,-0.312660,0.101760,-0.346000,0.427341,-0.264133
-0.042666,0.039719,-0.002736,0.003090,0.008621,-0.006249,-0.087561,-0.269037,-0.329046,-0.298690,0.105505,-0.383102,0.473522,-0.293161
-0.043004,0.038987,-0.001899,0.002786,0.007373,-0.005231,-0.095278,-0.163970,-0.427299,-0.250640,0.117709,-0.384488,0.402654,-0.246129
-0.043426,0.038356,-0.000951,0.003352,0.005526,-0.005462,-0.103643,-0.159004,-0.383637,-0.268505,0.138191,-0.322780,0.373794,-0.230367
-0.043740,0.037679,-0.000437,0.003009,0.007236,-0.003214,-0.135508,-0.193600,-0.321003,-0.270881,0.097385,-0.331067,0.315705,-0.151320
-0.044153,0.038076,0.000554,0.003249,-0.005859,-0.005720,-0.130594,-0.207087,-0.339085,-0.269304,0.106762,-0.387426,0.286342,-0.145225
-0.044539,0.038762,0.001525,0.003222,-0.009781,-0.006065,-0.134180,-0.173513,-0.323476,-0.291566,0.130196,-0.437410,0.403922,-0.233864
-0.044898,0.039218,0.001859,0.003489,-0.005523,-0.001928,-0.116511,-0.352744,-0.178340,-0.335913,0.061780,-0.398362,0.451988,-0.225273
-0.045187,0.039360,0.001575,0.003858,-0.001209,0.001772,-0.095063,-0.387428,-0.178361,-0.326294,0.102083,-0.288575,0.359505,-0.196545
-0.045503,0.039488,0.001100,0.004122,-0.000669,0.002739,-0.106068,-0.261870,-0.158766,-0.419991,0.174247,-0.326829,0.521570,-0.349150
-0.045803,0.039481,0.000462,0.004509,0.001169,0.003987,-0.163461,-0.167444,-0.094282,-0.494236,0.155305,-0.438389,0.553568,-0.334473
-0.046072,0.039610,-0.000013,0.003610,-0.000662,0.002745,-0.146108,-0.113608,-0.197797,-0.443637,0.250471,-0.280291,0.294597,-0.247416
-0.046422,0.040294,0.000277,0.003730,-0.008647,-0.001818,-0.121323,-0.085439,-0.303712,-0.402012,0.326300,-0.186500,0.242810,-0.289482
-0.046769,0.041170,0.000980,0.002845,-0.010756,-0.004058,-0.160626,-0.144937,-0.216736,-0.399564,0.189840,-0.389325,0.231081,-0.165480
-0.047098,0.042246,0.002177,0.002081,-0.014906,-0.007476,-0.159162,-0.280333,-0.141929,-0.377041,0.078015,-0.443947,0.145095,-0.024936
-0.047510,0.043646,0.004131,0.001688,-0.018572,-0.011275,-0.096471,-0.379021,-0.191911,-0.349007,0.096903,-0.384069,0.371339,-0.218711
-0.048278,0.045358,0.007289,0.004003,-0.025990,-0.019717,-0.043577,-0.485968,-0.192572,-0.339282,0.049339,-0.443013,0.587768,-0.362237
-0.049191,0.047463,0.011248,0.003879,-0.029796,-0.022862,-0.021996,-0.530150,-0.170121,-0.326347,0.051455,-0.375380,0.521886,-0.309760
-0.049902,0.048820,0.015096,0.001678,-0.023268,-0.024043,0.043677,-0.671721,-0.279571,-0.298853,0.023617,-0.260881,0.488959,-0.299035
-0.050422,0.050535,0.018737,-0.000389,-0.025176,-0.021017,0.069818,-0.763834,-0.304705,-0.277614,-0.023759,-0.353208,0.500869,-0.299919
-0.050700,0.052073,0.021523,-0.001928,-0.023577,-0.017413,0.049763,-0.696333,-0.309541,-0.261127,-0.089042,-0.475527,0.580519,-0.310900
-0.050713,0.053450,0.023775,-0.003895,-0.019084,-0.012986,0.034896,-0.692465,-0.171436,-0.326370,-0.112394,-0.401305,0.715314,-0.371623
-0.050464,0.054261,0.025153,-0.005704,-0.012274,-0.008611,0.035129,-0.675339,-0.154780,-0.320650,-0.063413,-0.270171,0.698798,-0.387482
-0.049862,0.055014,0.025685,-0.007615,-0.009205,-0.003070,0.040874,-0.556130,-0.197757,-0.299064,0.076357,-0.256549,0.606521,-0.417679
-0.048950,0.056044,0.025162,-0.009780,-0.011278,0.003264,0.006355,-0.436334,-0.178511,-0.292630,0.116255,-0.337712,0.543552,-0.384619
-0.047641,0.056627,0.023404,-0.010975,-0.003448,0.010145,-0.041734,-0.363336,-0.076895,-0.307959,0.099768,-0.333949,0.443083,-0.283010
-0.046126,0.056782,0.021019,-0.012965,0.002377,0.014906,-0.068600,-0.348457,0.085772,-0.342444,0.133289,-0.257666,0.429830,-0.270197
-0.044252,0.056775,0.018060,-0.014779,0.004772,0.017072,-0.096734,-0.211864,0.091791,-0.354481,0.214360,-0.295771,0.456189,-0.326161
-0.042451,0.056541,0.014948,-0.014791,0.007894,0.019437,-0.097489,-0.072542,0.081797,-0.338077,0.325240,-0.344776,0.415034,-0.364358
-0.040386,0.056074,0.011380,-0.015719,0.010334,0.020607,-0.092624,-0.014366,0.077385,-0.270182,0.385878,-0.260697,0.263210,-0.296970
-0.038492,0.055912,0.008398,-0.016267,0.006403,0.018638,-0.112496,0.044172,0.072648,-0.250307,0.393189,-0.194970,0.126624,-0.195175
-0.036544,0.056019,0.005737,-0.016260,0.002339,0.015357,-0.143027,0.070950,0.136723,-0.244297,0.354911,-0.307279,0.108302,-0.128001
-0.034827,0.056536,0.003737,-0.016233,-0.003439,0.012497,-0.136620,-0.008541,0.184499,-0.208315,0.319407,-0.415516,0.104966,-0.101192
-0.032942,0.057095,0.001650,-0.016635,-0.003638,0.012036,-0.082032,-0.106903,0.142261,-0.153431,0.334376,-0.373806,0.155851,-0.164930
-0.031000,0.058242,-0.000721,-0.018049,-0.010754,0.014814,-0.043707,-0.207033,0.197721,-0.167240,0.299613,-0.326859,0.296446,-0.237333
-0.028818,0.059792,-0.003344,-0.018683,-0.014252,0.015136,-0.061271,-0.193845,0.313703,-0.205935,0.267024,-0.328501,0.348292,-0.224291
-0.026922,0.061293,-0.005290,-0.018216,-0.015784,0.012166,-0.068626,-0.192039,0.539198,-0.292105,0.336974,-0.272530,0.362901,-0.266644
-0.025002,0.062979,-0.006830,-0.017840,-0.017105,0.008882,-0.035284,-0.209862,0.548221,-0.272550,0.421676,-0.241853,0.317890,-0.311247
-0.023442,0.064439,-0.007906,-0.016048,-0.016389,0.006727,0.029440,-0.225662,0.380762,-0.198459,0.479246,-0.269142,0.195969,-0.314529
-0.021974,0.065924,-0.008567,-0.014657,-0.015778,0.003816,0.046405,-0.271305,0.363378,-0.170511,0.416842,-0.303828,0.169478,-0.259751
-0.020849,0.067051,-0.008857,-0.012673,-0.013174,0.001807,0.003700,-0.314413,0.439894,-0.220591,0.255583,-0.329145,0.242044,-0.173683
-0.019840,0.068284,-0.008697,-0.011449,-0.013659,-0.000923,0.017941,-0.360255,0.394117,-0.214779,0.214498,-0.342910,0.321200,-0.208730
-0.019112,0.069811,-0.008000,-0.010454,-0.018710,-0.004356,0.063177,-0.359461,0.228850,-0.177872,0.297808,-0.339842,0.372141,-0.334912
-0.018564,0.071055,-0.006448,-0.009761,-0.014702,-0.008959,0.076408,-0.397266,0.203107,-0.168229,0.283803,-0.309363,0.385782,-0.343633
-0.018225,0.071358,-0.004402,-0.009475,-0.005046,-0.012784,0.061664,-0.491623,0.295126,-0.175150,0.184752,-0.265023,0.328804,-0.228635
-0.017994,0.071005,-0.001646,-0.009317,0.002113,-0.015901,0.092692,-0.508482,0.144283,-0.097740,0.152627,-0.311444,0.322089,-0.225452
-0.017838,0.070319,0.000953,-0.008744,0.006387,-0.016235,0.145467,-0.459432,-0.121907,0.003921,0.162632,-0.439793,0.429465,-0.338199
-0.017703,0.069737,0.003839,-0.008491,0.004580,-0.016656,0.142924,-0.449346,-0.222080,0.065659,0.080560,-0.439517,0.472357,-0.315699
-0.017515,0.069138,0.006235,-0.008472,0.005523,-0.014970,0.088224,-0.431777,-0.182797,0.047687,-0.005750,-0.283788,0.423374,-0.199858
-0.017249,0.068582,0.008602,-0.008575,0.004657,-0.013658,0.073959,-0.474882,-0.131653,0.045677,-0.023847,-0.269888,0.434210,-0.182864
-0.016882,0.067984,0.010328,-0.008784,0.006002,-0.010786,0.074045,-0.458932,-0.158266,0.084855,0.036835,-0.421009,0.433845,-0.227868
-0.016305,0.067420,0.011636,-0.009413,0.005420,-0.007543,0.078222,-0.447840,-0.136535,0.068039,0.063435,-0.438620,0.482728,-0.276474
-0.015704,0.067196,0.012493,-0.009318,0.002148,-0.005358,0.057474,-0.419308,-0.079426,0.020686,0.031546,-0.321787,0.535514,-0.267879
-0.014886,0.066725,0.012620,-0.009273,0.005107,-0.000730,0.040856,-0.377655,-0.016233,-0.014090,0.069124,-0.268542,0.504492,-0.262049
-0.014035,0.066338,0.012281,-0.009288,0.004793,0.002121,0.035960,-0.369256,0.022821,-0.021203,0.157311,-0.313330,0.410765,-0.264342
-0.012955,0.065981,0.011394,-0.009837,0.004350,0.005119,0.008690,-0.280017,0.035969,-0.047158,0.211367,-0.344561,0.360821,-0.259576
-0.011788,0.065961,0.010026,-0.010511,0.000894,0.008533,-0.009469,-0.255183,0.101293,-0.096006,0.181881,-0.337795,0.412625,-0.256715
-0.010385,0.065776,0.008172,-0.011207,0.002783,0.010712,-0.022517,-0.231891,0.144007,-0.099096,0.202370,-0.307627,0.364593,-0.228912
-0.008963,0.065657,0.006069,-0.011747,0.002215,0.013137,-0.026311,-0.211583,0.233530,-0.132737,0.289198,-0.266916,0.324679,-0.261232
-0.007502,0.065342,0.003325,-0.009838,0.004280,0.015834,-0.036060,-0.162022,0.260280,-0.132249,0.316737,-0.301119,0.319584,-0.266424
-0.006275,0.065395,0.001036,-0.009006,-0.000007,0.014308,-0.043073,-0.118190,0.303113,-0.150022,0.342360,-0.319135,0.273446,-0.244273
-0.005067,0.065739,-0.001108,-0.008437,-0.003339,0.012375,-0.072173,-0.062295,0.311992,-0.199722,0.369482,-0.280308,0.243018,-0.228977
-0.003986,0.065925,-0.003058,-0.008062,-0.001848,0.012170,-0.055087,-0.122686,0.307946,-0.192496,0.363122,-0.277475,0.209916,-0.213894
-0.002872,0.065993,-0.005141,-0.007502,-0.000480,0.012026,-0.035117,-0.169760,0.283643,-0.152407,0.375405,-0.307617,0.139925,-0.192206
-0.001827,0.065821,-0.006749,-0.008481,0.002209,0.010053,-0.044683,-0.151429,0.308777,-0.181933,0.347211,-0.337166,0.220915,-0.218924
-0.000842,0.066762,-0.008056,-0.007854,-0.010257,0.007539,-0.063567,-0.145932,0.356238,-0.222874,0.283495,-0.356107,0.327114,-0.226150
-0.000284,0.068355,-0.008376,-0.005836,-0.018953,0.002002,-0.022264,-0.127387,0.247825,-0.135195,0.341076,-0.307519,0.268401,-0.248882
0.000060,0.070463,-0.008150,-0.004308,-0.023151,-0.001301,0.021425,-0.270852,0.324561,-0.138653,0.393079,-0.237207,0.223711,-0.278546
-0.000060,0.072705,-0.007050,-0.001480,-0.026691,-0.006876,0.018525,-0.447368,0.400945,-0.146768,0.258675,-0.279176,0.187583,-0.151849
-0.000831,0.075762,-0.004462,0.001984,-0.033640,-0.014933,0.033723,-0.507222,0.413247,-0.194523,0.182856,-0.365717,0.275250,-0.166372
-0.002106,0.078900,-0.000986,0.005328,-0.037541,-0.021744,0.088845,-0.607847,0.309743,-0.211868,0.141454,-0.422533,0.495881,-0.318587
-0.003878,0.082374,0.003412,0.007509,-0.038598,-0.025387,0.159325,-0.778632,0.143724,-0.184350,0.099973,-0.350279,0.497656,-0.349397
-0.005642,0.085186,0.007369,0.008795,-0.034101,-0.024712,0.180318,-0.885510,0.066279,-0.204009,0.052511,-0.240946,0.468853,-0.328638
-0.007282,0.087705,0.010686,0.008279,-0.028383,-0.019139,0.144146,-0.923328,0.120330,-0.284039,-0.070644,-0.308978,0.585713,-0.319875
-0.008319,0.089836,0.012708,0.005708,-0.025938,-0.012638,0.103511,-0.865887,0.111275,-0.336520,-0.111285,-0.413762,0.660578,-0.339527
-0.008933,0.091914,0.013826,0.003286,-0.023175,-0.006448,0.094242,-0.763873,0.068540,-0.380165,-0.006226,-0.326952,0.716070,-0.446519
-0.008933,0.093777,0.013718,0.000376,-0.022128,0.000675,0.078750,-0.696830,0.134418,-0.396494,0.071118,-0.208754,0.716847,-0.490711
-0.008108,0.095083,0.011876,-0.003106,-0.013809,0.010630,0.030545,-0.602077,0.236120,-0.404752,0.132336,-0.201859,0.555934,-0.408728
-0.006651,0.095286,0.009396,-0.008517,-0.001692,0.015494,-0.007159,-0.514314,0.379519,-0.430408,0.199850,-0.233661,0.443889,-0.353648
-0.004387,0.095120,0.005792,-0.013020,0.002576,0.020791,-0.049111,-0.346407,0.481281,-0.456590,0.267827,-0.267249,0.477019,-0.383934
-0.001936,0.095202,0.002118,-0.016110,-0.000447,0.022960,-0.027621,-0.172717,0.392127,-0.345617,0.355014,-0.281468,0.454899,-0.424191
0.000938,0.094556,-0.002338,-0.016930,0.007302,0.025709,-0.017413,-0.058901,0.403249,-0.253888,0.489437,-0.191580,0.273564,-0.392835
0.003549,0.093845,-0.006008,-0.018110,0.008258,0.022939,-0.038336,-0.074902,0.578842,-0.211740,0.487993,-0.118330,0.108628,-0.248859
0.006110,0.092741,-0.009088,-0.018162,0.011703,0.017760,-0.082923,0.028536,0.598094,-0.193510,0.452890,-0.221282,0.019279,-0.127099
0.007906,0.091546,-0.010702,-0.015793,0.013846,0.010091,-0.043814,-0.000842,0.521185,-0.130435,0.454594,-0.387885,0.092449,-0.188786
0.009046,0.090142,-0.010938,-0.011782,0.015366,0.001363,0.015715,-0.051802,0.317963,0.018700,0.456107,-0.394455,0.093657,-0.218986
0.009506,0.088642,-0.010190,-0.007995,0.018115,-0.004675,0.066231,-0.122937,0.146360,0.098814,0.382997,-0.286543,0.117116,-0.202867
0.009535,0.086480,-0.008883,-0.004319,0.024186,-0.007542,0.066033,-0.234471,0.060767,0.135992,0.214666,-0.317359,0.159629,-0.106053
0.009214,0.084830,-0.007149,-0.001797,0.020235,-0.010836,0.049173,-0.281971,-0.022546,0.151130,0.118196,-0.419899,0.172170,-0.055120
0.008749,0.082993,-0.005227,-0.000511,0.020776,-0.011088,0.048473,-0.260002,-0.155775,0.141111,0.099514,-0.457781,0.324936,-0.163226
0.008474,0.081773,-0.003844,-0.001025,0.014968,-0.008638,0.062946,-0.356104,-0.173205,0.119031,0.038824,-0.413022,0.442927,-0.216450
0.008062,0.080790,-0.002174,-0.000190,0.011287,-0.009643,0.040021,-0.341343,-0.177922,0.107949,0.048738,-0.312073,0.382419,-0.172392
0.007666,0.079596,-0.000641,0.000087,0.014652,-0.009573,0.016372,-0.337495,0.000009,0.018648,0.087953,-0.280177,0.439161,-0.216383
0.007294,0.078060,0.001030,-0.000504,0.017323,-0.009645,0.015977,-0.387954,0.004571,0.028390,0.075138,-0.382153,0.421004,-0.199432
0.007060,0.076841,0.002419,-0.001278,0.014874,-0.008681,0.060283,-0.317775,-0.189266,0.086403,0.177636,-0.392300,0.328992,-0.241823
0.007031,0.075911,0.003662,-0.002972,0.010522,-0.007173,0.073656,-0.296447,-0.228073,0.090134,0.151757,-0.354796,0.440619,-0.302113
0.006973,0.075420,0.004822,-0.002607,0.006145,-0.007250,0.013394,-0.333261,-0.073056,0.052752,0.022335,-0.339387,0.401111,-0.155334
0.006935,0.074700,0.005552,-0.001477,0.008081,-0.004211,0.002721,-0.342890,0.040614,0.044186,0.067832,-0.285626,0.315380,-0.116131
0.007025,0.074112,0.005948,-0.001750,0.005681,-0.001980,0.050860,-0.400937,0.004124,0.057105,0.137710,-0.354527,0.419138,-0.261171
0.007343,0.074459,0.005588,-0.002779,-0.004224,0.002247,0.032994,-0.341732,-0.012734,0.010686,0.155804,-0.431847,0.441351,-0.281840
0.007394,0.075268,0.005510,-0.000365,-0.008909,0.000451,0.000253,-0.316153,0.132130,-0.083213,0.134207,-0.308381,0.457677,-0.248111
0.007202,0.076501,0.005867,0.001280,-0.014574,-0.002228,-0.020604,-0.372605,0.355946,-0.167144,0.160134,-0.194393,0.439076,-0.239353
0.006632,0.078243,0.006835,0.003714,-0.018925,-0.005594,0.015824,-0.421083,0.240924,-0.145073,0.243436,-0.278910,0.321713,-0.260271
0.006141,0.079783,0.007413,0.004152,-0.018182,-0.003609,0.068568,-0.481030,0.136593,-0.134788,0.284725,-0.378286,0.288336,-0.300212
0.005605,0.082234,0.008054,0.004124,-0.026786,-0.003695,0.055412,-0.583704,0.183202,-0.196994,0.117714,-0.371150,0.406180,-0.259485
0.005184,0.084716,0.008428,0.003855,-0.029469,-0.002342,0.007778,-0.562504,0.300166,-0.298663,0.025663,-0.299574,0.505641,-0.248301
0.005002,0.087193,0.008239,0.002554,-0.027258,0.001096,0.032813,-0.635461,0.393893,-0.355437,0.096117,-0.266128,0.587712,-0.365054
0.005118,0.089217,0.007542,0.000891,-0.024227,0.004353,0.058067,-0.637349,0.356767,-0.339252,0.216395,-0.266796,0.512101,-0.412259
0.005713,0.091016,0.006053,-0.001946,-0.020058,0.008596,0.043495,-0.546467,0.399300,-0.382119,0.255977,-0.244239,0.489696,-0.411878
0.006685,0.092160,0.004115,-0.004983,-0.014038,0.012102,0.010755,-0.480659,0.499032,-0.415154,0.215100,-0.254575,0.504642,-0.374076
0.008076,0.092972,0.001749,-0.007756,-0.009508,0.013657,0.003118,-0.394967,0.515883,-0.380502,0.282828,-0.245372,0.405049,-0.354849
0.009489,0.093200,-0.000519,-0.008935,-0.003422,0.014173,0.015337,-0.299749,0.469993,-0.321328,0.386222,-0.218446,0.354281,-0.393480
0.010752,0.092945,-0.002622,-0.007122,0.002095,0.012135,0.016202,-0.246194,0.474264,-0.258696,0.391768,-0.243369,0.308231,-0.354903
0.011635,0.092537,-0.003844,-0.006265,0.004347,0.007633,0.001460,-0.184463,0.450236,-0.198517,0.375276,-0.257949,0.196651,-0.257501
0.012226,0.091247,-0.004740,-0.003625,0.013797,0.005167,0.003791,-0.169201,0.322472,-0.158679,0.360268,-0.274921,0.170680,-0.231515
0.012397,0.089354,-0.005391,0.000189,0.022267,0.004076,0.029758,-0.228080,0.192400,-0.074254,0.310684,-0.339678,0.179196,-0.213563
0.012140,0.088258,-0.005281,0.002480,0.012099,-0.000638,0.011341,-0.176135,0.040600,-0.036570,0.260417,-0.372567,0.193910,-0.190016
0.011742,0.087354,-0.004921,0.003549,0.010919,-0.002249,-0.031767,-0.117724,-0.034508,-0.087090,0.188876,-0.364807,0.306681,-0.198466
0.011045,0.086376,-0.004092,0.005164,0.011086,-0.004786,-0.026834,-0.301858,0.033735,-0.088694,0.116068,-0.333658,0.295714,-0.144080
0.010318,0.085000,-0.003210,0.005803,0.016730,-0.005508,-0.012245,-0.325974,-0.034003,-0.040340,0.178010,-0.295411,0.202645,-0.145643
0.009468,0.083337,-0.002169,0.006280,0.018641,-0.006006,0.010037,-0.334005,-0.080499,-0.077600,0.157329,-0.386066,0.403428,-0.277621
0.008717,0.081955,-0.001160,0.005795,0.016807,-0.006311,-0.018998,-0.289439,-0.122265,-0.073655,0.071602,-0.468725,0.456083,-0.234367
0.007968,0.081244,-0.000187,0.005482,0.008100,-0.005608,-0.011894,-0.245863,-0.195857,-0.071175,0.120221,-0.309105,0.378847,-0.227999
0.007363,0.080426,0.000265,0.005830,0.009880,-0.002824,0.003721,-0.285547,-0.201795,-0.045862,0.148820,-0.241134,0.377342,-0.259824
0.006785,0.078986,-0.000235,0.007732,0.015691,0.002884,-0.034760,-0.364473,-0.026006,-0.087691,0.104050,-0.342277,0.306234,-0.159574
0.006271,0.077228,-0.000910,0.008115,0.020755,0.004219,-0.078068,-0.298427,0.048326,-0.154167,0.096314,-0.380947,0.327494,-0.137950
0.005536,0.075512,-0.001500,0.009655,0.018723,0.003403,-0.093029,-0.172432,0.007033,-0.260803,0.157093,-0.380832,0.529938,-0.313345
0.004791,0.073700,-0.002482,0.011627,0.021360,0.006133,-0.075395,-0.092988,-0.145606,-0.216793,0.244509,-0.355002,0.463137,-0.352257
0.004000,0.071383,-0.003890,0.012281,0.025229,0.008130,-0.068253,-0.076953,-0.241737,-0.173863,0.329349,-0.211791,0.180435,-0.245990
0.003250,0.069081,-0.005472,0.013160,0.027173,0.009889,-0.147440,-0.022893,-0.172442,-0.248002,0.255847,-0.212538,0.114652,-0.107818
0.002411,0.066110,-0.007027,0.012921,0.032434,0.008964,-0.232410,0.030052,-0.085841,-0.314498,0.120280,-0.435682,0.193182,-0.026725
0.001621,0.061934,-0.008248,0.012422,0.049601,0.007632,-0.225988,0.069092,-0.167879,-0.303300,0.206368,-0.499672,0.230249,-0.129334
0.000696,0.057420,-0.009739,0.013345,0.049494,0.008599,-0.157408,0.101707,-0.385799,-0.210631,0.320711,-0.364984,0.281196,-0.289780
-0.000217,0.053646,-0.010926,0.013427,0.044934,0.007421,-0.157929,0.280063,-0.654056,-0.094944,0.306642,-0.320370,0.215079,-0.228941
-0.001223,0.050502,-0.012139,0.013304,0.034561,0.007004,-0.241741,0.332178,-0.521563,-0.155081,0.221780,-0.312507,0.062353,-0.010208
-0.002411,0.048743,-0.012388,0.014614,0.020943,0.001551,-0.292422,0.231499,-0.390594,-0.139532,0.140268,-0.334335,-0.083810,0.145083
-0.003767,0.047071,-0.012446,0.014996,0.018375,0.000336,-0.263515,0.113941,-0.328136,-0.153099,0.192572,-0.443865,0.019114,0.034925
-0.005128,0.045836,-0.012100,0.015585,0.014650,-0.002162,-0.210410,-0.097531,-0.263611,-0.186997,0.129064,-0.553509,0.276078,-0.092497
-0.006605,0.044783,-0.011650,0.015532,0.011505,-0.002600,-0.185639,-0.112409,-0.266691,-0.225155,0.115882,-0.454508,0.353666,-0.138826
-0.007819,0.043946,-0.011424,0.014074,0.009906,-0.001408,-0.136105,-0.131893,-0.281869,-0.271346,0.160227,-0.306075,0.459004,-0.267271
-0.009091,0.043609,-0.011067,0.013428,0.003597,-0.002063,-0.137856,-0.136931,-0.270473,-0.280147,0.197529,-0.322434,0.374819,-0.245896
-0.010372,0.043723,-0.010314,0.014026,-0.001615,-0.004701,-0.154330,-0.081394,-0.218326,-0.290009,0.236172,-0.322143,0.225238,-0.165080
-0.011779,0.043664,-0.009907,0.014854,0.000510,-0.002351,-0.149747,-0.162197,-0.135729,-0.315722,0.183462,-0.342570,0.279497,-0.161719
-0.013044,0.043257,-0.009912,0.015056,0.004840,0.000031,-0.126671,-0.274426,-0.176071,-0.292930,0.126213,-0.415032,0.276387,-0.141829
-0.014491,0.042771,-0.009905,0.015903,0.005340,-0.000040,-0.132292,-0.212299,-0.190189,-0.357910,0.178017,-0.396855,0.354092,-0.232981
-0.015782,0.042528,-0.009951,0.015436,0.002915,0.000287,-0.167690,-0.143654,-0.132511,-0.446318,0.143930,-0.373708,0.535432,-0.312257
-0.017119,0.042334,-0.009840,0.014524,0.002079,-0.000640,-0.168411,-0.113529,-0.208072,-0.429686,0.181523,-0.323197,0.390116,-0.250866
-0.018371,0.042257,-0.009406,0.014225,0.000638,-0.002714,-0.133821,-0.096717,-0.273966,-0.375892,0.313523,-0.226581,0.206465,-0.246380
-0.019756,0.042024,-0.008630,0.014090,0.002058,-0.004477,-0.149984,-0.136689,-0.239923,-0.366698,0.235695,-0.324506,0.228558,-0.199054
-0.021133,0.041882,-0.007494,0.014606,0.000854,-0.007101,-0.177172,-0.186670,-0.196652,-0.368514,0.092023,-0.455028,0.214419,-0.070476
-0.022641,0.042049,-0.005776,0.014091,-0.003097,-0.009908,-0.144448,-0.213455,-0.280595,-0.342814,0.104262,-0.424499,0.320554,-0.166607
-0.023955,0.042832,-0.003984,0.012832,-0.010850,-0.011200,-0.097807,-0.291460,-0.365929,-0.326832,0.106187,-0.402899,0.468691,-0.308360
-0.025527,0.044507,-0.001188,0.013152,-0.020729,-0.016133,-0.090445,-0.353534,-0.334863,-0.312763,0.079111,-0.365884,0.415697,-0.250149
-0.026826,0.047268,0.001134,0.011597,-0.035100,-0.014509,-0.093665,-0.418989,-0.183167,-0.353296,0.051754,-0.283293,0.404398,-0.201171
-0.028052,0.050726,0.003473,0.009666,-0.040164,-0.013489,-0.051238,-0.596469,-0.158788,-0.346135,-0.009072,-0.358045,0.466666,-0.227426
-0.028954,0.053828,0.005547,0.006812,-0.039159,-0.012977,-0.026640,-0.720537,0.040663,-0.418680,0.035819,-0.407276,0.506945,-0.292112
-0.029783,0.055990,0.007086,0.006256,-0.025302,-0.008878,-0.018982,-0.750844,0.195551,-0.502165,0.016117,-0.335469,0.686840,-0.387889
-0.030425,0.057961,0.008343,0.005017,-0.024873,-0.007860,0.036205,-0.701902,0.136128,-0.479835,0.059487,-0.292954,0.744714,-0.468760
-0.031065,0.059808,0.009495,0.004720,-0.021493,-0.006642,0.030712,-0.491871,-0.060500,-0.455281,0.200499,-0.279521,0.625307,-0.493539
-0.031391,0.059920,0.009060,0.004859,-0.000828,0.002724,0.007455,-0.478234,-0.018711,-0.454273,0.197139,-0.252941,0.478841,-0.401135
-0.031445,0.059176,0.007666,0.003487,0.009679,0.008044,-0.030116,-0.467516,-0.025009,-0.405701,0.132688,-0.249845,0.287858,-0.232150
-0.031304,0.058165,0.006183,0.001606,0.013774,0.009266,-0.113343,-0.177245,-0.114137,-0.465582,0.170029,-0.342019,0.387413,-0.290566
-0.030995,0.056821,0.004644,-0.000300,0.016426,0.008880,-0.165192,-0.046726,-0.087809,-0.493422,0.160532,-0.452221,0.568314,-0.367539
-0.030617,0.055271,0.003591,-0.002268,0.019662,0.006575,-0.145509,0.004829,-0.224826,-0.336765,0.273523,-0.285727,0.265880,-0.260068
-0.030078,0.053538,0.002671,-0.004167,0.020012,0.005310,-0.093561,0.042342,-0.344984,-0.207487,0.394731,-0.109971,0.090914,-0.247990
-0.029606,0.051833,0.002114,-0.004501,0.020925,0.003480,-0.133858,0.010478,-0.293949,-0.149654,0.225305,-0.363013,0.119432,-0.097861
-0.029051,0.049683,0.001537,-0.005064,0.024224,0.003329,-0.180492,-0.004770,-0.177905,-0.126475,0.084471,-0.527861,0.052268,0.080997
-0.028534,0.048018,0.001280,-0.005683,0.020094,0.001609,-0.129981,-0.068227,-0.242773,-0.095335,0.130759,-0.437859,0.280872,-0.120131
-0.028284,0.047584,0.002279,-0.004395,0.003787,-0.005765,-0.082418,-0.065660,-0.344296,-0.059596,0.167700,-0.417991,0.441020,-0.281246
-0.028386,0.048508,0.004406,-0.002570,-0.013247,-0.013280,-0.081184,-0.077806,-0.256626,-0.050973,0.196787,-0.353064,0.345444,-0.211051
-0.028610,0.050035,0.007004,-0.001875,-0.019364,-0.015005,-0.045996,-0.311502,-0.157640,-0.039448,0.127028,-0.249116,0.202693,-0.072304
-0.028960,0.051411,0.009090,0.000271,-0.018624,-0.013034,0.019933,-0.588872,-0.138872,-0.017107,0.054841,-0.353222,0.189857,-0.054097
-0.029366,0.052480,0.010910,0.001240,-0.013571,-0.010496,0.031609,-0.669538,-0.037479,-0.102490,-0.021152,-0.548867,0.463449,-0.200629
-0.029755,0.053432,0.012438,0.001633,-0.013016,-0.009556,-0.001263,-0.619075,0.075154,-0.279844,-0.103117,-0.507842,0.779929,-0.349449
-0.030090,0.054007,0.013162,0.002348,-0.007073,-0.004175,0.022684,-0.513412,-0.045410,-0.336946,0.016985,-0.263896,0.789317,-0.451155
-0.030315,0.053956,0.012628,0.003749,0.001210,0.003335,0.050962,-0.439968,-0.201025,-0.283856,0.211497,-0.158928,0.564887,-0.465871
-0.030491,0.053698,0.011292,0.004424,0.004228,0.007706,-0.037559,-0.294353,-0.167710,-0.318133,0.247767,-0.245274,0.301358,-0.305143
-0.030704,0.053487,0.009928,0.005283,0.004064,0.008527,-0.163970,-0.139040,-0.025722,-0.446559,0.132642,-0.352674,0.265165,-0.142284
-0.030992,0.053653,0.008697,0.005450,-0.000522,0.007106,-0.195344,-0.113688,-0.030656,-0.466104,0.110500,-0.401951,0.366734,-0.175678
-0.031032,0.054006,0.007535,0.002803,-0.002866,0.007259,-0.137687,-0.132511,-0.215647,-0.386208,0.254807,-0.364400,0.329230,-0.304598
-0.031112,0.054830,0.006788,0.002274,-0.008257,0.004314,-0.111008,-0.187787,-0.200817,-0.366754,0.298247,-0.282835,0.289843,-0.316745
-0.031329,0.056115,0.006865,0.002424,-0.015383,-0.000486,-0.159675,-0.201355,0.019389,-0.397949,0.166445,-0.272110,0.293771,-0.164232
-0.031479,0.057441,0.007087,0.001217,-0.014817,-0.001276,-0.144975,-0.279774,0.082165,-0.396773,0.113486,-0.345729,0.306423,-0.136069
-0.031752,0.058912,0.007944,0.001417,-0.018510,-0.005354,-0.042107,-0.427797,-0.057203,-0.309952,0.212314,-0.412224,0.329518,-0.283882
-0.032273,0.060794,0.009674,0.002215,-0.022580,-0.009980,-0.010629,-0.437339,-0.079592,-0.304348,0.215276,-0.380114,0.432021,-0.367282
-0.032683,0.061541,0.011502,0.000730,-0.011128,-0.011435,-0.027870,-0.514482,0.047739,-0.366027,0.040304,-0.317450,0.542699,-0.295210
-0.032916,0.061937,0.013447,-0.001567,-0.006545,-0.011205,0.002704,-0.599904,-0.010182,-0.328122,0.025341,-0.290403,0.443413,-0.237909
-0.033100,0.062425,0.015326,-0.002154,-0.008151,-0.011759,0.062772,-0.488177,-0.289376,-0.209029,0.158581,-0.350437,0.449944,-0.382232
-0.033237,0.062821,0.016993,-0.002087,-0.006262,-0.009615,0.053173,-0.450297,-0.262545,-0.197182,0.094785,-0.434443,0.578927,-0.416589
-0.033396,0.063157,0.018466,-0.001566,-0.005833,-0.009203,-0.010988,-0.497864,-0.118947,-0.213136,-0.050687,-0.329430,0.455019,-0.196144
-0.033841,0.064164,0.020789,-0.000164,-0.013776,-0.013408,-0.008088,-0.463909,-0.154381,-0.215075,0.023017,-0.210400,0.409533,-0.213831
-0.034132,0.065468,0.022707,-0.001125,-0.017958,-0.011986,0.022584,-0.488741,-0.220685,-0.193843,0.073409,-0.392150,0.545600,-0.362742
-0.034360,0.066971,0.024474,-0.001490,-0.018609,-0.010195,0.033777,-0.619936,-0.214395,-0.170163,0.014860,-0.485653,0.443614,-0.267353
-0.034310,0.068305,0.025395,-0.002899,-0.017064,-0.005756,0.022920,-0.637715,-0.081287,-0.236372,-0.006302,-0.270025,0.463716,-0.243309
-0.033970,0.070178,0.025745,-0.004565,-0.021021,-0.002023,0.013404,-0.649079,0.017774,-0.315915,-0.070508,-0.274377,0.703742,-0.358266
-0.033380,0.072758,0.025484,-0.006324,-0.030335,0.001632,0.000760,-0.559025,0.049149,-0.329563,0.045629,-0.406671,0.634943,-0.384972
-0.033217,0.076771,0.026340,-0.003943,-0.045101,-0.004938,0.008407,-0.521491,0.130330,-0.357917,0.189261,-0.273902,0.539119,-0.413173
-0.032907,0.080683,0.026792,-0.004988,-0.047136,-0.002830,0.008350,-0.599642,0.324742,-0.405564,0.172283,-0.159668,0.529546,-0.382545
-0.031991,0.084483,0.026233,-0.008512,-0.041153,0.003232,0.056535,-0.818468,0.328417,-0.381727,0.095838,-0.263475,0.391913,-0.268137
-0.030633,0.087935,0.024915,-0.011999,-0.039508,0.008233,0.072082,-0.800794,0.359365,-0.409623,0.153164,-0.345744,0.406502,-0.317213
-0.028623,0.091696,0.022628,-0.015141,-0.038941,0.013191,0.029343,-0.667989,0.554752,-0.532477,0.100745,-0.345831,0.766232,-0.477156
-0.026341,0.094750,0.019842,-0.017589,-0.033418,0.017410,0.019881,-0.601481,0.668037,-0.548173,0.136601,-0.254076,0.756986,-0.485963
-0.023379,0.097541,0.016559,-0.021796,-0.027733,0.018939,0.049650,-0.536270,0.617988,-0.461719,0.375148,-0.082524,0.448867,-0.462894
-0.020535,0.100034,0.013985,-0.024448,-0.027466,0.016090,0.039881,-0.442492,0.628319,-0.428092,0.445214,-0.111887,0.333618,-0.429606
-0.017421,0.102056,0.011687,-0.026312,-0.020631,0.013269,0.024945,-0.370465,0.747186,-0.368481,0.360903,-0.306050,0.288972,-0.321579
-0.014692,0.103029,0.010351,-0.027377,-0.010724,0.008342,0.066684,-0.411981,0.717571,-0.253375,0.340468,-0.318387,0.246949,-0.285858
-0.012253,0.103203,0.010260,-0.026475,-0.001865,0.000528,0.134233,-0.417258,0.509083,-0.122155,0.379463,-0.228478,0.287661,-0.357485
-0.010591,0.103008,0.011597,-0.024931,0.001693,-0.008355,0.168034,-0.399710,0.356921,-0.008054,0.322552,-0.279028,0.336004,-0.357687
-0.009213,0.102150,0.013910,-0.023353,0.008558,-0.013336,0.178633,-0.420660,0.222776,0.129976,0.222759,-0.356441,0.245061,-0.242363
-0.008303,0.100821,0.016405,-0.020368,0.014923,-0.015598,0.221109,-0.518117,0.042088,0.262711,0.140767,-0.339100,0.213130,-0.188484
-0.007567,0.099152,0.019303,-0.018185,0.017468,-0.016725,0.232644,-0.560119,-0.089855,0.333862,0.022894,-0.374079,0.352600,-0.201686
-0.007232,0.098238,0.022517,-0.015891,0.009916,-0.020080,0.185008,-0.541205,-0.095897,0.297257,-0.095120,-0.439668,0.492940,-0.194734
-0.007174,0.098318,0.026407,-0.013826,-0.001937,-0.022443,0.160821,-0.525726,-0.109042,0.272070,-0.093852,-0.383521,0.518595,-0.203591
-0.006905,0.098148,0.028974,-0.012642,0.001303,-0.016055,0.203964,-0.636343,-0.167747,0.292767,-0.042315,-0.300714,0.485806,-0.246052
-0.006088,0.097383,0.030425,-0.013894,0.008046,-0.008370,0.216428,-0.779997,-0.104341,0.270784,-0.052718,-0.319921,0.440417,-0.217659
-0.004792,0.096368,0.030351,-0.015155,0.012091,0.000462,0.120849,-0.659824,0.072642,0.111120,-0.092926,-0.375973,0.541116,-0.212341
-0.002836,0.094545,0.029026,-0.017092,0.020249,0.007645,0.073881,-0.493537,0.177434,0.002629,-0.071178,-0.390065,0.730828,-0.331856
-0.000973,0.093014,0.027334,-0.016191,0.018389,0.010580,0.083575,-0.348511,0.121057,0.015232,0.144544,-0.292594,0.642752,-0.427752
0.001420,0.091262,0.024547,-0.017349,0.019300,0.016071,0.068163,-0.153073,0.031953,0.074491,0.342214,-0.168422,0.399931,-0.402102
0.004114,0.089757,0.020849,-0.019445,0.017661,0.023119,0.019246,-0.131816,0.128808,0.055336,0.313210,-0.193261,0.201364,-0.220644
0.007216,0.087774,0.015924,-0.018834,0.020963,0.028404,-0.055413,-0.074911,0.306122,0.046151,0.248397,-0.294478,0.052631,-0.019292
0.010102,0.085427,0.010636,-0.017012,0.026381,0.033069,-0.089605,-0.021880,0.512510,-0.030940,0.290965,-0.366863,0.231945,-0.136933
0.013165,0.083023,0.004738,-0.016274,0.024172,0.033985,-0.093204,0.062648,0.498341,-0.068570,0.380544,-0.385332,0.356145,-0.275971
0.015690,0.081534,-0.000251,-0.014609,0.015172,0.031222,-0.089026,0.225669,0.392957,-0.088810,0.563401,-0.234986,0.219226,-0.314051
0.017813,0.080208,-0.004613,-0.011058,0.012125,0.025163,-0.097089,0.258429,0.452107,-0.084051,0.623065,-0.117100,0.060100,-0.237560
0.019180,0.079372,-0.007414,-0.007877,0.008047,0.017494,-0.119173,0.161077,0.553654,-0.071676,0.537282,-0.191789,-0.164114,-0.019711
0.020021,0.078783,-0.009253,-0.004205,0.005239,0.010614,-0.104834,0.066503,0.446655,-0.051204,0.461794,-0.353575,-0.201336,0.032975
0.020330,0.077652,-0.010837,0.000983,0.012258,0.009900,-0.051834,-0.094691,0.305293,-0.045198,0.357118,-0.501690,0.075349,-0.109536
0.020190,0.076063,-0.012028,0.004727,0.016631,0.006873,-0.018690,-0.216271,0.233299,-0.047762,0.239212,-0.461371,0.254224,-0.162449
0.019668,0.074412,-0.012362,0.007173,0.019399,0.002085,-0.046935,-0.124641,0.185522,-0.150640,0.253302,-0.273014,0.350648,-0.231981
0.018732,0.072196,-0.012213,0.009884,0.024433,-0.000860,-0.054041,-0.079869,0.088757,-0.180439,0.277873,-0.260303,0.384440,-0.283378
0.017331,0.070617,-0.011074,0.013623,0.019602,-0.007121,-0.032827,-0.064751,-0.150747,-0.056382,0.342462,-0.342010,0.121739,-0.196290
0.015565,0.068833,-0.009382,0.015277,0.020609,-0.009767,-0.036928,-0.032034,-0.329445,-0.009345,0.318994,-0.337919,0.026323,-0.132061
0.013946,0.065976,-0.007851,0.015318,0.034873,-0.009567,-0.079077,-0.224941,-0.283196,-0.060482,0.029855,-0.423753,0.198320,-0.022121
0.012233,0.062581,-0.005877,0.014329,0.038242,-0.011385,-0.110374,-0.272798,-0.306428,-0.056748,-0.077767,-0.485147,0.234366,0.025507
0.010651,0.059480,-0.003975,0.014375,0.037777,-0.011889,-0.065388,-0.104303,-0.554953,-0.011355,0.058714,-0.473940,0.471181,-0.266177
0.008935,0.056266,-0.001871,0.014551,0.036112,-0.012149,-0.032424,-0.090692,-0.652723,0.050407,0.067929,-0.462538,0.569190,-0.353948
0.007384,0.053749,0.000116,0.014284,0.030618,-0.012415,-0.084160,-0.083403,-0.632232,0.075422,0.051578,-0.275780,0.232210,-0.080832
0.005811,0.052172,0.002102,0.013591,0.017819,-0.011457,-0.108355,-0.094535,-0.588777,0.052928,0.029353,-0.215824,0.152711,0.002951
0.004466,0.051309,0.003722,0.012842,0.010602,-0.010116,-0.127378,-0.176120,-0.505784,0.054669,-0.042210,-0.539546,0.297209,-0.040391
0.003013,0.050760,0.005510,0.012802,0.006303,-0.010315,-0.127731,-0.296813,-0.324067,-0.008972,-0.049228,-0.609607,0.355996,-0.071075
0.001617,0.050975,0.007335,0.013157,-0.002366,-0.011410,-0.080605,-0.373784,-0.230809,-0.083946,-0.026742,-0.339842,0.531374,-0.208108
0.000103,0.051502,0.009085,0.013543,-0.005699,-0.010086,-0.028474,-0.391703,-0.260573,-0.117951,0.014993,-0.286293,0.627210,-0.323580
-0.001340,0.051780,0.010360,0.014709,-0.003301,-0.007962,-0.023463,-0.415186,-0.209721,-0.151877,0.113892,-0.363082,0.465576,-0.284274
-0.002920,0.053018,0.011741,0.014926,-0.013698,-0.007984,-0.054315,-0.402299,-0.140289,-0.222235,0.118838,-0.317751,0.359182,-0.212564
-0.004419,0.054885,0.013127,0.015102,-0.022398,-0.008667,-0.071253,-0.374283,-0.167790,-0.286886,0.051655,-0.344226,0.464827,-0.244817
-0.006068,0.057762,0.014652,0.015233,-0.031858,-0.008795,-0.055784,-0.494523,-0.085013,-0.322529,0.037074,-0.409653,0.487620,-0.268064
-0.007517,0.061354,0.015776,0.014811,-0.043008,-0.007026,-0.039256,-0.592849,-0.027482,-0.341413,0.072117,-0.321755,0.429984,-0.270719
-0.008968,0.065197,0.016462,0.014491,-0.042404,-0.003957,-0.019117,-0.682650,0.090878,-0.431676,0.051242,-0.266148,0.557786,-0.343785
-0.010136,0.068474,0.016419,0.014000,-0.038955,0.000270,-0.038161,-0.759638,0.323164,-0.548530,0.015504,-0.326645,0.644818,-0.353931
-0.011123,0.071811,0.015739,0.012458,-0.036470,0.003923,-0.039939,-0.684998,0.332208,-0.608218,0.104061,-0.305562,0.616842,-0.397982
-0.011738,0.074820,0.014636,0.010296,-0.035358,0.006897,-0.017822,-0.584551,0.254297,-0.642505,0.214527,-0.240071,0.654249,-0.503365
-0.012015,0.077523,0.012674,0.008113,-0.028940,0.011319,-0.036435,-0.524043,0.284918,-0.644479,0.241372,-0.229303,0.557219,-0.461704
-0.011784,0.078742,0.009659,0.005995,-0.013189,0.018842,-0.064744,-0.469978,0.366297,-0.628324,0.264032,-0.202087,0.358872,-0.352743
-0.011197,0.079915,0.006414,0.002376,-0.011610,0.018724,-0.088394,-0.376174,0.395715,-0.632318,0.288838,-0.224028,0.362310,-0.354299
-0.010422,0.080739,0.003677,-0.001045,-0.008709,0.017103,-0.143526,-0.156201,0.368687,-0.658408,0.320936,-0.315747,0.438217,-0.388756
-0.009582,0.080820,0.001028,-0.001842,0.000033,0.015289,-0.111151,-0.143420,0.350318,-0.557075,0.374527,-0.277659,0.349270,-0.372883
-0.008919,0.080402,-0.000870,-0.002150,0.005640,0.011858,-0.054058,-0.133622,0.219873,-0.357973,0.469811,-0.142013,0.115765,-0.315969
-0.008186,0.079401,-0.001982,-0.004976,0.011342,0.006419,-0.058802,-0.083079,0.129272,-0.302435,0.418802,-0.221601,0.107248,-0.261010
-0.007796,0.078288,-0.001745,-0.005339,0.013178,-0.001480,-0.103927,-0.108336,0.149833,-0.281076,0.228891,-0.432455,0.147080,-0.108005
-0.007632,0.077145,-0.000572,-0.004969,0.012225,-0.006765,-0.049639,-0.140065,-0.008923,-0.104083,0.209333,-0.421360,0.147424,-0.114236
-0.007373,0.075169,0.000212,-0.005352,0.023313,-0.004900,0.063111,-0.255306,-0.269552,0.058118,0.231176,-0.359838,0.279796,-0.287217
-0.007074,0.072778,0.001116,-0.005628,0.026060,-0.005223,0.057209,-0.358798,-0.237066,0.091182,0.102674,-0.386967,0.319035,-0.201898
-0.006767,0.070850,0.001996,-0.006043,0.022689,-0.005491,-0.047526,-0.195903,-0.108544,0.017437,0.003746,-0.353270,0.358991,-0.083649
-0.006319,0.068636,0.003021,-0.007429,0.024065,-0.005908,-0.027237,-0.168206,-0.141580,0.024411,0.042356,-0.376536,0.502171,-0.214457
-0.005811,0.066491,0.003664,-0.007709,0.025414,-0.004024,0.038775,-0.213175,-0.288893,0.153482,0.210365,-0.398405,0.334408,-0.266345
-0.005245,0.064528,0.004343,-0.007774,0.021449,-0.003919,0.047189,-0.176944,-0.315135,0.202143,0.244399,-0.297768,0.219794,-0.206511
-0.004832,0.063023,0.005013,-0.006536,0.017771,-0.004185,-0.033807,-0.154223,-0.119694,0.104166,0.052743,-0.328087,0.346128,-0.091622
-0.004454,0.061334,0.005659,-0.005564,0.018445,-0.003731,-0.057516,-0.202319,-0.030678,0.095815,0.001528,-0.437241,0.322673,-0.029990
-0.004081,0.059903,0.006175,-0.005616,0.016955,-0.003222,0.020142,-0.235314,-0.183632,0.149756,0.196636,-0.405551,0.290230,-0.198724
-0.003714,0.058917,0.006792,-0.005316,0.010748,-0.003561,0.043353,-0.225884,-0.236587,0.127622,0.205115,-0.372243,0.412343,-0.300484
-0.003407,0.058128,0.007245,-0.004653,0.009331,-0.002833,-0.024977,-0.216758,-0.063695,0.048527,0.066386,-0.356857,0.406023,-0.146281
-0.003068,0.057110,0.007467,-0.004167,0.011162,-0.001280,-0.034432,-0.255163,0.023162,0.020791,0.083958,-0.290206,0.302308,-0.084555
-0.002755,0.056168,0.007537,-0.003878,0.011192,-0.000435,0.016570,-0.265023,-0.088812,0.057331,0.213186,-0.347760,0.326299,-0.235816
-0.002382,0.055346,0.007413,-0.003859,0.009051,0.000717,0.010821,-0.217918,-0.113412,0.036666,0.217335,-0.453401,0.386590,-0.281659
-0.002057,0.054517,0.007083,-0.003187,0.009900,0.002056,-0.035619,-0.197487,-0.007096,-0.027420,0.124940,-0.361952,0.379442,-0.173803
-0.001831,0.054263,0.006797,-0.001946,0.002811,0.001653,-0.036841,-0.206602,0.025020,-0.043710,0.141500,-0.239362,0.346819,-0.162324
-0.001571,0.055998,0.006369,-0.002226,-0.020628,0.002677,-0.020142,-0.171872,-0.055206,-0.019694,0.250579,-0.329581,0.314003,-0.243839
-0.001292,0.057881,0.005564,-0.001500,-0.020635,0.004640,-0.029167,-0.235130,0.027904,-0.061735,0.246700,-0.415012,0.281940,-0.217282
-0.001239,0.059651,0.004790,0.001044,-0.021043,0.004842,-0.059479,-0.479966,0.464788,-0.221510,0.130424,-0.278899,0.310413,-0.110402
-0.001369,0.061549,0.003728,0.003611,-0.020831,0.006131,-0.056058,-0.459089,0.483725,-0.286729,0.138624,-0.246199,0.429844,-0.202041
-0.001498,0.062868,0.002320,0.004781,-0.015630,0.008797,0.016750,-0.382803,0.292012,-0.343713,0.302476,-0.395706,0.567393,-0.453546
-0.001641,0.063807,0.000357,0.005838,-0.010235,0.011330,-0.005819,-0.355867,0.272104,-0.394279,0.353262,-0.346724,0.454477,-0.420951
-0.001714,0.064486,-0.001539,0.005381,-0.007980,0.011842,-0.062408,-0.252794,0.292715,-0.434898,0.317562,-0.125681,0.288640,-0.289204
-0.001744,0.065034,-0.003475,0.004648,-0.005922,0.011170,-0.098391,-0.166310,0.278428,-0.469867,0.308028,-0.195150,0.299854,-0.280355
-0.001799,0.065726,-0.005056,0.004490,-0.008128,0.009874,-0.111805,-0.144605,0.241060,-0.420304,0.332579,-0.400451,0.214059,-0.244144
-0.001798,0.067251,-0.006840,0.004049,-0.016672,0.010299,-0.089935,-0.137240,0.162663,-0.351400,0.369495,-0.338374,0.162060,-0.247520
-0.001786,0.067992,-0.009016,0.005328,-0.008696,0.013601,-0.077929,-0.216557,0.193650,-0.360210,0.290570,-0.250841,0.300844,-0.269380
-0.001837,0.067955,-0.011056,0.005341,0.000512,0.011765,-0.116066,-0.309468,0.434079,-0.436429,0.220286,-0.282744,0.314383,-0.191211
-0.002046,0.067758,-0.012408,0.005923,0.002427,0.008451,-0.148216,-0.159708,0.411977,-0.493949,0.325431,-0.298741,0.304189,-0.251815
-0.002458,0.067361,-0.013356,0.006751,0.004431,0.005471,-0.077766,-0.067053,0.127873,-0.417054,0.425148,-0.337688,0.390386,-0.419913
-0.002982,0.066408,-0.014175,0.008304,0.011416,0.005118,-0.046326,-0.079149,-0.046990,-0.296576,0.430054,-0.305299,0.198204,-0.328079
-0.003647,0.065160,-0.014648,0.008387,0.013764,0.002729,-0.079090,-0.086554,-0.044902,-0.259383,0.327050,-0.188295,0.018158,-0.117391
-0.004419,0.064310,-0.014426,0.008649,0.010093,-0.001386,-0.157435,-0.067102,-0.012714,-0.322207,0.165567,-0.321567,0.152576,-0.051091
-0.005303,0.063438,-0.013799,0.008322,0.009483,-0.003618,-0.155647,-0.102824,-0.078275,-0.277069,0.133562,-0.546097,0.261359,-0.113854
-0.006101,0.062611,-0.013046,0.007721,0.009692,-0.004699,-0.069570,-0.196448,-0.225054,-0.181209,0.236211,-0.444371,0.281413,-0.254498
-0.006984,0.061194,-0.012855,0.009285,0.015531,-0.001105,-0.041234,-0.246670,-0.234609,-0.173587,0.196341,-0.261622,0.372089,-0.287494
-0.007927,0.059908,-0.012660,0.010783,0.015257,-0.001217,-0.094174,-0.233679,-0.101486,-0.222479,0.077679,-0.294461,0.395333,-0.166628
-0.009104,0.059143,-0.011778,0.011117,0.008163,-0.005092,-0.153087,-0.090052,-0.095785,-0.292295,0.144808,-0.377119,0.326997,-0.147315
-0.010324,0.058763,-0.010466,0.011614,0.004072,-0.008198,-0.114078,-0.100337,-0.223993,-0.274798,0.252386,-0.390301,0.347956,-0.278379
-0.011856,0.058386,-0.008924,0.013714,0.003584,-0.008901,-0.060318,-0.238840,-0.324237,-0.186548,0.230621,-0.350927,0.239525,-0.230495
-0.013495,0.058091,-0.007446,0.016290,0.002849,-0.009232,-0.070297,-0.306278,-0.283310,-0.195390,0.121761,-0.300474,0.200062,-0.112252
-0.015269,0.057491,-0.005978,0.016533,0.005900,-0.008466,-0.130950,-0.336705,-0.166613,-0.319732,-0.026174,-0.405509,0.404943,-0.119405
-0.016866,0.056648,-0.004705,0.016282,0.009312,-0.007959,-0.135957,-0.359002,-0.206667,-0.373141,-0.017687,-0.504303,0.500044,-0.210250
-0.018597,0.056061,-0.002949,0.015594,0.005420,-0.010132,-0.074954,-0.295909,-0.390623,-0.334021,0.150428,-0.377118,0.502871,-0.375455
-0.020242,0.055943,-0.000992,0.015485,0.000024,-0.012226,-0.071862,-0.237315,-0.449731,-0.328390,0.161531,-0.271086,0.515597,-0.394463
-0.022234,0.055846,0.001631,0.016828,-0.000783,-0.015136,-0.113033,-0.277484,-0.371334,-0.322298,0.054593,-0.282274,0.323729,-0.160077
-0.024620,0.056783,0.005598,0.020131,-0.014498,-0.024786,-0.110555,-0.353254,-0.357572,-0.295199,0.036011,-0.318467,0.185285,-0.060530
-0.027062,0.058512,0.009664,0.018897,-0.022520,-0.023471,-0.078477,-0.458454,-0.463852,-0.274738,-0.005750,-0.486344,0.381418,-0.205992
-0.029201,0.060177,0.013123,0.017911,-0.023358,-0.021610,-0.014823,-0.745356,-0.512521,-0.262309,-0.162196,-0.568641,0.507129,-0.232257
-0.031405,0.061716,0.015878,0.018521,-0.019718,-0.015899,-0.026600,-0.803819,-0.311883,-0.371144,-0.187038,-0.345077,0.605570,-0.253945
-0.033397,0.063238,0.017957,0.018921,-0.020571,-0.012993,-0.039378,-0.753992,-0.180408,-0.489888,-0.194630,-0.270277,0.859458,-0.406781
-0.035373,0.064982,0.019845,0.017600,-0.021369,-0.010896,-0.059626,-0.617970,-0.222258,-0.559787,-0.037088,-0.376387,0.793863,-0.461749
-0.036814,0.066484,0.020780,0.014874,-0.019103,-0.005842,-0.058836,-0.543261,-0.286088,-0.569634,0.120448,-0.293387,0.561436,-0.423874
-0.038051,0.067701,0.021134,0.012781,-0.013830,-0.002039,-0.056809,-0.546817,-0.296337,-0.544793,0.103373,-0.211603,0.461280,-0.363350
-0.038925,0.068614,0.021126,0.010420,-0.010858,0.000045,-0.110487,-0.498371,-0.164163,-0.578246,0.029555,-0.317209,0.445295,-0.283381
-0.039402,0.068771,0.020087,0.007718,-0.000334,0.005999,-0.150048,-0.425292,-0.102630,-0.603743,0.014645,-0.408940,0.495769,-0.285210
-0.039489,0.068158,0.018511,0.005092,0.009620,0.009854,-0.107798,-0.404560,-0.182413,-0.544335,0.095896,-0.355225,0.551252,-0.390628
-0.039457,0.067000,0.016862,0.003532,0.014953,0.009508,-0.116004,-0.233670,-0.240660,-0.510137,0.207610,-0.263406,0.525062,-0.439991
-0.039513,0.066088,0.016061,0.002673,0.012038,0.005004,-0.166307,-0.061714,-0.205247,-0.502557,0.226435,-0.244882,0.433172,-0.352257
-0.039980,0.065563,0.016871,0.003286,0.004667,-0.004676,-0.170486,-0.000513,-0.296991,-0.391592,0.233293,-0.263074,0.179289,-0.182307
-0.040456,0.065010,0.018319,0.002126,0.004411,-0.009041,-0.112214,-0.110393,-0.437834,-0.239343,0.243124,-0.310485,0.026282,-0.122200
-0.041129,0.064479,0.020404,0.002724,0.002905,-0.012031,-0.072735,-0.376870,-0.494991,-0.144868,0.053504,-0.466163,0.109765,-0.066946
-0.041952,0.064140,0.022838,0.003942,0.000270,-0.015218,-0.089391,-0.468764,-0.393781,-0.152716,-0.142910,-0.542193,0.335517,-0.060935
-0.042800,0.064003,0.025673,0.003061,-0.002628,-0.016357,-0.068967,-0.529200,-0.328007,-0.219309,-0.213454,-0.479205,0.678484,-0.251346
-0.043457,0.063960,0.028080,0.002075,-0.003365,-0.015033,0.007595,-0.589527,-0.461684,-0.192690,-0.111037,-0.381187,0.716322,-0.381757
-0.044187,0.064255,0.030620,0.002429,-0.007082,-0.014664,0.044561,-0.554053,-0.508446,-0.165648,0.038819,-0.274536,0.576791,-0.392623
-0.044565,0.064724,0.032116,0.000909,-0.008063,-0.009345,-0.014334,-0.507394,-0.372409,-0.235389,-0.013358,-0.287306,0.527622,-0.288559
-0.044876,0.065551,0.033306,0.000756,-0.010911,-0.006863,-0.053813,-0.549791,-0.283203,-0.282124,-0.111924,-0.384856,0.455428,-0.165198
-0.045381,0.066833,0.034674,0.002669,-0.017578,-0.008549,-0.041562,-0.534621,-0.255404,-0.286696,-0.017997,-0.398156,0.488336,-0.265565
-0.045799,0.068415,0.035574,0.002522,-0.018788,-0.005194,-0.022565,-0.568699,-0.218407,-0.327376,-0.001094,-0.380261,0.652594,-0.404020
-0.045941,0.070093,0.035576,0.001686,-0.019988,-0.000013,-0.018544,-0.646470,-0.194659,-0.364801,-0.032392,-0.332089,0.587682,-0.334466
-0.045728,0.071511,0.033847,0.001852,-0.012854,0.009979,-0.039680,-0.579220,-0.120026,-0.428637,0.040091,-0.245461,0.519964,-0.317882
-0.045323,0.072330,0.030831,0.003263,-0.004630,0.018826,-0.079002,-0.536252,0.044609,-0.533364,0.054205,-0.301890,0.633374,-0.389482
-0.044468,0.072347,0.026029,0.002644,0.007233,0.027708,-0.157506,-0.348139,0.132357,-0.638035,0.135638,-0.350715,0.572738,-0.378993
-0.043475,0.072183,0.021446,0.000643,0.009491,0.028661,-0.193994,-0.134511,0.096953,-0.713345,0.294000,-0.233626,0.508518,-0.427130
-0.042403,0.071843,0.016872,-0.000331,0.010521,0.026394,-0.234234,0.101512,0.035763,-0.705440,0.425625,-0.170240,0.385993,-0.424475
-0.041612,0.071449,0.013568,-0.000513,0.009892,0.020648,-0.230351,0.174446,-0.003045,-0.589579,0.472474,-0.185670,0.074758,-0.266612
-0.040969,0.070474,0.011105,-0.000983,0.014221,0.014207,-0.212127,0.160865,-0.089669,-0.445649,0.450989,-0.215693,-0.175045,-0.088009
-0.040576,0.069349,0.010103,-0.002040,0.014926,0.006261,-0.209119,0.015038,-0.135008,-0.395050,0.276396,-0.384437,-0.061595,-0.022239
-0.040165,0.067649,0.009763,-0.003695,0.019140,0.001959,-0.206840,-0.085918,-0.202221,-0.337451,0.113575,-0.549487,0.129515,-0.025536
-0.039680,0.065871,0.010035,-0.006474,0.020792,-0.001700,-0.122841,-0.182104,-0.322502,-0.234415,0.106528,-0.492337,0.328427,-0.197721
-0.039194,0.064561,0.011229,-0.008046,0.012752,-0.006890,-0.062234,-0.191178,-0.420581,-0.145225,0.135483,-0.363041,0.444725,-0.322204
-0.038983,0.064046,0.013377,-0.007676,0.002959,-0.013405,-0.049810,-0.181645,-0.389084,-0.075412,0.109418,-0.307237,0.415211,-0.256515
-0.038935,0.063911,0.016442,-0.007286,-0.002669,-0.017684,-0.032154,-0.294796,-0.304374,-0.015202,0.063273,-0.306922,0.273711,-0.112420
-0.038850,0.063753,0.019429,-0.008129,-0.002500,-0.018661,0.022586,-0.491156,-0.322788,0.052607,0.022036,-0.383358,0.232336,-0.083647
-0.039343,0.064180,0.023571,-0.003670,-0.010330,-0.023932,0.066896,-0.628658,-0.327322,0.059864,-0.060179,-0.508376,0.415013,-0.177962
-0.040510,0.065954,0.029054,0.000800,-0.029279,-0.034254,0.069168,-0.634522,-0.249534,0.007122,-0.155311,-0.506618,0.655742,-0.272140
-0.041998,0.068170,0.035340,0.001840,-0.028846,-0.031431,0.098006,-0.746769,-0.290679,-0.080405,-0.186556,-0.360519,0.711894,-0.311291
-0.043335,0.070359,0.040475,0.002319,-0.027395,-0.025688,0.187422,-1.000000,-0.396118,-0.063735,-0.149520,-0.272283,0.552184,-0.280864
-0.044006,0.072460,0.043323,0.000468,-0.027388,-0.016430,0.143510,-0.945238,-0.364593,-0.145966,-0.125516,-0.345557,0.558697,-0.304978
-0.044075,0.075059,0.044302,-0.001827,-0.032537,-0.006116,0.037586,-0.846743,-0.132326,-0.353793,-0.255646,-0.466814,0.795826,-0.347157
-0.043431,0.078914,0.043249,-0.004339,-0.040754,0.006076,0.001956,-0.779902,0.002342,-0.429896,-0.194233,-0.376841,0.817758,-0.384846
-0.042203,0.082806,0.040676,-0.007015,-0.042199,0.016083,0.029183,-0.722376,0.078741,-0.464145,0.063269,-0.163953,0.748035,-0.508008
-0.039989,0.086567,0.035854,-0.010497,-0.034414,0.027828,-0.037250,-0.669838,0.431201,-0.612686,0.179457,-0.136724,0.686966,-0.494554
-0.036145,0.089804,0.027514,-0.014874,-0.021132,0.041690,-0.117597,-0.552491,0.730184,-0.726869,0.207554,-0.220436,0.514144,-0.359363
-0.032390,0.091988,0.019991,-0.019311,-0.016124,0.047001,-0.119760,-0.332222,0.756951,-0.742299,0.378218,-0.224180,0.464379,-0.428167
-0.027536,0.094571,0.011286,-0.022150,-0.016488,0.043514,-0.155649,-0.037986,0.803854,-0.784739,0.558963,-0.186004,0.509057,-0.538291
-0.022670,0.096362,0.003895,-0.025379,-0.011217,0.036988,-0.167236,0.087906,0.876937,-0.700285,0.641460,-0.112764,0.260372,-0.435614
-0.018549,0.096497,-0.000791,-0.025703,0.001793,0.023417,-0.091491,0.097235,0.764322,-0.450087,0.737173,-0.013212,-0.166167,-0.272004
-0.016136,0.095521,-0.001512,-0.024129,0.011192,0.004160,-0.039616,0.056077,0.643666,-0.277441,0.686473,-0.157049,-0.218306,-0.207057
-0.014758,0.093304,-0.000256,-0.020885,0.025604,-0.007844,-0.020543,-0.045607,0.381078,-0.115981,0.396580,-0.487664,-0.085372,-0.078157
-0.013931,0.089715,0.002460,-0.017835,0.038032,-0.015671,0.112145,-0.224416,-0.103733,0.189609,0.226527,-0.548853,-0.002308,-0.067192
-0.013519,0.085920,0.006009,-0.016796,0.043247,-0.022173,0.210801,-0.304144,-0.515608,0.404819,0.140101,-0.423804,0.203222,-0.202919
-0.013010,0.080112,0.010490,-0.016344,0.053403,-0.022400,0.150085,-0.316617,-0.524616,0.415507,-0.105881,-0.420082,0.410367,-0.145449
-0.012476,0.075087,0.014138,-0.015953,0.053537,-0.021050,0.086238,-0.312024,-0.488549,0.454328,-0.223895,-0.442973,0.376377,-0.002437
-0.012148,0.070939,0.017966,-0.014660,0.047563,-0.023944,0.115711,-0.204999,-0.716202,0.564291,-0.081537,-0.429239,0.372744,-0.106002
-0.012088,0.067763,0.022988,-0.012933,0.032690,-0.028969,0.129530,-0.213396,-0.745746,0.588539,-0.048944,-0.470860,0.459538,-0.189211
-0.012004,0.064306,0.028341,-0.011639,0.030895,-0.026759,0.086342,-0.306077,-0.654838,0.591002,-0.158664,-0.454031,0.324848,-0.006972
-0.011924,0.062147,0.032119,-0.010035,0.023964,-0.023622,0.116978,-0.480142,-0.581190,0.570658,-0.202860,-0.382031,0.281121,0.044176
-0.011729,0.059785,0.034882,-0.008062,0.024785,-0.015938,0.121966,-0.503725,-0.583566,0.528374,-0.223832,-0.492322,0.481714,-0.077860
-0.011490,0.056458,0.035011,-0.003134,0.039539,-0.000810,0.092518,-0.519729,-0.433247,0.378261,-0.248166,-0.559883,0.642916,-0.162900
-0.011313,0.052883,0.033716,0.000582,0.039792,0.007468,0.035299,-0.397851,-0.325498,0.230225,-0.156524,-0.381318,0.639071,-0.192900
-0.011394,0.049835,0.031362,0.005629,0.037247,0.014713,-0.070317,-0.046764,-0.366575,0.019125,0.037189,-0.255007,0.648090,-0.306554
-0.011518,0.047389,0.027913,0.007300,0.028228,0.019913,-0.146828,0.100983,-0.353537,-0.089341,0.179239,-0.325446,0.479901,-0.277154
-0.012012,0.046293,0.025315,0.010492,0.014145,0.016231,-0.223349,0.195963,-0.399804,-0.151395,0.305024,-0.272089,0.025178,-0.061523
-0.012582,0.045275,0.022152,0.011330,0.012470,0.018252,-0.264318,0.169686,-0.230968,-0.258166,0.298956,-0.236734,0.005250,-0.023139
-0.013185,0.044419,0.019155,0.012254,0.011576,0.018722,-0.291550,-0.043173,-0.105935,-0.327396,0.103829,-0.479503,0.140516,0.021108
-0.014097,0.044840,0.016795,0.013636,-0.003565,0.013613,-0.277101,-0.005247,-0.127462,-0.366000,0.189859,-0.521817,0.173900,-0.068731
-0.014972,0.045942,0.014806,0.013764,-0.012080,0.012435,-0.231898,0.009424,-0.120897,-0.455307,0.265749,-0.374352,0.495410,-0.359830
-0.016026,0.047049,0.012217,0.015707,-0.010855,0.014947,-0.199470,-0.193077,-0.032724,-0.473855,0.208792,-0.291783,0.405010,-0.275138
-0.017196,0.048551,0.010266,0.017345,-0.016710,0.012182,-0.176593,-0.191029,0.012754,-0.456667,0.318854,-0.147431,0.082977,-0.139256
-0.018672,0.050520,0.008548,0.019118,-0.020635,0.009917,-0.224972,-0.138325,0.119923,-0.629235,0.296966,-0.293481,0.331564,-0.274961
-0.020021,0.051295,0.005574,0.021669,-0.007169,0.018579,-0.247684,-0.251921,0.174273,-0.680785,0.147492,-0.541361,0.379644,-0.207277
-0.021510,0.050842,0.001268,0.024026,0.007912,0.024852,-0.165621,-0.275734,-0.006677,-0.619323,0.291423,-0.304331,0.223854,-0.259873
-0.023409,0.051072,-0.001047,0.027008,-0.000901,0.014465,-0.227603,-0.055158,-0.026529,-0.791538,0.361465,-0.166158,0.499849,-0.467908
-0.025635,0.051661,-0.002129,0.026369,-0.005594,0.006244,-0.394807,0.193597,0.075038,-0.961999,0.257054,-0.354728,0.480985,-0.310230
-0.027983,0.052991,-0.001027,0.025816,-0.016892,-0.006886,-0.276108,0.080084,-0.240278,-0.715419,0.369213,-0.231182,-0.079040,-0.112430
-0.030680,0.054397,0.001561,0.024926,-0.017971,-0.014934,-0.138296,-0.084828,-0.558239,-0.454877,0.466484,-0.144187,-0.187054,-0.215548
-0.033076,0.054841,0.004013,0.023542,-0.008126,-0.015321,-0.171585,-0.476409,-0.397357,-0.497714,-0.015057,-0.545910,0.130500,-0.041152
-0.035483,0.055179,0.007497,0.019881,-0.007727,-0.020109,-0.220392,-0.605723,-0.221400,-0.509588,-0.331711,-0.632301,0.265641,0.134791
-0.037554,0.055096,0.011281,0.016874,-0.004074,-0.023640,-0.109347,-0.545519,-0.456357,-0.512400,-0.165732,-0.442459,0.791233,-0.410750
-0.039568,0.053739,0.015229,0.014663,0.009754,-0.022796,0.036337,-0.604332,-0.676938,-0.356599,-0.049515,-0.411623,0.917186,-0.641736
-0.041213,0.051726,0.019084,0.011852,0.018197,-0.024065,0.011899,-0.491124,-0.744574,-0.256528,0.043478,-0.244049,0.476335,-0.361289
-0.042805,0.049555,0.023408,0.009824,0.017652,-0.024962,-0.064093,-0.289520,-0.775104,-0.273866,-0.037530,-0.174682,0.355275,-0.166185
-0.043992,0.047573,0.026892,0.007698,0.017986,-0.021769,-0.074971,-0.324672,-0.867054,-0.135060,-0.193742,-0.513989,0.406153,-0.114826
-0.044919,0.045142,0.029065,0.006639,0.023414,-0.012546,-0.043002,-0.407655,-0.975910,0.017437,-0.155755,-0.626056,0.277918,-0.098606
-0.045383,0.041625,0.027320,0.008469,0.044742,0.010893,-0.056424,-0.437490,-0.836585,-0.039787,-0.199786,-0.409075,0.530657,-0.207729
-0.045552,0.037926,0.022937,0.008202,0.047479,0.025289,-0.168535,-0.300874,-0.579881,-0.209527,-0.304081,-0.377724,0.768251,-0.221897
-0.045685,0.035508,0.018049,0.008568,0.037001,0.030502,-0.355068,0.222374,-0.435469,-0.478102,-0.001892,-0.367457,0.702826,-0.270070
-0.045791,0.033393,0.011830,0.008899,0.033037,0.035946,-0.389321,0.472385,-0.342642,-0.569081,0.362054,-0.236702,0.524292,-0.387507
-0.045959,0.031929,0.005516,0.009997,0.028167,0.039464,-0.363224,0.477304,-0.393591,-0.507576,0.560095,-0.100128,-0.052641,-0.186149
-0.046177,0.030815,-0.001773,0.010554,0.023709,0.042053,-0.381709,0.543429,-0.345242,-0.488967,0.566482,-0.115036,-0.374336,0.057935
-0.046250,0.030151,-0.008746,0.009040,0.019857,0.043557,-0.510572,0.502981,-0.053819,-0.681162,0.299144,-0.433397,-0.148785,0.171801
-0.046079,0.029489,-0.016066,0.005872,0.018876,0.042247,-0.549761,0.409299,0.113332,-0.792674,0.231531,-0.554056,0.025872,0.129824
-0.045736,0.028682,-0.022277,0.002874,0.020230,0.038792,-0.448672,0.389800,0.051833,-0.760585,0.497777,-0.355246,0.202467,-0.227687
-0.045243,0.027771,-0.027419,-0.000261,0.018090,0.029670,-0.375055,0.433924,0.034187,-0.701212,0.640495,-0.234312,0.257972,-0.402238
-0.044804,0.026984,-0.030033,-0.002503,0.013782,0.016336,-0.358735,0.552974,0.062324,-0.612816,0.643584,-0.168925,-0.028529,-0.171091
-0.044325,0.025955,-0.030713,-0.004622,0.012365,0.003926,-0.284212,0.503702,-0.043703,-0.426868,0.588574,-0.168141,-0.277105,0.019910
-0.043915,0.025074,-0.029298,-0.006258,0.008141,-0.008844,-0.193846,0.245332,-0.260456,-0.213796,0.450972,-0.397761,-0.316598,0.084368
-0.043470,0.024275,-0.026107,-0.007624,0.003920,-0.018404,-0.150310,0.027922,-0.344079,-0.106294,0.250632,-0.597599,-0.150413,0.100605
-0.042991,0.022836,-0.023220,-0.008299,0.012438,-0.018049,-0.096200,-0.193775,-0.283476,-0.053748,0.026622,-0.585476,0.237345,-0.006835
-0.042369,0.021997,-0.019618,-0.009649,0.003857,-0.020787,0.001775,-0.360881,-0.343131,0.047430,-0.048724,-0.476992,0.460920,-0.156471
-0.041887,0.021739,-0.015673,-0.008947,-0.003207,-0.024645,0.040972,-0.239891,-0.461953,0.076269,0.089211,-0.384745,0.543131,-0.312924
-0.041397,0.021611,-0.011484,-0.008484,-0.004664,-0.024167,0.043642,-0.323435,-0.279705,0.042442,0.069740,-0.345620,0.566091,-0.281407
