x,y,phi,u,v,r,n1,n2,n3,n4,alpha1,alpha2,alpha3,alpha4
-0.443778,-0.121294,0.934416,0.000000,0.000000,0.000000,0.000000,0.000000,0.000000,0.000000,0.000000,0.000000,0.000000,0.000000
-0.443778,-0.121293,0.934416,-0.000000,-0.000000,0.000001,0.000000,0.000000,0.000000,0.000000,0.000000,0.000000,0.000000,0.000000
-0.443782,-0.121282,0.934407,0.000003,0.000002,0.000050,0.277089,-1.000000,-1.000000,0.437959,-1.000000,-1.000000,-0.879166,0.431687
-0.443797,-0.121216,0.934355,-0.000049,0.000081,0.000322,0.277087,-1.000000,-1.000000,0.437957,-1.000000,-1.000000,-0.879166,0.431687
-0.443811,-0.120905,0.934100,-0.000925,0.000497,0.001475,0.138516,-1.000000,-1.000000,0.175913,-1.000000,-1.000000,0.611269,0.001060
-0.443801,-0.119916,0.933307,-0.003687,0.001383,0.004954,0.137424,-1.000000,-1.000000,0.173933,-1.000000,-1.000000,0.611944,0.000753
-0.443799,-0.117172,0.931159,-0.008802,0.002793,0.012392,0.257171,-1.000000,-1.000000,0.159140,-1.000000,-0.916065,0.282981,-0.033514
-0.443885,-0.112058,0.927220,-0.015827,0.004593,0.024610,0.252021,-1.000000,-1.000000,0.158130,-1.000000,-0.910507,0.289961,-0.041333
-0.444144,-0.102554,0.919988,-0.023883,0.006710,0.041748,0.190280,-1.000000,-1.000000,0.115774,-1.000000,-0.929449,0.349850,0.007481
-0.444486,-0.089253,0.909951,-0.031783,0.008952,0.062717,0.157192,-0.983360,-1.000000,0.071222,-1.000000,-0.906910,0.375365,-0.011297
-0.444689,-0.069326,0.895010,-0.038414,0.011291,0.086210,0.117560,-0.913244,-1.000000,-0.007194,-1.000000,-0.873882,0.415394,-0.075493
-0.444235,-0.045690,0.877355,-0.043008,0.013354,0.110315,0.039083,-0.830407,-1.000000,-0.142605,-1.000000,-0.826565,0.453711,-0.107669
-0.442290,-0.014669,0.854184,-0.044982,0.015497,0.133746,-0.071767,-0.742937,-1.000000,-0.332243,-1.000000,-0.751287,0.465507,-0.116608
-0.438365,0.018456,0.829320,-0.044285,0.017041,0.155354,-0.198959,-0.654862,-1.000000,-0.558918,-0.992664,-0.679780,0.478023,-0.145433
-0.430865,0.058483,0.798936,-0.041153,0.018353,0.175278,-0.345036,-0.573805,-1.000000,-0.826585,-0.897737,-0.619788,0.496558,-0.186339
-0.420010,0.098527,0.767921,-0.037178,0.018984,0.193897,-0.496625,-0.488344,-1.000000,-1.000000,-0.793747,-0.553701,0.506004,-0.222475
-0.402920,0.144132,0.731414,-0.033570,0.019914,0.210592,-0.655067,-0.385133,-1.000000,-1.000000,-0.665205,-0.483590,0.484064,-0.256485
-0.381441,0.186878,0.695458,-0.031735,0.020865,0.224760,-0.811191,-0.270956,-1.000000,-1.000000,-0.543236,-0.419875,0.473421,-0.271593
-0.351607,0.232028,0.654667,-0.031009,0.022696,0.235288,-0.969191,-0.177232,-1.000000,-1.000000,-0.451834,-0.355824,0.511489,-0.259428
-0.318172,0.270969,0.615857,-0.031017,0.024985,0.242499,-1.000000,-0.088855,-1.000000,-1.000000,-0.340455,-0.289519,0.535152,-0.253062
-0.276167,0.308568,0.573056,-0.030832,0.028653,0.246841,-1.000000,-0.021589,-0.541340,-1.000000,-0.187005,-0.222007,0.556906,-0.277854
-0.232774,0.337913,0.533132,-0.031255,0.033122,0.249815,-1.000000,0.046006,0.024637,-1.000000,-0.053568,-0.149792,0.492357,-0.266963
-0.181765,0.362817,0.489736,-0.032121,0.039504,0.250257,-1.000000,0.170032,0.460828,-1.000000,0.207718,-0.082949,0.418423,-0.340514
-0.132874,0.378278,0.450399,-0.033119,0.049750,0.245928,-1.000000,0.293447,0.814499,-1.000000,0.453158,-0.045119,0.369813,-0.419048
-0.080481,0.386363,0.409572,-0.032021,0.063740,0.235375,-1.000000,0.414190,1.000000,-1.000000,0.643160,0.032645,0.208144,-0.411084
-0.034294,0.386387,0.373979,-0.030609,0.077917,0.222522,-0.882399,0.516981,1.000000,-1.000000,0.786952,0.096412,0.019713,-0.388258
0.012193,0.379518,0.337941,-0.028777,0.090933,0.208042,-0.772228,0.579957,1.000000,-1.000000,0.836717,0.056996,-0.114942,-0.352591
0.050918,0.368015,0.307359,-0.028220,0.102033,0.190862,-0.713392,0.656708,1.000000,-1.000000,0.810853,-0.002705,-0.269070,-0.274006
0.087338,0.351458,0.277748,-0.026986,0.112545,0.170938,-0.643425,0.731770,1.000000,-0.963811,0.801145,-0.024035,-0.341143,-0.250173
0.115042,0.333903,0.254337,-0.025188,0.121336,0.146394,-0.545812,0.743677,0.981120,-0.614186,0.770323,-0.072826,-0.358774,-0.250451
0.138140,0.314179,0.233896,-0.020964,0.128061,0.117927,-0.424769,0.768850,0.720085,-0.225314,0.752817,-0.111287,-0.447535,-0.216586
0.153328,0.296714,0.219769,-0.016483,0.131222,0.088258,-0.292647,0.722585,0.434563,0.175744,0.678606,-0.167958,-0.472432,-0.139884
0.164254,0.279577,0.209000,-0.010736,0.129490,0.062143,-0.176862,0.594459,0.079898,0.576136,0.471494,-0.278395,-0.492060,0.033560
0.170561,0.265653,0.202227,-0.004712,0.123396,0.042329,-0.049638,0.367718,-0.298696,0.949876,0.248617,-0.383797,-0.478825,0.145835
0.174631,0.252392,0.197301,0.000226,0.116328,0.028408,0.047197,0.070184,-0.536413,1.000000,0.002753,-0.464442,-0.308697,0.151394
0.176843,0.241362,0.194220,0.002651,0.111130,0.019276,0.091976,-0.195444,-0.567597,1.000000,-0.262146,-0.505350,-0.034401,0.133640
0.178367,0.230180,0.191735,0.003895,0.107562,0.014322,0.133318,-0.330215,-0.626994,1.000000,-0.399698,-0.502720,0.198005,0.056997
0.179374,0.220162,0.189675,0.005700,0.105491,0.012880,0.182686,-0.388407,-0.688675,1.000000,-0.405925,-0.467930,0.353596,-0.040330
0.180249,0.209303,0.187133,0.009652,0.103508,0.014666,0.198982,-0.378729,-0.690482,1.000000,-0.370960,-0.419144,0.381387,-0.073667
0.180960,0.199037,0.183978,0.016133,0.100850,0.019725,0.179992,-0.324154,-0.658510,1.000000,-0.334538,-0.384259,0.337447,-0.060780
0.181633,0.187444,0.179174,0.025373,0.097102,0.027708,0.133887,-0.270319,-0.629768,1.000000,-0.317096,-0.389668,0.299526,-0.034619
0.182037,0.176182,0.173170,0.036888,0.092878,0.037518,0.057728,-0.221030,-0.575198,1.000000,-0.310910,-0.403790,0.288195,-0.005938
0.182003,0.163332,0.164839,0.050355,0.088208,0.048066,-0.053437,-0.150182,-0.459993,0.794370,-0.295716,-0.391151,0.326845,0.004844
0.181325,0.150941,0.155491,0.064231,0.083053,0.058425,-0.185186,-0.059258,-0.311538,0.495474,-0.253911,-0.364011,0.392785,-0.001969
0.179753,0.137109,0.143618,0.077747,0.076542,0.068501,-0.311658,0.096542,-0.254347,0.184840,-0.112235,-0.331190,0.383622,-0.061325
0.177537,0.124186,0.131127,0.088788,0.068649,0.078084,-0.430050,0.287991,-0.250503,-0.138828,0.099222,-0.298399,0.311381,-0.149644
0.174355,0.110363,0.116353,0.096193,0.059907,0.085239,-0.574204,0.475193,-0.196989,-0.484521,0.253996,-0.261007,0.187694,-0.148409
0.170705,0.098117,0.102249,0.099587,0.052547,0.088131,-0.697892,0.626263,-0.111074,-0.780875,0.345191,-0.201918,0.017043,-0.069756
0.165982,0.085734,0.087166,0.100884,0.046023,0.087034,-0.751580,0.718145,-0.068687,-0.945578,0.432145,-0.184002,-0.107418,-0.043046
0.160914,0.075373,0.073892,0.101128,0.040073,0.082932,-0.750175,0.732153,-0.087570,-0.979728,0.477062,-0.233096,-0.166204,-0.049609
0.154672,0.065626,0.060768,0.101248,0.033522,0.075725,-0.739194,0.712680,-0.090891,-0.994107,0.468649,-0.255948,-0.188181,-0.024916
0.148286,0.058291,0.050389,0.100510,0.026870,0.064862,-0.732590,0.668333,-0.063024,-1.000000,0.430308,-0.248699,-0.150069,-0.005026
0.140847,0.052426,0.041697,0.098629,0.019726,0.050147,-0.711176,0.600032,-0.076281,-1.000000,0.408334,-0.265409,-0.113769,-0.014959
0.133684,0.049087,0.036597,0.095067,0.012802,0.031881,-0.654063,0.505506,-0.168043,-0.975838,0.410099,-0.294949,-0.110060,-0.047007
0.125801,0.047726,0.034722,0.089802,0.006303,0.010819,-0.570282,0.364781,-0.313877,-0.872015,0.370592,-0.326606,-0.102031,-0.064274
0.118566,0.048335,0.036440,0.083004,0.000815,-0.010733,-0.463502,0.166780,-0.499290,-0.713788,0.257719,-0.375907,-0.085871,-0.045697
0.110966,0.050518,0.041565,0.074822,-0.003073,-0.029572,-0.336240,-0.100468,-0.694403,-0.503767,0.090924,-0.446207,-0.018411,-0.031349
0.104332,0.053326,0.048469,0.065601,-0.004920,-0.043139,-0.191763,-0.419966,-0.864695,-0.247989,-0.117239,-0.518229,0.136733,-0.060413
0.097688,0.056598,0.057203,0.056511,-0.004731,-0.050400,-0.046539,-0.716940,-0.973795,0.010917,-0.332049,-0.556395,0.371002,-0.132205
0.092135,0.059479,0.065475,0.048195,-0.004304,-0.051683,0.071673,-0.893272,-0.995626,0.209425,-0.488186,-0.540176,0.624666,-0.215936
0.086836,0.062321,0.073760,0.040895,-0.005101,-0.047815,0.141889,-0.931033,-0.962369,0.303966,-0.534596,-0.484941,0.784622,-0.263895
0.082697,0.064694,0.080117,0.034240,-0.007753,-0.039719,0.174405,-0.892228,-0.877039,0.341953,-0.478958,-0.416388,0.792696,-0.264578
0.079120,0.067027,0.085022,0.028229,-0.011707,-0.028285,0.175274,-0.846969,-0.751144,0.351328,-0.397757,-0.375402,0.710502,-0.245140
0.076714,0.068966,0.087345,0.022806,-0.016244,-0.014527,0.148255,-0.825211,-0.550616,0.314537,-0.344410,-0.371712,0.642664,-0.223280
0.075088,0.070800,0.087265,0.018062,-0.020371,0.000461,0.102116,-0.807583,-0.275906,0.222144,-0.312119,-0.368290,0.653140,-0.225154
0.074432,0.072163,0.084881,0.014097,-0.022951,0.014905,0.056832,-0.758667,0.041040,0.090833,-0.235012,-0.329564,0.721671,-0.287251
0.074522,0.073163,0.080194,0.010604,-0.023109,0.027032,0.017850,-0.656570,0.347790,-0.057113,-0.074144,-0.259062,0.766429,-0.387862
0.075240,0.073576,0.074406,0.007134,-0.021196,0.036179,-0.018420,-0.506822,0.580654,-0.186557,0.132218,-0.194482,0.709370,-0.450847
0.076622,0.073482,0.066984,0.003447,-0.018462,0.042823,-0.046274,-0.351180,0.702906,-0.256528,0.314067,-0.165106,0.535214,-0.436869
0.078365,0.072967,0.059350,-0.000042,-0.015993,0.047691,-0.058810,-0.210574,0.753864,-0.256704,0.444077,-0.163379,0.319090,-0.383809
0.080622,0.072035,0.050528,-0.002915,-0.013928,0.050915,-0.074730,-0.079571,0.836714,-0.243027,0.516573,-0.182038,0.189243,-0.338123
0.082866,0.070885,0.042233,-0.004688,-0.011602,0.051788,-0.105924,0.021331,0.957241,-0.245900,0.531077,-0.210540,0.146572,-0.288900
0.085187,0.069390,0.033692,-0.004931,-0.008282,0.049310,-0.122749,0.095600,1.000000,-0.229914,0.569542,-0.206546,0.092113,-0.255432
0.086901,0.067853,0.026896,-0.003006,-0.003552,0.042489,-0.109333,0.144797,0.991384,-0.178195,0.643955,-0.189595,0.031126,-0.265912
0.087920,0.066126,0.021386,0.001561,0.002347,0.031802,-0.094933,0.166643,0.924791,-0.115119,0.662631,-0.213167,-0.020180,-0.247159
0.087831,0.064570,0.018349,0.008520,0.008498,0.018977,-0.072366,0.151375,0.765740,-0.034469,0.608226,-0.261108,-0.078858,-0.179126
0.086509,0.063009,0.017246,0.016993,0.013812,0.006364,-0.033675,0.091514,0.494766,0.068112,0.519014,-0.314353,-0.092105,-0.127897
0.084256,0.061712,0.017871,0.025332,0.017444,-0.003901,0.004820,-0.017316,0.162340,0.165910,0.377644,-0.388088,-0.043533,-0.089393
0.080982,0.060439,0.019734,0.031984,0.019396,-0.010748,0.019467,-0.148771,-0.128949,0.218926,0.191781,-0.445377,0.036399,-0.037594
0.077498,0.059317,0.022135,0.036019,0.020610,-0.015011,0.006123,-0.273246,-0.314585,0.206060,0.003782,-0.458237,0.170672,-0.018874
0.073506,0.058083,0.025154,0.037654,0.021607,-0.017418,-0.020186,-0.354594,-0.417827,0.145845,-0.126406,-0.463025,0.337064,-0.063369
0.069790,0.056893,0.028077,0.037875,0.022181,-0.018276,-0.031020,-0.385392,-0.505566,0.103235,-0.160249,-0.460766,0.464302,-0.144537
0.065824,0.055535,0.031210,0.037353,0.022425,-0.018057,-0.024618,-0.381041,-0.598856,0.097215,-0.133138,-0.424387,0.515358,-0.210947
0.062249,0.054210,0.033991,0.036783,0.022612,-0.017401,-0.029469,-0.361243,-0.642940,0.094084,-0.113710,-0.380821,0.503165,-0.215099
0.058482,0.052694,0.036841,0.036030,0.022757,-0.016434,-0.053781,-0.342104,-0.641535,0.080872,-0.125110,-0.374676,0.459084,-0.166243
0.055112,0.051219,0.039270,0.035300,0.022845,-0.015177,-0.070583,-0.333646,-0.649989,0.076655,-0.134809,-0.406702,0.428996,-0.136407
0.051595,0.049551,0.041586,0.034565,0.022738,-0.013373,-0.072074,-0.336506,-0.678097,0.080823,-0.134515,-0.442495,0.444783,-0.154602
0.048487,0.047969,0.043306,0.033783,0.022127,-0.010741,-0.077612,-0.335137,-0.682035,0.068129,-0.142991,-0.442083,0.479967,-0.174122
0.045285,0.046250,0.044554,0.033128,0.020985,-0.007203,-0.095028,-0.317864,-0.654262,0.032255,-0.149404,-0.407729,0.501611,-0.174630
0.042488,0.044701,0.045010,0.032492,0.019207,-0.002850,-0.114380,-0.288844,-0.612740,-0.007989,-0.124738,-0.383486,0.499074,-0.178720
0.039639,0.043113,0.044640,0.031900,0.016919,0.002136,-0.136205,-0.251649,-0.568478,-0.053879,-0.075096,-0.384516,0.476272,-0.189153
0.037185,0.041770,0.043441,0.031130,0.014195,0.007487,-0.164499,-0.210286,-0.495615,-0.116757,-0.028572,-0.379996,0.453587,-0.192969
0.034721,0.040482,0.041219,0.030278,0.011299,0.012824,-0.199096,-0.165856,-0.397202,-0.198728,0.009231,-0.359513,0.441686,-0.192813
0.032619,0.039457,0.038394,0.029270,0.008502,0.017650,-0.228315,-0.115573,-0.293049,-0.278845,0.068129,-0.340136,0.423120,-0.204700
0.030511,0.038521,0.034641,0.028246,0.006034,0.021649,-0.250402,-0.056695,-0.198506,-0.351875,0.153321,-0.325958,0.387337,-0.227631
0.028702,0.037798,0.030705,0.027194,0.004080,0.024610,-0.267217,0.000971,-0.111768,-0.412626,0.232407,-0.308124,0.334884,-0.236007
0.026864,0.037140,0.026129,0.026137,0.002657,0.026404,-0.281501,0.052885,-0.037026,-0.461724,0.290682,-0.288785,0.269243,-0.220432
0.025258,0.036620,0.021788,0.025110,0.001789,0.027123,-0.289889,0.092205,0.017457,-0.492226,0.333150,-0.285500,0.207451,-0.200946
0.023599,0.036124,0.017125,0.024095,0.001336,0.026904,-0.293549,0.117078,0.052928,-0.508861,0.363118,-0.300954,0.163216,-0.188967
0.022136,0.035710,0.012981,0.022955,0.001234,0.025858,-0.292708,0.127051,0.073011,-0.514337,0.375493,-0.314498,0.142601,-0.181209
0.020627,0.035291,0.008780,0.021776,0.001364,0.024274,-0.287672,0.128514,0.083674,-0.513432,0.378097,-0.315443,0.141064,-0.178121
0.019311,0.034917,0.005254,0.020303,0.001702,0.022030,-0.276618,0.124200,0.081968,-0.498614,0.380344,-0.314806,0.143630,-0.180465
0.017977,0.034512,0.001895,0.018697,0.002195,0.019377,-0.263066,0.120015,0.073191,-0.476286,0.386387,-0.316996,0.138513,-0.182407
0.016836,0.034124,-0.000729,0.016950,0.002833,0.016395,-0.244947,0.108096,0.056730,-0.439311,0.382502,-0.321610,0.133468,-0.177721
0.015706,0.033682,-0.003029,0.015111,0.003517,0.013259,-0.224965,0.090201,0.034303,-0.395019,0.368347,-0.329778,0.131731,-0.167553
0.014763,0.033248,-0.004660,0.013301,0.004209,0.010207,-0.203041,0.064549,0.009798,-0.344501,0.347031,-0.342403,0.141112,-0.160355
0.013847,0.032749,-0.005929,0.011530,0.004838,0.007323,-0.179962,0.034784,-0.013873,-0.291437,0.323577,-0.355365,0.159843,-0.158591
0.013091,0.032261,-0.006692,0.009918,0.005399,0.004764,-0.156239,0.004306,-0.035070,-0.238698,0.300525,-0.362159,0.184959,-0.161352
0.012359,0.031707,-0.007147,0.008554,0.005888,0.002630,-0.132931,-0.024456,-0.052811,-0.188232,0.279317,-0.363630,0.210531,-0.164978
0.011750,0.031173,-0.007296,0.007426,0.006284,0.000927,-0.111850,-0.049661,-0.067377,-0.141917,0.261319,-0.364058,0.230274,-0.166549
0.011150,0.030577,-0.007237,0.006532,0.006572,-0.000341,-0.095073,-0.070151,-0.077931,-0.104316,0.246045,-0.365577,0.245450,-0.166098
0.010640,0.030016,-0.007038,0.005852,0.006774,-0.001240,-0.082271,-0.087491,-0.084146,-0.074878,0.231316,-0.368315,0.259770,-0.164740
0.010124,0.029399,-0.006720,0.005335,0.006891,-0.001837,-0.072669,-0.100639,-0.088866,-0.053227,0.219732,-0.370463,0.272720,-0.164799
0.009676,0.028826,-0.006365,0.004946,0.006951,-0.002216,-0.065196,-0.109969,-0.092460,-0.037906,0.212709,-0.370634,0.284469,-0.167568
0.009214,0.028204,-0.005942,0.004650,0.006975,-0.002442,-0.060153,-0.115666,-0.095351,-0.027631,0.208432,-0.369609,0.292505,-0.169722
0.008807,0.027631,-0.005531,0.004413,0.006971,-0.002567,-0.057013,-0.118469,-0.097325,-0.020653,0.206084,-0.368071,0.295590,-0.169724
0.008384,0.027011,-0.005076,0.004213,0.006947,-0.002625,-0.055223,-0.119565,-0.100155,-0.015678,0.204574,-0.367912,0.296295,-0.168920
0.008009,0.026441,-0.004653,0.004042,0.006922,-0.002644,-0.054210,-0.120204,-0.102862,-0.011823,0.203054,-0.369627,0.296440,-0.167934
0.007617,0.025826,-0.004197,0.003882,0.006883,-0.002633,-0.053856,-0.120525,-0.105520,-0.008982,0.201024,-0.371134,0.297207,-0.166995
0.007270,0.025261,-0.003780,0.003732,0.006844,-0.002605,-0.053644,-0.120713,-0.107651,-0.006939,0.199054,-0.371389,0.299124,-0.166806
0.006908,0.024652,-0.003335,0.003590,0.006807,-0.002567,-0.053521,-0.120425,-0.110065,-0.005061,0.197917,-0.371492,0.300796,-0.167085
0.006587,0.024092,-0.002932,0.003450,0.006764,-0.002517,-0.053423,-0.119600,-0.112190,-0.003214,0.197898,-0.371605,0.301121,-0.167239
0.006253,0.023489,-0.002505,0.003316,0.006730,-0.002463,-0.053551,-0.118477,-0.114596,-0.001446,0.197680,-0.371767,0.300849,-0.166764
0.005958,0.022935,-0.002122,0.003179,0.006681,-0.002397,-0.053813,-0.117488,-0.116212,0.000164,0.197033,-0.372191,0.300446,-0.165762
0.005651,0.022337,-0.001718,0.003053,0.006651,-0.002332,-0.054179,-0.116400,-0.118305,0.001817,0.196263,-0.373022,0.300236,-0.164870
0.005380,0.021789,-0.001357,0.002922,0.006603,-0.002254,-0.054389,-0.115437,-0.119635,0.003322,0.195941,-0.373710,0.300527,-0.164647
0.005100,0.021198,-0.000980,0.002799,0.006566,-0.002174,-0.054706,-0.114222,-0.121556,0.004815,0.195493,-0.374145,0.300946,-0.164399
0.004853,0.020655,-0.000646,0.002673,0.006515,-0.002085,-0.054962,-0.112921,-0.122518,0.006085,0.195476,-0.374108,0.300967,-0.164061
0.004598,0.020071,-0.000301,0.002559,0.006483,-0.001996,-0.055389,-0.111366,-0.123820,0.007415,0.195480,-0.374244,0.300690,-0.163519
0.004373,0.019535,0.000003,0.002442,0.006434,-0.001897,-0.055751,-0.109822,-0.124508,0.008626,0.195803,-0.374659,0.300061,-0.162964
0.004142,0.018958,0.000314,0.002327,0.006381,-0.001793,-0.056225,-0.108060,-0.125819,0.009902,0.195953,-0.375219,0.299523,-0.162335
0.003940,0.018429,0.000584,0.002221,0.006341,-0.001689,-0.056661,-0.106447,-0.126234,0.010888,0.196151,-0.375525,0.299178,-0.161806
0.003731,0.017860,0.000858,0.002116,0.006292,-0.001578,-0.057258,-0.104734,-0.126500,0.011806,0.196305,-0.375712,0.298858,-0.161191
0.003549,0.017339,0.001092,0.002013,0.006239,-0.001464,-0.057726,-0.102822,-0.126923,0.012668,0.196919,-0.375918,0.298287,-0.160797
0.003362,0.016779,0.001325,0.001911,0.006176,-0.001344,-0.058211,-0.100755,-0.127386,0.013535,0.197744,-0.376234,0.297696,-0.160498
0.003199,0.016266,0.001521,0.001820,0.006136,-0.001228,-0.058829,-0.098772,-0.127105,0.014162,0.198392,-0.376368,0.296867,-0.159823
0.003033,0.015715,0.001713,0.001725,0.006076,-0.001105,-0.059517,-0.096671,-0.126739,0.014710,0.199050,-0.376397,0.295928,-0.159025
0.002887,0.015211,0.001870,0.001635,0.006018,-0.000982,-0.060072,-0.094444,-0.126763,0.015297,0.200024,-0.376736,0.295111,-0.158625
0.002739,0.014670,0.002018,0.001548,0.005959,-0.000857,-0.060666,-0.092173,-0.126512,0.015821,0.201122,-0.377170,0.294266,-0.158250
0.002611,0.014175,0.002135,0.001464,0.005900,-0.000731,-0.061382,-0.089983,-0.125629,0.016112,0.202035,-0.377099,0.293263,-0.157537
0.002481,0.013644,0.002241,0.001384,0.005846,-0.000606,-0.062087,-0.087595,-0.124943,0.016379,0.203062,-0.376998,0.292253,-0.156881
0.002368,0.013159,0.002317,0.001306,0.005787,-0.000481,-0.062689,-0.085235,-0.124159,0.016651,0.204453,-0.377321,0.291225,-0.156523
0.002253,0.012639,0.002379,0.001229,0.005722,-0.000356,-0.063389,-0.082650,-0.123505,0.016918,0.205859,-0.377642,0.289964,-0.155986
0.002155,0.012163,0.002416,0.001155,0.005661,-0.000232,-0.064085,-0.080219,-0.122372,0.016967,0.207119,-0.377515,0.288777,-0.155338
0.002055,0.011654,0.002435,0.001085,0.005604,-0.000109,-0.064840,-0.077733,-0.121151,0.017026,0.208373,-0.377490,0.287591,-0.154633
0.001970,0.011188,0.002433,0.001016,0.005543,0.000012,-0.065513,-0.075222,-0.119928,0.017074,0.209939,-0.377725,0.286262,-0.154124
0.001884,0.010689,0.002410,0.000950,0.005482,0.000132,-0.066196,-0.072516,-0.118841,0.017121,0.211612,-0.377941,0.284992,-0.153689
0.001811,0.010233,0.002370,0.000885,0.005422,0.000249,-0.066885,-0.070009,-0.117374,0.017018,0.213083,-0.377892,0.283750,-0.153096
0.001738,0.009745,0.002307,0.000823,0.005366,0.000365,-0.067637,-0.067324,-0.115919,0.016932,0.214630,-0.377794,0.282277,-0.152349
0.001677,0.009299,0.002231,0.000762,0.005297,0.000477,-0.068299,-0.064709,-0.114405,0.016817,0.216380,-0.377883,0.280865,-0.151851
0.001616,0.008821,0.002129,0.000705,0.005251,0.000589,-0.069014,-0.061923,-0.112964,0.016728,0.218154,-0.378128,0.279424,-0.151300
0.001564,0.008385,0.002017,0.000647,0.005186,0.000695,-0.069678,-0.059437,-0.111125,0.016520,0.219805,-0.378084,0.277979,-0.150653
0.001514,0.007917,0.001879,0.000592,0.005124,0.000799,-0.070411,-0.056553,-0.109625,0.016353,0.221549,-0.377996,0.276498,-0.149998
0.001472,0.007491,0.001734,0.000540,0.005078,0.000903,-0.071019,-0.053986,-0.107810,0.016115,0.223378,-0.378098,0.275142,-0.149551
0.001432,0.007033,0.001561,0.000488,0.005018,0.001001,-0.071727,-0.051261,-0.105992,0.015962,0.225248,-0.378187,0.273447,-0.148834
0.001399,0.006616,0.001385,0.000438,0.004961,0.001097,-0.072374,-0.048473,-0.104286,0.015688,0.227105,-0.378083,0.271937,-0.148268
0.001368,0.006168,0.001179,0.000389,0.004906,0.001189,-0.073032,-0.045757,-0.102363,0.015427,0.228928,-0.378165,0.270562,-0.147696
0.001343,0.005760,0.000975,0.000342,0.004851,0.001278,-0.073673,-0.043149,-0.100453,0.015223,0.230788,-0.378201,0.268823,-0.146973
0.001321,0.005322,0.000738,0.000296,0.004802,0.001364,-0.074282,-0.040344,-0.098567,0.014978,0.232829,-0.378105,0.267222,-0.146425
0.001303,0.004922,0.000507,0.000251,0.004749,0.001446,-0.074885,-0.037777,-0.096549,0.014686,0.234609,-0.378206,0.265885,-0.145879
0.001289,0.004493,0.000243,0.000207,0.004699,0.001525,-0.075539,-0.034935,-0.094587,0.014439,0.236554,-0.378262,0.264156,-0.145134
0.001278,0.004102,-0.000013,0.000165,0.004646,0.001599,-0.076063,-0.032329,-0.092631,0.014187,0.238557,-0.378118,0.262633,-0.144647
0.001271,0.003682,-0.000303,0.000124,0.004598,0.001672,-0.076660,-0.029591,-0.090638,0.013960,0.240515,-0.378159,0.261045,-0.144017
0.001267,0.003299,-0.000582,0.000083,0.004551,0.001741,-0.077221,-0.027030,-0.088554,0.013701,0.242387,-0.378194,0.259376,-0.143304
0.001266,0.002888,-0.000894,0.000044,0.004500,0.001805,-0.077796,-0.024273,-0.086485,0.013454,0.244379,-0.378166,0.257796,-0.142677
0.001268,0.002513,-0.001193,0.000006,0.004454,0.001866,-0.078300,-0.021734,-0.084469,0.013208,0.246266,-0.378214,0.256374,-0.142161
0.001274,0.002110,-0.001526,-0.000031,0.004409,0.001924,-0.078818,-0.019080,-0.082395,0.013016,0.248285,-0.378212,0.254685,-0.141498
0.001282,0.001743,-0.001843,-0.000068,0.004358,0.001976,-0.079295,-0.016556,-0.080351,0.012802,0.250211,-0.378099,0.253127,-0.140905
0.001293,0.001349,-0.002194,-0.000103,0.004316,0.002028,-0.079815,-0.013900,-0.078217,0.012570,0.252142,-0.378141,0.251594,-0.140263
0.001306,0.000989,-0.002526,-0.000137,0.004265,0.002072,-0.080258,-0.011521,-0.076149,0.012399,0.253998,-0.378204,0.250011,-0.139615
0.001322,0.000604,-0.002893,-0.000170,0.004222,0.002116,-0.080714,-0.008880,-0.074117,0.012236,0.256033,-0.378154,0.248406,-0.139027
0.001340,0.000251,-0.003237,-0.000202,0.004174,0.002154,-0.081099,-0.006612,-0.072033,0.012054,0.257808,-0.378158,0.247068,-0.138497
0.001362,-0.000126,-0.003616,-0.000234,0.004129,0.002189,-0.081562,-0.004060,-0.069929,0.011905,0.259715,-0.378176,0.245424,-0.137772
0.001384,-0.000470,-0.003971,-0.000264,0.004079,0.002218,-0.081907,-0.001778,-0.067899,0.011754,0.261569,-0.378114,0.244019,-0.137269
0.001410,-0.000839,-0.004361,-0.000294,0.004035,0.002245,-0.082286,0.000619,-0.065852,0.011662,0.263454,-0.378166,0.242534,-0.136675
0.001436,-0.001175,-0.004723,-0.000322,0.003983,0.002265,-0.082599,0.002770,-0.063864,0.011578,0.265202,-0.378166,0.241055,-0.136063
0.001466,-0.001535,-0.005119,-0.000349,0.003937,0.002285,-0.082951,0.005110,-0.061791,0.011475,0.267031,-0.378130,0.239628,-0.135466
0.001496,-0.001863,-0.005487,-0.000375,0.003887,0.002297,-0.083216,0.007087,-0.059809,0.011408,0.268656,-0.378182,0.238363,-0.134934
0.001530,-0.002214,-0.005886,-0.000400,0.003831,0.002303,-0.083504,0.009318,-0.057855,0.011389,0.270484,-0.378205,0.236885,-0.134347
0.001563,-0.002534,-0.006256,-0.000425,0.003789,0.002314,-0.083709,0.011239,-0.055951,0.011351,0.272118,-0.378167,0.235704,-0.133905
0.001601,-0.002875,-0.006657,-0.000447,0.003731,0.002310,-0.083933,0.013159,-0.053990,0.011369,0.273724,-0.378200,0.234343,-0.133271
0.001637,-0.003186,-0.007026,-0.000468,0.003678,0.002307,-0.084151,0.015134,-0.052154,0.011357,0.275333,-0.378180,0.233094,-0.132769
0.001677,-0.003518,-0.007424,-0.000489,0.003623,0.002298,-0.084301,0.016906,-0.050233,0.011372,0.276880,-0.378250,0.232013,-0.132327
0.001716,-0.003819,-0.007789,-0.000507,0.003564,0.002283,-0.084413,0.018521,-0.048567,0.011517,0.278345,-0.378279,0.230705,-0.131756
0.001759,-0.004141,-0.008182,-0.000526,0.003509,0.002267,-0.084516,0.020268,-0.046764,0.011569,0.279897,-0.378206,0.229593,-0.131329
0.001800,-0.004432,-0.008541,-0.000542,0.003446,0.002242,-0.084603,0.021626,-0.044994,0.011640,0.281078,-0.378329,0.228729,-0.130867
0.001845,-0.004742,-0.008925,-0.000558,0.003388,0.002217,-0.084683,0.023229,-0.043304,0.011779,0.282505,-0.378375,0.227535,-0.130337
0.001888,-0.005024,-0.009275,-0.000571,0.003320,0.002182,-0.084611,0.024432,-0.041793,0.011956,0.283809,-0.378323,0.226732,-0.130104
0.001935,-0.005322,-0.009647,-0.000585,0.003263,0.002150,-0.084628,0.025778,-0.040201,0.012146,0.285030,-0.378409,0.225791,-0.129647
0.001980,-0.005593,-0.009984,-0.000596,0.003193,0.002106,-0.084567,0.026793,-0.038692,0.012338,0.286066,-0.378423,0.224908,-0.129185
0.002029,-0.005880,-0.010341,-0.000607,0.003126,0.002061,-0.084523,0.028016,-0.037201,0.012564,0.287235,-0.378442,0.224124,-0.128844
0.002074,-0.006138,-0.010663,-0.000616,0.003057,0.002012,-0.084365,0.028784,-0.035884,0.012829,0.288158,-0.378576,0.223541,-0.128593
0.002125,-0.006412,-0.011003,-0.000624,0.002988,0.001959,-0.084227,0.029702,-0.034582,0.013170,0.289192,-0.378604,0.222689,-0.128189
0.002171,-0.006659,-0.011307,-0.000630,0.002916,0.001902,-0.084032,0.030348,-0.033329,0.013442,0.289991,-0.378558,0.222233,-0.127964
0.002222,-0.006920,-0.011626,-0.000635,0.002840,0.001840,-0.083877,0.031043,-0.032039,0.013751,0.290749,-0.378703,0.221728,-0.127637
0.002270,-0.007154,-0.011910,-0.000639,0.002767,0.001777,-0.083617,0.031502,-0.030988,0.014130,0.291493,-0.378770,0.221203,-0.127406
0.002322,-0.007401,-0.012207,-0.000642,0.002691,0.001711,-0.083321,0.031926,-0.029953,0.014539,0.292249,-0.378768,0.220789,-0.127248
0.002370,-0.007623,-0.012470,-0.000643,0.002611,0.001640,-0.083051,0.032180,-0.028938,0.014901,0.292720,-0.378849,0.220527,-0.127029
0.002422,-0.007855,-0.012742,-0.000644,0.002537,0.001571,-0.082786,0.032488,-0.027879,0.015268,0.293236,-0.378922,0.220211,-0.126781
0.002470,-0.008063,-0.012981,-0.000642,0.002453,0.001495,-0.082406,0.032486,-0.027086,0.015710,0.293691,-0.378965,0.220033,-0.126708
0.002522,-0.008281,-0.013227,-0.000641,0.002374,0.001420,-0.082048,0.032638,-0.026304,0.016176,0.294201,-0.379033,0.219829,-0.126631
0.002570,-0.008476,-0.013442,-0.000638,0.002293,0.001344,-0.081669,0.032438,-0.025514,0.016578,0.294407,-0.379093,0.219795,-0.126508
0.002622,-0.008679,-0.013662,-0.000634,0.002210,0.001266,-0.081310,0.032351,-0.024753,0.017039,0.294667,-0.379121,0.219635,-0.126314
0.002669,-0.008859,-0.013852,-0.000629,0.002128,0.001187,-0.080876,0.032083,-0.024140,0.017475,0.294882,-0.379188,0.219761,-0.126381
0.002721,-0.009047,-0.014044,-0.000624,0.002046,0.001109,-0.080454,0.031791,-0.023527,0.017956,0.295061,-0.379330,0.219830,-0.126368
0.002768,-0.009213,-0.014209,-0.000617,0.001960,0.001029,-0.080011,0.031376,-0.023003,0.018416,0.295142,-0.379305,0.219885,-0.126328
0.002819,-0.009385,-0.014374,-0.000610,0.001879,0.000952,-0.079571,0.030977,-0.022448,0.018869,0.295208,-0.379288,0.220066,-0.126348
0.002865,-0.009537,-0.014513,-0.000602,0.001793,0.000873,-0.079119,0.030374,-0.021991,0.019313,0.295146,-0.379422,0.220277,-0.126367
0.002915,-0.009694,-0.014651,-0.000593,0.001711,0.000797,-0.078665,0.029892,-0.021565,0.019796,0.295186,-0.379486,0.220415,-0.126401
0.002960,-0.009832,-0.014767,-0.000584,0.001627,0.000721,-0.078183,0.029190,-0.021180,0.020202,0.295059,-0.379491,0.220821,-0.126549
0.003009,-0.009973,-0.014879,-0.000574,0.001544,0.000647,-0.077736,0.028552,-0.020795,0.020651,0.294920,-0.379539,0.221088,-0.126577
0.003054,-0.010097,-0.014971,-0.000564,0.001461,0.000574,-0.077257,0.027827,-0.020486,0.021057,0.294799,-0.379538,0.221406,-0.126710
0.003101,-0.010223,-0.015058,-0.000553,0.001379,0.000504,-0.076789,0.027087,-0.020177,0.021480,0.294642,-0.379587,0.221781,-0.126853
0.003145,-0.010333,-0.015128,-0.000542,0.001297,0.000435,-0.076332,0.026273,-0.019909,0.021860,0.294398,-0.379632,0.222148,-0.126960
0.003191,-0.010444,-0.015192,-0.000530,0.001216,0.000369,-0.075874,0.025474,-0.019628,0.022235,0.294175,-0.379627,0.222546,-0.127100
0.003233,-0.010540,-0.015240,-0.000518,0.001135,0.000305,-0.075415,0.024602,-0.019402,0.022579,0.293902,-0.379649,0.223026,-0.127299
0.003277,-0.010636,-0.015283,-0.000506,0.001056,0.000243,-0.074964,0.023755,-0.019185,0.022934,0.293652,-0.379681,0.223441,-0.127472
0.003318,-0.010719,-0.015312,-0.000493,0.000975,0.000184,-0.074518,0.022842,-0.018981,0.023231,0.293362,-0.379657,0.223900,-0.127669
0.003361,-0.010800,-0.015334,-0.000481,0.000898,0.000128,-0.074087,0.021952,-0.018775,0.023537,0.293049,-0.379653,0.224370,-0.127855
0.003400,-0.010869,-0.015346,-0.000468,0.000820,0.000075,-0.073668,0.020999,-0.018576,0.023768,0.292718,-0.379667,0.224855,-0.128063
0.003441,-0.010937,-0.015351,-0.000455,0.000744,0.000026,-0.073252,0.020096,-0.018389,0.024031,0.292415,-0.379662,0.225333,-0.128289
0.003478,-0.010993,-0.015347,-0.000441,0.000667,-0.000021,-0.072847,0.019154,-0.018203,0.024213,0.292087,-0.379637,0.225873,-0.128557
0.003517,-0.011047,-0.015336,-0.000429,0.000594,-0.000065,-0.072460,0.018233,-0.018007,0.024410,0.291757,-0.379610,0.226351,-0.128777
0.003553,-0.011091,-0.015319,-0.000415,0.000520,-0.000106,-0.072087,0.017295,-0.017810,0.024530,0.291441,-0.379555,0.226825,-0.129021
0.003591,-0.011131,-0.015294,-0.000403,0.000448,-0.000144,-0.071714,0.016383,-0.017631,0.024693,0.291123,-0.379537,0.227317,-0.129281
0.003624,-0.011162,-0.015266,-0.000390,0.000377,-0.000179,-0.071371,0.015444,-0.017422,0.024752,0.290793,-0.379519,0.227808,-0.129540
0.003660,-0.011190,-0.015229,-0.000378,0.000307,-0.000212,-0.071025,0.014523,-0.017216,0.024857,0.290462,-0.379463,0.228283,-0.129785
0.003692,-0.011210,-0.015190,-0.000366,0.000238,-0.000241,-0.070694,0.013606,-0.017010,0.024880,0.290152,-0.379400,0.228789,-0.130081
0.003726,-0.011224,-0.015144,-0.000354,0.000171,-0.000268,-0.070373,0.012692,-0.016788,0.024922,0.289835,-0.379365,0.229269,-0.130353
0.003756,-0.011233,-0.015097,-0.000342,0.000104,-0.000292,-0.070072,0.011802,-0.016551,0.024901,0.289541,-0.379295,0.229720,-0.130625
0.003788,-0.011236,-0.015043,-0.000331,0.000039,-0.000313,-0.069773,0.010905,-0.016310,0.024881,0.289238,-0.379220,0.230198,-0.130911
0.003817,-0.011233,-0.014990,-0.000320,-0.000026,-0.000332,-0.069496,0.010030,-0.016049,0.024810,0.288951,-0.379162,0.230650,-0.131194
0.003847,-0.011224,-0.014929,-0.000308,-0.000089,-0.000348,-0.069224,0.009158,-0.015770,0.024738,0.288676,-0.379088,0.231091,-0.131481
0.003874,-0.011211,-0.014871,-0.000298,-0.000151,-0.000362,-0.068967,0.008306,-0.015469,0.024613,0.288416,-0.378999,0.231538,-0.131780
0.003903,-0.011190,-0.014807,-0.000287,-0.000212,-0.000374,-0.068720,0.007454,-0.015163,0.024478,0.288154,-0.378915,0.231970,-0.132073
0.003928,-0.011167,-0.014745,-0.000277,-0.000272,-0.000385,-0.068477,0.006625,-0.014848,0.024322,0.287925,-0.378825,0.232373,-0.132369
0.003955,-0.011136,-0.014677,-0.000268,-0.000330,-0.000393,-0.068240,0.005791,-0.014531,0.024156,0.287690,-0.378733,0.232782,-0.132675
0.003979,-0.011103,-0.014613,-0.000259,-0.000388,-0.000401,-0.068024,0.004984,-0.014181,0.023946,0.287460,-0.378640,0.233180,-0.132964
0.004004,-0.011061,-0.014542,-0.000250,-0.000443,-0.000407,-0.067806,0.004166,-0.013835,0.023744,0.287228,-0.378541,0.233572,-0.133259
0.004027,-0.011019,-0.014476,-0.000242,-0.000498,-0.000411,-0.067584,0.003363,-0.013490,0.023534,0.287033,-0.378440,0.233947,-0.133570
0.004050,-0.010968,-0.014405,-0.000234,-0.000551,-0.000414,-0.067375,0.002558,-0.013131,0.023307,0.286823,-0.378340,0.234330,-0.133878
0.004072,-0.010916,-0.014338,-0.000227,-0.000603,-0.000416,-0.067188,0.001790,-0.012727,0.023036,0.286616,-0.378229,0.234704,-0.134165
0.004094,-0.010856,-0.014266,-0.000220,-0.000654,-0.000417,-0.066984,0.000993,-0.012344,0.022793,0.286415,-0.378116,0.235071,-0.134469
0.004114,-0.010796,-0.014199,-0.000213,-0.000703,-0.000417,-0.066783,0.000234,-0.011968,0.022535,0.286266,-0.378005,0.235406,-0.134789
0.004136,-0.010727,-0.014127,-0.000207,-0.000751,-0.000415,-0.066589,-0.000549,-0.011559,0.022266,0.286078,-0.377893,0.235765,-0.135096
0.004155,-0.010659,-0.014061,-0.000203,-0.000798,-0.000414,-0.066418,-0.001290,-0.011120,0.021967,0.285892,-0.377773,0.236099,-0.135371
0.004175,-0.010581,-0.013990,-0.000198,-0.000843,-0.000411,-0.066230,-0.002050,-0.010701,0.021682,0.285725,-0.377650,0.236443,-0.135684
0.004194,-0.010506,-0.013925,-0.000194,-0.000887,-0.000407,-0.066041,-0.002781,-0.010281,0.021401,0.285600,-0.377539,0.236765,-0.136008
0.004213,-0.010420,-0.013855,-0.000190,-0.000931,-0.000404,-0.065857,-0.003531,-0.009841,0.021115,0.285444,-0.377411,0.237081,-0.136309
0.004231,-0.010338,-0.013791,-0.000187,-0.000972,-0.000398,-0.065692,-0.004238,-0.009375,0.020801,0.285293,-0.377272,0.237386,-0.136586
0.004250,-0.010244,-0.013723,-0.000184,-0.001014,-0.000394,-0.065505,-0.005006,-0.008904,0.020511,0.285136,-0.377150,0.237701,-0.136885
0.004268,-0.010155,-0.013661,-0.000182,-0.001053,-0.000388,-0.065336,-0.005689,-0.008453,0.020204,0.285035,-0.377037,0.237986,-0.137194
0.004286,-0.010055,-0.013594,-0.000180,-0.001093,-0.000383,-0.065149,-0.006443,-0.007953,0.019894,0.284892,-0.376906,0.238321,-0.137514
0.004303,-0.009959,-0.013534,-0.000179,-0.001130,-0.000376,-0.064989,-0.007122,-0.007472,0.019580,0.284769,-0.376763,0.238591,-0.137787
0.004321,-0.009852,-0.013470,-0.000178,-0.001166,-0.000370,-0.064792,-0.007878,-0.006968,0.019282,0.284652,-0.376614,0.238883,-0.138101
0.004338,-0.009751,-0.013412,-0.000178,-0.001201,-0.000364,-0.064623,-0.008553,-0.006489,0.018982,0.284556,-0.376500,0.239146,-0.138394
0.004356,-0.009637,-0.013350,-0.000178,-0.001235,-0.000358,-0.064440,-0.009277,-0.005977,0.018671,0.284424,-0.376375,0.239444,-0.138695
0.004373,-0.009530,-0.013293,-0.000178,-0.001267,-0.000352,-0.064266,-0.009966,-0.005480,0.018378,0.284311,-0.376234,0.239709,-0.138973
0.004391,-0.009411,-0.013234,-0.000178,-0.001298,-0.000346,-0.064069,-0.010698,-0.004989,0.018093,0.284201,-0.376086,0.239984,-0.139282
0.004407,-0.009299,-0.013179,-0.000180,-0.001329,-0.000340,-0.063893,-0.011367,-0.004501,0.017806,0.284104,-0.375966,0.240248,-0.139574
0.004425,-0.009174,-0.013121,-0.000181,-0.001358,-0.000334,-0.063706,-0.012095,-0.003977,0.017518,0.283970,-0.375835,0.240527,-0.139857
0.004442,-0.009057,-0.013069,-0.000182,-0.001385,-0.000329,-0.063523,-0.012781,-0.003478,0.017247,0.283866,-0.375690,0.240773,-0.140131
0.004461,-0.008928,-0.013013,-0.000184,-0.001413,-0.000323,-0.063320,-0.013504,-0.002985,0.016979,0.283758,-0.375553,0.241057,-0.140445
0.004478,-0.008806,-0.012962,-0.000186,-0.001438,-0.000318,-0.063139,-0.014168,-0.002494,0.016713,0.283655,-0.375438,0.241317,-0.140727
0.004496,-0.008673,-0.012907,-0.000189,-0.001463,-0.000313,-0.062941,-0.014895,-0.001977,0.016450,0.283528,-0.375289,0.241578,-0.141005
0.004514,-0.008547,-0.012858,-0.000191,-0.001484,-0.000308,-0.062749,-0.015567,-0.001501,0.016209,0.283429,-0.375143,0.241818,-0.141279
0.004533,-0.008409,-0.012805,-0.000194,-0.001510,-0.000304,-0.062539,-0.016301,-0.001000,0.015967,0.283308,-0.375021,0.242092,-0.141577
0.004551,-0.008280,-0.012757,-0.000197,-0.001530,-0.000300,-0.062357,-0.016943,-0.000540,0.015732,0.283198,-0.374908,0.242334,-0.141839
0.004570,-0.008138,-0.012706,-0.000201,-0.001550,-0.000295,-0.062138,-0.017707,-0.000009,0.015497,0.283060,-0.374756,0.242615,-0.142126
0.004589,-0.008005,-0.012660,-0.000204,-0.001571,-0.000292,-0.061944,-0.018369,0.000441,0.015292,0.282952,-0.374618,0.242845,-0.142386
0.004609,-0.007860,-0.012610,-0.000208,-0.001588,-0.000288,-0.061726,-0.019081,0.000934,0.015065,0.282836,-0.374493,0.243135,-0.142696
0.004628,-0.007724,-0.012564,-0.000212,-0.001607,-0.000285,-0.061531,-0.019767,0.001428,0.014863,0.282708,-0.374376,0.243382,-0.142947
0.004649,-0.007576,-0.012515,-0.000216,-0.001623,-0.000282,-0.061311,-0.020477,0.001888,0.014669,0.282586,-0.374216,0.243615,-0.143216
0.004668,-0.007438,-0.012470,-0.000219,-0.001638,-0.000279,-0.061095,-0.021161,0.002346,0.014487,0.282476,-0.374090,0.243882,-0.143502
0.004690,-0.007287,-0.012422,-0.000224,-0.001654,-0.000277,-0.060882,-0.021886,0.002823,0.014304,0.282321,-0.373985,0.244136,-0.143757
0.004710,-0.007146,-0.012378,-0.000228,-0.001667,-0.000275,-0.060675,-0.022544,0.003262,0.014132,0.282198,-0.373848,0.244371,-0.144008
0.004732,-0.006992,-0.012331,-0.000232,-0.001679,-0.000274,-0.060440,-0.023291,0.003722,0.013969,0.282051,-0.373710,0.244665,-0.144301
0.004753,-0.006850,-0.012287,-0.000236,-0.001692,-0.000273,-0.060227,-0.023964,0.004135,0.013830,0.281919,-0.373600,0.244889,-0.144544
0.004776,-0.006694,-0.012240,-0.000240,-0.001703,-0.000272,-0.059997,-0.024680,0.004574,0.013677,0.281773,-0.373465,0.245156,-0.144816
0.004797,-0.006550,-0.012197,-0.000244,-0.001711,-0.000271,-0.059783,-0.025369,0.005001,0.013542,0.281612,-0.373348,0.245421,-0.145061
0.004821,-0.006392,-0.012150,-0.000249,-0.001723,-0.000271,-0.059551,-0.026096,0.005417,0.013414,0.281454,-0.373224,0.245671,-0.145317
0.004843,-0.006246,-0.012107,-0.000253,-0.001729,-0.000271,-0.059328,-0.026751,0.005781,0.013303,0.281322,-0.373106,0.245927,-0.145584
0.004867,-0.006087,-0.012060,-0.000257,-0.001738,-0.000272,-0.059087,-0.027513,0.006214,0.013191,0.281136,-0.372989,0.246208,-0.145841
0.004890,-0.005940,-0.012016,-0.000261,-0.001743,-0.000272,-0.058874,-0.028167,0.006556,0.013103,0.280972,-0.372867,0.246424,-0.146053
0.004915,-0.005780,-0.011969,-0.000265,-0.001751,-0.000274,-0.058625,-0.028909,0.006943,0.013002,0.280796,-0.372747,0.246727,-0.146338
0.004938,-0.005632,-0.011925,-0.000268,-0.001755,-0.000275,-0.058409,-0.029587,0.007285,0.012929,0.280612,-0.372661,0.246981,-0.146563
0.004964,-0.005471,-0.011877,-0.000272,-0.001758,-0.000276,-0.058165,-0.030325,0.007657,0.012845,0.280427,-0.372525,0.247242,-0.146812
0.004988,-0.005323,-0.011832,-0.000276,-0.001762,-0.000278,-0.057941,-0.031002,0.007983,0.012778,0.280246,-0.372408,0.247522,-0.147058
0.005014,-0.005161,-0.011784,-0.000280,-0.001765,-0.000280,-0.057705,-0.031711,0.008302,0.012710,0.280046,-0.372316,0.247802,-0.147308
0.005038,-0.005012,-0.011739,-0.000283,-0.001766,-0.000282,-0.057475,-0.032387,0.008612,0.012671,0.279870,-0.372206,0.248043,-0.147535
0.005065,-0.004851,-0.011689,-0.000288,-0.001768,-0.000285,-0.057229,-0.033127,0.008931,0.012638,0.279659,-0.372075,0.248311,-0.147772
0.005090,-0.004701,-0.011643,-0.000291,-0.001767,-0.000287,-0.057006,-0.033784,0.009203,0.012609,0.279455,-0.371987,0.248575,-0.147991
0.005118,-0.004540,-0.011593,-0.000294,-0.001767,-0.000290,-0.056763,-0.034524,0.009530,0.012579,0.279230,-0.371898,0.248870,-0.148231
0.005144,-0.004391,-0.011546,-0.000298,-0.001768,-0.000293,-0.056538,-0.035180,0.009772,0.012574,0.279029,-0.371791,0.249122,-0.148449
0.005172,-0.004229,-0.011495,-0.000301,-0.001767,-0.000296,-0.056286,-0.035901,0.010037,0.012561,0.278816,-0.371673,0.249420,-0.148706
0.005198,-0.004080,-0.011447,-0.000304,-0.001763,-0.000299,-0.056062,-0.036587,0.010304,0.012566,0.278591,-0.371584,0.249674,-0.148904
0.005227,-0.003919,-0.011395,-0.000307,-0.001761,-0.000303,-0.055821,-0.037311,0.010569,0.012567,0.278354,-0.371477,0.249934,-0.149116
0.005253,-0.003770,-0.011346,-0.000310,-0.001758,-0.000306,-0.055596,-0.037952,0.010761,0.012576,0.278137,-0.371399,0.250228,-0.149352
0.005282,-0.003610,-0.011292,-0.000312,-0.001755,-0.000310,-0.055351,-0.038686,0.011005,0.012588,0.277887,-0.371317,0.250531,-0.149585
0.005309,-0.003462,-0.011242,-0.000315,-0.001750,-0.000313,-0.055129,-0.039348,0.011205,0.012620,0.277661,-0.371198,0.250760,-0.149770
0.005339,-0.003302,-0.011187,-0.000317,-0.001746,-0.000317,-0.054886,-0.040062,0.011416,0.012637,0.277413,-0.371087,0.251065,-0.150008
0.005366,-0.003155,-0.011136,-0.000319,-0.001740,-0.000321,-0.054673,-0.040712,0.011595,0.012668,0.277164,-0.371043,0.251343,-0.150206
0.005396,-0.002996,-0.011079,-0.000321,-0.001735,-0.000324,-0.054437,-0.041418,0.011788,0.012701,0.276913,-0.370950,0.251613,-0.150418
0.005423,-0.002850,-0.011027,-0.000323,-0.001729,-0.000328,-0.054214,-0.042067,0.011930,0.012745,0.276676,-0.370839,0.251892,-0.150631
0.005453,-0.002692,-0.010969,-0.000324,-0.001723,-0.000332,-0.053979,-0.042783,0.012110,0.012785,0.276401,-0.370758,0.252189,-0.150843
0.005481,-0.002547,-0.010916,-0.000325,-0.001715,-0.000336,-0.053770,-0.043427,0.012264,0.012835,0.276150,-0.370687,0.252436,-0.151020
0.005511,-0.002391,-0.010857,-0.000327,-0.001709,-0.000340,-0.053537,-0.044124,0.012414,0.012879,0.275883,-0.370595,0.252743,-0.151245
0.005539,-0.002247,-0.010802,-0.000328,-0.001702,-0.000344,-0.053325,-0.044756,0.012514,0.012937,0.275625,-0.370529,0.253027,-0.151447
0.005570,-0.002092,-0.010742,-0.000329,-0.001693,-0.000347,-0.053095,-0.045453,0.012646,0.012997,0.275353,-0.370438,0.253302,-0.151648
0.005598,-0.001949,-0.010685,-0.000329,-0.001685,-0.000351,-0.052887,-0.046095,0.012760,0.013062,0.275089,-0.370346,0.253563,-0.151827
0.005628,-0.001796,-0.010624,-0.000330,-0.001676,-0.000354,-0.052670,-0.046770,0.012872,0.013116,0.274801,-0.370278,0.253864,-0.152030
0.005656,-0.001655,-0.010567,-0.000330,-0.001666,-0.000356,-0.052468,-0.047395,0.012973,0.013177,0.274537,-0.370224,0.254143,-0.152219
0.005687,-0.001503,-0.010505,-0.000331,-0.001658,-0.000359,-0.052253,-0.048062,0.013074,0.013238,0.274264,-0.370128,0.254430,-0.152424
0.005715,-0.001363,-0.010447,-0.000331,-0.001648,-0.000361,-0.052057,-0.048655,0.013145,0.013299,0.274011,-0.370041,0.254703,-0.152615
0.005745,-0.001213,-0.010384,-0.000332,-0.001638,-0.000363,-0.051847,-0.049321,0.013258,0.013364,0.273729,-0.369968,0.254979,-0.152802
0.005773,-0.001075,-0.010326,-0.000332,-0.001628,-0.000365,-0.051660,-0.049914,0.013325,0.013438,0.273474,-0.369899,0.255208,-0.152960
0.005804,-0.000927,-0.010262,-0.000332,-0.001618,-0.000367,-0.051454,-0.050556,0.013404,0.013498,0.273196,-0.369827,0.255505,-0.153165
0.005832,-0.000791,-0.010203,-0.000331,-0.001607,-0.000369,-0.051276,-0.051137,0.013468,0.013560,0.272924,-0.369774,0.255777,-0.153335
0.005862,-0.000644,-0.010139,-0.000331,-0.001597,-0.000370,-0.051077,-0.051773,0.013555,0.013625,0.272651,-0.369684,0.256042,-0.153518
0.005890,-0.000510,-0.010080,-0.000331,-0.001586,-0.000371,-0.050897,-0.052337,0.013600,0.013694,0.272407,-0.369602,0.256294,-0.153698
0.005920,-0.000366,-0.010015,-0.000331,-0.001576,-0.000372,-0.050705,-0.052958,0.013674,0.013758,0.272131,-0.369544,0.256568,-0.153882
0.005948,-0.000233,-0.009956,-0.000330,-0.001564,-0.000372,-0.050537,-0.053512,0.013730,0.013825,0.271875,-0.369483,0.256797,-0.154029
0.005978,-0.000090,-0.009891,-0.000330,-0.001554,-0.000372,-0.050349,-0.054120,0.013798,0.013887,0.271604,-0.369399,0.257071,-0.154215
0.006006,0.000040,-0.009832,-0.000329,-0.001542,-0.000372,-0.050185,-0.054664,0.013848,0.013947,0.271354,-0.369342,0.257324,-0.154382
0.006036,0.000181,-0.009767,-0.000329,-0.001531,-0.000372,-0.050008,-0.055253,0.013922,0.014003,0.271092,-0.369272,0.257578,-0.154556
0.006063,0.000310,-0.009708,-0.000328,-0.001520,-0.000371,-0.049850,-0.055769,0.013961,0.014059,0.270857,-0.369197,0.257812,-0.154717
0.006093,0.000448,-0.009643,-0.000327,-0.001509,-0.000371,-0.049676,-0.056344,0.014018,0.014117,0.270599,-0.369129,0.258067,-0.154893
0.006120,0.000575,-0.009584,-0.000326,-0.001496,-0.000370,-0.049523,-0.056863,0.014060,0.014180,0.270362,-0.369069,0.258274,-0.155033
0.006150,0.000711,-0.009520,-0.000325,-0.001485,-0.000369,-0.049355,-0.057429,0.014121,0.014234,0.270103,-0.368997,0.258519,-0.155198
0.006177,0.000836,-0.009461,-0.000324,-0.001472,-0.000368,-0.049213,-0.057919,0.014149,0.014281,0.269860,-0.368948,0.258759,-0.155351
0.006206,0.000970,-0.009398,-0.000323,-0.001460,-0.000367,-0.049050,-0.058471,0.014201,0.014336,0.269610,-0.368885,0.259005,-0.155520
0.006233,0.001093,-0.009339,-0.000322,-0.001448,-0.000365,-0.048906,-0.058946,0.014213,0.014397,0.269392,-0.368811,0.259208,-0.155668
0.006262,0.001224,-0.009276,-0.000321,-0.001434,-0.000363,-0.048749,-0.059477,0.014257,0.014452,0.269146,-0.368740,0.259445,-0.155830
0.006289,0.001345,-0.009219,-0.000321,-0.001422,-0.000361,-0.048616,-0.059954,0.014299,0.014512,0.268909,-0.368693,0.259643,-0.155951
0.006317,0.001474,-0.009156,-0.000320,-0.001409,-0.000359,-0.048469,-0.060453,0.014336,0.014568,0.268673,-0.368630,0.259867,-0.156105
0.006344,0.001593,-0.009099,-0.000319,-0.001396,-0.000356,-0.048332,-0.060911,0.014365,0.014626,0.268458,-0.368577,0.260093,-0.156260
0.006373,0.001720,-0.009038,-0.000318,-0.001383,-0.000353,-0.048189,-0.061403,0.014404,0.014688,0.268226,-0.368511,0.260301,-0.156402
0.006399,0.001836,-0.008982,-0.000317,-0.001369,-0.000350,-0.048063,-0.061834,0.014438,0.014742,0.268022,-0.368438,0.260486,-0.156530
0.006427,0.001961,-0.008922,-0.000316,-0.001356,-0.000347,-0.047930,-0.062309,0.014491,0.014790,0.267794,-0.368382,0.260702,-0.156672
0.006453,0.002075,-0.008867,-0.000314,-0.001343,-0.000343,-0.047817,-0.062720,0.014524,0.014835,0.267594,-0.368339,0.260877,-0.156793
0.006481,0.002197,-0.008808,-0.000313,-0.001330,-0.000339,-0.047686,-0.063175,0.014575,0.014878,0.267388,-0.368271,0.261081,-0.156940
0.006507,0.002309,-0.008755,-0.000312,-0.001317,-0.000334,-0.047576,-0.063577,0.014614,0.014916,0.267195,-0.368210,0.261262,-0.157065
0.006535,0.002428,-0.008698,-0.000310,-0.001304,-0.000330,-0.047458,-0.064006,0.014670,0.014948,0.266994,-0.368149,0.261447,-0.157196
0.006560,0.002538,-0.008646,-0.000308,-0.001289,-0.000325,-0.047355,-0.064385,0.014714,0.014980,0.266818,-0.368094,0.261611,-0.157316
0.006588,0.002655,-0.008590,-0.000307,-0.001276,-0.000321,-0.047238,-0.064805,0.014759,0.015016,0.266627,-0.368037,0.261786,-0.157447
0.006613,0.002762,-0.008539,-0.000305,-0.001262,-0.000317,-0.047143,-0.065154,0.014773,0.015045,0.266456,-0.367986,0.261938,-0.157560
0.006640,0.002877,-0.008485,-0.000303,-0.001249,-0.000312,-0.047033,-0.065563,0.014825,0.015075,0.266261,-0.367929,0.262115,-0.157683
0.006665,0.002982,-0.008436,-0.000301,-0.001234,-0.000307,-0.046945,-0.065910,0.014848,0.015108,0.266088,-0.367877,0.262252,-0.157779
0.006692,0.003094,-0.008384,-0.000299,-0.001221,-0.000303,-0.046839,-0.066294,0.014885,0.015136,0.265910,-0.367822,0.262422,-0.157908
0.006716,0.003196,-0.008336,-0.000297,-0.001206,-0.000298,-0.046755,-0.066627,0.014908,0.015163,0.265742,-0.367782,0.262574,-0.158013
0.006742,0.003306,-0.008285,-0.000295,-0.001192,-0.000293,-0.046656,-0.066998,0.014952,0.015191,0.265565,-0.367723,0.262727,-0.158123
0.006767,0.003406,-0.008239,-0.000293,-0.001178,-0.000288,-0.046574,-0.067314,0.014973,0.015218,0.265413,-0.367665,0.262863,-0.158226
0.006793,0.003513,-0.008190,-0.000290,-0.001162,-0.000283,-0.046483,-0.067658,0.015004,0.015241,0.265247,-0.367620,0.263017,-0.158340
0.006816,0.003610,-0.008145,-0.000289,-0.001149,-0.000278,-0.046405,-0.067969,0.015039,0.015269,0.265096,-0.367577,0.263138,-0.158428
0.006842,0.003714,-0.008098,-0.000287,-0.001136,-0.000273,-0.046326,-0.068275,0.015055,0.015288,0.264941,-0.367518,0.263274,-0.158532
0.006865,0.003809,-0.008056,-0.000285,-0.001120,-0.000267,-0.046251,-0.068572,0.015100,0.015307,0.264797,-0.367475,0.263412,-0.158631
0.006891,0.003911,-0.008010,-0.000283,-0.001106,-0.000261,-0.046167,-0.068913,0.015169,0.015343,0.264645,-0.367422,0.263521,-0.158714
0.006914,0.004004,-0.007970,-0.000281,-0.001092,-0.000255,-0.046104,-0.069150,0.015177,0.015354,0.264528,-0.367371,0.263635,-0.158811
0.006939,0.004103,-0.007926,-0.000280,-0.001077,-0.000249,-0.046025,-0.069455,0.015240,0.015364,0.264379,-0.367340,0.263801,-0.158926
0.006961,0.004193,-0.007887,-0.000278,-0.001064,-0.000243,-0.045967,-0.069702,0.015269,0.015392,0.264259,-0.367290,0.263865,-0.158983
0.006986,0.004289,-0.007846,-0.000276,-0.001048,-0.000237,-0.045889,-0.069972,0.015306,0.015410,0.264152,-0.367209,0.263968,-0.159087
0.007009,0.004377,-0.007809,-0.000275,-0.001033,-0.000231,-0.045832,-0.070224,0.015364,0.015428,0.264022,-0.367189,0.264084,-0.159163
0.007033,0.004470,-0.007770,-0.000273,-0.001019,-0.000225,-0.045776,-0.070470,0.015415,0.015445,0.263894,-0.367160,0.264162,-0.159222
0.007055,0.004555,-0.007735,-0.000271,-0.001004,-0.000218,-0.045714,-0.070684,0.015450,0.015461,0.263803,-0.367100,0.264270,-0.159320
0.007079,0.004646,-0.007699,-0.000270,-0.000990,-0.000212,-0.045651,-0.070932,0.015502,0.015480,0.263689,-0.367055,0.264381,-0.159410
0.007101,0.004729,-0.007666,-0.000268,-0.000973,-0.000205,-0.045610,-0.071119,0.015553,0.015491,0.263601,-0.367009,0.264428,-0.159458
0.007125,0.004817,-0.007632,-0.000266,-0.000958,-0.000198,-0.045553,-0.071341,0.015629,0.015502,0.263505,-0.366952,0.264517,-0.159536
0.007147,0.004897,-0.007601,-0.000264,-0.000943,-0.000192,-0.045515,-0.071509,0.015655,0.015514,0.263418,-0.366932,0.264585,-0.159597
0.007165,0.004962,-0.007576,-0.000262,-0.000930,-0.000186,-0.045463,-0.071705,0.015703,0.015526,0.263338,-0.366894,0.264650,-0.159668
0.007191,0.005059,-0.007540,-0.000260,-0.000913,-0.000179,-0.045428,-0.071871,0.015750,0.015537,0.263256,-0.366840,0.264708,-0.159721
0.007209,0.005122,-0.007518,-0.000258,-0.000899,-0.000172,-0.045406,-0.071979,0.015801,0.015517,0.263184,-0.366808,0.264800,-0.159782
0.007232,0.005203,-0.007489,-0.000255,-0.000884,-0.000166,-0.045350,-0.072214,0.015846,0.015556,0.263096,-0.366774,0.264819,-0.159826
0.007253,0.005277,-0.007463,-0.000253,-0.000868,-0.000159,-0.045323,-0.072298,0.015848,0.015572,0.263086,-0.366719,0.264806,-0.159872
0.007275,0.005355,-0.007437,-0.000251,-0.000853,-0.000153,-0.045297,-0.072463,0.015941,0.015544,0.262966,-0.366706,0.264961,-0.159947
0.007295,0.005426,-0.007413,-0.000248,-0.000837,-0.000146,-0.045287,-0.072596,0.015991,0.015558,0.262876,-0.366697,0.264951,-0.159931
0.007317,0.005501,-0.007389,-0.000246,-0.000821,-0.000139,-0.045232,-0.072727,0.016009,0.015578,0.262883,-0.366601,0.264967,-0.160027
0.007338,0.005570,-0.007368,-0.000244,-0.000806,-0.000132,-0.045214,-0.072831,0.016038,0.015572,0.262823,-0.366591,0.265066,-0.160105
0.007359,0.005642,-0.007347,-0.000241,-0.000790,-0.000125,-0.045209,-0.072952,0.016135,0.015562,0.262728,-0.366584,0.265061,-0.160079
0.007379,0.005707,-0.007328,-0.000239,-0.000774,-0.000118,-0.045191,-0.073031,0.016172,0.015566,0.262711,-0.366502,0.265059,-0.160115
0.007400,0.005777,-0.007308,-0.000237,-0.000758,-0.000111,-0.045156,-0.073144,0.016195,0.015574,0.262681,-0.366485,0.265135,-0.160210
0.007419,0.005840,-0.007292,-0.000234,-0.000742,-0.000104,-0.045153,-0.073215,0.016250,0.015576,0.262640,-0.366494,0.265123,-0.160212
0.007440,0.005906,-0.007275,-0.000232,-0.000726,-0.000097,-0.045146,-0.073288,0.016325,0.015563,0.262598,-0.366415,0.265129,-0.160225
0.007459,0.005966,-0.007260,-0.000230,-0.000711,-0.000091,-0.045135,-0.073353,0.016367,0.015560,0.262566,-0.366379,0.265172,-0.160271
0.007480,0.006030,-0.007246,-0.000227,-0.000694,-0.000084,-0.045122,-0.073414,0.016401,0.015571,0.262559,-0.366385,0.265155,-0.160303
0.007498,0.006087,-0.007233,-0.000225,-0.000678,-0.000078,-0.045116,-0.073455,0.016451,0.015573,0.262553,-0.366345,0.265139,-0.160322
0.007518,0.006147,-0.007221,-0.000222,-0.000662,-0.000072,-0.045114,-0.073508,0.016495,0.015568,0.262504,-0.366301,0.265161,-0.160333
0.007537,0.006202,-0.007210,-0.000219,-0.000645,-0.000066,-0.045113,-0.073540,0.016525,0.015574,0.262484,-0.366292,0.265145,-0.160340
0.007556,0.006259,-0.007200,-0.000217,-0.000629,-0.000060,-0.045105,-0.073578,0.016556,0.015588,0.262486,-0.366273,0.265131,-0.160370
0.007574,0.006311,-0.007191,-0.000214,-0.000612,-0.000055,-0.045107,-0.073596,0.016576,0.015592,0.262468,-0.366248,0.265132,-0.160384
0.007593,0.006365,-0.007183,-0.000211,-0.000596,-0.000049,-0.045109,-0.073627,0.016622,0.015597,0.262438,-0.366220,0.265125,-0.160382
0.007610,0.006414,-0.007176,-0.000209,-0.000579,-0.000043,-0.045115,-0.073628,0.016637,0.015608,0.262434,-0.366197,0.265102,-0.160386
0.007629,0.006466,-0.007169,-0.000206,-0.000563,-0.000038,-0.045112,-0.073644,0.016664,0.015622,0.262435,-0.366183,0.265092,-0.160408
0.007646,0.006512,-0.007164,-0.000203,-0.000546,-0.000033,-0.045123,-0.073635,0.016678,0.015633,0.262427,-0.366170,0.265067,-0.160402
0.007664,0.006560,-0.007159,-0.000201,-0.000530,-0.000027,-0.045130,-0.073631,0.016705,0.015642,0.262417,-0.366141,0.265047,-0.160398
0.007681,0.006603,-0.007155,-0.000198,-0.000513,-0.000022,-0.045141,-0.073614,0.016721,0.015656,0.262417,-0.366124,0.265024,-0.160396
0.007698,0.006648,-0.007152,-0.000196,-0.000497,-0.000017,-0.045149,-0.073598,0.016738,0.015674,0.262424,-0.366114,0.264991,-0.160396
0.007715,0.006689,-0.007151,-0.000193,-0.000480,-0.000012,-0.045164,-0.073563,0.016746,0.015689,0.262431,-0.366100,0.264960,-0.160389
0.007732,0.006731,-0.007149,-0.000190,-0.000463,-0.000007,-0.045176,-0.073543,0.016783,0.015704,0.262430,-0.366079,0.264935,-0.160378
0.007748,0.006769,-0.007149,-0.000188,-0.000447,-0.000002,-0.045197,-0.073488,0.016776,0.015721,0.262441,-0.366068,0.264891,-0.160363
0.007764,0.006808,-0.007149,-0.000185,-0.000431,0.000003,-0.045208,-0.073445,0.016792,0.015739,0.262463,-0.366057,0.264857,-0.160362
0.007780,0.006842,-0.007151,-0.000182,-0.000414,0.000008,-0.045231,-0.073393,0.016809,0.015760,0.262474,-0.366046,0.264811,-0.160339
0.007796,0.006879,-0.007153,-0.000180,-0.000398,0.000013,-0.045251,-0.073334,0.016827,0.015778,0.262490,-0.366027,0.264761,-0.160316
0.007811,0.006911,-0.007156,-0.000177,-0.000381,0.000017,-0.045273,-0.073261,0.016826,0.015798,0.262513,-0.366023,0.264721,-0.160302
0.007827,0.006944,-0.007160,-0.000175,-0.000365,0.000022,-0.045295,-0.073192,0.016841,0.015822,0.262539,-0.366021,0.264670,-0.160283
0.007842,0.006973,-0.007164,-0.000172,-0.000348,0.000027,-0.045322,-0.073107,0.016847,0.015844,0.262567,-0.366004,0.264608,-0.160253
0.007857,0.007003,-0.007169,-0.000170,-0.000332,0.000032,-0.045347,-0.073024,0.016862,0.015866,0.262594,-0.365991,0.264558,-0.160229
0.007871,0.007029,-0.007175,-0.000167,-0.000316,0.000036,-0.045378,-0.072925,0.016859,0.015891,0.262626,-0.365995,0.264495,-0.160198
0.007887,0.007056,-0.007182,-0.000165,-0.000299,0.000041,-0.045406,-0.072828,0.016875,0.015917,0.262666,-0.365988,0.264428,-0.160169
0.007900,0.007080,-0.007190,-0.000163,-0.000283,0.000046,-0.045439,-0.072720,0.016875,0.015943,0.262701,-0.365979,0.264366,-0.160135
0.007915,0.007104,-0.007198,-0.000160,-0.000267,0.000050,-0.045470,-0.072610,0.016889,0.015969,0.262741,-0.365974,0.264299,-0.160100
0.007929,0.007125,-0.007207,-0.000158,-0.000250,0.000054,-0.045506,-0.072485,0.016881,0.015998,0.262786,-0.365975,0.264224,-0.160061
0.007943,0.007146,-0.007217,-0.000156,-0.000234,0.000059,-0.045539,-0.072364,0.016894,0.016029,0.262835,-0.365970,0.264149,-0.160025
0.007956,0.007164,-0.007227,-0.000154,-0.000218,0.000063,-0.045578,-0.072232,0.016884,0.016061,0.262878,-0.365970,0.264071,-0.159979
0.007970,0.007182,-0.007239,-0.000151,-0.000202,0.000067,-0.045613,-0.072098,0.016891,0.016094,0.262929,-0.365969,0.263991,-0.159935
0.007983,0.007197,-0.007250,-0.000149,-0.000186,0.000071,-0.045653,-0.071958,0.016892,0.016130,0.262979,-0.365971,0.263914,-0.159890
0.007997,0.007213,-0.007263,-0.000147,-0.000171,0.000075,-0.045691,-0.071812,0.016897,0.016166,0.263035,-0.365972,0.263829,-0.159843
0.008009,0.007225,-0.007276,-0.000144,-0.000155,0.000080,-0.045732,-0.071658,0.016881,0.016204,0.263092,-0.365974,0.263744,-0.159795
0.008022,0.007238,-0.007291,-0.000142,-0.000139,0.000084,-0.045773,-0.071502,0.016887,0.016241,0.263152,-0.365976,0.263656,-0.159744
0.008034,0.007248,-0.007305,-0.000140,-0.000124,0.000088,-0.045821,-0.071340,0.016884,0.016274,0.263207,-0.365979,0.263563,-0.159685
0.008047,0.007257,-0.007321,-0.000137,-0.000108,0.000092,-0.045866,-0.071172,0.016887,0.016308,0.263273,-0.365982,0.263470,-0.159631
0.008059,0.007264,-0.007336,-0.000134,-0.000093,0.000096,-0.045914,-0.070999,0.016874,0.016342,0.263339,-0.365992,0.263380,-0.159579
0.008071,0.007271,-0.007353,-0.000132,-0.000078,0.000100,-0.045965,-0.070817,0.016882,0.016371,0.263411,-0.365995,0.263282,-0.159521
0.008082,0.007276,-0.007370,-0.000129,-0.000063,0.000105,-0.046021,-0.070630,0.016877,0.016394,0.263478,-0.365996,0.263184,-0.159459
0.008094,0.007280,-0.007389,-0.000126,-0.000048,0.000109,-0.046076,-0.070434,0.016884,0.016417,0.263560,-0.366000,0.263079,-0.159400
0.008105,0.007282,-0.007407,-0.000123,-0.000034,0.000114,-0.046135,-0.070233,0.016875,0.016438,0.263642,-0.366011,0.262972,-0.159340
0.008117,0.007283,-0.007428,-0.000120,-0.000019,0.000118,-0.046195,-0.070024,0.016874,0.016457,0.263728,-0.366017,0.262857,-0.159274
0.008127,0.007283,-0.007447,-0.000117,-0.000004,0.000123,-0.046261,-0.069809,0.016880,0.016473,0.263812,-0.366020,0.262748,-0.159208
0.008138,0.007282,-0.007469,-0.000114,0.000010,0.000127,-0.046326,-0.069588,0.016881,0.016488,0.263901,-0.366029,0.262632,-0.159139
0.008148,0.007279,-0.007490,-0.000111,0.000024,0.000131,-0.046390,-0.069364,0.016864,0.016506,0.263998,-0.366041,0.262507,-0.159072
0.008158,0.007275,-0.007514,-0.000108,0.000038,0.000135,-0.046459,-0.069130,0.016867,0.016521,0.264097,-0.366049,0.262386,-0.159003
0.008167,0.007270,-0.007536,-0.000105,0.000052,0.000139,-0.046531,-0.068905,0.016855,0.016531,0.264179,-0.366060,0.262264,-0.158922
0.008177,0.007264,-0.007561,-0.000101,0.000066,0.000143,-0.046602,-0.068664,0.016852,0.016544,0.264281,-0.366071,0.262132,-0.158845
0.008186,0.007256,-0.007584,-0.000098,0.000080,0.000147,-0.046672,-0.068429,0.016833,0.016555,0.264378,-0.366087,0.262018,-0.158780
0.008195,0.007247,-0.007611,-0.000095,0.000094,0.000151,-0.046746,-0.068179,0.016828,0.016566,0.264480,-0.366102,0.261889,-0.158702
0.008203,0.007237,-0.007635,-0.000091,0.000107,0.000154,-0.046821,-0.067933,0.016811,0.016575,0.264578,-0.366108,0.261762,-0.158624
0.008212,0.007226,-0.007663,-0.000088,0.000121,0.000158,-0.046895,-0.067675,0.016800,0.016588,0.264687,-0.366120,0.261629,-0.158546
0.008220,0.007214,-0.007689,-0.000085,0.000134,0.000162,-0.046972,-0.067420,0.016778,0.016600,0.264790,-0.366141,0.261495,-0.158466
0.008228,0.007200,-0.007717,-0.000082,0.000148,0.000165,-0.047050,-0.067154,0.016765,0.016613,0.264899,-0.366157,0.261356,-0.158380
0.008235,0.007185,-0.007744,-0.000078,0.000161,0.000168,-0.047129,-0.066891,0.016744,0.016624,0.265001,-0.366171,0.261227,-0.158298
0.008242,0.007169,-0.007774,-0.000075,0.000175,0.000171,-0.047209,-0.066616,0.016728,0.016637,0.265114,-0.366189,0.261089,-0.158213
0.008249,0.007152,-0.007802,-0.000072,0.000188,0.000174,-0.047288,-0.066346,0.016694,0.016653,0.265225,-0.366208,0.260948,-0.158129
0.008256,0.007133,-0.007832,-0.000069,0.000202,0.000177,-0.047368,-0.066062,0.016662,0.016672,0.265341,-0.366226,0.260803,-0.158041
0.008262,0.007114,-0.007861,-0.000065,0.000215,0.000179,-0.047448,-0.065792,0.016618,0.016692,0.265441,-0.366249,0.260662,-0.157947
0.008269,0.007093,-0.007892,-0.000062,0.000228,0.000182,-0.047533,-0.065499,0.016587,0.016712,0.265553,-0.366272,0.260515,-0.157850
0.008274,0.007072,-0.007922,-0.000059,0.000241,0.000184,-0.047615,-0.065223,0.016542,0.016733,0.265655,-0.366296,0.260384,-0.157761
0.008280,0.007048,-0.007954,-0.000056,0.000254,0.000186,-0.047699,-0.064926,0.016500,0.016758,0.265772,-0.366321,0.260237,-0.157667
0.008285,0.007024,-0.007984,-0.000052,0.000267,0.000188,-0.047779,-0.064646,0.016447,0.016783,0.265879,-0.366342,0.260098,-0.157576
0.008290,0.006998,-0.008017,-0.000049,0.000280,0.000190,-0.047868,-0.064338,0.016406,0.016807,0.265996,-0.366365,0.259948,-0.157475
0.008295,0.006973,-0.008048,-0.000046,0.000293,0.000192,-0.047953,-0.064049,0.016355,0.016831,0.266100,-0.366393,0.259810,-0.157378
0.008299,0.006944,-0.008081,-0.000043,0.000306,0.000194,-0.048040,-0.063740,0.016301,0.016862,0.266221,-0.366421,0.259653,-0.157276
0.008303,0.006916,-0.008113,-0.000040,0.000318,0.000195,-0.048123,-0.063447,0.016237,0.016892,0.266331,-0.366447,0.259511,-0.157182
0.008308,0.006885,-0.008147,-0.000037,0.000331,0.000197,-0.048213,-0.063132,0.016185,0.016922,0.266445,-0.366477,0.259361,-0.157074
0.008311,0.006856,-0.008179,-0.000034,0.000343,0.000199,-0.048299,-0.062836,0.016125,0.016952,0.266549,-0.366506,0.259217,-0.156970
0.008315,0.006822,-0.008214,-0.000031,0.000355,0.000201,-0.048391,-0.062508,0.016072,0.016983,0.266675,-0.366534,0.259067,-0.156870
0.008318,0.006791,-0.008246,-0.000029,0.000367,0.000203,-0.048478,-0.062207,0.016019,0.017012,0.266787,-0.366563,0.258929,-0.156773
0.008321,0.006755,-0.008282,-0.000026,0.000379,0.000205,-0.048571,-0.061877,0.015970,0.017046,0.266915,-0.366589,0.258763,-0.156660
0.008324,0.006722,-0.008315,-0.000024,0.000390,0.000207,-0.048660,-0.061557,0.015918,0.017074,0.267038,-0.366613,0.258618,-0.156562
0.008326,0.006684,-0.008351,-0.000021,0.000402,0.000209,-0.048755,-0.061226,0.015876,0.017105,0.267164,-0.366651,0.258461,-0.156451
0.008329,0.006649,-0.008385,-0.000019,0.000412,0.000211,-0.048845,-0.060902,0.015820,0.017139,0.267291,-0.366679,0.258296,-0.156342
0.008331,0.006609,-0.008422,-0.000016,0.000424,0.000214,-0.048940,-0.060557,0.015775,0.017167,0.267428,-0.366705,0.258140,-0.156238
0.008333,0.006572,-0.008456,-0.000013,0.000434,0.000216,-0.049035,-0.060240,0.015734,0.017190,0.267544,-0.366740,0.257988,-0.156125
0.008334,0.006531,-0.008494,-0.000010,0.000444,0.000218,-0.049142,-0.059875,0.015698,0.017204,0.267689,-0.366768,0.257813,-0.156008
0.008336,0.006491,-0.008530,-0.000007,0.000455,0.000221,-0.049239,-0.059543,0.015658,0.017212,0.267823,-0.366795,0.257671,-0.155913
0.008337,0.006448,-0.008568,-0.000004,0.000464,0.000224,-0.049342,-0.059189,0.015615,0.017229,0.267971,-0.366830,0.257488,-0.155795
0.008338,0.006407,-0.008605,-0.000001,0.000474,0.000227,-0.049447,-0.058827,0.015566,0.017232,0.268120,-0.366852,0.257318,-0.155689
0.008338,0.006362,-0.008644,0.000002,0.000484,0.000229,-0.049556,-0.058472,0.015538,0.017234,0.268257,-0.366887,0.257158,-0.155575
0.008339,0.006320,-0.008681,0.000005,0.000494,0.000232,-0.049664,-0.058117,0.015486,0.017242,0.268400,-0.366922,0.256969,-0.155450
0.008339,0.006273,-0.008722,0.000008,0.000503,0.000234,-0.049770,-0.057743,0.015442,0.017244,0.268563,-0.366948,0.256798,-0.155349
0.008339,0.006229,-0.008760,0.000011,0.000512,0.000236,-0.049879,-0.057392,0.015399,0.017244,0.268696,-0.366989,0.256640,-0.155236
0.008338,0.006180,-0.008801,0.000014,0.000522,0.000239,-0.049993,-0.057011,0.015358,0.017245,0.268851,-0.367019,0.256446,-0.155107
0.008337,0.006135,-0.008840,0.000017,0.000530,0.000242,-0.050099,-0.056650,0.015308,0.017245,0.269003,-0.367043,0.256282,-0.155004
0.008336,0.006085,-0.008882,0.000020,0.000539,0.000244,-0.050215,-0.056264,0.015270,0.017243,0.269160,-0.367086,0.256105,-0.154887
0.008335,0.006038,-0.008922,0.000023,0.000547,0.000247,-0.050328,-0.055897,0.015238,0.017238,0.269310,-0.367117,0.255923,-0.154765
0.008334,0.005986,-0.008965,0.000025,0.000556,0.000250,-0.050444,-0.055503,0.015207,0.017232,0.269478,-0.367140,0.255740,-0.154648
0.008332,0.005937,-0.009005,0.000028,0.000564,0.000252,-0.050554,-0.055137,0.015174,0.017227,0.269635,-0.367177,0.255568,-0.154539
0.008330,0.005884,-0.009049,0.000031,0.000571,0.000255,-0.050675,-0.054730,0.015144,0.017219,0.269810,-0.367215,0.255370,-0.154414
0.008328,0.005835,-0.009090,0.000034,0.000580,0.000257,-0.050787,-0.054360,0.015113,0.017206,0.269967,-0.367241,0.255195,-0.154299
0.008326,0.005780,-0.009135,0.000037,0.000587,0.000259,-0.050903,-0.053971,0.015082,0.017200,0.270135,-0.367276,0.254996,-0.154171
0.008323,0.005729,-0.009177,0.000039,0.000594,0.000262,-0.051019,-0.053583,0.015043,0.017184,0.270301,-0.367312,0.254815,-0.154058
0.008320,0.005673,-0.009223,0.000042,0.000601,0.000264,-0.051138,-0.053190,0.015024,0.017168,0.270467,-0.367353,0.254639,-0.153940
0.008317,0.005621,-0.009266,0.000045,0.000608,0.000266,-0.051252,-0.052812,0.014985,0.017160,0.270629,-0.367382,0.254446,-0.153816
0.008314,0.005564,-0.009312,0.000047,0.000615,0.000268,-0.051367,-0.052406,0.014949,0.017147,0.270813,-0.367408,0.254255,-0.153703
0.008310,0.005510,-0.009355,0.000050,0.000623,0.000270,-0.051481,-0.052033,0.014920,0.017134,0.270968,-0.367452,0.254080,-0.153584
0.008306,0.005452,-0.009402,0.000052,0.000629,0.000271,-0.051604,-0.051623,0.014888,0.017121,0.271142,-0.367490,0.253873,-0.153448
0.008302,0.005397,-0.009446,0.000055,0.000635,0.000272,-0.051715,-0.051236,0.014844,0.017108,0.271310,-0.367519,0.253701,-0.153341
0.008298,0.005338,-0.009493,0.000058,0.000642,0.000274,-0.051831,-0.050842,0.014807,0.017101,0.271481,-0.367563,0.253510,-0.153216
0.008294,0.005282,-0.009537,0.000060,0.000648,0.000275,-0.051945,-0.050459,0.014763,0.017094,0.271645,-0.367595,0.253311,-0.153088
0.008289,0.005221,-0.009585,0.000063,0.000654,0.000276,-0.052064,-0.050051,0.014729,0.017078,0.271816,-0.367631,0.253133,-0.152967
0.008284,0.005164,-0.009629,0.000065,0.000661,0.000276,-0.052176,-0.049680,0.014687,0.017071,0.271967,-0.367679,0.252957,-0.152845
0.008279,0.005103,-0.009677,0.000067,0.000668,0.000277,-0.052290,-0.049275,0.014634,0.017070,0.272150,-0.367713,0.252751,-0.152719
0.008273,0.005045,-0.009721,0.000070,0.000673,0.000276,-0.052396,-0.048897,0.014578,0.017068,0.272310,-0.367747,0.252585,-0.152611
0.008268,0.004982,-0.009769,0.000072,0.000680,0.000276,-0.052518,-0.048478,0.014517,0.017066,0.272470,-0.367798,0.252396,-0.152475
0.008262,0.004923,-0.009813,0.000074,0.000686,0.000276,-0.052616,-0.048127,0.014454,0.017083,0.272620,-0.367835,0.252203,-0.152345
0.008256,0.004859,-0.009861,0.000076,0.000691,0.000275,-0.052728,-0.047723,0.014374,0.017100,0.272790,-0.367872,0.252005,-0.152216
0.008250,0.004799,-0.009905,0.000078,0.000698,0.000276,-0.052833,-0.047365,0.014329,0.017102,0.272920,-0.367928,0.251863,-0.152100
0.008244,0.004734,-0.009953,0.000080,0.000703,0.000275,-0.052947,-0.046983,0.014285,0.017116,0.273067,-0.367978,0.251679,-0.151958
0.008237,0.004673,-0.009997,0.000081,0.000708,0.000275,-0.053051,-0.046584,0.014204,0.017119,0.273239,-0.368000,0.251518,-0.151861
0.008231,0.004607,-0.010044,0.000083,0.000712,0.000275,-0.053156,-0.046202,0.014154,0.017126,0.273403,-0.368045,0.251358,-0.151752
0.008224,0.004546,-0.010088,0.000085,0.000718,0.000275,-0.053266,-0.045833,0.014097,0.017142,0.273554,-0.368081,0.251138,-0.151597
0.008217,0.004479,-0.010136,0.000087,0.000722,0.000274,-0.053377,-0.045435,0.014045,0.017142,0.273723,-0.368111,0.250954,-0.151472
0.008210,0.004417,-0.010180,0.000089,0.000726,0.000274,-0.053489,-0.045064,0.013990,0.017139,0.273856,-0.368183,0.250817,-0.151360
-0.397310,-0.261695,-0.080417,0.000000,0.000000,0.000000,0.000000,0.000000,0.000000,0.000000,0.000000,0.000000,0.000000,0.000000
-0.397310,-0.261696,-0.080417,-0.000002,-0.000000,-0.000004,0.000000,0.000000,0.000000,0.000000,0.000000,0.000000,0.000000,0.000000
-0.397303,-0.261710,-0.080405,0.000039,-0.000009,-0.000089,-0.897594,0.930976,-1.000000,-1.000000,0.018725,-0.988215,0.524827,0.150315
-0.397240,-0.261832,-0.080295,0.000331,-0.000172,-0.000685,-0.897557,0.930945,-1.000000,-1.000000,0.018719,-0.988230,0.524817,0.150314
-0.396900,-0.262323,-0.079825,0.000511,-0.001054,-0.002712,-0.698971,0.800266,-1.000000,-1.000000,0.507080,-0.259036,0.080584,-0.118231
-0.395903,-0.263488,-0.078678,-0.000577,-0.003140,-0.007171,-0.696742,0.794944,-1.000000,-1.000000,0.504060,-0.260846,0.078033,-0.116839
-0.393324,-0.266158,-0.076003,-0.003860,-0.007125,-0.015439,-0.763561,0.930926,-1.000000,-1.000000,0.250036,-0.632017,-0.045957,0.229965
-0.388716,-0.270506,-0.071512,-0.009684,-0.013982,-0.028068,-0.729760,0.885417,-1.000000,-1.000000,0.236992,-0.643900,-0.057017,0.231616
-0.380465,-0.277533,-0.063891,-0.018283,-0.024164,-0.043942,-0.655712,0.703611,-1.000000,-1.000000,0.271983,-0.540852,0.069739,0.073010
-0.369315,-0.285918,-0.054158,-0.029607,-0.037109,-0.060837,-0.552812,0.577588,-1.000000,-1.000000,0.236785,-0.568363,0.055660,0.059018
-0.353064,-0.296546,-0.040770,-0.042876,-0.051086,-0.077234,-0.388408,0.433402,-1.000000,-0.813145,0.183219,-0.624046,0.010853,0.063476
-0.334255,-0.307081,-0.026130,-0.057167,-0.064085,-0.091499,-0.203542,0.204243,-1.000000,-0.452336,0.101101,-0.652267,0.032915,0.019347
-0.310564,-0.318050,-0.008707,-0.070221,-0.075385,-0.100537,-0.006094,-0.090359,-1.000000,-0.045684,-0.043903,-0.691500,0.116844,-0.009425
-0.287139,-0.326428,0.007580,-0.080373,-0.084363,-0.101757,0.201949,-0.407343,-1.000000,0.406489,-0.239226,-0.747405,0.297954,-0.031053
-0.262035,-0.332479,0.024076,-0.085862,-0.092211,-0.095239,0.371769,-0.644849,-1.000000,0.783614,-0.404484,-0.781067,0.529804,-0.083326
-0.240367,-0.334896,0.037490,-0.088408,-0.099083,-0.083800,0.453031,-0.754185,-1.000000,0.940892,-0.480740,-0.735761,0.713416,-0.118764
-0.219156,-0.334195,0.049745,-0.089448,-0.106615,-0.070686,0.454624,-0.749081,-1.000000,0.932241,-0.456838,-0.618453,0.779352,-0.113054
-0.201966,-0.330713,0.058834,-0.090052,-0.114374,-0.056832,0.418921,-0.685282,-0.982305,0.879262,-0.363468,-0.536453,0.769343,-0.119625
-0.186293,-0.324063,0.066070,-0.089046,-0.122596,-0.041750,0.376470,-0.637950,-0.623059,0.849072,-0.267317,-0.529557,0.728597,-0.131981
-0.174913,-0.315371,0.070080,-0.086709,-0.131135,-0.025069,0.321363,-0.604848,-0.254541,0.783520,-0.193447,-0.519386,0.704499,-0.134214
-0.166185,-0.303317,0.071282,-0.082794,-0.139661,-0.006933,0.294461,-0.584199,0.119451,0.653016,-0.084759,-0.448942,0.747371,-0.183696
-0.161087,-0.290226,0.069719,-0.078419,-0.146117,0.009772,0.242897,-0.542252,0.501182,0.439927,0.051509,-0.373120,0.796207,-0.259064
-0.157683,-0.274860,0.065933,-0.075200,-0.147559,0.021839,0.156427,-0.454712,0.871260,0.144388,0.232181,-0.313608,0.740590,-0.318974
-0.155541,-0.260277,0.061191,-0.074023,-0.145238,0.029630,0.077921,-0.353564,1.000000,-0.132212,0.418222,-0.278973,0.614052,-0.364266
-0.153574,-0.244498,0.055224,-0.074887,-0.140778,0.034408,0.049594,-0.256727,1.000000,-0.280742,0.566997,-0.281685,0.454159,-0.390275
-0.151639,-0.230250,0.049345,-0.076480,-0.135362,0.036741,0.026782,-0.151839,1.000000,-0.347423,0.643480,-0.284772,0.348693,-0.394148
-0.149003,-0.215545,0.043110,-0.078255,-0.128535,0.035995,-0.002226,-0.067773,1.000000,-0.383649,0.647435,-0.273231,0.300000,-0.362507
-0.145762,-0.203072,0.038097,-0.078757,-0.120226,0.031329,-0.014384,-0.018738,1.000000,-0.367968,0.658186,-0.257984,0.237389,-0.324804
-0.141165,-0.191231,0.034250,-0.077380,-0.110607,0.022195,0.004519,-0.006167,1.000000,-0.293471,0.692372,-0.259351,0.173909,-0.314279
-0.135890,-0.182170,0.032822,-0.072979,-0.100290,0.008924,0.043720,-0.027605,1.000000,-0.181953,0.681851,-0.300865,0.132947,-0.296979
-0.129230,-0.174476,0.034049,-0.065480,-0.090316,-0.007082,0.104581,-0.090748,0.803027,-0.034284,0.610456,-0.358630,0.103485,-0.256380
-0.122515,-0.169132,0.037736,-0.055757,-0.081277,-0.023041,0.187070,-0.197799,0.420870,0.138066,0.501794,-0.415009,0.100539,-0.222706
-0.115021,-0.164734,0.043969,-0.045719,-0.074363,-0.035973,0.260814,-0.361805,0.040337,0.309830,0.314855,-0.482995,0.163996,-0.177345
-0.108151,-0.161479,0.051099,-0.037500,-0.068880,-0.044532,0.289284,-0.538817,-0.253940,0.424259,0.051352,-0.543767,0.280853,-0.106760
-0.100977,-0.158364,0.059468,-0.031770,-0.064878,-0.048289,0.285707,-0.670878,-0.447211,0.451887,-0.175127,-0.563478,0.448406,-0.094266
-0.094853,-0.155523,0.067050,-0.027667,-0.061923,-0.047393,0.277151,-0.730931,-0.597432,0.439928,-0.290432,-0.560259,0.620198,-0.159342
-0.089024,-0.152262,0.074472,-0.023920,-0.059665,-0.042815,0.269205,-0.731938,-0.705646,0.433580,-0.303659,-0.533668,0.704875,-0.222852
-0.084557,-0.149011,0.080204,-0.020378,-0.057486,-0.035819,0.237883,-0.681128,-0.730199,0.404835,-0.275441,-0.482334,0.707437,-0.234730
-0.080787,-0.145220,0.084925,-0.017037,-0.055283,-0.027249,0.179751,-0.619029,-0.682402,0.338922,-0.261871,-0.453393,0.681593,-0.205775
-0.078291,-0.141485,0.087782,-0.014152,-0.053007,-0.017852,0.116973,-0.560176,-0.624009,0.259048,-0.238715,-0.463059,0.648655,-0.181676
-0.076589,-0.137197,0.089217,-0.011690,-0.050992,-0.008280,0.063028,-0.499550,-0.574415,0.170563,-0.188252,-0.471925,0.641604,-0.201672
-0.075835,-0.133023,0.089061,-0.009785,-0.049232,0.000979,0.004288,-0.422097,-0.503638,0.056309,-0.131363,-0.455061,0.658944,-0.238937
-0.075721,-0.128300,0.087440,-0.008681,-0.047630,0.009347,-0.063361,-0.325089,-0.403555,-0.076674,-0.065382,-0.414845,0.652743,-0.257444
-0.076065,-0.123804,0.084822,-0.008431,-0.046065,0.016368,-0.124426,-0.213701,-0.315008,-0.197052,0.033256,-0.373685,0.599758,-0.268555
-0.076712,-0.118836,0.081055,-0.008938,-0.044615,0.021735,-0.169404,-0.103776,-0.252514,-0.286590,0.149123,-0.355668,0.513851,-0.279713
-0.077407,-0.114199,0.076980,-0.009749,-0.043361,0.025450,-0.206440,-0.003625,-0.198078,-0.349255,0.239328,-0.352122,0.411221,-0.264308
-0.078152,-0.109157,0.072165,-0.010714,-0.042439,0.027802,-0.236293,0.071873,-0.137495,-0.391984,0.287069,-0.343870,0.319458,-0.223287
-0.078766,-0.104515,0.067521,-0.011546,-0.041541,0.029017,-0.255070,0.117470,-0.092349,-0.413362,0.313024,-0.346853,0.255764,-0.188510
-0.079310,-0.099532,0.062406,-0.012361,-0.040695,0.029509,-0.263030,0.137694,-0.055172,-0.425172,0.339692,-0.365719,0.220133,-0.177758
-0.079678,-0.095001,0.057686,-0.013087,-0.039826,0.029514,-0.265539,0.143883,-0.024855,-0.433813,0.356484,-0.377063,0.210827,-0.178100
-0.079913,-0.090197,0.052644,-0.013844,-0.038777,0.029075,-0.263756,0.144972,0.008873,-0.444408,0.365843,-0.368296,0.216289,-0.181404
-0.079962,-0.085883,0.048110,-0.014617,-0.037700,0.028339,-0.258273,0.146931,0.033059,-0.448595,0.379497,-0.356324,0.216632,-0.187318
-0.079817,-0.081366,0.043387,-0.015506,-0.036510,0.027262,-0.248488,0.150629,0.046250,-0.443655,0.402068,-0.351480,0.200050,-0.193078
-0.079488,-0.077361,0.039250,-0.016418,-0.035235,0.025843,-0.238846,0.151154,0.054737,-0.432685,0.414586,-0.351066,0.180569,-0.189634
-0.078909,-0.073220,0.035063,-0.017474,-0.033964,0.024169,-0.230317,0.144561,0.067085,-0.419192,0.409616,-0.353177,0.169364,-0.176366
-0.078165,-0.069587,0.031505,-0.018536,-0.032666,0.022221,-0.219144,0.132203,0.070032,-0.398424,0.400673,-0.360160,0.168617,-0.168991
-0.077131,-0.065864,0.028015,-0.019691,-0.031446,0.020135,-0.202793,0.115337,0.070308,-0.371207,0.399320,-0.367993,0.177567,-0.176221
-0.075976,-0.062624,0.025146,-0.020789,-0.030281,0.017936,-0.184511,0.096562,0.066042,-0.338310,0.394534,-0.370560,0.189623,-0.183060
-0.074524,-0.059319,0.022423,-0.021815,-0.029148,0.015713,-0.164897,0.077477,0.066940,-0.302447,0.386366,-0.365290,0.197249,-0.182658
-0.073020,-0.056446,0.020248,-0.022698,-0.028112,0.013586,-0.145186,0.056644,0.064439,-0.263325,0.376205,-0.363812,0.202872,-0.180167
-0.071240,-0.053504,0.018226,-0.023497,-0.027232,0.011675,-0.125030,0.033574,0.060754,-0.222851,0.366790,-0.370869,0.206749,-0.178564
-0.069484,-0.050926,0.016628,-0.024077,-0.026420,0.009982,-0.106642,0.009384,0.057843,-0.185466,0.353375,-0.377813,0.217153,-0.177808
-0.067489,-0.048259,0.015142,-0.024532,-0.025737,0.008573,-0.090102,-0.015493,0.064316,-0.153841,0.336514,-0.378773,0.236159,-0.178577
-0.065583,-0.045895,0.013956,-0.024820,-0.025141,0.007413,-0.074976,-0.037040,0.068627,-0.126451,0.323782,-0.377179,0.254465,-0.182389
-0.063471,-0.043424,0.012832,-0.024988,-0.024618,0.006482,-0.059483,-0.054475,0.073895,-0.101521,0.321239,-0.374451,0.266414,-0.190291
-0.061494,-0.041213,0.011916,-0.025013,-0.024136,0.005728,-0.047332,-0.068439,0.079974,-0.081479,0.318572,-0.371624,0.273657,-0.194327
-0.059337,-0.038883,0.011028,-0.024989,-0.023728,0.005124,-0.038167,-0.080515,0.090852,-0.065831,0.312694,-0.368635,0.276200,-0.191745
-0.057339,-0.036787,0.010291,-0.024834,-0.023302,0.004606,-0.030688,-0.090839,0.098682,-0.053264,0.307749,-0.368000,0.278863,-0.190416
-0.055177,-0.034570,0.009570,-0.024677,-0.022938,0.004159,-0.022837,-0.101158,0.106666,-0.041390,0.305929,-0.369926,0.283476,-0.193666
-0.053188,-0.032571,0.008972,-0.024450,-0.022565,0.003734,-0.016632,-0.109682,0.112007,-0.032296,0.303521,-0.369967,0.288007,-0.196321
-0.051044,-0.030455,0.008397,-0.024207,-0.022204,0.003317,-0.010630,-0.117870,0.120707,-0.024118,0.300694,-0.365711,0.291858,-0.197532
-0.049079,-0.028547,0.007936,-0.023900,-0.021809,0.002883,-0.005544,-0.124966,0.126154,-0.016445,0.298409,-0.363085,0.293874,-0.198296
-0.046969,-0.026531,0.007514,-0.023627,-0.021457,0.002433,0.000180,-0.132135,0.130650,-0.007448,0.298026,-0.363651,0.293174,-0.199345
-0.045040,-0.024718,0.007203,-0.023259,-0.021034,0.001948,0.005001,-0.139209,0.132277,0.000661,0.295514,-0.364438,0.293706,-0.199613
-0.042974,-0.022804,0.006954,-0.022912,-0.020635,0.001436,0.010083,-0.148021,0.136344,0.009278,0.290094,-0.363750,0.296633,-0.199093
-0.041091,-0.021086,0.006810,-0.022542,-0.020224,0.000897,0.014555,-0.156158,0.135953,0.017176,0.284580,-0.363508,0.299937,-0.199158
-0.039080,-0.019278,0.006753,-0.022149,-0.019791,0.000333,0.020262,-0.165005,0.135303,0.026594,0.280981,-0.363758,0.303253,-0.201181
-0.037251,-0.017658,0.006792,-0.021742,-0.019348,-0.000245,0.025241,-0.173697,0.132909,0.035835,0.276065,-0.363897,0.306650,-0.202254
-0.035303,-0.015956,0.006935,-0.021316,-0.018886,-0.000825,0.030168,-0.182937,0.130865,0.045198,0.269347,-0.363296,0.309742,-0.201715
-0.033537,-0.014433,0.007158,-0.020889,-0.018418,-0.001397,0.034763,-0.191965,0.126687,0.054357,0.262401,-0.363501,0.313564,-0.201572
-0.031659,-0.012835,0.007496,-0.020467,-0.017955,-0.001946,0.039743,-0.201509,0.121866,0.064315,0.255677,-0.364775,0.317914,-0.202431
-0.029962,-0.011407,0.007888,-0.020029,-0.017472,-0.002454,0.044142,-0.210452,0.115985,0.073552,0.248559,-0.365498,0.322605,-0.203092
-0.028161,-0.009909,0.008391,-0.019579,-0.016983,-0.002902,0.048511,-0.219755,0.111516,0.082866,0.240662,-0.364949,0.327973,-0.203459
-0.026537,-0.008569,0.008916,-0.019138,-0.016495,-0.003278,0.052071,-0.227823,0.105869,0.091079,0.233214,-0.364861,0.332927,-0.203749
-0.024817,-0.007162,0.009535,-0.018721,-0.016035,-0.003571,0.055598,-0.235429,0.100728,0.099212,0.226841,-0.365287,0.337357,-0.204551
-0.023268,-0.005902,0.010136,-0.018274,-0.015550,-0.003758,0.058214,-0.241753,0.095655,0.106050,0.220781,-0.365437,0.341629,-0.205151
-0.021632,-0.004577,0.010802,-0.017858,-0.015104,-0.003841,0.060598,-0.247853,0.092816,0.112609,0.214751,-0.364798,0.345764,-0.205447
-0.020160,-0.003389,0.011410,-0.017403,-0.014627,-0.003800,0.061718,-0.251834,0.089751,0.116932,0.209867,-0.364235,0.349268,-0.205735
-0.018608,-0.002138,0.012042,-0.016977,-0.014184,-0.003649,0.062763,-0.255245,0.088980,0.120882,0.206347,-0.363740,0.352373,-0.206551
-0.017214,-0.001015,0.012584,-0.016551,-0.013743,-0.003384,0.062390,-0.256239,0.087987,0.122479,0.204102,-0.363031,0.354297,-0.207102
-0.015746,0.000167,0.013106,-0.016119,-0.013305,-0.003011,0.061778,-0.256425,0.089489,0.123301,0.202866,-0.361625,0.355573,-0.207619
-0.014429,0.001227,0.013512,-0.015679,-0.012859,-0.002543,0.060055,-0.254657,0.091572,0.122522,0.202929,-0.360303,0.355655,-0.207843
-0.013043,0.002342,0.013858,-0.015246,-0.012423,-0.001997,0.057912,-0.251672,0.095195,0.120708,0.204351,-0.359047,0.354677,-0.208121
-0.011801,0.003339,0.014081,-0.014803,-0.011975,-0.001393,0.054786,-0.246864,0.099135,0.117142,0.206884,-0.357804,0.352914,-0.208204
-0.010495,0.004383,0.014212,-0.014373,-0.011535,-0.000755,0.051435,-0.241260,0.104507,0.113111,0.210285,-0.356247,0.350273,-0.208140
-0.009324,0.005314,0.014229,-0.013943,-0.011092,-0.000105,0.047396,-0.234111,0.109385,0.107903,0.214797,-0.354728,0.346479,-0.207884
-0.008095,0.006284,0.014137,-0.013492,-0.010624,0.000531,0.043389,-0.226551,0.115402,0.102729,0.220007,-0.353303,0.342019,-0.207522
-0.006994,0.007142,0.013956,-0.013065,-0.010163,0.001133,0.038904,-0.218171,0.120799,0.096991,0.225425,-0.352164,0.336770,-0.206611
-0.005838,0.008030,0.013665,-0.012625,-0.009681,0.001676,0.034523,-0.209576,0.125910,0.091294,0.231016,-0.351083,0.331092,-0.205510
-0.004805,0.008809,0.013322,-0.012189,-0.009197,0.002148,0.030239,-0.200944,0.130026,0.085970,0.236562,-0.350329,0.325348,-0.204350
-0.003724,0.009607,0.012882,-0.011753,-0.008707,0.002538,0.026248,-0.192628,0.133548,0.081371,0.241819,-0.349766,0.319365,-0.202940
-0.002762,0.010302,0.012428,-0.011292,-0.008204,0.002836,0.022380,-0.184685,0.135567,0.077090,0.246394,-0.349398,0.313522,-0.201183
-0.001758,0.011008,0.011900,-0.010844,-0.007710,0.003046,0.018976,-0.177592,0.137215,0.073779,0.250263,-0.349227,0.308136,-0.199281
-0.000869,0.011616,0.011394,-0.010370,-0.007202,0.003164,0.015710,-0.171130,0.136448,0.070767,0.253204,-0.349568,0.303176,-0.197273
0.000052,0.012227,0.010839,-0.009899,-0.006697,0.003199,0.013093,-0.165667,0.135453,0.068833,0.255649,-0.349942,0.298874,-0.195456
0.000864,0.012748,0.010332,-0.009436,-0.006207,0.003168,0.010541,-0.160990,0.132243,0.067170,0.256801,-0.350523,0.295453,-0.193552
0.001701,0.013267,0.009799,-0.008962,-0.005718,0.003073,0.008524,-0.157168,0.128576,0.066338,0.257380,-0.351144,0.292473,-0.191641
0.002434,0.013705,0.009330,-0.008488,-0.005242,0.002931,0.006658,-0.154137,0.123839,0.065929,0.257160,-0.351871,0.290431,-0.189948
0.003185,0.014137,0.008852,-0.008031,-0.004788,0.002760,0.005095,-0.151809,0.118651,0.065949,0.256336,-0.352712,0.288890,-0.188278
0.003839,0.014498,0.008442,-0.007569,-0.004346,0.002565,0.003647,-0.150008,0.112249,0.066061,0.254971,-0.353595,0.287930,-0.186736
0.004507,0.014850,0.008032,-0.007133,-0.003931,0.002366,0.002454,-0.148700,0.106410,0.066547,0.253381,-0.354330,0.287589,-0.185459
0.005086,0.015142,0.007685,-0.006694,-0.003529,0.002162,0.001147,-0.147697,0.099728,0.066791,0.251263,-0.355156,0.287646,-0.184191
0.005675,0.015425,0.007343,-0.006299,-0.003167,0.001977,0.000108,-0.146865,0.093708,0.067324,0.249421,-0.355795,0.287786,-0.183132
0.006184,0.015657,0.007055,-0.005900,-0.002821,0.001803,-0.001070,-0.146156,0.087050,0.067513,0.247332,-0.356464,0.288332,-0.182260
0.006702,0.015879,0.006768,-0.005527,-0.002505,0.001655,-0.002102,-0.145490,0.081790,0.067884,0.245504,-0.356996,0.288797,-0.181390
0.007149,0.016060,0.006523,-0.005177,-0.002218,0.001532,-0.003379,-0.144758,0.076283,0.067708,0.243602,-0.357430,0.289413,-0.180578
0.007602,0.016232,0.006274,-0.004846,-0.001955,0.001435,-0.004512,-0.143930,0.071562,0.067489,0.242178,-0.357811,0.289862,-0.179924
0.007993,0.016371,0.006056,-0.004525,-0.001713,0.001360,-0.005769,-0.142962,0.067207,0.066995,0.240986,-0.358156,0.290361,-0.179451
0.008390,0.016502,0.005829,-0.004230,-0.001496,0.001312,-0.007043,-0.141821,0.063676,0.066308,0.240058,-0.358364,0.290601,-0.178911
0.008732,0.016605,0.005624,-0.003944,-0.001297,0.001284,-0.008424,-0.140527,0.060176,0.065240,0.239332,-0.358495,0.290666,-0.178362
0.009078,0.016701,0.005402,-0.003682,-0.001120,0.001279,-0.009755,-0.139048,0.057531,0.064148,0.239028,-0.358610,0.290567,-0.177932
0.009377,0.016776,0.005196,-0.003427,-0.000957,0.001288,-0.011251,-0.137438,0.055046,0.062653,0.238805,-0.358790,0.290373,-0.177490
0.009680,0.016843,0.004968,-0.003192,-0.000811,0.001314,-0.012690,-0.135645,0.053379,0.061138,0.238942,-0.358802,0.289947,-0.177036
0.009940,0.016893,0.004752,-0.002968,-0.000677,0.001349,-0.014195,-0.133774,0.051616,0.059340,0.239200,-0.358786,0.289504,-0.176681
0.010204,0.016936,0.004511,-0.002758,-0.000555,0.001392,-0.015629,-0.131743,0.050457,0.057586,0.239806,-0.358798,0.288774,-0.176311
0.010431,0.016966,0.004281,-0.002557,-0.000442,0.001439,-0.017138,-0.129655,0.049404,0.055650,0.240447,-0.358782,0.287976,-0.175914
0.010661,0.016988,0.004022,-0.002373,-0.000338,0.001492,-0.018595,-0.127485,0.048758,0.053719,0.241234,-0.358731,0.287033,-0.175461
0.010858,0.017000,0.003775,-0.002194,-0.000240,0.001543,-0.020039,-0.125331,0.048015,0.051737,0.242078,-0.358733,0.286063,-0.175056
0.011057,0.017004,0.003499,-0.002024,-0.000149,0.001593,-0.021417,-0.123069,0.047748,0.049837,0.243130,-0.358716,0.285020,-0.174691
0.011228,0.017000,0.003236,-0.001866,-0.000063,0.001643,-0.022803,-0.120902,0.047326,0.047861,0.244062,-0.358701,0.283993,-0.174278
0.011399,0.016988,0.002944,-0.001713,0.000020,0.001685,-0.024102,-0.118686,0.047072,0.045982,0.245156,-0.358645,0.282778,-0.173810
0.011546,0.016970,0.002668,-0.001570,0.000099,0.001724,-0.025374,-0.116523,0.046808,0.044137,0.246210,-0.358631,0.281701,-0.173436
0.011693,0.016943,0.002364,-0.001435,0.000176,0.001759,-0.026601,-0.114377,0.046662,0.042367,0.247249,-0.358699,0.280559,-0.172982
0.011818,0.016911,0.002078,-0.001305,0.000249,0.001785,-0.027759,-0.112324,0.046347,0.040695,0.248260,-0.358709,0.279399,-0.172526
0.011942,0.016871,0.001764,-0.001183,0.000320,0.001808,-0.028859,-0.110239,0.046267,0.039100,0.249331,-0.358679,0.278346,-0.172139
0.012047,0.016827,0.001472,-0.001067,0.000389,0.001826,-0.029921,-0.108343,0.045956,0.037584,0.250207,-0.358770,0.277317,-0.171682
0.012151,0.016773,0.001154,-0.000958,0.000458,0.001837,-0.030917,-0.106367,0.045781,0.036174,0.251250,-0.358797,0.276148,-0.171207
0.012238,0.016718,0.000859,-0.000853,0.000524,0.001840,-0.031869,-0.104550,0.045501,0.034818,0.252117,-0.358832,0.275260,-0.170836
0.012324,0.016652,0.000540,-0.000755,0.000590,0.001841,-0.032780,-0.102719,0.045289,0.033571,0.252988,-0.358944,0.274259,-0.170358
0.012394,0.016586,0.000247,-0.000659,0.000653,0.001833,-0.033589,-0.101051,0.044773,0.032478,0.253811,-0.359010,0.273262,-0.169920
0.012463,0.016508,-0.000069,-0.000570,0.000716,0.001824,-0.034392,-0.099311,0.044481,0.031403,0.254663,-0.359066,0.272375,-0.169520
0.012518,0.016432,-0.000359,-0.000484,0.000777,0.001807,-0.035169,-0.097813,0.044028,0.030410,0.255222,-0.359226,0.271589,-0.169023
0.012571,0.016343,-0.000669,-0.000402,0.000839,0.001789,-0.035900,-0.096181,0.043628,0.029494,0.255989,-0.359313,0.270662,-0.168545
0.012613,0.016257,-0.000951,-0.000325,0.000900,0.001765,-0.036536,-0.094772,0.042995,0.028690,0.256613,-0.359424,0.270022,-0.168238
0.012651,0.016157,-0.001252,-0.000251,0.000960,0.001738,-0.037188,-0.093279,0.042454,0.027940,0.257235,-0.359596,0.269229,-0.167775
0.012680,0.016061,-0.001525,-0.000181,0.001017,0.001707,-0.037798,-0.091924,0.041807,0.027262,0.257728,-0.359681,0.268517,-0.167309
0.012705,0.015952,-0.001816,-0.000113,0.001074,0.001677,-0.038386,-0.090541,0.041192,0.026631,0.258256,-0.359808,0.267853,-0.166877
0.012722,0.015846,-0.002079,-0.000050,0.001129,0.001643,-0.038920,-0.089326,0.040409,0.026103,0.258678,-0.360027,0.267232,-0.166460
0.012735,0.015728,-0.002358,0.000011,0.001183,0.001609,-0.039473,-0.087996,0.039756,0.025549,0.259172,-0.360175,0.266602,-0.166034
0.012742,0.015614,-0.002609,0.000069,0.001236,0.001573,-0.039979,-0.086855,0.039014,0.025062,0.259479,-0.360306,0.266156,-0.165640
0.012744,0.015486,-0.002876,0.000124,0.001288,0.001536,-0.040483,-0.085592,0.038275,0.024610,0.259921,-0.360466,0.265560,-0.165217
0.012741,0.015364,-0.003116,0.000175,0.001338,0.001499,-0.040927,-0.084472,0.037424,0.024239,0.260302,-0.360623,0.265059,-0.164869
0.012732,0.015228,-0.003369,0.000225,0.001387,0.001462,-0.041402,-0.083281,0.036651,0.023861,0.260665,-0.360797,0.264519,-0.164437
0.012720,0.015098,-0.003597,0.000271,0.001433,0.001424,-0.041851,-0.082213,0.035832,0.023529,0.260908,-0.360962,0.264051,-0.163998
0.012703,0.014954,-0.003837,0.000315,0.001479,0.001387,-0.042299,-0.081064,0.035035,0.023205,0.261244,-0.361140,0.263579,-0.163601
0.012683,0.014817,-0.004053,0.000357,0.001523,0.001350,-0.042690,-0.080059,0.034152,0.022963,0.261510,-0.361340,0.263182,-0.163257
0.012658,0.014666,-0.004281,0.000398,0.001566,0.001315,-0.043118,-0.078939,0.033337,0.022685,0.261829,-0.361503,0.262716,-0.162858
0.012631,0.014523,-0.004486,0.000435,0.001607,0.001280,-0.043524,-0.077942,0.032519,0.022424,0.262031,-0.361644,0.262356,-0.162471
0.012598,0.014364,-0.004702,0.000471,0.001647,0.001246,-0.043947,-0.076847,0.031706,0.022165,0.262320,-0.361829,0.261911,-0.162068
0.012564,0.014215,-0.004896,0.000504,0.001682,0.001212,-0.044323,-0.075849,0.030835,0.021963,0.262590,-0.362018,0.261520,-0.161735
0.012524,0.014051,-0.005101,0.000536,0.001721,0.001182,-0.044729,-0.074772,0.030024,0.021733,0.262875,-0.362193,0.261109,-0.161359
0.012485,0.013896,-0.005285,0.000564,0.001754,0.001150,-0.045099,-0.073837,0.029225,0.021559,0.263058,-0.362348,0.260737,-0.160965
0.012440,0.013726,-0.005479,0.000591,0.001788,0.001122,-0.045517,-0.072729,0.028442,0.021323,0.263349,-0.362514,0.260327,-0.160586
0.012396,0.013566,-0.005654,0.000616,0.001819,0.001094,-0.045869,-0.071795,0.027671,0.021161,0.263573,-0.362712,0.260019,-0.160272
0.012345,0.013390,-0.005840,0.000640,0.001850,0.001068,-0.046263,-0.070718,0.026885,0.020980,0.263881,-0.362882,0.259567,-0.159890
0.012297,0.013226,-0.006006,0.000661,0.001878,0.001043,-0.046616,-0.069758,0.026151,0.020811,0.264121,-0.363002,0.259230,-0.159559
0.012242,0.013046,-0.006183,0.000681,0.001904,0.001019,-0.047020,-0.068696,0.025451,0.020618,0.264383,-0.363188,0.258838,-0.159169
0.012190,0.012878,-0.006343,0.000700,0.001931,0.000998,-0.047374,-0.067726,0.024743,0.020472,0.264646,-0.363364,0.258447,-0.158822
0.012131,0.012693,-0.006512,0.000717,0.001955,0.000977,-0.047738,-0.066693,0.024047,0.020318,0.264968,-0.363522,0.258051,-0.158491
0.012076,0.012521,-0.006665,0.000733,0.001976,0.000956,-0.048106,-0.065708,0.023375,0.020146,0.265210,-0.363681,0.257709,-0.158150
0.012014,0.012333,-0.006828,0.000748,0.001999,0.000939,-0.048498,-0.064646,0.022757,0.019948,0.265500,-0.363839,0.257311,-0.157774
0.011956,0.012158,-0.006975,0.000761,0.002017,0.000920,-0.048835,-0.063704,0.022122,0.019823,0.265790,-0.363982,0.256923,-0.157451
0.011892,0.011967,-0.007132,0.000774,0.002038,0.000905,-0.049214,-0.062618,0.021463,0.019643,0.266144,-0.364147,0.256503,-0.157124
0.011831,0.011789,-0.007274,0.000785,0.002056,0.000889,-0.049558,-0.061686,0.020918,0.019493,0.266392,-0.364313,0.256164,-0.156786
0.011764,0.011595,-0.007426,0.000795,0.002073,0.000876,-0.049956,-0.060604,0.020329,0.019303,0.266706,-0.364457,0.255725,-0.156400
0.011702,0.011414,-0.007564,0.000803,0.002088,0.000862,-0.050290,-0.059631,0.019761,0.019145,0.267025,-0.364593,0.255382,-0.156124
0.011633,0.011217,-0.007711,0.000812,0.002105,0.000851,-0.050668,-0.058560,0.019191,0.018978,0.267380,-0.364772,0.254964,-0.155791
0.011569,0.011035,-0.007846,0.000818,0.002117,0.000839,-0.051008,-0.057592,0.018693,0.018838,0.267689,-0.364894,0.254548,-0.155448
0.011499,0.010835,-0.007989,0.000824,0.002130,0.000829,-0.051395,-0.056499,0.018176,0.018650,0.268037,-0.365024,0.254135,-0.155099
0.011434,0.010651,-0.008121,0.000828,0.002142,0.000820,-0.051731,-0.055536,0.017717,0.018509,0.268350,-0.365196,0.253767,-0.154789
0.011363,0.010450,-0.008261,0.000831,0.002152,0.000811,-0.052098,-0.054460,0.017229,0.018358,0.268744,-0.365349,0.253302,-0.154448
0.011297,0.010263,-0.008390,0.000834,0.002163,0.000803,-0.052428,-0.053474,0.016791,0.018212,0.269088,-0.365458,0.252934,-0.154157
0.011226,0.010061,-0.008528,0.000837,0.002173,0.000796,-0.052790,-0.052429,0.016383,0.018061,0.269439,-0.365608,0.252512,-0.153803
0.011159,0.009873,-0.008654,0.000837,0.002180,0.000789,-0.053123,-0.051429,0.015972,0.017932,0.269803,-0.365742,0.252078,-0.153479
0.011087,0.009669,-0.008790,0.000838,0.002188,0.000783,-0.053481,-0.050339,0.015553,0.017764,0.270213,-0.365885,0.251666,-0.153178
0.011021,0.009481,-0.008914,0.000839,0.002195,0.000777,-0.053801,-0.049392,0.015211,0.017645,0.270551,-0.366025,0.251264,-0.152856
0.010948,0.009276,-0.009048,0.000838,0.002201,0.000772,-0.054162,-0.048310,0.014825,0.017490,0.270960,-0.366138,0.250777,-0.152500
0.010882,0.009086,-0.009170,0.000837,0.002205,0.000766,-0.054480,-0.047331,0.014491,0.017346,0.271328,-0.366270,0.250415,-0.152225
0.010809,0.008881,-0.009302,0.000835,0.002211,0.000761,-0.054831,-0.046275,0.014140,0.017205,0.271720,-0.366443,0.249968,-0.151885
0.010743,0.008691,-0.009423,0.000832,0.002212,0.000755,-0.055132,-0.045310,0.013811,0.017102,0.272111,-0.366543,0.249527,-0.151581
0.010671,0.008485,-0.009553,0.000830,0.002218,0.000752,-0.055470,-0.044255,0.013475,0.016962,0.272517,-0.366660,0.249113,-0.151273
0.010605,0.008294,-0.009673,0.000827,0.002221,0.000747,-0.055773,-0.043325,0.013225,0.016858,0.272861,-0.366812,0.248709,-0.150950
0.010533,0.008087,-0.009802,0.000823,0.002223,0.000742,-0.056116,-0.042248,0.012899,0.016724,0.273289,-0.366942,0.248240,-0.150620
0.010467,0.007897,-0.009920,0.000818,0.002223,0.000738,-0.056400,-0.041296,0.012618,0.016619,0.273676,-0.367059,0.247884,-0.150368
0.010396,0.007690,-0.010047,0.000813,0.002223,0.000733,-0.056723,-0.040271,0.012329,0.016524,0.274081,-0.367199,0.247419,-0.150028
0.010331,0.007499,-0.010164,0.000807,0.002224,0.000729,-0.057006,-0.039331,0.012093,0.016445,0.274471,-0.367289,0.246978,-0.149717
0.010261,0.007293,-0.010289,0.000805,0.002231,0.000727,-0.057315,-0.038331,0.011859,0.016347,0.274868,-0.367428,0.246573,-0.149407
0.010197,0.007102,-0.010405,0.000797,0.002224,0.000721,-0.057597,-0.037405,0.011637,0.016269,0.275234,-0.367584,0.246177,-0.149109
0.010128,0.006896,-0.010529,0.000791,0.002224,0.000718,-0.057934,-0.036285,0.011310,0.016122,0.275679,-0.367704,0.245754,-0.148820
0.010064,0.006706,-0.010643,0.000785,0.002220,0.000713,-0.058167,-0.035463,0.011164,0.016088,0.276048,-0.367791,0.245377,-0.148548
0.009996,0.006500,-0.010766,0.000778,0.002218,0.000708,-0.058477,-0.034451,0.010885,0.016036,0.276477,-0.367894,0.244819,-0.148173
0.009934,0.006310,-0.010879,0.000772,0.002216,0.000704,-0.058728,-0.033568,0.010732,0.015949,0.276843,-0.368031,0.244488,-0.147919
0.009866,0.006105,-0.011000,0.000766,0.002214,0.000699,-0.059032,-0.032623,0.010556,0.015872,0.277180,-0.368235,0.244123,-0.147591
0.009805,0.005916,-0.011111,0.000758,0.002208,0.000693,-0.059275,-0.031707,0.010314,0.015816,0.277589,-0.368311,0.243712,-0.147335
0.009739,0.005712,-0.011230,0.000751,0.002205,0.000688,-0.059530,-0.030741,0.010064,0.015754,0.278033,-0.368382,0.243355,-0.147115
0.009678,0.005524,-0.011339,0.000743,0.002199,0.000682,-0.059774,-0.029917,0.009922,0.015740,0.278362,-0.368513,0.242924,-0.146779
0.009613,0.005320,-0.011456,0.000736,0.002195,0.000676,-0.060056,-0.028953,0.009722,0.015692,0.278758,-0.368625,0.242427,-0.146418
0.009554,0.005133,-0.011563,0.000728,0.002188,0.000669,-0.060276,-0.028137,0.009555,0.015660,0.279092,-0.368774,0.242151,-0.146196
0.009490,0.004931,-0.011678,0.000721,0.002184,0.000663,-0.060530,-0.027243,0.009336,0.015641,0.279450,-0.368953,0.241766,-0.145903
0.009432,0.004745,-0.011783,0.000711,0.002173,0.000655,-0.060733,-0.026433,0.009163,0.015635,0.279821,-0.369001,0.241398,-0.145655
0.009370,0.004544,-0.011895,0.000705,0.002172,0.000650,-0.060984,-0.025531,0.008966,0.015592,0.280179,-0.369089,0.241062,-0.145388
0.009313,0.004360,-0.011998,0.000696,0.002160,0.000641,-0.061181,-0.024800,0.008867,0.015613,0.280492,-0.369236,0.240685,-0.145093
0.009251,0.004161,-0.012108,0.000689,0.002154,0.000634,-0.061440,-0.023847,0.008597,0.015581,0.280895,-0.369361,0.240257,-0.144808
0.009196,0.003978,-0.012208,0.000681,0.002143,0.000626,-0.061610,-0.023150,0.008491,0.015584,0.281194,-0.369476,0.240020,-0.144607
0.009136,0.003780,-0.012315,0.000674,0.002135,0.000618,-0.061858,-0.022300,0.008272,0.015592,0.281515,-0.369604,0.239596,-0.144269
0.009081,0.003599,-0.012413,0.000667,0.002124,0.000609,-0.062026,-0.021579,0.008134,0.015593,0.281854,-0.369668,0.239282,-0.144054
0.009022,0.003404,-0.012517,0.000660,0.002116,0.000601,-0.062249,-0.020789,0.007952,0.015589,0.282161,-0.369825,0.238987,-0.143800
0.008968,0.003224,-0.012611,0.000652,0.002103,0.000591,-0.062431,-0.020079,0.007793,0.015597,0.282452,-0.369953,0.238648,-0.143538
0.008910,0.003031,-0.012712,0.000646,0.002094,0.000582,-0.062632,-0.019287,0.007574,0.015596,0.282792,-0.370033,0.238335,-0.143308
0.008858,0.002854,-0.012803,0.000638,0.002079,0.000571,-0.062791,-0.018652,0.007427,0.015627,0.283051,-0.370145,0.238068,-0.143085
0.008801,0.002663,-0.012901,0.000631,0.002068,0.000561,-0.062999,-0.017883,0.007213,0.015640,0.283355,-0.370272,0.237699,-0.142798
0.008749,0.002488,-0.012989,0.000624,0.002055,0.000550,-0.063143,-0.017277,0.007092,0.015668,0.283614,-0.370368,0.237462,-0.142597
0.008694,0.002299,-0.013082,0.000617,0.002042,0.000539,-0.063330,-0.016577,0.006881,0.015697,0.283876,-0.370507,0.237177,-0.142348
0.008643,0.002127,-0.013167,0.000610,0.002025,0.000527,-0.063471,-0.015954,0.006696,0.015725,0.284139,-0.370608,0.236926,-0.142153
0.008589,0.001941,-0.013256,0.000603,0.002014,0.000516,-0.063636,-0.015297,0.006501,0.015761,0.284400,-0.370710,0.236671,-0.141933
0.008539,0.001771,-0.013337,0.000597,0.001999,0.000504,-0.063763,-0.014763,0.006360,0.015824,0.284617,-0.370803,0.236404,-0.141704
0.008486,0.001589,-0.013422,0.000590,0.001983,0.000491,-0.063928,-0.014100,0.006130,0.015856,0.284872,-0.370920,0.236139,-0.141482
0.008438,0.001421,-0.013498,0.000582,0.001966,0.000478,-0.064054,-0.013558,0.005957,0.015893,0.285066,-0.371056,0.235976,-0.141311
0.008386,0.001242,-0.013579,0.000576,0.001951,0.000465,-0.064194,-0.012987,0.005749,0.015965,0.285285,-0.371164,0.235707,-0.141076
0.008338,0.001077,-0.013651,0.000569,0.001933,0.000451,-0.064287,-0.012507,0.005562,0.016046,0.285497,-0.371216,0.235487,-0.140901
0.008287,0.000901,-0.013727,0.000563,0.001916,0.000437,-0.064426,-0.011950,0.005348,0.016094,0.285678,-0.371355,0.235311,-0.140706
0.008240,0.000740,-0.013794,0.000557,0.001900,0.000424,-0.064532,-0.011503,0.005201,0.016159,0.285821,-0.371493,0.235135,-0.140505
0.008191,0.000567,-0.013865,0.000550,0.001880,0.000409,-0.064642,-0.010991,0.004958,0.016239,0.286025,-0.371570,0.234928,-0.140328
0.008145,0.000409,-0.013928,0.000543,0.001861,0.000394,-0.064722,-0.010552,0.004725,0.016313,0.286191,-0.371658,0.234807,-0.140206
0.008096,0.000239,-0.013994,0.000537,0.001841,0.000380,-0.064832,-0.010102,0.004542,0.016393,0.286329,-0.371784,0.234617,-0.139993
0.008052,0.000085,-0.014053,0.000532,0.001822,0.000365,-0.064915,-0.009720,0.004365,0.016483,0.286456,-0.371856,0.234433,-0.139802
0.008004,-0.000080,-0.014113,0.000526,0.001801,0.000350,-0.065001,-0.009302,0.004131,0.016557,0.286598,-0.371971,0.234323,-0.139667
0.007960,-0.000231,-0.014167,0.000520,0.001779,0.000335,-0.065076,-0.008952,0.003927,0.016630,0.286700,-0.372110,0.234230,-0.139531
0.007913,-0.000393,-0.014222,0.000515,0.001758,0.000320,-0.065163,-0.008560,0.003713,0.016699,0.286825,-0.372182,0.234087,-0.139368
0.007870,-0.000539,-0.014271,0.000509,0.001734,0.000305,-0.065214,-0.008270,0.003532,0.016781,0.286923,-0.372231,0.234001,-0.139249
0.007824,-0.000697,-0.014321,0.000504,0.001713,0.000290,-0.065294,-0.007905,0.003287,0.016856,0.287030,-0.372357,0.233876,-0.139100
0.007782,-0.000840,-0.014365,0.000498,0.001688,0.000274,-0.065343,-0.007639,0.003121,0.016932,0.287112,-0.372465,0.233791,-0.138977
0.007737,-0.000992,-0.014410,0.000493,0.001666,0.000259,-0.065417,-0.007315,0.002878,0.017003,0.287186,-0.372549,0.233706,-0.138840
0.007696,-0.001131,-0.014449,0.000488,0.001641,0.000244,-0.065446,-0.007099,0.002698,0.017083,0.287246,-0.372624,0.233662,-0.138746
0.007652,-0.001279,-0.014489,0.000483,0.001618,0.000229,-0.065506,-0.006818,0.002458,0.017167,0.287320,-0.372723,0.233577,-0.138622
0.007612,-0.001414,-0.014523,0.000477,0.001591,0.000214,-0.065535,-0.006616,0.002280,0.017239,0.287368,-0.372803,0.233539,-0.138531
0.007569,-0.001557,-0.014558,0.000473,0.001566,0.000199,-0.065591,-0.006362,0.002038,0.017313,0.287408,-0.372896,0.233490,-0.138415
0.007529,-0.001687,-0.014587,0.000468,0.001541,0.000184,-0.065606,-0.006212,0.001873,0.017392,0.287442,-0.372968,0.233460,-0.138331
0.007487,-0.001826,-0.014617,0.000463,0.001515,0.000170,-0.065649,-0.006006,0.001646,0.017469,0.287482,-0.373049,0.233415,-0.138233
0.007448,-0.001951,-0.014641,0.000458,0.001487,0.000155,-0.065669,-0.005858,0.001464,0.017524,0.287497,-0.373132,0.233422,-0.138167
0.007407,-0.002085,-0.014666,0.000453,0.001460,0.000141,-0.065705,-0.005689,0.001257,0.017589,0.287511,-0.373220,0.233409,-0.138078
0.007369,-0.002205,-0.014686,0.000449,0.001433,0.000127,-0.065711,-0.005587,0.001080,0.017658,0.287528,-0.373272,0.233396,-0.138016
0.007329,-0.002334,-0.014706,0.000444,0.001405,0.000113,-0.065730,-0.005458,0.000872,0.017724,0.287542,-0.373344,0.233397,-0.137952
0.007292,-0.002450,-0.014721,0.000439,0.001378,0.000099,-0.065741,-0.005370,0.000693,0.017776,0.287524,-0.373431,0.233420,-0.137892
0.007252,-0.002573,-0.014736,0.000435,0.001350,0.000085,-0.065758,-0.005271,0.000503,0.017831,0.287515,-0.373503,0.233433,-0.137828
0.007216,-0.002684,-0.014747,0.000430,0.001320,0.000071,-0.065755,-0.005216,0.000318,0.017888,0.287503,-0.373553,0.233468,-0.137795
0.007177,-0.002802,-0.014758,0.000426,0.001292,0.000058,-0.065760,-0.005143,0.000109,0.017946,0.287489,-0.373625,0.233496,-0.137753
0.007141,-0.002908,-0.014765,0.000421,0.001263,0.000045,-0.065752,-0.005135,-0.000029,0.018001,0.287454,-0.373685,0.233532,-0.137708
0.007104,-0.003021,-0.014770,0.000417,0.001233,0.000032,-0.065758,-0.005086,-0.000231,0.018049,0.287416,-0.373747,0.233570,-0.137661
0.007069,-0.003122,-0.014773,0.000413,0.001205,0.000020,-0.065741,-0.005095,-0.000384,0.018089,0.287378,-0.373811,0.233651,-0.137657
0.007032,-0.003229,-0.014775,0.000408,0.001174,0.000008,-0.065740,-0.005086,-0.000559,0.018130,0.287336,-0.373874,0.233706,-0.137627
0.006998,-0.003325,-0.014774,0.000404,0.001144,-0.000004,-0.065724,-0.005103,-0.000719,0.018158,0.287295,-0.373907,0.233767,-0.137617
0.006961,-0.003426,-0.014772,0.000400,0.001114,-0.000015,-0.065714,-0.005127,-0.000870,0.018186,0.287246,-0.373959,0.233845,-0.137606
0.006928,-0.003517,-0.014767,0.000395,0.001083,-0.000026,-0.065698,-0.005178,-0.000999,0.018209,0.287189,-0.374015,0.233909,-0.137591
0.006893,-0.003612,-0.014761,0.000391,0.001051,-0.000037,-0.065685,-0.005207,-0.001167,0.018224,0.287141,-0.374064,0.233988,-0.137594
0.006860,-0.003698,-0.014754,0.000387,0.001022,-0.000047,-0.065659,-0.005284,-0.001288,0.018235,0.287078,-0.374107,0.234095,-0.137612
0.006826,-0.003788,-0.014744,0.000383,0.000991,-0.000057,-0.065642,-0.005358,-0.001406,0.018247,0.287013,-0.374143,0.234169,-0.137605
0.006794,-0.003868,-0.014733,0.000379,0.000960,-0.000067,-0.065615,-0.005434,-0.001551,0.018250,0.286956,-0.374173,0.234260,-0.137626
0.006760,-0.003953,-0.014720,0.000374,0.000928,-0.000076,-0.065591,-0.005518,-0.001690,0.018250,0.286890,-0.374229,0.234371,-0.137653
0.006729,-0.004028,-0.014706,0.000369,0.000897,-0.000084,-0.065565,-0.005637,-0.001769,0.018247,0.286812,-0.374260,0.234460,-0.137660
0.006696,-0.004106,-0.014690,0.000365,0.000867,-0.000093,-0.065539,-0.005743,-0.001877,0.018238,0.286740,-0.374274,0.234561,-0.137682
0.006666,-0.004176,-0.014674,0.000361,0.000835,-0.000101,-0.065499,-0.005879,-0.001952,0.018224,0.286672,-0.374312,0.234695,-0.137735
0.006634,-0.004249,-0.014655,0.000356,0.000804,-0.000109,-0.065472,-0.005991,-0.002077,0.018211,0.286600,-0.374360,0.234797,-0.137766
0.006605,-0.004313,-0.014637,0.000352,0.000773,-0.000117,-0.065428,-0.006140,-0.002134,0.018188,0.286535,-0.374359,0.234908,-0.137811
0.006573,-0.004380,-0.014615,0.000347,0.000742,-0.000124,-0.065398,-0.006284,-0.002230,0.018167,0.286444,-0.374376,0.235026,-0.137844
0.006545,-0.004440,-0.014594,0.000342,0.000710,-0.000130,-0.065355,-0.006445,-0.002295,0.018141,0.286369,-0.374409,0.235133,-0.137887
0.006514,-0.004501,-0.014571,0.000338,0.000680,-0.000137,-0.065318,-0.006604,-0.002374,0.018113,0.286288,-0.374439,0.235261,-0.137940
0.006487,-0.004555,-0.014548,0.000333,0.000649,-0.000143,-0.065273,-0.006793,-0.002389,0.018073,0.286199,-0.374445,0.235401,-0.137998
0.006457,-0.004611,-0.014522,0.000328,0.000618,-0.000148,-0.065234,-0.006962,-0.002460,0.018033,0.286113,-0.374454,0.235531,-0.138054
0.006430,-0.004660,-0.014498,0.000323,0.000587,-0.000153,-0.065181,-0.007151,-0.002483,0.017988,0.286051,-0.374462,0.235663,-0.138133
0.006402,-0.004710,-0.014470,0.000318,0.000557,-0.000158,-0.065139,-0.007341,-0.002519,0.017943,0.285968,-0.374475,0.235788,-0.138192
0.006376,-0.004753,-0.014444,0.000313,0.000526,-0.000162,-0.065090,-0.007539,-0.002531,0.017889,0.285887,-0.374473,0.235907,-0.138251
0.006348,-0.004798,-0.014415,0.000307,0.000497,-0.000167,-0.065043,-0.007736,-0.002561,0.017837,0.285803,-0.374482,0.236049,-0.138325
0.006323,-0.004837,-0.014388,0.000302,0.000467,-0.000171,-0.064990,-0.007950,-0.002537,0.017782,0.285727,-0.374490,0.236187,-0.138404
0.006297,-0.004876,-0.014358,0.000296,0.000437,-0.000175,-0.064937,-0.008159,-0.002556,0.017733,0.285646,-0.374486,0.236315,-0.138477
0.006273,-0.004910,-0.014329,0.000290,0.000408,-0.000179,-0.064871,-0.008383,-0.002546,0.017685,0.285575,-0.374476,0.236450,-0.138565
0.006248,-0.004943,-0.014297,0.000284,0.000379,-0.000182,-0.064816,-0.008610,-0.002549,0.017635,0.285483,-0.374483,0.236585,-0.138638
0.006225,-0.004972,-0.014268,0.000278,0.000349,-0.000185,-0.064754,-0.008847,-0.002501,0.017581,0.285400,-0.374477,0.236715,-0.138712
0.006201,-0.005001,-0.014235,0.000272,0.000322,-0.000189,-0.064691,-0.009091,-0.002483,0.017530,0.285309,-0.374471,0.236866,-0.138801
0.006179,-0.005025,-0.014204,0.000266,0.000293,-0.000192,-0.064618,-0.009343,-0.002428,0.017479,0.285234,-0.374465,0.237014,-0.138900
0.006156,-0.005048,-0.014171,0.000259,0.000264,-0.000194,-0.064550,-0.009592,-0.002445,0.017427,0.285143,-0.374460,0.237153,-0.138989
0.006130,-0.005072,-0.014131,0.000253,0.000233,-0.000197,-0.064476,-0.009851,-0.002362,0.017367,0.285066,-0.374436,0.237297,-0.139083
0.006110,-0.005088,-0.014099,0.000246,0.000203,-0.000199,-0.064415,-0.010120,-0.002294,0.017304,0.284959,-0.374422,0.237452,-0.139167
0.006088,-0.005104,-0.014065,0.000239,0.000176,-0.000201,-0.064328,-0.010426,-0.002291,0.017253,0.284865,-0.374424,0.237575,-0.139260
0.006069,-0.005116,-0.014032,0.000233,0.000149,-0.000202,-0.064245,-0.010722,-0.002161,0.017191,0.284799,-0.374399,0.237741,-0.139382
0.006049,-0.005126,-0.013997,0.000227,0.000122,-0.000203,-0.064186,-0.011004,-0.002046,0.017094,0.284667,-0.374384,0.237958,-0.139490
0.006031,-0.005133,-0.013964,0.000220,0.000095,-0.000204,-0.064102,-0.011270,-0.001955,0.017017,0.284605,-0.374356,0.238104,-0.139605
0.006012,-0.005139,-0.013929,0.000214,0.000069,-0.000206,-0.064006,-0.011545,-0.001910,0.016962,0.284579,-0.374306,0.238234,-0.139753
0.005995,-0.005142,-0.013896,0.000207,0.000044,-0.000206,-0.063929,-0.011825,-0.001805,0.016890,0.284504,-0.374277,0.238352,-0.139845
0.005978,-0.005143,-0.013860,0.000201,0.000018,-0.000207,-0.063865,-0.012116,-0.001688,0.016810,0.284382,-0.374262,0.238468,-0.139896
0.005962,-0.005142,-0.013826,0.000194,-0.000007,-0.000208,-0.063782,-0.012410,-0.001568,0.016742,0.284297,-0.374249,0.238623,-0.140007
0.005945,-0.005138,-0.013790,0.000188,-0.000032,-0.000209,-0.063686,-0.012725,-0.001494,0.016684,0.284220,-0.374247,0.238807,-0.140159
0.005931,-0.005133,-0.013757,0.000181,-0.000056,-0.000210,-0.063594,-0.013026,-0.001376,0.016619,0.284147,-0.374204,0.238958,-0.140280
0.005916,-0.005125,-0.013720,0.000174,-0.000080,-0.000210,-0.063510,-0.013336,-0.001240,0.016541,0.284048,-0.374135,0.239116,-0.140383
0.005902,-0.005116,-0.013687,0.000167,-0.000104,-0.000210,-0.063423,-0.013639,-0.001097,0.016472,0.283970,-0.374106,0.239255,-0.140491
0.005888,-0.005103,-0.013650,0.000161,-0.000127,-0.000211,-0.063327,-0.013953,-0.000987,0.016413,0.283905,-0.374099,0.239388,-0.140616
0.005876,-0.005090,-0.013616,0.000154,-0.000150,-0.000210,-0.063232,-0.014266,-0.000848,0.016347,0.283830,-0.374067,0.239539,-0.140739
0.005863,-0.005074,-0.013580,0.000148,-0.000173,-0.000210,-0.063141,-0.014602,-0.000710,0.016271,0.283716,-0.374020,0.239705,-0.140846
0.005852,-0.005057,-0.013546,0.000141,-0.000195,-0.000210,-0.063048,-0.014912,-0.000547,0.016198,0.283640,-0.373976,0.239855,-0.140965
0.005840,-0.005036,-0.013510,0.000134,-0.000217,-0.000210,-0.062949,-0.015245,-0.000410,0.016127,0.283566,-0.373948,0.240017,-0.141107
0.005830,-0.005016,-0.013476,0.000127,-0.000238,-0.000210,-0.062850,-0.015564,-0.000255,0.016060,0.283499,-0.373910,0.240153,-0.141230
0.005819,-0.004991,-0.013440,0.000121,-0.000260,-0.000210,-0.062751,-0.015898,-0.000100,0.015989,0.283408,-0.373856,0.240307,-0.141349
0.005810,-0.004967,-0.013407,0.000114,-0.000280,-0.000209,-0.062651,-0.016227,0.000066,0.015924,0.283323,-0.373817,0.240454,-0.141466
0.005801,-0.004939,-0.013370,0.000107,-0.000300,-0.000210,-0.062544,-0.016574,0.000211,0.015866,0.283240,-0.373787,0.240599,-0.141594
0.005793,-0.004912,-0.013337,0.000100,-0.000320,-0.000209,-0.062440,-0.016900,0.000381,0.015806,0.283166,-0.373745,0.240753,-0.141726
0.005785,-0.004880,-0.013301,0.000093,-0.000340,-0.000209,-0.062333,-0.017262,0.000549,0.015741,0.283060,-0.373699,0.240923,-0.141851
0.005778,-0.004849,-0.013267,0.000086,-0.000359,-0.000208,-0.062230,-0.017586,0.000732,0.015683,0.282988,-0.373647,0.241062,-0.141973
0.005772,-0.004814,-0.013232,0.000080,-0.000378,-0.000207,-0.062116,-0.017953,0.000911,0.015618,0.282905,-0.373601,0.241228,-0.142116
0.005766,-0.004780,-0.013199,0.000073,-0.000397,-0.000206,-0.062011,-0.018284,0.001103,0.015561,0.282833,-0.373559,0.241366,-0.142238
0.005761,-0.004742,-0.013163,0.000066,-0.000415,-0.000205,-0.061900,-0.018639,0.001295,0.015491,0.282747,-0.373505,0.241529,-0.142374
0.005756,-0.004705,-0.013131,0.000060,-0.000433,-0.000204,-0.061792,-0.018981,0.001492,0.015431,0.282671,-0.373456,0.241675,-0.142501
0.005752,-0.004663,-0.013095,0.000053,-0.000451,-0.000203,-0.061678,-0.019337,0.001681,0.015369,0.282595,-0.373404,0.241821,-0.142637
0.005748,-0.004624,-0.013063,0.000047,-0.000467,-0.000202,-0.061568,-0.019678,0.001882,0.015306,0.282523,-0.373355,0.241967,-0.142768
0.005745,-0.004579,-0.013028,0.000040,-0.000484,-0.000201,-0.061455,-0.020045,0.002080,0.015243,0.282431,-0.373306,0.242118,-0.142895
0.005743,-0.004536,-0.012996,0.000034,-0.000500,-0.000200,-0.061343,-0.020383,0.002276,0.015189,0.282360,-0.373254,0.242259,-0.143026
0.005741,-0.004489,-0.012962,0.000027,-0.000516,-0.000200,-0.061222,-0.020755,0.002473,0.015134,0.282274,-0.373204,0.242421,-0.143170
0.005740,-0.004444,-0.012930,0.000021,-0.000531,-0.000199,-0.061108,-0.021100,0.002672,0.015088,0.282198,-0.373153,0.242557,-0.143293
0.005739,-0.004393,-0.012895,0.000014,-0.000546,-0.000199,-0.060985,-0.021474,0.002872,0.015039,0.282108,-0.373094,0.242711,-0.143427
0.005739,-0.004346,-0.012864,0.000008,-0.000560,-0.000198,-0.060868,-0.021827,0.003072,0.014997,0.282026,-0.373047,0.242857,-0.143555
0.005739,-0.004293,-0.012829,0.000002,-0.000574,-0.000197,-0.060744,-0.022202,0.003273,0.014953,0.281935,-0.372998,0.243011,-0.143690
0.005740,-0.004243,-0.012798,-0.000005,-0.000587,-0.000197,-0.060624,-0.022559,0.003477,0.014913,0.281854,-0.372943,0.243160,-0.143822
0.005741,-0.004188,-0.012764,-0.000011,-0.000601,-0.000197,-0.060499,-0.022933,0.003675,0.014872,0.281761,-0.372887,0.243319,-0.143959
0.005743,-0.004136,-0.012732,-0.000017,-0.000613,-0.000196,-0.060379,-0.023284,0.003873,0.014835,0.281682,-0.372835,0.243462,-0.144089
0.005745,-0.004078,-0.012699,-0.000022,-0.000626,-0.000195,-0.060250,-0.023678,0.004081,0.014799,0.281587,-0.372777,0.243611,-0.144221
0.005748,-0.004024,-0.012667,-0.000028,-0.000638,-0.000195,-0.060132,-0.024024,0.004278,0.014764,0.281504,-0.372724,0.243752,-0.144346
0.005752,-0.003964,-0.012634,-0.000034,-0.000649,-0.000194,-0.060006,-0.024401,0.004480,0.014722,0.281405,-0.372676,0.243925,-0.144490
0.005755,-0.003908,-0.012603,-0.000039,-0.000660,-0.000194,-0.059883,-0.024766,0.004678,0.014694,0.281319,-0.372623,0.244061,-0.144613
0.005760,-0.003846,-0.012569,-0.000044,-0.000671,-0.000194,-0.059754,-0.025142,0.004867,0.014663,0.281233,-0.372553,0.244205,-0.144750
0.005764,-0.003789,-0.012538,-0.000049,-0.000682,-0.000193,-0.059634,-0.025501,0.005070,0.014628,0.281139,-0.372505,0.244363,-0.144881
0.005770,-0.003725,-0.012505,-0.000054,-0.000692,-0.000193,-0.059511,-0.025886,0.005271,0.014595,0.281032,-0.372460,0.244509,-0.145002
0.005775,-0.003666,-0.012474,-0.000059,-0.000701,-0.000192,-0.059386,-0.026243,0.005456,0.014569,0.280953,-0.372398,0.244650,-0.145135
0.005781,-0.003600,-0.012441,-0.000064,-0.000710,-0.000192,-0.059256,-0.026629,0.005647,0.014538,0.280853,-0.372342,0.244822,-0.145282
0.005787,-0.003539,-0.012410,-0.000069,-0.000719,-0.000192,-0.059139,-0.026984,0.005838,0.014510,0.280756,-0.372294,0.244958,-0.145397
0.005794,-0.003473,-0.012376,-0.000074,-0.000728,-0.000193,-0.059006,-0.027370,0.006023,0.014490,0.280657,-0.372229,0.245105,-0.145530
0.005801,-0.003410,-0.012345,-0.000078,-0.000734,-0.000193,-0.058879,-0.027728,0.006183,0.014480,0.280565,-0.372181,0.245252,-0.145662
0.005809,-0.003342,-0.012312,-0.000083,-0.000743,-0.000194,-0.058746,-0.028125,0.006366,0.014469,0.280450,-0.372136,0.245405,-0.145788
0.005817,-0.003279,-0.012281,-0.000088,-0.000750,-0.000194,-0.058627,-0.028474,0.006533,0.014460,0.280344,-0.372080,0.245548,-0.145902
0.005826,-0.003209,-0.012247,-0.000093,-0.000755,-0.000194,-0.058486,-0.028888,0.006726,0.014456,0.280226,-0.372022,0.245723,-0.146042
0.005834,-0.003145,-0.012216,-0.000098,-0.000762,-0.000195,-0.058359,-0.029242,0.006881,0.014467,0.280130,-0.371977,0.245859,-0.146164
0.005844,-0.003074,-0.012182,-0.000103,-0.000768,-0.000195,-0.058224,-0.029609,0.007041,0.014465,0.280025,-0.371923,0.246032,-0.146310
0.005853,-0.003009,-0.012151,-0.000107,-0.000773,-0.000196,-0.058094,-0.029993,0.007226,0.014478,0.279907,-0.371869,0.246179,-0.146419
0.005864,-0.002937,-0.012117,-0.000112,-0.000778,-0.000196,-0.057961,-0.030371,0.007381,0.014496,0.279797,-0.371802,0.246300,-0.146529
0.005874,-0.002871,-0.012085,-0.000116,-0.000783,-0.000197,-0.057829,-0.030729,0.007542,0.014506,0.279696,-0.371761,0.246471,-0.146670
0.005885,-0.002799,-0.012051,-0.000120,-0.000786,-0.000198,-0.057701,-0.031113,0.007704,0.014521,0.279561,-0.371735,0.246635,-0.146786
0.005896,-0.002732,-0.012019,-0.000125,-0.000791,-0.000198,-0.057567,-0.031478,0.007855,0.014545,0.279457,-0.371664,0.246762,-0.146897
0.005908,-0.002659,-0.011985,-0.000129,-0.000795,-0.000199,-0.057430,-0.031856,0.007993,0.014568,0.279343,-0.371598,0.246933,-0.147038
0.005919,-0.002591,-0.011953,-0.000132,-0.000798,-0.000200,-0.057304,-0.032223,0.008155,0.014588,0.279219,-0.371571,0.247082,-0.147147
0.005932,-0.002517,-0.011918,-0.000136,-0.000802,-0.000200,-0.057173,-0.032606,0.008313,0.014615,0.279095,-0.371518,0.247216,-0.147252
0.005944,-0.002449,-0.011886,-0.000139,-0.000804,-0.000200,-0.057045,-0.032950,0.008434,0.014637,0.278987,-0.371460,0.247382,-0.147387
0.005957,-0.002375,-0.011851,-0.000143,-0.000807,-0.000200,-0.056910,-0.033347,0.008593,0.014658,0.278855,-0.371423,0.247553,-0.147513
0.005970,-0.002307,-0.011819,-0.000146,-0.000811,-0.000200,-0.056796,-0.033687,0.008739,0.014676,0.278745,-0.371364,0.247670,-0.147607
0.005983,-0.002232,-0.011785,-0.000149,-0.000813,-0.000200,-0.056667,-0.034057,0.008895,0.014684,0.278627,-0.371298,0.247845,-0.147745
0.005996,-0.002163,-0.011753,-0.000151,-0.000814,-0.000199,-0.056548,-0.034414,0.009046,0.014703,0.278512,-0.371269,0.247990,-0.147857
0.006011,-0.002088,-0.011718,-0.000154,-0.000816,-0.000199,-0.056424,-0.034770,0.009185,0.014718,0.278407,-0.371211,0.248116,-0.147972
0.006024,-0.002019,-0.011687,-0.000157,-0.000819,-0.000199,-0.056308,-0.035103,0.009320,0.014723,0.278299,-0.371152,0.248276,-0.148098
0.006039,-0.001943,-0.011652,-0.000159,-0.000819,-0.000198,-0.056192,-0.035465,0.009460,0.014734,0.278168,-0.371113,0.248420,-0.148203
0.006052,-0.001874,-0.011621,-0.000161,-0.000820,-0.000197,-0.056072,-0.035819,0.009607,0.014755,0.278068,-0.371056,0.248529,-0.148304
0.006067,-0.001799,-0.011586,-0.000163,-0.000822,-0.000197,-0.055958,-0.036156,0.009723,0.014761,0.277953,-0.371004,0.248688,-0.148433
0.006081,-0.001729,-0.011555,-0.000164,-0.000821,-0.000197,-0.055850,-0.036490,0.009865,0.014761,0.277829,-0.370978,0.248850,-0.148545
0.006097,-0.001653,-0.011521,-0.000166,-0.000822,-0.000196,-0.055733,-0.036853,0.009999,0.014782,0.277713,-0.370916,0.248966,-0.148644
0.006111,-0.001584,-0.011490,-0.000168,-0.000822,-0.000196,-0.055621,-0.037161,0.010087,0.014794,0.277623,-0.370848,0.249097,-0.148768
0.006126,-0.001508,-0.011456,-0.000169,-0.000822,-0.000195,-0.055507,-0.037523,0.010223,0.014802,0.277489,-0.370823,0.249260,-0.148883
0.006141,-0.001439,-0.011425,-0.000170,-0.000822,-0.000195,-0.055411,-0.037839,0.010341,0.014815,0.277367,-0.370783,0.249358,-0.148954
0.006157,-0.001363,-0.011391,-0.000171,-0.000820,-0.000194,-0.055291,-0.038191,0.010457,0.014826,0.277255,-0.370713,0.249514,-0.149085
0.006171,-0.001294,-0.011360,-0.000173,-0.000820,-0.000194,-0.055187,-0.038511,0.010558,0.014840,0.277140,-0.370687,0.249667,-0.149201
0.006187,-0.001219,-0.011326,-0.000174,-0.000819,-0.000194,-0.055084,-0.038834,0.010665,0.014847,0.277022,-0.370643,0.249790,-0.149299
0.006202,-0.001149,-0.011295,-0.000174,-0.000817,-0.000193,-0.054978,-0.039158,0.010777,0.014861,0.276913,-0.370575,0.249919,-0.149402
0.006218,-0.001075,-0.011262,-0.000175,-0.000816,-0.000193,-0.054869,-0.039497,0.010868,0.014881,0.276789,-0.370533,0.250049,-0.149505
0.006233,-0.001006,-0.011231,-0.000176,-0.000814,-0.000192,-0.054773,-0.039790,0.010950,0.014892,0.276681,-0.370509,0.250172,-0.149603
0.006249,-0.000931,-0.011198,-0.000176,-0.000812,-0.000192,-0.054669,-0.040133,0.011061,0.014905,0.276546,-0.370465,0.250323,-0.149707
0.006264,-0.000863,-0.011167,-0.000177,-0.000810,-0.000191,-0.054571,-0.040441,0.011141,0.014924,0.276428,-0.370411,0.250442,-0.149797
0.006280,-0.000788,-0.011134,-0.000177,-0.000807,-0.000191,-0.054464,-0.040763,0.011224,0.014940,0.276317,-0.370364,0.250585,-0.149916
0.006295,-0.000720,-0.011104,-0.000178,-0.000804,-0.000190,-0.054373,-0.041061,0.011314,0.014953,0.276199,-0.370336,0.250716,-0.150010
0.006311,-0.000647,-0.011071,-0.000178,-0.000802,-0.000190,-0.054274,-0.041381,0.011408,0.014968,0.276075,-0.370284,0.250836,-0.150099
0.006326,-0.000579,-0.011041,-0.000178,-0.000799,-0.000189,-0.054180,-0.041668,0.011476,0.014985,0.275970,-0.370235,0.250961,-0.150200
0.006343,-0.000506,-0.011008,-0.000178,-0.000796,-0.000189,-0.054078,-0.041992,0.011558,0.015006,0.275847,-0.370204,0.251097,-0.150303
0.006358,-0.000439,-0.010978,-0.000178,-0.000792,-0.000188,-0.053990,-0.042277,0.011627,0.015026,0.275733,-0.370167,0.251201,-0.150381
0.006374,-0.000366,-0.010945,-0.000178,-0.000788,-0.000188,-0.053893,-0.042584,0.011696,0.015041,0.275607,-0.370118,0.251342,-0.150484
0.006389,-0.000300,-0.010915,-0.000178,-0.000785,-0.000188,-0.053804,-0.042873,0.011758,0.015062,0.275487,-0.370089,0.251468,-0.150573
0.006405,-0.000228,-0.010883,-0.000178,-0.000782,-0.000187,-0.053710,-0.043174,0.011816,0.015087,0.275371,-0.370048,0.251582,-0.150664
0.006420,-0.000162,-0.010853,-0.000178,-0.000777,-0.000186,-0.053621,-0.043456,0.011877,0.015108,0.275257,-0.370004,0.251707,-0.150756
0.006437,-0.000091,-0.010821,-0.000178,-0.000774,-0.000186,-0.053530,-0.043766,0.011948,0.015131,0.275123,-0.369970,0.251837,-0.150841
0.006451,-0.000026,-0.010791,-0.000178,-0.000769,-0.000185,-0.053450,-0.044021,0.011989,0.015149,0.275016,-0.369936,0.251948,-0.150925
0.006468,0.000044,-0.010759,-0.000178,-0.000765,-0.000184,-0.053353,-0.044329,0.012061,0.015172,0.274896,-0.369895,0.252088,-0.151029
0.006483,0.000109,-0.010730,-0.000178,-0.000759,-0.000183,-0.053277,-0.044585,0.012102,0.015196,0.274785,-0.369858,0.252188,-0.151102
0.006499,0.000178,-0.010698,-0.000178,-0.000755,-0.000182,-0.053186,-0.044871,0.012170,0.015215,0.274671,-0.369812,0.252313,-0.151195
0.006514,0.000242,-0.010669,-0.000178,-0.000750,-0.000181,-0.053112,-0.045120,0.012220,0.015241,0.274560,-0.369785,0.252425,-0.151273
0.006530,0.000310,-0.010638,-0.000178,-0.000744,-0.000180,-0.053022,-0.045402,0.012277,0.015273,0.274449,-0.369748,0.252533,-0.151358
0.006545,0.000373,-0.010609,-0.000178,-0.000739,-0.000180,-0.052943,-0.045646,0.012310,0.015307,0.274348,-0.369709,0.252635,-0.151437
0.006561,0.000440,-0.010578,-0.000177,-0.000733,-0.000179,-0.052860,-0.045914,0.012355,0.015334,0.274225,-0.369678,0.252755,-0.151518
0.006576,0.000502,-0.010550,-0.000177,-0.000727,-0.000178,-0.052787,-0.046159,0.012396,0.015368,0.274112,-0.369651,0.252851,-0.151581
0.006592,0.000568,-0.010519,-0.000177,-0.000721,-0.000177,-0.052703,-0.046424,0.012430,0.015405,0.274001,-0.369611,0.252959,-0.151663
0.006607,0.000629,-0.010491,-0.000177,-0.000715,-0.000177,-0.052627,-0.046666,0.012460,0.015441,0.273892,-0.369585,0.253071,-0.151741
0.006623,0.000694,-0.010460,-0.000176,-0.000709,-0.000176,-0.052548,-0.046925,0.012498,0.015480,0.273771,-0.369557,0.253181,-0.151812
0.006637,0.000753,-0.010432,-0.000176,-0.000703,-0.000174,-0.052477,-0.047150,0.012525,0.015515,0.273667,-0.369520,0.253281,-0.151881
0.006653,0.000817,-0.010402,-0.000175,-0.000697,-0.000173,-0.052399,-0.047404,0.012564,0.015549,0.273554,-0.369486,0.253395,-0.151961
0.006668,0.000876,-0.010375,-0.000174,-0.000690,-0.000171,-0.052337,-0.047618,0.012592,0.015577,0.273454,-0.369460,0.253484,-0.152022
0.006683,0.000939,-0.010346,-0.000174,-0.000684,-0.000169,-0.052266,-0.047858,0.012636,0.015602,0.273348,-0.369424,0.253589,-0.152096
0.006698,0.000996,-0.010319,-0.000173,-0.000678,-0.000167,-0.052208,-0.048064,0.012665,0.015624,0.273251,-0.369395,0.253681,-0.152161
0.006714,0.001058,-0.010291,-0.000173,-0.000672,-0.000165,-0.052140,-0.048293,0.012707,0.015647,0.273154,-0.369362,0.253777,-0.152234
0.006728,0.001115,-0.010265,-0.000172,-0.000666,-0.000162,-0.052082,-0.048494,0.012746,0.015671,0.273066,-0.369330,0.253862,-0.152297
0.006744,0.001175,-0.010237,-0.000172,-0.000660,-0.000160,-0.052019,-0.048710,0.012794,0.015691,0.272970,-0.369297,0.253956,-0.152365
0.006758,0.001231,-0.010212,-0.000171,-0.000653,-0.000157,-0.051964,-0.048901,0.012838,0.015709,0.272887,-0.369268,0.254037,-0.152426
0.006773,0.001290,-0.010185,-0.000171,-0.000647,-0.000154,-0.051903,-0.049110,0.012888,0.015729,0.272801,-0.369235,0.254121,-0.152493
0.006787,0.001344,-0.010161,-0.000170,-0.000641,-0.000151,-0.051853,-0.049283,0.012926,0.015741,0.272725,-0.369205,0.254197,-0.152553
0.006803,0.001403,-0.010135,-0.000169,-0.000635,-0.000149,-0.051796,-0.049485,0.012986,0.015755,0.272640,-0.369173,0.254280,-0.152616
0.006817,0.001456,-0.010112,-0.000168,-0.000627,-0.000146,-0.051750,-0.049651,0.013023,0.015769,0.272569,-0.369142,0.254341,-0.152668
0.006832,0.001513,-0.010087,-0.000167,-0.000621,-0.000144,-0.051692,-0.049846,0.013072,0.015786,0.272493,-0.369111,0.254419,-0.152734
0.006846,0.001565,-0.010064,-0.000166,-0.000614,-0.000141,-0.051650,-0.049999,0.013093,0.015799,0.272420,-0.369090,0.254481,-0.152783
0.006861,0.001621,-0.010040,-0.000165,-0.000608,-0.000138,-0.051595,-0.050191,0.013144,0.015814,0.272338,-0.369059,0.254555,-0.152839
0.006874,0.001672,-0.010018,-0.000164,-0.000601,-0.000135,-0.051556,-0.050342,0.013170,0.015828,0.272266,-0.369030,0.254614,-0.152885
0.006889,0.001726,-0.009996,-0.000163,-0.000594,-0.000133,-0.051506,-0.050519,0.013219,0.015838,0.272192,-0.369003,0.254692,-0.152947
0.006903,0.001776,-0.009975,-0.000162,-0.000587,-0.000130,-0.051467,-0.050667,0.013255,0.015850,0.272125,-0.368981,0.254752,-0.152994
0.006917,0.001829,-0.009953,-0.000161,-0.000580,-0.000127,-0.051420,-0.050830,0.013293,0.015862,0.272059,-0.368947,0.254815,-0.153049
0.006930,0.001878,-0.009933,-0.000160,-0.000573,-0.000124,-0.051380,-0.050974,0.013327,0.015875,0.271998,-0.368919,0.254873,-0.153098
0.006945,0.001930,-0.009912,-0.000159,-0.000565,-0.000121,-0.051338,-0.051130,0.013369,0.015887,0.271929,-0.368895,0.254928,-0.153143
0.006958,0.001977,-0.009893,-0.000158,-0.000560,-0.000119,-0.051301,-0.051265,0.013405,0.015898,0.271870,-0.368871,0.254980,-0.153185
0.006972,0.002028,-0.009873,-0.000157,-0.000552,-0.000116,-0.051263,-0.051400,0.013429,0.015906,0.271807,-0.368848,0.255043,-0.153237
0.006985,0.002074,-0.009855,-0.000156,-0.000544,-0.000113,-0.051222,-0.051548,0.013480,0.015923,0.271749,-0.368823,0.255092,-0.153279
0.006999,0.002123,-0.009836,-0.000155,-0.000537,-0.000110,-0.051187,-0.051681,0.013511,0.015938,0.271691,-0.368790,0.255134,-0.153318
0.007012,0.002168,-0.009818,-0.000154,-0.000530,-0.000107,-0.051155,-0.051791,0.013541,0.015939,0.271639,-0.368772,0.255197,-0.153368
0.007026,0.002216,-0.009800,-0.000153,-0.000522,-0.000104,-0.051120,-0.051930,0.013591,0.015953,0.271578,-0.368756,0.255247,-0.153406
0.007039,0.002260,-0.009784,-0.000152,-0.000516,-0.000101,-0.051090,-0.052033,0.013612,0.015966,0.271540,-0.368719,0.255268,-0.153439
0.007052,0.002306,-0.009767,-0.000151,-0.000508,-0.000098,-0.051054,-0.052154,0.013651,0.015974,0.271491,-0.368691,0.255328,-0.153491
0.007065,0.002349,-0.009752,-0.000150,-0.000501,-0.000095,-0.051031,-0.052264,0.013699,0.015984,0.271435,-0.368684,0.255361,-0.153511
0.007078,0.002394,-0.009736,-0.000149,-0.000493,-0.000092,-0.051002,-0.052366,0.013733,0.015992,0.271395,-0.368654,0.255390,-0.153546
0.007090,0.002435,-0.009722,-0.000148,-0.000485,-0.000089,-0.050971,-0.052466,0.013768,0.016001,0.271359,-0.368629,0.255444,-0.153596
0.007104,0.002479,-0.009707,-0.000147,-0.000478,-0.000086,-0.050945,-0.052570,0.013813,0.016012,0.271313,-0.368613,0.255473,-0.153623
0.007116,0.002518,-0.009694,-0.000146,-0.000470,-0.000083,-0.050925,-0.052642,0.013839,0.016016,0.271284,-0.368583,0.255491,-0.153649
0.007129,0.002561,-0.009680,-0.000145,-0.000462,-0.000080,-0.050895,-0.052747,0.013880,0.016029,0.271243,-0.368562,0.255534,-0.153688
0.007141,0.002599,-0.009667,-0.000143,-0.000454,-0.000078,-0.050874,-0.052826,0.013894,0.016047,0.271207,-0.368553,0.255541,-0.153703
0.007154,0.002640,-0.009654,-0.000142,-0.000446,-0.000075,-0.050847,-0.052916,0.013922,0.016060,0.271170,-0.368530,0.255571,-0.153735
0.007165,0.002677,-0.009643,-0.000140,-0.000438,-0.000073,-0.050830,-0.052990,0.013937,0.016070,0.271121,-0.368518,0.255610,-0.153757
0.007178,0.002717,-0.009630,-0.000139,-0.000430,-0.000071,-0.050805,-0.053080,0.013962,0.016089,0.271080,-0.368501,0.255631,-0.153780
0.007189,0.002752,-0.009619,-0.000138,-0.000422,-0.000069,-0.050785,-0.053144,0.013962,0.016107,0.271054,-0.368479,0.255651,-0.153808
0.007202,0.002790,-0.009608,-0.000136,-0.000413,-0.000067,-0.050762,-0.053225,0.013979,0.016123,0.271011,-0.368466,0.255687,-0.153835
0.007213,0.002824,-0.009598,-0.000135,-0.000405,-0.000064,-0.050748,-0.053291,0.013996,0.016142,0.270970,-0.368454,0.255698,-0.153840
0.007225,0.002861,-0.009587,-0.000133,-0.000397,-0.000062,-0.050728,-0.053359,0.014002,0.016160,0.270937,-0.368433,0.255721,-0.153865
0.007236,0.002894,-0.009577,-0.000132,-0.000388,-0.000060,-0.050710,-0.053418,0.014004,0.016180,0.270905,-0.368427,0.255751,-0.153890
0.007248,0.002928,-0.009567,-0.000130,-0.000380,-0.000058,-0.050693,-0.053486,0.014019,0.016202,0.270867,-0.368414,0.255766,-0.153902
0.007258,0.002960,-0.009558,-0.000129,-0.000372,-0.000056,-0.050681,-0.053531,0.014016,0.016220,0.270838,-0.368392,0.255779,-0.153915
0.007270,0.002993,-0.009549,-0.000128,-0.000364,-0.000054,-0.050663,-0.053592,0.014024,0.016241,0.270803,-0.368382,0.255807,-0.153937
0.007280,0.003023,-0.009540,-0.000126,-0.000355,-0.000052,-0.050653,-0.053635,0.014021,0.016265,0.270775,-0.368378,0.255810,-0.153943
0.007292,0.003055,-0.009532,-0.000125,-0.000347,-0.000050,-0.050636,-0.053688,0.014029,0.016288,0.270747,-0.368359,0.255826,-0.153959
0.007302,0.003084,-0.009524,-0.000123,-0.000338,-0.000048,-0.050629,-0.053724,0.014024,0.016307,0.270714,-0.368350,0.255846,-0.153969
0.007313,0.003114,-0.009516,-0.000121,-0.000330,-0.000045,-0.050619,-0.053769,0.014039,0.016323,0.270686,-0.368341,0.255857,-0.153978
0.007323,0.003141,-0.009509,-0.000119,-0.000322,-0.000043,-0.050617,-0.053793,0.014038,0.016334,0.270669,-0.368326,0.255864,-0.153988
0.007333,0.003170,-0.009502,-0.000117,-0.000314,-0.000040,-0.050610,-0.053828,0.014049,0.016342,0.270649,-0.368313,0.255879,-0.154004
0.007343,0.003196,-0.009496,-0.000115,-0.000306,-0.000037,-0.050612,-0.053843,0.014053,0.016347,0.270633,-0.368304,0.255877,-0.154006
0.007353,0.003223,-0.009491,-0.000113,-0.000298,-0.000034,-0.050611,-0.053863,0.014064,0.016349,0.270621,-0.368289,0.255878,-0.154015
0.007363,0.003247,-0.009486,-0.000111,-0.000290,-0.000031,-0.050616,-0.053872,0.014070,0.016349,0.270611,-0.368280,0.255878,-0.154021
0.007372,0.003273,-0.009481,-0.000109,-0.000282,-0.000028,-0.050619,-0.053883,0.014082,0.016348,0.270602,-0.368270,0.255873,-0.154025
0.007381,0.003296,-0.009477,-0.000107,-0.000275,-0.000025,-0.050628,-0.053879,0.014086,0.016344,0.270599,-0.368259,0.255866,-0.154029
0.007391,0.003321,-0.009473,-0.000105,-0.000266,-0.000021,-0.050635,-0.053880,0.014097,0.016338,0.270594,-0.368249,0.255862,-0.154034
0.007400,0.003343,-0.009470,-0.000103,-0.000259,-0.000018,-0.050645,-0.053874,0.014110,0.016333,0.270595,-0.368238,0.255846,-0.154032
0.007409,0.003365,-0.009468,-0.000101,-0.000251,-0.000015,-0.050655,-0.053862,0.014118,0.016326,0.270598,-0.368227,0.255833,-0.154034
0.007417,0.003386,-0.009466,-0.000099,-0.000243,-0.000012,-0.050669,-0.053844,0.014125,0.016315,0.270602,-0.368222,0.255822,-0.154034
0.007426,0.003407,-0.009465,-0.000097,-0.000235,-0.000008,-0.050682,-0.053827,0.014139,0.016307,0.270606,-0.368212,0.255802,-0.154030
0.007434,0.003426,-0.009464,-0.000095,-0.000227,-0.000005,-0.050697,-0.053801,0.014147,0.016296,0.270617,-0.368199,0.255780,-0.154027
0.007442,0.003446,-0.009463,-0.000093,-0.000219,-0.000002,-0.050712,-0.053778,0.014163,0.016286,0.270627,-0.368192,0.255763,-0.154025
0.007450,0.003464,-0.009464,-0.000091,-0.000212,0.000002,-0.050732,-0.053740,0.014167,0.016273,0.270639,-0.368189,0.255737,-0.154016
0.007458,0.003483,-0.009465,-0.000089,-0.000204,0.000005,-0.050748,-0.053708,0.014184,0.016260,0.270655,-0.368178,0.255713,-0.154012
0.007465,0.003499,-0.009466,-0.000087,-0.000196,0.000008,-0.050769,-0.053669,0.014194,0.016248,0.270670,-0.368169,0.255686,-0.154004
0.007473,0.003516,-0.009468,-0.000085,-0.000188,0.000011,-0.050788,-0.053626,0.014204,0.016234,0.270690,-0.368163,0.255655,-0.153995
0.007480,0.003531,-0.009470,-0.000083,-0.000180,0.000014,-0.050809,-0.053579,0.014210,0.016223,0.270710,-0.368159,0.255625,-0.153985
0.007488,0.003547,-0.009473,-0.000082,-0.000172,0.000016,-0.050827,-0.053535,0.014218,0.016218,0.270729,-0.368153,0.255591,-0.153974
0.007494,0.003561,-0.009476,-0.000080,-0.000164,0.000019,-0.050845,-0.053485,0.014215,0.016218,0.270750,-0.368149,0.255555,-0.153961
0.007502,0.003575,-0.009479,-0.000079,-0.000156,0.000021,-0.050861,-0.053438,0.014222,0.016221,0.270768,-0.368146,0.255524,-0.153947
0.007508,0.003587,-0.009483,-0.000078,-0.000148,0.000023,-0.050881,-0.053385,0.014220,0.016225,0.270783,-0.368146,0.255490,-0.153928
0.007515,0.003600,-0.009487,-0.000076,-0.000140,0.000025,-0.050896,-0.053334,0.014222,0.016233,0.270803,-0.368142,0.255457,-0.153914
0.007522,0.003611,-0.009492,-0.000075,-0.000133,0.000027,-0.050913,-0.053278,0.014216,0.016245,0.270823,-0.368142,0.255425,-0.153899
0.007528,0.003622,-0.009497,-0.000074,-0.000124,0.000029,-0.050929,-0.053222,0.014217,0.016258,0.270843,-0.368140,0.255389,-0.153880
0.007534,0.003632,-0.009502,-0.000073,-0.000117,0.000031,-0.050947,-0.053163,0.014216,0.016272,0.270863,-0.368138,0.255353,-0.153859
0.007541,0.003641,-0.009507,-0.000071,-0.000109,0.000033,-0.050964,-0.053101,0.014212,0.016287,0.270884,-0.368139,0.255317,-0.153839
0.007547,0.003650,-0.009513,-0.000070,-0.000101,0.000035,-0.050984,-0.053034,0.014209,0.016297,0.270907,-0.368141,0.255281,-0.153818
0.007553,0.003658,-0.009520,-0.000068,-0.000093,0.000038,-0.051007,-0.052965,0.014219,0.016303,0.270932,-0.368138,0.255245,-0.153795
0.007559,0.003665,-0.009526,-0.000067,-0.000086,0.000040,-0.051031,-0.052890,0.014217,0.016308,0.270960,-0.368136,0.255205,-0.153773
0.007565,0.003672,-0.009534,-0.000066,-0.000078,0.000043,-0.051055,-0.052810,0.014218,0.016312,0.270996,-0.368136,0.255162,-0.153754
0.007570,0.003678,-0.009541,-0.000064,-0.000070,0.000045,-0.051082,-0.052727,0.014220,0.016313,0.271030,-0.368137,0.255115,-0.153730
0.007576,0.003683,-0.009549,-0.000062,-0.000063,0.000048,-0.051111,-0.052641,0.014230,0.016312,0.271064,-0.368134,0.255066,-0.153701
0.007581,0.003688,-0.009557,-0.000061,-0.000056,0.000050,-0.051140,-0.052551,0.014224,0.016312,0.271099,-0.368136,0.255016,-0.153674
0.007587,0.003692,-0.009566,-0.000059,-0.000048,0.000053,-0.051169,-0.052458,0.014221,0.016311,0.271141,-0.368141,0.254965,-0.153650
0.007592,0.003695,-0.009575,-0.000057,-0.000041,0.000055,-0.051202,-0.052362,0.014229,0.016307,0.271179,-0.368141,0.254915,-0.153622
0.007598,0.003698,-0.009586,-0.000056,-0.000033,0.000058,-0.051236,-0.052263,0.014234,0.016302,0.271217,-0.368139,0.254862,-0.153590
0.007603,0.003700,-0.009597,-0.000054,-0.000025,0.000060,-0.051267,-0.052161,0.014225,0.016299,0.271263,-0.368143,0.254807,-0.153563
0.007608,0.003702,-0.009610,-0.000052,-0.000016,0.000063,-0.051305,-0.052043,0.014241,0.016290,0.271317,-0.368144,0.254753,-0.153538
0.007613,0.003702,-0.009620,-0.000050,-0.000009,0.000066,-0.051347,-0.051920,0.014245,0.016278,0.271361,-0.368145,0.254698,-0.153503
0.007617,0.003702,-0.009632,-0.000048,-0.000002,0.000068,-0.051384,-0.051790,0.014242,0.016274,0.271424,-0.368142,0.254622,-0.153467
0.007621,0.003701,-0.009643,-0.000047,0.000005,0.000070,-0.051420,-0.051669,0.014220,0.016276,0.271483,-0.368146,0.254545,-0.153434
