x,y,phi,u,v,r,n1,n2,n3,n4,alpha1,alpha2,alpha3,alpha4
0.413033,-0.368399,0.377378,0.000001,-0.000000,0.000002,0.000000,0.000000,0.000000,0.000000,0.000000,0.000000,0.000000,0.000000
0.413019,-0.368408,0.377371,0.000092,0.000005,0.000052,0.187935,0.275532,-1.000000,1.000000,0.576816,-1.000000,-0.053553,0.171916
0.412834,-0.368532,0.377278,0.000851,0.000040,0.000537,0.651175,0.273836,-1.000000,1.000000,0.655444,-0.473718,-1.000000,-1.000000
0.412197,-0.368984,0.376944,0.002974,0.000219,0.002087,-0.162250,0.254330,-0.909011,1.000000,1.000000,-1.000000,-0.459953,0.834458
0.410624,-0.370143,0.376103,0.006554,0.000781,0.004854,0.246481,0.114330,-1.000000,1.000000,-0.215104,1.000000,0.232349,-0.998151
0.407530,-0.372519,0.374276,0.011460,0.000297,0.011420,0.510216,0.277724,-1.000000,1.000000,-0.519999,-1.000000,0.737248,-1.000000
0.401317,-0.377280,0.370362,0.017597,-0.002432,0.022575,0.057528,0.532634,-0.753562,1.000000,-1.000000,-0.956461,-0.677558,-0.346665
0.392093,-0.384114,0.364376,0.024508,-0.007696,0.037432,0.790874,0.254755,-1.000000,1.000000,0.530288,-1.000000,0.252551,-1.000000
0.377305,-0.394527,0.354677,0.031922,-0.014880,0.055955,0.768398,0.116598,-0.797503,1.000000,-1.000000,-1.000000,-1.000000,0.112127
0.359396,-0.406147,0.343221,0.041276,-0.020231,0.071563,0.280762,0.803643,-0.676435,1.000000,-0.860817,-0.097383,-0.991921,0.356035
0.336044,-0.419646,0.328875,0.051536,-0.025073,0.082800,-0.148691,0.755408,-1.000000,1.000000,-0.056035,0.805309,1.000000,-0.690452
0.310353,-0.432589,0.313522,0.060319,-0.033003,0.095967,0.185819,0.280996,-0.421373,1.000000,-0.393786,0.364774,0.357419,-1.000000
0.277260,-0.446583,0.294120,0.067754,-0.045141,0.111937,0.095855,1.000000,-0.301095,0.498732,1.000000,-1.000000,0.165809,-0.265193
0.242120,-0.458108,0.273953,0.075081,-0.061080,0.125990,-0.618817,1.000000,0.192282,0.366410,0.143823,-0.785063,1.000000,-1.000000
0.200507,-0.467357,0.250676,0.082368,-0.079300,0.134286,-1.000000,1.000000,-0.029819,0.252764,-0.257253,0.527893,-0.672906,1.000000
0.160514,-0.471989,0.228994,0.091899,-0.094435,0.135531,0.109798,1.000000,0.587288,-0.187145,0.658921,0.711538,0.498286,-0.310438
0.117608,-0.472381,0.206494,0.100738,-0.107291,0.129775,-0.536580,1.000000,-0.234529,-0.077609,0.020025,-0.652109,0.223890,0.544881
0.080962,-0.468531,0.188052,0.108347,-0.117545,0.115330,-1.000000,1.000000,0.683290,-0.879710,0.937409,-1.000000,-0.730406,0.310207
0.047081,-0.460530,0.172020,0.111918,-0.126112,0.092442,-1.000000,1.000000,1.000000,-1.000000,0.621250,-1.000000,-0.647293,0.098675
0.022099,-0.450551,0.161370,0.113763,-0.134548,0.066596,-0.592784,1.000000,0.289093,-0.776696,-0.469508,-1.000000,0.191915,0.594939
0.001915,-0.437849,0.154424,0.113650,-0.143648,0.040060,-1.000000,0.331620,-0.452355,-0.848855,0.404615,-0.936403,0.022370,-0.873449
-0.010516,-0.424986,0.152303,0.113311,-0.153236,0.013261,-1.000000,-0.102353,-0.609759,-1.000000,0.846474,-0.258052,-0.825410,-0.017602
-0.018113,-0.410413,0.154370,0.113774,-0.160721,-0.011923,-0.268608,0.287472,-1.000000,-1.000000,-0.553720,-0.362328,0.862007,-0.650489
-0.020538,-0.396810,0.159914,0.114033,-0.165033,-0.034662,-1.000000,0.158945,0.032994,-0.613425,0.001032,-1.000000,0.571319,0.434786
-0.019274,-0.382247,0.169161,0.112832,-0.164700,-0.053333,-0.320318,-0.572784,-1.000000,-0.788677,-1.000000,0.208797,-1.000000,-0.299010
-0.016058,-0.369285,0.179567,0.110602,-0.159397,-0.065049,-0.076862,-0.795201,-1.000000,-0.585620,0.906177,0.186769,-0.440300,-1.000000
-0.011295,-0.355908,0.192146,0.108098,-0.150781,-0.072558,-0.920804,0.036964,-0.045756,-0.221025,-1.000000,-0.910071,0.632543,-0.588358
-0.006089,-0.344171,0.204664,0.104741,-0.141789,-0.078266,-0.464746,-0.786724,-1.000000,-0.450753,-0.573818,-1.000000,0.291284,-0.311462
-0.000335,-0.332024,0.218497,0.101111,-0.132779,-0.079778,0.399702,-1.000000,-1.000000,0.155737,0.087654,0.478002,1.000000,-0.021662
0.004135,-0.321116,0.230672,0.097958,-0.127141,-0.076109,0.290928,-1.000000,-1.000000,0.257219,-0.453820,-0.255287,1.000000,-0.973195
0.007379,-0.309515,0.242446,0.094790,-0.123358,-0.067909,0.352386,-0.784540,-1.000000,-0.317706,0.234613,0.428123,-0.556322,0.001879
0.008839,-0.299053,0.251674,0.089445,-0.120537,-0.057715,0.975183,-1.000000,-1.000000,0.109368,-0.962652,-0.642079,-0.169877,0.409567
0.008771,-0.288124,0.259556,0.082047,-0.116624,-0.045450,-0.179462,-1.000000,-1.000000,0.529585,-0.606845,-0.817319,-0.893171,-1.000000
0.007143,-0.278512,0.264535,0.073058,-0.112427,-0.031134,0.013597,-1.000000,-1.000000,-0.986401,-1.000000,-1.000000,0.516573,0.126057
0.003489,-0.268533,0.266898,0.062848,-0.108962,-0.013629,0.765775,-0.695383,-1.000000,-0.555807,-1.000000,0.387800,1.000000,-0.568920
-0.001645,-0.259540,0.265953,0.051630,-0.107186,0.005910,-0.241155,-0.837084,-1.000000,-0.409594,-0.024488,-0.516124,0.394782,-1.000000
-0.009099,-0.249930,0.261235,0.039655,-0.105029,0.027218,-0.219664,-1.000000,-0.912211,0.410621,0.004946,0.027229,-1.000000,0.196687
-0.017393,-0.241068,0.253516,0.026617,-0.102002,0.048243,-0.047527,0.269528,-0.656302,-0.591247,-1.000000,-1.000000,0.622198,1.000000
-0.027438,-0.231156,0.241951,0.014285,-0.100192,0.066699,-0.353890,-0.637523,-0.641496,-0.147249,-0.366327,-0.854731,1.000000,-0.041473
-0.037389,-0.221616,0.228572,0.003115,-0.097307,0.083523,-0.251224,-0.519768,1.000000,-1.000000,-1.000000,-1.000000,-0.317129,0.103152
-0.047976,-0.211148,0.212542,-0.005726,-0.091343,0.092565,-0.472436,0.222261,0.940459,-0.210196,1.000000,-1.000000,0.957844,-0.724969
-0.056945,-0.201559,0.197519,-0.010331,-0.077972,0.086736,0.175490,0.144993,0.262846,-0.560015,0.270756,-0.932084,1.000000,-1.000000
-0.065444,-0.191391,0.181636,-0.017644,-0.084178,0.099185,-1.000000,0.237587,0.066854,-0.628810,-0.426256,0.269986,0.079234,-1.000000
-0.072121,-0.182294,0.167517,-0.020784,-0.071535,0.088268,-0.001131,0.002456,0.020130,0.309145,-1.000000,-0.386484,0.120471,-0.877339
-0.078236,-0.172775,0.152795,-0.024580,-0.065837,0.084956,-0.420826,1.000000,0.904518,-1.000000,-0.275612,-0.163253,1.000000,-1.000000
-0.082748,-0.164498,0.140031,-0.027991,-0.059534,0.079771,-0.433802,-0.323848,0.980775,-0.832599,0.160533,-1.000000,1.000000,-0.739897
-0.086422,-0.156258,0.127297,-0.031191,-0.052722,0.073443,-0.160402,1.000000,-0.177179,-0.072845,1.000000,0.088524,0.190905,0.511267
-0.088808,-0.149324,0.116546,-0.033819,-0.046742,0.067185,0.134072,0.551893,0.483025,-0.980481,1.000000,1.000000,1.000000,-1.000000
-0.090243,-0.142770,0.106428,-0.035893,-0.040186,0.058386,-0.330479,0.570756,1.000000,-0.355901,0.031223,-0.207222,-1.000000,0.766399
-0.090503,-0.137678,0.098826,-0.037194,-0.034480,0.047512,-0.109589,0.863627,-0.175475,-0.728423,1.000000,-0.715315,-1.000000,1.000000
-0.089684,-0.133046,0.092499,-0.038870,-0.030838,0.036502,0.099048,0.182763,-0.613686,0.113775,0.850783,-1.000000,1.000000,-0.597247
-0.088194,-0.129352,0.087962,-0.040214,-0.028601,0.028364,-0.082624,-0.122887,0.655746,-0.371998,0.053324,-1.000000,0.045999,0.167136
-0.085957,-0.125924,0.084208,-0.041282,-0.026136,0.021656,0.171279,-0.369026,0.321542,-0.403492,0.082428,0.227321,-0.793113,0.264804
-0.083459,-0.123232,0.081634,-0.041819,-0.023724,0.016086,-0.161179,0.073408,0.212018,-0.115093,0.548641,0.158062,0.105742,-0.997569
-0.080398,-0.120742,0.079679,-0.041948,-0.021707,0.011283,0.902915,0.275154,-0.200384,-0.503716,-0.589859,-0.627370,0.515671,-0.203874
-0.077269,-0.118715,0.078526,-0.042427,-0.020652,0.007200,-0.065440,0.722866,-0.921883,0.279574,0.165820,-0.961294,0.002643,1.000000
-0.073630,-0.116632,0.077838,-0.042822,-0.021056,0.003974,0.408706,0.111798,0.161840,-0.326614,-0.092717,0.380970,0.582861,1.000000
-0.070116,-0.114767,0.077589,-0.042909,-0.021516,0.001556,0.265309,-0.268269,-0.397422,0.017393,1.000000,-1.000000,-0.486678,0.928975
-0.066257,-0.112774,0.077493,-0.042811,-0.021673,0.000554,-0.227542,-0.311527,-0.490387,0.117732,0.434057,-1.000000,-0.322660,-0.263740
-0.062697,-0.110949,0.077467,-0.042466,-0.021651,0.000161,-0.108268,0.026422,-0.169594,0.640180,-0.234783,-0.217242,-0.540103,0.894769
-0.058876,-0.108978,0.077466,-0.042002,-0.021669,0.000009,0.736211,-0.079691,0.117845,0.425578,-0.422451,0.241514,1.000000,-0.570413
-0.055439,-0.107155,0.077422,-0.041089,-0.021596,0.000272,0.544986,-0.069992,0.279213,0.500181,-0.409089,-1.000000,1.000000,-1.000000
-0.051887,-0.105165,0.077245,-0.039697,-0.021537,0.001021,0.480399,0.343033,-0.600750,-0.110747,0.257534,-1.000000,-0.495188,0.806649
-0.048824,-0.103311,0.076889,-0.037861,-0.021369,0.002227,0.325471,-0.628074,-0.174608,0.607709,-0.088739,1.000000,-0.835536,0.168068
-0.045820,-0.101272,0.076182,-0.035520,-0.021213,0.004074,0.332790,-0.302926,-1.000000,0.634360,0.208277,-0.763414,-1.000000,-1.000000
-0.043342,-0.099345,0.075161,-0.033363,-0.021184,0.006382,-0.664431,0.430084,-0.090426,0.048160,-0.082774,-1.000000,1.000000,-0.239927
-0.040803,-0.097238,0.073862,-0.032332,-0.021188,0.007492,-0.751847,-0.391020,0.735836,-0.465373,0.211230,1.000000,1.000000,0.255488
-0.038512,-0.095313,0.072610,-0.031853,-0.021015,0.007829,0.399064,-0.304643,-0.338736,0.168708,0.771064,0.798034,-0.690623,-0.495750
-0.036128,-0.093229,0.071119,-0.031089,-0.020901,0.008602,0.107811,-0.286338,-0.394470,1.000000,0.485110,-0.390452,-0.407412,-0.489937
-0.034163,-0.091204,0.069334,-0.029615,-0.021689,0.011157,0.037403,0.036543,0.557312,0.852583,-0.395939,-1.000000,-0.988707,-0.538857
-0.032466,-0.088758,0.066594,-0.027265,-0.023600,0.015805,-0.832061,-0.142668,0.780944,0.604533,-0.188604,-0.504824,1.000000,1.000000
-0.031291,-0.086306,0.063379,-0.024633,-0.025235,0.020095,0.497599,-0.105479,0.568732,-0.488379,0.003436,-0.681434,1.000000,0.857110
-0.030278,-0.083577,0.059504,-0.022663,-0.025741,0.022359,-0.000560,0.083923,-0.239192,0.652578,0.119222,-0.104319,0.693020,-0.931421
-0.029585,-0.080950,0.055464,-0.020847,-0.026622,0.025253,-0.239257,0.090586,-0.045467,0.035163,1.000000,-0.275635,-0.629180,-0.756217
-0.029009,-0.078027,0.050704,-0.019601,-0.027155,0.027462,0.616678,0.039269,0.476117,-0.101433,0.200918,-1.000000,0.495478,-0.035211
-0.028585,-0.075344,0.046190,-0.018175,-0.026946,0.028206,-1.000000,-0.015965,1.000000,0.039792,1.000000,-1.000000,0.617599,1.000000
-0.028201,-0.072549,0.041482,-0.016430,-0.025973,0.027162,0.965324,0.396259,-0.157987,-0.496122,0.982240,0.427168,0.484834,0.521101
-0.027836,-0.070070,0.037297,-0.015679,-0.025040,0.026164,-0.497689,0.473438,-1.000000,0.004839,0.093525,-1.000000,1.000000,-0.210581
-0.027379,-0.067441,0.032865,-0.015715,-0.024555,0.025572,0.020499,0.191152,0.030187,-0.445767,-0.565519,-0.261281,-1.000000,-1.000000
-0.026888,-0.065071,0.028939,-0.015715,-0.024133,0.024529,-0.523312,0.349682,1.000000,-0.237227,1.000000,-0.131418,-1.000000,-0.111643
-0.026312,-0.062600,0.025100,-0.014930,-0.023536,0.022148,0.517958,0.294241,0.925569,-0.153413,-1.000000,-0.398863,0.893325,1.000000
-0.025759,-0.060431,0.022033,-0.013746,-0.022756,0.019163,-1.000000,-0.185795,-1.000000,0.209410,1.000000,1.000000,0.631821,-0.147462
-0.025122,-0.058154,0.019002,-0.013302,-0.022293,0.017482,-0.024353,0.243973,0.896875,-0.408622,1.000000,0.228451,-0.297045,-1.000000
-0.024536,-0.056169,0.016660,-0.012076,-0.021428,0.014645,0.754934,0.155702,0.873544,0.351183,0.676816,-1.000000,1.000000,-0.148048
-0.023937,-0.054201,0.014856,-0.010079,-0.020083,0.010407,0.251184,0.517042,-0.153552,-0.398589,0.538886,-0.249706,-0.222147,0.652224
-0.023423,-0.052468,0.013755,-0.008349,-0.019645,0.006881,-0.405039,-0.000539,-0.041786,-0.332113,-0.283651,-0.608961,-1.000000,1.000000
-0.022891,-0.050618,0.012965,-0.007276,-0.019678,0.004556,-0.340345,0.019243,-0.405039,0.079281,0.756017,-1.000000,-0.056430,-0.470180
-0.022403,-0.048916,0.012439,-0.006805,-0.019819,0.003288,-0.021933,-0.369358,0.055198,0.162221,1.000000,-0.602825,1.000000,0.445620
-0.021876,-0.047089,0.011975,-0.006569,-0.019715,0.002680,-0.101406,-0.307496,-0.387474,-0.411170,-1.000000,-0.785313,1.000000,0.763943
-0.021386,-0.045416,0.011601,-0.006495,-0.019622,0.002339,0.127634,0.561596,0.345674,-0.161448,0.222482,0.322783,0.829022,-1.000000
-0.020849,-0.043612,0.011297,-0.006379,-0.019594,0.001751,-0.568978,0.061547,-0.222541,0.303572,0.801503,0.818814,0.185356,1.000000
-0.020346,-0.041949,0.011097,-0.006307,-0.019631,0.001249,-1.000000,-0.539822,0.041330,-0.633508,0.759213,0.969393,-0.361276,0.924274
-0.019785,-0.040141,0.010998,-0.006308,-0.019804,0.000570,-0.441385,-0.438617,0.338500,-0.100073,1.000000,-1.000000,-0.753190,0.344779
-0.019252,-0.038457,0.011056,-0.006261,-0.020087,-0.000359,-0.356665,-0.094229,-0.401053,0.175264,-0.548646,-1.000000,0.205917,-0.684154
-0.018655,-0.036615,0.011272,-0.006278,-0.020384,-0.001251,0.014641,-0.436091,0.429839,-0.204262,1.000000,0.500954,1.000000,-0.527193
-0.018105,-0.034926,0.011620,-0.006063,-0.020359,-0.002175,-0.187572,-0.768668,0.837485,-0.464517,1.000000,0.001011,1.000000,-0.699349
-0.017463,-0.032899,0.012356,-0.005349,-0.019695,-0.003677,-0.115987,-0.125280,0.191882,0.508198,0.895142,-1.000000,-0.252041,1.000000
-0.017067,-0.031590,0.012972,-0.004747,-0.019188,-0.004624,0.412087,-0.031813,-0.657498,-0.411945,1.000000,0.199937,0.570142,0.956751
-0.016572,-0.029906,0.013804,-0.004533,-0.018996,-0.004799,-1.000000,-0.125101,-0.045144,0.670475,1.000000,-0.804863,-0.076768,-1.000000
-0.016146,-0.028343,0.014616,-0.004160,-0.019103,-0.005071,-0.691205,-0.605498,-0.231813,0.387468,1.000000,-0.364551,-1.000000,0.159546
-0.015679,-0.026379,0.015680,-0.003549,-0.019227,-0.005322,0.187513,-0.145651,0.817762,-0.100195,-1.000000,-1.000000,1.000000,0.833895
-0.015421,-0.025109,0.016521,-0.002678,-0.018723,-0.006307,-0.116340,0.037208,1.000000,0.257622,-0.199525,-1.000000,1.000000,-1.000000
-0.015132,-0.023319,0.018154,-0.001524,-0.017800,-0.008167,-0.118536,-0.150641,-0.581704,-0.511120,0.675015,1.000000,0.388011,-1.000000
-0.014973,-0.022160,0.019355,-0.001019,-0.017365,-0.009001,-0.206917,0.045184,0.012907,0.102067,-0.666398,1.000000,-1.000000,1.000000
-0.014777,-0.020446,0.021311,-0.000561,-0.017198,-0.009783,-0.378841,0.452548,0.258671,-1.000000,-1.000000,-0.968170,-0.424598,0.390624
-0.014665,-0.019002,0.023219,0.000119,-0.016853,-0.011015,0.271496,-0.827062,0.539677,0.764292,0.594513,-1.000000,0.546402,0.696291
-0.014613,-0.017923,0.024768,0.000571,-0.016418,-0.011609,-0.036477,-0.306291,-1.000000,-0.212423,-1.000000,0.905912,0.134543,0.325817
-0.014557,-0.016319,0.027070,0.000706,-0.016273,-0.011509,0.077648,-0.051609,0.211292,-0.322063,0.489116,-0.746036,0.651094,-1.000000
-0.014532,-0.015051,0.028906,0.000829,-0.016094,-0.011477,0.541651,0.097419,0.195088,-0.383906,0.373526,-1.000000,1.000000,0.791895
-0.014525,-0.013697,0.030853,0.000937,-0.015862,-0.011238,0.798116,-0.870948,-0.593197,0.340034,0.775381,0.049662,0.368745,0.802837
-0.014537,-0.012485,0.032491,0.000980,-0.015306,-0.010234,0.289868,-0.478040,-0.004337,0.519740,0.227321,0.672476,-0.862378,0.530222
-0.014565,-0.011216,0.034077,0.000999,-0.014730,-0.009146,-0.409047,0.072168,-0.817656,-0.583500,1.000000,-1.000000,0.744552,-0.598946
-0.014602,-0.010077,0.035390,0.000992,-0.014285,-0.008209,0.365801,-0.600327,0.473952,-0.324969,-0.327119,-0.415862,1.000000,0.033192
-0.014653,-0.008889,0.036605,0.000978,-0.013673,-0.007011,-0.386633,-0.222594,-0.582935,0.564032,-0.190996,-1.000000,-0.595374,0.455715
-0.014707,-0.007832,0.037543,0.000957,-0.013096,-0.005860,0.202843,-0.374926,-0.140841,-0.361693,-0.983102,-0.069595,0.566257,-0.131709
-0.014768,-0.006740,0.038320,0.000886,-0.012392,-0.004481,-0.371489,-0.514199,0.342916,-0.229551,0.094855,-0.517822,1.000000,-1.000000
-0.014831,-0.005787,0.038812,0.000873,-0.011616,-0.003081,0.152631,-0.194290,-0.356337,-0.357026,-0.368441,-1.000000,0.780921,-0.070850
-0.014919,-0.004819,0.039118,0.001020,-0.010799,-0.001762,-0.062749,-0.533663,0.414632,0.780774,-0.154484,-0.848157,0.761414,-0.654719
-0.015020,-0.003982,0.039204,0.001218,-0.010003,-0.000537,0.072895,0.073354,-0.210523,0.047984,0.817433,1.000000,0.668068,-0.112748
-0.015146,-0.003131,0.039078,0.001371,-0.009287,0.000724,1.000000,-0.407221,-0.245538,0.017470,0.690442,-0.469187,1.000000,0.193482
-0.015300,-0.002409,0.038652,0.001788,-0.008362,0.002666,0.096307,-0.178498,-0.382164,0.975493,-0.792449,-0.017408,-0.271653,-1.000000
-0.015516,-0.001672,0.037906,0.002313,-0.007695,0.004305,-0.134053,0.148033,-0.040250,-0.428568,-0.157780,0.391488,-0.830783,1.000000
-0.015718,-0.001019,0.037079,0.002347,-0.007295,0.005163,-0.601538,-0.440115,0.396285,-0.588831,0.435071,0.283172,1.000000,-0.235375
-0.015902,-0.000345,0.036016,0.001988,-0.006829,0.006134,0.092805,-0.697155,-0.138843,0.031429,-1.000000,-0.135730,0.009762,-0.004722
-0.016037,0.000241,0.034851,0.001598,-0.006282,0.007285,0.281083,0.139864,-0.103047,0.345029,0.688509,-1.000000,0.354447,-0.314592
-0.016168,0.000851,0.033475,0.001448,-0.005952,0.007937,-0.368183,0.063736,-0.561414,-0.392132,-1.000000,-1.000000,0.854438,0.565146
-0.016276,0.001404,0.032174,0.001331,-0.005792,0.008129,-0.099138,0.398146,0.953006,-0.435034,-0.672252,0.911759,-0.576536,1.000000
-0.016379,0.001993,0.030767,0.001201,-0.005678,0.008118,-0.249715,-0.391987,-0.218483,-0.484773,-0.125406,0.184406,1.000000,0.381671
-0.016455,0.002528,0.029446,0.001010,-0.005568,0.008258,-0.455327,-0.534572,-1.000000,-0.066907,0.679471,-0.723948,-0.085936,0.818773
-0.016516,0.003113,0.027956,0.000799,-0.005582,0.008600,0.695869,0.363936,-0.613638,-0.673660,0.375078,-1.000000,0.567928,0.945486
-0.016548,0.003674,0.026514,0.000548,-0.005785,0.009009,0.227156,-0.326041,-0.076917,-0.518763,0.715323,-1.000000,1.000000,-1.000000
-0.016539,0.004289,0.024866,0.000111,-0.005822,0.009509,0.435131,-0.665615,0.161887,-0.494157,0.414823,1.000000,-0.551741,-0.088462
-0.016481,0.004850,0.023273,-0.000425,-0.005694,0.009960,-0.555689,0.103321,-0.283337,0.075471,0.050951,1.000000,0.106991,-0.402705
-0.016356,0.005460,0.021552,-0.001085,-0.005721,0.009929,-0.272301,0.570135,0.436117,-1.000000,0.436701,-1.000000,0.265187,0.671194
-0.016171,0.006033,0.019979,-0.001875,-0.005856,0.009830,0.458600,-0.600346,0.706129,0.253320,0.197889,-0.191748,-1.000000,0.510025
-0.015939,0.006649,0.018247,-0.002195,-0.005808,0.009987,0.477175,0.218197,-1.000000,0.067646,-0.165830,0.547454,0.154455,-1.000000
-0.015712,0.007206,0.016609,-0.002285,-0.005658,0.010240,0.029166,-0.287603,0.673433,-0.076016,-0.224302,-0.726913,0.441446,-0.167373
-0.015465,0.007782,0.014859,-0.002282,-0.005378,0.010100,-0.254160,0.700206,1.000000,-0.159386,-0.707431,0.017840,-1.000000,0.663565
-0.015225,0.008279,0.013341,-0.002413,-0.005041,0.009488,-0.021324,-0.030327,-0.391723,-1.000000,-0.517535,-1.000000,0.251057,-0.464359
-0.014915,0.008804,0.011762,-0.002952,-0.004941,0.009104,0.002993,-0.507117,-0.433091,0.094675,0.845977,0.157155,0.620849,0.101891
-0.014589,0.009283,0.010335,-0.003412,-0.004906,0.008924,-0.249546,0.187585,-0.437635,-0.292052,-0.452736,-0.231995,0.260022,-0.117348
-0.014197,0.009787,0.008846,-0.003820,-0.004782,0.008586,-0.662185,-0.193261,1.000000,-0.028362,0.549585,-0.807099,0.040475,-1.000000
-0.013829,0.010211,0.007595,-0.003929,-0.004393,0.007825,-0.768533,-0.646973,0.674009,0.027196,-0.141939,0.276581,0.859239,0.977717
-0.013439,0.010606,0.006422,-0.003873,-0.003781,0.006764,0.171491,0.174861,-0.153860,0.109709,-0.099070,0.003523,1.000000,-0.843044
-0.013079,0.010925,0.005458,-0.003897,-0.003314,0.006030,-0.498727,-0.010791,-0.002148,-0.100644,-0.405116,-0.292974,0.418761,-1.000000
-0.012681,0.011238,0.004501,-0.004018,-0.003001,0.005513,-0.135841,0.685028,-0.316683,-0.085387,0.132354,-1.000000,-0.445758,0.621271
-0.012307,0.011510,0.003662,-0.004090,-0.002842,0.005244,0.631315,-0.460012,0.102321,0.197774,-0.620662,-0.935045,0.437467,0.218629
-0.011899,0.011792,0.002772,-0.004128,-0.002727,0.005135,-0.615659,-0.328861,-0.558574,-0.254313,1.000000,-0.400097,0.211007,0.977199
-0.011516,0.012047,0.001955,-0.004205,-0.002673,0.005111,0.171979,0.467026,0.103663,-0.077814,-0.327366,1.000000,0.121857,-0.801682
-0.011097,0.012318,0.001085,-0.004239,-0.002633,0.005021,-0.052856,0.355045,-0.023601,0.018995,1.000000,0.755943,1.000000,-1.000000
-0.010681,0.012589,0.000247,-0.004218,-0.002649,0.004834,0.350905,0.241211,-0.376160,-0.158355,-0.513396,0.507442,-0.247731,0.784272
-0.010308,0.012845,-0.000467,-0.004098,-0.002766,0.004461,-0.358807,0.476148,-0.014623,0.251738,0.303705,-0.909280,-0.656561,0.802561
-0.009953,0.013114,-0.001096,-0.003935,-0.002965,0.003929,0.297205,-0.058102,0.273323,-0.078372,0.611130,-0.494934,0.028714,1.000000
-0.009580,0.013417,-0.001706,-0.003814,-0.003122,0.003519,0.445858,0.000871,0.032245,-0.269449,0.285594,-0.653258,0.280402,-0.309414
-0.009247,0.013701,-0.002241,-0.003702,-0.003179,0.003349,0.176499,-0.402029,0.053984,-0.143477,-0.504810,-0.945143,-0.707064,-0.361791
-0.008889,0.014005,-0.002818,-0.003659,-0.003163,0.003327,-0.504228,-0.016674,-0.389144,-0.162039,-0.943470,0.262280,-0.150862,1.000000
-0.008554,0.014285,-0.003350,-0.003713,-0.003157,0.003324,0.045231,-0.235944,-0.344360,-0.507318,-1.000000,-1.000000,1.000000,0.249901
-0.008182,0.014590,-0.003942,-0.003792,-0.003169,0.003412,0.291371,-0.148273,-0.773455,0.180112,0.123974,-1.000000,1.000000,-1.000000
-0.007829,0.014876,-0.004520,-0.003893,-0.003237,0.003616,-0.426103,0.261281,-0.214047,0.238798,-0.839934,-0.547528,0.897431,-0.683508
-0.007435,0.015195,-0.005168,-0.003991,-0.003331,0.003739,0.382595,0.337010,-0.025745,-0.549483,1.000000,0.104299,-0.521129,0.692676
-0.007069,0.015498,-0.005774,-0.004008,-0.003437,0.003783,0.370646,0.014048,-0.081627,0.067119,0.875823,0.730188,0.272950,-0.730331
-0.006663,0.015837,-0.006466,-0.004092,-0.003553,0.003996,-0.808877,-0.458359,-0.819312,-0.175424,0.434392,-1.000000,-1.000000,0.434381
-0.006255,0.016168,-0.007174,-0.004437,-0.003765,0.004424,-0.318150,0.427269,-0.254093,-0.162895,0.054532,-0.657966,-0.616412,0.282665
-0.005791,0.016540,-0.007959,-0.004664,-0.003922,0.004526,0.024027,0.142162,1.000000,-0.369685,-0.094893,-0.222791,0.707927,0.254634
-0.005355,0.016886,-0.008671,-0.004758,-0.003967,0.004455,-0.124320,-0.478364,0.118028,-0.169873,-0.106423,-0.757613,-0.247117,-0.240483
-0.004871,0.017258,-0.009441,-0.004871,-0.003942,0.004440,0.416469,-0.384490,0.116226,-0.388694,1.000000,-0.108997,0.708955,-0.557659
-0.004420,0.017590,-0.010133,-0.004912,-0.003824,0.004322,-0.688141,-0.549044,0.858049,0.340671,-0.890261,0.550736,1.000000,-0.493105
-0.003954,0.017914,-0.010798,-0.004718,-0.003456,0.003840,-0.434284,-0.232225,0.429726,-0.282721,-0.354980,-0.768529,-0.573793,1.000000
-0.003540,0.018183,-0.011341,-0.004570,-0.003127,0.003392,0.301444,0.086803,-0.611209,-0.474244,0.638936,-0.590374,1.000000,-1.000000
-0.003085,0.018462,-0.011903,-0.004644,-0.002997,0.003245,0.148857,-0.007752,-0.202198,-0.050285,0.356550,-1.000000,0.481694,-0.933447
-0.002658,0.018712,-0.012412,-0.004733,-0.002919,0.003181,-0.246989,-0.310642,-0.308786,-0.150344,1.000000,-1.000000,-0.675813,0.302168
-0.002184,0.018976,-0.012958,-0.004857,-0.002850,0.003149,0.401429,-0.268448,0.327172,-0.557700,0.372313,0.734371,1.000000,1.000000
-0.001726,0.019212,-0.013472,-0.005087,-0.002771,0.003211,-0.406034,-0.558314,-0.265917,-0.319117,-0.533205,0.956142,0.652549,0.152715
-0.001212,0.019453,-0.014080,-0.005244,-0.002613,0.003509,0.222536,-0.266019,-0.969488,0.531389,0.331626,-0.595012,-0.797830,-1.000000
-0.000732,0.019661,-0.014698,-0.005265,-0.002451,0.003863,-0.367513,-0.096440,-0.091085,-0.127261,0.517356,-0.924662,1.000000,-0.593741
-0.000202,0.019862,-0.015427,-0.005333,-0.002181,0.004200,-0.508344,-0.769961,1.000000,-1.000000,-1.000000,-0.345885,1.000000,1.000000
0.000325,0.020011,-0.016133,-0.005749,-0.001774,0.004418,-0.990862,0.054812,0.551022,-0.304155,-1.000000,1.000000,-0.261896,0.205315
0.000967,0.020145,-0.016804,-0.006585,-0.001477,0.003871,0.172117,0.008688,0.237615,-0.955620,0.585400,-1.000000,-0.400043,-0.844636
0.001625,0.020241,-0.017282,-0.007475,-0.001160,0.002986,-0.365259,-0.443409,0.271578,0.136851,1.000000,-1.000000,1.000000,0.270466
0.002392,0.020323,-0.017671,-0.008153,-0.000924,0.002244,-0.243043,0.335317,-0.515236,-0.359914,-1.000000,0.159882,0.769406,-0.378475
0.003168,0.020398,-0.017909,-0.009064,-0.000924,0.001491,-0.148577,0.261289,-0.087938,-0.410752,1.000000,-0.638645,-0.434485,-1.000000
0.004053,0.020484,-0.018076,-0.009602,-0.000962,0.000963,0.081528,0.081341,-0.754486,1.000000,0.143198,-0.760603,0.664218,0.414555
0.004879,0.020571,-0.018188,-0.009750,-0.001049,0.000698,-0.672539,-0.343601,0.540019,0.465362,0.766064,-0.424214,1.000000,1.000000
0.005779,0.020671,-0.018258,-0.009851,-0.001111,0.000406,0.414939,-0.341584,-0.064453,0.646432,0.000121,0.293464,0.639810,-0.514726
0.006604,0.020760,-0.018311,-0.009767,-0.001064,0.000329,0.044069,0.118681,0.299023,-0.275199,1.000000,-1.000000,0.545829,-1.000000
0.007490,0.020828,-0.018293,-0.009757,-0.000747,-0.000105,0.039890,0.102581,1.000000,-0.237136,1.000000,-0.044163,0.602332,1.000000
0.008299,0.020799,-0.018028,-0.009839,0.000416,-0.001653,-0.007835,0.265172,0.698712,0.035873,0.189154,0.087622,-0.522006,0.509167
0.009154,0.020677,-0.017483,-0.009781,0.001495,-0.003146,0.412328,-0.304020,-1.000000,0.277217,0.860292,-1.000000,-0.427465,-0.489777
0.009933,0.020553,-0.016936,-0.009699,0.001670,-0.003421,-0.629422,0.195562,-0.198912,-0.586697,-0.926206,0.756267,1.000000,-0.231571
0.010771,0.020409,-0.016299,-0.009668,0.001801,-0.003678,-0.236300,-0.493241,0.539536,-0.387712,-1.000000,-0.082166,0.181909,-0.526540
0.011532,0.020244,-0.015605,-0.009581,0.002242,-0.004335,-0.052393,-0.619599,0.435932,0.012678,1.000000,-0.391616,0.290142,-1.000000
0.012332,0.020010,-0.014685,-0.009438,0.002938,-0.005303,0.337660,0.296945,0.164557,0.409263,-1.000000,0.152559,1.000000,-0.740217
0.013054,0.019724,-0.013631,-0.009386,0.003888,-0.006589,0.009204,-0.442361,0.537458,-0.105524,0.353923,-0.395773,1.000000,-0.210810
0.013833,0.019253,-0.012054,-0.009635,0.005878,-0.009100,-1.000000,-0.337680,1.000000,-0.447287,0.420816,-0.352188,0.617763,-1.000000
0.014564,0.018667,-0.010179,-0.010056,0.007943,-0.011715,-0.068092,-0.259022,-0.775379,-0.167222,0.938853,-1.000000,0.523419,-0.131434
0.015363,0.017999,-0.008007,-0.010176,0.008430,-0.012533,-0.421802,0.531565,-0.310177,1.000000,0.207149,-0.234932,0.292489,-1.000000
0.016102,0.017399,-0.005910,-0.010222,0.008349,-0.013112,-0.650553,-0.206850,0.099045,0.146314,0.516959,1.000000,-0.558853,-0.107534
0.016913,0.016797,-0.003504,-0.010361,0.007941,-0.013879,-0.494033,-0.351881,-0.274725,0.139094,-0.714790,1.000000,0.094894,0.593310
0.017682,0.016295,-0.001196,-0.010613,0.007436,-0.014429,-0.000922,-0.277984,-0.309212,-0.028285,0.103580,-1.000000,1.000000,-0.083661
0.018536,0.015787,0.001298,-0.010787,0.007088,-0.014381,0.182104,-0.601227,-1.000000,-0.075855,1.000000,-0.393047,0.457621,-1.000000
0.019346,0.015339,0.003551,-0.010977,0.006895,-0.014086,-0.503594,-0.172823,0.488676,-0.162010,-0.470667,-1.000000,-0.493110,-0.525028
-0.185341,-0.494947,-0.267270,-0.000000,0.000000,-0.000002,0.000000,0.000000,0.000000,0.000000,0.000000,0.000000,0.000000,0.000000
-0.185327,-0.494954,-0.267259,0.000049,-0.000003,-0.000088,-0.644872,1.000000,-0.318191,-1.000000,0.937661,-1.000000,1.000000,-0.417574
-0.185166,-0.495021,-0.267127,0.000521,-0.000108,-0.000822,-1.000000,1.000000,-0.098917,-0.900854,1.000000,-0.497477,0.048584,1.000000
-0.184230,-0.495360,-0.266423,0.001749,-0.000765,-0.004060,-0.978065,1.000000,-1.000000,-1.000000,1.000000,-1.000000,-0.671742,-0.720397
-0.181921,-0.496167,-0.264715,0.004186,-0.002078,-0.010679,-0.194058,1.000000,-0.832489,-0.242451,1.000000,0.411701,0.359746,-1.000000
-0.177280,-0.497743,-0.261238,0.008684,-0.004188,-0.020057,-0.661097,1.000000,-0.589212,-0.392814,1.000000,-0.558966,0.164317,0.065408
-0.169623,-0.500145,-0.255495,0.014855,-0.007864,-0.033151,-0.744930,1.000000,-0.629257,-0.652361,1.000000,0.173881,0.293607,1.000000
-0.159350,-0.503050,-0.247819,0.021844,-0.012372,-0.047935,-0.438425,1.000000,-0.508426,-0.661764,1.000000,-1.000000,-0.358480,0.493223
-0.145829,-0.506392,-0.237766,0.029102,-0.017132,-0.062860,-0.193245,0.811236,-1.000000,-0.257264,-0.214098,0.005308,0.173697,-0.606342
-0.128724,-0.509960,-0.224955,0.037219,-0.020757,-0.073884,-0.327007,1.000000,-1.000000,-0.284894,0.775100,1.000000,0.388560,1.000000
-0.111177,-0.512819,-0.211679,0.045581,-0.024589,-0.082985,-0.671344,1.000000,-0.651570,-0.115998,0.020883,-1.000000,-0.027192,0.283987
-0.089629,-0.515202,-0.195379,0.053257,-0.028964,-0.094051,0.273274,0.994902,-1.000000,-0.085557,-0.174735,-1.000000,-0.810857,0.253306
-0.066882,-0.516435,-0.178314,0.059422,-0.033693,-0.106668,-0.582571,0.722683,-0.997031,-0.151955,0.744128,-1.000000,-0.472273,-0.392519
-0.038319,-0.516157,-0.157209,0.063740,-0.039281,-0.121792,-1.000000,1.000000,-1.000000,-0.256603,-1.000000,-0.957305,0.477190,1.000000
-0.008260,-0.513593,-0.135272,0.066361,-0.047339,-0.137061,-0.565272,1.000000,-1.000000,1.000000,-0.379813,-0.502414,1.000000,0.582346
0.027764,-0.507382,-0.109036,0.069092,-0.056558,-0.151339,-0.264513,0.557334,-1.000000,0.536462,0.701157,-1.000000,0.825566,-0.872132
0.063387,-0.497878,-0.082755,0.072937,-0.065324,-0.164298,-0.145172,-0.262608,-1.000000,0.980398,0.932476,-0.217791,-0.820050,0.292792
0.102990,-0.483464,-0.052682,0.077864,-0.068300,-0.173535,0.508383,-0.160583,-1.000000,0.922661,0.300711,-1.000000,-0.765936,0.281763
0.138959,-0.466767,-0.024221,0.080758,-0.066246,-0.177728,0.951633,-0.220089,-1.000000,1.000000,-0.151975,-1.000000,-0.065757,-1.000000
0.176000,-0.445820,0.006691,0.083185,-0.058010,-0.178523,0.989394,-0.570092,-1.000000,1.000000,0.278855,-1.000000,-0.298819,1.000000
0.207747,-0.424692,0.034916,0.083750,-0.045095,-0.176261,0.772254,-0.869881,-1.000000,1.000000,-0.743185,-0.974485,0.765478,1.000000
0.239023,-0.400649,0.064881,0.084914,-0.028966,-0.172937,0.697782,-0.930251,-1.000000,1.000000,-1.000000,-1.000000,-0.337568,-0.870068
0.264652,-0.377956,0.091744,0.086803,-0.013323,-0.167849,-0.310562,-0.852401,-1.000000,1.000000,-0.366849,-1.000000,0.595762,0.081914
0.288825,-0.353315,0.119808,0.088787,0.001426,-0.161938,-0.328304,-0.687858,-1.000000,1.000000,-1.000000,-0.295323,0.086143,1.000000
0.307890,-0.330959,0.144636,0.090332,0.014573,-0.155197,0.877770,-0.578148,-1.000000,1.000000,0.329034,-1.000000,0.584848,-0.467584
0.320856,-0.313337,0.163950,0.093344,0.023670,-0.144791,1.000000,-1.000000,-1.000000,1.000000,-0.576926,-0.289554,-0.132924,-1.000000
0.333749,-0.292513,0.186895,0.097152,0.034053,-0.132374,0.253430,0.122731,-1.000000,1.000000,-0.570101,-1.000000,-0.609236,0.169102
0.342296,-0.275424,0.206160,0.101585,0.043237,-0.120380,1.000000,-0.103029,-1.000000,1.000000,-1.000000,-1.000000,1.000000,-0.181502
0.347461,-0.260066,0.224213,0.108754,0.049311,-0.104152,1.000000,-0.586795,-1.000000,1.000000,0.439863,-1.000000,-0.453382,-0.397781
0.348039,-0.249755,0.237584,0.119528,0.053708,-0.083600,1.000000,-0.696906,-1.000000,1.000000,0.031851,-1.000000,-0.561861,-0.246796
0.344206,-0.243106,0.248303,0.132315,0.057247,-0.061820,0.314893,0.122530,-1.000000,1.000000,-1.000000,-1.000000,1.000000,0.782546
0.335306,-0.240274,0.256799,0.145435,0.061352,-0.042494,0.174469,0.275820,-1.000000,1.000000,0.833400,-0.489739,-0.525943,0.099975
0.325669,-0.240955,0.261524,0.156775,0.067700,-0.029540,0.636993,-0.317485,-1.000000,1.000000,-0.129405,-0.162844,-0.992031,1.000000
0.316517,-0.242836,0.264787,0.165768,0.074733,-0.024468,0.361024,0.133068,-1.000000,1.000000,-0.661685,0.020389,-1.000000,0.137858
0.303563,-0.246551,0.268540,0.173495,0.081975,-0.021642,-0.604419,-0.014949,-1.000000,0.826558,-0.229230,-1.000000,0.506362,0.088860
0.290781,-0.251201,0.271423,0.164918,0.081460,-0.016641,-0.905845,0.113299,-1.000000,0.397200,-0.219363,-0.120507,0.874209,1.000000
0.276651,-0.257245,0.274369,0.195681,0.104075,-0.018404,1.000000,0.190234,-1.000000,0.814876,-0.081662,-1.000000,-0.411818,0.634141
0.264144,-0.263245,0.277806,0.181837,0.107206,-0.021487,-0.378713,-0.394860,-1.000000,1.000000,-1.000000,-1.000000,-0.878621,0.499440
0.252198,-0.269829,0.283166,0.179503,0.121600,-0.030913,-1.000000,0.480198,-1.000000,0.668656,-0.255516,-1.000000,-0.034588,0.880002
0.243219,-0.275938,0.289863,0.173899,0.136671,-0.041877,-0.623739,0.357251,-1.000000,-0.171661,-1.000000,-0.948611,1.000000,0.494073
0.235825,-0.282675,0.298796,0.165215,0.150161,-0.051516,0.408915,0.559914,-1.000000,0.435187,-1.000000,-0.443224,0.771767,-0.830504
0.230244,-0.289822,0.308761,0.157349,0.161238,-0.057513,0.126090,0.060300,-1.000000,1.000000,1.000000,-1.000000,-0.153469,-0.312355
0.226742,-0.296755,0.318915,0.150127,0.171471,-0.063371,-0.037969,0.303533,-1.000000,1.000000,-1.000000,-1.000000,-0.773896,1.000000
0.225355,-0.303772,0.330396,0.142347,0.183423,-0.071857,-0.158113,0.651910,-1.000000,1.000000,-0.189139,-1.000000,-0.520556,-0.417581
0.226016,-0.311486,0.344051,0.133576,0.193978,-0.078751,-1.000000,0.566990,-1.000000,1.000000,0.457241,-1.000000,-0.211908,-0.063745
0.228058,-0.318852,0.357181,0.126369,0.201892,-0.082101,0.283026,0.257058,-1.000000,1.000000,-0.914159,-0.999406,0.534987,-0.313161
0.231141,-0.327299,0.371227,0.118215,0.206731,-0.081011,0.432544,0.544799,-1.000000,1.000000,-1.000000,-1.000000,0.693153,0.388389
0.234663,-0.335552,0.383776,0.109359,0.209460,-0.078328,0.286528,0.807666,-1.000000,1.000000,-1.000000,-0.238956,0.516450,0.105658
0.238871,-0.345066,0.396539,0.099631,0.211144,-0.073727,0.503582,0.559523,-1.000000,1.000000,-0.599116,-1.000000,-0.588839,1.000000
0.244438,-0.354793,0.409258,0.088231,0.214845,-0.073403,0.270930,0.094978,-1.000000,1.000000,-0.691174,-1.000000,-1.000000,0.372270
0.251634,-0.363443,0.421686,0.076926,0.219618,-0.077616,0.836253,0.802072,-1.000000,1.000000,-1.000000,0.129121,-0.311838,0.174837
0.260766,-0.371499,0.434744,0.066245,0.222530,-0.081658,0.401627,0.208421,-1.000000,1.000000,-0.135275,-1.000000,-0.175064,-0.406799
0.272552,-0.379459,0.449425,0.055654,0.223926,-0.084695,0.457220,0.413573,-1.000000,1.000000,-0.986911,-1.000000,-1.000000,0.812636
0.287448,-0.385854,0.465553,0.043648,0.227342,-0.093056,-0.308827,0.255131,-1.000000,1.000000,-0.868603,0.060227,-0.541377,0.364305
0.304946,-0.389492,0.482441,0.030469,0.231227,-0.105545,0.408676,-0.000811,-1.000000,1.000000,1.000000,-0.465295,-0.049318,0.872719
0.326245,-0.390210,0.501352,0.015351,0.232130,-0.118118,1.000000,0.188668,-1.000000,1.000000,-1.000000,-1.000000,0.062022,-1.000000
0.353152,-0.387052,0.523840,-0.001935,0.229129,-0.129772,0.505119,0.768255,-1.000000,1.000000,0.990301,-1.000000,-0.614678,0.301962
0.389893,-0.376254,0.553279,-0.023859,0.223529,-0.147195,1.000000,-0.106523,-1.000000,1.000000,-0.037818,-0.962575,-1.000000,0.593108
0.423996,-0.359855,0.580434,-0.041192,0.216509,-0.169680,0.164830,-0.224246,-1.000000,1.000000,0.602077,-0.853751,-1.000000,0.348503
0.464198,-0.332973,0.613385,-0.058153,0.207381,-0.190245,0.710412,-0.080305,-1.000000,1.000000,-0.274972,0.017885,-0.369705,-1.000000
0.496174,-0.305119,0.641082,-0.068457,0.196226,-0.207571,1.000000,0.088963,-1.000000,1.000000,-0.207724,-0.265818,1.000000,0.381161
0.543774,-0.249916,0.686715,-0.086648,0.179212,-0.228186,1.000000,-0.683407,-1.000000,1.000000,-0.243775,-0.934422,-1.000000,1.000000
0.578879,-0.193186,0.726860,-0.095084,0.162519,-0.250871,1.000000,0.343632,-1.000000,1.000000,1.000000,-1.000000,-1.000000,0.294905
0.609930,-0.120527,0.773094,-0.100961,0.144661,-0.266797,0.410060,-0.478441,-1.000000,1.000000,0.944932,0.346914,0.573990,-1.000000
0.629449,-0.044386,0.817971,-0.102787,0.128122,-0.280469,1.000000,0.449110,-1.000000,1.000000,-1.000000,-1.000000,-0.863889,1.000000
0.637908,0.047911,0.869611,-0.105015,0.109411,-0.297977,1.000000,-1.000000,-1.000000,1.000000,-0.721703,-0.879919,0.272350,-0.372003
0.631045,0.140248,0.919986,-0.103114,0.090453,-0.314919,0.406525,-1.000000,-1.000000,1.000000,-1.000000,-1.000000,-0.613014,-0.303833
0.604271,0.245769,0.977961,-0.099650,0.071014,-0.334517,1.000000,-1.000000,-1.000000,1.000000,-1.000000,-1.000000,-1.000000,0.846909
0.557964,0.346020,-0.964338,-0.094010,0.055449,-0.360426,1.000000,-1.000000,-1.000000,1.000000,-0.896441,-0.858124,-0.745118,0.493184
0.480888,0.451595,-0.897096,-0.086613,0.040948,-0.387979,1.000000,-1.000000,-1.000000,1.000000,0.123454,-1.000000,0.487040,-0.487986
0.383989,0.538296,-0.831109,-0.075523,0.031045,-0.412322,1.000000,-1.000000,1.000000,1.000000,-0.624963,-0.555414,0.467947,0.483209
0.253669,0.610984,-0.756197,-0.063528,0.022087,-0.432094,1.000000,-1.000000,1.000000,1.000000,0.214628,0.990553,0.079975,-0.067600
0.116933,0.650514,-0.685618,-0.045733,0.015464,-0.441273,1.000000,-1.000000,0.619485,1.000000,-0.957060,-0.016065,-0.054713,-0.532359
-0.040517,0.658561,-0.608334,-0.026091,0.010830,-0.445820,1.000000,-1.000000,-0.961585,1.000000,-0.962638,-1.000000,0.469232,0.019369
-0.187037,0.631541,-0.536055,-0.008312,0.011829,-0.451693,1.000000,-1.000000,-0.968251,1.000000,-1.000000,-0.534610,0.251200,0.909416
-0.338317,0.563643,-0.456153,0.002985,0.018097,-0.460953,1.000000,-1.000000,-1.000000,0.942822,-1.000000,-0.833712,-0.591130,0.308766
-0.462147,0.466150,-0.380623,0.009742,0.025870,-0.472010,1.000000,-1.000000,-1.000000,1.000000,-1.000000,-1.000000,0.201388,-0.005558
-0.568100,0.327578,-0.297258,0.011180,0.033148,-0.480577,1.000000,-1.000000,-1.000000,1.000000,-1.000000,-0.497867,0.688206,0.509595
-0.631153,0.176349,-0.219148,0.005861,0.040599,-0.488822,1.000000,-1.000000,-1.000000,0.715805,-1.000000,-0.284293,-0.122794,1.000000
-0.654857,-0.001975,-0.133498,-0.005110,0.046017,-0.493866,0.045795,-1.000000,-1.000000,0.725735,-1.000000,-1.000000,-1.000000,-0.886445
-0.632740,-0.168291,-0.053762,-0.014169,0.048219,-0.498594,0.600469,-1.000000,-1.000000,0.472432,-0.666476,0.074738,-0.637605,-0.349477
-0.575783,-0.312309,0.019723,-0.021606,0.048100,-0.501176,0.910412,-1.000000,-1.000000,0.744485,-1.000000,-1.000000,0.178119,1.000000
-0.456093,-0.471261,0.114069,-0.034336,0.044873,-0.505395,0.845751,-1.000000,-1.000000,1.000000,-1.000000,-1.000000,0.567681,1.000000
-0.304184,-0.582387,0.202922,-0.048403,0.040635,-0.512341,0.686503,-1.000000,-1.000000,1.000000,-1.000000,-0.943004,-0.391674,0.490686
-0.137128,-0.644450,0.286612,-0.062360,0.035920,-0.522796,1.000000,-0.818292,-1.000000,1.000000,0.019215,-0.680326,-0.771650,0.955560
0.014090,-0.661051,0.357675,-0.073441,0.031969,-0.533700,1.000000,-1.000000,-1.000000,1.000000,-1.000000,-0.798643,-0.582603,-0.608055
0.212484,-0.630724,0.451167,-0.083645,0.022634,-0.539047,1.000000,-0.737874,-1.000000,1.000000,-0.787256,0.123121,0.068982,-0.629829
0.381700,-0.551625,0.537750,-0.090202,0.014037,-0.541364,1.000000,-1.000000,-1.000000,1.000000,-1.000000,-1.000000,-0.161112,-0.765192
0.533291,-0.418025,0.631083,-0.092773,0.002937,-0.538286,1.000000,-0.822640,-1.000000,1.000000,-1.000000,-1.000000,-0.170617,-0.546934
0.633052,-0.260541,0.716871,-0.091810,-0.004785,-0.536371,1.000000,-0.871808,-1.000000,1.000000,-0.803139,-1.000000,-0.828696,0.627897
0.689390,-0.064729,0.810498,-0.087831,-0.011988,-0.540207,1.000000,-1.000000,-1.000000,1.000000,-1.000000,-1.000000,-0.529220,0.126500
0.688072,0.124904,0.897452,-0.080688,-0.014784,-0.543177,1.000000,-1.000000,-1.000000,1.000000,-0.282498,-0.657432,-1.000000,-0.512132
0.627934,0.322105,0.991809,-0.069850,-0.018208,-0.544241,1.000000,-1.000000,-1.000000,1.000000,-0.862974,-1.000000,0.518250,-0.406738
0.489665,0.516000,-0.899573,-0.054581,-0.022169,-0.543215,1.000000,-1.000000,-1.000000,1.000000,0.071569,-1.000000,-0.507671,-1.000000
0.335799,0.630533,-0.812713,-0.039501,-0.019768,-0.543351,1.000000,-1.000000,-1.000000,1.000000,-1.000000,-1.000000,0.065053,0.226726
0.140649,0.702238,-0.718903,-0.027163,-0.014846,-0.540544,1.000000,-1.000000,-0.196295,1.000000,-1.000000,-1.000000,-0.329594,-0.596249
-0.050763,0.714883,-0.632748,-0.017496,-0.007203,-0.538461,1.000000,-1.000000,-1.000000,1.000000,-0.724641,-1.000000,1.000000,0.424456
-0.254296,0.669575,-0.539384,-0.010846,0.001102,-0.539075,1.000000,-1.000000,-1.000000,1.000000,0.288258,-0.395518,0.495685,0.444497
-0.424386,0.575641,-0.452720,-0.007142,0.010542,-0.541310,0.560275,-1.000000,-1.000000,1.000000,0.293680,-0.889359,-1.000000,0.553844
-0.574576,0.423089,-0.357484,-0.006887,0.020795,-0.549738,1.000000,-1.000000,-1.000000,1.000000,-1.000000,-1.000000,-0.873122,0.517431
-0.668504,0.244548,-0.267998,-0.010687,0.030000,-0.559022,1.000000,-1.000000,-1.000000,1.000000,0.133938,0.188400,0.290778,0.359463
-0.709579,0.025897,-0.169353,-0.018233,0.034428,-0.569384,1.000000,-1.000000,-1.000000,0.961374,-0.079604,-1.000000,0.318806,0.772902
-0.684964,-0.181985,-0.076603,-0.025514,0.035044,-0.579420,1.000000,-1.000000,-1.000000,1.000000,-0.917195,-1.000000,-1.000000,0.287530
-0.589689,-0.391458,0.025346,-0.034588,0.033822,-0.588337,1.000000,-1.000000,-1.000000,1.000000,-1.000000,-0.282809,0.499553,0.709656
-0.444450,-0.550324,0.120439,-0.046501,0.031517,-0.594185,1.000000,-1.000000,-1.000000,1.000000,-1.000000,-1.000000,-0.149905,1.000000
-0.239093,-0.666097,0.224339,-0.059688,0.025489,-0.599541,1.000000,-0.989883,-1.000000,1.000000,-1.000000,-1.000000,-0.309847,0.158488
-0.024143,-0.708717,0.320540,-0.069674,0.019586,-0.601197,1.000000,-0.941707,-1.000000,1.000000,-0.969033,-1.000000,0.104535,0.366866
0.211187,-0.680022,0.424330,-0.077386,0.010047,-0.598848,0.690484,-1.000000,-1.000000,1.000000,-0.928603,-1.000000,-0.064371,-0.489437
0.408949,-0.587677,0.519559,-0.080031,0.001214,-0.595142,1.000000,-0.839380,-1.000000,1.000000,0.847916,-1.000000,-0.192570,0.268676
0.580891,-0.427449,0.621960,-0.078114,-0.008528,-0.590811,1.000000,-0.987098,-1.000000,1.000000,-1.000000,-1.000000,0.753349,-0.537307
0.685762,-0.240031,0.715310,-0.072653,-0.014781,-0.583239,1.000000,-1.000000,-1.000000,1.000000,-0.587028,-1.000000,-1.000000,-0.391658
0.732106,-0.015664,0.814786,-0.063331,-0.020910,-0.574004,1.000000,-1.000000,-1.000000,1.000000,-1.000000,-0.925178,0.746376,-0.271575
0.712362,0.189332,0.904010,-0.053539,-0.022008,-0.557808,1.000000,-1.000000,-1.000000,1.000000,-1.000000,-0.244689,-0.180362,-0.572479
0.631252,0.388895,0.997264,-0.043077,-0.020922,-0.537998,1.000000,-1.000000,-1.000000,1.000000,-1.000000,-1.000000,-1.000000,-0.357594
0.512738,0.539795,-0.919897,-0.033470,-0.018612,-0.517681,1.000000,-1.000000,-1.000000,1.000000,-0.482319,-0.893979,0.031710,-0.113790
0.351821,0.658886,-0.833671,-0.024417,-0.017287,-0.497433,1.000000,-1.000000,-1.000000,1.000000,-1.000000,-1.000000,0.262392,0.999384
0.214047,0.716910,-0.769499,-0.018365,-0.013159,-0.481391,1.000000,-1.000000,-0.755419,1.000000,-0.428758,0.455396,0.893613,1.000000
-0.000154,0.749276,-0.676532,-0.012230,-0.010427,-0.464755,1.000000,-1.000000,-0.500589,1.000000,-0.853610,-0.290539,0.619921,-0.544775
-0.138847,0.736801,-0.617043,-0.007471,-0.008589,-0.446255,1.000000,-1.000000,-1.000000,1.000000,0.276306,-0.485697,-1.000000,-0.143713
-0.329536,0.674208,-0.531386,-0.001919,-0.007979,-0.428201,1.000000,-1.000000,-1.000000,1.000000,-0.703686,-0.547569,0.808490,1.000000
-0.440740,0.607758,-0.476337,0.001435,-0.004500,-0.413116,1.000000,-1.000000,-1.000000,1.000000,-1.000000,-0.627282,-0.259726,0.668730
-0.554103,0.506470,-0.411879,0.001635,0.002721,-0.402722,1.000000,-1.000000,-1.000000,0.513862,-0.887120,-1.000000,-0.498158,1.000000
-0.661620,0.353019,-0.332651,-0.001638,0.012812,-0.396182,1.000000,-1.000000,-0.978946,0.311109,-0.669455,0.097237,0.451665,1.000000
-0.709819,0.239272,-0.280614,-0.006194,0.019423,-0.390070,1.000000,-1.000000,-1.000000,0.279859,-1.000000,-1.000000,0.151021,-0.211346
-0.742976,0.085388,-0.214308,-0.010780,0.021077,-0.382489,1.000000,-1.000000,-1.000000,-0.235408,-0.334663,-1.000000,-0.432596,-1.000000
-0.744505,-0.057548,-0.154078,-0.015138,0.019860,-0.376896,1.000000,-1.000000,-1.000000,-0.138837,-1.000000,-1.000000,1.000000,0.571382
-0.715525,-0.208045,-0.089451,-0.022872,0.017080,-0.372452,0.100797,-1.000000,-1.000000,-0.145104,-0.916571,-1.000000,-0.102823,0.721503
-0.661806,-0.338357,-0.030040,-0.031990,0.013689,-0.371373,0.642791,-1.000000,-1.000000,0.793708,-1.000000,-1.000000,0.137558,-0.171601
-0.577929,-0.463789,0.033539,-0.039384,0.009318,-0.366748,1.000000,-1.000000,-1.000000,1.000000,-1.000000,-0.577155,0.749915,0.279723
-0.481039,-0.561013,0.091246,-0.045239,0.007441,-0.360825,0.157231,-1.000000,-1.000000,1.000000,-1.000000,-1.000000,1.000000,1.000000
-0.339097,-0.654357,0.162572,-0.050029,0.004566,-0.356502,0.822070,-1.000000,-1.000000,1.000000,-1.000000,-1.000000,0.021098,0.177885
-0.201431,-0.707872,0.224453,-0.053480,0.003663,-0.357063,0.771692,-0.431674,-1.000000,1.000000,1.000000,-1.000000,-0.118757,0.715020
-0.088388,-0.730337,0.272682,-0.055626,0.002443,-0.361756,0.255544,-1.000000,-1.000000,1.000000,-0.822636,-1.000000,1.000000,-0.375627
0.051885,-0.733930,0.331449,-0.055937,-0.002626,-0.367381,1.000000,-0.484832,-1.000000,1.000000,0.998900,-1.000000,-0.263203,0.822304
0.205817,-0.707198,0.396964,-0.055282,-0.007010,-0.377864,1.000000,-0.385015,-1.000000,1.000000,-0.419312,-0.442826,-0.416420,-0.342855
0.343117,-0.653121,0.458955,-0.051629,-0.010467,-0.387669,1.000000,-0.635535,-1.000000,1.000000,-0.142341,-0.890086,-1.000000,-0.620255
0.478644,-0.563551,0.527408,-0.044554,-0.014339,-0.394781,1.000000,-0.358034,-1.000000,1.000000,-1.000000,-1.000000,-0.391238,-1.000000
0.585006,-0.454899,0.591630,-0.037364,-0.015511,-0.401314,1.000000,-1.000000,-1.000000,1.000000,-1.000000,-1.000000,0.859790,0.682451
0.673547,-0.313854,0.662174,-0.031388,-0.014596,-0.406972,0.660682,-1.000000,-1.000000,1.000000,-1.000000,-1.000000,-1.000000,-0.438615
0.725685,-0.168389,0.727794,-0.025681,-0.011296,-0.410340,1.000000,-0.989686,-1.000000,1.000000,-0.871504,-0.205840,-1.000000,0.095381
0.746739,-0.001476,0.799451,-0.019521,-0.007447,-0.413366,1.000000,-1.000000,-1.000000,1.000000,-0.348519,-1.000000,-0.191182,0.083914
0.731757,0.154625,0.866383,-0.013776,-0.002427,-0.418185,1.000000,-1.000000,-1.000000,1.000000,-1.000000,-0.834324,-0.749759,0.205652
0.677922,0.317294,0.939810,-0.009910,0.005982,-0.423656,1.000000,-1.000000,-1.000000,1.000000,-0.217362,-0.747180,-1.000000,0.082486
0.595472,0.453119,-0.991969,-0.006474,0.013085,-0.426375,1.000000,-1.000000,-1.000000,1.000000,-0.799556,-0.508178,0.047879,-0.463221
0.476770,0.575534,-0.918690,-0.004433,0.016574,-0.422790,1.000000,-1.000000,-1.000000,1.000000,-1.000000,-1.000000,-0.070187,-0.556637
0.347739,0.660128,-0.852374,-0.003796,0.018736,-0.414712,1.000000,-1.000000,0.822626,1.000000,-1.000000,-0.749372,0.291842,0.576799
0.195460,0.718186,-0.782205,-0.005266,0.022013,-0.404497,1.000000,-1.000000,1.000000,1.000000,-0.640887,-0.287739,0.512273,0.368272
0.049019,0.740619,-0.718439,-0.004508,0.024998,-0.398717,1.000000,-1.000000,0.717550,1.000000,0.450500,-0.237522,-0.132113,0.653561
-0.110582,0.731324,-0.649671,-0.003307,0.028406,-0.396611,1.000000,-1.000000,0.338785,1.000000,0.222656,0.296551,0.463247,0.379352
-0.253174,0.692067,-0.586087,-0.003886,0.033001,-0.397400,1.000000,-1.000000,-0.563715,1.000000,-1.000000,1.000000,0.226728,0.635734
-0.395407,0.617793,-0.516967,-0.010156,0.038229,-0.399027,1.000000,-1.000000,-1.000000,0.997484,-0.007789,-0.419547,0.241838,1.000000
-0.509567,0.522472,-0.452710,-0.019950,0.041608,-0.401304,0.346578,-1.000000,-1.000000,1.000000,-1.000000,-1.000000,1.000000,1.000000
-0.608481,0.394630,-0.382559,-0.032759,0.041901,-0.405113,0.811054,-1.000000,-1.000000,-0.315172,0.236987,-1.000000,-1.000000,-1.000000
-0.672474,0.258992,-0.317212,-0.043714,0.039334,-0.407904,1.000000,-1.000000,-1.000000,0.885100,-1.000000,-0.919322,-0.452374,0.841294
-0.708117,0.099336,-0.245638,-0.056866,0.035167,-0.412970,0.787386,-1.000000,-1.000000,0.592568,-1.000000,-1.000000,0.080444,0.127031
-0.707693,-0.051493,-0.179442,-0.067582,0.029598,-0.413767,0.389523,-1.000000,-1.000000,0.799339,-1.000000,-1.000000,-0.048596,-0.531835
-0.671430,-0.209901,-0.107902,-0.076842,0.021815,-0.412969,1.000000,-1.000000,-1.000000,1.000000,-0.449778,-0.689967,0.621268,0.351875
-0.606445,-0.345245,-0.041712,-0.085502,0.014881,-0.413377,0.430730,-1.000000,-1.000000,1.000000,-1.000000,-1.000000,-0.519060,0.986101
-0.504375,-0.473760,0.030730,-0.093823,0.006481,-0.417963,0.687450,-1.000000,-1.000000,1.000000,0.042476,-1.000000,0.413708,-1.000000
-0.374351,-0.575763,0.103802,-0.098873,-0.003734,-0.421987,1.000000,-1.000000,-1.000000,1.000000,-1.000000,-0.643544,0.659382,1.000000
-0.235695,-0.640866,0.171476,-0.103967,-0.010989,-0.422759,0.924770,-1.000000,-1.000000,1.000000,-1.000000,-0.900845,0.820050,0.800315
-0.085296,-0.674673,0.239529,-0.107799,-0.019155,-0.425070,1.000000,-1.000000,-1.000000,1.000000,-0.465286,-1.000000,-0.805627,-0.894081
0.083711,-0.673235,0.314261,-0.106872,-0.030472,-0.431436,1.000000,-0.327903,-1.000000,1.000000,-0.392058,-1.000000,-0.521770,-0.370406
0.237785,-0.635222,0.384588,-0.102048,-0.039319,-0.439483,1.000000,-1.000000,-1.000000,1.000000,-1.000000,-1.000000,-0.029709,0.344799
0.392828,-0.554854,0.462180,-0.096205,-0.046117,-0.447456,1.000000,-0.986534,-1.000000,1.000000,-1.000000,-0.673886,0.339030,1.000000
0.515597,-0.447728,0.534649,-0.091332,-0.049334,-0.452998,1.000000,-1.000000,-1.000000,1.000000,-0.852172,-1.000000,0.364404,-0.663187
0.617490,-0.301671,0.613971,-0.081338,-0.055711,-0.457804,1.000000,-1.000000,-1.000000,1.000000,-0.116964,-1.000000,-0.530027,-1.000000
0.676155,-0.146116,0.688059,-0.068182,-0.059357,-0.462624,1.000000,-1.000000,-1.000000,1.000000,-0.696883,-0.979799,-0.440316,-0.084327
0.695797,0.034441,0.769088,-0.050964,-0.061318,-0.467592,1.000000,-1.000000,-1.000000,1.000000,-1.000000,-0.982710,-0.450310,-0.582807
0.671405,0.200815,0.844058,-0.033997,-0.059069,-0.468827,1.000000,-1.000000,-1.000000,1.000000,-0.112443,-1.000000,0.291751,-0.402607
0.600291,0.368914,0.925279,-0.014405,-0.056408,-0.468386,1.000000,-1.000000,-1.000000,1.000000,-0.617185,-1.000000,-0.534757,0.172515
0.496724,0.503535,-0.999357,0.003443,-0.048945,-0.471030,1.000000,-1.000000,-1.000000,1.000000,-1.000000,-1.000000,-0.691030,-1.000000
0.350691,0.616660,-0.917622,0.020509,-0.038275,-0.471515,1.000000,-1.000000,-1.000000,1.000000,-0.116633,-1.000000,-1.000000,-0.471286
0.193954,0.683799,-0.842560,0.035234,-0.027064,-0.469448,1.000000,-1.000000,0.922776,1.000000,-1.000000,-0.164550,-0.011546,-0.086763
0.013640,0.711845,-0.762613,0.047078,-0.014243,-0.461056,1.000000,-1.000000,0.574851,1.000000,-1.000000,-1.000000,0.410940,0.631268
-0.152530,0.696365,-0.689929,0.055718,0.001069,-0.454419,1.000000,-1.000000,-0.678135,1.000000,-1.000000,0.385264,-1.000000,1.000000
-0.321408,0.636944,-0.612303,0.057642,0.021818,-0.447610,1.000000,-1.000000,-1.000000,1.000000,-1.000000,-0.698268,-0.392850,0.174278
-0.458366,0.546863,-0.541544,0.052872,0.042252,-0.442335,0.054896,-1.000000,-1.000000,0.959097,-1.000000,-1.000000,-0.865259,0.202919
-0.578304,0.417763,-0.465705,0.042010,0.060157,-0.437596,1.000000,-1.000000,-1.000000,0.873739,-1.000000,-0.884952,1.000000,0.103892
-0.656781,0.278180,-0.396964,0.028463,0.070918,-0.429602,0.519755,-1.000000,-1.000000,0.330424,-0.561443,0.059317,-0.009482,0.836293
-0.704011,0.113324,-0.323358,0.010517,0.076148,-0.424738,0.437781,-1.000000,-1.000000,0.591487,-0.140147,-1.000000,0.291248,0.825238
-0.711427,-0.044530,-0.255495,-0.007405,0.075319,-0.423893,0.084779,-1.000000,-1.000000,0.557157,-1.000000,-1.000000,0.086101,0.698845
-0.679925,-0.212671,-0.181967,-0.026500,0.070829,-0.424234,0.766620,-1.000000,-1.000000,0.577195,-0.199480,-0.511572,-0.985797,-0.958091
-0.616171,-0.356794,-0.114173,-0.040941,0.062037,-0.423837,1.000000,-1.000000,-1.000000,1.000000,0.016802,-1.000000,0.739846,-0.791926
-0.513885,-0.492236,-0.040991,-0.052322,0.048456,-0.422053,1.000000,-0.973305,-1.000000,1.000000,-1.000000,-0.610573,0.860048,0.576801
-0.393857,-0.592340,0.026342,-0.062215,0.037892,-0.421027,0.186030,-0.723829,-1.000000,1.000000,0.182521,0.070357,-0.824900,1.000000
-0.242104,-0.669028,0.099498,-0.070953,0.027898,-0.422004,0.240099,-0.832542,-1.000000,1.000000,-0.688327,-0.243601,-0.803305,-0.700657
-0.089413,-0.706633,0.167095,-0.074305,0.019119,-0.422454,0.750335,-1.000000,-1.000000,1.000000,-0.711343,-1.000000,-0.486238,-0.366693
0.081173,-0.709088,0.240523,-0.073087,0.008008,-0.423521,1.000000,-1.000000,-1.000000,1.000000,-1.000000,-1.000000,0.554236,-1.000000
0.234827,-0.675706,0.308239,-0.068754,-0.003077,-0.423491,1.000000,-0.758644,-1.000000,1.000000,-0.500704,-1.000000,0.062192,0.120999
0.388272,-0.602932,0.381499,-0.060315,-0.015223,-0.422556,1.000000,-1.000000,-1.000000,1.000000,-0.759205,-0.721080,-1.000000,-1.000000
0.510143,-0.506415,0.448629,-0.050674,-0.022363,-0.419515,1.000000,0.085925,-1.000000,1.000000,-1.000000,-0.657187,0.368665,1.000000
0.614629,-0.376718,0.520670,-0.042406,-0.025374,-0.415660,1.000000,-1.000000,-1.000000,1.000000,-1.000000,-1.000000,0.514602,0.647748
0.681880,-0.240251,0.586528,-0.035381,-0.025855,-0.411722,0.779122,-0.640382,-1.000000,1.000000,0.474234,-0.449520,1.000000,0.098033
0.720450,-0.082360,0.656947,-0.027148,-0.026527,-0.406141,1.000000,-0.947133,-1.000000,1.000000,-1.000000,-1.000000,-0.460084,0.324264
0.724028,0.067117,0.721860,-0.021761,-0.022189,-0.405689,1.000000,-1.000000,-1.000000,1.000000,-1.000000,-1.000000,-1.000000,1.000000
0.692949,0.227171,0.792988,-0.019731,-0.014045,-0.410486,1.000000,-1.000000,-1.000000,1.000000,-0.967040,-1.000000,-0.876380,0.389981
0.632131,0.366951,0.859825,-0.020852,-0.003997,-0.417741,1.000000,-1.000000,-1.000000,1.000000,-0.634580,-0.182277,-0.826976,-1.000000
0.532988,0.502009,0.933591,-0.022361,0.003495,-0.425450,1.000000,-1.000000,-1.000000,1.000000,-0.439131,-1.000000,0.000154,1.000000
0.412934,0.605342,-0.996468,-0.025944,0.009141,-0.437264,1.000000,-1.000000,-1.000000,1.000000,-0.988730,-1.000000,-1.000000,0.602180
0.256187,0.686289,-0.918196,-0.033313,0.014982,-0.451474,1.000000,-1.000000,-1.000000,1.000000,-1.000000,-1.000000,-0.859054,0.964740
0.377360,0.391107,-0.481722,0.000004,0.000000,-0.000002,0.000000,0.000000,0.000000,0.000000,0.000000,0.000000,0.000000,0.000000
0.377351,0.391112,-0.481718,0.000090,0.000004,-0.000044,0.047514,0.255983,1.000000,0.260463,0.878994,0.290719,0.017059,-1.000000
0.377191,0.391201,-0.481636,0.000641,0.000089,-0.000474,-0.041859,-0.791798,1.000000,-0.449976,-1.000000,-0.019846,0.660639,-0.555890
0.376561,0.391566,-0.481297,0.002553,0.000431,-0.002115,-0.066484,0.131871,1.000000,-0.020180,0.563912,-0.255214,-0.517150,-0.045862
0.374804,0.392576,-0.480366,0.006705,0.000993,-0.005375,0.453116,0.025300,1.000000,-0.607786,1.000000,1.000000,1.000000,0.181194
0.371459,0.394478,-0.478570,0.013363,0.002453,-0.011221,0.174377,0.149562,1.000000,-0.172131,-1.000000,-1.000000,0.044581,0.211523
0.365380,0.397859,-0.475338,0.022591,0.004067,-0.018642,-0.063447,-0.087492,1.000000,0.436035,1.000000,0.095526,-0.726872,-0.766569
0.357448,0.402105,-0.471292,0.033877,0.004368,-0.025301,0.063141,-0.543930,1.000000,-0.395561,0.767238,0.278965,-0.388435,-0.748082
0.346299,0.407796,-0.465859,0.046511,0.003857,-0.031332,-0.655603,-0.374169,1.000000,-0.076945,0.536659,0.087403,0.838015,1.000000
0.332864,0.414309,-0.459364,0.060044,0.005569,-0.040607,0.263018,-0.152531,1.000000,-0.012081,0.134381,0.332415,0.173094,-0.180492
0.314386,0.422663,-0.450413,0.073657,0.009237,-0.051669,0.386799,-0.856598,1.000000,0.081194,1.000000,-1.000000,-0.561541,-1.000000
0.293903,0.431106,-0.440581,0.086632,0.012679,-0.061429,0.033606,-1.000000,1.000000,-1.000000,-0.824340,-1.000000,0.462477,-0.803823
0.267439,0.440804,-0.427800,0.097995,0.019249,-0.073706,-0.001480,-0.488040,1.000000,-1.000000,0.248912,0.400290,1.000000,0.805944
0.238300,0.449981,-0.413456,0.107333,0.028856,-0.089695,-0.464449,-0.424590,1.000000,-0.725025,-0.599825,0.118155,1.000000,-1.000000
0.201164,0.459428,-0.394837,0.114447,0.040800,-0.107350,-0.212626,-0.546648,0.737268,0.061492,-0.045648,0.977566,-0.244977,-1.000000
0.162154,0.466743,-0.375128,0.121490,0.050661,-0.123282,0.117447,-0.882940,0.390641,-1.000000,-0.912718,0.698488,-0.210427,-1.000000
0.115067,0.472165,-0.351124,0.125879,0.060049,-0.138408,0.475227,-1.000000,0.477411,-0.140208,-1.000000,-1.000000,0.915714,0.455905
0.067531,0.473866,-0.326510,0.127552,0.068757,-0.153793,-0.649975,-1.000000,0.067536,-1.000000,-0.301134,0.375722,-1.000000,0.850597
0.012931,0.471118,-0.297505,0.123154,0.076168,-0.167435,0.512726,-1.000000,-0.859204,-1.000000,1.000000,-0.627159,0.113582,-0.965870
-0.037971,0.463588,-0.269394,0.110642,0.081307,-0.175578,0.912386,-1.000000,-1.000000,-0.343616,0.810707,-1.000000,0.834207,-0.247379
-0.091152,0.450048,-0.238527,0.093133,0.084466,-0.178103,-0.236066,-1.000000,-1.000000,-0.477642,-1.000000,0.375647,-0.081948,-0.822112
-0.137641,0.432926,-0.209798,0.074913,0.084167,-0.179426,0.624425,-1.000000,-1.000000,-0.739413,-1.000000,-0.379637,-1.000000,1.000000
-0.184090,0.409947,-0.178845,0.055743,0.083276,-0.178766,0.158907,-1.000000,-1.000000,-0.039616,-0.735396,-0.478782,0.846434,0.235862
-0.222432,0.385477,-0.150924,0.037316,0.080507,-0.174395,0.676484,-1.000000,-1.000000,-1.000000,-0.955145,-0.882776,-0.232791,-0.686550
-0.258679,0.356252,-0.121582,0.018771,0.078183,-0.169305,0.928653,-1.000000,-1.000000,-0.111472,-0.874938,-1.000000,0.388575,-0.357265
-0.286746,0.327986,-0.095861,0.001839,0.074089,-0.160772,0.138482,-1.000000,-1.000000,-0.504422,-1.000000,-0.677318,0.944127,-0.085929
-0.310952,0.297393,-0.070017,-0.015930,0.068780,-0.149150,1.000000,-1.000000,-1.000000,-1.000000,-0.024746,-0.540171,0.775097,0.924806
-0.327691,0.270421,-0.048439,-0.032040,0.062229,-0.134873,0.332250,-1.000000,-1.000000,-0.131620,-0.726878,-0.330768,0.826791,-1.000000
-0.340238,0.243765,-0.027901,-0.046220,0.054546,-0.118457,1.000000,-1.000000,-1.000000,-0.374771,-0.501613,-0.620625,-1.000000,-0.424660
-0.347505,0.221963,-0.011434,-0.058147,0.046227,-0.102949,0.691207,-1.000000,-1.000000,-0.331592,-1.000000,-1.000000,0.504607,1.000000
-0.351513,0.201888,0.003742,-0.067823,0.035810,-0.087504,0.808060,-1.000000,-1.000000,0.059635,-1.000000,-0.627154,1.000000,-1.000000
-0.352446,0.186862,0.015371,-0.073899,0.024433,-0.072690,0.786016,-0.997770,-1.000000,-0.518414,1.000000,-1.000000,1.000000,0.957703
-0.351012,0.174765,0.025088,-0.076645,0.013764,-0.056071,-0.338302,-1.000000,-1.000000,-0.046677,0.153441,0.023676,0.748927,1.000000
-0.347390,0.168038,0.030736,-0.079358,0.005622,-0.035287,0.519690,-1.000000,-1.000000,-0.325913,-0.145551,0.763874,-0.377379,-1.000000
-0.341047,0.165618,0.032981,-0.082630,-0.000372,-0.012952,-0.089198,-1.000000,-1.000000,-0.431510,1.000000,-1.000000,0.810805,-0.578360
-0.332921,0.167674,0.031311,-0.086394,-0.003209,0.010444,-1.000000,-0.764381,-1.000000,-0.828485,-1.000000,-0.249178,1.000000,0.220783
-0.321414,0.174036,0.025518,-0.092268,-0.003644,0.033398,-0.365367,-0.451685,0.130402,0.022567,1.000000,0.163644,0.533492,-0.559303
-0.308309,0.182994,0.016754,-0.097524,-0.002080,0.054785,0.379498,-0.388138,1.000000,-0.531281,1.000000,-0.605731,1.000000,-0.538085
-0.292028,0.193891,0.004792,-0.100983,0.006119,0.069020,-0.245144,-1.000000,1.000000,-1.000000,-0.466063,-1.000000,1.000000,0.766122
-0.275470,0.203569,-0.007620,-0.104491,0.018568,0.077577,-0.169312,0.230101,-0.151800,-0.782057,-0.094386,1.000000,-1.000000,-1.000000
-0.256248,0.212737,-0.021827,-0.108426,0.032079,0.081968,0.027479,-0.122425,0.536951,-1.000000,0.673441,1.000000,0.475276,-0.269422
-0.237901,0.219235,-0.034797,-0.112724,0.044812,0.081070,-0.070792,0.099204,0.364056,-1.000000,-0.566709,-0.298681,0.242943,0.341556
-0.218142,0.223673,-0.047833,-0.116309,0.056258,0.075214,0.614168,0.717984,1.000000,-1.000000,1.000000,-1.000000,0.342426,0.985139
-0.200746,0.225140,-0.058172,-0.119235,0.065455,0.064607,-0.596326,0.847952,1.000000,-1.000000,1.000000,0.925710,0.181507,-0.555606
-0.183530,0.223695,-0.066877,-0.120750,0.075293,0.050236,0.352945,0.324685,1.000000,-0.074146,0.397248,0.797610,-1.000000,-0.452742
-0.169612,0.219647,-0.072327,-0.119687,0.085150,0.034036,-0.614979,0.591037,1.000000,-0.325450,0.040987,0.397481,-0.456122,-1.000000
-0.156866,0.212627,-0.075328,-0.117255,0.094630,0.017321,-0.015711,0.290792,-0.102885,-0.553101,0.949213,-0.669157,-0.586223,0.389470
-0.146644,0.204519,-0.076072,-0.115731,0.100839,0.004645,-0.172554,-0.320796,-0.183196,0.532624,0.256768,-0.211679,0.544684,-0.867928
-0.136518,0.194910,-0.075707,-0.113912,0.103802,-0.002103,-0.112306,-0.015057,0.440698,0.642368,0.780087,-1.000000,-0.473219,-0.612998
-0.127721,0.185746,-0.074790,-0.111410,0.104421,-0.005731,0.146797,0.467041,-0.256009,0.309169,-0.245502,-0.672225,0.901578,1.000000
-0.118486,0.175793,-0.073517,-0.109589,0.103685,-0.007344,0.458789,-0.111502,-0.064523,0.669782,-0.613882,0.122869,0.482348,-0.697801
-0.110124,0.166695,-0.072237,-0.107992,0.102660,-0.008003,1.000000,0.277937,0.154558,1.000000,-0.091408,-0.450376,-0.526944,-0.114976
-0.101293,0.156969,-0.070793,-0.105310,0.101344,-0.008324,0.495435,-0.151161,0.912558,0.772791,-1.000000,1.000000,0.641666,0.410731
-0.093424,0.148135,-0.069447,-0.101599,0.100088,-0.008417,0.495327,-0.068913,-0.385728,0.630733,-0.586855,-1.000000,0.341278,0.571645
-0.085048,0.139000,-0.068457,-0.097062,0.097134,-0.005707,0.081153,0.672246,-0.208384,1.000000,0.989531,-1.000000,-0.697897,-1.000000
-0.077305,0.131258,-0.068522,-0.091861,0.092398,0.000402,0.214199,0.393443,-0.779240,0.791394,-0.867258,-0.394192,0.532222,-1.000000
-0.068859,0.123855,-0.070122,-0.085556,0.085608,0.009234,0.414274,0.155048,-0.462681,0.845356,-1.000000,0.644959,1.000000,1.000000
-0.061176,0.117983,-0.073240,-0.076985,0.077863,0.019485,0.878265,0.039826,-0.309845,0.442209,-1.000000,0.508956,-0.071346,0.092281
-0.053291,0.112516,-0.078212,-0.066294,0.070405,0.028676,0.060854,0.723244,0.661364,0.486314,0.837297,-1.000000,-0.693404,0.383252
-0.046581,0.108077,-0.084037,-0.055278,0.064234,0.036409,-0.165163,0.115324,0.544380,0.287431,1.000000,0.382035,-0.368520,0.382681
-0.039995,0.103671,-0.091359,-0.044897,0.059861,0.042233,-0.441452,0.544791,1.000000,0.257581,0.856528,0.017693,-1.000000,-0.298785
-0.034660,0.099787,-0.098527,-0.035615,0.056648,0.044806,0.131622,-0.085584,0.889919,-0.377100,0.610365,-1.000000,-0.329934,1.000000
-0.029904,0.095468,-0.105794,-0.027132,0.055871,0.041924,-0.326118,0.628229,1.000000,-0.510010,0.976729,1.000000,0.753465,-0.172469
-0.026753,0.091157,-0.111057,-0.018662,0.057050,0.032896,-0.072196,0.527180,0.674992,-0.514770,0.276742,1.000000,0.359809,-1.000000
-0.024965,0.086010,-0.114347,-0.009296,0.059595,0.018995,-0.410186,0.826796,1.000000,-0.089810,0.329866,-1.000000,-1.000000,0.786577
-0.025026,0.080951,-0.114569,0.001446,0.060419,0.001384,-0.854170,1.000000,-0.201801,0.005929,0.644295,-1.000000,-1.000000,-0.390588
-0.026561,0.075494,-0.111968,0.009606,0.057657,-0.014999,0.296319,0.154277,-0.574245,-1.000000,0.569750,-0.992467,0.166934,-1.000000
-0.028748,0.070584,-0.107690,0.013994,0.054166,-0.026757,0.052314,-0.069056,-0.035731,0.043355,0.535637,1.000000,0.103624,0.772210
-0.031608,0.065413,-0.101597,0.016629,0.050609,-0.035140,0.500219,0.811283,-1.000000,-1.000000,-0.092908,-0.552261,-0.723184,-0.397124
-0.034579,0.060858,-0.094543,0.018211,0.045717,-0.044100,-0.151017,0.452323,-0.630179,-0.169242,-1.000000,-1.000000,0.531780,0.114594
-0.037991,0.056136,-0.085511,0.018671,0.040818,-0.052084,0.025712,-0.271303,-0.995253,-0.385617,-0.950682,-0.364332,-0.346736,1.000000
-0.041126,0.051876,-0.076404,0.018387,0.037503,-0.056921,0.388685,-0.022899,-1.000000,-0.660045,-0.375279,0.185651,0.850644,0.699819
-0.044311,0.047348,-0.066190,0.016959,0.034990,-0.058966,-0.154350,-0.292538,-1.000000,-0.159047,-0.731707,-0.376053,0.616680,0.323943
-0.046881,0.043330,-0.056902,0.014367,0.032199,-0.058028,0.009591,0.275199,-0.858813,0.324823,-0.063558,-1.000000,-1.000000,-1.000000
-0.049130,0.039227,-0.047288,0.010574,0.029317,-0.055473,0.125184,-0.355137,-1.000000,-0.137441,0.200785,-0.773428,-0.500554,-0.135036
-0.050561,0.035741,-0.039194,0.005342,0.026471,-0.050585,0.049877,-0.218104,-1.000000,-0.231681,-0.962544,-0.409522,0.666465,0.272679
-0.051343,0.032466,-0.031686,-0.000507,0.022773,-0.043305,-0.107583,-0.395561,-0.496410,0.190958,-0.707524,-0.445650,1.000000,-0.509620
-0.051399,0.030030,-0.026142,-0.005976,0.018310,-0.034674,-0.232447,0.035279,-1.000000,0.012723,-0.823392,-0.978852,0.221432,-0.524252
-0.050702,0.028144,-0.021896,-0.012012,0.013146,-0.024479,0.328989,-0.161328,-1.000000,0.079816,-0.107034,0.675991,-0.546276,-1.000000
-0.049380,0.027066,-0.019575,-0.018162,0.008426,-0.014513,0.250217,-0.505761,0.051532,1.000000,-0.790689,-1.000000,0.390206,0.914159
-0.047415,0.026499,-0.018509,-0.022599,0.004415,-0.006151,-0.417521,-0.218416,-0.322235,0.103539,0.325194,-1.000000,-0.024658,0.211576
-0.045246,0.026353,-0.018494,-0.025827,0.001719,-0.000094,0.462853,-0.068667,0.424654,-0.153282,1.000000,-0.570804,0.499129,0.177509
-0.042726,0.026431,-0.019096,-0.027141,0.000073,0.003471,0.085378,-0.161020,-0.173525,0.268470,-0.066027,-0.755096,1.000000,-0.722147
-0.040274,0.026711,-0.020203,-0.028075,-0.001565,0.006916,0.399141,-0.099115,-0.968437,-0.084241,-0.583300,-1.000000,-1.000000,-1.000000
-0.037419,0.027239,-0.022066,-0.029657,-0.003209,0.010749,-0.983693,-0.431195,0.189061,-0.344077,0.600923,0.225351,-0.865840,-0.131212
-0.034634,0.027830,-0.024196,-0.030980,-0.004067,0.013314,0.128055,0.051108,-0.518520,-0.931948,-0.825046,-0.034016,1.000000,0.206787
-0.031477,0.028569,-0.026915,-0.032063,-0.004884,0.015686,-0.211985,0.047691,0.139208,-0.144536,-0.453221,-0.859467,1.000000,-1.000000
-0.028488,0.029288,-0.029668,-0.032623,-0.005324,0.017204,-0.303965,0.193703,-0.342727,-0.255292,0.932432,0.673643,-0.701182,-1.000000
-0.025196,0.030051,-0.032795,-0.032993,-0.005332,0.018040,0.266396,-0.609393,0.749359,-0.284288,1.000000,0.822618,-0.295799,-0.058348
-0.022155,0.030696,-0.035691,-0.032948,-0.004959,0.018099,-0.222946,0.130434,-0.304818,0.349894,0.161547,-0.856987,0.160108,0.754614
-0.018864,0.031329,-0.038825,-0.032823,-0.004576,0.018084,0.300820,1.000000,0.120046,-0.353598,0.920867,-1.000000,-1.000000,-0.326533
-0.015842,0.031854,-0.041678,-0.032662,-0.004260,0.017848,0.077634,-0.084879,1.000000,0.450533,1.000000,-0.605039,1.000000,-0.554418
-0.012603,0.032357,-0.044693,-0.032239,-0.003891,0.017378,0.036626,0.332218,1.000000,0.330313,-0.904803,0.441276,0.020799,0.743276
-0.009685,0.032758,-0.047336,-0.031549,-0.003545,0.016527,0.038777,0.036879,0.140147,0.121014,1.000000,0.559465,-0.764694,-0.703645
-0.006620,0.033140,-0.050043,-0.030601,-0.003300,0.015609,0.862144,0.491138,0.237302,-0.400948,-1.000000,-1.000000,-0.072466,-0.276386
-0.003294,0.033562,-0.052788,-0.028958,-0.003490,0.013726,-0.062688,0.830777,1.000000,-0.090708,-0.735777,-0.883567,0.363237,0.109589
-0.000944,0.033888,-0.054432,-0.025918,-0.003677,0.010280,-0.293665,-0.838391,0.828525,-0.577714,-0.114443,1.000000,-0.436360,1.000000
0.001206,0.034186,-0.055683,-0.022167,-0.003238,0.007215,-0.473993,-0.148486,0.080414,-0.099040,-0.758919,0.641021,0.778885,0.513585
0.002782,0.034357,-0.056175,-0.018126,-0.002058,0.003076,0.044877,-0.502030,1.000000,-1.000000,-0.067831,-1.000000,0.116372,0.214063
0.003836,0.034312,-0.055414,-0.012479,0.000560,-0.004389,-0.588927,0.038119,0.902128,-0.546811,1.000000,-0.552377,0.507562,0.396322
0.004107,0.033986,-0.053203,-0.006071,0.004198,-0.013819,0.359376,0.777144,0.311843,0.897412,0.673725,0.933920,0.156928,-0.051491
0.003689,0.033379,-0.049363,0.000088,0.007188,-0.022164,-0.302172,-0.254631,0.288508,0.064002,0.829021,0.291507,-0.812405,-0.919009
0.002732,0.032683,-0.044816,0.005718,0.008870,-0.028419,0.150252,0.547010,0.195149,-0.051548,0.563736,-0.832135,-1.000000,1.000000
0.001192,0.031827,-0.039029,0.010381,0.009886,-0.033375,-0.316386,-0.207198,0.185717,-0.302739,-1.000000,-0.611217,0.221318,-0.486168
-0.000507,0.030940,-0.033186,0.013266,0.010764,-0.036524,-0.030577,-0.788955,-0.607870,-0.177275,0.595998,-1.000000,-0.193390,1.000000
-0.002406,0.029924,-0.026744,0.013993,0.010985,-0.037161,0.284639,-0.444253,-0.666607,0.614511,-0.287356,-0.576996,1.000000,1.000000
-0.004122,0.028950,-0.020848,0.013833,0.011000,-0.036857,0.283149,-0.613356,-1.000000,0.104756,1.000000,0.423865,-0.152172,-0.469439
-0.005920,0.027860,-0.014579,0.013505,0.011023,-0.036163,-0.012050,-0.238562,0.267939,0.397913,0.700747,-0.194058,0.441907,-1.000000
-0.007527,0.026823,-0.008900,0.013216,0.011035,-0.035493,-0.600968,-0.184385,0.114216,-0.222618,-0.281075,-1.000000,-1.000000,1.000000
-0.009208,0.025666,-0.002867,0.012901,0.011090,-0.034810,1.000000,-0.316869,-0.613839,-0.033071,-0.602575,-0.499834,-0.457569,1.000000
-0.010725,0.024563,0.002512,0.012915,0.011235,-0.033614,0.771767,-0.544408,-0.748479,0.591388,-0.170661,0.020484,1.000000,-0.558412
-0.012349,0.023320,0.007973,0.013233,0.011602,-0.031504,0.042012,-0.588917,-0.719209,0.047745,0.930959,-1.000000,0.393252,0.651462
-0.013781,0.022128,0.012583,0.013047,0.012026,-0.028814,-0.005557,-0.224928,-1.000000,-0.189730,-0.336736,-0.842639,-0.146870,-0.724014
-0.015206,0.020823,0.017101,0.012220,0.012175,-0.026068,0.269477,0.032097,-0.481685,0.624607,-1.000000,-0.954713,-0.005564,-0.638516
-0.016361,0.019653,0.020799,0.010886,0.011809,-0.023107,-1.000000,0.145887,-0.899560,0.286993,-1.000000,-0.478109,0.669966,-0.831187
-0.017288,0.018517,0.024044,0.007986,0.010632,-0.018727,0.196093,-0.432387,-1.000000,-0.315231,-0.604617,0.089666,0.828709,-0.137439
-0.017740,0.017685,0.026015,0.004029,0.008632,-0.012315,0.680454,-0.779440,-0.714700,-0.239801,-0.190162,-0.978030,1.000000,-1.000000
-0.017748,0.017063,0.026727,-0.000354,0.006405,-0.004112,0.158448,-0.632063,-1.000000,0.020988,0.485504,-1.000000,-0.037804,1.000000
-0.017223,0.016681,0.025908,-0.005722,0.005080,0.005121,-0.043360,-0.756295,-0.802543,-0.061216,0.759989,-0.384645,0.034914,-1.000000
-0.016039,0.016451,0.023446,-0.011590,0.003993,0.014199,-0.178215,0.610309,-0.410826,-0.620333,1.000000,-0.140053,1.000000,0.235026
-0.014538,0.016417,0.020149,-0.015826,0.002370,0.020605,-0.414225,-0.016141,0.934555,0.124328,-0.223313,0.456571,0.171785,-0.650239
-0.012715,0.016449,0.016051,-0.017698,0.001692,0.023646,0.195007,0.310631,-0.398757,1.000000,1.000000,-1.000000,-0.878330,-0.275643
-0.010842,0.016522,0.011810,-0.019662,0.001124,0.026491,-0.196456,-0.442577,-0.896239,-0.084633,1.000000,-1.000000,-0.168285,-1.000000
-0.008613,0.016615,0.006776,-0.021631,0.000844,0.029061,0.272140,-0.008611,0.467298,0.011609,-0.309463,-0.642698,0.259432,-0.494431
-0.006493,0.016675,0.001937,-0.022208,0.000817,0.030230,-0.727688,-0.053583,0.218268,-0.151964,0.510122,0.579424,0.888299,0.492515
-0.004168,0.016692,-0.003416,-0.022461,0.000992,0.030894,0.177462,-0.355916,-0.467297,-0.852352,-0.437927,-0.595996,1.000000,-0.285246
-0.002008,0.016652,-0.008420,-0.022584,0.001223,0.031273,-0.674961,0.559291,0.547338,0.144714,1.000000,-0.730461,-0.266519,-0.756922
0.000315,0.016531,-0.013800,-0.022419,0.001676,0.031027,-0.163541,0.345029,0.758635,-0.467241,1.000000,0.368410,0.474294,-0.273886
0.002435,0.016346,-0.018705,-0.022214,0.002122,0.030662,-0.144725,0.091766,0.350345,0.035134,0.252704,-0.861744,0.444347,-1.000000
0.004702,0.016071,-0.023943,-0.021968,0.002558,0.030227,0.464023,0.375756,-0.080938,0.049790,0.995872,-0.389891,-1.000000,-0.090858
0.006760,0.015756,-0.028667,-0.021656,0.002906,0.029513,-0.309065,0.400145,0.864537,-0.133321,0.609491,-0.012146,1.000000,-0.141236
0.008907,0.015311,-0.033478,-0.020979,0.003737,0.027752,-0.507399,-0.313771,1.000000,0.097780,0.085850,-1.000000,0.420385,-0.793226
0.010732,0.014725,-0.037336,-0.019541,0.005686,0.024134,-0.646400,-0.251373,0.746889,0.060580,1.000000,1.000000,-0.433053,0.905813
0.012415,0.013808,-0.040422,-0.016906,0.008917,0.017775,0.347310,0.581284,1.000000,-0.618713,0.640857,1.000000,1.000000,-1.000000
0.013603,0.012626,-0.041856,-0.013421,0.013417,0.008970,0.001371,0.133232,0.381411,0.473860,1.000000,-1.000000,-0.162855,0.251738
0.014489,0.011087,-0.042012,-0.009667,0.016834,0.000900,0.095439,0.618105,-0.002501,0.259447,1.000000,-0.293995,-1.000000,1.000000
0.015020,0.009561,-0.041247,-0.006635,0.018584,-0.004781,0.281324,-0.385699,-0.122746,-0.202936,0.501756,0.814535,-0.099036,-0.130139
0.015376,0.007870,-0.039827,-0.004388,0.019306,-0.008183,-0.139424,0.427564,0.148688,0.275750,-1.000000,-1.000000,-0.178392,0.637133
0.015549,0.006321,-0.038128,-0.002560,0.019438,-0.010635,0.019222,-0.175610,-0.049701,0.001456,0.123157,0.274519,-1.000000,0.359108
0.015654,0.004677,-0.036102,-0.001599,0.019148,-0.011687,1.000000,0.378332,-1.000000,0.259319,0.749288,0.020943,-0.091115,0.103615
0.015734,0.003195,-0.034191,-0.001286,0.018756,-0.011940,-0.841283,-0.352099,0.168226,0.151368,-0.358226,-1.000000,0.862362,-0.540001
0.015809,0.001627,-0.032072,-0.001069,0.018382,-0.012227,-0.120956,0.469570,0.349490,-0.180963,1.000000,-0.678967,-0.879208,0.953689
0.015873,0.000224,-0.030053,-0.000882,0.017897,-0.012616,-0.926302,-0.140084,-0.928708,0.493232,0.949852,0.446610,1.000000,0.294432
0.015935,-0.001251,-0.027812,-0.000706,0.017431,-0.012923,-0.384358,0.338986,-1.000000,0.400103,-0.066545,-1.000000,-0.192956,0.489225
0.015965,-0.002549,-0.025635,-0.000262,0.016757,-0.013617,0.776567,0.811404,0.126747,0.517149,0.721952,-1.000000,-1.000000,-0.426535
0.015885,-0.003834,-0.023116,0.001102,0.015513,-0.014531,-0.190359,0.228812,0.139844,1.000000,1.000000,-0.254611,0.938386,-0.186550
0.015591,-0.004932,-0.020795,0.003823,0.014440,-0.014498,0.325371,-0.302548,0.649130,0.330159,-0.538164,-0.362858,0.007290,0.514387
0.015032,-0.006080,-0.018359,0.006556,0.013934,-0.014058,1.000000,0.453846,0.023142,0.073893,0.775780,-0.693282,0.645885,-1.000000
0.014346,-0.007095,-0.016178,0.008655,0.013307,-0.013627,-0.133773,0.062068,-0.892512,0.046575,-0.638250,-0.745553,-0.217847,0.120507
0.013480,-0.008164,-0.013799,0.010095,0.012929,-0.013732,0.482923,0.356900,-0.677161,0.004804,-0.426787,1.000000,-1.000000,0.721896
0.012573,-0.009150,-0.011620,0.011450,0.012830,-0.013606,-0.619114,-0.807134,-0.166358,0.650383,-1.000000,-0.667756,0.174959,-0.027349
0.011464,-0.010234,-0.009423,0.012890,0.012875,-0.012678,-0.087400,-0.096747,-0.038762,-0.378299,-0.444807,-1.000000,0.141055,-0.042326
0.010371,-0.011234,-0.007551,0.013725,0.012717,-0.011708,0.487838,-0.138713,0.786494,0.222488,0.461491,0.596619,1.000000,-1.000000
0.009132,-0.012314,-0.005701,0.014329,0.012536,-0.010676,-0.323301,-0.375419,-0.464417,-0.410794,0.123481,-0.064980,1.000000,-1.000000
0.007982,-0.013306,-0.004086,0.014437,0.012355,-0.010085,-0.359327,0.049491,-0.372330,0.048544,0.675538,0.534604,-0.479761,0.702561
0.006726,-0.014377,-0.002416,0.014562,0.012229,-0.009635,0.054935,0.182570,0.127638,0.457726,-0.211439,-1.000000,-0.226536,0.565576
0.005533,-0.015367,-0.000948,0.015003,0.012164,-0.009183,0.258412,0.413622,0.023795,0.348255,0.248488,-1.000000,0.436624,0.621799
0.004207,-0.016442,0.000595,0.015389,0.012109,-0.008901,-0.160838,0.092578,-0.976589,-0.324463,-0.161532,-0.604375,1.000000,0.099328
0.002995,-0.017424,0.001996,0.015277,0.011909,-0.008751,0.059638,0.259495,-0.244374,-0.192237,0.563086,-0.130737,-0.865015,0.322663
0.001714,-0.018462,0.003546,0.015015,0.011576,-0.008945,-0.350002,0.450962,0.249993,0.070993,0.557622,-1.000000,-0.571577,-1.000000
0.000566,-0.019375,0.005096,0.014738,0.010968,-0.009685,-0.337069,0.402567,0.406031,-0.333968,-1.000000,0.024330,-0.952641,-0.174916
-0.000639,-0.020314,0.006919,0.014460,0.010347,-0.010516,0.039948,-0.459073,-1.000000,0.002854,-1.000000,0.857523,0.932817,-0.395799
-0.001715,-0.021158,0.008594,0.014079,0.010020,-0.010472,0.337443,-0.240587,-0.818084,0.740995,-0.698037,-1.000000,1.000000,1.000000
-0.002842,-0.022042,0.010260,0.013601,0.009611,-0.009604,-0.340002,0.232869,-0.468187,0.316779,0.179115,-0.275053,0.609031,0.062097
-0.003844,-0.022814,0.011626,0.013054,0.009050,-0.008539,0.226021,-0.129189,-0.226844,-0.519353,1.000000,-0.176464,0.261611,0.672114
-0.004855,-0.023590,0.012869,0.012096,0.008372,-0.007173,-0.201195,-0.437926,-0.825750,-0.089044,-0.178391,-0.668841,-0.676318,-0.567952
-0.005695,-0.024246,0.013718,0.010746,0.007653,-0.005305,0.026321,-0.026476,-0.295095,0.843872,0.908649,-1.000000,-0.455247,0.141414
-0.006505,-0.024895,0.014293,0.009378,0.007016,-0.003318,-0.173771,-0.488403,-0.691405,-0.639624,1.000000,-0.353159,1.000000,0.082038
-0.007157,-0.025433,0.014538,0.007998,0.006344,-0.001530,0.345780,0.155657,0.592486,-0.027619,-1.000000,-1.000000,0.019082,0.597904
-0.007808,-0.025994,0.014665,0.007267,0.006132,-0.000736,-0.149853,0.105870,-0.719226,0.332419,0.410180,-1.000000,-0.906378,-0.518213
-0.008321,-0.026493,0.014612,0.006047,0.005963,0.000332,-0.512423,-0.725335,-0.852160,-0.046403,0.055959,-0.474145,-0.010889,-0.799366
-0.008769,-0.027015,0.014357,0.004689,0.005802,0.001474,-0.208496,-0.208926,0.619417,0.120786,0.227539,0.721709,1.000000,-0.495003
-0.009152,-0.027481,0.014024,0.004224,0.005662,0.002080,-0.684733,-0.150300,-0.030195,0.122886,-1.000000,-0.836741,1.000000,-0.099462
-0.009530,-0.027959,0.013556,0.003717,0.005400,0.002702,-0.406724,-0.257593,-1.000000,0.245252,0.676070,-1.000000,-0.349353,-0.051343
-0.009801,-0.028354,0.012937,0.002573,0.004922,0.003870,-0.132001,-0.187010,-0.497062,-0.303028,1.000000,-0.649200,1.000000,-1.000000
-0.009991,-0.028703,0.011991,0.001164,0.004157,0.005455,-0.301856,0.087270,-0.375006,0.295102,-0.550328,0.263463,1.000000,0.564478
-0.010109,-0.028941,0.010819,0.000145,0.003279,0.007325,0.364739,-0.106905,-0.096232,0.895689,0.273935,0.257496,-1.000000,-0.188757
-0.010295,-0.029110,0.009179,0.000413,0.002436,0.009461,-0.431652,0.455489,0.417998,0.616952,1.000000,-1.000000,-0.047494,-0.898915
-0.010565,-0.029168,0.007352,0.001222,0.001393,0.011410,-0.758121,-0.106357,-0.578906,-0.302911,-0.063515,0.809761,1.000000,-0.837134
-0.010876,-0.029142,0.005242,0.001300,0.000497,0.012176,-0.431695,0.032118,0.799904,-0.037542,0.201291,-0.314535,0.989152,0.278336
-0.011161,-0.029067,0.003310,0.001291,-0.000107,0.012076,-0.050648,0.580763,0.124118,-0.045912,0.178905,-0.681782,0.143864,-0.891562
-0.011492,-0.028910,0.001154,0.001471,-0.000884,0.012441,-0.252898,-0.048396,-0.129793,1.000000,-0.264511,0.236631,-0.887737,-0.965648
-0.011911,-0.028619,-0.001179,0.002470,-0.002457,0.014577,-0.162854,0.104441,-0.332629,0.569831,-1.000000,0.772436,0.002425,0.791325
-0.012525,-0.028116,-0.004194,0.003776,-0.004278,0.017396,-0.758871,-0.324228,1.000000,0.110193,-1.000000,-0.871417,-0.118024,-0.521356
-0.013163,-0.027508,-0.007300,0.004334,-0.005767,0.019416,0.002097,-0.389293,0.565665,-0.235407,-0.425483,-1.000000,-0.656630,-0.757998
-0.013875,-0.026769,-0.010790,0.004522,-0.006512,0.020145,-0.186479,-0.484720,0.261306,-0.414605,0.714993,-0.329627,1.000000,-0.489612
-0.014517,-0.026076,-0.013938,0.004505,-0.006601,0.019682,-0.100488,-0.390724,0.051900,-0.944933,0.390879,-0.519102,1.000000,0.315141
-0.015215,-0.025354,-0.017168,0.004759,-0.006296,0.018619,0.499836,0.470744,0.771682,-0.243365,1.000000,1.000000,0.137985,-0.594310
-0.015924,-0.024739,-0.019882,0.005874,-0.005774,0.016968,-0.139195,0.893730,0.385022,-0.332410,-0.182912,0.067292,-1.000000,-1.000000
-0.016812,-0.024107,-0.022472,0.007560,-0.005506,0.014936,0.271713,0.388018,0.479512,-0.288052,-0.587052,-1.000000,-0.579993,1.000000
-0.017741,-0.023529,-0.024560,0.009182,-0.005568,0.013058,-0.461467,0.018781,-0.511107,-0.213613,-1.000000,-1.000000,-0.000688,0.467161
-0.018773,-0.022900,-0.026635,0.009650,-0.005628,0.011967,-0.361964,-0.130463,-0.320143,0.241827,0.123141,-1.000000,0.648373,0.503967
-0.019709,-0.022319,-0.028453,0.009587,-0.005643,0.011355,0.209399,0.057980,-0.624742,-0.328133,0.791977,-1.000000,0.407846,-0.146535
-0.020689,-0.021684,-0.030329,0.009327,-0.005697,0.010825,-0.088322,0.348847,0.195757,-0.810958,0.453323,-0.104490,1.000000,-0.923527
-0.021541,-0.021111,-0.031858,0.008913,-0.005630,0.009565,0.224726,0.380916,0.306273,-0.825727,1.000000,-1.000000,0.220961,-0.539371
-0.022385,-0.020547,-0.033168,0.008324,-0.005222,0.007553,0.488765,-0.100126,-0.040667,-0.290808,-0.162024,-0.973032,-0.394498,-1.000000
-0.023092,-0.020096,-0.034062,0.007720,-0.004616,0.005587,-0.069054,0.250440,-0.283430,-0.518054,0.681442,1.000000,0.062237,0.730411
-0.023730,-0.019723,-0.034464,0.006741,-0.003786,0.002320,-0.018349,0.637535,1.000000,-1.000000,-0.088152,0.553974,0.697894,0.397263
-0.024152,-0.019548,-0.033882,0.005448,-0.002594,-0.003637,-0.164731,0.291372,0.424487,-0.478467,1.000000,-0.177915,-0.200091,1.000000
-0.024455,-0.019438,-0.032302,0.004397,-0.002525,-0.009117,0.441203,0.638573,-1.000000,0.810849,1.000000,-1.000000,-1.000000,1.000000
-0.024643,-0.019276,-0.030351,0.003663,-0.003714,-0.012197,0.264460,-0.388560,-0.727937,-0.211633,1.000000,-0.821872,-0.274511,-1.000000
0.289390,0.140403,0.287965,0.000000,-0.000000,0.000001,0.000000,0.000000,0.000000,0.000000,0.000000,0.000000,0.000000,0.000000
0.289388,0.140387,0.287945,0.000128,-0.000018,0.000125,0.797058,-0.939446,-0.464505,1.000000,-1.000000,-0.854956,-1.000000,-0.057791
0.289353,0.140219,0.287748,0.001339,-0.000123,0.001137,1.000000,-1.000000,-0.511672,1.000000,0.280951,-1.000000,-0.483021,0.262616
0.289232,0.139623,0.287096,0.004853,0.000025,0.004077,0.821975,-1.000000,0.033028,1.000000,-0.367269,-0.846634,0.956835,0.113850
0.288866,0.138199,0.285614,0.011134,0.000839,0.008551,0.735785,-0.806763,0.150088,1.000000,-0.915981,0.618236,0.684928,1.000000
0.288151,0.136080,0.283454,0.019591,0.001852,0.013497,0.469683,-1.000000,-0.099704,1.000000,-0.397824,0.178994,-0.994069,-1.000000
0.287043,0.132507,0.279658,0.029772,0.001398,0.021893,0.829422,-1.000000,-0.241362,1.000000,0.000320,-0.942715,-0.328612,-1.000000
0.286020,0.127242,0.273836,0.040474,-0.000077,0.036399,-0.754462,-1.000000,0.762940,0.696422,-1.000000,-1.000000,1.000000,-0.162807
0.285239,0.119080,0.264648,0.047603,-0.001605,0.052981,-0.280595,-0.486524,-0.258879,0.130851,-1.000000,1.000000,-0.112940,0.210056
0.284673,0.109754,0.254013,0.052212,-0.003211,0.066484,0.477169,-0.765860,1.000000,0.426149,-0.187138,0.273815,1.000000,-0.472398
0.283974,0.095905,0.237916,0.056030,-0.006487,0.080497,-0.236315,-1.000000,0.665996,0.421736,-0.112800,-1.000000,0.262317,0.488948
0.282959,0.082006,0.221772,0.060557,-0.006817,0.093118,-0.129424,0.103230,0.743981,0.544419,0.242857,-1.000000,-1.000000,1.000000
0.281094,0.068120,0.205639,0.067335,-0.006598,0.100823,0.477140,-0.183682,1.000000,-0.065592,0.095802,-0.356231,1.000000,-0.020707
0.277645,0.052486,0.187183,0.076080,-0.008453,0.106457,-0.180468,-0.337997,0.902022,0.563646,0.984601,0.599078,-0.518379,-1.000000
0.272436,0.036769,0.167920,0.086598,-0.012874,0.111220,0.688062,-0.108360,1.000000,-0.512140,1.000000,-0.619255,-1.000000,0.378036
0.265943,0.022958,0.150111,0.096666,-0.017629,0.111262,-1.000000,0.195846,1.000000,-0.392050,-0.210353,-1.000000,0.317638,0.665390
0.257834,0.010560,0.133016,0.106649,-0.022749,0.106849,-0.434596,0.310071,1.000000,-1.000000,-0.511316,-0.625860,-0.186182,-1.000000
0.247363,-0.000954,0.115471,0.117169,-0.029744,0.101236,-0.291877,0.652557,0.854292,-0.900818,1.000000,-0.462374,0.396563,0.578669
0.236270,-0.009507,0.100738,0.128405,-0.034428,0.092099,-0.138260,0.653908,1.000000,-0.579765,-0.157102,0.290857,0.958195,-1.000000
0.222911,-0.016479,0.086633,0.139573,-0.038282,0.081341,-0.440257,0.354297,0.646408,-0.956463,1.000000,-0.494136,-0.625228,-0.286592
0.209560,-0.021024,0.074903,0.149919,-0.043528,0.073315,-0.745628,0.292493,0.630870,-1.000000,-0.414792,1.000000,-0.313039,-0.126442
0.194266,-0.024005,0.063507,0.158272,-0.049506,0.065727,-0.905223,-0.128345,0.871063,-1.000000,0.140150,0.241790,0.452575,-1.000000
0.179665,-0.024926,0.054667,0.164905,-0.053110,0.055219,-0.686581,0.374214,0.243027,-1.000000,0.838627,-0.841846,-0.632297,0.039617
0.161221,-0.023715,0.046141,0.168691,-0.057281,0.042634,-0.998913,0.110581,0.748466,-1.000000,0.384772,-1.000000,0.399302,-0.145891
0.145547,-0.020687,0.041877,0.168596,-0.056986,0.024601,-0.668725,-0.249051,-0.868648,-1.000000,0.062847,-0.903999,1.000000,1.000000
0.131743,-0.016744,0.040454,0.163345,-0.054730,0.008901,-0.479929,0.182442,0.608187,-1.000000,-0.636755,0.116330,-0.433041,-1.000000
0.117499,-0.011611,0.041864,0.157383,-0.050006,-0.008137,-0.946849,-0.705862,0.394314,-1.000000,0.020034,-0.722878,0.063495,-1.000000
0.105157,-0.006491,0.046056,0.148474,-0.042471,-0.026177,-1.000000,-0.673309,-0.834900,-1.000000,-1.000000,-1.000000,0.356061,0.241426
0.092896,-0.001044,0.053107,0.136134,-0.034276,-0.040712,-0.533889,-0.297266,0.250997,-0.893039,-0.107693,-0.730214,1.000000,0.052710
0.082617,0.003582,0.061344,0.122253,-0.026441,-0.051449,-0.854838,-0.911774,-0.628471,-0.530195,-0.458867,-0.663931,1.000000,0.298567
0.072659,0.007971,0.071328,0.107799,-0.019790,-0.057628,0.130317,-0.754593,-1.000000,-1.000000,-0.015010,1.000000,0.405966,0.040797
0.064488,0.011418,0.081020,0.093859,-0.014720,-0.060497,-0.631578,-0.990390,-1.000000,-0.687863,-0.269057,-1.000000,0.812284,0.066734
0.053965,0.015467,0.095329,0.078973,-0.009232,-0.059654,-0.135404,-0.096052,-1.000000,-0.542791,-0.933595,-0.951990,-0.963898,0.856517
0.047961,0.017650,0.104297,0.066069,-0.007961,-0.056079,0.762760,-0.828893,-1.000000,-0.111167,1.000000,-1.000000,0.969735,-0.575431
0.042147,0.019661,0.113397,0.058094,-0.007113,-0.052467,0.736940,-0.490274,-1.000000,0.102297,-1.000000,-0.749993,0.105848,-0.143082
0.037349,0.021228,0.120988,0.051356,-0.006754,-0.047404,-0.399842,-0.338053,-0.853311,-0.129627,1.000000,-0.177745,0.626995,-1.000000
0.032741,0.022640,0.127864,0.045551,-0.006717,-0.039713,-1.000000,-1.000000,-1.000000,0.316757,-1.000000,-1.000000,0.036177,-0.605109
0.028990,0.023704,0.132502,0.040698,-0.007012,-0.029001,0.423034,-0.430901,-1.000000,0.880921,-1.000000,-0.777004,0.118660,1.000000
0.025444,0.024705,0.135244,0.036719,-0.008264,-0.015817,1.000000,-1.000000,-0.964026,0.852821,-0.233696,-0.369668,1.000000,0.632740
0.022670,0.025564,0.135121,0.033132,-0.010345,0.000767,-0.122179,-0.491491,-1.000000,0.182789,-0.128307,-0.029523,0.688090,-0.337261
0.020237,0.026569,0.131789,0.029656,-0.013669,0.019226,-0.189483,-0.511073,-1.000000,-0.198860,-0.940211,-0.658940,0.435529,1.000000
0.018492,0.027627,0.125768,0.026735,-0.017209,0.037651,0.269978,-0.908774,-0.514924,-0.062308,-1.000000,-1.000000,-0.870047,0.023094
0.017083,0.028830,0.116558,0.024151,-0.019211,0.053089,0.079729,-0.250845,0.582925,-0.240641,-0.332415,-0.745957,-0.073723,-1.000000
0.016114,0.029958,0.106283,0.022525,-0.020184,0.064246,-0.675962,-0.468454,-0.820909,-0.865597,-1.000000,-1.000000,1.000000,0.806495
0.015376,0.031260,0.093434,0.021254,-0.021731,0.074153,-0.017787,-0.465467,0.090500,-0.992362,0.383147,1.000000,1.000000,0.442279
0.014910,0.032397,0.080494,0.020508,-0.021263,0.080830,-0.016162,-0.463509,0.836442,-0.924422,1.000000,0.537868,1.000000,-1.000000
0.014623,0.033457,0.066232,0.018937,-0.019344,0.082264,-0.888683,1.000000,0.743491,-0.831825,1.000000,-0.962019,-1.000000,-1.000000
0.014633,0.034355,0.053506,0.015666,-0.017972,0.079565,-0.548408,0.709290,0.925585,-0.427505,0.664753,-1.000000,-0.747543,-0.051318
0.015009,0.035217,0.040454,0.011198,-0.016377,0.075277,-1.000000,0.640838,0.614727,-1.000000,1.000000,0.985357,0.891065,-0.326273
0.015787,0.035835,0.029378,0.005219,-0.013835,0.069252,-0.527066,0.304860,0.631866,-0.787810,1.000000,0.526924,1.000000,0.806925
0.017118,0.036250,0.018798,-0.001628,-0.010548,0.061052,-0.479205,0.467986,1.000000,-0.873348,1.000000,-0.309707,-0.544280,-0.774331
0.018594,0.036265,0.010984,-0.007039,-0.005299,0.048812,0.338501,0.441747,1.000000,-0.262946,1.000000,-1.000000,-0.671477,-0.565941
0.020055,0.035799,0.005046,-0.008658,0.001240,0.034264,-0.455867,-0.011140,1.000000,0.114116,-0.640799,0.500667,0.260622,0.221238
0.021007,0.034930,0.002035,-0.007312,0.008066,0.018819,0.276582,0.279426,0.759570,-0.581410,-0.363828,-1.000000,-1.000000,0.135629
0.021429,0.033552,0.001512,-0.004004,0.014755,0.003016,-0.600324,0.455595,0.638629,0.576260,0.460062,-1.000000,0.265602,-1.000000
0.021209,0.031864,0.003612,-0.000023,0.021793,-0.013134,-0.305326,0.462019,0.520630,-0.240574,1.000000,0.061374,0.312503,0.090133
0.020451,0.029597,0.008620,0.002787,0.028513,-0.028873,-0.684339,-0.029041,0.206075,0.498039,-1.000000,0.268363,1.000000,1.000000
0.019511,0.027200,0.015047,0.004028,0.033374,-0.040159,-0.144603,-0.470084,-0.813262,0.802949,1.000000,-0.133015,-0.046569,0.763946
0.018509,0.024532,0.022662,0.003803,0.034363,-0.043938,0.366385,-0.023445,-1.000000,0.891050,-0.358744,-0.734085,-0.366220,-0.522961
0.017601,0.021895,0.030303,0.003448,0.033804,-0.044117,0.968203,-0.618599,0.058487,0.934110,0.512684,-0.484112,-0.160739,1.000000
0.016767,0.019472,0.037224,0.004206,0.033303,-0.043207,0.204384,-0.576761,-0.969126,1.000000,0.044722,-1.000000,1.000000,0.971296
0.015863,0.017032,0.043950,0.005823,0.033227,-0.042046,-0.030987,-0.369994,-1.000000,0.101784,-0.536560,-0.329173,0.301497,-0.009143
0.014848,0.014405,0.050899,0.007020,0.032624,-0.040089,-0.331883,-0.212651,-1.000000,-0.003765,-0.145475,0.300431,-1.000000,-0.760384
0.013954,0.012045,0.056787,0.007443,0.031349,-0.036818,0.714241,-0.858877,-1.000000,0.412701,0.370773,-1.000000,-1.000000,-1.000000
0.013089,0.009624,0.062202,0.007237,0.029193,-0.031232,0.109359,-0.048890,-0.841301,0.219642,-1.000000,-1.000000,0.820433,-0.948529
0.012403,0.007635,0.065879,0.006832,0.025474,-0.022983,0.300362,-0.294520,-1.000000,0.790783,-1.000000,0.294095,0.842519,-0.227747
0.011789,0.005886,0.067867,0.006223,0.020073,-0.011477,-0.076102,0.153596,-1.000000,0.065531,-0.924030,1.000000,-0.142401,1.000000
0.011388,0.004619,0.067857,0.004771,0.015076,0.000059,-0.381675,0.044651,-0.325399,0.843875,0.281695,1.000000,-0.216257,0.465575
0.011018,0.003499,0.066044,0.004350,0.011589,0.010457,-0.272788,-0.415291,-0.619901,0.449814,1.000000,-0.467374,-0.316446,0.200004
0.010723,0.002623,0.062992,0.003908,0.009175,0.019086,-0.641636,-0.186468,0.143835,-0.351124,0.189150,-1.000000,0.465418,-1.000000
0.010448,0.001840,0.058563,0.003412,0.006958,0.025537,0.188419,-0.117948,-0.386427,0.136802,-0.493557,-0.611332,0.257722,0.897318
0.010242,0.001268,0.053587,0.002787,0.004858,0.031109,-0.257663,-0.493949,-0.322134,-0.325364,0.792445,-0.657654,0.268250,-0.379845
0.010099,0.000782,0.047505,0.001809,0.003194,0.035077,-0.002390,0.218119,0.237419,-0.494330,1.000000,0.071477,-0.478413,-0.506636
0.010015,0.000382,0.041664,0.001158,0.002555,0.036525,0.287883,0.634257,0.625874,-0.456345,1.000000,-0.224419,1.000000,0.149080
0.009947,-0.000029,0.035283,0.000810,0.002311,0.036798,-0.536510,0.492964,-0.842264,-0.752943,-1.000000,-0.364139,-0.567408,-0.487281
0.009935,-0.000370,0.029323,0.000110,0.001838,0.037257,0.073502,0.777297,-0.308463,-0.154885,0.225708,0.449274,-0.928842,-1.000000
0.009976,-0.000684,0.022901,-0.000553,0.001252,0.037041,-0.628896,-0.069884,0.068141,-0.923283,-0.946398,-0.595444,0.576518,0.032781
0.010056,-0.000943,0.017127,-0.001124,0.000926,0.036102,-0.897812,0.278826,0.882853,-0.387681,1.000000,-0.347569,-0.885273,1.000000
0.010186,-0.001180,0.011216,-0.001637,0.000559,0.034105,-0.383257,0.463404,0.730409,0.231219,0.426401,0.484731,1.000000,-1.000000
0.010315,-0.001345,0.006142,-0.001776,0.000030,0.031710,0.745444,0.140397,0.359986,-0.447007,-0.263570,-1.000000,0.496749,-1.000000
0.010449,-0.001489,0.001004,-0.001721,-0.000247,0.029649,0.028806,-0.181199,0.271726,-0.095742,0.176173,-1.000000,-1.000000,1.000000
0.010561,-0.001611,-0.003466,-0.001592,-0.000295,0.027904,-0.124795,0.144955,0.370737,-0.229189,-0.844281,1.000000,0.051673,0.551394
0.010660,-0.001751,-0.007968,-0.001355,-0.000094,0.025999,0.156199,-0.291855,0.461456,-1.000000,0.188155,1.000000,0.260654,-0.828869
0.010754,-0.001928,-0.011725,-0.001371,0.000604,0.023475,-0.635767,-0.185649,0.229768,-0.355146,1.000000,-1.000000,0.048838,0.846666
0.010860,-0.002172,-0.015334,-0.001421,0.001342,0.020827,0.088793,0.142933,0.549510,-0.521905,-1.000000,-0.377592,0.486628,0.928227
0.010971,-0.002452,-0.018137,-0.001553,0.002200,0.017508,0.904317,0.389780,0.178072,-0.702740,1.000000,-1.000000,1.000000,0.198567
0.011149,-0.002794,-0.020580,-0.002157,0.002833,0.014095,-0.099306,0.138090,0.083858,-0.197023,0.305757,-1.000000,-0.690122,-1.000000
0.011364,-0.003115,-0.022446,-0.002767,0.003041,0.011659,0.366363,0.174412,-1.000000,0.168934,0.850752,0.097469,-0.814340,1.000000
0.011667,-0.003428,-0.024316,-0.003535,0.002709,0.010796,0.312984,-0.122932,0.211339,-1.000000,1.000000,0.304045,1.000000,0.619460
0.012058,-0.003693,-0.026021,-0.004871,0.002409,0.010652,0.914689,-0.332650,0.219766,-0.535626,1.000000,-1.000000,0.467457,0.081021
0.012573,-0.004024,-0.027906,-0.005901,0.002851,0.010872,-0.278833,0.591274,0.883160,0.292917,0.867195,-1.000000,-0.996241,-0.924508
0.013020,-0.004401,-0.029344,-0.005545,0.003818,0.008998,0.024553,0.235274,1.000000,-0.269017,1.000000,-0.698711,0.159892,0.023606
0.013351,-0.004954,-0.030133,-0.003756,0.005717,0.004551,0.068653,-0.047199,0.605514,-0.171432,0.034606,0.783254,0.630563,-0.801165
0.013535,-0.005622,-0.030139,-0.002181,0.007947,0.000036,0.453410,0.072378,-0.737587,-0.780275,1.000000,-0.708778,-0.073727,-0.045138
0.013735,-0.006431,-0.029859,-0.002146,0.009029,-0.001616,0.048742,0.238563,-0.098208,0.552800,-0.690896,-0.372793,-0.605657,0.954131
0.013894,-0.007212,-0.029482,-0.001808,0.009491,-0.002354,0.018896,0.144635,0.295229,-0.470941,1.000000,-0.196432,-0.780733,-0.298693
0.014075,-0.008081,-0.028945,-0.001855,0.009809,-0.003097,0.139433,-0.279122,-0.910634,-0.722226,-0.392639,-1.000000,0.840160,0.281909
0.014307,-0.008897,-0.028430,-0.002611,0.009977,-0.003219,-0.208961,-0.132250,-0.410855,0.103447,-1.000000,-1.000000,0.902846,0.631200
0.014614,-0.009766,-0.027847,-0.003191,0.009837,-0.003367,-0.202788,0.841455,-0.248594,-0.300482,0.686531,-0.133202,-0.508228,-0.223845
0.014950,-0.010512,-0.027140,-0.003743,0.009269,-0.004414,-0.092236,0.488792,0.361652,0.055419,0.883475,-1.000000,1.000000,-1.000000
0.015366,-0.011236,-0.026146,-0.004208,0.008470,-0.005736,0.265119,-0.066670,-0.821972,0.105969,0.921699,-1.000000,0.101259,-0.457489
0.015793,-0.011844,-0.025097,-0.004650,0.007847,-0.006558,-0.163193,0.100738,-0.948748,-0.397224,0.016365,1.000000,-1.000000,0.206955
0.016314,-0.012443,-0.023874,-0.005221,0.007249,-0.007054,-0.444789,-0.224106,-0.262494,0.263944,-1.000000,-0.806742,-0.324984,1.000000
0.016831,-0.012951,-0.022694,-0.005614,0.006774,-0.007381,-0.654409,0.307077,1.000000,-0.390257,-1.000000,-0.342310,0.619651,0.207386
0.017417,-0.013445,-0.021307,-0.005818,0.006234,-0.008002,-0.303515,-0.021887,0.070990,0.000005,-1.000000,0.068515,0.728326,-0.535230
0.017970,-0.013853,-0.019933,-0.005893,0.005747,-0.008581,0.244907,0.175766,-0.828891,0.767523,1.000000,-0.269699,-0.051180,-1.000000
0.018576,-0.014236,-0.018341,-0.005903,0.005203,-0.009192,0.727303,0.336001,-0.127102,0.358973,0.839764,-0.567615,1.000000,-0.948790
0.019279,-0.014587,-0.016336,-0.005839,0.004458,-0.010023,-0.749675,0.085802,0.702524,-0.115672,0.068372,-0.031824,-0.156775,1.000000
0.019831,-0.014815,-0.014646,-0.005653,0.003938,-0.010557,-0.082766,-0.412893,-0.420856,0.648679,-0.650311,-0.178286,-1.000000,0.906300
0.020389,-0.015039,-0.012827,-0.005207,0.003707,-0.010498,0.425671,0.214391,-1.000000,0.670972,1.000000,-1.000000,-0.239322,0.149821
0.020853,-0.015229,-0.011191,-0.004612,0.003516,-0.010225,-0.063717,-0.093212,0.110765,-0.073515,-0.607722,-1.000000,1.000000,-1.000000
0.021322,-0.015418,-0.009476,-0.004251,0.003312,-0.009887,0.311980,-0.224360,0.194465,-0.345365,-1.000000,-1.000000,0.648095,-0.445036
0.021723,-0.015589,-0.007995,-0.003924,0.003218,-0.009263,0.723032,-0.332633,-0.380806,0.434669,0.370130,-0.267841,1.000000,-0.433296
0.022087,-0.015799,-0.006640,-0.003278,0.003321,-0.007817,0.494224,-0.031739,-0.272573,-0.001405,-0.456891,0.255036,0.965175,0.281134
0.022328,-0.016031,-0.005657,-0.002283,0.003572,-0.006147,0.031656,0.288604,0.423779,0.574004,0.104151,-1.000000,0.147069,0.515533
0.022402,-0.016342,-0.004922,-0.000407,0.003983,-0.004234,0.435128,0.114411,-0.290250,0.870149,0.763250,-0.055841,-1.000000,0.292836
0.022193,-0.016742,-0.004625,0.002672,0.005011,-0.001858,0.318414,-0.295932,-0.004585,0.494106,-0.276750,1.000000,-0.034806,0.209481
0.021614,-0.017322,-0.004750,0.006296,0.006284,0.000723,0.388746,-0.269105,-0.134496,0.135347,-0.768187,-0.635963,-0.335715,-0.878141
0.020756,-0.017974,-0.005230,0.009902,0.007375,0.003000,-0.518174,0.411990,0.147927,0.657981,0.898667,-1.000000,-0.309195,0.719839
0.019543,-0.018798,-0.005855,0.012937,0.008606,0.003602,-0.495763,0.037089,0.737652,-0.094022,-0.524162,0.146151,0.981739,0.768095
0.018288,-0.019619,-0.006440,0.014525,0.009343,0.003656,0.244876,-0.794888,-0.066971,-0.575828,-0.453641,-1.000000,-0.129608,-0.706915
0.016841,-0.020536,-0.007162,0.015410,0.009621,0.004164,0.440228,0.020041,-1.000000,0.364819,1.000000,-0.755236,-1.000000,-0.766168
0.015440,-0.021401,-0.007913,0.016108,0.009834,0.004698,-0.615503,0.301315,-0.682499,-0.213134,-1.000000,-0.801040,0.669118,0.491076
0.013914,-0.022342,-0.008738,0.016159,0.009900,0.004761,-0.776807,0.065996,0.830900,-0.481328,-1.000000,-0.400734,-0.275953,1.000000
0.012516,-0.023205,-0.009484,0.016024,0.009882,0.004661,-1.000000,0.168406,0.123187,0.260631,1.000000,-0.205565,1.000000,-1.000000
0.011009,-0.024124,-0.010258,0.015927,0.009769,0.004466,1.000000,0.560253,-0.905183,0.197951,1.000000,-0.490090,0.237422,-0.040581
0.009611,-0.024947,-0.010936,0.016042,0.009517,0.004236,-0.306756,0.261295,0.544292,0.410453,-0.205765,-0.533193,-1.000000,-0.091129
0.008083,-0.025805,-0.011625,0.016188,0.009202,0.003975,-0.537021,-0.019026,-0.470352,-0.158273,0.108201,-0.861441,-1.000000,0.928526
0.006669,-0.026578,-0.012238,0.016257,0.009015,0.003832,-0.364825,-0.280619,0.614995,0.377732,-0.233276,-1.000000,1.000000,-0.587406
0.005112,-0.027400,-0.012887,0.016507,0.008886,0.003744,-0.161662,0.137719,1.000000,-0.080358,1.000000,-0.605892,0.888766,0.511055
0.003662,-0.028148,-0.013412,0.016711,0.008799,0.003278,-0.824337,-0.190639,-0.182899,0.003413,-0.463160,1.000000,0.877984,-1.000000
0.002118,-0.028947,-0.013863,0.016542,0.008728,0.002608,-0.218877,-0.311476,0.385913,-0.501225,1.000000,-1.000000,-0.149716,-1.000000
0.000745,-0.029666,-0.014144,0.016031,0.008529,0.001750,-0.500985,0.431550,-0.750788,-0.144996,0.868753,0.027641,0.004209,0.031592
-0.000665,-0.030414,-0.014297,0.015343,0.008224,0.000883,0.104092,0.022967,0.029080,-0.176913,0.892084,-0.843913,1.000000,0.652395
-0.001907,-0.031081,-0.014327,0.014755,0.007940,0.000192,-0.325264,0.174494,-0.332856,-0.055263,0.116957,-0.502426,-0.324459,-0.035905
-0.003190,-0.031781,-0.014254,0.014178,0.007683,-0.000422,-0.021310,-0.159844,-1.000000,0.223194,0.849863,0.353768,-0.980569,0.779415
-0.004423,-0.032463,-0.014126,0.013687,0.007492,-0.000738,0.441211,0.303277,-0.367201,-0.353371,0.089045,-0.294763,1.000000,1.000000
-0.005528,-0.033078,-0.013975,0.013338,0.007291,-0.000944,0.079353,0.114827,0.441376,0.033281,-0.746364,-0.949784,1.000000,0.144980
-0.006605,-0.033676,-0.013778,0.013063,0.007077,-0.001229,-0.712006,0.154357,-0.629094,0.249205,0.683884,0.235233,-1.000000,0.077435
-0.007729,-0.034290,-0.013468,0.012715,0.006672,-0.001791,0.138019,0.569904,-0.390394,-0.255349,0.366302,0.294944,0.734721,0.709038
-0.008732,-0.034793,-0.012986,0.012552,0.005850,-0.003015,-0.362086,0.586876,-0.285472,0.185567,-0.038527,0.390692,1.000000,0.887916
-0.009771,-0.035251,-0.012212,0.012348,0.004800,-0.004459,-0.111116,-0.130900,-0.667839,0.190114,0.547148,-1.000000,-0.689559,1.000000
-0.010680,-0.035620,-0.011358,0.011954,0.004083,-0.005341,-0.027244,0.027274,0.215942,0.517333,1.000000,-0.367600,-0.736672,-0.057106
-0.011629,-0.035980,-0.010270,0.011764,0.003555,-0.006279,-0.699967,0.109374,0.019348,-0.850870,-0.023649,0.730003,0.855495,0.222165
-0.012458,-0.036277,-0.009124,0.011409,0.003038,-0.007160,-0.279847,-0.198907,-0.414255,0.418405,-0.274212,-1.000000,-0.085104,0.039439
-0.013288,-0.036580,-0.007802,0.010774,0.002774,-0.007625,-0.313682,-0.072599,-0.784015,0.895438,-0.190430,-1.000000,-1.000000,-0.664635
-0.014010,-0.036861,-0.006575,0.010283,0.002732,-0.007669,0.149435,-0.338506,0.210628,0.071581,0.274102,-0.697311,1.000000,-1.000000
-0.014782,-0.037164,-0.005269,0.010149,0.002708,-0.007535,0.402999,0.075246,0.382603,-0.356833,-1.000000,0.057038,0.630030,0.276632
-0.015479,-0.037442,-0.004068,0.009205,0.002437,-0.006931,0.584423,0.271866,-0.437633,-0.626750,0.129587,-0.560926,-0.830554,0.441397
-0.016198,-0.037727,-0.002780,0.010362,0.002652,-0.008052,-0.174323,0.167008,-0.744232,-0.279878,1.000000,-0.659437,1.000000,0.238488
-0.016791,-0.037962,-0.001682,0.008601,0.002138,-0.006860,-0.952583,-0.358057,-0.990510,-0.504962,-0.741757,-1.000000,-0.441748,0.295239
-0.017311,-0.038191,-0.000637,0.007093,0.001912,-0.006029,0.552058,0.473728,-0.215376,0.531988,0.262947,-0.457085,-1.000000,1.000000
-0.017712,-0.038389,0.000257,0.006055,0.001783,-0.005588,-0.534336,-0.749135,0.479045,-0.520157,0.139108,-0.488115,1.000000,-1.000000
-0.018080,-0.038595,0.001153,0.005226,0.001716,-0.005167,-0.726793,-0.957788,-1.000000,-0.112849,-1.000000,-0.583439,-0.056227,0.196313
-0.018315,-0.038785,0.001917,0.003905,0.001747,-0.004779,-0.667777,-0.131650,0.085351,0.364829,-0.083492,-1.000000,-0.057242,-0.088238
-0.018475,-0.038995,0.002771,0.002900,0.001762,-0.004925,-0.424564,0.401701,1.000000,-0.494197,-1.000000,-0.615556,1.000000,-0.321392
-0.018555,-0.039210,0.003678,0.002100,0.001793,-0.005236,-0.221893,0.208203,-0.194746,0.107259,-0.713976,1.000000,1.000000,-0.131611
-0.018576,-0.039411,0.004524,0.001492,0.001802,-0.005288,0.453702,0.304614,-1.000000,-0.396781,-0.003460,-0.288322,-0.492364,0.650435
-0.018550,-0.039608,0.005344,0.000901,0.001775,-0.005125,-0.300013,-0.018451,-0.310262,-0.108543,-0.291225,-0.809824,-0.644242,-0.200450
-0.018441,-0.039830,0.006203,-0.000018,0.001893,-0.004950,-0.508133,0.087359,-0.775900,-0.191760,-0.839155,-0.381424,-0.220752,0.780189
-0.018263,-0.040050,0.006959,-0.000998,0.002099,-0.004725,0.345037,-0.644687,0.432927,0.526359,-0.183635,-1.000000,1.000000,1.000000
-0.018040,-0.040292,0.007743,-0.001363,0.002172,-0.004524,-0.479456,-0.051405,0.389587,-0.347310,-1.000000,0.978626,-0.028156,-0.933571
-0.017820,-0.040518,0.008442,-0.001564,0.002216,-0.004371,0.339773,-0.017580,0.280729,-0.503052,0.111596,0.360069,0.017852,0.213608
-0.017569,-0.040759,0.009182,-0.001729,0.002195,-0.004268,-0.502571,0.507808,-0.299455,-0.099050,0.583309,-0.977839,1.000000,0.460412
-0.017319,-0.040975,0.009863,-0.001938,0.002125,-0.004255,-0.165089,0.176107,0.073972,-0.176217,1.000000,0.230521,-0.308994,-0.709711
-0.017020,-0.041203,0.010613,-0.002221,0.002061,-0.004329,-0.416069,-0.226474,-0.786676,-0.102333,0.058124,0.082930,-0.352511,-0.951923
-0.016702,-0.041410,0.011328,-0.002688,0.002013,-0.004468,-0.554384,0.143489,0.294140,-0.143953,0.792001,-1.000000,1.000000,1.000000
-0.016280,-0.041627,0.012182,-0.003415,0.001896,-0.004928,-0.762163,0.352120,-0.265679,0.048083,-1.000000,-0.665283,0.822644,-1.000000
-0.015794,-0.041808,0.013077,-0.004388,0.001605,-0.005593,0.468948,0.665446,-1.000000,-0.307854,1.000000,-1.000000,0.212382,-0.354358
-0.015181,-0.041932,0.014027,-0.005366,0.000843,-0.005480,1.000000,-0.272057,-1.000000,0.624684,-0.476186,-0.211727,0.902027,-0.393120
-0.014532,-0.041952,0.014722,-0.006634,-0.000145,-0.004345,0.344788,0.544247,-0.083959,-0.772113,-0.368251,-0.830843,-0.195829,-0.565871
-0.013757,-0.041903,0.015461,-0.007445,-0.000915,-0.004262,-0.238166,-0.041073,0.761150,-0.519017,0.306261,0.183512,-0.172605,0.258202
-0.013015,-0.041824,0.016222,-0.007638,-0.001326,-0.004757,0.320882,-0.024842,-0.014849,0.097313,0.052305,1.000000,0.218089,-0.900398
-0.012196,-0.041709,0.017100,-0.007732,-0.001661,-0.005067,0.268572,0.133671,-1.000000,0.025810,1.000000,0.252236,-0.382079,-0.587088
-0.011412,-0.041570,0.017931,-0.008040,-0.002033,-0.005190,-0.177763,0.263217,-0.223019,0.220959,-1.000000,-0.287538,-0.282185,-0.021182
-0.010536,-0.041390,0.018857,-0.008292,-0.002334,-0.005345,-0.041437,-0.434087,0.112229,-0.268846,0.500582,-0.571939,0.709632,1.000000
-0.009717,-0.041208,0.019696,-0.008457,-0.002496,-0.005243,-0.227322,-0.110327,-0.090851,0.393351,0.311590,-0.796542,0.650852,1.000000
-0.008831,-0.041000,0.020569,-0.008492,-0.002585,-0.005040,0.861689,-0.207764,0.149646,0.259313,0.883067,-0.144737,-0.469274,0.369531
-0.008038,-0.040807,0.021314,-0.008299,-0.002532,-0.004651,-0.275624,-0.256136,-0.328389,0.547562,0.647317,-0.088097,-0.381263,0.031896
-0.007208,-0.040604,0.022062,-0.008056,-0.002444,-0.004313,0.130417,-0.669962,0.318900,0.030718,-0.570843,-0.455660,-0.323101,0.226748
-0.006469,-0.040422,0.022707,-0.007828,-0.002338,-0.004036,-0.412839,-0.348283,0.330085,0.058234,0.346444,-1.000000,1.000000,-0.566156
-0.005694,-0.040230,0.023363,-0.007600,-0.002250,-0.003783,0.357453,0.280424,-0.121973,0.067558,-1.000000,0.628104,0.774316,0.104188
-0.005009,-0.040057,0.023922,-0.007315,-0.002178,-0.003497,0.337484,0.349066,-0.480752,0.164742,-0.473369,-0.227443,0.661343,-0.073080
-0.004224,-0.039848,0.024536,-0.006733,-0.002085,-0.003065,-0.600502,0.383788,-0.637327,0.910480,0.956296,-0.420161,-0.037803,0.456503
-0.003643,-0.039695,0.024993,-0.005763,-0.001745,-0.002640,-0.330837,0.041889,-1.000000,0.393233,-0.714301,0.188724,-1.000000,1.000000
-0.003170,-0.039594,0.025337,-0.005119,-0.001248,-0.002148,0.476220,-0.936639,-0.028270,0.021438,0.957649,0.459092,0.448124,0.114571
-0.002736,-0.039515,0.025601,-0.004411,-0.000901,-0.001524,0.700516,-0.709179,1.000000,-0.213009,0.176394,-1.000000,0.535627,-0.813096
-0.002408,-0.039465,0.025708,-0.003750,-0.000606,-0.000672,0.252345,0.015501,-0.285700,-0.427669,-0.420441,-1.000000,-0.668019,-1.000000
-0.002111,-0.039430,0.025669,-0.003310,-0.000377,0.000228,0.301802,0.587477,-1.000000,-0.321053,1.000000,0.022263,-0.163470,-1.000000
-0.001857,-0.039412,0.025481,-0.003048,-0.000188,0.001081,-0.351358,-0.171558,-0.445662,-0.822084,-0.796462,1.000000,0.362052,1.000000
-0.001550,-0.039391,0.025173,-0.004115,-0.000223,0.001928,-0.772483,0.368272,-0.386015,0.321322,-0.018412,0.642018,-0.785801,1.000000
-0.001215,-0.039369,0.024811,-0.004523,-0.000243,0.002260,-0.106244,-0.173581,-0.370436,-0.265265,1.000000,-1.000000,1.000000,-1.000000
-0.000807,-0.039335,0.024319,-0.005151,-0.000356,0.002840,0.693220,0.260339,0.023921,0.230239,0.407370,-0.180925,1.000000,0.417141
-0.000417,-0.039288,0.023782,-0.005426,-0.000545,0.003357,0.030336,0.833355,-0.393099,0.056436,1.000000,0.421514,0.260997,0.944050
0.000019,-0.039185,0.023137,-0.005661,-0.001113,0.003718,0.132161,0.576946,-1.000000,0.470216,-0.705932,-0.857487,-1.000000,1.000000
0.000420,-0.039036,0.022566,-0.005616,-0.001781,0.003571,0.437536,0.161296,0.797643,0.580524,1.000000,-1.000000,-0.328216,-0.634168
0.000807,-0.038837,0.022116,-0.004859,-0.002196,0.002599,-0.637335,0.056943,0.255461,-0.293936,0.177347,-1.000000,1.000000,1.000000
0.001149,-0.038625,0.021827,-0.004499,-0.002523,0.001805,-0.262599,-0.602799,0.138943,0.059798,-0.305844,-1.000000,0.391632,-0.074974
0.001507,-0.038384,0.021571,-0.004266,-0.002658,0.001479,-0.460210,0.416283,-0.325557,0.396050,1.000000,-1.000000,0.087166,-1.000000
0.001804,-0.038140,0.021390,-0.003807,-0.002921,0.001129,-0.462402,0.096431,-0.367974,0.479538,0.507746,1.000000,0.359574,-0.481499
0.002051,-0.037852,0.021208,-0.002950,-0.003173,0.001050,0.034688,0.054041,-0.410663,0.473298,-0.110645,0.749213,0.571935,0.376370
-0.445351,-0.189900,-0.659110,0.000001,0.000000,-0.000004,0.000000,0.000000,0.000000,0.000000,0.000000,0.000000,0.000000,0.000000
-0.445349,-0.189922,-0.659095,0.000104,0.000007,-0.000128,-1.000000,0.898196,1.000000,-1.000000,0.909312,-1.000000,1.000000,1.000000
-0.445308,-0.190240,-0.658874,0.000998,0.000103,-0.001275,-0.631725,0.747181,1.000000,-1.000000,1.000000,-1.000000,1.000000,-0.096771
-0.445053,-0.191609,-0.657939,0.003633,0.000741,-0.005838,-1.000000,1.000000,1.000000,-1.000000,1.000000,1.000000,0.805920,-1.000000
-0.444098,-0.195760,-0.655125,0.008316,0.002466,-0.016236,-1.000000,1.000000,0.557089,-1.000000,1.000000,-0.025415,-0.480345,-0.274419
-0.442004,-0.203528,-0.649807,0.014744,0.004473,-0.033239,-0.573113,1.000000,1.000000,-1.000000,1.000000,-1.000000,0.672347,0.108600
-0.434676,-0.225514,-0.634472,0.023705,0.007424,-0.063904,-0.488101,1.000000,-0.093486,-1.000000,0.483515,-0.118850,1.000000,-0.869644
-0.425577,-0.247682,-0.618622,0.031723,0.009689,-0.099104,-1.000000,1.000000,0.398580,-1.000000,1.000000,0.051941,-0.488426,0.703073
-0.410660,-0.277641,-0.596387,0.037448,0.009440,-0.128227,-0.625775,1.000000,-0.757995,-1.000000,1.000000,-0.279954,-0.634023,0.819748
-0.391110,-0.309472,-0.571447,0.040954,0.006424,-0.155830,-1.000000,0.063180,-1.000000,-1.000000,1.000000,-0.083682,-0.060374,-1.000000
-0.362706,-0.346801,-0.540137,0.042630,0.004572,-0.180701,0.443424,0.398278,-1.000000,-1.000000,1.000000,-1.000000,0.561695,0.645783
-0.329388,-0.381915,-0.507834,0.043835,0.001823,-0.201900,-0.566345,0.835863,-0.942204,-1.000000,-0.259817,-0.575112,1.000000,0.080820
-0.285031,-0.418610,-0.469354,0.045100,-0.002647,-0.221973,0.370070,0.840091,-1.000000,-0.277355,0.521069,-0.609025,-1.000000,1.000000
-0.236936,-0.448901,-0.431276,0.046397,-0.008716,-0.237931,0.244716,0.534320,-1.000000,-0.181217,0.521540,-0.330675,-0.619307,0.472665
-0.178590,-0.475470,-0.388237,0.047520,-0.013973,-0.248072,-0.225508,0.052780,-1.000000,-0.158867,-1.000000,-0.259961,0.011902,0.520662
-0.106034,-0.496092,-0.337581,0.048073,-0.015914,-0.253244,0.970954,-0.025745,-1.000000,0.605537,-0.251300,-1.000000,-1.000000,-1.000000
-0.046163,-0.504254,-0.297117,0.046251,-0.015235,-0.253290,-0.383040,-0.300377,-1.000000,0.842327,-0.455217,-1.000000,1.000000,-0.205538
0.017509,-0.504754,-0.254613,0.042538,-0.012714,-0.245144,0.261772,-0.671206,-1.000000,0.812376,-1.000000,0.980248,1.000000,0.407834
0.073068,-0.498304,-0.217430,0.037486,-0.011539,-0.232341,0.449528,0.107123,-1.000000,1.000000,-0.651491,-0.161478,0.622587,-0.024676
0.128725,-0.485091,-0.179574,0.032400,-0.011251,-0.218353,0.510088,0.109633,-1.000000,1.000000,0.228074,-1.000000,-0.249775,0.933061
0.175823,-0.468341,-0.146632,0.027711,-0.010194,-0.206001,1.000000,0.123727,-1.000000,1.000000,-1.000000,-0.349688,-0.564078,0.220070
0.222055,-0.446541,-0.112929,0.025049,-0.006548,-0.194464,0.951030,-0.033629,-1.000000,1.000000,-0.816350,-1.000000,-1.000000,-1.000000
0.259670,-0.424292,-0.083905,0.025269,-0.002086,-0.181411,0.305350,-0.496961,-1.000000,1.000000,-0.022297,-0.610896,0.629279,-0.303779
0.294016,-0.399434,-0.055375,0.028462,0.000977,-0.164577,0.644868,-0.071111,-1.000000,1.000000,-1.000000,-0.049389,0.015349,-1.000000
0.319296,-0.377242,-0.032306,0.034174,0.001734,-0.144184,-0.193707,0.124060,-1.000000,1.000000,0.917745,0.392374,0.993529,-0.492533
0.339863,-0.355361,-0.011184,0.041141,0.001334,-0.121828,0.689470,-0.211231,-1.000000,1.000000,-0.580745,-1.000000,-0.464900,0.321511
0.353033,-0.338037,0.004788,0.050321,0.002026,-0.099849,1.000000,-0.425663,-1.000000,1.000000,0.817896,-0.960561,0.079465,-0.122102
0.360789,-0.323657,0.017586,0.060965,0.000909,-0.073849,0.096326,-0.202462,-1.000000,1.000000,-0.079161,-0.793374,-0.558225,-1.000000
0.362526,-0.314642,0.025248,0.070795,-0.002831,-0.047875,0.590059,0.431549,-0.832429,1.000000,-0.945790,-0.176250,-0.031382,-0.479566
0.358680,-0.309758,0.028725,0.079792,-0.009948,-0.020060,0.152437,0.274726,-1.000000,1.000000,0.396853,-1.000000,1.000000,-1.000000
0.349658,-0.309945,0.027035,0.087768,-0.020387,0.010556,0.692073,-0.335158,-0.583453,1.000000,-0.228399,-0.716913,0.776464,0.596400
0.333937,-0.314733,0.019896,0.095407,-0.032706,0.041192,-0.268766,1.000000,0.307626,0.884646,0.905080,0.515077,0.073784,-1.000000
0.314400,-0.322197,0.008827,0.099871,-0.047051,0.069142,-0.759025,1.000000,0.837279,-0.274890,-0.144716,-1.000000,-0.443137,-0.557390
0.289088,-0.331303,-0.006520,0.103491,-0.062339,0.088540,-1.000000,1.000000,1.000000,0.311757,0.410509,-1.000000,-1.000000,1.000000
0.262956,-0.339041,-0.022648,0.106927,-0.077131,0.100808,-0.575718,0.969905,1.000000,0.644647,1.000000,-0.699633,1.000000,-0.242304
0.233002,-0.345465,-0.041244,0.106733,-0.091785,0.107307,-0.767971,0.533154,0.492582,-0.934747,0.543654,0.207248,1.000000,-0.012023
0.206336,-0.348438,-0.057592,0.102676,-0.101601,0.102194,-0.797196,1.000000,1.000000,-0.984099,1.000000,1.000000,0.156190,-0.649863
0.180864,-0.347788,-0.072682,0.095928,-0.110301,0.087067,-0.661203,1.000000,1.000000,-1.000000,0.910636,-0.560721,-0.112768,0.153653
0.161726,-0.343576,-0.083140,0.090618,-0.118583,0.065333,-1.000000,0.925299,1.000000,-1.000000,1.000000,0.108627,0.716688,0.601041
0.146539,-0.335159,-0.089574,0.090212,-0.127618,0.037110,-0.368330,1.000000,1.000000,-1.000000,1.000000,0.399809,-0.006004,-0.754116
0.137833,-0.323950,-0.090130,0.096704,-0.136564,0.003482,-1.000000,0.865098,1.000000,-0.945298,0.846761,1.000000,0.546222,-0.408820
0.134361,-0.308098,-0.083772,0.108916,-0.143164,-0.036669,-1.000000,0.661285,1.000000,-0.833863,0.815114,-0.705156,-1.000000,-0.910514
0.135891,-0.290205,-0.071324,0.123966,-0.147677,-0.077800,-0.303998,0.477278,0.558289,-0.578922,0.953470,-1.000000,-1.000000,0.452331
0.140857,-0.267925,-0.051626,0.139876,-0.146469,-0.113708,-0.607791,-0.548391,-0.456668,-0.866603,-1.000000,0.524412,0.485855,-0.256510
0.146463,-0.245931,-0.029440,0.151293,-0.137278,-0.138636,0.319780,-0.945472,-1.000000,-0.168130,-1.000000,-0.467646,-0.350610,0.416485
0.151223,-0.222297,-0.003857,0.159502,-0.121794,-0.147623,0.490093,-1.000000,-1.000000,0.282042,-0.788109,-0.251524,0.491956,-0.433261
0.153532,-0.201547,0.019946,0.165172,-0.105132,-0.148760,0.413689,-1.000000,-1.000000,-0.410681,-1.000000,-1.000000,1.000000,-1.000000
0.153770,-0.180578,0.045589,0.170078,-0.087436,-0.147882,0.060584,-1.000000,-1.000000,0.056339,-0.011900,-0.273552,0.925701,0.555000
0.152063,-0.162790,0.068922,0.172896,-0.071933,-0.145868,-0.797064,-1.000000,-1.000000,-0.531345,-1.000000,0.067693,0.444734,0.358257
0.148332,-0.145450,0.093425,0.173593,-0.056739,-0.141345,0.314299,-0.955257,-1.000000,0.098317,-0.982702,-1.000000,0.769256,0.256954
0.143191,-0.131530,0.114588,0.172323,-0.044566,-0.132248,0.065665,-1.000000,-1.000000,0.651494,0.150174,-1.000000,0.292020,-1.000000
0.135906,-0.118968,0.135073,0.169761,-0.033857,-0.118193,0.097982,-0.933914,-1.000000,-0.149163,-1.000000,-0.438071,1.000000,0.191009
0.127798,-0.109735,0.151056,0.165631,-0.026937,-0.099931,-0.212246,-0.750688,-1.000000,0.031396,-1.000000,0.202520,1.000000,0.169033
0.117773,-0.102157,0.164623,0.160183,-0.022337,-0.078227,0.042394,-1.000000,-1.000000,0.051677,0.428555,-0.671118,-0.111388,1.000000
0.107629,-0.097166,0.173425,0.153919,-0.020194,-0.055034,-0.237365,-0.238452,-1.000000,0.319965,1.000000,-0.846498,-0.519764,-0.151270
0.095972,-0.093460,0.179091,0.146917,-0.019499,-0.032689,0.270879,-0.904904,-1.000000,0.192861,-0.594953,-1.000000,-0.143798,0.425578
0.084786,-0.091307,0.180822,0.139162,-0.019402,-0.010815,-0.042261,-0.434737,-1.000000,-0.292674,-1.000000,-0.387981,-0.002955,0.180326
0.072389,-0.089937,0.179028,0.130532,-0.020279,0.010343,-0.727950,-0.700356,-1.000000,-0.805933,-1.000000,-1.000000,1.000000,0.424102
0.060630,-0.089127,0.174037,0.123179,-0.023040,0.031217,-0.014100,-0.316075,-1.000000,-1.000000,-0.624835,-0.744529,0.298435,-0.485280
0.047619,-0.088150,0.165407,0.116051,-0.028411,0.049731,-0.551327,0.041906,-1.000000,-1.000000,-1.000000,-0.932971,1.000000,-1.000000
0.035623,-0.086701,0.154933,0.108070,-0.035361,0.065520,-1.000000,-0.219470,-0.712310,-1.000000,-1.000000,-0.435010,0.033884,0.430427
0.023143,-0.084309,0.141269,0.095904,-0.042209,0.078834,-1.000000,0.297029,-0.990286,-0.523943,0.657698,0.667293,-0.510603,-0.769962
0.012548,-0.081252,0.126995,0.080845,-0.047723,0.089193,-1.000000,-0.222199,-0.582610,-1.000000,-1.000000,0.195127,0.424415,-0.043111
0.002390,-0.076998,0.110003,0.063788,-0.052832,0.098034,-0.478504,-0.080066,0.829028,-1.000000,0.406042,-0.586263,1.000000,0.660556
-0.006059,-0.071980,0.092595,0.046592,-0.055355,0.100511,-1.000000,0.026886,0.895214,-1.000000,0.210884,-0.347013,1.000000,-1.000000
-0.012042,-0.067157,0.077668,0.031115,-0.053058,0.093233,0.220660,1.000000,0.500606,-1.000000,1.000000,-1.000000,0.241982,-1.000000
-0.016350,-0.062515,0.064555,0.018482,-0.048696,0.081967,0.029328,0.523512,1.000000,-1.000000,0.309862,-0.381575,0.909638,-1.000000
-0.019348,-0.057917,0.052582,0.007235,-0.043284,0.069080,0.247460,0.657269,0.662506,-0.532338,1.000000,1.000000,-1.000000,1.000000
-0.020790,-0.054028,0.043360,-0.002709,-0.039350,0.057654,0.204220,0.990677,0.449173,-1.000000,0.764752,-0.165016,-1.000000,0.632484
-0.021068,-0.050051,0.035284,-0.011924,-0.037685,0.046561,-0.192188,0.678814,0.248081,-0.753627,0.503805,-1.000000,-0.065020,0.801296
-0.020281,-0.046490,0.029332,-0.020470,-0.037614,0.037204,-0.205326,-0.922566,0.976376,-0.340486,-0.096190,-0.068257,-1.000000,1.000000
-0.018503,-0.042822,0.024228,-0.027680,-0.036644,0.029434,-0.289846,0.360933,0.806135,-0.655990,0.906578,-1.000000,0.357281,-1.000000
-0.016138,-0.039818,0.021321,-0.032821,-0.033758,0.018179,-0.159954,0.324930,0.897940,0.320701,1.000000,-1.000000,0.669835,-0.698864
-0.013125,-0.037055,0.020340,-0.034441,-0.029796,0.005660,0.574055,0.264236,0.071308,0.031183,-0.425669,0.755056,-0.236812,0.929231
-0.010222,-0.034804,0.020939,-0.033731,-0.027092,-0.003745,1.000000,-0.850866,0.733910,0.078027,0.883048,-0.510404,0.158277,1.000000
-0.007246,-0.032654,0.022906,-0.030345,-0.024322,-0.011350,-0.364000,-0.422743,0.245622,0.987206,0.671474,-0.859914,0.091771,0.227987
-0.004855,-0.030885,0.025773,-0.024980,-0.021829,-0.017927,0.798614,-0.224782,0.927081,0.285035,0.438590,-1.000000,0.014730,0.470295
-0.002766,-0.029192,0.030038,-0.018391,-0.019276,-0.024594,-0.379492,0.078565,-0.173718,0.672812,-1.000000,-0.549766,0.212583,0.142040
-0.001139,-0.027751,0.034610,-0.014367,-0.017594,-0.028571,0.532421,-0.489098,-1.000000,0.618698,-0.390018,-1.000000,-0.627345,-0.173763
0.000439,-0.026213,0.039669,-0.012505,-0.017070,-0.029203,-0.503792,-0.400697,-0.105611,1.000000,-0.439095,-1.000000,1.000000,0.353863
0.001731,-0.024820,0.044358,-0.010785,-0.016469,-0.029305,0.459261,-0.468577,-0.188201,0.007674,-0.869792,-0.603571,0.925921,-1.000000
0.002925,-0.023360,0.049318,-0.008867,-0.015702,-0.028602,0.334992,-1.000000,-0.389490,1.000000,0.093312,-0.320275,1.000000,0.858721
0.003707,-0.022162,0.053545,-0.005626,-0.013784,-0.026424,0.274475,-1.000000,-0.697651,0.785842,0.954417,1.000000,1.000000,-0.234666
0.004065,-0.021103,0.057343,-0.001025,-0.011127,-0.021908,0.758923,-0.068133,0.793591,0.183721,0.058493,-1.000000,-0.011912,0.021914
0.003940,-0.020302,0.060062,0.003631,-0.009118,-0.017001,-0.317393,-0.282752,-0.321578,0.175429,1.000000,-0.196473,-1.000000,-0.322400
0.003387,-0.019577,0.062047,0.007470,-0.007698,-0.011453,0.039032,-0.828722,-1.000000,0.632524,0.542994,-0.035309,-0.519662,-0.112627
0.002481,-0.019074,0.062682,0.011253,-0.005906,-0.003970,-0.325983,-0.873971,-0.098185,0.189290,-0.938372,-0.505045,1.000000,0.017447
0.001128,-0.018788,0.062107,0.014491,-0.003195,0.003317,0.115106,-0.235854,0.082915,0.031090,0.327850,-0.540883,0.953720,0.189279
-0.000404,-0.018755,0.060657,0.017206,-0.000450,0.009061,-0.212020,-0.490898,-0.328319,0.088844,0.699170,-0.883689,1.000000,0.011571
-0.002338,-0.018941,0.058128,0.019620,0.002094,0.014592,-0.599009,-0.596832,-0.318380,0.169678,1.000000,0.024496,-0.104329,-0.889354
-0.004297,-0.019268,0.054983,0.021106,0.004171,0.019661,0.509194,0.387466,0.247736,-0.341943,0.256696,1.000000,0.325199,0.213855
-0.006472,-0.019686,0.051162,0.021352,0.005181,0.022039,-0.709400,-0.077665,0.876369,-0.955634,-1.000000,-0.149962,1.000000,0.152225
-0.008472,-0.020094,0.047436,0.021062,0.005770,0.023283,-0.387811,-0.122377,-0.535924,0.150370,1.000000,-0.603111,-1.000000,0.103340
-0.010630,-0.020529,0.043278,0.020851,0.006015,0.023995,-0.131886,0.255370,-0.987005,-0.408846,-1.000000,-0.547274,1.000000,-1.000000
-0.012610,-0.020896,0.039387,0.020577,0.005939,0.024310,-0.067249,-0.240078,-0.082499,-0.124362,-0.342504,-0.280479,0.924908,-0.617218
-0.014737,-0.021254,0.035136,0.020335,0.005802,0.024536,-0.840461,0.059033,0.022727,0.474411,0.485012,-1.000000,0.198031,0.678540
-0.016669,-0.021534,0.031255,0.019924,0.005496,0.024252,-0.793939,-0.156521,-0.497960,-0.936558,0.386433,-0.863544,-0.404554,-0.955168
-0.018684,-0.021755,0.027243,0.019170,0.004751,0.023143,-0.880944,0.138862,-0.054178,-0.261905,1.000000,0.673065,0.873313,-0.363988
-0.020427,-0.021843,0.023944,0.018091,0.003374,0.020630,-0.765764,0.435028,-0.276598,-0.161178,0.583367,0.350035,1.000000,-1.000000
-0.022162,-0.021769,0.021026,0.016874,0.001247,0.016826,-0.634833,0.717807,-0.343663,-0.348953,0.486977,-0.476103,-0.416201,-0.361313
-0.023617,-0.021526,0.019047,0.015709,-0.001240,0.012372,-0.157340,0.874774,0.016335,-0.028419,-1.000000,0.247046,-1.000000,0.389692
-0.025015,-0.021092,0.017721,0.014375,-0.003691,0.007645,-0.759191,-0.369945,-0.584370,-0.675664,0.207422,0.737295,1.000000,0.887998
-0.026083,-0.020550,0.017254,0.012356,-0.006022,0.002920,-0.211908,0.075361,-0.169029,-0.605439,-0.557789,-1.000000,0.690252,-1.000000
-0.027026,-0.019851,0.017390,0.010447,-0.007794,-0.000780,0.057749,-0.047847,-0.318803,0.702219,0.459903,-0.986872,0.440824,0.519943
-0.027772,-0.019109,0.017833,0.009223,-0.009284,-0.002772,-0.187816,-0.429918,-0.568814,-1.000000,-0.660554,0.696978,0.810172,0.399909
-0.028441,-0.018203,0.018474,0.007770,-0.010572,-0.003696,0.079174,-1.000000,-0.342205,-0.534628,-0.120176,0.243847,-0.176974,0.322011
-0.028919,-0.017278,0.019103,0.006124,-0.011687,-0.003934,-0.463277,-0.277339,-0.120558,-0.268307,-0.936443,-0.603642,-0.316599,0.127414
-0.029296,-0.016205,0.019827,0.004569,-0.012519,-0.004179,0.196632,0.425583,0.031520,0.012339,-1.000000,-1.000000,1.000000,-0.768664
-0.029553,-0.015159,0.020478,0.003459,-0.013156,-0.004063,-0.399659,-0.411981,-0.888352,-0.378091,-0.048453,-0.278679,1.000000,0.342069
-0.029722,-0.013872,0.020953,0.002104,-0.014619,-0.002741,-0.587262,-0.089571,-1.000000,-0.131673,-0.725357,0.270310,-1.000000,-1.000000
-0.029741,-0.012406,0.020896,0.000197,-0.017393,0.000358,-0.382703,0.293138,-1.000000,-0.430158,0.769207,-0.013496,0.502918,-1.000000
-0.029603,-0.010411,0.020115,-0.001847,-0.021121,0.004503,-0.066006,-0.488897,-0.099411,-0.116975,0.529600,-1.000000,0.370762,0.524696
-0.029317,-0.008313,0.018936,-0.003864,-0.023680,0.007369,0.090903,-0.326515,0.329293,-0.917244,-0.491386,-0.583109,-1.000000,0.003274
-0.028798,-0.005917,0.017443,-0.006129,-0.024795,0.008612,-0.382099,-0.393209,-0.632005,-0.003460,-0.340896,-0.344333,-0.320564,-1.000000
-0.028090,-0.003558,0.015694,-0.008802,-0.026209,0.010930,-0.694438,-0.573937,-1.000000,-0.456505,-1.000000,-0.935883,1.000000,1.000000
-0.027017,-0.000803,0.013273,-0.012087,-0.027917,0.013969,-0.324310,-0.015797,0.706031,-0.781289,-1.000000,0.451096,0.869904,0.330183
-0.025720,0.001816,0.010861,-0.015512,-0.028764,0.015086,-0.703623,-0.134882,-1.000000,-0.438580,0.822457,-0.604352,1.000000,-0.660033
-0.023954,0.004757,0.008115,-0.019208,-0.029861,0.015829,0.034449,0.216255,0.373172,-0.406946,1.000000,-0.746098,0.050011,0.927751
-0.022035,0.007491,0.005654,-0.022399,-0.030353,0.015384,-0.501875,0.459221,0.093682,-0.018135,0.016212,-0.021273,-0.535853,-1.000000
-0.019710,0.010410,0.003168,-0.024906,-0.030198,0.014349,0.317366,-0.948561,-0.286494,-0.187455,1.000000,-0.878673,-0.174387,-1.000000
-0.017427,0.013050,0.000963,-0.026297,-0.029784,0.013768,-0.017027,-0.247622,0.320300,0.479501,0.051001,-1.000000,0.830992,0.511247
-0.014880,0.015840,-0.001369,-0.026945,-0.029268,0.013461,0.102760,0.157464,0.936295,-0.773959,-0.293685,0.401007,1.000000,0.772489
-0.012466,0.018352,-0.003463,-0.027498,-0.028742,0.013090,-0.652025,-0.089583,0.332046,0.539760,-1.000000,-0.487559,0.881615,0.618540
-0.009801,0.020994,-0.005673,-0.027896,-0.028100,0.012752,0.021253,-0.544525,0.155807,-0.242511,0.393742,-0.109103,-0.920199,-1.000000
-0.007311,0.023346,-0.007652,-0.028076,-0.027274,0.012371,0.162271,-0.347389,0.664453,-0.078590,0.544414,0.558762,0.199708,-1.000000
-0.004619,0.025747,-0.009616,-0.027991,-0.025889,0.011329,-0.107983,-0.233285,0.837250,0.192352,-0.969811,-0.924703,1.000000,-0.254379
-0.002206,0.027721,-0.010939,-0.027447,-0.023277,0.008264,-0.632371,0.122383,1.000000,0.021453,-0.777250,-0.349542,-0.285257,-0.389020
0.000238,0.029542,-0.011538,-0.026297,-0.019977,0.003461,0.303411,-0.087092,-0.393372,-0.026892,0.244269,-0.977527,0.110901,-1.000000
0.002391,0.031072,-0.011702,-0.025438,-0.018201,0.001019,-0.498174,-0.606763,-0.512163,-0.332113,-0.790549,-1.000000,1.000000,0.402753
0.005021,0.032859,-0.011643,-0.025118,-0.017021,-0.000290,0.136964,0.550367,0.703546,-0.574992,-1.000000,-0.643831,0.741303,0.332352
0.006719,0.033939,-0.011300,-0.024755,-0.015345,-0.002575,0.226340,-0.323278,0.514024,0.162078,1.000000,0.118128,0.887280,0.033733
0.008837,0.035162,-0.010346,-0.024393,-0.013226,-0.005506,-0.979332,-0.338130,0.453101,0.490028,1.000000,-0.076977,-0.217882,-0.183491
0.010666,0.036087,-0.008850,-0.023740,-0.010520,-0.009348,0.250272,-0.678057,0.314574,0.409631,1.000000,-0.062708,0.139821,-1.000000
0.012707,0.036897,-0.005997,-0.022512,-0.006814,-0.014257,-0.034728,-0.321167,0.900010,0.501269,0.194339,-0.780447,1.000000,0.334606
0.013896,0.037124,-0.003290,-0.021499,-0.001723,-0.020313,0.057083,-0.791256,0.394301,0.061243,0.707569,0.479406,0.992097,1.000000
0.015538,0.036979,0.001615,-0.021095,0.003378,-0.024520,0.126799,-0.750860,-0.142819,0.329649,1.000000,0.468133,0.338729,0.164159
0.016563,0.036594,0.005094,-0.020440,0.007891,-0.026106,0.200176,-0.582042,0.312068,1.000000,0.142612,-1.000000,0.013071,0.503441
0.017946,0.035602,0.010207,-0.018789,0.011941,-0.025566,-0.482701,-0.419707,-0.726699,0.618262,0.334028,-0.141974,-0.213426,0.163108
0.018820,0.034733,0.013196,-0.017271,0.014802,-0.022419,0.767850,-0.539629,-0.792462,0.351656,0.532871,1.000000,0.715849,-0.936925
0.020143,0.033147,0.016580,-0.016125,0.016987,-0.016918,0.127540,-0.733509,-0.870928,0.283988,-0.460519,-1.000000,1.000000,-1.000000
0.021219,0.031433,0.018214,-0.013700,0.019967,-0.009424,-0.146129,-0.246632,-0.079257,1.000000,-1.000000,-1.000000,-0.579220,1.000000
0.021991,0.029514,0.018603,-0.009637,0.023151,-0.002430,-0.246875,-0.648228,-0.327044,0.575299,0.622343,0.926823,1.000000,0.006382
0.022528,0.027063,0.017403,-0.004685,0.026030,0.006922,0.300495,-0.644241,-0.327861,0.665271,0.114938,-1.000000,1.000000,-0.771157
0.022613,0.024512,0.014424,0.001985,0.027837,0.018615,-0.196944,-0.276965,0.493323,0.743890,-0.839273,-1.000000,-0.432968,-0.645752
0.022222,0.021599,0.009208,0.008688,0.027907,0.030100,-0.075743,-0.040873,0.086368,-0.252823,-1.000000,-0.386974,0.384696,-0.606701
0.021549,0.018855,0.003116,0.012874,0.027549,0.038065,0.029437,-0.202922,0.333393,-0.141958,-0.612516,0.924779,1.000000,1.000000
0.020560,0.015883,-0.004242,0.015599,0.027141,0.042454,-0.064870,0.564004,0.350926,-0.146104,-0.923610,0.118346,1.000000,-0.282000
0.019436,0.013197,-0.011227,0.017472,0.026551,0.043649,-0.749013,1.000000,0.892460,-0.256809,-0.506154,-0.593261,-0.115253,-0.017509
0.018027,0.010299,-0.018540,0.018752,0.026905,0.042191,-0.194381,0.543551,0.611446,-0.608278,0.782628,1.000000,0.094539,-0.931699
0.016589,0.007654,-0.025003,0.019566,0.027099,0.040390,0.205618,0.635455,-1.000000,-0.232504,-0.095735,0.439900,-0.486474,-0.589926
0.014896,0.004887,-0.031761,0.020352,0.026527,0.038997,-0.643688,0.528852,0.599074,-0.834444,-0.192605,0.006941,-1.000000,1.000000
0.013162,0.002406,-0.037532,0.021675,0.026317,0.036073,-0.043089,0.614807,0.773357,-0.790433,-0.347849,-0.010626,0.550620,0.774852
0.011067,-0.000183,-0.043029,0.023451,0.025942,0.031707,0.224218,0.626682,-0.759192,-0.772826,0.757701,-1.000000,0.476392,-0.910694
0.008931,-0.002366,-0.047155,0.025397,0.024289,0.025794,-0.426045,0.950697,-0.234845,-0.478741,1.000000,-0.673445,-0.930176,-1.000000
0.006398,-0.004481,-0.050129,0.027584,0.022320,0.017159,-0.624501,0.278863,0.527477,-1.000000,-0.438069,0.429293,-0.354888,-0.549372
0.003946,-0.006332,-0.051513,0.028948,0.021704,0.008650,-0.787109,0.067472,-0.182521,-0.286569,1.000000,0.041757,0.644443,1.000000
0.001314,-0.008308,-0.051803,0.028870,0.021680,0.001672,-0.453756,-0.040004,-1.000000,-0.628470,0.756646,-1.000000,0.392435,-0.298606
-0.000980,-0.010168,-0.051127,0.027525,0.022181,-0.004226,0.001509,-0.420676,-1.000000,-0.256096,1.000000,-1.000000,0.320889,-1.000000
-0.003287,-0.012230,-0.049512,0.025900,0.022597,-0.009314,-0.234495,0.888741,-0.830037,-0.559405,-1.000000,-1.000000,0.160527,-1.000000
-0.005203,-0.014201,-0.046786,0.024074,0.023142,-0.017043,-0.944399,0.460533,0.492777,-1.000000,-1.000000,-0.029547,0.356493,0.996093
-0.006878,-0.016526,-0.042147,0.020676,0.024726,-0.026758,-0.167633,-0.033521,-1.000000,-0.899123,0.030287,0.012023,-0.061920,0.930100
-0.008046,-0.018764,-0.036753,0.017248,0.025276,-0.033703,0.787013,0.255361,-1.000000,0.428457,0.036547,-1.000000,0.404069,-1.000000
-0.009035,-0.021041,-0.030490,0.014939,0.023320,-0.036124,-0.151178,0.328889,-1.000000,-0.200303,-0.340372,-1.000000,0.066895,-1.000000
-0.009697,-0.022891,-0.024719,0.012443,0.020128,-0.036092,0.094731,0.129861,-0.402915,0.288572,-0.352447,0.175571,-1.000000,1.000000
-0.010202,-0.024631,-0.018721,0.010308,0.017152,-0.034604,-0.746539,-0.239253,0.073354,0.980359,0.415879,-0.650006,0.089348,-0.311558
-0.010485,-0.026039,-0.013555,0.008142,0.014821,-0.032279,-0.371604,-0.349795,-0.750950,0.278292,-0.391632,-0.844492,0.826346,-1.000000
-0.010589,-0.027304,-0.008698,0.005523,0.012185,-0.028018,-0.337569,-0.374253,-0.555490,0.915227,-0.919857,-1.000000,1.000000,-0.481130
-0.010541,-0.028143,-0.005211,0.002994,0.008620,-0.021790,0.273014,-0.255920,-0.934238,0.272272,-0.972135,-0.600107,0.408077,-1.000000
-0.010409,-0.028490,-0.003049,0.000651,0.003030,-0.012476,-0.094439,-0.611850,-1.000000,0.925477,-0.185301,0.833669,0.969784,-0.251523
-0.010250,-0.028141,-0.002966,-0.001797,-0.004181,-0.000522,-0.512869,-0.512517,-0.793979,-0.245880,-1.000000,1.000000,-0.019845,-0.736737
-0.009994,-0.027157,-0.004699,-0.004493,-0.010200,0.009999,-0.426346,-0.167943,0.202919,0.020446,0.721002,-1.000000,0.982767,-0.217640
-0.009739,-0.025912,-0.007343,-0.005718,-0.013810,0.016514,-0.596743,0.277787,0.734291,0.782986,0.058717,-0.090440,0.841691,0.085084
-0.009504,-0.024354,-0.010914,-0.005777,-0.015915,0.020614,0.419134,-0.138303,0.760442,0.520541,-0.909988,-0.181800,-0.788563,-1.000000
-0.009358,-0.022733,-0.014824,-0.005286,-0.017891,0.024451,-0.363255,-0.356096,0.928498,0.423846,1.000000,1.000000,0.512630,-0.049084
-0.009238,-0.020885,-0.019476,-0.004959,-0.018765,0.026822,0.013500,-0.716823,1.000000,-1.000000,0.132009,-1.000000,1.000000,0.063477
-0.009092,-0.019273,-0.023696,-0.005021,-0.017711,0.026368,0.412675,-0.056579,1.000000,-0.010457,-0.326834,-1.000000,-0.309194,0.674411
-0.008892,-0.017760,-0.027798,-0.004923,-0.015323,0.023667,-0.425308,0.145228,0.575378,-0.535929,1.000000,0.228152,0.545405,-0.745248
-0.008641,-0.016653,-0.030936,-0.005068,-0.012131,0.019616,-0.543067,0.107244,0.432644,-1.000000,0.229404,-0.749229,0.550289,-0.287719
-0.008304,-0.015785,-0.033554,-0.005202,-0.008744,0.015104,0.586247,0.864314,0.255350,0.306299,0.679654,0.611268,-0.498978,-1.000000
-0.007991,-0.015327,-0.035058,-0.004612,-0.004991,0.009405,-0.353370,0.524839,0.877253,0.159599,0.866188,-1.000000,0.152338,-1.000000
-0.007743,-0.015382,-0.035062,-0.002734,0.000605,0.000023,-0.241601,-0.035016,1.000000,-0.242948,0.032198,-0.474204,-0.761549,0.140571
-0.007681,-0.016012,-0.033285,0.000286,0.006989,-0.011106,-0.433388,-0.139445,0.077694,0.387171,0.703343,-0.789907,-0.200572,-1.000000
-0.007748,-0.017158,-0.029895,0.002616,0.011704,-0.019562,-0.565354,-0.246873,-0.089603,0.061182,-1.000000,0.220543,1.000000,0.652491
-0.007804,-0.018463,-0.026000,0.003181,0.014431,-0.024344,-0.527756,-0.843164,-0.713201,0.067453,-1.000000,-0.479279,1.000000,0.196189
-0.007801,-0.019968,-0.021508,0.002829,0.015342,-0.025905,0.447932,0.051598,-0.149873,0.074188,-0.626484,-0.614296,0.873630,0.004041
-0.007753,-0.021374,-0.017315,0.002570,0.015535,-0.026206,0.311074,-0.091700,-0.558907,0.379674,-0.288911,0.326435,1.000000,-0.376906
-0.007666,-0.022868,-0.012849,0.002350,0.015246,-0.025778,-0.343851,-0.154396,-1.000000,-0.060376,0.491655,0.689924,-1.000000,0.731044
-0.007558,-0.024211,-0.008816,0.002167,0.014858,-0.025204,0.247566,0.082926,-0.220340,0.270151,-0.445386,-0.781968,-0.225357,1.000000
-0.007416,-0.025628,-0.004543,0.002018,0.014487,-0.024656,0.080402,0.195657,0.111419,-0.198511,0.127949,-0.889082,1.000000,-0.228105
-0.007259,-0.026896,-0.000664,0.001854,0.014036,-0.024236,-0.066618,1.000000,-1.000000,0.108226,0.839342,-0.118970,-0.302967,0.174020
-0.007058,-0.028194,0.003462,0.001636,0.013255,-0.023809,0.663492,-0.111398,-0.658217,-0.434140,0.257823,1.000000,-1.000000,0.423764
-0.006842,-0.029278,0.007056,0.001217,0.011976,-0.022455,-0.305665,0.307128,-1.000000,0.922530,0.550267,-1.000000,-0.669234,0.285720
-0.006568,-0.030225,0.010407,0.000380,0.009630,-0.019340,-0.132953,0.290940,-1.000000,0.494902,0.370596,-0.112620,-0.939960,0.352784
-0.006290,-0.030880,0.012890,-0.000498,0.007192,-0.015496,0.315240,-0.382390,0.314752,0.312955,-0.130586,-0.476852,-0.254054,-0.923922
-0.006014,-0.031433,0.015021,-0.000753,0.005632,-0.012309,0.309163,-0.230119,-0.562999,0.216003,1.000000,0.107173,0.603269,0.610212
-0.005794,-0.031749,0.016271,-0.001155,0.003475,-0.007815,-0.194578,-0.304348,-1.000000,0.181131,-0.186090,-0.554718,1.000000,-1.000000
-0.005587,-0.031761,0.016465,-0.002060,0.000097,-0.001120,0.250878,0.256953,-0.719428,0.463302,0.476306,0.224317,-0.859189,-0.433332
-0.005520,-0.031500,0.015584,-0.001842,-0.002924,0.005509,-0.021556,-0.210417,0.813129,0.943145,0.204637,-0.517075,0.570169,1.000000
-0.005751,-0.031100,0.013964,0.000778,-0.004083,0.009345,-1.000000,-0.136043,0.692256,0.219500,-0.772759,0.139458,-0.049476,1.000000
-0.006254,-0.030688,0.012062,0.003772,-0.004489,0.011888,0.201039,-0.580005,-0.060701,0.437395,0.035360,-1.000000,0.450897,-0.266922
-0.007124,-0.030145,0.009441,0.006789,-0.005383,0.015120,0.026886,-0.181706,-0.500891,0.219358,0.028249,-1.000000,1.000000,-0.335162
0.444875,0.294797,-0.734082,0.000000,0.000000,-0.000001,0.000000,0.000000,0.000000,0.000000,0.000000,0.000000,0.000000,0.000000
0.444864,0.294808,-0.734074,0.000047,0.000010,-0.000065,-0.501380,-0.073538,1.000000,-0.413369,1.000000,-0.330164,1.000000,-1.000000
0.444690,0.294968,-0.733947,0.000626,0.000185,-0.000728,-0.504839,0.252670,1.000000,-0.327924,0.197690,0.257424,0.320174,-0.390849
0.443968,0.295619,-0.733416,0.002731,0.001086,-0.003325,-0.765942,0.968369,1.000000,0.598413,1.000000,1.000000,0.836153,-1.000000
0.441781,0.297534,-0.731791,0.007381,0.003799,-0.009357,0.185656,0.786517,1.000000,0.006766,1.000000,0.451895,0.562821,0.064187
0.437692,0.301016,-0.728759,0.014713,0.008498,-0.018972,0.021355,0.042407,1.000000,-0.165227,1.000000,-0.124573,0.062136,1.000000
0.430283,0.307147,-0.723381,0.024846,0.013423,-0.031042,-0.544255,0.686679,1.000000,-0.165436,1.000000,-0.502687,-0.140974,-0.469899
0.419915,0.315430,-0.716049,0.037880,0.018411,-0.045841,-0.803316,0.595141,1.000000,-0.535112,1.000000,-0.217846,0.128607,-1.000000
0.404112,0.327390,-0.705190,0.052708,0.023935,-0.062622,-0.112964,0.445169,1.000000,0.222781,1.000000,1.000000,-0.178798,-0.095271
0.385094,0.340602,-0.692582,0.068299,0.030151,-0.078785,-0.563251,0.190012,1.000000,0.728119,-0.004756,0.222668,0.468484,-0.078003
0.359261,0.356793,-0.675900,0.082007,0.038613,-0.096247,-0.563548,-0.220169,1.000000,-0.089227,0.750528,-0.258588,0.117743,1.000000
0.330261,0.372857,-0.657567,0.093659,0.047939,-0.114614,-0.431760,0.300729,1.000000,-0.217290,1.000000,0.533629,0.440218,-0.474029
0.292852,0.390482,-0.634301,0.102082,0.060343,-0.134086,-0.372683,-0.117612,1.000000,0.269839,0.079335,1.000000,0.985332,-0.450478
0.252766,0.405703,-0.609660,0.107393,0.074568,-0.154168,0.547094,-0.438688,1.000000,0.183535,1.000000,-0.995040,0.623585,-0.730684
0.203770,0.419418,-0.579835,0.109054,0.089555,-0.171970,0.895250,-0.496247,1.000000,0.377019,0.995120,-0.366341,-0.786784,0.372625
0.154094,0.428185,-0.549846,0.111020,0.101815,-0.187644,-0.170397,-0.730884,0.895185,-1.000000,0.934945,-0.224783,-0.247357,-0.038200
0.096584,0.432203,-0.515226,0.111193,0.111808,-0.199658,0.776028,-1.000000,-0.555045,-0.183619,-0.383059,-1.000000,-0.186151,0.355866
0.042022,0.429965,-0.482132,0.109335,0.118185,-0.206828,0.428584,-1.000000,-0.753426,0.056933,0.777480,-0.714381,0.174913,0.558157
-0.015308,0.420909,-0.446530,0.099761,0.121541,-0.205411,0.405994,-1.000000,-1.000000,0.062237,0.256340,0.438074,0.034529,0.907592
-0.064178,0.407225,-0.414961,0.086473,0.120160,-0.197173,0.281058,-1.000000,-1.000000,-0.069538,-0.811640,0.093997,0.490632,-1.000000
-0.111707,0.387910,-0.382489,0.070299,0.117249,-0.187474,-0.292331,-1.000000,-0.981926,0.050358,-0.903652,0.293232,1.000000,-0.220368
-0.150354,0.367033,-0.354115,0.054232,0.111763,-0.177245,-0.341613,-1.000000,-1.000000,-0.887724,-1.000000,-0.056518,0.325283,-0.359798
-0.186166,0.342324,-0.325428,0.037264,0.106495,-0.165566,0.449262,-1.000000,-1.000000,-0.443754,0.651389,-0.924421,0.926852,0.435733
-0.213293,0.318810,-0.301344,0.021231,0.100724,-0.150496,0.087041,-0.905995,-1.000000,0.052005,-0.307620,-0.444510,0.225050,0.483690
-0.236106,0.294026,-0.278500,0.005506,0.095279,-0.131824,0.999231,-0.763788,-1.000000,-1.000000,-0.442016,-0.959177,0.553163,-0.390349
-0.251211,0.273090,-0.261026,-0.007993,0.089708,-0.109149,-0.285427,-1.000000,-1.000000,0.560153,-1.000000,-0.955519,1.000000,1.000000
-0.261668,0.253562,-0.246274,-0.021163,0.083523,-0.085152,-0.467856,-0.924594,-1.000000,-0.995794,-1.000000,0.542896,-0.487236,-0.168611
-0.266647,0.238706,-0.236200,-0.034681,0.076747,-0.062947,-0.158959,-0.820977,-0.166710,-0.863144,1.000000,0.296511,1.000000,0.928078
-0.267764,0.226113,-0.228894,-0.047158,0.070454,-0.042154,0.655371,-1.000000,-1.000000,-0.358091,0.422402,-1.000000,1.000000,0.321007
-0.265133,0.218019,-0.225810,-0.057238,0.065325,-0.019271,-0.668342,-1.000000,-0.680929,-0.301840,1.000000,-0.761978,0.467452,-0.562695
-0.258965,0.212517,-0.226043,-0.066053,0.062624,0.001345,-0.301844,0.074025,0.086946,-1.000000,-0.154552,0.640212,0.622909,-0.270362
-0.251106,0.209143,-0.228441,-0.074406,0.063311,0.014986,-0.111397,-0.168893,1.000000,-0.630278,1.000000,-0.525857,0.289711,-1.000000
-0.241075,0.206113,-0.232317,-0.082041,0.066725,0.022361,-0.032973,-0.138262,0.000887,-1.000000,1.000000,0.248462,-0.168162,1.000000
-0.230871,0.203370,-0.236467,-0.089206,0.069834,0.025926,-0.646113,-0.045850,1.000000,-0.441240,0.642745,-0.521134,0.424264,-0.054318
-0.219384,0.200007,-0.241032,-0.093929,0.073126,0.026341,-0.214771,0.454396,1.000000,-0.371848,1.000000,-1.000000,0.945047,-0.671374
-0.208863,0.196219,-0.244788,-0.096995,0.075759,0.023482,-0.070847,0.345661,1.000000,-0.674266,1.000000,0.187620,-0.392841,0.151160
-0.197874,0.191067,-0.247826,-0.100057,0.078405,0.017523,0.292203,0.656577,0.346554,-1.000000,1.000000,0.799824,-0.335379,-0.265443
-0.188277,0.185155,-0.249323,-0.103531,0.081434,0.009352,0.456425,0.809326,0.614379,-0.412884,0.341608,-0.559890,-0.644293,-0.010698
-0.178607,0.177418,-0.249263,-0.106684,0.084659,-0.000346,-0.004399,0.783586,0.671365,-0.929798,0.606266,-0.132783,-0.935636,-0.173782
-0.169758,0.168252,-0.247176,-0.109997,0.087835,-0.012042,-0.256308,-0.322072,0.222144,-0.275038,1.000000,-0.575131,0.372794,-0.001746
-0.162168,0.158851,-0.243682,-0.112189,0.089577,-0.021831,0.766631,0.135710,0.610241,0.083886,-0.312288,-0.980030,-0.417695,-0.178758
-0.155274,0.148619,-0.238645,-0.111743,0.091018,-0.031477,0.525316,0.533108,1.000000,0.032332,1.000000,-1.000000,-0.155271,-0.488260
-0.148772,0.136592,-0.231261,-0.108869,0.092138,-0.042598,-0.370981,-0.074040,0.627632,0.426795,0.903080,-0.306328,1.000000,-1.000000
-0.143447,0.124793,-0.222791,-0.105964,0.092720,-0.052904,1.000000,0.402433,0.121084,0.025869,1.000000,1.000000,0.634454,1.000000
-0.137813,0.111803,-0.212518,-0.105413,0.091230,-0.059312,-0.016052,0.164325,-0.457315,1.000000,0.146729,0.235515,0.885004,-0.007106
-0.132278,0.100245,-0.202811,-0.105575,0.086838,-0.060588,0.020842,-0.009351,-1.000000,1.000000,0.033306,-1.000000,-0.161830,0.737770
-0.125711,0.088568,-0.192666,-0.106661,0.081530,-0.058599,1.000000,0.067873,-0.648925,1.000000,1.000000,0.749023,-1.000000,1.000000
-0.118557,0.077841,-0.183290,-0.106691,0.076783,-0.054098,0.135959,-0.232226,-0.627589,0.376758,-1.000000,1.000000,0.849385,-0.267643
-0.111598,0.068784,-0.175404,-0.105348,0.072569,-0.049276,-0.329108,-0.524089,0.739319,1.000000,1.000000,-1.000000,0.174018,0.143789
-0.104547,0.060471,-0.168330,-0.101805,0.069233,-0.044215,0.790786,0.039464,-0.326606,1.000000,0.052808,-0.651625,-0.154915,0.283738
-0.097048,0.052251,-0.162000,-0.095392,0.067346,-0.036517,0.531224,0.296325,-0.279944,1.000000,-0.310555,-0.266777,0.996428,-0.163280
-0.090492,0.045526,-0.157962,-0.085810,0.065331,-0.025228,-0.161605,-0.082105,0.596736,1.000000,-0.542915,1.000000,-0.359085,-0.814845
-0.084000,0.039260,-0.156069,-0.074328,0.062960,-0.010928,1.000000,0.200885,0.177011,0.679538,0.669827,0.508519,-0.592213,-0.081846
-0.078668,0.034318,-0.156700,-0.062552,0.060813,0.003947,-1.000000,-0.099746,0.932137,0.285749,-1.000000,-1.000000,0.848670,-0.726210
-0.073663,0.029607,-0.159131,-0.052094,0.058368,0.014026,0.360722,1.000000,0.156616,-0.350439,-0.154782,-0.373376,-0.940311,1.000000
-0.069798,0.025637,-0.162360,-0.042364,0.056105,0.020166,-0.124029,1.000000,0.111657,1.000000,-0.201110,-1.000000,0.753031,-0.219296
-0.066568,0.021977,-0.167180,-0.031153,0.051825,0.027818,0.736398,0.015351,-0.188777,0.629662,0.325045,-0.658512,0.024405,-0.142086
-0.064462,0.019138,-0.172884,-0.020269,0.047961,0.035662,-0.469262,-0.014528,1.000000,-0.089502,0.244348,0.765430,-0.088190,0.370144
-0.063063,0.016215,-0.179029,-0.011185,0.045779,0.035463,-1.000000,1.000000,1.000000,-1.000000,0.655153,0.553170,1.000000,-0.231313
-0.062590,0.013257,-0.183117,-0.003083,0.044822,0.025542,-0.118228,0.669741,0.922962,-0.536741,1.000000,-1.000000,0.240801,-1.000000
-0.063068,0.009496,-0.184616,0.005948,0.044562,0.008644,-0.381600,0.756045,1.000000,-0.443881,1.000000,-1.000000,-1.000000,-0.142169
-0.064457,0.005533,-0.182638,0.015850,0.042514,-0.012364,-0.004283,1.000000,0.315443,-0.460672,0.505139,-0.617026,-0.695305,-0.016928
-0.066622,0.000949,-0.177059,0.022842,0.037960,-0.032196,0.022826,0.183507,-0.486304,-0.357378,1.000000,-0.665758,0.880638,-1.000000
-0.068744,-0.003353,-0.169605,0.025196,0.032627,-0.046563,0.354766,0.453650,-0.662547,-0.420146,0.016488,-0.524914,-0.695614,0.560603
-0.070902,-0.007931,-0.159691,0.025227,0.026796,-0.057188,-0.101466,0.198121,-1.000000,-0.737286,0.135051,1.000000,0.039250,1.000000
-0.072671,-0.012097,-0.149120,0.024628,0.021590,-0.065991,-0.765857,0.304546,-0.762016,-1.000000,-0.140016,-0.507374,1.000000,-0.857229
-0.074194,-0.016617,-0.136465,0.022693,0.018075,-0.073135,-0.141112,-0.428621,-0.480887,-0.867698,1.000000,-0.981547,0.780147,1.000000
-0.075196,-0.020813,-0.124139,0.020232,0.015890,-0.076999,-0.050403,0.213121,-1.000000,0.335657,-0.347871,0.404177,1.000000,-1.000000
-0.075892,-0.025277,-0.110435,0.018263,0.013709,-0.079056,0.485954,0.156311,-1.000000,0.076682,1.000000,-1.000000,-1.000000,-1.000000
-0.076155,-0.029201,-0.097923,0.015652,0.011438,-0.078203,-0.948354,-0.485965,-1.000000,0.829332,-0.198334,-1.000000,-0.353244,0.341125
-0.075972,-0.033138,-0.084970,0.011739,0.009482,-0.074723,-0.545565,0.079408,-1.000000,0.587575,-0.968419,-0.722591,-0.397832,1.000000
-0.075343,-0.036420,-0.073743,0.006983,0.007423,-0.070187,-0.095241,-0.398408,-0.469227,0.146881,-1.000000,-1.000000,0.840331,-0.656501
-0.074244,-0.039469,-0.062611,0.002422,0.004810,-0.064205,-0.144105,-0.093979,-0.735657,0.263495,-1.000000,-1.000000,0.611149,-1.000000
-0.072929,-0.041618,-0.053658,-0.002089,0.000902,-0.055942,0.172333,-0.488688,-1.000000,0.948675,-0.617626,0.827774,0.543542,-1.000000
-0.071314,-0.042965,-0.045869,-0.006317,-0.004670,-0.044941,-0.230215,-0.747865,-0.792714,-0.018187,-1.000000,-1.000000,1.000000,0.414989
-0.069758,-0.043240,-0.040527,-0.009826,-0.010897,-0.033391,0.480787,-0.086337,-0.398304,0.156597,0.403763,-0.759153,0.678745,1.000000
-0.068100,-0.042459,-0.036843,-0.012669,-0.017423,-0.021257,0.749909,-0.185315,-1.000000,0.870317,0.874926,-1.000000,-0.075023,-1.000000
-0.066576,-0.040751,-0.035511,-0.016024,-0.023720,-0.008326,0.278175,0.115103,-0.371285,-0.128422,0.974201,-1.000000,-0.178700,0.412184
-0.064822,-0.038074,-0.035872,-0.019778,-0.028594,0.002083,-0.795888,0.007923,-0.249075,-0.535099,-0.081785,0.419764,0.733058,-0.096791
-0.063101,-0.034994,-0.037515,-0.022816,-0.032669,0.010270,0.460267,-0.045000,-0.132575,-0.132082,-0.597776,0.941233,1.000000,-0.403408
-0.061155,-0.031331,-0.040087,-0.024476,-0.034644,0.014836,0.284717,-0.541198,1.000000,-1.000000,1.000000,0.076406,-0.077192,-0.203106
-0.059300,-0.027946,-0.042619,-0.025020,-0.034493,0.015826,-0.588571,-0.014900,0.137383,-0.981152,1.000000,0.802605,-0.212737,1.000000
-0.057218,-0.024361,-0.045332,-0.025475,-0.033837,0.015658,0.086270,0.559150,0.341294,-0.438487,0.525748,-0.477747,-0.189468,-1.000000
-0.055238,-0.021155,-0.047744,-0.025740,-0.032985,0.015065,-0.236093,-0.567624,0.785673,-0.002354,0.251567,0.810124,1.000000,-1.000000
-0.053049,-0.017789,-0.050266,-0.025880,-0.032177,0.014553,0.455446,-0.203150,0.603807,-0.076481,-0.532889,1.000000,-0.115968,1.000000
-0.051013,-0.014801,-0.052448,-0.025676,-0.031230,0.013637,-1.000000,0.015452,1.000000,-0.570476,-1.000000,-0.530510,-0.069169,-0.366622
-0.048861,-0.011760,-0.054424,-0.024651,-0.029949,0.011404,-0.514542,0.195870,0.748325,-0.480925,0.897709,-1.000000,-0.644421,-1.000000
-0.047018,-0.009153,-0.055765,-0.022523,-0.028565,0.008377,0.433428,-0.387658,0.455101,0.627242,-0.174185,-0.211676,1.000000,-1.000000
-0.045265,-0.006594,-0.056553,-0.019509,-0.026848,0.004547,-0.112042,-0.260781,0.724403,0.194334,-0.779480,-1.000000,0.809325,-0.195600
-0.044003,-0.004605,-0.056299,-0.014962,-0.024104,-0.001590,0.703711,-0.080635,1.000000,-0.422016,-0.755783,-0.365546,0.140926,1.000000
-0.043228,-0.003073,-0.054358,-0.008205,-0.019794,-0.011197,-0.027001,-0.066537,1.000000,0.138717,0.265561,0.624030,1.000000,0.575745
-0.043171,-0.002524,-0.050375,-0.000175,-0.012966,-0.024890,-0.362562,-0.184078,0.922855,0.140989,0.138766,0.441801,0.295705,0.024547
-0.043809,-0.002959,-0.043550,0.007716,-0.005385,-0.039376,0.476189,0.075515,-0.094100,-0.146063,0.668345,-1.000000,-0.842108,1.000000
-0.044844,-0.003938,-0.035879,0.013325,-0.000908,-0.047957,-0.018451,-0.484941,-0.733626,0.157605,0.857353,-0.586573,-0.873156,-0.250598
-0.046150,-0.005239,-0.027136,0.015723,0.000789,-0.050454,0.444468,-0.372525,-0.603305,-0.225313,-0.053607,-0.592969,-0.448346,0.066133
-0.047385,-0.006532,-0.019097,0.016435,0.001535,-0.050187,-0.092541,-0.505348,-0.794618,1.000000,0.316027,-0.725530,0.972479,0.178152
-0.048713,-0.007990,-0.010597,0.016709,0.002141,-0.049065,0.143056,-0.435845,-0.702906,0.054039,0.307575,-1.000000,1.000000,0.576245
-0.049932,-0.009386,-0.002997,0.016946,0.002804,-0.047492,0.083089,-0.437174,-0.331106,0.134097,1.000000,-0.483604,-0.516600,-1.000000
-0.051228,-0.010954,0.004933,0.016982,0.003596,-0.045761,-0.606745,-0.445438,-1.000000,-0.609072,-0.230054,1.000000,-0.496739,-0.505152
-0.052366,-0.012428,0.011899,0.016553,0.004231,-0.043534,-0.093024,-0.316204,-1.000000,0.854157,-1.000000,-1.000000,0.381016,0.563491
-0.053582,-0.014001,0.018840,0.016475,0.004773,-0.040045,-0.896744,-1.000000,-0.191326,0.888502,-1.000000,-1.000000,1.000000,0.326327
-0.054806,-0.015462,0.024442,0.017602,0.006187,-0.035019,-0.473054,-1.000000,-0.132566,0.007671,-1.000000,-0.267421,0.671559,-0.752163
-0.056255,-0.017056,0.029184,0.018519,0.008570,-0.027350,-0.376717,-1.000000,-0.982693,0.163442,1.000000,-0.476749,1.000000,-0.744326
-0.057681,-0.018399,0.031926,0.018758,0.010218,-0.017142,0.095996,-0.077472,-1.000000,-0.065962,0.774229,-1.000000,1.000000,-0.032501
-0.059243,-0.019462,0.033091,0.017904,0.009367,-0.006717,-0.359951,0.066223,-1.000000,-0.330907,-0.848150,-0.159924,-0.236812,0.822791
-0.060554,-0.019890,0.032425,0.015123,0.006572,0.004160,-0.202292,-0.070330,-1.000000,0.455289,1.000000,-0.767956,-1.000000,0.131205
-0.061761,-0.019625,0.029795,0.011477,0.002594,0.015178,-0.519910,-0.141548,-0.632720,-0.086596,-0.114216,-1.000000,0.297789,0.179960
-0.062702,-0.018779,0.025957,0.008443,-0.001196,0.023984,-0.517287,-0.225922,0.537661,-0.370175,-0.489698,-0.023076,1.000000,-0.298468
-0.063592,-0.017487,0.021002,0.006646,-0.003441,0.028582,-0.416569,0.357542,-0.134652,0.141335,-0.149877,0.704932,1.000000,-0.111703
-0.064290,-0.016124,0.016202,0.005263,-0.004788,0.029998,-0.632948,0.214291,1.000000,-0.217792,0.447971,-0.031890,0.530585,-1.000000
-0.064894,-0.014647,0.011221,0.003956,-0.005154,0.028736,-0.344115,0.284437,0.664277,-0.932698,-0.445750,-1.000000,-0.544258,-0.983178
-0.065319,-0.013314,0.006870,0.002738,-0.005296,0.027200,-0.082301,0.851390,0.309474,-0.183587,0.735472,-0.674866,-0.402434,-0.305584
-0.065659,-0.011902,0.002416,0.001764,-0.005451,0.025696,-0.110798,0.152491,-0.426558,-1.000000,0.737133,-0.208558,-0.222723,0.311257
-0.065851,-0.010646,-0.001403,0.000642,-0.005576,0.023882,-0.339076,0.188904,-0.181090,-0.655886,0.765832,-0.523507,-1.000000,0.267418
-0.065907,-0.009354,-0.005168,-0.000720,-0.005624,0.021711,0.136925,0.070959,0.376959,-0.477051,0.375120,-0.965643,0.684413,-0.357106
-0.065813,-0.008276,-0.008275,-0.002170,-0.005169,0.019418,0.224423,-0.127039,0.237696,-0.755381,-0.065350,-0.602062,1.000000,-0.343306
-0.065500,-0.007360,-0.011029,-0.004199,-0.003806,0.015886,-0.424962,0.062008,-0.689272,-1.000000,0.821392,-0.110993,0.479389,-1.000000
-0.064955,-0.006889,-0.012665,-0.006925,-0.001598,0.010229,-0.781633,0.545062,0.112115,-0.585453,-0.743267,-0.649023,-0.616277,-1.000000
-0.064121,-0.006774,-0.013358,-0.009330,0.000294,0.004000,-0.189290,0.362208,0.735163,0.273246,0.355873,-0.377897,0.453836,-0.628648
-0.063236,-0.006876,-0.013292,-0.010517,0.001055,-0.000414,-0.227330,0.018332,-0.142984,0.123637,-1.000000,0.491992,1.000000,-0.611188
-0.062203,-0.007130,-0.012681,-0.011201,0.001450,-0.003527,-0.250723,-0.233830,0.516492,-0.317370,0.210990,0.069976,0.087704,-0.335904
-0.061183,-0.007461,-0.011701,-0.011888,0.001664,-0.006128,-0.478746,0.352649,-0.719723,0.200714,0.028783,-1.000000,-0.663662,1.000000
-0.060001,-0.007844,-0.010340,-0.012630,0.001337,-0.007849,-0.403383,-0.856062,-0.139240,0.392843,0.033153,-0.640132,0.421604,0.879009
-0.058838,-0.008206,-0.008901,-0.013416,0.001080,-0.008989,-0.163098,0.536005,-0.002738,-0.645180,-0.995161,0.082359,0.749035,-0.196477
-0.057479,-0.008620,-0.007128,-0.014411,0.000950,-0.010230,-0.824175,-0.540384,0.018071,-0.091113,-0.368967,-0.064083,1.000000,-0.216300
-0.056128,-0.009028,-0.005324,-0.015497,0.000981,-0.011277,0.633997,0.118311,-1.000000,-0.660997,-0.359521,0.328824,-0.045249,0.358833
-0.054615,-0.009478,-0.003276,-0.015973,0.000976,-0.011812,0.255866,0.340868,-0.069028,0.276533,1.000000,1.000000,0.744220,-0.678118
-0.053202,-0.009876,-0.001341,-0.016127,0.000793,-0.012093,-0.445893,0.096034,-0.495912,-0.378774,-0.587329,0.348928,-0.963526,0.185821
-0.051648,-0.010266,0.000760,-0.016350,0.000425,-0.012122,0.272718,0.035076,-0.516034,0.071555,0.067987,-1.000000,-1.000000,0.475683
-0.050082,-0.010559,0.002737,-0.016497,-0.000304,-0.011410,0.229692,-0.164196,-0.635101,0.424904,-0.601863,-0.280159,1.000000,1.000000
-0.048637,-0.010714,0.004367,-0.016538,-0.001209,-0.010183,-0.005658,-0.492893,-0.134183,0.384114,-1.000000,-0.816754,1.000000,0.463086
-0.047197,-0.010784,0.005849,-0.016545,-0.001858,-0.009263,-0.909478,-0.129398,0.022871,-0.162437,1.000000,-1.000000,0.061362,-0.777683
-0.045636,-0.010808,0.007371,-0.016584,-0.002220,-0.008781,0.153049,-0.330564,0.314576,-0.259702,0.464315,-0.347979,0.479959,-1.000000
-0.044198,-0.010800,0.008740,-0.016564,-0.002422,-0.008555,-0.542297,-0.162179,-0.257998,0.857269,0.729183,-0.362865,0.074613,-1.000000
-0.042637,-0.010753,0.010188,-0.016608,-0.002729,-0.008353,-0.518424,0.464596,-0.269955,0.083528,0.630580,0.776054,-0.244480,-0.080401
-0.041202,-0.010657,0.011469,-0.016564,-0.003185,-0.008007,-0.174841,-0.283014,-0.046882,0.894811,-0.921876,-1.000000,0.656580,-0.574723
-0.039746,-0.010417,0.012542,-0.015600,-0.004161,-0.006191,-0.001889,-0.361263,-0.776582,1.000000,-1.000000,-0.521293,0.303179,0.986765
-0.038559,-0.009999,0.012995,-0.013960,-0.005650,-0.002831,0.018168,-0.550631,-0.412825,-0.116957,-1.000000,1.000000,0.122887,-0.440976
-0.037389,-0.009332,0.012855,-0.012897,-0.007145,0.000806,0.392773,-0.739100,-0.500034,0.316511,0.194996,-0.593296,1.000000,-0.221651
-0.036380,-0.008542,0.012144,-0.012260,-0.008411,0.004441,0.379018,-0.086647,-0.287719,-0.505980,-1.000000,-1.000000,-0.129986,0.081487
-0.035301,-0.007625,0.011036,-0.012183,-0.008678,0.006395,0.200496,-0.609138,0.831644,-0.480695,1.000000,-0.419770,0.292161,-0.250873
-0.034302,-0.006808,0.009807,-0.012241,-0.008108,0.007684,-0.061355,-0.550743,0.410344,-0.229099,1.000000,-0.202192,0.437551,-0.738691
-0.033205,-0.005965,0.008287,-0.012413,-0.007466,0.008771,-0.251303,0.417903,-0.136087,-0.018853,0.618367,0.455305,-0.660649,-0.765867
-0.032190,-0.005200,0.006818,-0.012402,-0.007271,0.009178,-0.840118,0.456227,-0.298894,0.740407,0.272004,0.041553,-1.000000,0.567360
-0.031102,-0.004365,0.005167,-0.012252,-0.007346,0.009520,-0.393036,-0.100153,0.585225,-0.085843,-0.934759,-0.212965,0.071141,0.762075
-0.030101,-0.003600,0.003630,-0.012163,-0.007321,0.009614,-0.201001,-0.552400,0.719523,-0.020261,0.130034,0.642516,0.971243,-0.285938
-0.029023,-0.002785,0.001960,-0.012046,-0.007223,0.009634,0.086087,0.174063,-0.543761,0.258364,0.320632,-1.000000,0.173178,-0.265403
-0.028034,-0.002027,0.000391,-0.011934,-0.007310,0.009798,-0.669715,0.373758,-0.167352,0.057452,0.243433,-1.000000,0.494460,-1.000000
-0.026959,-0.001200,-0.001314,-0.011933,-0.007440,0.009843,0.169818,-0.782969,-0.118004,-0.032443,-0.441159,1.000000,1.000000,0.831855
-0.025964,-0.000442,-0.002918,-0.011913,-0.007412,0.010023,0.009218,-0.328951,-0.408807,-0.041993,-0.041969,-0.798282,1.000000,0.303600
-0.024883,0.000367,-0.004679,-0.011892,-0.007309,0.010158,-0.485624,0.239335,1.000000,0.118642,0.576729,-0.426982,-0.097264,-1.000000
-0.023894,0.001069,-0.006205,-0.011751,-0.006936,0.009538,-0.068071,0.256483,1.000000,-0.488888,1.000000,-0.243640,1.000000,-0.307535
-0.022843,0.001736,-0.007640,-0.011495,-0.006151,0.008277,0.184273,-0.042433,-0.531568,0.305646,-0.127803,-0.642717,0.749736,0.081954
-0.021884,0.002323,-0.008917,-0.011333,-0.005897,0.007986,0.113328,0.205975,-0.719979,0.386434,0.891795,-1.000000,0.042117,-0.005602
-0.020856,0.002949,-0.010309,-0.011183,-0.005825,0.008024,0.508456,-0.289453,0.240537,-0.686369,-0.259661,-1.000000,0.267239,0.722965
-0.019916,0.003503,-0.011565,-0.011045,-0.005613,0.007854,0.548514,0.367358,0.631358,-0.557576,-1.000000,-1.000000,0.068605,-0.149987
-0.018921,0.004066,-0.012858,-0.010775,-0.005302,0.007459,-0.215488,0.378663,-0.213070,-0.544823,1.000000,0.656409,-0.525834,1.000000
-0.018014,0.004565,-0.013999,-0.010634,-0.005134,0.007132,-0.015200,-0.240728,-0.164569,0.144507,-0.624921,0.961093,0.655497,0.890581
-0.017037,0.005088,-0.015205,-0.010541,-0.004997,0.006960,-0.248726,-0.064359,-0.063775,-0.246409,-0.755418,-0.582653,-0.473587,0.180483
-0.016137,0.005558,-0.016302,-0.010502,-0.004891,0.006851,-0.151556,-0.229905,-0.149749,0.056702,1.000000,-1.000000,-0.741175,0.592895
-0.015163,0.006055,-0.017478,-0.010475,-0.004805,0.006789,0.253887,0.274012,-0.151108,-0.443699,0.538889,0.384477,0.802613,0.500308
-0.014262,0.006505,-0.018555,-0.010480,-0.004750,0.006733,-0.179054,-0.181074,0.116736,-0.258825,-1.000000,-1.000000,0.744093,0.072057
-0.013284,0.006982,-0.019714,-0.010491,-0.004679,0.006682,-0.138648,-0.141128,-0.963859,0.178873,-0.065958,-1.000000,-1.000000,-0.291353
-0.012379,0.007412,-0.020778,-0.010502,-0.004590,0.006656,0.541271,-0.624423,1.000000,-0.643564,1.000000,-1.000000,0.799749,-0.097629
-0.011403,0.007841,-0.021859,-0.010440,-0.004249,0.006235,-0.326667,-0.124928,1.000000,-0.332563,0.230938,0.158973,1.000000,-0.690003
-0.010515,0.008173,-0.022693,-0.010325,-0.003594,0.005210,0.636890,1.000000,-0.269238,-0.474162,0.748226,0.503289,-0.091009,-0.204134
-0.009564,0.008482,-0.023480,-0.010231,-0.003114,0.004543,-0.210246,-0.228367,-0.076198,0.245256,1.000000,0.205379,0.126265,-0.982707
-0.008710,0.008734,-0.024167,-0.009940,-0.002752,0.004289,0.612723,0.247082,0.282072,0.512323,1.000000,-0.329503,-1.000000,0.144092
-0.007844,0.008959,-0.024907,-0.009292,-0.002253,0.004271,0.089918,-0.045977,0.418771,0.059564,0.285300,-1.000000,-0.228464,0.768275
-0.007132,0.009111,-0.025590,-0.008258,-0.001614,0.004269,0.474488,-0.581150,0.354428,-0.508378,-1.000000,-0.494303,-0.034882,0.307598
-0.006491,0.009196,-0.026350,-0.006805,-0.000742,0.004382,0.165136,0.106076,0.390907,-0.723877,0.526913,0.590371,0.268768,1.000000
-0.006026,0.009171,-0.027046,-0.005290,0.000460,0.004349,0.528430,0.248447,0.129401,-0.475955,-0.554116,-0.737673,1.000000,-0.554467
-0.005655,0.009032,-0.027909,-0.003807,0.001714,0.004984,0.206713,0.420035,-0.415754,0.267636,0.220892,-0.636041,-0.861252,-1.000000
-0.005389,0.008840,-0.028889,-0.002830,0.002495,0.006125,-0.157016,-0.119188,-0.673409,-0.280268,0.302492,-0.087927,-0.374854,-0.299088
-0.005128,0.008599,-0.030042,-0.002519,0.002854,0.006650,-0.874508,-0.140132,0.228855,0.346864,-1.000000,-0.112970,-0.779624,0.588545
-0.004903,0.008370,-0.031079,-0.002346,0.002930,0.006477,-0.223234,0.144640,0.700340,-0.040689,-0.408496,-0.887105,0.404885,1.000000
-0.004704,0.008108,-0.032080,-0.001899,0.003044,0.005781,0.066663,0.448553,0.289354,-0.239037,-0.698607,-0.015818,1.000000,-1.000000
-0.004563,0.007827,-0.032879,-0.001319,0.003223,0.004612,-0.156084,-0.013597,0.159332,-0.098731,0.155620,-1.000000,0.612277,-0.121595
-0.004476,0.007552,-0.033446,-0.000870,0.003365,0.003542,-0.150663,0.217750,-0.159957,0.260908,-0.021640,1.000000,-1.000000,-0.343460
-0.004421,0.007275,-0.033889,-0.000536,0.003379,0.002765,-0.171381,-0.165210,0.223845,-0.250864,-0.087246,-0.923396,-0.171127,0.389004
-0.004402,0.006968,-0.034251,-0.000114,0.003427,0.002089,0.652826,-0.061797,0.282139,-0.679803,-1.000000,-0.794210,-0.389581,1.000000
-0.004436,0.006675,-0.034468,0.000464,0.003514,0.001354,-0.079378,0.017201,0.305723,-0.014643,-0.358290,-1.000000,0.118573,-1.000000
-0.004515,0.006348,-0.034579,0.000889,0.003621,0.000642,-0.182407,0.164909,-0.616611,-0.451038,-1.000000,-0.097670,-0.303435,-1.000000
-0.004584,0.006037,-0.034593,0.000825,0.003700,0.000091,-0.283977,-0.046661,0.024246,-0.500662,-0.637991,-0.344632,1.000000,-1.000000
-0.004637,0.005684,-0.034479,0.000558,0.003862,-0.000663,-0.835639,0.425086,-0.139171,-0.323557,-0.734305,-0.571598,0.561075,0.543420
-0.004662,0.005352,-0.034254,0.000248,0.003919,-0.001401,0.215227,-0.138319,0.260887,0.162491,0.173406,-0.833571,0.199572,0.538042
-0.004683,0.004985,-0.033848,0.000165,0.003959,-0.002341,0.098743,0.671851,0.772437,-0.544746,0.077574,-0.344860,0.843933,0.265198
-0.004724,0.004651,-0.033132,0.000347,0.003853,-0.004478,-0.108351,0.528368,0.130232,0.087368,-0.444821,-0.227412,-0.410391,-1.000000
-0.004797,0.004343,-0.031914,0.000612,0.003183,-0.007034,0.096578,0.329323,-0.194236,-0.180333,1.000000,-0.871100,-0.848624,1.000000
-0.004863,0.004151,-0.030395,0.000539,0.002016,-0.009487,0.629564,0.390014,-0.648493,-0.279668,0.553300,0.120840,0.535702,-0.574591
-0.004940,0.004054,-0.028339,0.000551,0.000715,-0.011868,-0.306629,-0.068895,0.230692,0.488384,0.420009,-0.320889,-0.478709,0.703955
-0.005034,0.004039,-0.026165,0.000797,-0.000220,-0.013576,-0.521301,0.017729,0.170145,0.715556,0.435564,0.718594,-0.993321,0.547285
-0.005164,0.004067,-0.023645,0.001073,-0.000751,-0.014549,-0.412475,-0.516452,-0.450802,0.414003,-0.010507,-0.198513,1.000000,1.000000
-0.005288,0.004107,-0.021288,0.001122,-0.000928,-0.014739,-0.810641,-0.307249,0.005597,-0.253162,0.319826,-1.000000,0.406731,-1.000000
-0.005400,0.004156,-0.018697,0.000866,-0.001015,-0.014935,-0.586169,-0.211083,0.565206,0.002096,0.012354,-0.310563,-1.000000,-1.000000
-0.005479,0.004203,-0.016229,0.000561,-0.001060,-0.015422,-0.555693,-0.384253,0.243866,0.937535,1.000000,0.364609,1.000000,1.000000
-0.005531,0.004265,-0.013407,0.000165,-0.001212,-0.016280,-0.589909,0.040599,-0.135306,-0.586983,0.172591,-1.000000,0.316686,-0.274850
-0.005503,0.004352,-0.010601,-0.000780,-0.001625,-0.017549,-0.261139,-0.890656,-1.000000,0.087870,0.786183,-1.000000,0.038640,-1.000000
-0.005427,0.004497,-0.007455,-0.001308,-0.002186,-0.018157,0.313339,0.260145,-0.179906,1.000000,0.657189,-0.160827,0.424358,-1.000000
-0.005401,0.004683,-0.004686,-0.000771,-0.002782,-0.017296,0.621613,-0.441215,0.149478,0.302272,-0.804872,0.063639,1.000000,0.059530
-0.005476,0.004947,-0.002006,0.000392,-0.003398,-0.015465,-0.423852,-0.516675,-0.452950,0.713791,-0.686879,-0.008220,-0.918243,-1.000000
0.148287,0.058756,0.642798,0.000001,-0.000000,0.000001,0.000000,0.000000,0.000000,0.000000,0.000000,0.000000,0.000000,0.000000
0.148282,0.058751,0.642784,0.000104,-0.000018,0.000105,1.000000,-0.569944,-1.000000,1.000000,-1.000000,-1.000000,0.232469,-1.000000
0.148224,0.058683,0.642593,0.001023,-0.000228,0.001103,0.696452,-1.000000,-1.000000,1.000000,0.243550,-1.000000,-0.130645,-1.000000
0.148063,0.058386,0.641778,0.003417,-0.000916,0.004705,0.286181,-0.684462,-1.000000,1.000000,-0.888559,-0.911988,0.984836,0.752668
0.147806,0.057693,0.640000,0.006914,-0.001597,0.011103,0.678915,-1.000000,-1.000000,1.000000,0.397545,0.574497,-0.706486,0.313017
0.147481,0.056298,0.636699,0.010898,-0.001676,0.020625,0.141011,-1.000000,-1.000000,1.000000,-1.000000,-1.000000,-1.000000,-0.504063
0.147196,0.053620,0.630654,0.014580,-0.001466,0.034878,0.102100,-1.000000,-1.000000,1.000000,-0.545007,-1.000000,0.592799,0.389942
0.147007,0.049753,0.622339,0.018328,0.000047,0.051963,1.000000,-0.727802,-1.000000,1.000000,-0.906795,-1.000000,1.000000,1.000000
0.146642,0.043850,0.610133,0.023788,0.002545,0.070419,0.683766,-0.886969,-1.000000,1.000000,0.161110,-0.533489,0.674742,0.808853
0.145920,0.036600,0.595582,0.030625,0.005980,0.090938,0.482004,-0.985147,-1.000000,1.000000,-0.759830,-1.000000,-1.000000,-0.489463
0.144346,0.026804,0.575893,0.039088,0.007753,0.113602,0.885231,-0.815775,-1.000000,0.992379,-0.749794,-0.721683,-0.238705,-0.792499
0.141773,0.016359,0.554310,0.048295,0.007193,0.134867,-0.100209,-0.032905,-1.000000,0.424307,-1.000000,0.411789,1.000000,0.178074
0.137664,0.004115,0.527791,0.054720,0.004273,0.153006,-0.483881,-0.235671,-0.444174,-0.452446,-0.418923,-0.974868,1.000000,-1.000000
0.132695,-0.007628,0.500661,0.057398,0.000112,0.169629,-0.712873,0.123652,-0.669024,0.343019,0.251796,-0.692859,-0.179268,1.000000
0.126098,-0.020289,0.469560,0.057356,-0.002720,0.179403,-0.922390,0.261129,-1.000000,-0.121469,-0.103168,0.341131,-0.050440,1.000000
0.119139,-0.031439,0.440044,0.054012,-0.005220,0.184438,-1.000000,0.161209,0.166598,-0.586718,0.528865,-1.000000,1.000000,-0.847831
0.110834,-0.042511,0.407542,0.049236,-0.009976,0.187547,-1.000000,0.433776,0.682452,-0.747454,1.000000,-1.000000,0.651157,-0.221396
0.102612,-0.051561,0.377495,0.044319,-0.014378,0.187802,-0.991931,0.743814,-0.890112,-0.892261,1.000000,0.423904,0.227115,-0.593220
0.093410,-0.060061,0.344975,0.037449,-0.018645,0.187624,-0.559987,1.000000,-0.229619,-0.395400,1.000000,-0.647957,-0.003252,-0.896389
0.084884,-0.066654,0.315515,0.030669,-0.021229,0.184145,-1.000000,1.000000,0.479568,-0.992513,0.463272,1.000000,-0.987842,-0.306196
0.075978,-0.072249,0.285265,0.024141,-0.023709,0.174456,-1.000000,1.000000,0.249377,-1.000000,1.000000,0.045150,-0.881703,0.569075
0.068448,-0.075905,0.259718,0.017789,-0.026234,0.159734,-0.472228,0.502274,1.000000,-1.000000,-1.000000,0.709372,-0.182730,-0.500481
0.061300,-0.078508,0.234928,0.011370,-0.027387,0.143008,-0.151335,0.486126,0.632206,-1.000000,-0.190110,-0.606510,-0.200862,-1.000000
0.055811,-0.079866,0.214930,0.005233,-0.027800,0.124951,-1.000000,1.000000,0.008453,-0.162911,-1.000000,0.010911,0.493057,1.000000
0.051100,-0.080234,0.196730,0.000608,-0.029588,0.105081,-0.209189,1.000000,0.480145,-0.464734,-0.094524,-0.206906,0.685384,0.817142
0.047753,-0.079632,0.183295,-0.001001,-0.031959,0.083891,-0.492948,0.326545,1.000000,-0.280890,1.000000,0.864142,0.443596,-0.706833
0.045043,-0.078099,0.172405,-0.000459,-0.034299,0.062856,0.342876,0.765111,-0.135511,-0.528955,0.078275,-1.000000,-0.398055,-0.582489
0.043278,-0.075845,0.165611,0.001053,-0.038067,0.042458,-0.205668,0.116958,-0.147869,0.273845,-0.049306,-1.000000,-0.429706,0.190305
0.041923,-0.072626,0.160932,0.002586,-0.042278,0.026997,0.682875,0.213569,-0.071271,0.005474,0.492455,0.454135,-1.000000,0.287574
0.040936,-0.069106,0.158515,0.005172,-0.045647,0.015101,-0.680834,0.131565,-0.964109,-0.257813,0.492133,0.054593,0.426773,-0.418925
0.040056,-0.064857,0.157517,0.007288,-0.048117,0.005760,-0.117075,-0.003121,-0.468342,0.088504,-0.652726,-1.000000,-0.685874,0.897611
0.039357,-0.060636,0.157624,0.008581,-0.050080,-0.000666,0.268680,-0.214833,-0.187578,0.541092,1.000000,-0.538598,1.000000,1.000000
0.038653,-0.055895,0.158316,0.009175,-0.051125,-0.003990,-0.328412,-0.470143,-1.000000,0.746056,-0.079077,0.281716,1.000000,-0.752182
0.038029,-0.051491,0.159109,0.009094,-0.051320,-0.004961,0.626154,-0.625412,-0.296371,0.661221,0.315699,-0.805750,-0.460808,0.577996
0.037334,-0.046750,0.159930,0.009088,-0.051013,-0.004736,-0.260631,-0.229732,-0.011729,0.740650,0.050703,-0.401595,-0.047924,0.803250
0.036635,-0.042418,0.160614,0.009522,-0.050594,-0.004274,0.349976,-0.716760,0.396661,-0.184009,-0.767892,-1.000000,0.444469,0.533459
0.035819,-0.037777,0.161290,0.009950,-0.050145,-0.003901,-0.321831,-0.919384,-0.158246,0.359057,0.043361,-1.000000,0.842919,-0.563790
0.034989,-0.033563,0.161727,0.010499,-0.049592,-0.002730,0.850086,-1.000000,-1.000000,0.479112,0.935099,-0.203106,0.675012,-0.757858
0.033963,-0.029124,0.161640,0.011170,-0.048878,0.000502,0.369316,-0.548006,-0.221261,0.517403,-0.228268,-1.000000,0.401768,-0.387449
0.032838,-0.025155,0.160858,0.012544,-0.048258,0.004889,0.288570,-0.344581,0.864651,0.311105,-1.000000,-1.000000,-1.000000,-0.898386
0.031439,-0.021009,0.159212,0.013938,-0.047422,0.009496,-0.606009,-0.812886,-0.713997,-0.107967,0.619750,0.055384,1.000000,-0.628296
0.030045,-0.017386,0.156737,0.013522,-0.042503,0.014283,-0.063746,-0.703904,-0.275304,0.936833,-0.706252,0.167217,1.000000,0.540582
0.028412,-0.013744,0.152686,0.016760,-0.047866,0.025300,-0.192208,-0.698207,0.832374,-0.357017,-1.000000,-1.000000,0.923453,-0.413141
0.026870,-0.010681,0.147807,0.015816,-0.041624,0.030494,0.178292,-0.289897,0.383775,0.208200,-1.000000,-0.801001,0.212581,-0.952211
0.025181,-0.007673,0.141350,0.016128,-0.039043,0.037270,-0.338144,-0.866392,-0.059083,0.291765,0.325523,0.374986,0.351519,1.000000
0.023655,-0.005269,0.134221,0.016039,-0.035309,0.044557,-0.554452,-0.664384,-0.266312,-0.871158,-0.437459,-0.674913,1.000000,-0.103825
0.022068,-0.003117,0.125457,0.015756,-0.030784,0.050560,-0.184593,-0.413855,-0.064708,-0.332782,1.000000,-1.000000,0.358825,-1.000000
0.020653,-0.001496,0.116590,0.015704,-0.026593,0.055418,0.006866,-0.245689,0.193086,-0.193202,0.239079,0.098150,-0.063544,-1.000000
0.019203,-0.000056,0.106321,0.015282,-0.023129,0.059217,0.512282,-0.148622,0.299069,-0.467171,-0.794574,-0.878443,1.000000,0.448582
0.017930,0.001077,0.096551,0.015028,-0.020505,0.061065,-0.516586,0.344059,1.000000,-0.962883,0.529194,0.042532,-0.391223,1.000000
0.016623,0.002159,0.086144,0.014644,-0.018343,0.060049,-0.874542,-0.033447,0.515466,-0.805547,0.653601,-0.421960,-0.798557,-0.110626
0.015412,0.003117,0.076245,0.013963,-0.016224,0.057158,-0.786409,0.200137,-0.112325,-0.675143,1.000000,-0.983273,-0.331421,-1.000000
0.014436,0.003922,0.067711,0.012541,-0.014514,0.053295,-0.194362,0.492858,-0.128863,-0.496594,1.000000,-0.532292,0.325924,-0.411271
0.013614,0.004635,0.059887,0.010881,-0.012719,0.048898,-0.613555,-0.100310,0.517901,-0.590567,-1.000000,0.765783,1.000000,-0.801125
0.012869,0.005255,0.052351,0.009353,-0.010374,0.043493,-0.053058,-0.239809,0.180415,0.108415,1.000000,-0.489201,-0.255041,-0.696056
0.012254,0.005697,0.046192,0.008515,-0.008241,0.038502,-0.450417,0.445321,0.246655,-0.707543,0.911721,-0.344333,0.371321,-0.794283
0.011674,0.005955,0.040736,0.007415,-0.005145,0.031455,-0.613892,-0.359192,0.676020,-1.000000,0.091889,1.000000,1.000000,-0.171392
0.011288,0.005932,0.037166,0.005384,-0.001286,0.022308,-0.630028,0.618251,-0.472345,-0.283081,0.309925,1.000000,-0.678501,1.000000
0.011075,0.005736,0.034629,0.002860,0.001160,0.014646,0.391353,0.387746,0.246746,-0.332705,0.549677,-0.861487,0.639136,-0.080195
0.011018,0.005458,0.033184,0.000980,0.002706,0.009029,-1.000000,-0.122844,-0.420313,0.596895,-0.524407,-1.000000,-0.404930,-1.000000
0.011078,0.005168,0.032191,-0.000474,0.002811,0.005729,0.517615,-0.031121,-0.988107,-0.058224,1.000000,1.000000,-0.049986,0.887026
0.011192,0.004918,0.031517,-0.001217,0.002700,0.004208,-0.313856,0.151407,0.339511,0.577907,-1.000000,0.065330,0.514213,-1.000000
0.011350,0.004667,0.030931,-0.001638,0.002528,0.003386,0.365758,-0.204741,-0.198956,0.182327,-0.268179,-1.000000,-0.696701,0.369736
0.011507,0.004439,0.030447,-0.001789,0.002508,0.003021,-0.051175,-0.537681,0.912871,0.407560,0.670053,0.230599,-0.614482,0.898066
0.011669,0.004181,0.030011,-0.001710,0.002664,0.002518,0.041295,-0.047589,-0.013375,-0.846001,-0.994047,-0.333738,0.917696,1.000000
0.011816,0.003934,0.029655,-0.001699,0.002780,0.002227,0.419175,-0.096784,-1.000000,0.150591,0.359818,-0.873741,0.599388,0.849116
0.011982,0.003668,0.029264,-0.001773,0.002770,0.002252,0.174902,-0.137194,-1.000000,0.365172,0.897048,-1.000000,-0.190740,-0.744211
0.012145,0.003427,0.028870,-0.001888,0.002686,0.002464,0.378175,0.221270,-0.166038,0.392159,0.626282,-1.000000,-0.274386,-1.000000
0.012315,0.003175,0.028371,-0.001808,0.002560,0.002875,0.029660,0.011318,0.585397,0.948510,-1.000000,0.394979,0.588170,0.277247
0.012430,0.002957,0.027788,-0.001292,0.002325,0.003649,0.130984,-0.044951,-0.389482,0.045982,0.515621,-0.047914,-0.403076,0.982584
0.012493,0.002731,0.027002,-0.000616,0.002147,0.004535,0.222656,0.085535,-0.524504,0.593244,0.758243,-0.011885,0.761879,0.158767
0.012487,0.002532,0.026118,0.000161,0.001955,0.005525,-0.714292,-0.238934,0.060582,-0.410070,1.000000,-1.000000,-1.000000,-1.000000
0.012448,0.002327,0.025081,0.000512,0.001805,0.005987,-0.755685,0.185156,0.189369,0.197953,1.000000,-0.794299,-0.738477,1.000000
0.012380,0.002145,0.024075,0.000907,0.001699,0.006280,0.040773,0.125589,-0.265524,0.229525,0.969782,-0.078844,1.000000,1.000000
0.012235,0.001957,0.022883,0.001677,0.001558,0.006878,-0.545382,-0.892617,-0.760027,1.000000,1.000000,-0.915649,1.000000,-0.770940
0.011978,0.001804,0.021563,0.003153,0.001225,0.008260,0.093360,-0.271445,-0.027855,-0.030743,0.814332,-1.000000,0.449055,0.444934
0.011583,0.001637,0.019985,0.004436,0.001175,0.009099,-0.455232,-0.087815,1.000000,0.174225,1.000000,0.592159,0.437670,0.077851
0.011117,0.001479,0.018453,0.005647,0.001220,0.009574,-0.183088,0.269814,0.495851,0.108470,1.000000,-0.271643,0.483379,-1.000000
0.010525,0.001314,0.016707,0.006594,0.001138,0.010071,0.757743,0.354861,-0.896221,-0.186964,0.379851,-1.000000,-0.588160,-0.220952
0.009939,0.001179,0.015033,0.007054,0.000956,0.010463,-0.109476,0.603220,-0.125091,-0.142618,0.503804,-0.218221,-0.117794,-0.761768
0.009288,0.001057,0.013236,0.007220,0.000719,0.010368,-1.000000,0.083529,1.000000,-0.733877,0.409655,-0.388879,-0.080406,-0.174586
0.008686,0.000967,0.011657,0.007230,0.000526,0.009868,0.141697,0.101050,-0.805947,-0.130086,-1.000000,1.000000,-0.437690,-0.030615
0.008040,0.000886,0.009999,0.007145,0.000393,0.009562,-0.081249,-1.000000,-0.373859,-0.134494,1.000000,-1.000000,1.000000,-0.142929
0.007457,0.000817,0.008476,0.006992,0.000360,0.009511,-0.191222,-0.921041,-0.386203,-0.078035,-1.000000,-1.000000,-0.698366,1.000000
0.006843,0.000738,0.006793,0.006793,0.000440,0.009719,-0.128425,-0.504771,0.198336,-0.850577,1.000000,-0.252462,0.892694,-0.069863
0.006297,0.000647,0.005183,0.006545,0.000668,0.010060,0.272047,-0.202918,0.800436,0.194612,0.280822,-1.000000,0.931081,-0.662757
0.005715,0.000523,0.003401,0.006434,0.000971,0.010282,-0.802246,-0.205885,0.431895,0.690488,-1.000000,-0.922026,-0.323453,-0.596210
0.005042,0.000365,0.001390,0.006447,0.001164,0.010055,-0.346895,0.628683,-0.239855,-0.311385,0.833088,-0.986101,0.075748,0.102057
0.004592,0.000265,0.000114,0.006445,0.001146,0.009571,-0.143055,-0.012187,0.346029,-0.182588,0.549507,-0.279666,1.000000,-0.508348
0.004039,0.000139,-0.001322,0.006592,0.001248,0.008972,0.101019,0.163278,0.527351,0.167426,1.000000,-1.000000,-0.697439,-0.376649
0.003243,-0.000054,-0.003004,0.007115,0.001533,0.007888,-0.474126,0.051708,0.220225,-0.239156,1.000000,-0.206763,-0.613848,-0.091672
0.002578,-0.000217,-0.004012,0.007914,0.001817,0.006299,-0.501014,0.487370,0.478608,-0.595078,-0.331712,-0.749719,1.000000,0.472440
0.001858,-0.000399,-0.004739,0.008570,0.002099,0.004540,0.612506,0.692183,-0.128431,0.619369,-0.732222,1.000000,0.864379,-0.920790
0.001035,-0.000592,-0.005229,0.009035,0.002093,0.002832,-1.000000,0.095838,0.149062,0.364096,0.601152,-0.607143,-1.000000,-1.000000
0.000237,-0.000738,-0.005447,0.009490,0.001728,0.001360,-0.114349,0.066655,-0.185289,0.361188,1.000000,-0.318637,-1.000000,1.000000
-0.000697,-0.000845,-0.005518,0.010270,0.001174,0.000412,-0.348062,0.019196,0.626789,0.777506,-0.583096,0.550298,1.000000,-1.000000
-0.001675,-0.000897,-0.005464,0.011637,0.000615,-0.000342,-0.299200,-0.536712,0.376132,0.067899,1.000000,-1.000000,-0.255941,-0.607595
-0.002855,-0.000909,-0.005242,0.012977,0.000115,-0.001281,-0.679027,0.338504,-0.191364,-0.200271,0.801564,0.904921,0.293693,0.546793
-0.004022,-0.000841,-0.004867,0.013905,-0.000849,-0.002342,-0.559904,0.211537,-0.466876,0.368633,-0.620224,0.439651,1.000000,-0.498534
-0.005354,-0.000599,-0.004428,0.014657,-0.002722,-0.002532,-0.230320,-0.032269,-1.000000,0.772555,0.183343,-0.566500,-0.314822,-1.000000
-0.006637,-0.000182,-0.004194,0.015265,-0.005005,-0.001465,0.426967,0.543120,0.179291,0.158157,-0.323872,0.898505,0.071155,-0.871319
-0.008067,0.000446,-0.003967,0.015727,-0.006950,-0.001306,-0.783048,0.420317,-0.237796,-0.381956,-1.000000,0.915516,1.000000,-0.185174
-0.009427,0.001156,-0.003468,0.016168,-0.008602,-0.003117,-0.369298,0.314281,-0.437361,-0.341369,0.879602,0.165925,-0.120632,0.536273
-0.010952,0.002066,-0.002431,0.016732,-0.010343,-0.005991,-1.000000,0.052735,-1.000000,-0.456167,1.000000,-0.061376,-1.000000,0.815413
-0.012412,0.003077,-0.000901,0.017257,-0.012656,-0.009557,-0.782113,-0.101231,-0.265839,-0.122443,0.694569,-1.000000,0.038425,0.452990
-0.014071,0.004374,0.001412,0.017994,-0.015253,-0.013347,-0.257805,0.167708,0.454768,0.821096,-0.152232,-0.839624,1.000000,-1.000000
-0.015655,0.005708,0.004020,0.018429,-0.017248,-0.016298,0.202191,-0.130503,-0.313162,-0.340305,-0.573735,-1.000000,0.426070,0.299637
-0.017388,0.007198,0.007055,0.018464,-0.018026,-0.017513,0.463067,-0.746533,0.319324,0.303408,-0.082931,-0.004688,-0.106820,-0.338995
-0.018998,0.008569,0.009867,0.018408,-0.018134,-0.017566,0.207866,-0.638808,-0.048948,-0.051095,-0.720877,0.280677,-0.582649,-0.344652
-0.020747,0.010033,0.012900,0.018343,-0.018093,-0.017508,-0.382544,-0.208982,0.342969,-0.110646,-0.925941,-1.000000,1.000000,0.178362
-0.022353,0.011370,0.015766,0.018029,-0.018125,-0.017889,-1.000000,-0.356949,-0.153554,-0.577405,-1.000000,-0.701935,1.000000,0.456326
-0.024055,0.012813,0.019040,0.017450,-0.018408,-0.018910,-0.283914,-0.649393,-1.000000,-0.316022,0.263055,-0.970054,-0.107225,-1.000000
-0.025573,0.014148,0.022135,0.016603,-0.018686,-0.019339,-0.029182,0.384107,-1.000000,0.175295,0.736574,-0.199546,1.000000,0.443188
-0.027163,0.015605,0.025448,0.015870,-0.018943,-0.019117,0.120065,-0.819562,0.544911,0.048171,-1.000000,0.657188,1.000000,0.516746
-0.028590,0.016920,0.028368,0.015287,-0.018629,-0.018244,0.041523,-0.833670,-0.445397,0.184950,-0.095196,-1.000000,-0.968880,1.000000
-0.030073,0.018278,0.031187,0.014665,-0.017720,-0.016267,-0.117727,-0.729577,0.245503,-0.143468,1.000000,-0.488166,0.758341,-1.000000
-0.031392,0.019459,0.033439,0.014168,-0.016594,-0.014072,1.000000,0.077746,0.206396,0.531738,-0.477875,0.475845,0.982225,-0.049387
-0.032788,0.020693,0.035663,0.013860,-0.015975,-0.012837,0.211305,0.295700,0.333247,-0.916916,-0.311716,0.633915,0.967006,0.215131
-0.034048,0.021803,0.037606,0.013501,-0.015600,-0.012143,-0.288633,-0.389527,-0.436587,-0.973190,0.949091,0.694065,-0.413126,0.805449
-0.035358,0.022985,0.039563,0.012937,-0.015301,-0.011290,0.738994,-0.229852,-1.000000,0.034284,-0.484903,-0.104723,-0.656078,0.265059
-0.036509,0.024089,0.041147,0.012331,-0.015227,-0.009895,0.074955,-0.012618,-0.609864,0.371308,1.000000,-1.000000,1.000000,0.247130
-0.037658,0.025360,0.042493,0.011517,-0.015676,-0.007768,-0.181827,-0.434255,-0.826950,-1.000000,-1.000000,-1.000000,0.660006,1.000000
-0.038587,0.026645,0.043283,0.010307,-0.016398,-0.004935,0.292551,-0.413855,-0.046125,-0.267967,-0.795059,-0.148104,0.184478,0.401423
-0.039399,0.028155,0.043558,0.008673,-0.016974,-0.001589,-0.178518,-0.748630,-0.810120,-0.538052,-0.319750,-1.000000,-0.645258,-0.049698
-0.039831,0.029770,0.042960,0.005772,-0.018338,0.003737,0.395465,-0.137124,-1.000000,-0.863404,-0.813152,0.204361,0.656416,1.000000
-0.039877,0.031895,0.041133,0.002399,-0.020856,0.010545,0.786243,-0.784136,0.472105,-1.000000,-0.924825,-0.098555,1.000000,1.000000
-0.039466,0.034207,0.038317,-0.001519,-0.023340,0.017600,-0.604721,-0.460575,-1.000000,-0.344645,-0.508169,-0.046112,-0.185342,-0.465878
-0.038450,0.037071,0.034198,-0.006262,-0.025882,0.023765,1.000000,0.595405,0.019639,-0.803022,1.000000,-0.664202,-1.000000,-0.942610
-0.037106,0.039931,0.029804,-0.009868,-0.027769,0.027450,-0.199489,-0.654648,1.000000,-0.449159,-0.422824,0.192356,1.000000,0.958657
-0.035241,0.043220,0.024589,-0.013254,-0.029526,0.030100,0.593610,0.279192,-0.066174,-0.962468,-1.000000,-0.338082,0.233466,0.170674
-0.032916,0.046694,0.019097,-0.017301,-0.031572,0.031683,0.162694,0.428552,-0.254954,-0.758455,1.000000,-1.000000,-1.000000,-0.851986
-0.030301,0.050043,0.013853,-0.021918,-0.033484,0.032769,-0.363497,0.339889,0.312092,-0.706544,0.771517,0.500371,-0.561047,0.851455
-0.026937,0.053860,0.007832,-0.026509,-0.035745,0.034741,-0.488876,-0.741565,1.000000,-0.300632,-0.662306,0.960644,1.000000,0.484920
-0.023423,0.057506,0.001921,-0.029860,-0.037557,0.036943,-0.086923,-0.353244,0.729856,-0.091521,0.995981,-0.189892,0.204997,0.632156
-0.019692,0.061102,-0.004078,-0.031456,-0.037667,0.037485,-0.525256,-0.312255,0.751179,0.384801,1.000000,-1.000000,0.024353,-0.120449
-0.015668,0.064707,-0.010195,-0.031293,-0.035590,0.035299,0.064314,-0.816331,1.000000,0.011845,0.488037,-1.000000,0.547479,-0.332302
-0.012242,0.067550,-0.014970,-0.029199,-0.031134,0.029840,0.703836,-0.397748,1.000000,-0.126688,0.670117,-0.823925,1.000000,-1.000000
-0.009206,0.069928,-0.018464,-0.025220,-0.024714,0.020170,-0.608518,0.057475,1.000000,-0.688554,1.000000,0.887323,0.217453,0.027599
-0.007232,0.071508,-0.019838,-0.019896,-0.018329,0.008583,0.437002,-0.680432,0.512781,-0.585965,0.843828,1.000000,-0.503085,0.548764
-0.006049,0.072646,-0.019676,-0.013407,-0.012554,-0.000940,0.834411,-1.000000,0.774581,0.512509,0.958206,-0.689642,-0.809417,-0.177558
-0.006049,0.073203,-0.018154,-0.004135,-0.006975,-0.009506,0.370606,0.460310,1.000000,-0.442130,0.718259,-1.000000,-0.201474,1.000000
-0.007340,0.073329,-0.014941,0.006082,-0.002104,-0.018545,0.079500,-0.322521,0.010160,0.207276,0.585361,-0.201783,1.000000,-0.358828
-0.009313,0.073037,-0.011122,0.013021,0.002366,-0.023865,0.450903,-0.761271,-0.551872,0.902537,0.515453,-0.912081,-0.917697,0.570895
-0.011701,0.072469,-0.007001,0.015846,0.004850,-0.023771,-0.633620,0.034530,-0.765822,0.636272,1.000000,0.633530,-0.724148,0.718870
-0.013907,0.071794,-0.003426,0.016580,0.006410,-0.022341,0.009187,-1.000000,0.325855,-0.356473,0.555394,-1.000000,1.000000,-1.000000
-0.016172,0.070850,-0.000099,0.016658,0.008737,-0.019200,-0.510763,-0.767397,-0.260715,0.193679,-0.101534,-1.000000,-0.123971,1.000000
-0.018103,0.069802,0.002383,0.016409,0.010948,-0.015504,0.434673,0.092746,-0.145143,-0.438613,0.040562,-0.487837,1.000000,-0.199986
-0.020056,0.068521,0.004561,0.016227,0.012700,-0.012572,0.028330,-0.471691,-0.499069,0.258183,0.213688,-0.736908,1.000000,-0.314956
-0.021737,0.067242,0.006161,0.015901,0.014002,-0.009988,0.277436,0.283645,-1.000000,0.033554,1.000000,-0.300962,-0.821306,-0.181801
-0.023458,0.065802,0.007605,0.015572,0.014746,-0.008341,0.152001,-0.032342,0.045394,0.145048,-0.373061,-0.185912,0.456387,0.972920
-0.024962,0.064432,0.008701,0.015218,0.015341,-0.006847,-0.135240,-0.565660,0.760840,-0.261309,-1.000000,-0.419649,-0.037287,-0.450581
-0.026511,0.062905,0.009637,0.014933,0.015974,-0.005402,0.127583,0.002130,-0.656608,0.410945,-0.448709,-0.805451,-0.478402,0.331527
-0.027864,0.061455,0.010227,0.014716,0.016668,-0.003684,0.590785,-0.670526,-1.000000,-1.000000,0.262752,1.000000,0.794165,-0.093596
-0.029217,0.059831,0.010453,0.014400,0.017633,-0.001307,-0.247316,-0.276760,0.432860,0.138389,-0.446971,-0.154687,0.385850,0.640895
-0.030362,0.058298,0.010350,0.013860,0.018365,0.000648,-0.167269,-0.291106,0.013182,-0.099173,1.000000,0.508107,0.053705,1.000000
-0.031484,0.056613,0.009941,0.013154,0.018944,0.002358,-0.333219,-0.277473,-1.000000,-0.856319,0.321104,-0.989857,0.609507,-1.000000
-0.032416,0.055044,0.009338,0.012358,0.019380,0.003765,-0.843154,-0.168074,0.462123,-0.526532,1.000000,-1.000000,-1.000000,-1.000000
-0.033327,0.053328,0.008493,0.011625,0.019814,0.004876,0.147715,-0.372698,-0.237232,-0.158223,-1.000000,0.650445,1.000000,1.000000
-0.034082,0.051734,0.007518,0.010934,0.020182,0.006094,-0.186627,-0.251756,0.155083,0.550499,0.316099,-0.246465,-0.270056,0.528724
-0.034838,0.050004,0.006303,0.010481,0.020441,0.007013,0.161809,0.156474,-0.142546,-0.443893,1.000000,-0.980043,-0.912553,0.496742
-0.035504,0.048418,0.005116,0.010149,0.020415,0.007417,0.042511,0.196463,-0.157721,-0.475731,0.116175,-0.372010,0.838410,-1.000000
-0.036181,0.046722,0.003800,0.009648,0.020246,0.007594,-0.287504,-0.245592,-0.645058,-0.767796,-0.532635,-1.000000,0.047984,-0.195642
-0.036694,0.045200,0.002541,0.008312,0.019812,0.007865,-0.236770,-0.123194,-0.889118,-1.000000,-0.071074,0.295781,-0.329159,1.000000
-0.037072,0.043636,0.001062,0.006463,0.019065,0.008537,-0.127353,0.023373,-0.104047,0.193950,1.000000,0.915471,1.000000,0.296492
-0.037263,0.042280,-0.000469,0.004787,0.018264,0.009573,-0.451709,-0.300891,-1.000000,-0.298274,0.565345,-1.000000,0.941432,-0.609600
-0.037256,0.040924,-0.002398,0.002735,0.017367,0.011123,-0.178449,0.397398,-0.417593,0.377880,1.000000,0.190432,-1.000000,0.152414
-0.037060,0.039771,-0.004452,0.000826,0.016574,0.012832,0.087593,0.165687,-0.546185,-0.013929,1.000000,0.128741,0.523592,0.163226
-0.036697,0.038621,-0.006931,-0.000578,0.015796,0.014304,-0.374332,-0.657783,0.625461,-0.559430,1.000000,-0.091925,0.783931,-0.990288
-0.036292,0.037613,-0.009302,-0.001386,0.015242,0.014814,-0.153478,0.353345,-0.258526,-0.385522,0.401310,0.379170,-0.666176,0.632952
-0.035724,0.036590,-0.011980,-0.002753,0.014589,0.015456,0.444556,0.052342,-0.848131,-1.000000,1.000000,1.000000,0.000033,-0.211619
-0.034988,0.035745,-0.014574,-0.005194,0.013509,0.016209,0.246559,-0.635661,0.351374,-1.000000,0.755235,-1.000000,0.456933,0.622349
-0.033974,0.034936,-0.017448,-0.007581,0.012352,0.016591,0.222202,0.191300,0.409490,-0.018685,0.230247,1.000000,-0.102723,-0.212872
-0.032864,0.034229,-0.020032,-0.009811,0.011667,0.016129,-0.661855,0.059781,-0.357251,-0.795498,0.237462,1.000000,0.250237,-1.000000
-0.031423,0.033505,-0.022701,-0.012683,0.010981,0.015408,0.026320,0.124014,-0.181766,-0.520029,0.411837,-0.682503,-0.156177,1.000000
-0.029919,0.032895,-0.025142,-0.014827,0.010120,0.015255,-0.088233,0.385554,0.035151,0.339571,-0.029216,-1.000000,1.000000,1.000000
-0.028214,0.032265,-0.027775,-0.015741,0.009633,0.015192,-0.643661,-0.044257,0.728680,-0.042503,-0.896338,0.329071,0.836271,-0.889102
-0.026590,0.031684,-0.030129,-0.016472,0.009376,0.014705,-0.486090,-0.503084,0.590317,-0.463032,0.723469,-0.207173,-0.153737,-0.580068
-0.024795,0.031039,-0.032531,-0.017103,0.009296,0.013868,-0.225034,0.108684,-0.005489,0.160156,0.546421,0.071220,0.716737,-0.185721
-0.023151,0.030395,-0.034563,-0.017192,0.009536,0.012688,0.324172,0.052756,1.000000,-0.318138,0.481199,0.383022,0.984507,-0.392180
-0.021480,0.029557,-0.036316,-0.016541,0.010611,0.010127,-0.089731,0.086525,0.808689,-0.367228,1.000000,-0.793699,0.056685,-0.619911
-0.020063,0.028667,-0.037538,-0.015511,0.011575,0.007630,-0.182866,0.023287,-0.636742,0.386597,0.625719,-0.032509,-1.000000,-0.752902
-0.018641,0.027643,-0.038599,-0.014577,0.011978,0.006123,-0.650265,0.384219,0.800503,-0.302759,-0.167463,-1.000000,-0.442023,-1.000000
-0.017543,0.026617,-0.039058,-0.012592,0.012549,0.002871,-0.972631,-0.555564,0.911417,-0.196294,-0.411068,-1.000000,1.000000,1.000000
-0.016654,0.025381,-0.038673,-0.010127,0.013341,-0.002223,-0.341796,-0.037078,-0.008159,0.729760,0.051700,-0.356663,1.000000,0.474682
-0.016032,0.024136,-0.037590,-0.008431,0.014139,-0.006763,-0.057506,0.311733,0.143235,0.018673,-1.000000,-0.544347,0.479910,-1.000000
-0.015530,0.022665,-0.035791,-0.007014,0.015171,-0.010382,0.662004,0.064321,0.237407,-0.150289,0.088647,-0.934175,0.180013,-0.430675
-0.015166,0.021236,-0.033779,-0.006024,0.015832,-0.012569,-0.567473,-0.225078,-0.563301,0.781689,0.581037,-0.078581,0.717127,-0.977910
-0.014789,0.019693,-0.031434,-0.005863,0.015720,-0.013534,-0.449778,-0.325964,-0.246804,-0.333838,-0.651556,0.673528,-1.000000,-0.516626
-0.014427,0.018299,-0.029196,-0.005960,0.015358,-0.013987,0.144169,-0.056715,-0.376925,0.371276,-0.692714,-0.477625,0.139549,-1.000000
-0.014013,0.016828,-0.026797,-0.006054,0.014959,-0.013842,0.610866,0.499391,-0.656638,0.102607,-0.131016,-0.548913,0.489025,-1.000000
-0.013610,0.015505,-0.024629,-0.006160,0.014609,-0.013549,-0.063273,-0.754800,-1.000000,-0.570177,-1.000000,-0.033614,0.732065,0.223972
-0.013122,0.014128,-0.022406,-0.006545,0.014087,-0.012824,0.113671,0.138989,-1.000000,-0.077206,-0.221644,0.799985,-0.510682,1.000000
-0.012618,0.012915,-0.020500,-0.007010,0.013498,-0.011915,-0.078455,-0.567945,0.504860,-0.028671,0.265158,-1.000000,1.000000,-0.412638
-0.012041,0.011636,-0.018508,-0.007227,0.013181,-0.011486,-0.492542,-0.187466,-0.045356,0.149542,-0.022081,0.334395,-0.291647,-0.192745
-0.011466,0.010493,-0.016742,-0.007597,0.012804,-0.011028,-0.827094,0.451738,-0.925807,-0.304545,-0.276084,1.000000,0.081640,0.582986
-0.010770,0.009320,-0.014988,-0.008288,0.012210,-0.010132,0.700568,-0.367483,-0.348799,0.452060,-0.026189,-1.000000,1.000000,-0.500275
-0.010075,0.008315,-0.013599,-0.008760,0.011388,-0.008674,0.458395,0.289341,-0.312047,1.000000,1.000000,-0.758033,-0.076119,-0.037273
-0.009287,0.007326,-0.012416,-0.009003,0.010471,-0.006830,0.137593,0.040918,-0.284630,-0.042634,-1.000000,0.168585,-0.240031,-0.123055
-0.008553,0.006476,-0.011552,-0.008968,0.009813,-0.005393,0.722536,-0.156803,0.274975,0.075591,0.036907,1.000000,0.525018,0.420121
-0.007797,0.005593,-0.010803,-0.008471,0.009483,-0.004327,0.360312,-0.275661,0.328694,-0.161851,1.000000,0.587209,0.651630,-0.551312
-0.007161,0.004792,-0.010294,-0.007676,0.009378,-0.003175,0.447708,-0.241669,0.422523,0.183837,1.000000,-0.689884,-1.000000,0.831668
-0.386858,-0.407911,0.254535,-0.000000,0.000000,-0.000001,0.000000,0.000000,0.000000,0.000000,0.000000,0.000000,0.000000,0.000000
-0.386850,-0.407921,0.254544,0.000041,-0.000002,-0.000066,-0.342497,1.000000,-1.000000,-0.591174,-0.427279,-0.230776,-0.519918,0.971376
-0.386805,-0.407968,0.254585,0.000102,-0.000041,-0.000258,0.021807,0.087759,-1.000000,-0.974124,0.402518,-1.000000,0.009553,0.790915
-0.386678,-0.408040,0.254658,-0.000369,-0.000188,-0.000423,0.288978,0.402379,-1.000000,-0.609921,0.828854,-1.000000,-1.000000,0.805195
-0.386366,-0.408124,0.254774,-0.001953,-0.000671,-0.000719,-0.097140,0.660351,-1.000000,-1.000000,0.010946,-1.000000,0.247106,-1.000000
-0.385691,-0.408067,0.254901,-0.005629,-0.002327,-0.000736,-0.592595,0.383320,-1.000000,-0.982974,-0.122177,-0.457487,1.000000,0.356666
-0.384919,-0.407488,0.254758,-0.011367,-0.004830,0.000892,-0.525703,-0.046377,-1.000000,-0.296166,-0.704117,0.115940,-0.484238,0.808841
-0.383751,-0.406419,0.254373,-0.018251,-0.006624,0.002224,-0.777818,0.843423,-1.000000,-0.374297,1.000000,-1.000000,-0.179713,-0.928322
-0.381881,-0.405389,0.254121,-0.026091,-0.008647,0.001574,0.283189,0.456793,-1.000000,-0.738385,-1.000000,-1.000000,1.000000,-0.804911
-0.378741,-0.404182,0.254085,-0.035014,-0.012801,0.000204,-0.220584,1.000000,-1.000000,-0.673156,-0.519772,-1.000000,0.012416,1.000000
-0.374745,-0.402774,0.254296,-0.044380,-0.019732,-0.001314,-0.376906,0.334121,-1.000000,-0.590703,-1.000000,-0.703133,0.214879,1.000000
-0.369692,-0.400358,0.254426,-0.053687,-0.028223,-0.000751,-0.907062,0.465504,-1.000000,-0.164314,-0.169622,0.581220,0.497525,0.023486
-0.364596,-0.397085,0.254286,-0.062791,-0.037046,0.000876,-0.420463,0.174568,-1.000000,-0.647976,-0.048749,-1.000000,0.812801,-1.000000
-0.358750,-0.392325,0.253726,-0.071895,-0.045223,0.003231,0.406409,0.325412,-1.000000,0.510723,0.543401,-1.000000,-0.352369,-0.035289
-0.353101,-0.386980,0.252810,-0.080703,-0.051344,0.005727,0.288864,-0.062527,-1.000000,-0.296336,-0.383597,-1.000000,-0.130790,0.412131
-0.346856,-0.380090,0.251211,-0.089918,-0.056162,0.009220,-0.038496,0.461416,-1.000000,-0.398179,-1.000000,-1.000000,0.744048,0.036675
-0.341253,-0.372430,0.248954,-0.098713,-0.061830,0.014110,0.477270,0.207106,-1.000000,0.246874,-0.422492,-0.001451,0.946464,0.359294
-0.335601,-0.362644,0.245507,-0.106215,-0.066686,0.019889,0.223289,0.098182,-1.000000,0.946618,0.558917,-0.057897,-0.060188,1.000000
-0.330506,-0.352628,0.241568,-0.113694,-0.069414,0.024603,0.061856,0.325376,-1.000000,0.232315,0.342591,-0.916572,-0.770985,0.027962
-0.325048,-0.340833,0.236443,-0.121943,-0.070665,0.029580,0.050880,-0.290011,-1.000000,0.894755,-0.893731,-1.000000,0.178939,-1.000000
-0.320457,-0.328701,0.230500,-0.129755,-0.071500,0.037150,-0.108432,0.049790,-0.801757,0.079742,-0.558957,-1.000000,1.000000,0.123613
-0.316179,-0.313936,0.222448,-0.137253,-0.072031,0.046455,0.471414,-0.091404,-0.907646,0.021083,-0.323723,0.194516,1.000000,-0.489054
-0.312978,-0.298642,0.213308,-0.143865,-0.072475,0.057127,-0.122442,-0.501862,0.089746,0.471675,-0.334738,1.000000,0.716205,-1.000000
-0.310183,-0.280309,0.201478,-0.150240,-0.071379,0.068235,0.319423,0.523546,-0.434544,0.452226,0.135131,0.067611,-0.236662,-0.141135
-0.307756,-0.262192,0.189071,-0.156162,-0.069274,0.077561,0.101330,0.648781,0.142428,0.064074,0.382876,-1.000000,1.000000,1.000000
-0.304640,-0.242249,0.174778,-0.160075,-0.064402,0.082414,0.031572,0.042805,0.574734,0.227571,1.000000,-1.000000,-0.200140,0.496404
-0.300823,-0.224554,0.161575,-0.162012,-0.057828,0.082571,0.010255,0.571431,0.404566,-0.329926,1.000000,0.085818,-0.832443,-0.065065
-0.295478,-0.206713,0.147770,-0.162558,-0.050381,0.079618,-0.052088,0.252987,0.248216,-0.152148,1.000000,-1.000000,-0.121429,-1.000000
-0.289462,-0.191641,0.135698,-0.162443,-0.044296,0.075471,0.408485,0.722306,0.347565,0.015250,0.007247,0.200716,-0.306563,0.784304
-0.281753,-0.177056,0.123792,-0.161250,-0.039859,0.068693,-0.517941,0.954984,1.000000,0.576929,-0.968882,0.285195,1.000000,-0.961687
-0.273580,-0.165286,0.114226,-0.159128,-0.038391,0.059787,0.844497,0.463226,0.384684,0.180810,1.000000,-1.000000,-0.982712,-0.632632
-0.263838,-0.154171,0.105389,-0.156290,-0.037981,0.050976,0.534375,0.390625,0.454766,0.521770,-0.133537,-0.079210,-0.566605,0.049783
-0.254288,-0.145275,0.098609,-0.152016,-0.038581,0.042360,-0.190048,0.233263,0.171996,-0.067922,-1.000000,1.000000,1.000000,-0.095981
-0.243579,-0.136947,0.092674,-0.147033,-0.039149,0.034261,-0.011417,0.347169,0.687280,0.731207,1.000000,-0.265777,-0.714888,0.369921
-0.233655,-0.130220,0.088267,-0.140418,-0.039785,0.027538,-0.562164,-0.177212,0.540458,0.504125,-0.136873,-0.383100,-1.000000,1.000000
-0.223136,-0.123597,0.084227,-0.133514,-0.040063,0.023301,0.556879,0.201564,0.190682,0.649373,-1.000000,-1.000000,-0.046246,-0.931403
-0.213934,-0.117692,0.080740,-0.125466,-0.041096,0.021786,0.198554,-0.070478,0.433157,1.000000,-0.392599,-1.000000,0.995197,-1.000000
-0.204903,-0.111270,0.076826,-0.115014,-0.041583,0.022590,-0.108147,-0.248142,1.000000,0.721582,-0.664115,-0.630332,0.300608,1.000000
-0.197602,-0.105572,0.073198,-0.101873,-0.039958,0.022680,-0.182935,-0.238845,0.161469,0.918953,1.000000,0.720605,1.000000,1.000000
-0.190769,-0.099606,0.069099,-0.089826,-0.037488,0.023643,0.322829,-0.592274,-0.316632,-0.209363,0.179267,-1.000000,0.091139,-1.000000
-0.185372,-0.093878,0.064698,-0.080440,-0.036680,0.027508,0.207890,-0.087644,-0.179573,1.000000,0.120557,-0.712618,-0.115782,-1.000000
-0.180510,-0.087223,0.058969,-0.071654,-0.036307,0.033048,-0.277927,0.169754,-0.146634,-0.050533,0.129017,0.865238,1.000000,0.855776
-0.176525,-0.081136,0.053367,-0.065429,-0.034503,0.035041,-1.000000,-0.206777,1.000000,-0.446323,-1.000000,0.581267,1.000000,0.978129
-0.172464,-0.074952,0.047467,-0.060801,-0.031838,0.034027,-0.141520,0.244186,0.109312,-0.027290,0.563778,-1.000000,-1.000000,-0.760735
-0.168867,-0.069521,0.042131,-0.057469,-0.030103,0.033335,0.358071,0.471747,-0.151754,-0.132515,0.192603,-1.000000,-0.182260,-0.710294
-0.165043,-0.064000,0.036622,-0.054977,-0.028459,0.031790,-0.044667,-0.014834,1.000000,-0.606446,-1.000000,0.400476,0.215406,1.000000
-0.161561,-0.059376,0.032030,-0.052207,-0.026597,0.028684,-0.120855,0.351784,-0.096818,-0.555232,-1.000000,0.017106,-0.859628,0.057689
-0.157792,-0.054733,0.027477,-0.050587,-0.025581,0.026277,-0.525613,0.608810,-0.436233,-0.872786,-0.019682,-1.000000,-0.473742,-1.000000
-0.154261,-0.050686,0.023569,-0.049911,-0.025067,0.024434,0.095737,-0.219154,-0.707918,-0.348521,-1.000000,0.677467,1.000000,-0.116482
-0.150364,-0.046531,0.019609,-0.049597,-0.024517,0.022832,-0.506229,0.585305,-0.631889,-0.475646,0.254234,0.125376,0.232149,-0.911640
-0.146698,-0.042929,0.016344,-0.049252,-0.024503,0.020422,-0.414870,0.412332,0.164584,-0.250910,1.000000,0.365838,-0.589700,0.831750
-0.142677,-0.039276,0.013271,-0.048655,-0.024550,0.017721,-0.508076,-0.054136,0.195855,0.014818,-0.474583,-0.074470,-0.292118,-0.673832
-0.138932,-0.036087,0.010708,-0.048286,-0.024271,0.016017,-0.319795,-0.552443,0.211260,0.416565,1.000000,-0.642849,0.199594,-1.000000
-0.134845,-0.032781,0.008067,-0.048148,-0.023647,0.015236,0.069518,-0.297823,-0.209740,0.401979,0.002996,-0.759406,1.000000,0.404478
-0.131047,-0.029853,0.005719,-0.048065,-0.023016,0.014680,-0.682553,-0.073201,0.121534,-0.443142,0.068692,-0.351814,1.000000,0.597513
-0.126880,-0.026826,0.003307,-0.048257,-0.022358,0.013920,-0.449726,0.006114,0.154884,-0.675216,-0.444254,0.350500,0.319466,-0.261604
-0.122666,-0.023944,0.001026,-0.048373,-0.021663,0.013160,0.256544,-0.024454,-0.350982,0.258742,1.000000,0.117400,-0.290254,-0.849508
-0.118745,-0.021395,-0.000981,-0.048429,-0.021113,0.012537,-0.938615,0.311880,-0.651071,0.034900,-0.925940,-0.767256,0.715368,-0.336204
-0.114741,-0.018977,-0.002838,-0.049131,-0.020548,0.011608,-0.929848,0.082064,1.000000,0.583907,-0.763185,-0.198658,-0.093214,1.000000
-0.110317,-0.016510,-0.004632,-0.049771,-0.019994,0.010349,0.731599,0.826388,-0.330968,-0.305222,1.000000,-0.636322,0.933047,-0.143157
-0.106244,-0.014338,-0.006035,-0.049354,-0.020078,0.008770,0.297416,0.345193,-0.329294,-0.068344,-0.032983,-1.000000,1.000000,0.216719
-0.101870,-0.012066,-0.007309,-0.048667,-0.020282,0.007347,0.652620,-0.293562,-0.573941,-0.714477,0.357949,0.289774,-1.000000,1.000000
-0.097869,-0.010029,-0.008357,-0.048133,-0.020264,0.006557,-0.789106,-0.072029,0.825652,0.138958,0.750205,0.568144,-1.000000,-1.000000
-0.093564,-0.007901,-0.009358,-0.047629,-0.020001,0.005770,-0.694205,-0.212579,0.549512,-0.988098,-1.000000,-1.000000,0.525265,-1.000000
-0.089604,-0.006042,-0.010104,-0.047358,-0.019512,0.004661,0.577980,0.094887,0.033361,-0.332563,-0.177940,0.126011,1.000000,-1.000000
-0.085363,-0.004159,-0.010683,-0.046726,-0.018908,0.003340,0.754833,0.492785,0.834413,0.620722,1.000000,1.000000,1.000000,0.678450
-0.081539,-0.002557,-0.010936,-0.045563,-0.018270,0.001581,0.577755,0.086277,-0.359309,-0.612478,0.202040,1.000000,-0.342884,0.018266
-0.077490,-0.000914,-0.011007,-0.044497,-0.017843,0.000413,0.442420,-0.229292,0.385671,-0.585351,0.593153,-1.000000,-0.416254,1.000000
-0.073867,0.000493,-0.010883,-0.043089,-0.017099,-0.000774,0.293680,-0.695891,0.897492,0.046275,0.620231,-1.000000,-0.744841,0.022514
-0.070121,0.001868,-0.010503,-0.041209,-0.016093,-0.002198,-0.052218,-0.028846,-0.389965,-0.276528,1.000000,0.351930,0.605171,0.277972
-0.066786,0.003040,-0.010020,-0.039731,-0.015216,-0.003015,0.384209,-0.682033,0.370213,-0.033295,-0.867953,-1.000000,0.507562,0.762590
-0.063311,0.004215,-0.009387,-0.038270,-0.014378,-0.003655,-0.244086,0.413779,-0.335514,0.918534,0.011351,-0.582056,-0.971645,-1.000000
-0.059480,0.005489,-0.008608,-0.036572,-0.013608,-0.003892,0.858404,-0.189952,0.554457,0.438423,1.000000,-0.473135,0.654075,-0.585838
-0.056662,0.006351,-0.007888,-0.033688,-0.011860,-0.004498,0.087243,0.060619,1.000000,0.611129,0.936501,-0.959143,-0.221423,0.223790
-0.053987,0.007009,-0.006704,-0.029636,-0.009540,-0.006829,-0.023300,-0.006493,0.366094,0.069033,0.124068,0.153426,-1.000000,0.626700
-0.051830,0.007431,-0.005267,-0.026076,-0.007943,-0.008992,-0.333512,-0.140953,-0.334980,0.208608,0.707824,-0.143039,-0.392135,0.353058
-0.049699,0.007802,-0.003512,-0.023843,-0.007210,-0.010116,-0.818843,0.317819,-0.210513,0.275692,-0.614206,-1.000000,1.000000,-0.678636
-0.047913,0.008079,-0.001745,-0.021778,-0.006582,-0.011048,0.286324,-0.236486,0.577797,0.787531,0.012145,-1.000000,0.582613,-0.286149
-0.046276,0.008309,0.000244,-0.018527,-0.005827,-0.011475,-0.934573,-0.500722,-0.038550,0.772800,0.460750,1.000000,1.000000,-0.068468
-0.045049,0.008508,0.001997,-0.015153,-0.005404,-0.010956,0.384154,-0.853441,0.293021,-0.292834,0.110794,0.110709,-0.058607,-1.000000
-0.044005,0.008742,0.003714,-0.011962,-0.005235,-0.009905,-0.705210,-0.056141,0.098802,1.000000,0.432922,0.065745,0.765256,-0.088446
-0.043353,0.009010,0.004988,-0.008177,-0.005289,-0.007968,0.429640,-0.148930,-0.001471,-0.028717,-0.954638,-1.000000,0.705563,0.831824
-0.042906,0.009293,0.006174,-0.005274,-0.004886,-0.006834,-0.944120,-0.437700,-0.011220,0.075674,1.000000,-1.000000,-0.307831,0.211142
-0.042650,0.009545,0.007144,-0.003379,-0.004562,-0.006069,0.449403,0.280206,-0.482949,-0.330265,1.000000,-0.457603,-0.273965,-0.768793
-0.042480,0.009829,0.008069,-0.002179,-0.004479,-0.005333,-0.336433,-0.394470,0.169372,0.376661,0.248656,-0.213610,1.000000,0.137360
-0.042412,0.010076,0.008853,-0.001087,-0.004193,-0.004900,0.412198,-0.082889,0.253861,-0.282685,0.224684,-0.703016,-1.000000,1.000000
-0.042408,0.010309,0.009719,-0.000353,-0.003821,-0.004996,-0.382625,0.094162,0.319581,-0.059546,0.915504,-0.129205,0.497979,-1.000000
-0.042431,0.010500,0.010541,-0.000033,-0.003580,-0.005142,-0.267095,-0.430027,-0.838448,-0.789183,-0.299006,-0.307214,1.000000,0.075813
-0.042456,0.010706,0.011392,-0.000037,-0.003511,-0.004911,0.387102,-0.190549,-0.259905,0.963958,-1.000000,-1.000000,0.216275,-0.266484
-0.042488,0.010900,0.012104,0.000097,-0.003438,-0.004446,-0.226874,-0.306230,-1.000000,-0.223465,-1.000000,0.422891,-0.275641,0.036506
-0.042515,0.011114,0.012810,0.000031,-0.003394,-0.004072,-0.344352,0.152228,0.979112,-0.545085,0.684293,-0.089900,1.000000,0.861402
-0.042533,0.011362,0.013602,-0.000091,-0.003369,-0.003964,-0.128191,-0.258834,0.188138,0.032284,0.677568,0.107772,1.000000,0.924485
-0.042535,0.011561,0.014213,-0.000233,-0.003335,-0.003817,0.091337,-0.385152,-0.819047,0.008382,0.859359,-0.772808,-0.663365,-0.912218
-0.042517,0.011778,0.014803,-0.000431,-0.003259,-0.003403,0.457535,-0.487463,-0.703696,0.113141,1.000000,-1.000000,-0.525920,-1.000000
-0.042467,0.011985,0.015219,-0.000772,-0.003115,-0.002594,-0.568599,-0.451129,-0.268319,-0.278879,-1.000000,0.108127,0.671160,1.000000
-0.042298,0.012314,0.015565,-0.001450,-0.002980,-0.001442,-0.809164,-0.349724,-0.138934,-0.114811,-1.000000,0.101174,1.000000,0.946939
-0.042117,0.012573,0.015610,-0.002167,-0.003161,-0.000282,0.542292,0.306376,-1.000000,-0.222147,0.870155,-1.000000,1.000000,-0.540521
-0.041880,0.012931,0.015448,-0.002540,-0.003698,0.000935,0.723520,-0.043930,0.034080,0.353767,0.947095,-0.666040,-0.077391,-0.589065
-0.041630,0.013300,0.015146,-0.002832,-0.003914,0.001888,-0.177918,-0.627477,0.013903,0.197180,0.678416,-0.602346,-1.000000,0.509292
-0.041323,0.013717,0.014641,-0.003136,-0.003864,0.002909,0.564614,-0.151727,-0.336775,-0.426878,1.000000,-0.696207,-0.338436,0.061929
-0.041006,0.014125,0.013989,-0.003445,-0.003842,0.004077,0.077584,-0.123992,-0.380504,0.532587,-0.312284,-0.058536,0.514075,-0.593861
-0.040615,0.014595,0.013064,-0.003838,-0.003862,0.005339,-0.333543,-0.541671,-0.154246,-1.000000,-0.694938,-0.262726,-0.783696,-0.324426
-0.040205,0.015029,0.011999,-0.004304,-0.003540,0.006656,0.116413,-0.593252,0.386003,0.063912,-1.000000,-1.000000,0.549501,-1.000000
-0.039718,0.015472,0.010627,-0.004624,-0.002966,0.007912,-0.338469,-0.020225,-0.193805,0.114673,-0.996810,-0.829173,1.000000,0.236242
-0.039248,0.015863,0.009248,-0.004799,-0.002615,0.008619,0.127809,0.185763,0.073734,-0.537823,-0.294338,0.269038,1.000000,-0.369590
-0.038720,0.016273,0.007713,-0.004961,-0.002428,0.008861,-1.000000,-0.054396,-0.193274,-0.488048,0.953022,0.091513,-0.728276,-0.832160
-0.038214,0.016642,0.006275,-0.005134,-0.002305,0.008981,0.257127,-0.141709,-0.291636,0.449136,0.493080,0.097292,-0.596603,-1.000000
-0.037647,0.017031,0.004684,-0.005316,-0.002182,0.009184,0.172165,-0.450308,0.269140,-0.424708,-1.000000,-0.043860,1.000000,1.000000
-0.037104,0.017375,0.003197,-0.005520,-0.002001,0.009296,-0.680360,0.071976,0.574325,-0.405181,-0.758622,-1.000000,1.000000,-0.973546
-0.036493,0.017708,0.001654,-0.005777,-0.001693,0.008896,-0.012475,0.315615,0.234565,-0.978635,-0.444483,0.204580,-0.426138,-1.000000
-0.035905,0.017958,0.000362,-0.006143,-0.001210,0.008078,0.153852,-0.247297,-0.721329,-0.064480,0.731825,1.000000,1.000000,-1.000000
-0.035232,0.018149,-0.000853,-0.006637,-0.000597,0.007008,-0.427245,-0.007470,-0.304260,-0.934752,-0.542638,0.180211,-0.044606,0.785000
-0.034541,0.018170,-0.001582,-0.007723,0.000716,0.004552,-0.608580,-0.216239,0.419621,-0.884976,-0.482130,-0.521688,-1.000000,-1.000000
-0.033723,0.018005,-0.001890,-0.008808,0.002180,0.001783,-0.377371,0.871288,-0.706736,0.470046,0.704773,-1.000000,1.000000,-1.000000
-0.032938,0.017780,-0.001948,-0.009297,0.002745,0.000361,-0.085204,0.142581,0.030581,0.004654,0.497651,0.138931,1.000000,1.000000
-0.032073,0.017516,-0.001890,-0.009540,0.002842,-0.000338,-0.267372,0.121864,-0.375520,0.697212,-0.033993,-0.352399,-0.504704,0.431693
-0.031270,0.017276,-0.001811,-0.009621,0.002764,-0.000493,0.646596,-0.743505,-0.308990,-0.257390,0.924371,-0.632799,0.922926,-1.000000
-0.030399,0.017017,-0.001726,-0.009619,0.002746,-0.000489,0.090771,-0.063193,0.339756,-0.032266,-0.782924,-0.737401,1.000000,-0.855173
-0.029597,0.016777,-0.001640,-0.009607,0.002768,-0.000538,-0.443359,-0.081322,-0.028730,-0.320153,1.000000,0.518198,-1.000000,0.365359
-0.028729,0.016513,-0.001537,-0.009598,0.002797,-0.000592,0.724424,-0.306641,-0.017264,0.103096,0.133607,-0.947118,1.000000,-0.542401
-0.027930,0.016267,-0.001444,-0.009559,0.002826,-0.000580,-0.377875,-0.162094,0.245607,0.012169,-1.000000,-1.000000,1.000000,-0.775459
-0.027069,0.015994,-0.001349,-0.009518,0.002903,-0.000548,0.263113,-0.582790,0.141736,-0.440963,0.587990,-1.000000,-0.799472,-1.000000
-0.026278,0.015726,-0.001264,-0.009468,0.003106,-0.000536,0.133538,-0.146096,0.134294,-0.464616,-1.000000,-0.580824,0.144368,0.908604
-0.025421,0.015409,-0.001145,-0.009488,0.003376,-0.000687,-0.398201,0.012341,-0.709811,-0.333303,0.113424,1.000000,1.000000,-0.065680
-0.024629,0.015104,-0.001018,-0.009508,0.003517,-0.000795,-0.162407,0.068271,-0.276302,0.419809,0.777896,-1.000000,-0.073619,-0.139944
-0.023769,0.014783,-0.000904,-0.009502,0.003429,-0.000652,-0.551310,0.451966,-1.000000,0.324007,1.000000,-0.207892,-0.966080,0.749330
-0.022964,0.014522,-0.000876,-0.009594,0.003080,-0.000178,-0.099276,0.238050,-0.350716,0.216655,-1.000000,0.065177,1.000000,0.133666
-0.022083,0.014281,-0.000912,-0.009668,0.002678,0.000208,-1.000000,-0.303292,0.219193,0.814871,0.657527,-1.000000,0.138397,0.382949
-0.021250,0.014099,-0.000930,-0.009913,0.002180,0.000111,-0.575128,-0.246605,-0.481143,-0.436946,0.417141,-0.169294,-0.487281,-1.000000
-0.020315,0.013954,-0.000908,-0.010276,0.001582,-0.000124,0.144200,0.392322,-0.106442,0.196566,1.000000,-0.894284,1.000000,-0.508983
-0.019439,0.013872,-0.000878,-0.010436,0.000944,-0.000187,-0.603660,-0.096432,-0.208050,0.535265,0.054334,0.593931,0.881926,0.277460
-0.018473,0.013856,-0.000817,-0.010659,0.000140,-0.000355,-0.373731,0.216690,-0.226126,0.047626,0.017626,-0.401292,0.294352,0.430820
-0.017582,0.013916,-0.000783,-0.010620,-0.000737,-0.000212,-0.218498,-0.036802,0.381541,0.944235,-0.293968,0.389030,1.000000,-1.000000
-0.016665,0.014097,-0.000916,-0.010016,-0.001907,0.000769,-0.519875,-0.111801,-0.500937,0.204480,0.146878,-0.411616,0.864947,0.819164
-0.015880,0.014358,-0.001208,-0.009186,-0.002929,0.001825,0.272066,-0.596876,-0.144842,0.249149,0.281126,-0.330715,-0.451094,0.533135
-0.015122,0.014733,-0.001757,-0.008063,-0.003818,0.003170,-0.363369,0.423037,-0.245397,0.236046,0.489787,-0.788806,0.158761,-1.000000
-0.014480,0.015157,-0.002417,-0.007277,-0.004673,0.004121,-0.180154,-0.551659,1.000000,-0.314481,1.000000,-0.416980,0.109212,-0.691144
-0.013846,0.015686,-0.003292,-0.006504,-0.005375,0.005048,0.213669,-0.255945,0.262212,0.830169,1.000000,0.531348,-0.233071,0.084579
-0.013361,0.016258,-0.004368,-0.005149,-0.006260,0.006727,-0.468365,-0.203245,0.374584,0.173540,0.219364,-0.180617,0.564030,-1.000000
-0.012937,0.016959,-0.005651,-0.003933,-0.007115,0.007404,-1.000000,0.219509,0.788482,0.177731,1.000000,-0.053027,0.329158,0.270282
-0.012633,0.017658,-0.006741,-0.002923,-0.007786,0.006804,-0.141290,-0.616862,-0.407394,0.094103,-1.000000,0.374915,1.000000,0.452854
-0.012353,0.018463,-0.007910,-0.002372,-0.008343,0.006749,0.047320,-0.444857,-0.165149,-0.114544,0.429911,-1.000000,0.854026,-0.651218
-0.012105,0.019239,-0.008964,-0.002223,-0.008753,0.006587,-0.459605,0.035831,-0.015000,-0.361492,1.000000,-0.893249,-0.448747,-1.000000
-0.011831,0.020096,-0.010025,-0.002303,-0.008980,0.006125,0.527406,0.012888,-0.312103,-0.594213,0.955522,-0.948974,0.754815,0.438503
-0.011578,0.020870,-0.010944,-0.002322,-0.008794,0.005736,0.081991,-0.058015,1.000000,-0.048644,-0.020012,0.762386,0.112470,1.000000
-0.011332,0.021640,-0.011752,-0.002121,-0.008148,0.004665,-0.140640,-0.147833,0.402145,-0.036476,-0.028313,0.805723,-0.296267,-0.919916
-0.011138,0.022301,-0.012348,-0.001823,-0.007609,0.003723,-0.439020,-0.202250,-0.413343,0.801123,-0.765330,-1.000000,0.030208,-0.238743
-0.010935,0.023000,-0.012945,-0.001770,-0.007459,0.003448,-0.403401,-0.676024,-0.115539,-0.774907,0.189243,-0.792021,0.882416,1.000000
-0.010718,0.023620,-0.013482,-0.002125,-0.007165,0.003353,-0.446720,-0.634238,0.011202,-0.345561,-0.478565,-0.084323,1.000000,-0.357615
-0.010435,0.024268,-0.014083,-0.002622,-0.006891,0.003470,0.214681,0.212588,-0.574173,-0.351169,1.000000,-0.153584,0.979805,-0.052240
-0.010143,0.024853,-0.014598,-0.003008,-0.006770,0.003215,-0.694713,0.063927,0.837854,-0.463127,-0.451729,0.284423,0.893599,-1.000000
-0.009809,0.025447,-0.015018,-0.003307,-0.006375,0.002425,0.786616,-0.218466,0.395721,0.152660,-0.544398,0.409674,-0.499520,1.000000
-0.009507,0.025943,-0.015289,-0.003332,-0.005809,0.001692,0.168993,-0.005332,0.042055,0.506244,-0.145603,0.146033,0.276989,0.332901
-0.009192,0.026440,-0.015486,-0.003285,-0.005389,0.001135,-0.034134,-0.172927,-0.092208,-0.325453,0.335264,-1.000000,-0.144394,1.000000
-0.008917,0.026858,-0.015569,-0.003201,-0.004956,0.000522,0.089266,-0.042297,0.606841,-0.221647,-0.946880,0.156664,0.508285,0.941648
-0.008639,0.027253,-0.015516,-0.003096,-0.004355,-0.000307,0.303681,-0.340135,-0.210372,0.259599,0.148192,-0.791973,1.000000,-0.220981
-0.008405,0.027557,-0.015366,-0.002940,-0.003667,-0.000936,0.914849,-0.348695,0.579401,-0.125154,1.000000,-0.840426,-1.000000,-1.000000
-0.008215,0.027736,-0.014916,-0.002521,-0.002097,-0.002599,-0.839606,-0.461161,0.860279,0.196233,0.170750,0.403436,0.665063,-0.368347
-0.008144,0.027647,-0.013889,-0.001904,0.000735,-0.006417,-0.463189,-0.186509,0.672314,-0.187912,-1.000000,-0.735464,0.305557,-0.163350
-0.008235,0.027176,-0.011834,-0.000964,0.004603,-0.011856,-0.018368,-0.390098,0.533361,0.348979,0.787763,0.498408,0.707096,-0.943638
-0.008416,0.026425,-0.009198,-0.000517,0.008116,-0.016475,-0.108293,-0.029298,-0.253655,0.750383,0.608299,-1.000000,1.000000,-1.000000
-0.008646,0.025461,-0.006045,-0.000341,0.009654,-0.018185,0.460688,-0.165086,-0.397756,0.142430,0.457994,-0.042772,-0.909446,-0.708468
-0.008859,0.024552,-0.003156,-0.000218,0.009882,-0.018062,-1.000000,-0.328663,-0.338752,0.415417,-1.000000,0.197240,0.945205,0.463470
-0.009084,0.023616,-0.000222,-0.000006,0.009370,-0.016918,0.058190,0.353413,-0.990975,0.089965,0.494661,-0.866733,-0.881091,0.063117
-0.009314,0.022841,0.002180,0.000620,0.008410,-0.015025,0.555386,-0.383963,-0.286915,0.863783,0.154953,-1.000000,-0.662564,-0.850625
-0.009626,0.022165,0.004199,0.001842,0.006774,-0.011644,-0.013689,-0.261809,-1.000000,0.332135,0.678387,0.811509,0.693110,0.940165
-0.009966,0.021689,0.005512,0.002958,0.005188,-0.008205,-0.413583,-0.369936,-1.000000,-0.220970,-0.816942,-1.000000,0.921356,0.885825
-0.010349,0.021306,0.006435,0.003520,0.003897,-0.005329,0.440516,-0.064514,-0.075975,-0.064802,0.899251,-1.000000,-0.393655,0.133311
-0.010725,0.021034,0.006949,0.004066,0.003032,-0.003211,-0.021763,-0.002547,0.227626,0.363954,0.266583,-1.000000,0.813917,-1.000000
-0.011161,0.020793,0.007243,0.004572,0.002537,-0.001695,-0.183751,-0.496407,0.128402,-0.399327,0.733891,-0.794685,0.321677,0.362282
-0.011569,0.020584,0.007347,0.004778,0.002451,-0.000652,-0.241792,-0.281252,-0.186102,0.322588,0.952840,1.000000,0.909122,0.912015
-0.012033,0.020379,0.007237,0.005174,0.002296,0.000636,0.143645,-0.164119,-0.231057,0.496994,1.000000,-0.085052,-0.358658,-1.000000
-0.012472,0.020240,0.006865,0.005510,0.001825,0.002322,-0.052325,-0.161558,-1.000000,-0.276267,-0.737618,-1.000000,-1.000000,-0.618724
-0.012932,0.020138,0.006245,0.005489,0.001387,0.003578,0.177246,0.183798,0.764221,-0.304941,0.314349,-0.862482,0.467846,1.000000
-0.013347,0.020048,0.005634,0.005407,0.001360,0.003819,-0.466686,-0.034653,0.997035,-1.000000,-1.000000,0.470794,0.954841,-0.263980
-0.013783,0.019948,0.004958,0.005254,0.001415,0.003901,-0.094730,-0.480996,-1.000000,0.102061,-0.061998,-0.699533,-0.857069,-1.000000
-0.014167,0.019853,0.004297,0.005070,0.001465,0.004129,0.214115,-0.122792,-0.418912,0.010003,1.000000,1.000000,-0.503968,-0.772696
-0.014556,0.019746,0.003510,0.004815,0.001563,0.004541,-0.058738,-0.755532,0.215362,0.019655,0.639265,-0.187501,1.000000,0.204699
-0.014872,0.019625,0.002651,0.004399,0.001914,0.005370,0.224296,-0.489129,0.498879,-0.518467,-0.984612,-1.000000,0.384779,-0.615522
-0.015170,0.019455,0.001589,0.003990,0.002403,0.006126,-0.121774,0.094811,0.254315,-0.883025,1.000000,-1.000000,-0.152987,0.089097
-0.015407,0.019254,0.000614,0.003532,0.002952,0.006095,-0.511785,-0.183590,0.502025,-0.571779,-1.000000,0.707270,0.617996,-0.137287
-0.015615,0.018978,-0.000368,0.002940,0.003551,0.005662,-0.203462,-0.080694,-0.915336,-0.248830,0.853064,-1.000000,0.352509,-0.606592
-0.015755,0.018667,-0.001162,0.002228,0.004170,0.004967,0.113181,-0.129640,-0.504541,-0.773450,0.317992,-1.000000,0.214272,0.050603
-0.015808,0.018244,-0.001768,0.000969,0.004976,0.003498,-0.251719,0.018806,0.511467,-0.682651,0.356549,-0.585379,1.000000,0.929618
-0.015731,0.017752,-0.001985,-0.000765,0.005989,0.001355,0.313309,-0.326315,0.243905,-0.533312,-0.148497,0.438963,0.990199,-0.337900
-0.015528,0.017084,-0.001825,-0.002323,0.007245,-0.000920,0.645257,-0.075062,-0.000263,-0.045785,-0.450701,-1.000000,-0.328693,-1.000000
-0.015257,0.016359,-0.001377,-0.003520,0.008369,-0.002802,0.125430,0.357476,-0.710013,-0.535524,0.474860,0.354193,-1.000000,0.507373
-0.014815,0.015451,-0.000463,-0.005367,0.009500,-0.005274,-0.497170,-0.000737,0.351630,-0.871755,0.666729,1.000000,1.000000,-0.055786
-0.014225,0.014485,0.000891,-0.007812,0.010756,-0.008467,-0.008693,-0.422654,-0.185456,-0.284308,-0.078576,-1.000000,0.219040,-0.343894
-0.013458,0.013348,0.002694,-0.009326,0.011605,-0.010396,0.677135,-0.351253,0.335565,0.704094,1.000000,-0.417463,-1.000000,1.000000
-0.012708,0.012280,0.004397,-0.009774,0.011849,-0.010644,-0.481855,-0.189968,0.034877,0.000269,-0.940744,0.168071,0.422164,-0.194529
-0.011863,0.011115,0.006260,-0.010076,0.011987,-0.010750,-0.118099,-0.412071,-0.169297,-0.264095,0.826239,-1.000000,0.077739,-1.000000
-0.011055,0.010033,0.007976,-0.010332,0.012121,-0.010727,-0.284136,-0.131576,0.084968,0.115798,-0.484484,-0.245194,0.642628,0.941267
-0.010159,0.008869,0.009819,-0.010475,0.012075,-0.010629,-0.352319,0.284101,-0.456826,-0.055594,0.763030,-0.625674,1.000000,-1.000000
-0.009322,0.007813,0.011509,-0.010531,0.011936,-0.010566,0.141564,0.117917,-0.087070,0.425014,1.000000,-0.108456,1.000000,-0.755873
-0.008409,0.006694,0.013312,-0.010503,0.011708,-0.010398,0.207802,0.354706,-0.112437,0.982705,0.159389,-0.621119,0.212945,0.391666
-0.007571,0.005690,0.014919,-0.010381,0.011454,-0.010044,0.502512,-0.284249,-0.083710,0.081509,1.000000,-0.102480,-1.000000,0.680206
-0.006670,0.004620,0.016568,-0.010230,0.011324,-0.009509,0.414518,-0.605179,-0.261974,-0.342176,-0.335212,-0.943467,-0.500068,0.809270
-0.005841,0.003640,0.017999,-0.010105,0.011304,-0.008948,-0.214707,0.354490,-0.211909,-0.097325,0.117236,-1.000000,-0.986118,0.780132
-0.004954,0.002584,0.019423,-0.009930,0.011314,-0.008216,0.841866,-0.310085,-0.663835,0.149112,-0.477369,-0.266426,-0.128300,0.635296
-0.004142,0.001617,0.020517,-0.009780,0.011322,-0.006842,-0.598269,-0.108996,-1.000000,0.839656,0.712365,-0.305494,0.110665,0.551145
0.348516,-0.009430,0.401659,0.000001,-0.000000,0.000004,0.000000,0.000000,0.000000,0.000000,0.000000,0.000000,0.000000,0.000000
0.348506,-0.009449,0.401641,0.000132,-0.000024,0.000141,1.000000,-1.000000,-1.000000,1.000000,-0.865046,-1.000000,0.450842,-0.603447
0.348419,-0.009638,0.401451,0.000966,-0.000231,0.001187,0.548371,-1.000000,-1.000000,1.000000,0.531503,-1.000000,0.001792,-0.239417
0.348116,-0.010406,0.400680,0.003070,-0.000823,0.004445,0.023592,-0.466647,-0.526489,1.000000,-0.214272,-1.000000,1.000000,0.740106
0.347444,-0.012051,0.399018,0.007294,-0.002064,0.010396,1.000000,-0.610453,-0.381241,1.000000,-1.000000,-0.540046,1.000000,-0.833530
0.345937,-0.015562,0.395349,0.014781,-0.005418,0.021165,0.925705,-0.261348,-0.701523,1.000000,0.736910,0.303939,-0.650851,-0.677443
0.343426,-0.020927,0.389561,0.025841,-0.010974,0.036177,1.000000,-0.119583,-0.585630,1.000000,-0.594878,0.558571,0.555241,0.117736
0.339056,-0.028818,0.380796,0.040238,-0.017102,0.050538,0.238177,-0.352536,0.171485,1.000000,-0.780079,-0.227640,-0.676047,0.190875
0.333359,-0.037660,0.370793,0.055085,-0.021388,0.062551,-0.207424,-0.773558,-0.743809,1.000000,1.000000,0.178049,-1.000000,0.240381
0.325384,-0.048612,0.358300,0.068550,-0.023080,0.072054,0.269837,-0.532194,0.147757,1.000000,-1.000000,-0.636577,-0.070543,0.227968
0.316362,-0.059428,0.345848,0.081842,-0.022282,0.077844,-0.241540,-0.332165,0.762653,0.869163,0.510642,-0.435252,1.000000,0.985633
0.304865,-0.071638,0.331571,0.093538,-0.021039,0.082348,-0.541652,-0.637509,1.000000,0.144396,-0.974685,0.012013,0.515415,-1.000000
0.292654,-0.083311,0.317338,0.103657,-0.022429,0.088989,-0.221723,0.228004,0.310541,0.218866,-0.265262,-0.123765,0.935041,-1.000000
0.277520,-0.096217,0.300446,0.113154,-0.027449,0.097393,-0.160990,-0.107226,-0.480955,1.000000,-0.806415,-1.000000,1.000000,-1.000000
0.261634,-0.108215,0.283158,0.122097,-0.034841,0.108083,-0.395137,0.000626,-0.657084,-0.132800,0.060980,-0.470206,-0.632149,-0.760383
0.242758,-0.120622,0.262952,0.126173,-0.043639,0.116546,-0.639107,-0.152123,0.429252,-0.515905,-0.054073,0.304344,0.886147,-0.475676
0.224516,-0.130806,0.243786,0.125534,-0.050062,0.119797,-1.000000,0.306798,0.343207,-1.000000,0.265386,-0.679121,0.734504,1.000000
0.204581,-0.140017,0.223269,0.121370,-0.054721,0.118385,-0.800272,0.680155,0.411455,-1.000000,-0.028177,0.143918,0.149923,0.056857
0.186373,-0.146797,0.204803,0.116040,-0.057705,0.115430,-1.000000,0.845836,-0.110759,-1.000000,0.383685,0.225414,0.132865,-0.637942
0.167155,-0.152288,0.185530,0.109776,-0.060610,0.111149,-0.518733,0.517841,0.795627,-1.000000,1.000000,-0.429598,-0.783006,0.475566
0.150166,-0.155619,0.168711,0.103715,-0.062904,0.105115,-0.664680,0.853890,-0.750147,-1.000000,1.000000,-0.784780,-0.338139,0.173349
0.132968,-0.157309,0.151959,0.096780,-0.065889,0.096678,-0.140746,0.471931,0.425324,-1.000000,0.945709,-1.000000,0.850467,-0.502842
0.118569,-0.157208,0.138237,0.089255,-0.067694,0.085781,-1.000000,-0.023475,0.332775,-1.000000,1.000000,0.194435,-0.410202,-1.000000
0.104982,-0.155531,0.125762,0.080600,-0.068144,0.071953,-0.096755,0.735142,0.452654,-1.000000,0.083598,1.000000,-0.150784,-0.391437
0.094386,-0.152835,0.116737,0.073162,-0.066789,0.056416,-0.459004,0.340574,0.704576,-1.000000,-1.000000,0.164701,0.280464,1.000000
0.085079,-0.148878,0.109776,0.065317,-0.065772,0.040168,-1.000000,0.515181,-0.145198,-0.781676,0.835970,-1.000000,-0.190952,0.270538
0.078598,-0.144371,0.105965,0.055855,-0.065649,0.023816,-0.397703,-0.659066,-0.503937,-0.809902,1.000000,-0.949568,-0.266796,-0.404359
0.073720,-0.138863,0.104336,0.045463,-0.064892,0.009392,-0.098654,0.048985,-1.000000,-0.575327,0.382896,-0.707561,-0.079870,-0.009586
0.070921,-0.133306,0.104756,0.035507,-0.065020,-0.002623,-0.466499,0.107171,0.687014,-1.000000,-0.534127,-1.000000,1.000000,0.186910
0.069646,-0.126836,0.107173,0.025111,-0.065132,-0.013943,-0.592187,0.071626,-0.782525,-0.919028,-1.000000,0.385332,0.300851,-1.000000
0.070210,-0.118969,0.112591,0.015098,-0.063463,-0.027095,0.153014,0.228017,-0.974812,0.113994,0.735238,0.132342,-0.806933,-1.000000
0.071615,-0.112503,0.118501,0.009420,-0.061217,-0.036938,-0.272163,-0.224529,-0.444478,0.572113,1.000000,0.285523,-0.181949,-1.000000
0.073542,-0.105435,0.125796,0.006947,-0.059314,-0.042087,0.151471,-0.792640,-0.850718,-0.132038,-1.000000,0.717184,-1.000000,-0.142211
0.075440,-0.098940,0.132875,0.005104,-0.057552,-0.044247,0.062229,-0.701768,-0.927366,1.000000,0.252147,0.123124,0.475751,-0.160150
0.077443,-0.091985,0.140481,0.003723,-0.056292,-0.043867,0.170202,-1.000000,-0.379147,-0.154118,0.270780,-0.860042,1.000000,0.902606
0.079173,-0.085673,0.147244,0.002463,-0.055307,-0.042268,0.193819,-0.918112,0.489814,0.436469,-1.000000,-1.000000,0.871436,0.703374
0.080876,-0.079013,0.154078,0.001295,-0.054284,-0.039413,0.767714,-0.715580,-1.000000,0.686407,1.000000,0.621792,0.734993,-0.347344
0.082358,-0.073105,0.159539,-0.001648,-0.053700,-0.034153,0.820758,-0.860684,-0.859790,0.719860,1.000000,-1.000000,0.419400,-1.000000
0.083903,-0.067149,0.163817,-0.006263,-0.053215,-0.024681,0.010531,-0.803961,-1.000000,0.955270,0.742449,-1.000000,-1.000000,-0.883045
0.085284,-0.062244,0.165641,-0.011852,-0.052576,-0.011379,0.693196,-0.721234,-0.247582,0.298697,-0.702319,-1.000000,0.936615,-1.000000
0.087135,-0.056208,0.163837,-0.017522,-0.051786,0.007525,0.066802,-0.823852,0.030280,0.766938,-0.306230,0.216344,1.000000,0.261961
0.088414,-0.052452,0.158210,-0.021768,-0.050350,0.028127,0.047686,-0.614729,0.504227,0.573058,-0.817900,1.000000,-0.157587,0.818218
0.089209,-0.050270,0.151321,-0.023203,-0.048566,0.043021,0.273983,-0.177691,0.336827,0.547180,0.643884,-0.470293,0.125438,-0.179143
0.089681,-0.048783,0.141322,-0.023051,-0.046909,0.057756,0.471923,-0.547077,1.000000,0.588010,-0.211188,-1.000000,1.000000,-1.000000
0.089600,-0.048339,0.129384,-0.021548,-0.044880,0.074569,0.197505,-0.679545,1.000000,0.748065,1.000000,-1.000000,0.513004,-0.181676
0.088842,-0.048910,0.113491,-0.019403,-0.042201,0.091678,0.645959,-0.227175,0.792153,0.267166,1.000000,1.000000,0.386538,-1.000000
0.087690,-0.050259,0.097007,-0.017854,-0.037928,0.103077,-0.196078,-0.341330,1.000000,-0.298655,1.000000,0.207106,1.000000,-0.084083
0.086231,-0.052344,0.079039,-0.016642,-0.030542,0.103546,-0.335768,0.497450,1.000000,-0.579259,1.000000,-0.664512,-0.731873,0.970224
0.084298,-0.055107,0.060396,-0.012204,-0.020930,0.093356,0.378989,1.000000,1.000000,-0.475179,1.000000,-1.000000,-0.390195,-0.669699
0.082447,-0.057368,0.047784,-0.004723,-0.012304,0.078694,-0.776061,0.320803,0.321385,0.038278,-0.206046,0.252900,-0.449740,1.000000
0.080034,-0.059694,0.036370,0.003331,-0.006516,0.065888,-0.831628,0.847906,1.000000,0.021761,0.245212,0.975034,-0.591270,0.230320
0.077346,-0.061646,0.028232,0.013533,-0.000887,0.050897,-0.516047,0.693771,1.000000,-0.884809,0.750648,-1.000000,1.000000,-1.000000
0.073946,-0.063504,0.022666,0.025373,0.005653,0.032097,-0.250709,1.000000,1.000000,0.017532,0.639369,0.508040,-0.862937,1.000000
0.070225,-0.064830,0.020612,0.039412,0.010126,0.012838,-0.186953,1.000000,-0.060177,0.997558,0.686309,-0.150488,-1.000000,0.441954
0.065502,-0.065703,0.021293,0.053423,0.011253,-0.003928,-1.000000,0.323883,0.329582,0.012109,0.032105,-1.000000,-0.173532,-0.726112
0.059338,-0.065919,0.025145,0.066228,0.009643,-0.019259,-0.291161,0.433859,-0.333939,0.062617,0.806412,-1.000000,-0.114807,1.000000
0.054162,-0.065603,0.029951,0.073386,0.006996,-0.030034,-0.053601,0.130445,-0.800649,0.447796,-0.237971,-0.554474,1.000000,-0.188707
0.048561,-0.065028,0.036200,0.075586,0.005508,-0.036053,-0.092367,-0.188078,-1.000000,-0.137755,1.000000,-1.000000,0.372193,-0.066589
0.043458,-0.064467,0.042461,0.075872,0.004842,-0.039142,-0.286321,-0.140644,-0.698462,0.171687,-0.569993,0.396723,-1.000000,-0.014066
0.037991,-0.063966,0.049469,0.075547,0.005176,-0.040423,-0.155156,-0.681414,-1.000000,0.061676,-0.602949,-0.949539,-0.222252,0.780671
0.033028,-0.063682,0.055939,0.074482,0.005970,-0.040443,-0.154741,-0.661343,-1.000000,-0.775571,-0.143730,-1.000000,1.000000,-0.429727
0.027816,-0.063565,0.062811,0.072277,0.006705,-0.039634,-0.619154,-0.221361,-1.000000,-0.318927,-0.895810,-0.831427,0.871455,-1.000000
0.023203,-0.063586,0.068776,0.069053,0.006593,-0.037289,0.759196,-0.197621,-1.000000,-0.471684,1.000000,0.805287,0.897911,-0.364651
0.018427,-0.063658,0.074358,0.064681,0.005371,-0.032201,0.177373,0.006202,-1.000000,-0.541589,-1.000000,0.795532,0.320955,0.054844
0.014255,-0.063659,0.078365,0.059218,0.002837,-0.025050,-0.287309,-0.057601,-1.000000,0.213140,-1.000000,0.324436,-1.000000,-0.096070
0.010097,-0.063544,0.081337,0.052188,0.000226,-0.017139,-0.426398,-0.359281,-1.000000,0.176691,-1.000000,-0.181125,-0.450090,1.000000
0.006661,-0.063276,0.082757,0.044277,-0.002647,-0.008874,-0.828769,-0.644756,-0.799921,-0.091927,-1.000000,0.407600,0.386575,-0.925857
0.003340,-0.062651,0.082557,0.036072,-0.006910,0.001151,-0.204504,-1.000000,-1.000000,-0.355425,-0.298955,-0.314472,0.728934,-1.000000
0.000567,-0.061629,0.080437,0.028046,-0.012426,0.013259,0.152121,0.251138,-1.000000,-1.000000,-1.000000,-0.830744,0.984871,-0.099169
-0.002093,-0.059980,0.076173,0.020153,-0.018137,0.024590,-0.818793,0.188358,0.118277,-1.000000,-0.207566,-0.432686,-0.289160,0.647207
-0.004003,-0.058143,0.071219,0.011631,-0.021402,0.030968,-0.943812,-0.244380,0.154571,-1.000000,0.938020,-0.770325,-0.226657,-0.735827
-0.005355,-0.056007,0.065538,0.003459,-0.022584,0.032775,-0.375993,0.234992,-0.321850,0.163856,-0.517213,-0.130640,0.336269,-1.000000
-0.006077,-0.053997,0.060261,-0.002441,-0.022775,0.032976,-0.368538,0.281319,0.923863,-0.631495,-1.000000,0.416844,0.258395,-0.421793
-0.006328,-0.051954,0.055099,-0.006861,-0.021288,0.029778,-0.389030,0.251871,0.110472,-0.697593,0.169434,-1.000000,0.992652,1.000000
-0.006123,-0.050196,0.050921,-0.010556,-0.019896,0.026127,0.300105,0.253202,0.187254,0.179987,0.217094,-1.000000,-0.117579,-0.055136
-0.005601,-0.048362,0.046768,-0.012917,-0.019215,0.023946,-0.582494,0.117945,-0.987451,0.185725,1.000000,1.000000,-0.298773,-1.000000
-0.004877,-0.046682,0.043141,-0.015180,-0.019211,0.022675,-0.531555,-0.068210,-0.070866,0.211876,-0.468085,-0.783479,0.785767,1.000000
-0.003819,-0.044882,0.039489,-0.017511,-0.019128,0.021064,-0.969913,-0.015420,0.496571,0.413302,-0.484096,-1.000000,-0.593656,0.083137
-0.002569,-0.043260,0.036465,-0.019958,-0.018854,0.018907,0.147079,-0.284894,0.460400,0.000092,0.529118,1.000000,1.000000,-0.017125
-0.001005,-0.041547,0.033485,-0.021634,-0.018537,0.017186,-0.374729,-0.193268,0.017313,0.656920,-0.415635,0.001326,1.000000,-0.084408
0.001005,-0.039633,0.030344,-0.023047,-0.018118,0.015710,-0.029782,0.080355,0.885310,0.730508,1.000000,-0.260525,-1.000000,0.583139
0.002693,-0.038160,0.028087,-0.023444,-0.017609,0.014108,-0.160902,-0.737139,0.700553,-0.332152,1.000000,-1.000000,0.459197,0.395076
0.004585,-0.036678,0.026086,-0.023430,-0.016466,0.011542,-0.446191,-0.794320,0.684446,-0.528580,-1.000000,-1.000000,0.527941,-0.032219
0.006370,-0.035469,0.024779,-0.023041,-0.014616,0.008173,0.550118,0.751939,0.259969,0.497570,1.000000,-0.005475,0.324121,-0.343117
0.008279,-0.034296,0.023795,-0.022186,-0.013105,0.005676,0.187597,0.245926,-0.405464,0.542160,1.000000,1.000000,1.000000,-0.666490
0.010378,-0.032993,0.022719,-0.021083,-0.012666,0.005375,-0.429740,0.027821,-0.804072,1.000000,1.000000,-0.579485,-0.771522,1.000000
0.011874,-0.031952,0.021686,-0.019099,-0.012796,0.006459,-0.211445,-0.207499,0.335405,0.316508,0.585101,-0.927898,-0.900458,0.472120
0.013222,-0.030833,0.020312,-0.016326,-0.012857,0.007926,-0.216907,-0.082699,-0.098958,1.000000,-0.259174,0.306011,0.716323,-0.438385
0.014071,-0.029778,0.018545,-0.012153,-0.013426,0.011045,0.068636,-0.500235,0.593902,0.320308,0.012713,-0.216573,0.260924,-0.071255
0.014499,-0.028643,0.016105,-0.007210,-0.013655,0.014074,0.068319,-0.581657,1.000000,0.737110,1.000000,-0.944330,-0.681411,1.000000
0.014389,-0.027666,0.013584,-0.001395,-0.012989,0.015762,-0.089403,0.679245,0.189472,-0.200007,-0.298929,-1.000000,1.000000,-0.923104
0.013821,-0.026494,0.010214,0.002606,-0.012597,0.016852,1.000000,0.024574,-0.309667,-0.106041,0.555964,0.541075,1.000000,-0.771471
0.013045,-0.025463,0.006908,0.005499,-0.012885,0.019065,0.864298,-0.568939,0.162710,0.578383,1.000000,0.125626,0.257435,-1.000000
0.011754,-0.024235,0.002410,0.008852,-0.013421,0.022481,-0.058694,0.806362,0.235622,0.214231,1.000000,-0.157073,-1.000000,0.720062
0.010500,-0.023287,-0.001231,0.011632,-0.012877,0.022775,-0.343234,0.085718,1.000000,-1.000000,0.062667,0.408261,-1.000000,1.000000
0.008982,-0.022364,-0.004627,0.013938,-0.011352,0.019583,-0.064569,0.001434,0.399819,-0.349716,0.466911,-0.106014,-0.635098,-0.400766
0.007470,-0.021585,-0.007303,0.015765,-0.010166,0.016731,-0.561753,-0.132812,-0.484079,-0.205904,0.317079,0.914824,1.000000,-1.000000
0.005803,-0.020787,-0.009911,0.016371,-0.009436,0.015043,-0.299500,-0.419899,0.087690,-0.470406,0.041649,-0.577819,0.540580,-0.153120
0.004255,-0.020102,-0.012048,0.016761,-0.008621,0.013359,-0.411232,0.329654,0.414534,-0.705760,0.942722,0.852831,0.751616,1.000000
0.002572,-0.019444,-0.013974,0.017158,-0.007501,0.011112,-0.049148,0.412814,0.218109,-0.231676,1.000000,-1.000000,0.514520,-1.000000
0.001000,-0.018938,-0.015318,0.017737,-0.006161,0.008403,-0.223752,0.219413,0.540938,0.898607,1.000000,-0.011563,-1.000000,-1.000000
-0.000745,-0.018475,-0.016353,0.018499,-0.005112,0.005969,0.094185,0.341630,-0.804196,0.146888,-0.631212,-0.052172,-0.062805,1.000000
-0.002504,-0.018029,-0.017196,0.018805,-0.004889,0.004868,-1.000000,-0.406274,0.230299,0.178401,0.578096,-0.283914,1.000000,1.000000
-0.004104,-0.017612,-0.017757,0.018657,-0.004904,0.003499,-0.983033,-0.453847,0.016887,-1.000000,0.258885,-1.000000,0.466224,-0.533719
-0.005637,-0.017144,-0.017927,0.018138,-0.005554,0.001067,-0.952460,0.399247,-0.046452,-0.308718,0.858413,-1.000000,0.154711,-0.027824
-0.007210,-0.016525,-0.017551,0.017504,-0.006872,-0.002172,-0.037521,0.275310,-0.576535,-0.180048,1.000000,-0.850356,1.000000,-0.714862
-0.008612,-0.015868,-0.016829,0.017143,-0.008014,-0.004510,0.079396,0.493798,-1.000000,0.517619,-0.216328,-1.000000,1.000000,0.378841
-0.010342,-0.014951,-0.015493,0.017111,-0.009079,-0.006681,0.242775,0.767937,-0.214673,-0.554718,0.122847,0.331288,-0.901391,0.444106
-0.012079,-0.013935,-0.013641,0.017372,-0.010244,-0.009261,-0.429984,-0.241985,-0.006073,-0.391575,0.978133,-1.000000,-0.716723,0.722830
-0.013781,-0.012870,-0.011469,0.017117,-0.010924,-0.010863,0.647571,-0.057366,-0.244534,-0.661465,1.000000,-1.000000,-0.557992,-0.063231
-0.015203,-0.011940,-0.009493,0.016506,-0.011150,-0.011394,0.162455,-0.517099,-1.000000,0.280800,-0.897338,-0.133858,0.297340,-0.628274
-0.016462,-0.011054,-0.007788,0.015760,-0.011525,-0.010663,0.235742,-0.144624,-0.608541,-0.140808,-0.444941,0.434915,-0.054342,-0.011310
-0.017751,-0.010050,-0.006126,0.014801,-0.011968,-0.009581,0.424134,0.058445,0.170454,-0.660887,-1.000000,-0.955032,1.000000,1.000000
-0.019161,-0.008854,-0.004382,0.013956,-0.012321,-0.008721,-0.063725,-0.258030,-0.343437,0.093837,-1.000000,0.764228,0.340066,0.270654
-0.020226,-0.007848,-0.003170,0.013076,-0.012834,-0.007575,0.010128,0.016587,-0.589930,-0.456861,0.753188,0.532859,0.022477,-0.760032
-0.021253,-0.006685,-0.002117,0.011567,-0.013524,-0.006076,0.162716,-0.121353,-0.783895,-0.741152,0.260238,-1.000000,-0.461705,-0.535057
-0.021998,-0.005516,-0.001480,0.009031,-0.014416,-0.003983,0.183537,0.218182,-0.693418,-0.176263,-0.533261,0.427283,0.099500,0.736994
-0.022560,-0.004112,-0.001273,0.006222,-0.015587,-0.001193,-0.233725,0.021325,-0.370706,0.082475,-0.855485,0.169705,0.629243,-0.769926
-0.022847,-0.002663,-0.001585,0.003358,-0.016994,0.001952,0.220915,-0.653437,-0.760399,-0.823840,-0.979024,-1.000000,-0.572847,0.541272
-0.022851,-0.000958,-0.002407,-0.000021,-0.018083,0.004745,-0.579098,-0.222704,0.053119,0.069760,0.361372,-0.227811,-0.617007,-0.397350
-0.022643,0.000667,-0.003402,-0.002515,-0.018494,0.006219,-0.101598,0.085599,-0.127093,-0.521273,-0.121642,-0.956067,1.000000,-1.000000
-0.022237,0.002434,-0.004536,-0.004430,-0.018537,0.006538,-0.535782,-0.038526,0.539043,-0.615219,-0.572052,-1.000000,1.000000,0.072861
-0.021729,0.004038,-0.005481,-0.005966,-0.018301,0.005906,0.756222,-0.666948,-0.079984,-0.282789,1.000000,0.705461,0.669776,0.358011
-0.021031,0.005739,-0.006399,-0.007536,-0.018003,0.005297,-0.215779,-0.738920,-0.107003,-0.558169,-0.245921,0.552837,0.195892,-0.691614
-0.020246,0.007240,-0.007114,-0.009199,-0.017314,0.004472,0.206217,-0.177564,1.000000,-0.078350,-0.082485,-0.675883,0.457418,-0.246994
-0.019282,0.008783,-0.007750,-0.010430,-0.016510,0.003669,-0.485578,-0.177395,0.277161,-0.370236,0.659459,-0.689874,1.000000,0.892885
-0.018273,0.010124,-0.008137,-0.011883,-0.015686,0.002420,0.227783,0.099799,0.032113,-0.954306,1.000000,-0.252768,-0.903403,-0.894113
-0.017010,0.011452,-0.008181,-0.013867,-0.014562,0.000251,0.354829,-0.611874,-0.394811,-0.121701,0.242455,-0.464729,-1.000000,-0.085932
-0.015724,0.012598,-0.008041,-0.015365,-0.013739,-0.000877,0.301191,-0.012912,-0.688214,0.158756,0.041568,0.957346,-0.373059,0.072517
-0.014262,0.013804,-0.007847,-0.016153,-0.013351,-0.001119,0.247045,-0.094692,0.083627,-0.307788,-0.959530,-0.705035,0.208115,0.880966
-0.012886,0.014894,-0.007697,-0.016466,-0.013057,-0.000934,0.491211,-0.475782,1.000000,0.444514,-0.417334,-1.000000,1.000000,-1.000000
-0.011434,0.016025,-0.007666,-0.015970,-0.012452,-0.000177,0.194397,-0.654846,0.489098,0.071059,0.888566,-1.000000,-1.000000,-0.334315
-0.010033,0.017078,-0.007792,-0.015332,-0.011519,0.000722,-0.610833,-0.106570,0.098233,0.048166,0.556249,0.099212,0.027537,0.718587
-0.008762,0.017984,-0.007999,-0.014983,-0.010695,0.001297,0.363108,-0.525901,0.246619,-0.227227,-1.000000,1.000000,0.665667,0.633856
-0.007489,0.018801,-0.008397,-0.014876,-0.009600,0.002486,-0.113588,-0.874256,-0.208182,-0.013085,-0.044936,-0.816014,0.306080,0.672658
-0.006067,0.019553,-0.009214,-0.015113,-0.008052,0.004713,-0.020727,-0.163520,0.295878,0.276358,0.687185,0.321745,0.564242,0.261542
-0.004718,0.020119,-0.010319,-0.015242,-0.006494,0.006906,1.000000,-0.436585,-0.223951,-0.635124,0.687183,-0.615034,1.000000,-0.776126
-0.003260,0.020578,-0.012011,-0.014856,-0.004773,0.009764,-0.049475,-0.185077,0.281921,0.501575,-0.178809,-1.000000,-0.272400,0.955201
-0.001929,0.020884,-0.013912,-0.014376,-0.003408,0.011885,-0.136177,0.073488,-0.678962,-0.195853,0.210189,0.744516,-0.974122,1.000000
-0.000491,0.021130,-0.016213,-0.014152,-0.002556,0.013275,0.085378,-0.107580,0.651323,-0.334985,0.854601,0.061001,0.794922,0.911231
0.000827,0.021286,-0.018435,-0.013924,-0.001832,0.013890,-0.346904,0.278092,0.362041,-0.454646,1.000000,-1.000000,0.697247,-0.194826
0.002235,0.021389,-0.020803,-0.013728,-0.001203,0.013651,-0.557947,-0.373691,0.039830,0.120035,0.298344,0.449733,0.543682,0.063705
0.003519,0.021430,-0.022923,-0.013602,-0.000664,0.013261,-0.133132,0.623238,0.115834,0.356826,1.000000,0.695547,-0.426335,0.454704
0.004878,0.021422,-0.025105,-0.013316,-0.000185,0.012590,0.159945,0.075121,0.325684,-0.179177,1.000000,0.707247,0.010092,-1.000000
0.006077,0.021355,-0.026947,-0.012794,0.000459,0.011506,-0.286640,0.128468,0.572856,-0.002462,0.477948,-1.000000,-0.739104,-0.410268
0.007258,0.021193,-0.028614,-0.011762,0.001420,0.009621,-0.315249,0.402227,0.528473,-0.347892,-0.373773,0.342969,-0.152919,0.801400
0.008157,0.020929,-0.029632,-0.009895,0.002874,0.006368,-0.508633,0.340882,0.879596,0.720802,1.000000,1.000000,1.000000,-0.689861
0.008810,0.020443,-0.029826,-0.007029,0.005283,0.001118,0.610570,-0.341154,0.353778,0.191537,-0.500965,-0.601501,0.114310,0.550790
0.009093,0.019834,-0.029216,-0.003838,0.007451,-0.003815,-0.196676,0.275122,0.212527,0.422453,0.179578,-1.000000,-0.728020,-0.169552
0.009096,0.019076,-0.027932,-0.000914,0.008730,-0.007409,-0.453785,0.016027,-0.180240,-0.223346,0.042702,0.812698,-0.159405,-0.201784
0.008851,0.018340,-0.026333,0.001768,0.009298,-0.009993,-0.067898,0.341473,0.930121,0.562637,0.219620,-0.088349,-0.848575,-1.000000
0.008175,0.017510,-0.024041,0.005981,0.009815,-0.013220,-0.023118,0.199912,0.252793,0.542725,-0.089565,-0.868014,1.000000,0.666094
0.006837,0.016478,-0.020574,0.010922,0.010662,-0.017331,-0.481515,0.895296,-0.049962,0.624224,-0.749673,-1.000000,0.783394,1.000000
0.005416,0.015643,-0.017295,0.014904,0.010776,-0.020510,0.617227,0.050811,-0.667974,0.087415,1.000000,0.411903,-0.856683,-0.690468
0.003663,0.014767,-0.013553,0.017220,0.010309,-0.021576,0.467637,0.311392,-0.543082,0.165435,-1.000000,0.285740,-1.000000,0.989895
0.001927,0.013964,-0.009985,0.018692,0.010038,-0.022301,-0.485545,-0.382680,-0.352760,-0.219946,-1.000000,-1.000000,0.124318,1.000000
0.000030,0.013081,-0.006092,0.018978,0.009955,-0.022470,-0.326485,-0.348437,-0.615322,-0.484146,-0.709282,-1.000000,0.274665,-0.533334
-0.001692,0.012254,-0.002512,0.018748,0.009847,-0.022379,-0.413112,0.043828,-0.314522,-0.398306,-0.033986,0.456052,0.723621,-0.410228
-0.003512,0.011345,0.001338,0.018360,0.009745,-0.022189,0.387156,-0.185910,-0.437105,-0.363270,-0.945258,0.112928,1.000000,0.164021
-0.005146,0.010513,0.004855,0.017984,0.009442,-0.022006,-0.656566,0.982147,-1.000000,0.147426,1.000000,-0.257388,-0.767970,0.718841
-0.006820,0.009675,0.008585,0.017031,0.008535,-0.021499,-0.734034,-0.069055,-1.000000,-0.331621,0.069068,-0.468730,-0.399354,0.824817
-0.008168,0.008972,0.011858,0.014871,0.007522,-0.020456,-1.000000,-0.073244,-0.429091,0.567048,-0.594139,-0.629530,-0.286210,1.000000
-0.009368,0.008273,0.015134,0.012177,0.006753,-0.018905,0.473393,-0.558867,-0.561436,0.555130,-0.127604,-0.466227,1.000000,0.441111
-0.010213,0.007737,0.017633,0.009290,0.005500,-0.015619,-0.437503,-0.846390,-1.000000,0.198553,0.618687,0.770726,0.569481,-0.162472
-0.010741,0.007366,0.019494,0.005303,0.003424,-0.010735,-0.343167,-0.135965,-0.753709,-0.267462,1.000000,-1.000000,-0.338757,-0.810997
-0.010934,0.007154,0.020635,0.001985,0.002060,-0.007134,0.531509,0.275266,0.687121,0.239219,-1.000000,-1.000000,-0.259620,-0.087323
-0.011023,0.006970,0.021630,0.000737,0.001651,-0.005742,-0.386605,0.068917,0.160239,-0.330126,-1.000000,0.922567,1.000000,-0.414065
-0.011035,0.006835,0.022389,-0.000060,0.001288,-0.004747,-0.268896,-0.561760,-0.365516,0.347016,0.291438,-0.583332,0.287376,-0.128044
-0.010993,0.006725,0.023059,-0.000618,0.000954,-0.003859,0.043526,-0.210894,0.201473,-0.038731,1.000000,-0.929586,-0.769942,-0.208084
-0.010934,0.006634,0.023609,-0.000845,0.000857,-0.003442,0.354139,-0.325245,0.424540,-0.371832,-0.640106,0.505266,1.000000,-0.381866
-0.010858,0.006535,0.024165,-0.000961,0.000879,-0.003202,-0.794432,-0.157885,0.140612,0.172971,-0.914410,-1.000000,0.489777,0.208164
-0.010774,0.006438,0.024634,-0.001105,0.000962,-0.002933,0.053122,-0.452805,-0.286543,-0.031940,-0.692590,0.004799,-0.597944,-0.164514
-0.010670,0.006324,0.025067,-0.001242,0.001097,-0.002503,0.221769,-0.252954,-0.256343,-0.183545,1.000000,-0.546256,0.845492,-1.000000
-0.010560,0.006204,0.025373,-0.001380,0.001300,-0.001911,-0.312774,-0.517243,-0.072241,0.222417,-1.000000,-0.132345,1.000000,0.297290
-0.010422,0.006053,0.025573,-0.001563,0.001592,-0.001151,-0.077551,-0.152712,0.285012,-0.042637,0.066248,0.917445,-0.115556,0.098237
-0.010276,0.005894,0.025643,-0.001759,0.001867,-0.000440,-0.263790,-0.312919,-0.649340,0.134219,0.571080,-0.724490,1.000000,-1.000000
-0.010098,0.005705,0.025611,-0.001940,0.002091,0.000183,-0.568089,0.041796,0.107857,0.074902,1.000000,-1.000000,-0.544259,-0.006080
-0.009910,0.005513,0.025517,-0.002217,0.002311,0.000589,-0.308307,-0.560320,-0.064899,-0.732402,-0.799604,1.000000,0.393537,-0.579827
-0.009666,0.005280,0.025339,-0.002647,0.002623,0.001029,-0.360915,0.037467,0.476124,-0.052333,-0.085621,0.494799,0.217615,-0.227167
-0.009405,0.005047,0.025138,-0.003077,0.002853,0.001254,-0.170246,0.085988,-0.658056,0.116905,-0.495001,-1.000000,0.602625,0.023466
-0.009101,0.004786,0.024889,-0.003296,0.002947,0.001439,0.906919,0.230687,-0.406511,0.318033,-0.161673,-1.000000,0.276444,-0.934441
-0.008812,0.004558,0.024579,-0.003382,0.002821,0.001936,0.675980,-0.643847,-1.000000,0.397690,-0.242144,0.432805,1.000000,1.000000
-0.008486,0.004342,0.024058,-0.003504,0.002530,0.003008,-0.081461,-0.272657,0.227618,0.030809,-0.272307,0.245183,-0.277241,0.191328
-0.008174,0.004159,0.023446,-0.003608,0.002377,0.003826,0.128769,0.150955,-0.575007,-0.256998,0.106305,-0.404459,0.623389,0.374711
-0.007829,0.003988,0.022658,-0.003678,0.002101,0.004546,0.374683,-0.054580,0.099345,0.135462,0.574651,-1.000000,0.536717,0.537074
-0.007525,0.003852,0.021839,-0.003503,0.001857,0.005119,0.406649,-0.160949,-0.422584,0.279335,0.954291,0.737511,-0.450201,-0.190137
-0.007224,0.003733,0.020814,-0.003170,0.001575,0.005910,-0.436954,0.356515,-0.248402,0.655181,1.000000,1.000000,-1.000000,0.104944
-0.006992,0.003637,0.019737,-0.002611,0.001428,0.006733,-0.108131,-0.313345,0.103667,0.345632,0.100535,-0.489779,-1.000000,-0.139945
-0.006850,0.003552,0.018366,-0.001383,0.001267,0.007910,0.078987,0.218897,0.011650,0.899611,0.349238,0.050905,-0.425959,-0.194735
-0.006901,0.003523,0.016750,0.000818,0.000760,0.010096,0.359387,-0.579572,0.228567,0.167392,-0.418653,0.675245,0.975178,-1.000000
-0.007130,0.003550,0.014637,0.002779,0.000203,0.012195,-0.617264,-0.187538,0.606980,-0.015122,1.000000,-1.000000,0.749399,1.000000
-0.007452,0.003592,0.012510,0.004112,0.000069,0.013294,-0.514172,-0.116149,0.571362,-0.114104,-0.079477,-0.397439,0.992353,0.726252
-0.007864,0.003631,0.010155,0.004826,0.000178,0.013582,0.711657,0.250510,-0.141455,-0.429558,-0.324845,0.098474,0.247732,-0.513532
-0.008262,0.003666,0.007970,0.005036,0.000227,0.013660,0.019953,-0.263741,-0.411914,-0.367252,0.784325,-1.000000,-0.157352,-0.001423
-0.008692,0.003703,0.005600,0.005025,0.000258,0.013674,-1.000000,0.127378,-0.290766,0.187906,-0.629776,0.806106,-0.886405,1.000000
-0.009081,0.003738,0.003416,0.004942,0.000295,0.013655,0.262136,-0.107270,0.038325,-0.814612,-0.423320,-1.000000,0.004255,-0.042196
-0.009491,0.003775,0.001061,0.004806,0.000336,0.013584,0.383463,-0.103631,0.215505,-0.179411,1.000000,-0.972878,0.532980,-0.291853
-0.009858,0.003806,-0.001098,0.004684,0.000388,0.013495,-0.374999,0.109430,-0.160989,-0.445995,0.509636,0.384755,-0.010936,-0.298278
-0.010235,0.003836,-0.003401,0.004446,0.000457,0.013283,-0.600467,0.380705,-0.162586,-1.000000,-1.000000,0.294784,-0.369789,0.100020
-0.010537,0.003852,-0.005432,0.003890,0.000585,0.012695,-0.946704,0.279640,0.518145,-0.275587,0.498379,-1.000000,0.330565,-0.228472
-0.010805,0.003853,-0.007486,0.003215,0.000740,0.011845,-0.078826,-0.015182,-0.650282,0.030728,-1.000000,-0.117580,1.000000,-0.258428
-0.243391,0.399756,0.326690,-0.000000,-0.000000,0.000000,0.000000,0.000000,0.000000,0.000000,0.000000,0.000000,0.000000,0.000000
-0.243387,0.399757,0.326689,-0.000032,0.000001,0.000010,-0.316137,-1.000000,-1.000000,-0.128117,-1.000000,-0.296212,-0.665122,-0.101812
-0.243348,0.399765,0.326675,-0.000242,0.000022,0.000080,-0.150059,-1.000000,-1.000000,-0.283731,-1.000000,0.345135,-1.000000,-0.197817
-0.243147,0.399817,0.326595,-0.001193,0.000113,0.000502,0.204626,-1.000000,-0.713720,-1.000000,-1.000000,-0.768725,0.739633,-0.218264
-0.242298,0.400089,0.326195,-0.003809,0.000360,0.002305,-0.878846,-1.000000,-1.000000,0.275029,-1.000000,-0.515269,1.000000,-0.869804
-0.240192,0.400856,0.325121,-0.008975,0.000580,0.006710,0.186569,-1.000000,-1.000000,-0.800076,0.362540,0.174551,1.000000,-0.455460
-0.235653,0.402631,0.322771,-0.017278,-0.000130,0.013561,-0.873805,-1.000000,-0.965711,-0.283242,-1.000000,1.000000,0.195019,0.121640
-0.228685,0.405386,0.319175,-0.028638,-0.001416,0.022481,-0.392136,-1.000000,-1.000000,-1.000000,-0.916016,-1.000000,-0.193917,-0.227484
-0.217286,0.409640,0.313311,-0.042771,-0.001208,0.033829,0.031603,-1.000000,-0.896767,-0.479814,-0.542160,-0.724430,1.000000,0.633989
-0.202453,0.414863,0.305611,-0.057894,-0.001051,0.048137,0.781643,-1.000000,-0.633385,-0.208456,-1.000000,0.152144,1.000000,-0.125759
-0.181833,0.421485,0.295002,-0.073402,-0.001151,0.061179,0.198759,-1.000000,-0.616392,-1.000000,0.909440,0.412242,-1.000000,-0.622815
-0.159393,0.427540,0.283821,-0.089633,0.000836,0.069915,-0.875076,-1.000000,0.161899,-0.849448,0.344925,-1.000000,-0.621924,1.000000
-0.131865,0.433310,0.270447,-0.103578,0.006022,0.077132,-0.155659,-1.000000,0.289515,0.196508,-0.260641,-0.643893,0.594458,0.044245
-0.103382,0.437636,0.256696,-0.114879,0.011477,0.085951,0.307423,-1.000000,-1.000000,-0.257892,-0.554596,0.734186,1.000000,-0.096926
-0.069654,0.440794,0.240521,-0.124916,0.016797,0.093338,0.160640,-1.000000,0.964894,-0.163058,0.736476,0.621760,0.514371,-1.000000
-0.037013,0.441734,0.225055,-0.122523,0.021136,0.089233,0.568163,-1.000000,1.000000,-1.000000,-0.072996,-0.362170,0.456286,-0.630262
-0.000224,0.440203,0.207717,-0.150920,0.034383,0.108282,0.223530,-0.560476,1.000000,0.211766,1.000000,-0.265159,-0.455391,-0.350254
0.035141,0.436201,0.190903,-0.144329,0.040487,0.105110,0.683725,-0.570670,1.000000,0.345300,-0.442367,0.399027,1.000000,0.638804
0.074380,0.428812,0.171966,-0.146939,0.049773,0.109294,0.239410,-0.680709,1.000000,0.656939,0.435002,-0.957484,0.083829,-0.003144
0.110896,0.418848,0.153899,-0.146502,0.060145,0.112876,0.487491,-1.000000,1.000000,0.291348,0.094984,-1.000000,-0.743224,0.305596
0.149863,0.404396,0.133932,-0.142110,0.073396,0.115235,-0.048889,-0.276661,1.000000,0.989831,0.189443,-0.613779,0.345837,-1.000000
0.184127,0.387781,0.115635,-0.134227,0.087308,0.114307,0.669425,0.074317,1.000000,1.000000,0.954161,0.419690,0.222675,-0.773006
0.217905,0.367032,0.096735,-0.121887,0.100443,0.109042,0.069554,0.010116,1.000000,1.000000,0.757832,0.283647,1.000000,-0.971044
0.244947,0.346358,0.080806,-0.106631,0.110917,0.099594,-0.210703,0.379793,1.000000,0.403799,-0.240471,0.021759,-0.488707,0.775695
0.269012,0.323475,0.065605,-0.085809,0.118603,0.087681,0.739592,0.794294,1.000000,1.000000,0.175416,0.616779,0.029743,0.678898
0.286575,0.302338,0.053071,-0.059993,0.122603,0.078351,-0.145714,0.637591,1.000000,1.000000,0.843782,1.000000,-0.306463,0.714533
0.301039,0.279496,0.040465,-0.029871,0.123744,0.072744,1.000000,0.437652,1.000000,1.000000,0.019303,-0.330149,-1.000000,1.000000
0.310695,0.258186,0.028908,0.003465,0.121357,0.072201,0.292290,0.679171,1.000000,1.000000,1.000000,-0.218127,-1.000000,-1.000000
0.317947,0.234365,0.015327,0.038213,0.113582,0.078352,0.865816,0.330115,1.000000,0.179322,-0.582573,0.258298,-1.000000,-1.000000
0.321983,0.211511,0.001176,0.072185,0.101067,0.088420,-0.135199,0.631166,0.925435,1.000000,1.000000,-0.298865,-0.435687,1.000000
0.323342,0.186150,-0.015918,0.104716,0.085404,0.098609,-0.881841,0.389073,0.930184,0.001533,0.225165,-0.138100,-0.981441,0.635823
0.321606,0.163192,-0.032554,0.131289,0.069259,0.104064,-0.549292,0.203992,0.662148,-0.716121,0.997889,0.600819,0.155380,-0.253342
0.316196,0.140328,-0.049993,0.152303,0.055014,0.100580,-1.000000,0.906405,0.953798,-1.000000,0.571017,-1.000000,0.951781,0.347626
0.307755,0.122325,-0.064171,0.171171,0.045056,0.088631,-1.000000,0.929416,0.972860,-1.000000,0.821347,-0.080059,0.564439,0.506594
0.295053,0.106720,-0.076773,0.190017,0.036563,0.072654,-0.627900,0.719831,0.717027,-1.000000,1.000000,0.098499,-0.142768,-0.942931
0.280550,0.095660,-0.086158,0.208649,0.027570,0.058679,-0.897962,0.331354,1.000000,-1.000000,1.000000,-0.321781,-0.163189,-0.500907
0.262259,0.087299,-0.093788,0.225334,0.017688,0.044019,-0.010397,0.503601,0.480702,-1.000000,0.700631,-0.410797,0.432045,0.975094
0.243081,0.083037,-0.097741,0.241039,0.011887,0.024714,-0.721024,0.674291,-0.077270,-1.000000,1.000000,-0.088268,1.000000,0.276062
0.219929,0.081859,-0.098084,0.255401,0.010074,0.001978,-0.696617,0.493138,0.658002,-1.000000,0.705635,0.212874,0.002729,-0.023474
0.196715,0.083189,-0.094949,0.266645,0.009906,-0.019592,-0.692466,0.428240,-0.928367,-1.000000,1.000000,-0.846211,-1.000000,0.905640
0.170574,0.086162,-0.088760,0.268904,0.009176,-0.035683,-1.000000,-0.351078,-1.000000,-1.000000,-0.325811,0.444120,-1.000000,0.673715
0.146338,0.089519,-0.081206,0.263798,0.007932,-0.047245,-0.976146,0.074612,-0.741731,-1.000000,-1.000000,0.442588,0.861930,1.000000
0.120311,0.093403,-0.071164,0.254126,0.007556,-0.057922,-0.499041,-0.143539,-0.645442,-1.000000,-0.399817,-1.000000,1.000000,-0.443651
0.096659,0.096837,-0.060000,0.241738,0.008655,-0.069785,-0.662281,-0.856637,-1.000000,-1.000000,-0.341658,-1.000000,-1.000000,-1.000000
0.071588,0.099798,-0.045865,0.227147,0.013567,-0.081520,0.344627,-0.903143,-1.000000,-1.000000,-0.299158,0.161590,0.721809,-0.367524
0.047301,0.101355,-0.030076,0.211628,0.020547,-0.091129,-0.538291,-0.618282,-1.000000,-1.000000,-1.000000,-0.677190,0.456954,1.000000
0.025846,0.101391,-0.014225,0.194629,0.026105,-0.099054,-1.000000,-1.000000,-1.000000,-1.000000,-0.310176,-1.000000,-0.835940,-0.857874
0.005574,0.099901,0.002924,0.175797,0.032543,-0.107126,-0.017476,-0.750691,-1.000000,-1.000000,-1.000000,0.459779,0.196759,-1.000000
-0.014614,0.096497,0.022344,0.154798,0.039102,-0.112045,-0.351434,-0.228090,-1.000000,-1.000000,0.108392,-1.000000,1.000000,0.437555
-0.031211,0.091920,0.040405,0.132721,0.042765,-0.112879,-0.064569,-0.857733,-1.000000,-0.912701,-1.000000,0.838638,-0.343596,-0.513467
-0.046761,0.085455,0.059985,0.109523,0.048092,-0.113051,0.150625,-0.586404,-1.000000,-1.000000,-0.112988,-1.000000,-0.822850,-1.000000
-0.058690,0.078243,0.077870,0.085655,0.052923,-0.111647,-0.528039,-0.833612,-1.000000,-0.729597,-0.930447,-1.000000,0.947702,0.222220
-0.068604,0.069764,0.096085,0.060840,0.054907,-0.105113,0.216740,-1.000000,-1.000000,-0.153227,-0.755771,1.000000,0.858835,0.676258
-0.074844,0.061959,0.111050,0.036198,0.053674,-0.093639,0.136426,-1.000000,-1.000000,-0.465254,-1.000000,-0.931756,0.457752,-0.336829
-0.078576,0.053918,0.124685,0.012599,0.052465,-0.078590,-0.612664,-1.000000,-1.000000,0.521167,0.754446,-1.000000,-1.000000,0.326878
-0.079576,0.047176,0.134356,-0.007164,0.051573,-0.060470,0.085782,-0.209283,-1.000000,0.357457,-1.000000,-0.640606,1.000000,-1.000000
-0.078614,0.040920,0.141165,-0.021463,0.049920,-0.039281,0.480979,-1.000000,-1.000000,1.000000,-1.000000,-1.000000,1.000000,0.620038
-0.076236,0.036199,0.143623,-0.032033,0.048954,-0.015359,0.118876,-0.519779,-1.000000,1.000000,-0.979640,-0.424696,-0.058705,-0.124428
-0.072375,0.031941,0.142560,-0.041077,0.049571,0.006130,0.377007,0.021285,-1.000000,0.857478,0.666489,-1.000000,-0.680386,-1.000000
-0.067905,0.028605,0.138640,-0.044759,0.046441,0.022623,0.233289,-0.471970,-1.000000,0.583425,-1.000000,-1.000000,0.540052,1.000000
-0.062295,0.025560,0.131237,-0.058664,0.054978,0.046278,-0.326602,-0.456633,-1.000000,0.628635,-1.000000,-0.410885,0.090933,0.158052
-0.056487,0.023124,0.121488,-0.059423,0.051516,0.060870,0.378520,-0.612453,-0.406204,0.118916,0.789016,-0.156495,0.222532,-0.134509
-0.049643,0.020857,0.107667,-0.063622,0.051632,0.079778,-0.200085,-0.013093,0.453543,0.445411,-1.000000,-1.000000,1.000000,-0.560508
-0.043143,0.018923,0.092514,-0.064917,0.050898,0.094745,-0.923980,0.195178,0.631562,0.203089,0.539557,-0.561601,-0.034384,-1.000000
-0.036329,0.016654,0.074679,-0.062492,0.051153,0.102897,0.511432,0.632961,0.253888,0.945404,0.256758,1.000000,0.166559,0.221812
-0.030562,0.014319,0.057455,-0.057296,0.050892,0.107644,-0.161704,1.000000,1.000000,0.110465,0.769883,-0.660482,1.000000,-1.000000
-0.025008,0.011473,0.038401,-0.051027,0.051104,0.109947,-0.047132,1.000000,1.000000,0.213105,0.153493,-0.808360,0.189995,-0.031581
-0.020561,0.008567,0.020707,-0.044880,0.050895,0.110539,-0.773880,1.000000,1.000000,0.317246,0.828513,-0.265270,-0.726270,1.000000
-0.016520,0.005210,0.001914,-0.038467,0.050077,0.108454,-0.122573,0.787818,0.829901,-0.100480,0.824884,0.487882,-0.312193,-1.000000
-0.013536,0.002058,-0.014436,-0.032069,0.047511,0.102144,1.000000,1.000000,1.000000,-0.129119,1.000000,-1.000000,-0.265313,-1.000000
-0.011154,-0.001219,-0.030029,-0.024880,0.043266,0.089945,-0.539335,1.000000,0.813602,-0.456966,-0.154303,0.128994,0.145879,0.697366
-0.009839,-0.003971,-0.041400,-0.016093,0.037524,0.071088,-0.825737,0.941701,0.805649,-0.259441,0.852204,0.411615,-0.632940,1.000000
-0.009417,-0.006378,-0.049743,-0.005745,0.029300,0.048141,-0.836061,0.993751,0.562896,-0.519105,1.000000,-0.848702,-0.928907,-0.420416
-0.009776,-0.007790,-0.053583,0.003365,0.018164,0.023993,-1.000000,0.559108,1.000000,-0.478240,0.859047,-0.716716,-1.000000,0.256424
-0.010866,-0.008344,-0.053501,0.012005,0.006059,-0.000476,-0.429482,0.621184,0.300745,0.129298,-0.070226,0.667408,0.497088,0.755592
-0.012399,-0.008131,-0.049484,0.019501,-0.004149,-0.025086,-0.121703,0.193394,-0.422465,0.378924,0.374507,-0.928361,0.193289,-0.425578
-0.014317,-0.007357,-0.042010,0.023223,-0.011687,-0.043146,0.020906,-0.350324,-0.708751,0.770387,-0.041208,-0.442297,-1.000000,-0.716072
-0.016244,-0.006380,-0.033514,0.025318,-0.016141,-0.053059,0.259964,-0.178984,-0.280416,-0.420510,-0.200080,1.000000,1.000000,-0.065964
-0.018471,-0.005283,-0.023457,0.026790,-0.017668,-0.058051,-0.599169,-0.846000,-0.232996,-0.331886,-1.000000,-0.206713,1.000000,0.668390
-0.020577,-0.004372,-0.013990,0.027037,-0.017352,-0.059151,-0.129043,-0.704089,-1.000000,0.440602,-0.744956,-0.403218,-0.827193,0.481499
-0.022883,-0.003529,-0.003800,0.027015,-0.016488,-0.058834,0.036003,-0.699532,-1.000000,-0.165411,-0.299453,0.241734,0.316427,-0.376924
-0.025013,-0.002876,0.005470,0.026687,-0.015675,-0.057917,-0.337220,-0.471387,-0.854623,-0.543878,0.502546,-0.021841,1.000000,-0.511584
-0.027270,-0.002269,0.015268,0.025892,-0.015116,-0.056505,0.156599,-0.382915,-0.780840,0.337524,0.508555,-1.000000,-0.380703,0.246996
-0.029240,-0.001767,0.023938,0.024302,-0.014808,-0.054181,0.366270,-0.758743,-1.000000,0.295871,1.000000,0.156769,-1.000000,-1.000000
-0.031107,-0.001240,0.032610,0.021164,-0.014535,-0.050027,0.449255,-1.000000,-1.000000,-0.368900,0.227487,-0.460694,1.000000,-0.560879
-0.032454,-0.000658,0.039440,0.016436,-0.014865,-0.042682,0.027894,-0.550621,-0.882392,0.871645,-1.000000,-1.000000,1.000000,0.114842
-0.033424,0.000185,0.045042,0.010850,-0.015549,-0.032333,0.836377,-0.905292,-1.000000,0.219743,-1.000000,-1.000000,-0.078816,0.381336
-0.033852,0.001118,0.048213,0.005088,-0.015057,-0.019814,0.574470,-1.000000,-0.042404,-0.029477,-0.347643,-1.000000,0.882103,1.000000
-0.033848,0.002225,0.049241,-0.000075,-0.013372,-0.005931,-0.362337,-0.800137,-0.915237,-0.735977,-1.000000,-0.205147,-0.439901,-0.431535
-0.033250,0.003261,0.047886,-0.007003,-0.010624,0.008467,0.727332,-0.541398,-0.491897,0.107223,-0.303863,-0.213451,-0.030742,-0.914561
-0.031867,0.004357,0.043953,-0.014729,-0.007523,0.022690,-0.300860,-0.709460,-0.726682,-0.394985,-0.862736,0.414004,0.861728,-1.000000
-0.029917,0.005357,0.038093,-0.022185,-0.004931,0.036605,-0.846525,0.017552,0.443362,-0.773293,-0.486964,-0.960193,0.735470,-0.732175
-0.027382,0.006386,0.030199,-0.026299,-0.003172,0.045553,-0.207283,0.625439,-0.259638,-0.039018,-0.010027,-1.000000,1.000000,0.180557
-0.024836,0.007299,0.022202,-0.028310,-0.002713,0.049996,-0.238545,0.339840,0.441593,0.146185,0.480926,0.230339,1.000000,0.704213
-0.021981,0.008199,0.013266,-0.029007,-0.002258,0.051547,-0.128915,0.479437,-0.222210,0.754732,0.718886,1.000000,0.265311,-0.297802
-0.019312,0.008922,0.004934,-0.029128,-0.001789,0.052066,-0.510398,1.000000,0.704882,0.733519,1.000000,-1.000000,-1.000000,0.744629
-0.016437,0.009553,-0.004039,-0.028749,-0.000992,0.051778,-0.768277,0.245947,1.000000,-0.265497,1.000000,0.215113,-1.000000,-0.171973
-0.013789,0.009983,-0.012158,-0.028574,-0.000164,0.050756,-0.695795,0.174372,1.000000,-0.665490,-0.884736,-0.454618,0.646227,0.331176
-0.010938,0.010266,-0.020646,-0.028350,0.000888,0.048975,0.259634,0.328254,0.064275,-0.627736,0.548870,-0.959063,1.000000,-1.000000
-0.008363,0.010347,-0.028091,-0.027756,0.002046,0.046527,-0.365197,0.099517,1.000000,-0.671254,1.000000,1.000000,0.656165,-1.000000
-0.005727,0.010158,-0.035389,-0.026336,0.004162,0.042103,-0.007794,0.225875,0.717751,1.000000,1.000000,1.000000,-0.624064,0.185674
-0.003342,0.009720,-0.041761,-0.023975,0.006053,0.036786,0.309584,0.861064,-0.372848,0.747645,-0.704140,-1.000000,-0.015257,0.265325
-0.001393,0.009207,-0.046822,-0.021351,0.006711,0.031607,-0.212416,0.091722,1.000000,-0.346539,-1.000000,-1.000000,-1.000000,-0.347837
0.000227,0.008531,-0.050877,-0.017869,0.008251,0.025320,-0.383403,-0.406169,0.587163,-1.000000,-1.000000,-0.120416,1.000000,0.650946
0.001542,0.007463,-0.053814,-0.013594,0.011720,0.016953,-0.287687,0.084754,1.000000,-0.082694,-0.307945,0.784866,1.000000,-1.000000
0.002255,0.005969,-0.054516,-0.008294,0.017742,0.004391,0.011328,0.224359,1.000000,0.183415,1.000000,-1.000000,0.721210,-1.000000
0.002410,0.003604,-0.052397,-0.002145,0.026149,-0.012225,-0.403726,-0.123360,1.000000,-0.513570,1.000000,-0.047098,0.252642,0.603859
0.001991,0.000783,-0.047869,0.004386,0.033978,-0.028297,0.680189,-0.011593,-0.496596,0.388971,0.788125,-0.143823,-0.818119,0.360183
0.001193,-0.002601,-0.041399,0.008590,0.037643,-0.037331,-0.196299,0.209726,-0.378223,0.648823,0.950149,-1.000000,-0.509805,-0.044041
0.000358,-0.005817,-0.034722,0.010585,0.038617,-0.041763,-0.726303,0.504284,-0.489754,-0.010879,-0.288613,0.032109,0.972957,1.000000
-0.000493,-0.009271,-0.027138,0.010878,0.038048,-0.043734,0.279089,0.247851,-0.855836,0.607696,0.222637,-1.000000,-0.173541,0.623897
-0.001215,-0.012362,-0.020041,0.011050,0.036689,-0.044347,0.245739,0.336602,-1.000000,1.000000,1.000000,-0.707460,-0.158667,-1.000000
-0.001993,-0.015576,-0.012381,0.011826,0.035037,-0.044195,-0.012942,0.065162,-1.000000,0.107804,-1.000000,0.112735,-0.389175,-0.739163
-0.002739,-0.018409,-0.005563,0.012857,0.033265,-0.042610,-0.269974,-0.558528,-0.306629,0.961253,-0.272184,-0.486760,0.115929,-0.374021
-0.003737,-0.021259,0.000951,0.015105,0.030740,-0.037577,0.316132,0.012501,-1.000000,0.965401,-1.000000,0.125986,-0.148165,-0.253154
-0.004982,-0.023576,0.005598,0.018523,0.026963,-0.029047,-0.019724,0.345414,-1.000000,0.723699,-1.000000,0.774677,0.619430,0.841944
-0.006756,-0.025676,0.008784,0.022093,0.022534,-0.018374,-0.031354,-0.455909,-0.568717,0.347325,-1.000000,-0.141208,1.000000,-0.435155
-0.008762,-0.027168,0.009788,0.024845,0.017518,-0.006278,-0.211027,-0.176069,-1.000000,0.522881,0.032942,-1.000000,-1.000000,0.508744
-0.011266,-0.028385,0.008941,0.026717,0.013629,0.004885,0.097498,-0.159651,-0.350136,0.111189,0.032941,-0.810352,-0.127344,0.594430
-0.013732,-0.029240,0.006831,0.027132,0.011075,0.013193,0.144584,0.021361,-0.614652,-0.415715,0.397541,-0.277721,1.000000,-1.000000
-0.016350,-0.029791,0.003140,0.025050,0.007828,0.021285,0.322986,0.280189,-1.000000,0.117899,0.275312,0.452501,0.545514,-0.325124
-0.018605,-0.029849,-0.001678,0.021505,0.003679,0.030125,-0.958466,0.076536,-0.350494,-0.725030,0.016564,-0.169477,0.379172,-0.225150
-0.020782,-0.029473,-0.008061,0.017388,0.000033,0.036821,-0.997635,1.000000,-0.476184,-0.566678,-0.114955,-0.067407,-1.000000,0.684895
-0.022519,-0.028791,-0.014688,0.013414,-0.002894,0.041399,-0.289658,-0.200333,-0.196420,-0.072298,0.264093,-0.485759,0.879022,-0.104316
-0.024141,-0.027722,-0.022443,0.010198,-0.005624,0.044753,-0.879503,0.496352,-0.098003,-0.777922,-0.056722,-1.000000,1.000000,1.000000
-0.025454,-0.026521,-0.029664,0.008217,-0.007694,0.045151,0.046795,0.402558,1.000000,-1.000000,1.000000,-0.411486,0.516917,0.171367
-0.026713,-0.025141,-0.036981,0.007205,-0.008657,0.042188,-0.809232,0.095664,0.776611,-1.000000,1.000000,-0.107079,0.139385,-1.000000
-0.027630,-0.023874,-0.043057,0.005266,-0.008961,0.037992,-0.181373,-0.461517,0.230359,-0.719711,0.859899,-0.665038,-0.038396,-0.131676
-0.028264,-0.022582,-0.048865,0.002236,-0.008609,0.033479,-0.230533,0.150031,0.111890,-1.000000,-0.682507,0.249917,-0.256069,0.753640
-0.028389,-0.021513,-0.053220,-0.002164,-0.008099,0.027237,-1.000000,0.904289,0.947736,-1.000000,1.000000,-1.000000,1.000000,-0.126428
-0.027868,-0.020622,-0.055995,-0.007778,-0.007064,0.016017,-0.474303,-0.088528,1.000000,-0.967304,1.000000,-0.431065,0.456602,-1.000000
-0.026766,-0.020198,-0.056284,-0.013339,-0.004753,0.001806,-0.050833,0.615644,-0.306782,-0.533665,0.682176,-1.000000,-0.702581,-1.000000
-0.025027,-0.020098,-0.054286,-0.017718,-0.002942,-0.011529,0.339665,0.401820,0.228463,-0.189609,-0.302709,-0.015625,0.623560,0.150829
-0.023088,-0.020240,-0.050743,-0.020393,-0.001604,-0.022148,0.264033,-0.235191,1.000000,-0.085149,1.000000,-0.021262,0.980738,0.636543
-0.020779,-0.020625,-0.045524,-0.021677,0.000096,-0.030082,0.293871,-0.277518,-0.369288,-0.126473,0.802830,-0.294001,-1.000000,-1.000000
-0.018538,-0.021043,-0.040023,-0.022409,0.000736,-0.034391,0.127733,0.488910,-1.000000,0.733372,1.000000,-0.371195,-0.518381,-1.000000
-0.016097,-0.021399,-0.033763,-0.022245,-0.000044,-0.036138,0.308512,0.032583,-0.402481,0.293055,0.840644,-1.000000,0.750138,1.000000
-0.013860,-0.021617,-0.027854,-0.021863,-0.000924,-0.036911,0.715211,-0.155030,1.000000,0.392876,-0.736011,-0.624776,0.574075,1.000000
-0.011484,-0.021766,-0.021405,-0.021277,-0.001400,-0.037218,0.841506,0.164490,0.044763,0.936277,0.262080,-0.964247,-0.417617,0.334253
-0.009356,-0.021834,-0.015545,-0.020532,-0.001661,-0.036629,-0.200358,-0.182753,-1.000000,-0.095144,0.791026,0.923002,-1.000000,-1.000000
-0.007106,-0.021834,-0.009349,-0.020040,-0.001952,-0.035742,0.085706,-0.947928,0.194233,-0.361461,-0.713280,-1.000000,-0.418226,0.748826
-0.005074,-0.021770,-0.003762,-0.019606,-0.002207,-0.034914,-0.634168,-0.399588,-0.333148,1.000000,-0.479118,-1.000000,0.989900,1.000000
-0.002964,-0.021624,0.002108,-0.018767,-0.002587,-0.033856,0.662557,-0.611420,-1.000000,0.902141,1.000000,0.258361,1.000000,-0.578639
-0.001171,-0.021403,0.007120,-0.017292,-0.003158,-0.031335,-0.341401,-0.320271,-1.000000,0.381461,0.971566,0.113680,0.067429,-0.525360
0.000632,-0.021048,0.011986,-0.016208,-0.004071,-0.028066,0.127385,-0.221990,-0.291303,-0.120865,0.599922,1.000000,0.059681,1.000000
0.002166,-0.020650,0.016007,-0.015106,-0.004623,-0.025142,-0.887642,-0.574005,-0.107497,0.900557,-0.991142,-0.769430,0.340453,0.414486
0.003540,-0.020198,0.019664,-0.012500,-0.004680,-0.021103,-0.113638,-1.000000,-0.041382,0.618340,1.000000,-1.000000,-0.559039,-0.807813
0.004379,-0.019769,0.022000,-0.008218,-0.004799,-0.014596,0.094638,-0.242527,-0.140053,1.000000,-1.000000,-0.570988,0.848503,-1.000000
0.004751,-0.019282,0.023236,-0.003244,-0.005164,-0.007127,-0.881610,-0.663593,0.151171,-0.463671,-0.277103,0.205434,1.000000,0.595962
0.004745,-0.018936,0.023279,0.000097,-0.003793,-0.000249,0.834971,-0.956677,-0.702751,0.518349,0.126332,1.000000,0.896743,0.178615
0.004393,-0.018864,0.021946,0.003243,-0.001089,0.008321,1.000000,-0.841928,0.801629,0.285799,0.244407,-1.000000,-0.401771,-1.000000
0.003698,-0.019061,0.019317,0.006425,0.001928,0.016451,0.271772,0.062074,-0.110030,-0.134504,0.476321,-1.000000,-1.000000,0.311684
0.002673,-0.019531,0.015487,0.008725,0.004688,0.022078,-0.259984,-0.711361,0.762167,-0.800242,-1.000000,-1.000000,0.892959,-0.702877
0.001590,-0.020169,0.011286,0.009829,0.007189,0.026267,0.102286,0.086825,-0.554352,-0.885697,0.092072,-0.067981,1.000000,0.285827
0.000349,-0.020987,0.006260,0.010135,0.008738,0.028991,-0.030306,-0.065480,-0.734554,-0.293428,-0.651377,0.135660,0.584532,-1.000000
-0.000833,-0.021785,0.001364,0.010218,0.009466,0.030584,0.004024,0.452429,-0.309833,-0.324980,0.465440,-1.000000,-0.313610,-0.847432
-0.002135,-0.022633,-0.004036,0.010251,0.009506,0.031153,0.113515,0.310115,-0.411236,-0.821129,-0.202891,-0.567192,0.162274,0.667557
-0.003336,-0.023385,-0.009034,0.010077,0.009399,0.031264,-0.413746,0.012736,0.186245,-0.377642,0.289920,1.000000,-0.511217,-0.389874
-0.004613,-0.024178,-0.014367,0.009734,0.009359,0.030761,-0.353054,0.627495,0.085759,-0.543537,1.000000,-0.327987,-0.168924,-0.705431
-0.005834,-0.024963,-0.019529,0.009118,0.009489,0.029789,-0.766174,-0.211456,0.632524,-0.616566,0.047654,-1.000000,-0.991825,1.000000
-0.006907,-0.025683,-0.024117,0.008487,0.009593,0.028655,-0.055038,0.846346,0.525615,0.306165,0.359114,0.318749,-0.420108,-0.971883
-0.007964,-0.026383,-0.028547,0.008345,0.009501,0.027687,0.614374,0.315156,-0.368428,-0.064218,1.000000,-0.323698,1.000000,-0.407413
-0.009093,-0.027099,-0.033114,0.008248,0.009161,0.026346,-0.835489,0.595277,-0.011751,-0.429127,-0.484509,-0.856079,-0.578575,1.000000
-0.010080,-0.027716,-0.036969,0.007862,0.008680,0.024105,-0.696502,0.030321,0.223365,-0.949727,-0.158765,0.412613,-0.905163,-0.771847
-0.011031,-0.028385,-0.040549,0.007032,0.008619,0.020655,0.039520,0.444253,-0.163462,-0.526941,-1.000000,-0.245528,0.872812,-0.857858
-0.011821,-0.029012,-0.043241,0.006547,0.008584,0.016829,-0.396442,0.093867,1.000000,0.353249,-0.076656,0.360539,0.515080,0.068254
-0.012647,-0.029680,-0.045386,0.006937,0.008226,0.012370,-0.813572,0.924943,0.523704,-0.788555,-0.407488,0.838419,1.000000,1.000000
-0.013363,-0.030252,-0.046224,0.007590,0.007204,0.005240,-0.120528,0.592559,-0.732981,-0.235386,1.000000,-1.000000,0.383918,0.959106
-0.014085,-0.030697,-0.045790,0.008381,0.004691,-0.002503,1.000000,0.677696,-0.462331,-0.045592,0.071063,-1.000000,-1.000000,0.631684
-0.014731,-0.030912,-0.044282,0.009435,0.001767,-0.009438,-0.621334,-0.462071,-0.426316,-0.001716,0.746897,1.000000,-0.954419,1.000000
-0.015414,-0.031023,-0.041938,0.010006,0.000044,-0.013507,-0.246027,0.253116,0.290974,-0.691097,-0.889612,0.598714,-0.342517,0.440834
-0.015989,-0.031038,-0.039286,0.009928,-0.001341,-0.016585,-0.934909,-0.447498,0.146891,-0.498339,-0.512017,-0.430125,0.621752,1.000000
-0.016495,-0.030987,-0.036166,0.008912,-0.002265,-0.017993,0.089776,-0.194424,-0.934118,0.127565,-0.192036,-0.752530,0.496386,0.178334
-0.016899,-0.030898,-0.033179,0.008285,-0.002892,-0.018674,0.564508,0.319719,-0.417895,-0.105573,1.000000,0.412835,1.000000,-0.979351
-0.017302,-0.030770,-0.029872,0.007964,-0.003317,-0.019081,-0.214883,-0.629718,1.000000,-0.050890,-0.345286,0.258524,0.618424,0.279062
-0.017646,-0.030640,-0.026830,0.007604,-0.003492,-0.019013,-0.237319,-0.410746,0.529990,-0.516962,-1.000000,-1.000000,-1.000000,0.321992
-0.017987,-0.030489,-0.023556,0.007221,-0.003636,-0.018880,-0.252846,0.617872,-0.475580,0.120812,-0.651505,-1.000000,-0.625192,-0.842754
-0.018294,-0.030319,-0.020289,0.006831,-0.003884,-0.018860,-0.177414,0.069131,-0.918728,-0.659015,0.159894,-0.737525,1.000000,1.000000
-0.018538,-0.030129,-0.017325,0.006265,-0.004273,-0.018515,-0.479646,-0.180959,-1.000000,0.197172,-1.000000,-0.522136,0.402603,1.000000
-0.018747,-0.029892,-0.014500,0.005674,-0.004761,-0.017650,0.449383,0.034610,-0.567059,0.548818,1.000000,-0.664935,0.376344,-1.000000
-0.018941,-0.029554,-0.011671,0.005064,-0.005541,-0.016333,-0.666065,0.116765,-0.418337,-0.701501,-0.159946,-0.205614,1.000000,-0.332871
-0.019094,-0.029128,-0.009069,0.004345,-0.006369,-0.015011,-0.491300,-0.133332,0.173586,-0.283767,0.226547,-0.395612,0.999473,0.632251
-0.019202,-0.028679,-0.006792,0.003775,-0.006956,-0.014221,-0.002979,0.447236,-0.471594,0.761415,1.000000,0.723275,0.157796,-0.181971
-0.019280,-0.028148,-0.004688,0.003186,-0.007833,-0.013156,-0.082491,-0.162287,-0.848510,0.169635,0.041756,-0.896335,0.108561,0.642604
-0.019307,-0.027435,-0.002770,0.002165,-0.009094,-0.011060,0.171015,-0.145790,-0.403171,-0.105522,-1.000000,-1.000000,-0.745059,1.000000
-0.019264,-0.026661,-0.001362,0.000934,-0.010243,-0.008809,-0.413917,-0.442254,-0.332500,-0.418045,1.000000,-0.562571,-0.085755,-0.134030
-0.019112,-0.025672,-0.000317,-0.000710,-0.011557,-0.006027,-0.150048,-0.067546,-1.000000,-0.496786,-0.823896,1.000000,1.000000,0.629026
-0.018842,-0.024554,0.000002,-0.002899,-0.013531,-0.001989,0.369306,0.038518,-0.267565,0.380856,0.112423,-0.945406,0.086499,-0.060865
-0.018432,-0.023201,-0.000140,-0.004627,-0.014772,0.000817,0.256154,0.063717,0.421745,-0.513666,-0.486310,-1.000000,-0.313689,-1.000000
-0.017988,-0.021896,-0.000485,-0.005586,-0.015302,0.002156,-0.484760,0.035979,-0.408701,0.190336,0.109463,-0.637553,0.877659,0.198112
-0.017440,-0.020426,-0.001083,-0.006481,-0.015789,0.003453,-0.276402,-0.710163,-0.277317,-0.134121,-0.720614,-0.286019,-0.812383,1.000000
-0.016885,-0.019045,-0.001772,-0.007126,-0.015999,0.004306,-0.074274,-0.282165,0.745162,-0.522819,0.862118,0.693149,0.554656,-0.652807
-0.016265,-0.017553,-0.002548,-0.007326,-0.015942,0.004476,-0.199437,0.056726,0.684640,-0.228955,0.012835,-1.000000,1.000000,-1.000000
-0.015678,-0.016185,-0.003267,-0.007461,-0.015844,0.004494,0.810791,0.518525,-1.000000,-0.201800,0.408300,-1.000000,-0.685359,-0.343568
-0.015019,-0.014704,-0.004076,-0.007694,-0.015829,0.004667,-0.058804,-0.457952,-0.611711,0.094314,0.330002,0.886440,0.040708,-0.869210
-0.014387,-0.013341,-0.004864,-0.007946,-0.015782,0.004927,0.603449,-0.544018,0.443498,-0.609866,-1.000000,-1.000000,0.202017,-0.694647
-0.013700,-0.011881,-0.005744,-0.007965,-0.015611,0.005077,0.474458,0.540838,0.738527,-0.088014,0.471492,-0.209324,0.159545,0.817054
-0.013063,-0.010551,-0.006577,-0.007951,-0.015403,0.005202,-0.568880,-0.376413,-1.000000,-0.731456,-1.000000,1.000000,0.251710,-1.000000
-0.012324,-0.009128,-0.007446,-0.008437,-0.015244,0.005018,0.113494,-0.258658,-0.215926,-0.503736,1.000000,-0.758402,-0.878011,0.029078
-0.011572,-0.007836,-0.008188,-0.009204,-0.015034,0.004636,-0.987518,-0.683838,0.669827,-0.464485,0.812715,0.147585,1.000000,-0.511866
-0.010659,-0.006488,-0.008879,-0.010218,-0.014544,0.003986,-0.846079,-0.462125,0.122615,-0.422728,-0.848863,0.274797,1.000000,-0.269102
-0.414526,0.228572,0.850549,0.000002,-0.000000,0.000006,0.000000,0.000000,0.000000,0.000000,0.000000,0.000000,0.000000,0.000000
-0.414524,0.228581,0.850542,0.000069,-0.000003,0.000074,0.927385,-1.000000,-1.000000,0.768950,-0.571070,-1.000000,-1.000000,1.000000
-0.414506,0.228653,0.850486,0.000244,0.000008,0.000323,0.047851,-1.000000,-1.000000,-0.055420,-0.562129,-1.000000,-1.000000,1.000000
-0.414309,0.228899,0.850281,-0.000545,0.000220,0.001181,-0.458506,-1.000000,-1.000000,-1.000000,-0.981007,-1.000000,0.461661,1.000000
-0.413567,0.229655,0.849645,-0.003378,0.000853,0.003975,-0.570571,-1.000000,-1.000000,-0.195494,-1.000000,-0.327993,1.000000,-0.669046
-0.411742,0.231472,0.848098,-0.008387,0.002271,0.009671,0.322273,-1.000000,-1.000000,-0.013314,-0.253324,-1.000000,-0.449932,0.710697
-0.407902,0.235212,0.844823,-0.015778,0.005311,0.018883,0.136669,-1.000000,-1.000000,-0.199639,-1.000000,-0.694591,0.252515,0.835247
-0.401922,0.241084,0.839613,-0.024733,0.009201,0.032582,0.588334,-1.000000,-1.000000,-0.643303,-1.000000,-1.000000,0.382812,-0.821437
-0.392131,0.250604,0.830990,-0.034188,0.014051,0.049739,0.142359,-1.000000,-1.000000,-0.529674,-1.000000,-1.000000,-0.393122,0.661136
-0.379760,0.261936,0.820258,-0.044051,0.020747,0.067054,1.000000,-1.000000,-1.000000,-0.684222,-1.000000,1.000000,-0.562092,0.690078
-0.362505,0.276377,0.805781,-0.054445,0.028085,0.083547,0.181258,-1.000000,-1.000000,-0.782073,-1.000000,-1.000000,0.080536,1.000000
-0.342710,0.291349,0.789668,-0.063646,0.035901,0.100694,-0.402185,-1.000000,-1.000000,0.000126,-0.840276,-0.902583,-1.000000,-1.000000
-0.317136,0.308309,0.769445,-0.070177,0.046277,0.116699,0.199449,-1.000000,-1.000000,-0.011220,-0.451859,-1.000000,1.000000,-0.731109
-0.289630,0.324094,0.748186,-0.074036,0.055847,0.132800,0.255302,-1.000000,-1.000000,0.172566,0.033023,-1.000000,1.000000,-0.496140
-0.255561,0.340551,0.722371,-0.075439,0.065304,0.148980,0.366057,-1.000000,-1.000000,-0.432146,-0.714785,0.228811,-0.234935,0.988953
-0.220183,0.354223,0.696082,-0.076343,0.074381,0.164281,0.019349,-1.000000,-1.000000,-0.730871,-0.796377,-0.736845,0.311723,0.761146
-0.177800,0.366451,0.664988,-0.074573,0.083058,0.179395,-0.000665,-0.853068,-1.000000,-0.582083,-1.000000,-1.000000,-0.305601,0.229811
-0.135587,0.374307,0.634171,-0.070943,0.090681,0.192672,-0.048767,-0.482097,-1.000000,-0.303600,0.162959,-1.000000,0.214234,0.442709
-0.086938,0.378342,0.598413,-0.064105,0.096755,0.206274,-0.006062,0.231736,-0.917461,0.173311,-0.190151,-0.370893,1.000000,-1.000000
-0.039725,0.377173,0.563165,-0.057962,0.100674,0.220232,-0.613052,0.025548,0.001048,-0.785082,-0.863654,-0.014030,-1.000000,-0.112559
0.012732,0.369676,0.523038,-0.051896,0.104399,0.231562,-1.000000,-0.256665,-0.410501,0.002531,-1.000000,1.000000,-0.534152,0.656939
0.060954,0.356549,0.484701,-0.046372,0.106137,0.239502,-0.277656,0.341705,-0.612479,-0.210043,-0.068813,-1.000000,1.000000,-1.000000
0.111186,0.335790,0.442385,-0.038587,0.104804,0.244221,-0.328124,0.626089,1.000000,-0.946025,-0.292882,-0.799050,1.000000,-0.985280
0.153755,0.311236,0.403507,-0.029599,0.101253,0.242953,-1.000000,0.258262,1.000000,-0.886426,1.000000,0.756239,-0.280954,-0.072292
0.200230,0.274553,0.355853,-0.016894,0.097829,0.238331,-0.476605,0.795996,0.601333,0.050760,1.000000,1.000000,-0.405737,0.299494
0.233982,0.238551,0.315440,-0.006587,0.092688,0.233047,-0.477136,0.866861,1.000000,-1.000000,1.000000,-0.837456,0.078152,-0.736404
0.259573,0.202975,0.279092,0.000784,0.087664,0.227232,-0.358065,1.000000,1.000000,-0.712948,1.000000,-0.537610,-1.000000,-0.626597
0.281081,0.163442,0.241391,0.007232,0.081731,0.217475,-0.500304,1.000000,1.000000,-0.992770,1.000000,1.000000,-0.042744,-0.271146
0.295261,0.127703,0.208900,0.012040,0.074391,0.203140,0.251588,0.738742,1.000000,-0.985983,0.567941,-0.055619,-0.231868,0.103408
0.305057,0.091443,0.176742,0.017336,0.064047,0.185474,-1.000000,1.000000,1.000000,-0.582107,1.000000,-1.000000,-1.000000,-0.845922
0.309883,0.061532,0.150350,0.020238,0.051600,0.164975,-1.000000,1.000000,1.000000,-0.816901,0.059224,-0.689493,-0.297594,-1.000000
0.311801,0.030496,0.122495,0.021651,0.035396,0.139249,-0.813826,1.000000,1.000000,-0.245363,0.282853,-0.082852,0.776927,0.091111
0.310666,0.010551,0.103851,0.026228,0.018036,0.107598,-0.731498,1.000000,1.000000,0.699438,-0.200242,0.498536,1.000000,-0.430686
0.307834,-0.001520,0.091841,0.035815,0.004090,0.075058,-0.952972,1.000000,1.000000,0.328605,1.000000,-0.063383,0.495504,-0.884917
0.303257,-0.007466,0.084803,0.049103,-0.009443,0.040610,-0.000399,0.905742,1.000000,0.366532,1.000000,0.159507,-1.000000,1.000000
0.297727,-0.006979,0.083173,0.065319,-0.024278,0.010184,-0.558097,0.297990,1.000000,0.002257,1.000000,0.586572,-0.224924,-0.993325
0.290369,-0.001321,0.085386,0.081277,-0.039399,-0.012762,0.078606,-0.494044,1.000000,1.000000,0.470225,-1.000000,-1.000000,0.026784
0.282311,0.006823,0.089364,0.095875,-0.053771,-0.024866,0.568940,0.228541,0.345329,1.000000,1.000000,0.146096,-0.363724,1.000000
0.272138,0.017058,0.094268,0.110284,-0.064696,-0.028296,-0.192561,-1.000000,-0.303666,1.000000,-1.000000,0.002090,1.000000,-0.181674
0.261734,0.026440,0.098366,0.120992,-0.070010,-0.025619,0.548077,-1.000000,-1.000000,1.000000,-0.518920,-1.000000,-1.000000,0.100231
0.249748,0.035918,0.101879,0.128312,-0.072415,-0.020263,0.110635,-1.000000,0.639484,0.027638,-0.002128,0.269385,1.000000,-1.000000
0.238082,0.044291,0.104565,0.135212,-0.074635,-0.016794,-0.794125,-0.915725,0.989879,-1.000000,-1.000000,-0.435022,-0.043337,-1.000000
0.224975,0.053158,0.107214,0.139861,-0.075670,-0.015275,-0.632377,-0.615194,-0.652266,-0.292285,-1.000000,-0.202411,-0.371057,-0.901399
0.212772,0.061004,0.109356,0.141052,-0.075449,-0.013400,0.327972,-1.000000,0.049486,-1.000000,-0.988719,-0.236546,1.000000,-0.017833
0.199584,0.068961,0.111218,0.140864,-0.073719,-0.010735,0.540677,-1.000000,0.347252,-1.000000,-1.000000,-0.642091,1.000000,-0.796482
0.187598,0.075582,0.112307,0.139902,-0.070715,-0.006808,-0.468228,-1.000000,0.025753,-1.000000,-0.734106,-0.584440,0.184077,-0.033475
0.175140,0.081687,0.112509,0.136297,-0.065747,-0.001168,-0.479056,-1.000000,-0.653214,-1.000000,-1.000000,-0.525394,0.062125,0.015214
0.164402,0.086130,0.111507,0.130983,-0.059501,0.006273,0.408764,-1.000000,-1.000000,-0.474231,-0.463747,-0.846154,0.217759,-0.438639
0.153735,0.089566,0.108999,0.124599,-0.052015,0.014465,-0.061242,-0.898865,-1.000000,-0.776530,-0.679341,0.703129,1.000000,-0.605225
0.144909,0.091547,0.105533,0.116563,-0.043565,0.021658,-0.706316,-0.693839,-0.347544,-1.000000,-0.899095,0.988689,1.000000,-0.370296
0.136524,0.092594,0.100949,0.106423,-0.034530,0.026439,-0.617342,-0.578489,0.906927,-1.000000,-0.832268,-0.201550,0.084568,-0.128622
0.129877,0.092797,0.096361,0.094818,-0.025947,0.028666,-1.000000,0.151202,0.698565,-1.000000,-1.000000,-0.157508,0.065459,0.166082
0.123776,0.092373,0.091417,0.082737,-0.017642,0.028534,-0.564883,-0.936242,0.409064,-1.000000,-1.000000,0.153390,1.000000,-0.631154
0.119077,0.091365,0.087064,0.070879,-0.008260,0.027218,-0.216177,-0.208020,-0.759550,-0.352599,0.502926,-0.177148,1.000000,-0.611126
0.114788,0.089632,0.082819,0.060415,0.001512,0.024496,0.027179,-0.726073,-0.588303,-1.000000,-0.477826,-1.000000,0.311310,-1.000000
0.111471,0.087321,0.079386,0.050903,0.012708,0.021449,-1.000000,-0.560514,0.061482,-0.519347,1.000000,1.000000,0.718176,-0.754957
0.108603,0.083885,0.076051,0.041494,0.024862,0.019239,-0.898842,-0.498521,0.085892,-1.000000,0.173263,-0.722178,1.000000,0.015843
0.106633,0.079866,0.073150,0.032504,0.036037,0.018130,0.240125,-0.070715,0.002075,0.752343,0.411020,-1.000000,-0.809492,0.962247
0.105015,0.074906,0.069841,0.026838,0.042259,0.019089,-0.286131,0.096462,-1.000000,0.536191,0.103690,-0.081042,0.096027,-0.694772
0.103801,0.070000,0.066524,0.023687,0.045346,0.020736,0.234785,-0.119520,1.000000,0.105886,-0.738398,0.789919,0.484842,-0.403535
0.102618,0.064509,0.062719,0.022115,0.046648,0.021954,-0.437224,0.387916,-0.169453,0.302458,0.315538,-1.000000,1.000000,0.544194
0.101557,0.059368,0.059056,0.021369,0.047070,0.022879,-0.273552,0.102287,-0.370912,0.664227,-0.258648,-0.502945,-0.435307,-0.878470
0.100386,0.053786,0.054987,0.021117,0.047032,0.023480,0.067396,0.300265,-0.328656,0.384927,1.000000,-1.000000,-0.908449,1.000000
0.099253,0.048664,0.051195,0.021035,0.046700,0.023700,-0.226941,-0.011069,0.125543,-0.170665,-1.000000,-1.000000,1.000000,-1.000000
0.097962,0.043143,0.047039,0.021083,0.046395,0.023986,-0.376425,-0.132603,-0.026853,0.223368,-0.888268,-1.000000,0.850507,0.401612
0.096709,0.038074,0.043149,0.021107,0.046042,0.024307,-0.008314,0.422134,-0.744798,0.051323,0.857053,0.742612,0.693271,-0.108940
0.095275,0.032649,0.038889,0.021258,0.045354,0.024570,0.379160,0.562987,-0.626025,-0.025276,-0.027880,-0.048491,-0.264151,0.000416
0.093862,0.027737,0.034950,0.021549,0.044410,0.024625,-0.032857,0.737943,0.309325,0.700141,-0.826056,0.964908,-0.817821,1.000000
0.092205,0.022542,0.030684,0.022191,0.043224,0.024600,-1.000000,0.005742,-0.716389,0.635943,0.321774,-1.000000,-0.064999,0.632574
0.090596,0.017810,0.026597,0.022496,0.042209,0.025546,-0.919041,-0.245533,-0.487095,0.254538,0.862506,-1.000000,-0.608945,0.655427
0.088835,0.012709,0.021959,0.022120,0.041567,0.026774,-0.658561,-0.225899,0.042843,0.048893,0.361675,-0.158720,1.000000,-0.628144
0.087184,0.008049,0.017482,0.021667,0.040563,0.027970,0.506857,0.203752,-0.880802,0.378686,0.542927,-1.000000,1.000000,-0.086308
0.085302,0.003131,0.012459,0.021978,0.038951,0.029006,-0.125998,1.000000,0.199562,-0.081491,1.000000,-1.000000,-0.087247,0.719625
0.083440,-0.001186,0.007988,0.022564,0.037089,0.027914,0.444061,0.373826,0.820159,0.075175,1.000000,0.737885,-1.000000,-0.502099
0.081263,-0.005598,0.003383,0.023648,0.035235,0.026575,-0.152401,0.055613,-0.330019,0.427998,0.938367,-0.738529,-0.737009,-0.191880
0.079141,-0.009394,-0.000610,0.024353,0.033045,0.024953,-0.989522,0.793662,-0.439394,-0.140606,-0.879467,-1.000000,-0.466261,0.351515
0.076778,-0.013119,-0.004452,0.024652,0.030450,0.022164,-0.777552,0.048187,-0.095065,0.848527,0.813115,0.214296,1.000000,-0.036073
0.074523,-0.016161,-0.007470,0.025318,0.027557,0.018864,-0.281434,0.856319,0.104005,-0.084922,-1.000000,0.406317,0.688482,-0.668175
0.072034,-0.018872,-0.009738,0.026072,0.023951,0.013085,-0.561959,0.513942,0.737833,-0.194152,1.000000,0.308361,-0.494905,-0.134449
0.069720,-0.020812,-0.010702,0.026861,0.020510,0.006025,-0.086965,0.186983,-0.251742,-0.263212,0.369268,1.000000,0.147784,0.468174
0.067225,-0.022385,-0.010613,0.027487,0.017491,-0.000513,-0.673920,0.147702,-0.294000,0.508914,0.771988,-0.404378,-0.531112,-0.284310
0.064926,-0.023417,-0.009731,0.028096,0.014514,-0.005517,0.454028,0.021049,-0.356690,0.784842,0.732177,-0.487179,-0.584937,0.352589
0.062351,-0.024232,-0.008327,0.029432,0.012099,-0.008096,-0.158675,0.100328,-0.348050,0.329170,0.247852,-1.000000,1.000000,1.000000
0.059954,-0.024752,-0.006634,0.030046,0.010143,-0.010581,0.033969,0.336663,-0.112793,-1.000000,-0.141771,-1.000000,0.565823,0.445033
0.057449,-0.025089,-0.004297,0.029521,0.008550,-0.013490,-0.770210,-0.105881,-0.025712,-0.589521,-0.086307,0.162681,-0.762503,0.616574
0.055242,-0.025243,-0.001743,0.028647,0.007327,-0.015957,-0.064498,0.087814,-0.964190,-0.679086,1.000000,0.883837,-1.000000,-1.000000
0.052979,-0.025301,0.001244,0.027443,0.006347,-0.017233,-0.067958,-0.155660,-1.000000,0.069216,-0.767415,-1.000000,1.000000,0.456155
0.051062,-0.025301,0.003855,0.025277,0.005186,-0.016320,0.051577,-0.143099,-1.000000,-0.097647,-0.609910,-1.000000,0.903749,0.040505
0.049198,-0.025252,0.006170,0.022493,0.003555,-0.013360,-0.186583,-0.543669,-0.435273,0.541615,0.742743,0.942653,0.593052,0.042620
0.047626,-0.025155,0.007822,0.020270,0.001888,-0.010325,-0.025110,0.391579,0.083446,-0.268119,0.789535,-0.193499,0.430643,-0.549786
0.046027,-0.024997,0.009261,0.018811,0.000625,-0.008297,-0.072832,-0.048034,-0.233239,0.521961,0.483175,-0.242114,0.132170,-0.099787
0.044665,-0.024800,0.010238,0.017130,-0.000655,-0.006113,-0.800593,0.026588,-1.000000,0.371557,-0.162739,-0.330526,-1.000000,-0.257498
0.043335,-0.024492,0.010798,0.015078,-0.002517,-0.003226,-0.293539,0.478318,-0.238654,0.790891,0.309452,-0.895637,1.000000,0.798760
0.042134,-0.024095,0.011016,0.014511,-0.004386,-0.001362,-0.553891,0.246441,0.846932,0.361058,-0.539522,-0.486734,1.000000,-1.000000
0.040802,-0.023564,0.011149,0.014751,-0.005639,-0.000768,-0.117544,-0.641843,-0.176648,0.027877,0.522943,-1.000000,-0.579388,-0.078208
0.039544,-0.023014,0.011148,0.014970,-0.006541,0.000006,-0.207651,-0.443749,-0.013595,0.246042,-0.692093,1.000000,0.647318,-1.000000
0.038135,-0.022367,0.010995,0.015350,-0.007320,0.000883,-0.231104,0.107834,0.264609,0.242275,-0.456463,-0.862977,1.000000,0.170252
0.036806,-0.021724,0.010770,0.015648,-0.007980,0.001402,-0.747560,0.491692,0.405402,0.088509,-0.680754,-0.962471,1.000000,-1.000000
0.035389,-0.020972,0.010523,0.015380,-0.008578,0.001426,0.118247,-0.787189,-0.616436,-0.424053,1.000000,0.583401,0.356893,-0.374824
0.034112,-0.020250,0.010297,0.015021,-0.008888,0.001412,-0.097106,-0.936751,0.577574,0.122692,0.096846,1.000000,0.362629,-0.053689
0.032771,-0.019459,0.010074,0.014591,-0.008962,0.001290,-0.500840,0.296341,0.756586,-0.365933,-0.474631,-0.938377,0.287131,0.992132
0.031588,-0.018719,0.009951,0.013979,-0.008947,0.000768,-0.100530,-0.017820,-0.573342,-0.020017,1.000000,-1.000000,0.357172,-0.037961
0.030363,-0.017900,0.009897,0.013430,-0.009063,0.000313,-0.237312,0.681077,-0.523144,-0.095774,1.000000,-0.358830,-0.150522,-1.000000
0.029274,-0.017124,0.009913,0.012972,-0.009222,-0.000101,0.112721,0.067607,0.209806,0.195197,1.000000,0.506299,0.431907,-1.000000
0.028111,-0.016266,0.009957,0.012814,-0.009391,-0.000252,0.552945,0.463509,-0.093027,0.359528,-0.181322,0.845990,-0.499110,1.000000
0.027025,-0.015450,0.010019,0.012960,-0.009643,-0.000390,0.016024,0.330888,0.758783,0.447776,0.476103,-0.490740,-0.878989,1.000000
0.025794,-0.014548,0.010176,0.013618,-0.009772,-0.000908,-0.201559,-0.111841,0.918244,0.243962,-0.804431,-0.608922,-0.465952,0.912313
0.024565,-0.013724,0.010413,0.014759,-0.009572,-0.001478,0.538165,-0.212108,-0.276932,0.518010,0.077324,-0.091863,0.370198,-0.834728
0.023119,-0.012844,0.010629,0.015997,-0.009488,-0.001246,0.569921,-0.047923,0.020584,0.128714,-0.230735,-0.744653,-0.115665,0.280908
0.021704,-0.012054,0.010838,0.016938,-0.009225,-0.001307,-0.423429,-0.670402,0.511221,-0.658317,-0.843160,-0.139016,-0.296181,0.110563
0.020132,-0.011221,0.011150,0.017406,-0.008918,-0.001798,0.431100,-0.243498,-0.287025,-0.680794,-0.007068,-0.494774,0.084831,-0.155281
0.018671,-0.010466,0.011456,0.017520,-0.008764,-0.001917,0.225909,-0.282137,-0.443510,-0.046825,-0.128941,-1.000000,1.000000,-0.488294
0.017088,-0.009656,0.011760,0.017508,-0.008698,-0.001751,0.271222,0.287096,-1.000000,0.130553,0.027281,0.279317,0.798080,0.115915
0.015624,-0.008914,0.011989,0.017506,-0.008688,-0.001431,0.004114,0.118696,-0.516509,-0.736467,0.898221,-0.727385,1.000000,0.581684
0.014043,-0.008118,0.012177,0.017425,-0.008650,-0.001083,0.056440,-0.638473,0.502106,-0.218321,0.476041,1.000000,-1.000000,-0.437662
0.012599,-0.007390,0.012315,0.017246,-0.008597,-0.000867,-0.940414,0.230366,-0.825843,0.289193,1.000000,0.101250,-0.537225,-1.000000
0.011064,-0.006603,0.012437,0.016894,-0.008590,-0.000703,0.193781,-0.258964,-0.064588,0.248238,-1.000000,-1.000000,0.794052,0.304359
0.009665,-0.005879,0.012521,0.016684,-0.008590,-0.000525,0.083310,0.609244,0.108191,0.860005,-0.456204,-1.000000,0.434232,0.515703
0.008152,-0.005099,0.012579,0.016631,-0.008546,-0.000332,0.146940,-0.363838,-0.298244,-0.105830,0.666869,-1.000000,-0.132949,0.706037
0.006762,-0.004386,0.012605,0.016553,-0.008485,-0.000166,0.076494,0.024705,0.314178,-0.036061,1.000000,0.710801,0.570219,0.372972
0.005271,-0.003617,0.012617,0.016387,-0.008449,-0.000066,-0.314929,0.313920,-0.233011,-0.692641,-0.105483,-1.000000,1.000000,-1.000000
0.003915,-0.002907,0.012620,0.016147,-0.008449,-0.000021,-0.305591,-0.231907,0.219840,0.517100,0.495373,-1.000000,-1.000000,0.703044
0.002462,-0.002141,0.012616,0.015964,-0.008421,0.000021,-0.456821,-0.423777,-0.536260,0.210295,1.000000,0.317798,-0.626211,0.093998
0.001131,-0.001438,0.012602,0.015852,-0.008371,0.000090,0.147333,-0.213368,0.683695,0.275362,-1.000000,-1.000000,1.000000,-0.749051
-0.000318,-0.000684,0.012561,0.015909,-0.008288,0.000237,-0.343687,-0.220023,0.071444,0.441076,-0.749094,-1.000000,0.230553,-0.236332
-0.001666,0.000010,0.012485,0.016049,-0.008256,0.000472,-0.652469,-0.670510,-1.000000,-0.337977,0.243422,-1.000000,0.605580,-1.000000
-0.003121,0.000757,0.012380,0.015987,-0.008202,0.000610,-0.216515,-0.498526,0.517274,0.004693,0.246092,-1.000000,0.738299,-0.399748
-0.004459,0.001436,0.012280,0.015942,-0.008078,0.000623,0.366831,0.219063,0.880682,-0.743298,0.228433,0.297684,1.000000,0.104555
-0.005901,0.002140,0.012230,0.015841,-0.007719,0.000288,0.365236,-0.200856,0.567521,-0.211958,0.807472,0.144867,1.000000,-0.414538
-0.007226,0.002755,0.012234,0.015768,-0.007329,-0.000022,-0.122885,-0.332337,-1.000000,-0.158581,-0.239783,-0.733632,-1.000000,-0.107947
-0.008649,0.003406,0.012213,0.015647,-0.007146,0.000119,-0.034188,-0.365267,-0.788476,-0.523552,1.000000,0.422310,-1.000000,0.106409
-0.009944,0.003997,0.012172,0.015416,-0.007022,0.000253,-0.497726,0.537296,0.110076,-0.459043,-0.388137,0.146665,1.000000,0.789644
-0.011305,0.004637,0.012146,0.014958,-0.007023,0.000150,-0.350127,0.058931,0.048523,-0.656968,1.000000,-1.000000,-0.636212,1.000000
-0.012523,0.005234,0.012140,0.014507,-0.007101,0.000040,-0.198894,-0.018217,-0.885909,0.997227,1.000000,-0.866793,-0.109496,-0.955803
-0.013812,0.005896,0.012136,0.014161,-0.007272,0.000025,-0.633437,0.044924,0.000487,-0.526313,0.450182,-1.000000,0.430616,-1.000000
-0.014973,0.006520,0.012174,0.013824,-0.007464,-0.000238,-0.058195,-0.253560,0.467849,-0.110242,-0.359630,0.047007,0.351029,1.000000
-0.016204,0.007205,0.012259,0.013503,-0.007562,-0.000491,-0.236320,-0.415258,0.122863,0.544764,-0.454471,0.843604,0.940345,0.231759
-0.017313,0.007847,0.012393,0.013168,-0.007722,-0.000836,-0.659719,0.006757,-0.784816,0.282075,0.652412,0.040900,-0.379235,-1.000000
-0.018480,0.008564,0.012588,0.012768,-0.007994,-0.001128,0.476467,-0.234023,-0.541311,-0.340561,-0.081997,-0.388202,1.000000,-0.261635
-0.019532,0.009234,0.012769,0.012462,-0.008108,-0.001128,-0.565876,-0.546959,1.000000,0.023359,-0.794815,-0.647002,0.617164,0.699059
-0.020649,0.009950,0.012954,0.012219,-0.007995,-0.001070,0.132129,-0.828952,-0.991125,-0.467268,-0.162063,-1.000000,-0.052009,0.671497
-0.021747,0.010655,0.013023,0.012046,-0.007796,-0.000399,-0.260954,-0.075707,-0.802456,-0.145442,1.000000,-0.574389,0.338327,-0.633084
-0.022724,0.011339,0.012864,0.011692,-0.008013,0.000994,0.317839,-0.455737,-0.736718,-0.328174,0.458685,-0.003214,1.000000,0.521213
-0.023642,0.012101,0.012303,0.011165,-0.008588,0.003509,0.338211,-0.390138,-0.615773,-0.363595,-0.484204,0.282486,-0.110398,1.000000
-0.024528,0.013046,0.011152,0.010223,-0.009447,0.006639,-0.019514,0.077737,-0.292833,-0.435010,-0.491890,-1.000000,-0.745287,0.273815
-0.025228,0.014030,0.009676,0.009055,-0.010370,0.009226,-0.817162,-0.165060,-0.312400,-0.459708,1.000000,-1.000000,0.233924,-0.565575
-0.025820,0.015219,0.007753,0.007437,-0.011394,0.011091,-0.755898,0.226860,-0.307760,-1.000000,0.497250,-0.523534,1.000000,-0.744977
-0.026180,0.016415,0.005843,0.005386,-0.012395,0.011940,0.000260,-0.449665,0.009029,-0.317556,-1.000000,-0.157780,1.000000,-0.826564
-0.026401,0.017746,0.003770,0.003603,-0.012758,0.011955,0.077771,0.562607,0.009413,-0.320214,1.000000,0.856470,0.172903,-0.781521
-0.026462,0.018944,0.002032,0.001889,-0.012546,0.010862,-0.233041,-0.132895,0.470179,-0.700204,1.000000,-0.015619,0.647671,-0.676117
-0.026370,0.020144,0.000528,-0.000023,-0.011809,0.008679,-0.357423,0.380702,-0.446117,-0.343357,-0.895494,0.274702,-1.000000,-0.171299
-0.026159,0.021167,-0.000536,-0.001717,-0.011146,0.006656,-0.010834,-0.507883,0.256926,-0.052990,1.000000,-1.000000,0.285547,0.378611
-0.025819,0.022202,-0.001429,-0.003075,-0.010558,0.005145,0.068603,-0.734650,-0.042089,-0.474931,-1.000000,0.256236,0.320265,-0.266900
-0.025381,0.023029,-0.001914,-0.004821,-0.009375,0.003035,-0.088572,-0.430511,0.041829,-1.000000,1.000000,-1.000000,-0.594163,-0.600290
-0.024739,0.023676,-0.001801,-0.007141,-0.007211,-0.000654,0.216351,0.079290,-0.028644,-0.519738,0.020468,-1.000000,0.983527,-0.954050
-0.024027,0.024012,-0.001012,-0.009172,-0.004733,-0.004931,0.256873,0.037671,-0.380434,-0.329856,-0.953212,0.438567,1.000000,-0.738770
-0.023178,0.024115,0.000508,-0.010587,-0.002396,-0.008763,-0.329032,-0.356803,0.076830,-0.171057,-1.000000,0.104056,0.111606,-1.000000
-0.022347,0.024040,0.002346,-0.011544,-0.000709,-0.011488,0.124899,0.511522,-0.823580,0.046218,-0.471946,-0.193388,0.259199,-0.025871
-0.021401,0.023874,0.004598,-0.012264,0.000085,-0.012993,-0.216390,-0.081158,0.381108,-0.078462,0.289266,-0.008352,1.000000,0.314937
-0.020495,0.023677,0.006841,-0.012770,0.000544,-0.014017,-0.889904,0.011281,-0.124283,-0.064997,-0.294911,-0.272262,-0.779214,-0.367393
-0.019489,0.023443,0.009390,-0.013131,0.000755,-0.014704,-0.095890,0.043668,-0.568395,0.030280,0.857116,-1.000000,-1.000000,-0.498645
-0.018544,0.023244,0.011739,-0.013318,0.000655,-0.014694,0.534217,-0.742503,-0.431424,0.733560,-1.000000,-0.531514,1.000000,-0.720697
-0.017508,0.023059,0.014208,-0.013346,0.000444,-0.014233,-0.474502,-0.278877,0.581037,0.522927,-1.000000,-1.000000,0.801055,0.042671
-0.016550,0.022904,0.016433,-0.013323,0.000376,-0.013903,0.166333,-0.329337,0.399099,-0.265418,1.000000,0.909952,0.745065,-0.535911
-0.015508,0.022752,0.018771,-0.013301,0.000324,-0.013500,-0.003239,-0.167461,-0.750281,0.601033,0.023646,-0.312010,1.000000,-1.000000
-0.014543,0.022642,0.020821,-0.013226,0.000115,-0.012805,0.913330,-0.169168,-0.315425,0.485630,0.763179,0.136004,0.063365,1.000000
-0.013500,0.022593,0.022751,-0.012960,-0.000426,-0.011136,0.631967,-0.434251,-0.946380,0.558868,1.000000,-1.000000,0.328853,-0.299098
-0.012521,0.022660,0.024011,-0.012718,-0.001443,-0.007874,-0.005353,-0.149502,-0.858433,-0.087885,0.707795,-1.000000,-0.442111,-0.486967
-0.011400,0.022842,0.024789,-0.012934,-0.002335,-0.004486,-0.117728,-0.831101,0.377626,-0.005605,-0.118989,-0.029161,-0.051978,-0.108277
-0.010316,0.023036,0.025054,-0.013125,-0.002427,-0.001660,-0.319019,-0.548786,0.914515,0.506737,-1.000000,0.460990,0.537775,-0.391069
-0.009099,0.023265,0.024819,-0.013191,-0.002430,0.001360,0.559506,-0.141403,0.278621,0.104678,1.000000,-1.000000,1.000000,-0.098613
-0.007969,0.023489,0.024036,-0.012772,-0.002402,0.004891,0.153793,-0.578400,-0.542707,0.618557,-0.141405,-0.882702,0.936579,0.487736
-0.006770,0.023762,0.022446,-0.011887,-0.002567,0.009169,-0.008369,0.093495,-0.629732,0.144761,0.589140,0.963756,-0.338137,0.209240
-0.005691,0.024047,0.020392,-0.011023,-0.002877,0.012845,0.214285,-0.371023,0.709062,0.176035,1.000000,0.983372,1.000000,-1.000000
-0.004539,0.024407,0.017532,-0.010272,-0.003407,0.016497,-0.471613,-0.033651,-0.309341,0.483401,0.191170,-1.000000,-0.545766,-0.326723
-0.003522,0.024850,0.014245,-0.009109,-0.004725,0.020546,-0.218939,0.042702,-0.746396,0.622310,0.508778,-1.000000,-0.043203,1.000000
-0.002529,0.025489,0.009914,-0.007185,-0.006514,0.024973,0.236091,0.368977,0.524893,0.297773,0.041770,0.345112,0.868378,0.996749
-0.001707,0.026156,0.005459,-0.005538,-0.007553,0.027849,0.272780,0.081647,0.682966,-0.704101,1.000000,0.604510,1.000000,-0.036690
-0.000858,0.026866,0.000472,-0.004833,-0.007546,0.028780,0.159001,0.188244,-0.604096,0.073969,1.000000,-1.000000,-0.140678,0.776275
-0.000098,0.027496,-0.004225,-0.004325,-0.007390,0.029361,-0.116387,0.099015,0.444085,-0.073665,0.237527,-1.000000,-0.969604,-1.000000
0.000707,0.028135,-0.009305,-0.004023,-0.007037,0.029287,-0.073357,-0.632937,1.000000,-0.621068,0.056899,-1.000000,-1.000000,-0.412662
0.001385,0.028619,-0.013726,-0.003418,-0.005921,0.027647,-0.244248,0.349060,1.000000,-0.581176,-0.827323,-1.000000,1.000000,-1.000000
0.001942,0.028900,-0.017770,-0.002134,-0.003305,0.023333,-0.079829,-0.370862,0.783444,-0.523565,-0.374961,0.406602,1.000000,-0.432635
0.002253,0.028839,-0.020528,-0.000716,0.000512,0.017228,0.036851,0.752568,0.382145,0.504644,-0.543154,0.719988,1.000000,0.475692
0.002412,0.028481,-0.022606,0.000324,0.003767,0.011991,-0.055788,0.165865,-0.440766,-0.019985,-0.304889,-0.121584,-0.608680,-0.139151
0.002425,0.027987,-0.023967,0.001291,0.005760,0.008507,0.087558,-0.212618,0.499804,0.378791,0.759893,-0.753329,-1.000000,-0.368319
0.002251,0.027233,-0.024701,0.002620,0.008223,0.004233,-0.715433,-0.316815,0.587068,-0.820203,-0.080970,-0.812312,0.623472,-1.000000
0.001899,0.026238,-0.024441,0.003931,0.011873,-0.001627,-0.414631,-0.057910,0.668686,0.058313,-0.473801,-0.390100,0.501183,-1.000000
0.001384,0.024867,-0.023283,0.004606,0.015139,-0.006679,0.020974,0.174837,-1.000000,-0.053644,1.000000,-0.065725,1.000000,-1.000000
0.000896,0.023506,-0.021939,0.004560,0.016265,-0.008402,0.077468,-0.051644,0.098004,0.647561,0.991279,0.333577,1.000000,-1.000000
0.000379,0.021991,-0.020348,0.004388,0.016683,-0.009170,-0.536391,0.346453,-0.464831,0.414831,0.176698,-0.197296,-1.000000,-0.575356
-0.000086,0.020601,-0.018837,0.004299,0.016583,-0.009450,-0.226584,0.251353,0.588614,0.319696,1.000000,-0.757125,-0.467904,0.489220
-0.000576,0.019130,-0.017177,0.004204,0.016150,-0.009572,-0.957249,-0.268601,-0.482340,0.484748,-0.727925,-0.795489,1.000000,1.000000
-0.000982,0.017858,-0.015698,0.003774,0.015108,-0.009248,-0.700090,-0.236363,-0.469353,0.090771,1.000000,-0.038180,-0.886465,-0.038637
-0.001370,0.016582,-0.014145,0.003299,0.013964,-0.008960,0.525997,-0.338707,-0.211731,0.076465,1.000000,-0.472566,0.805921,-0.712398
-0.001706,0.015479,-0.012839,0.003190,0.013070,-0.008166,0.027964,0.022862,0.169657,0.152931,-0.486986,-1.000000,0.481117,-0.292927
-0.002057,0.014343,-0.011553,0.003176,0.012406,-0.007422,-0.023930,-0.049208,0.432864,-0.168406,1.000000,-0.591271,-1.000000,-1.000000
-0.002370,0.013327,-0.010437,0.003130,0.012005,-0.006972,0.598746,-0.054886,-1.000000,-0.135442,-1.000000,0.795053,1.000000,-0.203077
-0.002698,0.012252,-0.009297,0.003080,0.011725,-0.006576,0.091849,-0.254366,-0.625548,-0.067056,-0.162017,0.173199,-0.072916,0.056078
-0.002989,0.011280,-0.008302,0.003003,0.011471,-0.006216,-0.426179,-0.056413,1.000000,0.046587,-0.578353,-1.000000,-1.000000,-1.000000
-0.003293,0.010245,-0.007279,0.002942,0.011271,-0.005908,-0.095868,-0.187506,-0.653007,0.241889,0.315036,-1.000000,0.328192,0.923070
0.034630,-0.269126,-0.337071,0.000001,0.000000,-0.000001,0.000000,0.000000,0.000000,0.000000,0.000000,0.000000,0.000000,0.000000
0.034633,-0.269125,-0.337057,0.000121,0.000013,-0.000104,-0.074420,1.000000,1.000000,-0.647484,0.601694,0.002817,1.000000,0.283893
0.034669,-0.269129,-0.336872,0.001327,0.000263,-0.001069,-0.170613,1.000000,1.000000,-0.658473,-0.157605,0.911947,1.000000,-1.000000
0.034788,-0.269152,-0.336225,0.005090,0.001123,-0.004043,-0.326164,1.000000,0.671727,-0.742405,1.000000,-0.076554,-1.000000,0.737612
0.035130,-0.269119,-0.334528,0.012004,0.001709,-0.009785,-0.567337,1.000000,0.639910,-0.682371,0.854944,-1.000000,-0.502376,-0.836864
0.035925,-0.268879,-0.331430,0.021710,0.001371,-0.019374,-0.827294,1.000000,0.285513,-0.317671,0.625221,-0.376316,0.621557,0.380527
0.037605,-0.268296,-0.325835,0.033386,0.000984,-0.032259,-0.179668,1.000000,0.041488,0.506854,-0.118552,0.503431,1.000000,-0.655839
0.039744,-0.267554,-0.318573,0.047314,0.002209,-0.045420,-0.881840,1.000000,0.851143,-0.602126,1.000000,0.012808,-0.208943,-0.812188
0.042712,-0.266477,-0.308072,0.064071,0.004171,-0.060536,-0.354614,1.000000,1.000000,0.246263,-0.040437,-1.000000,-0.450931,0.626884
0.046118,-0.265108,-0.295764,0.081821,0.005740,-0.077032,-0.115348,0.575342,-1.000000,0.120065,1.000000,-0.022961,0.070989,1.000000
0.050480,-0.263265,-0.280012,0.095446,0.008376,-0.090773,-0.210399,0.686607,-0.510739,-0.479140,1.000000,-0.828118,0.068277,-0.622380
0.055421,-0.261045,-0.263070,0.107124,0.009982,-0.105953,-0.488014,0.468361,-0.675694,-0.254304,-1.000000,-1.000000,0.024827,-1.000000
0.061825,-0.257974,-0.242090,0.117179,0.012588,-0.120970,0.343594,0.983880,-1.000000,-0.818352,-0.100969,0.711173,-0.240219,0.139177
0.068218,-0.254732,-0.220788,0.127661,0.017504,-0.133178,0.271704,0.048515,-1.000000,0.085548,-1.000000,0.772902,0.812083,-1.000000
0.075265,-0.250988,-0.196258,0.135875,0.024887,-0.141558,0.429623,0.314095,-1.000000,0.339179,-1.000000,-1.000000,-1.000000,0.640674
0.082054,-0.247193,-0.172286,0.141433,0.030701,-0.149808,-0.316695,0.565007,-1.000000,-0.122041,-0.008527,-0.741156,0.078773,1.000000
0.089911,-0.242551,-0.144928,0.143478,0.036406,-0.157794,-0.263702,0.113467,-1.000000,-0.035392,-1.000000,-1.000000,-0.064318,-0.049203
0.097693,-0.237800,-0.118717,0.141323,0.041290,-0.163920,-0.567087,-0.104146,-1.000000,0.805008,0.859169,-1.000000,-0.324766,-0.630236
0.106648,-0.232235,-0.089795,0.134214,0.047011,-0.166779,-0.178382,0.190401,-1.000000,0.545590,-0.484573,-0.941423,0.243232,-0.930672
0.115068,-0.226783,-0.063301,0.125215,0.050223,-0.165586,0.681149,-0.164581,-1.000000,0.811229,-1.000000,0.667971,0.675435,0.119643
0.123769,-0.220864,-0.035772,0.114912,0.053487,-0.158809,1.000000,-0.528593,-1.000000,1.000000,-1.000000,0.184096,-0.019970,0.803919
0.131214,-0.215636,-0.011736,0.105538,0.056417,-0.150255,-0.460017,0.427317,-1.000000,0.896869,-0.934484,-0.288435,-0.259290,1.000000
0.138871,-0.210291,0.013143,0.096552,0.061131,-0.143640,0.359102,-0.776735,-1.000000,0.170243,-1.000000,-1.000000,-0.443160,0.984150
0.145680,-0.205702,0.035117,0.087618,0.065323,-0.137233,0.942979,-0.215955,-1.000000,1.000000,-1.000000,-1.000000,0.539166,-0.226886
0.152211,-0.201169,0.057258,0.081480,0.066929,-0.127754,1.000000,0.068493,-1.000000,1.000000,0.791276,-0.851611,0.758283,-1.000000
0.157006,-0.197509,0.075793,0.079202,0.065923,-0.115811,-0.029699,-0.647912,-1.000000,1.000000,-1.000000,-0.292021,-0.685324,1.000000
0.161074,-0.194297,0.094301,0.078482,0.068603,-0.106746,-0.449003,0.000085,-1.000000,1.000000,-0.003045,1.000000,-0.988379,1.000000
0.163898,-0.192181,0.110153,0.079177,0.073165,-0.099113,0.145187,0.152310,-1.000000,1.000000,-0.073086,-1.000000,0.382661,-0.276222
0.165603,-0.191010,0.125438,0.080569,0.076032,-0.088197,-0.195260,-0.690324,-1.000000,1.000000,-1.000000,-1.000000,0.189198,0.093898
0.165771,-0.191076,0.137510,0.082810,0.077182,-0.075459,0.433103,-0.138872,-1.000000,1.000000,0.263643,-0.341442,0.249753,-0.083979
0.163895,-0.192543,0.147567,0.086030,0.074707,-0.058010,-0.185240,-0.238082,-1.000000,1.000000,-1.000000,-0.623427,0.921275,-1.000000
0.159888,-0.195260,0.153532,0.090321,0.069311,-0.037288,0.272541,0.340157,-1.000000,1.000000,-0.105141,-0.847449,-0.391732,-0.052472
0.152910,-0.199591,0.156281,0.095136,0.062844,-0.015860,0.550556,0.376680,-1.000000,1.000000,-1.000000,-0.318442,0.674828,-1.000000
0.143690,-0.204632,0.155129,0.101160,0.053437,0.007204,0.711128,0.686962,-1.000000,0.549841,-0.997689,0.157550,0.597001,1.000000
0.130563,-0.210727,0.150078,0.108317,0.042190,0.029126,-0.409115,0.602261,-1.000000,0.893078,-1.000000,1.000000,0.139269,-0.160063
0.115366,-0.216506,0.141774,0.115052,0.029134,0.051951,-0.490441,0.471271,-1.000000,0.162414,1.000000,-0.676268,-1.000000,-0.095568
0.095811,-0.222275,0.129172,0.119670,0.015073,0.072663,-1.000000,0.570158,-1.000000,-0.464887,-1.000000,-1.000000,-0.823070,-0.270436
0.075951,-0.226446,0.115291,0.120003,0.002443,0.086761,-1.000000,0.700728,-0.937763,-0.514767,-0.548301,1.000000,-0.036679,1.000000
0.054027,-0.229198,0.099456,0.116154,-0.008184,0.091367,-1.000000,1.000000,-0.406117,-1.000000,-1.000000,0.100394,1.000000,-1.000000
0.034327,-0.229850,0.084962,0.109684,-0.018684,0.090614,-0.839372,0.925292,-0.122003,-0.874900,0.435337,-0.509045,0.630333,-1.000000
0.014224,-0.228476,0.070010,0.101837,-0.030008,0.086214,-1.000000,1.000000,-0.795661,-1.000000,0.047836,-0.332560,-0.301225,-0.949341
-0.002540,-0.225535,0.057622,0.093656,-0.039558,0.077448,-0.859278,1.000000,-0.601232,-0.875189,0.299808,-0.472963,-0.344388,1.000000
-0.017944,-0.220947,0.046573,0.083260,-0.047951,0.063731,-1.000000,1.000000,0.014638,-1.000000,0.274462,-1.000000,-0.103515,-1.000000
-0.029075,-0.215849,0.039218,0.071823,-0.055072,0.045986,-0.587878,0.922159,-0.723763,-1.000000,0.617437,-0.361947,0.495926,-0.600599
-0.037703,-0.209766,0.034708,0.061230,-0.062056,0.026011,-0.002366,0.347162,-1.000000,-1.000000,0.756224,-0.338132,0.463639,-1.000000
-0.042629,-0.204006,0.033935,0.052575,-0.067483,0.004832,-1.000000,0.682466,-0.053873,-1.000000,-0.570819,0.710102,-0.234171,1.000000
-0.044826,-0.198155,0.037144,0.046776,-0.068923,-0.018514,-0.554266,0.563539,0.318992,-0.914290,-0.851126,-0.193119,0.688812,-0.270076
-0.044362,-0.193291,0.043729,0.043367,-0.068400,-0.041135,-0.566900,0.497716,-1.000000,-0.654925,-0.324992,-1.000000,0.173729,1.000000
-0.041566,-0.188360,0.054019,0.038187,-0.068848,-0.059378,0.366622,-0.239372,-1.000000,-0.289764,-0.410143,-0.772399,-0.453663,-0.172914
-0.037335,-0.183992,0.065470,0.030605,-0.068339,-0.071566,-0.229062,-0.424041,-1.000000,-0.464205,0.595145,-0.485355,-0.795289,-1.000000
-0.031553,-0.179448,0.078798,0.021461,-0.065343,-0.076901,0.089637,-0.868747,-1.000000,0.057061,-1.000000,-1.000000,0.858292,0.062925
-0.026000,-0.175125,0.090492,0.012610,-0.063838,-0.073105,-0.159356,-0.397109,-0.742404,0.673059,-1.000000,-1.000000,1.000000,1.000000
-0.020363,-0.170065,0.101642,0.005626,-0.064411,-0.064316,1.000000,-1.000000,-1.000000,1.000000,-1.000000,-1.000000,-0.438346,0.475737
-0.015446,-0.165127,0.110653,-0.001135,-0.064876,-0.056350,0.271862,-1.000000,-0.939053,1.000000,-1.000000,0.207969,-0.110182,-0.156495
-0.010226,-0.159661,0.119333,-0.007812,-0.063965,-0.050031,-0.133146,-1.000000,-0.385501,0.480786,-0.997760,-1.000000,-0.155083,0.671543
-0.005463,-0.154607,0.126407,-0.014434,-0.062408,-0.044216,-0.220967,-0.572873,-0.676133,-0.154224,-0.404818,-1.000000,1.000000,1.000000
-0.000527,-0.149059,0.132699,-0.020642,-0.061800,-0.036291,-0.102903,-0.752227,-0.603553,1.000000,-0.768697,-1.000000,1.000000,-0.767159
0.003969,-0.143416,0.137255,-0.025996,-0.061999,-0.026313,1.000000,0.018657,-0.632884,1.000000,1.000000,-0.475640,-0.348556,0.665854
0.007622,-0.138204,0.139914,-0.029206,-0.061547,-0.016604,-0.355599,-0.732950,-0.116339,1.000000,-0.519213,0.539137,0.738963,0.494586
0.010643,-0.133105,0.141029,-0.030213,-0.060393,-0.006972,-0.189095,-0.420102,-0.449202,0.263301,-0.848987,0.062962,-0.589240,1.000000
0.013370,-0.127849,0.140695,-0.031490,-0.057866,0.001925,-0.455283,-0.855001,-0.370222,-0.020133,0.059902,-0.833352,1.000000,-0.829426
0.015367,-0.123290,0.138874,-0.032480,-0.055146,0.011380,-0.236292,-0.516706,-0.101018,0.363095,-1.000000,-1.000000,-0.321788,0.017715
0.016908,-0.118740,0.135349,-0.031958,-0.051791,0.020340,-0.123526,-0.537624,-0.392184,0.769779,1.000000,-0.361083,1.000000,-1.000000
0.017663,-0.114854,0.130558,-0.030284,-0.049129,0.029942,-0.208728,-0.028797,0.495726,-0.200704,-1.000000,-0.858552,1.000000,-0.938614
0.018005,-0.110909,0.124316,-0.028546,-0.046924,0.036013,-0.086778,-0.138671,1.000000,-0.137502,0.605390,0.937561,-0.224939,-0.628013
0.017990,-0.107472,0.117886,-0.026540,-0.044981,0.040193,0.105151,0.044548,0.519405,1.000000,-0.268038,-1.000000,-0.055621,1.000000
0.017557,-0.103906,0.110280,-0.023501,-0.043566,0.043869,-0.156431,0.560938,-0.064216,0.034851,-1.000000,-1.000000,-0.706763,0.080234
0.016921,-0.100732,0.102911,-0.021120,-0.042279,0.046044,0.444771,-0.276759,0.514528,0.081559,-0.429936,-1.000000,1.000000,-0.344980
0.016034,-0.097393,0.094580,-0.019283,-0.041186,0.048070,-0.770598,-0.385996,0.681723,0.368725,0.027651,0.884925,1.000000,-0.114018
0.015030,-0.094386,0.086603,-0.017167,-0.040227,0.049875,-0.155145,0.131489,1.000000,-0.050760,1.000000,0.126439,-0.526883,-0.843814
0.013761,-0.091188,0.077776,-0.014873,-0.039321,0.050914,0.178065,-0.102955,-0.277999,0.672571,1.000000,-1.000000,0.290088,1.000000
0.012437,-0.088300,0.069464,-0.012647,-0.038297,0.051963,-0.752696,-0.451550,0.243766,-0.358227,-1.000000,-1.000000,1.000000,0.057850
0.010986,-0.085295,0.060600,-0.011126,-0.036441,0.051130,-0.100397,0.258083,1.000000,-0.352938,0.017353,0.697737,0.080064,-1.000000
0.009689,-0.082666,0.052870,-0.009252,-0.034188,0.048324,-0.410821,0.370714,0.289671,-0.782922,0.675718,-0.571468,0.826283,-0.190032
0.008365,-0.079986,0.045096,-0.007667,-0.031766,0.044836,0.328845,0.286661,0.142921,0.075109,0.835747,0.779442,-0.728253,0.750224
0.007178,-0.077624,0.038407,-0.005896,-0.030007,0.041824,0.389601,0.630634,0.469798,0.244934,1.000000,0.391941,-0.371690,0.992239
0.005858,-0.075136,0.031677,-0.003549,-0.028809,0.038811,-0.573817,0.028278,0.487593,-0.355310,0.244001,-1.000000,-1.000000,-0.168896
0.004448,-0.072662,0.025406,-0.000783,-0.028309,0.036194,-0.088733,0.346992,0.244230,0.093397,1.000000,-0.797476,-1.000000,1.000000
0.003016,-0.070351,0.020016,0.002392,-0.028279,0.033677,-0.029912,0.031433,1.000000,0.124112,0.713510,0.248839,1.000000,-0.298074
0.001376,-0.068041,0.015296,0.007109,-0.027935,0.029502,-0.217145,0.526168,0.523825,0.150934,1.000000,-1.000000,0.897258,-1.000000
-0.000665,-0.065547,0.011217,0.012842,-0.027552,0.023537,0.314144,0.532152,0.740443,0.262467,0.097949,-0.386934,-1.000000,0.580922
-0.002936,-0.063132,0.008437,0.020209,-0.028628,0.017363,-0.603457,0.254123,0.998196,-0.348575,1.000000,0.219623,-1.000000,-0.293405
-0.005873,-0.060314,0.006412,0.027865,-0.030752,0.011688,-0.043252,0.337480,-0.657314,-0.702183,-0.139164,-0.585088,0.227841,-0.531371
-0.008809,-0.057635,0.005432,0.032784,-0.031705,0.006129,-0.288771,-0.058507,0.683635,-0.283007,0.387980,-1.000000,0.205179,-0.569459
-0.012182,-0.054749,0.005336,0.036829,-0.031652,0.000553,-0.383124,0.308494,-0.702080,-0.025896,0.114962,0.834827,0.044528,0.101215
-0.015317,-0.052094,0.005738,0.038160,-0.031794,-0.002514,-0.177402,-0.824414,-0.871985,-0.259552,1.000000,-0.146230,0.757983,-0.582852
-0.018696,-0.049259,0.006376,0.038267,-0.031493,-0.003679,0.150033,0.111497,0.829088,-0.662557,0.377158,-0.885151,-0.503091,-0.839456
-0.021807,-0.046707,0.007232,0.038651,-0.030999,-0.005352,-0.638750,0.213598,-0.075174,-1.000000,1.000000,-0.233272,-0.530531,0.736041
-0.025108,-0.044032,0.008528,0.038329,-0.030340,-0.007472,-0.149394,0.081143,-0.191054,0.092199,0.371553,0.357506,0.088785,1.000000
-0.028072,-0.041642,0.009999,0.037725,-0.029841,-0.009196,-0.169005,-0.070765,-1.000000,-0.851253,-0.742788,-1.000000,0.408429,-0.281729
-0.031157,-0.039166,0.011889,0.036639,-0.029035,-0.010907,-0.013936,-0.022914,-1.000000,0.115171,0.347487,-0.231976,0.268612,-0.126147
-0.033909,-0.036970,0.013816,0.035559,-0.028362,-0.012035,0.092981,-0.098580,-0.225351,-0.642052,-0.882059,-0.706299,1.000000,0.755168
-0.036728,-0.034716,0.016158,0.033986,-0.027506,-0.013518,-0.178450,-0.659729,-0.035755,-1.000000,0.040881,0.278489,-0.428580,0.766881
-0.039075,-0.032787,0.018687,0.031219,-0.026417,-0.015794,-0.272967,-0.170013,-0.078411,-0.730846,-0.562665,-1.000000,0.002733,0.440680
-0.041285,-0.030864,0.021868,0.027921,-0.025417,-0.018363,0.315587,0.275454,-0.679585,-0.359347,-0.711089,-1.000000,0.484265,-0.268729
-0.043438,-0.028885,0.026084,0.024448,-0.024039,-0.021085,-0.996575,-0.204128,-0.630500,-0.198696,0.009071,-1.000000,1.000000,-0.627061
-0.044839,-0.027488,0.029880,0.020805,-0.022759,-0.023718,-0.270051,-0.736136,-0.134778,-0.901669,-0.706288,1.000000,0.264504,0.705469
-0.046034,-0.026113,0.034286,0.017352,-0.021893,-0.025407,-0.486727,-0.762643,-1.000000,0.405159,0.292961,-0.915284,1.000000,-0.514847
-0.046941,-0.024824,0.038200,0.014671,-0.022077,-0.024483,-0.065776,-0.331733,-0.616940,-0.299112,-0.654719,-0.296039,1.000000,0.258553
-0.047780,-0.023313,0.041984,0.012504,-0.022725,-0.021834,0.974032,-0.647922,-0.415252,-0.121166,-0.046108,0.733531,1.000000,-0.429285
-0.048466,-0.021731,0.044730,0.010576,-0.023714,-0.017152,0.279674,-0.589938,-0.966499,0.040964,-0.864759,0.107241,0.074077,-1.000000
-0.049057,-0.019662,0.046418,0.007768,-0.025554,-0.009737,-0.613515,-0.434067,-0.846425,-0.385370,-0.819883,-1.000000,-0.459107,-0.094637
-0.049431,-0.017353,0.046651,0.004620,-0.027912,-0.001456,-0.942909,-0.192322,-0.439910,0.060376,0.793784,-1.000000,1.000000,-1.000000
-0.049707,-0.014428,0.045514,0.002353,-0.030205,0.006560,0.004025,-0.777489,-0.394063,-0.348767,-0.885440,-1.000000,1.000000,-0.576461
-0.049859,-0.011472,0.043394,0.000689,-0.031254,0.013251,0.045048,-0.308648,-0.137692,-0.899891,1.000000,-0.688464,0.273619,-1.000000
-0.049895,-0.008196,0.040430,-0.000758,-0.030893,0.017104,0.226952,-0.101748,0.129744,-0.053611,-0.710884,-0.126821,1.000000,-1.000000
-0.049819,-0.005167,0.037246,-0.001847,-0.030116,0.019902,0.137214,-0.304383,-0.381917,-0.236241,0.859247,1.000000,-0.388487,-1.000000
-0.049570,-0.001835,0.033161,-0.003422,-0.029585,0.023570,-0.176988,-0.512955,-1.000000,-0.549526,-1.000000,0.969374,0.743600,0.027976
-0.049150,0.001326,0.028735,-0.005245,-0.029422,0.027656,0.115930,-0.030929,-0.265224,-0.558472,-0.144954,-0.465161,1.000000,-0.407349
-0.048527,0.004611,0.023712,-0.006555,-0.027571,0.028972,-0.967678,-0.759346,0.701015,-0.768014,-0.682486,-0.644220,0.990942,-0.461551
-0.047847,0.007197,0.019468,-0.007307,-0.023081,0.026520,-0.387295,0.193758,0.929163,-0.948691,1.000000,-0.782833,-0.838400,-1.000000
-0.047053,0.009406,0.015630,-0.007738,-0.017950,0.022150,-0.840786,-0.424501,0.579244,-0.244082,1.000000,-0.302277,1.000000,-1.000000
-0.046276,0.011010,0.012607,-0.008156,-0.013789,0.018896,-0.055936,0.021118,0.701790,0.109327,-0.812050,-1.000000,1.000000,1.000000
-0.045402,0.012393,0.009764,-0.008498,-0.010650,0.016393,-0.094295,-0.307055,-0.677520,-0.502385,0.753135,1.000000,0.654316,-1.000000
-0.044585,0.013397,0.007473,-0.008653,-0.008067,0.014326,-0.542699,0.159341,0.009032,0.022135,0.540122,0.233003,-1.000000,-0.842235
-0.043664,0.014255,0.005318,-0.009114,-0.006123,0.012431,-0.883255,-0.349106,-0.382035,-0.477617,0.400796,-0.201532,-0.144730,-0.619139
-0.042762,0.014828,0.003685,-0.009864,-0.004148,0.010211,-0.202688,0.035968,1.000000,-0.388241,-1.000000,-0.227061,1.000000,-1.000000
-0.041756,0.015197,0.002287,-0.010337,-0.001993,0.008064,-0.105397,-0.386129,0.208099,-0.330973,-0.076636,0.062543,0.080000,0.126599
-0.040807,0.015310,0.001326,-0.010749,0.000155,0.006006,0.258356,-0.219724,0.772526,0.162333,1.000000,0.020256,1.000000,1.000000
-0.039753,0.015233,0.000611,-0.011199,0.001847,0.004122,-0.594617,0.181160,-0.136313,0.035578,0.495963,-0.920370,1.000000,-1.000000
-0.038760,0.015044,0.000183,-0.011586,0.002894,0.002674,0.300163,-0.106842,-0.249333,-0.480275,0.452058,-0.751263,-1.000000,0.988736
-0.037685,0.014731,-0.000046,-0.011690,0.003743,0.001326,-0.466940,0.414076,0.498963,0.153214,0.656887,-0.046509,0.109168,-1.000000
-0.036697,0.014371,-0.000079,-0.011743,0.004333,0.000203,0.338496,0.014898,-1.000000,-0.454764,-0.160669,-1.000000,0.986106,0.112635
-0.035630,0.013941,-0.000015,-0.011755,0.004643,-0.000369,-0.471170,-0.388884,0.269790,0.251758,1.000000,-0.828840,0.335711,0.449328
-0.034646,0.013526,0.000108,-0.011786,0.004774,-0.000769,0.314571,0.361574,-0.253997,-0.182148,1.000000,-0.053537,-0.294558,-0.227412
-0.033584,0.013057,0.000291,-0.011749,0.004940,-0.001055,1.000000,-0.278033,0.041736,-0.455072,-0.508334,-1.000000,-0.337423,-0.201027
-0.032611,0.012604,0.000496,-0.011679,0.005130,-0.001279,-0.086095,-0.213698,-0.292892,0.226840,0.948003,-1.000000,-0.539914,-0.836104
-0.031564,0.012105,0.000730,-0.011611,0.005215,-0.001353,-0.787860,-0.191405,-0.611266,-0.244398,-1.000000,0.445135,-0.919026,-0.391065
-0.030596,0.011639,0.000956,-0.011635,0.005286,-0.001414,-0.077656,-0.040971,-0.542121,-0.273098,-1.000000,-0.306180,0.782385,0.829866
-0.029544,0.011136,0.001195,-0.011640,0.005274,-0.001376,-0.291623,-0.128507,0.141830,0.402224,-0.903253,-1.000000,1.000000,0.918319
-0.028575,0.010673,0.001410,-0.011640,0.005276,-0.001347,0.311884,0.179598,-0.050092,-0.640739,0.612013,-1.000000,0.268591,-0.737770
-0.027526,0.010177,0.001635,-0.011603,0.005229,-0.001296,-0.196476,0.542436,-0.649664,0.654403,0.023556,-0.219631,0.657563,-1.000000
-0.026558,0.009738,0.001815,-0.011596,0.005045,-0.001122,-0.123169,0.032961,-0.095959,0.164784,0.483825,-0.588819,-0.584493,-0.104689
-0.025514,0.009275,0.002011,-0.011534,0.004903,-0.001134,-0.024910,0.281792,1.000000,-0.299121,-1.000000,0.110641,1.000000,1.000000
-0.024560,0.008849,0.002234,-0.011448,0.004863,-0.001393,-0.305143,-0.073781,0.697478,-0.093234,-1.000000,0.026825,0.536545,1.000000
-0.023537,0.008387,0.002531,-0.011325,0.004823,-0.001711,0.032574,0.278894,-0.933065,-0.244888,0.862048,-0.491818,-0.416385,0.415880
-0.022599,0.007977,0.002844,-0.011255,0.004600,-0.001960,0.102353,0.152121,-1.000000,0.540813,1.000000,-0.769451,-0.116104,-1.000000
-0.021584,0.007569,0.003176,-0.011242,0.004231,-0.001912,0.049720,-0.182197,-0.410064,0.083976,-0.693110,-1.000000,0.734255,-0.191704
-0.020650,0.007223,0.003456,-0.011209,0.003892,-0.001755,-0.583400,0.288159,0.621272,0.528938,0.922133,-1.000000,0.229375,0.077481
-0.019657,0.006878,0.003727,-0.010982,0.003601,-0.001561,0.704137,-0.438982,-0.285436,0.246392,-0.544982,-0.626280,1.000000,-0.117818
-0.018787,0.006597,0.003851,-0.010385,0.003257,-0.000777,0.843381,-0.175684,0.394004,0.788807,0.431621,0.191775,0.978069,-0.648201
-0.017926,0.006350,0.003757,-0.009439,0.002768,0.000543,0.000748,0.034714,-0.297261,-0.335838,-0.034157,1.000000,0.739758,-0.577519
-0.017173,0.006158,0.003578,-0.008923,0.002412,0.001122,-0.376342,0.929526,-0.128752,-0.121713,-0.175766,-1.000000,-1.000000,-0.071153
-0.016379,0.005979,0.003380,-0.008688,0.002081,0.001142,-0.926997,-0.399117,0.500928,-0.025747,-0.267296,-0.061649,-1.000000,0.300329
-0.015665,0.005829,0.003191,-0.008458,0.001897,0.001181,0.483554,0.295304,-0.178111,0.158088,-1.000000,0.443342,1.000000,0.366716
-0.014920,0.005681,0.002989,-0.008136,0.001737,0.001160,-0.242227,-0.109513,0.815577,0.301498,-0.765440,-0.908564,0.977900,1.000000
-0.014277,0.005557,0.002792,-0.007619,0.001593,0.001233,0.004363,0.344054,-0.588331,0.452767,1.000000,0.821430,-0.207753,-1.000000
-0.013643,0.005452,0.002525,-0.006912,0.001284,0.001541,0.160123,-0.319387,0.223149,-0.051149,0.929027,-0.445986,-0.383514,0.472195
-0.013109,0.005358,0.002245,-0.006303,0.001260,0.001751,-0.008750,-0.300986,0.583704,0.195057,0.895296,0.610763,-0.112099,1.000000
-0.012586,0.005246,0.001921,-0.005690,0.001380,0.001868,-0.303708,-0.164430,-1.000000,-0.012532,0.616520,0.809806,0.080994,0.046247
-0.012143,0.005142,0.001569,-0.005197,0.001398,0.002197,-0.061736,-0.792788,-0.010253,0.310265,0.883336,-1.000000,-0.391801,-0.776041
-0.011709,0.005035,0.001099,-0.004693,0.001373,0.002715,-0.516024,-0.275775,-0.296961,-0.099923,-0.295014,-1.000000,-0.980776,-0.248154
-0.011332,0.004935,0.000585,-0.004389,0.001416,0.003209,0.235087,-0.535540,0.319094,-0.113116,-0.912099,-0.775423,1.000000,0.825849
-0.010941,0.004810,-0.000031,-0.004184,0.001616,0.003555,-0.323227,-0.045114,0.738432,-0.255867,0.121491,-1.000000,1.000000,-1.000000
-0.010591,0.004675,-0.000593,-0.004066,0.001831,0.003512,-0.086871,0.448902,-0.237173,-0.667469,0.372712,-0.086846,0.306938,0.354458
-0.010214,0.004522,-0.001191,-0.004052,0.001907,0.003447,0.196275,-0.129126,-0.340927,0.371471,0.899085,1.000000,-0.638145,0.029938
-0.009864,0.004377,-0.001747,-0.004068,0.001938,0.003482,-0.148366,-0.357251,-0.518922,-0.245633,0.567105,-0.724300,-0.639843,0.253519
-0.009483,0.004219,-0.002360,-0.004098,0.001948,0.003535,-0.184546,0.359378,-0.485438,-0.234760,0.472707,-1.000000,0.405945,-0.007806
-0.009128,0.004073,-0.002931,-0.004139,0.001931,0.003568,-0.029851,-0.173695,0.199091,-0.387013,0.419219,-1.000000,0.548470,-0.702146
-0.008740,0.003914,-0.003563,-0.004167,0.001951,0.003646,0.244374,-1.000000,-0.687400,-0.001024,0.214923,0.620304,0.048328,-1.000000
-0.008380,0.003757,-0.004198,-0.004193,0.002083,0.003968,0.435587,-0.092985,0.378088,0.362457,1.000000,1.000000,1.000000,-0.729621
-0.007992,0.003575,-0.004919,-0.004176,0.002205,0.004164,-0.604766,0.265796,0.529258,-0.448478,-1.000000,-1.000000,-0.042201,0.219283
-0.007633,0.003402,-0.005587,-0.004184,0.002257,0.004175,-0.145690,0.048150,-0.405772,0.010327,-1.000000,-0.552768,-1.000000,-0.883338
-0.007241,0.003212,-0.006315,-0.004220,0.002276,0.004200,0.166837,-0.051669,-1.000000,0.140337,0.679019,-1.000000,-0.079156,0.525457
-0.006873,0.003038,-0.007001,-0.004305,0.002260,0.004286,-0.557118,-0.107412,0.267496,-0.536923,-1.000000,0.371887,1.000000,-0.446507
-0.006469,0.002847,-0.007746,-0.004350,0.002274,0.004298,0.296264,-0.173112,-0.048611,0.398254,0.693239,0.179753,0.662221,-0.264240
-0.006094,0.002672,-0.008448,-0.004394,0.002259,0.004383,-0.217005,-0.010388,-0.704076,0.182445,-0.074216,-0.744160,0.641026,-0.976589
-0.005684,0.002484,-0.009232,-0.004431,0.002229,0.004528,0.073060,-0.640242,0.776657,-0.111860,0.799274,-1.000000,-1.000000,0.715113
-0.005309,0.002306,-0.009961,-0.004064,0.002103,0.004208,-0.045114,0.451976,0.462562,0.144324,-0.532752,-0.866619,1.000000,0.417041
-0.004907,0.002105,-0.010736,-0.004711,0.002544,0.004839,0.173956,0.088694,0.399025,-0.139307,-0.530150,0.759195,0.756024,-0.685689
-0.004545,0.001905,-0.011423,-0.004259,0.002499,0.004298,0.498712,-0.336974,-0.013231,-0.291358,1.000000,0.500598,-1.000000,-0.451054
-0.004165,0.001672,-0.012143,-0.004134,0.002674,0.004149,-0.514683,-0.071438,0.221670,0.416189,0.919586,-0.373295,0.312681,0.840401
-0.003830,0.001437,-0.012751,-0.003950,0.002897,0.003800,-0.477168,0.082874,0.421450,0.171634,0.028892,0.257199,-0.708336,0.592635
-0.003503,0.001137,-0.013267,-0.003564,0.003362,0.002979,0.116737,0.000858,0.530690,-0.113638,1.000000,-1.000000,0.720221,-0.559842
-0.003266,0.000779,-0.013480,-0.002816,0.004287,0.001331,0.563740,0.018830,0.603357,0.348728,1.000000,0.143812,-0.042625,-0.857870
-0.003127,0.000288,-0.013362,-0.001523,0.005390,-0.000684,0.033531,-0.301968,0.132747,0.419235,1.000000,0.382696,-0.537163,-0.885394
-0.003120,-0.000237,-0.012975,-0.000093,0.006198,-0.002415,-0.784670,-0.043760,0.291936,-0.298491,-0.793395,-0.556994,-0.571108,0.556098
-0.003236,-0.000881,-0.012226,0.001285,0.006992,-0.004319,0.090632,-0.504947,0.146947,-0.801700,-0.547658,-0.940579,0.169359,0.711133
-0.003432,-0.001545,-0.011257,0.002362,0.007791,-0.006063,0.638160,0.611279,0.001991,0.286786,0.764772,-0.120236,0.986211,-1.000000
-0.003702,-0.002330,-0.010018,0.003038,0.008485,-0.007140,0.584260,-0.287175,-0.189263,-0.429533,0.951636,-0.857467,0.546852,-1.000000
-0.003977,-0.003102,-0.008872,0.003377,0.009029,-0.007170,0.271892,-0.236906,-0.567599,-0.671879,1.000000,0.396860,-0.803825,-0.285733
-0.004282,-0.003968,-0.007685,0.003471,0.009357,-0.006850,-0.480402,0.389886,0.358725,0.166173,-0.630462,-0.072780,0.580237,0.662260
-0.004563,-0.004782,-0.006600,0.003509,0.009516,-0.006781,0.280528,-0.040682,-0.378564,-0.022571,-0.182428,0.315806,0.583404,0.137687
-0.004866,-0.005673,-0.005484,0.003510,0.009609,-0.006434,0.137671,-0.045691,-0.740900,-0.148288,0.722416,-1.000000,-1.000000,1.000000
-0.005138,-0.006498,-0.004506,0.003454,0.009652,-0.006112,-0.395030,0.057142,-0.232758,-0.244553,-0.786704,-1.000000,-0.362927,-0.065071
-0.005418,-0.007389,-0.003464,0.003310,0.009616,-0.006019,-0.269587,-0.243835,0.444865,-0.362357,-0.643023,-0.554620,1.000000,-0.776710
-0.005659,-0.008207,-0.002509,0.003128,0.009525,-0.005955,-0.147303,0.080051,-1.000000,0.134296,0.866861,0.514379,0.929947,0.307057
-0.005898,-0.009074,-0.001519,0.002915,0.009342,-0.005720,-0.099197,0.026723,-0.577353,-0.386245,1.000000,0.069157,0.643388,0.619200
-0.006096,-0.009845,-0.000676,0.002644,0.008987,-0.005263,-0.271915,0.027069,-0.193216,0.586834,-0.385597,-1.000000,-0.352621,-0.075819
-0.006285,-0.010646,0.000150,0.002352,0.008636,-0.004768,-0.143145,0.054498,-0.364640,0.099644,-0.602356,-0.386879,-0.051796,-1.000000
-0.006426,-0.011342,0.000789,0.001935,0.008130,-0.003992,-0.422049,-0.327510,-0.635157,-0.083660,-0.550400,1.000000,1.000000,0.639974
-0.006531,-0.011997,0.001193,0.001317,0.007111,-0.002331,0.202216,-0.278132,-0.877491,0.319658,0.144052,0.350461,1.000000,-0.598141
-0.006574,-0.012443,0.001099,0.000462,0.005317,0.000586,-0.751754,0.302768,-0.562026,0.604286,1.000000,0.954958,-0.853784,-0.187961
-0.006546,-0.012722,0.000439,-0.000587,0.003228,0.003813,-0.672025,0.047265,-0.362206,-0.439404,-0.677406,-1.000000,0.475346,0.636078
-0.006465,-0.012841,-0.000488,-0.001403,0.001642,0.005790,-0.077286,-0.106494,0.563326,0.094954,-0.231883,-1.000000,1.000000,1.000000
-0.006339,-0.012867,-0.001691,-0.001921,0.000551,0.006941,-0.693497,-0.094394,-1.000000,0.265047,-0.764455,-1.000000,0.558619,-0.693414
-0.006166,-0.012761,-0.003033,-0.002713,-0.000940,0.008392,-0.318248,-0.428457,0.081100,-0.459779,0.109272,0.086952,-0.556522,0.553304
-0.005919,-0.012589,-0.004548,-0.003373,-0.001564,0.008741,0.259176,-0.104130,0.841786,-0.572173,-1.000000,-0.208046,1.000000,-1.000000
-0.005656,-0.012432,-0.005910,-0.003767,-0.001562,0.008504,-0.586854,0.204195,0.526200,-0.437798,-0.335191,-0.942896,1.000000,-1.000000
-0.005314,-0.012276,-0.007321,-0.004373,-0.001436,0.008150,-0.456881,-0.105539,-0.454220,-0.059730,-0.346570,0.478609,-0.568172,1.000000
-0.004946,-0.012142,-0.008588,-0.004965,-0.001351,0.007915,0.152068,0.442787,-0.742886,0.245070,0.962620,1.000000,-0.573687,-0.078697
-0.089540,-0.145540,0.290717,-0.000001,-0.000000,0.000001,0.000000,0.000000,0.000000,0.000000,0.000000,0.000000,0.000000,0.000000
-0.089541,-0.145539,0.290713,-0.000012,-0.000001,0.000026,-0.645328,-0.186505,-1.000000,0.438267,-0.421690,-1.000000,-0.967902,-0.600338
-0.089550,-0.145533,0.290688,-0.000024,0.000013,0.000159,0.314784,-0.220999,-1.000000,0.424051,0.159374,-0.838729,-1.000000,0.841911
-0.089576,-0.145520,0.290605,-0.000136,0.000121,0.000476,0.094445,-0.660312,-0.463950,0.270487,-1.000000,0.652608,1.000000,0.874766
-0.089609,-0.145484,0.290411,-0.000660,0.000214,0.001213,-0.088713,-0.411970,-1.000000,0.117466,-1.000000,-0.822379,1.000000,-0.791766
-0.089635,-0.145332,0.289869,-0.002437,0.000016,0.003130,0.109667,-0.255897,-1.000000,-0.080932,0.968141,-0.961923,0.246050,0.944373
-0.089626,-0.145007,0.288846,-0.005652,-0.000439,0.006379,0.457305,-0.304311,-1.000000,0.488067,-0.367816,0.643011,-0.228493,0.011334
-0.089517,-0.144473,0.287093,-0.009975,-0.000422,0.010128,0.619741,-0.009767,-1.000000,0.346270,-0.175658,-1.000000,-0.667125,-1.000000
-0.089223,-0.143910,0.284947,-0.015068,0.000529,0.013410,-0.526752,-0.223079,-1.000000,0.352536,-0.937226,-1.000000,-0.295212,-0.797382
-0.088609,-0.143294,0.282058,-0.021059,0.002197,0.016670,-0.459921,0.004682,-1.000000,0.269091,-0.694121,0.768202,0.751310,1.000000
-0.087872,-0.142551,0.278524,-0.027661,0.002964,0.022099,-0.736498,-0.640206,-1.000000,0.459451,-1.000000,-0.491658,1.000000,-0.237068
-0.087122,-0.141359,0.273307,-0.033805,0.002938,0.030112,-0.355330,-0.436116,-1.000000,1.000000,0.092993,-1.000000,-0.262110,-1.000000
-0.086555,-0.139883,0.267085,-0.039418,0.003024,0.038860,-0.024811,-0.281433,-1.000000,-0.301608,1.000000,-0.864941,0.980018,-0.358964
-0.086098,-0.137758,0.258619,-0.045572,0.002485,0.048855,-0.745771,-0.253097,-0.273820,0.840886,-0.203817,-0.870524,1.000000,-0.037300
-0.086086,-0.135096,0.248794,-0.050268,0.000726,0.061404,0.410684,-0.166889,-0.999731,0.498368,1.000000,-0.916209,0.328125,0.046922
-0.086586,-0.131352,0.235842,-0.054094,-0.001429,0.074707,-0.813546,0.232606,-0.681273,0.115601,1.000000,-0.364082,0.847068,0.371668
-0.087341,-0.127159,0.221933,-0.058349,-0.003403,0.086942,-0.008788,0.990999,-0.245104,0.049471,-1.000000,-1.000000,-0.427646,-0.935537
-0.088252,-0.122025,0.205095,-0.062523,-0.003711,0.097131,-0.304614,0.419776,-0.313828,0.750337,1.000000,-1.000000,-0.608725,-0.723094
-0.089037,-0.116910,0.188198,-0.066236,-0.003100,0.105588,-0.901619,0.560086,-0.625490,-0.044995,0.076803,0.310892,-0.488041,-0.613824
-0.089561,-0.111213,0.168994,-0.069947,-0.001273,0.110836,0.107812,0.451362,0.523223,0.004441,0.415718,-0.225636,0.986136,-0.401947
-0.089713,-0.105969,0.150945,-0.071503,0.000125,0.112785,-0.833225,0.611690,-0.193444,-0.259374,-0.127978,-1.000000,0.698931,1.000000
-0.089374,-0.100516,0.131741,-0.072128,0.001630,0.110765,-0.315903,1.000000,0.376001,0.168330,1.000000,0.494935,-0.435742,0.100262
-0.088564,-0.095866,0.115208,-0.070320,0.001493,0.103313,-0.272636,1.000000,1.000000,0.033508,0.446894,1.000000,-0.694594,-1.000000
-0.087079,-0.091320,0.099467,-0.067264,-0.000562,0.090897,-1.000000,0.817851,0.650478,-0.172353,1.000000,-0.982202,0.183253,0.928424
-0.084936,-0.087579,0.087503,-0.065608,-0.004812,0.074745,-0.566607,0.355886,1.000000,-0.770548,1.000000,-1.000000,-0.529415,0.790962
-0.081718,-0.083949,0.077417,-0.065356,-0.009834,0.058162,-0.417705,0.478846,0.789273,-0.699157,1.000000,-1.000000,-0.667796,0.462299
-0.077983,-0.080871,0.070635,-0.065561,-0.015688,0.042412,-0.141836,0.269796,0.036858,0.183845,0.862812,-1.000000,0.451741,-0.565158
-0.073290,-0.077729,0.065600,-0.065497,-0.020857,0.029035,-0.141342,0.133457,0.545321,0.350280,0.137939,0.459570,-0.202305,0.289832
-0.068553,-0.074905,0.062906,-0.064217,-0.026211,0.016840,-1.000000,0.485940,1.000000,0.422076,0.434335,-0.839002,-0.415405,0.672470
-0.063112,-0.071789,0.062014,-0.062092,-0.032125,0.005146,0.399237,-0.070964,-0.093559,0.108117,-0.307545,0.291136,0.198985,-0.659059
-0.058036,-0.068865,0.062326,-0.059601,-0.035546,-0.001947,0.378071,-0.603585,-0.344882,0.934874,0.637540,-1.000000,0.523081,-0.971538
-0.052691,-0.065652,0.063149,-0.056770,-0.036956,-0.004747,0.425811,0.007731,0.533960,0.381034,0.143279,0.555583,0.541085,1.000000
-0.048035,-0.062726,0.064375,-0.052413,-0.037247,-0.007668,-0.066550,-0.037218,1.000000,0.384823,-0.440566,1.000000,1.000000,0.459712
-0.043401,-0.059633,0.066106,-0.047192,-0.036863,-0.009991,0.227966,-0.663548,-1.000000,0.726223,1.000000,-1.000000,-1.000000,-1.000000
-0.039534,-0.056725,0.067513,-0.042848,-0.036859,-0.008783,0.587201,-0.530291,-0.268588,0.429124,0.680713,-1.000000,0.503827,0.846920
-0.035830,-0.053582,0.068821,-0.038155,-0.036340,-0.007550,-0.266369,-0.630446,0.842372,0.702760,-1.000000,-0.103207,0.494155,1.000000
-0.032863,-0.050756,0.069944,-0.033055,-0.035125,-0.007011,0.443438,-0.925847,-0.306349,-0.442397,-1.000000,0.057168,-0.113805,-1.000000
-0.030004,-0.047712,0.070925,-0.029692,-0.034550,-0.005659,-0.090302,-0.131717,-0.050330,0.427259,0.667519,-0.414204,1.000000,-0.214254
-0.027690,-0.044909,0.071590,-0.026363,-0.034123,-0.004160,-0.091356,0.078746,0.667427,0.214764,1.000000,-0.587831,0.583205,1.000000
-0.025484,-0.041915,0.072165,-0.023354,-0.033464,-0.003317,0.656073,-0.504557,-0.549511,-0.148354,1.000000,-1.000000,-0.456661,-0.500789
-0.023679,-0.039169,0.072355,-0.021179,-0.032853,-0.001189,0.632228,-0.798891,-0.104242,0.304291,0.743743,0.417607,-0.836542,-1.000000
-0.021958,-0.036257,0.071987,-0.019421,-0.031716,0.002124,-0.209567,-0.726086,0.645064,-0.312060,0.126154,-0.391559,0.052579,1.000000
-0.020518,-0.033689,0.071159,-0.018255,-0.029874,0.005174,-0.767992,-0.675675,-0.009308,0.210295,0.315545,-1.000000,0.712507,-0.728881
-0.019079,-0.031062,0.069692,-0.017532,-0.027837,0.008470,0.321798,-0.291145,-0.920711,-0.405098,1.000000,-0.881872,1.000000,-1.000000
-0.017825,-0.028767,0.067877,-0.017032,-0.026026,0.011344,-0.021073,-0.046381,0.951806,0.698148,-0.039460,-0.279431,1.000000,-1.000000
-0.016550,-0.026375,0.065479,-0.016380,-0.024787,0.013824,-0.081208,-0.158669,-0.178245,0.175708,-0.096493,-0.310824,-0.583091,-0.265132
-0.015331,-0.024052,0.062650,-0.015977,-0.023925,0.016334,1.000000,-0.108961,-0.512972,-0.084506,-0.285162,0.152490,0.906784,-0.948773
-0.014238,-0.021981,0.059771,-0.015590,-0.022975,0.017988,-0.247381,0.277450,0.815221,-0.525598,-0.440528,-0.737575,1.000000,0.660583
-0.013170,-0.020004,0.056833,-0.015117,-0.021960,0.018364,0.599428,-0.270071,0.307653,0.346911,0.763810,0.770909,-1.000000,0.363542
-0.012081,-0.017985,0.053483,-0.014263,-0.020653,0.019317,0.456825,-0.236340,-0.138977,0.010798,0.979601,0.299058,-0.409134,0.112080
-0.011140,-0.016245,0.050194,-0.013411,-0.019206,0.020554,-0.158512,-0.127768,0.564937,-0.302693,1.000000,-1.000000,0.404607,-0.895655
-0.010189,-0.014539,0.046723,-0.012399,-0.017413,0.020039,-0.287375,-0.254571,1.000000,0.359089,-0.434113,-0.307866,0.326204,-0.132734
-0.009426,-0.013185,0.043958,-0.010580,-0.015056,0.017274,-0.766946,-0.015764,0.348737,0.610133,-0.500242,1.000000,0.161870,0.011322
-0.008750,-0.011935,0.041508,-0.008537,-0.012930,0.014133,-0.313120,-0.131681,0.114800,-0.228506,0.140214,0.617848,0.673324,0.185996
-0.008228,-0.010999,0.039818,-0.006968,-0.010590,0.010565,-0.019303,-0.174972,0.605786,-0.454084,1.000000,-0.421296,0.592478,-0.954193
-0.007758,-0.010232,0.038657,-0.005602,-0.008098,0.006694,0.260460,-0.068085,-0.250840,-0.184878,-0.130543,-1.000000,0.068523,1.000000
-0.007378,-0.009641,0.037892,-0.004822,-0.006820,0.004782,0.460970,0.055659,-0.601968,-0.102631,0.129674,-0.973940,0.372104,0.410974
-0.006980,-0.009040,0.037135,-0.004618,-0.006404,0.004372,-0.516076,-0.073929,-0.614302,-0.230441,0.852937,0.204497,0.121833,-0.805255
-0.006612,-0.008497,0.036443,-0.004622,-0.006285,0.004321,-0.060314,0.249025,-0.147949,0.240008,1.000000,0.338436,-1.000000,-0.152002
-0.006210,-0.007916,0.035697,-0.004635,-0.006215,0.004306,0.109762,-0.047587,0.012254,0.113429,-0.465207,-1.000000,0.978017,0.974551
-0.005847,-0.007387,0.034992,-0.004531,-0.006139,0.004406,0.084150,-0.682196,-0.502357,1.000000,-0.770635,-1.000000,0.116142,1.000000
-0.005476,-0.006823,0.034165,-0.004281,-0.006025,0.004769,-0.271059,-0.482724,0.048317,-0.512145,0.707144,-0.123980,-0.253907,-1.000000
-0.005142,-0.006315,0.033331,-0.004195,-0.005879,0.005216,-0.025944,-0.192155,-0.048396,0.686772,-0.116996,-1.000000,1.000000,-0.125876
-0.004798,-0.005776,0.032320,-0.003998,-0.005745,0.005832,0.141058,-0.300333,0.155909,-0.451795,-1.000000,-0.705079,0.200746,-0.501242
-0.004486,-0.005307,0.031310,-0.003937,-0.005395,0.006314,-0.762986,-0.636590,1.000000,-0.223623,1.000000,-0.891965,0.227729,-1.000000
-0.004154,-0.004871,0.030115,-0.003859,-0.004606,0.006890,-0.492889,-0.561765,-0.317759,-0.161501,0.962646,0.193427,1.000000,-0.479446
-0.003833,-0.004537,0.028828,-0.004067,-0.003782,0.008048,0.514271,-0.190538,-1.000000,0.119656,-0.328452,-0.048958,1.000000,-0.438314
-0.003459,-0.004224,0.027255,-0.004348,-0.003230,0.009071,-0.119080,0.144303,-0.754091,-0.154866,1.000000,0.413372,-0.148708,0.539576
-0.003094,-0.003951,0.025719,-0.004587,-0.003045,0.009600,-0.719635,0.290154,0.077422,0.312738,-0.399061,1.000000,0.295108,-1.000000
-0.002686,-0.003662,0.024038,-0.004721,-0.002998,0.009700,0.008271,0.160429,0.119570,-0.195149,0.464491,-1.000000,0.009173,0.657963
-0.002299,-0.003401,0.022483,-0.004815,-0.002949,0.009712,0.099672,-0.245288,-0.665769,-0.223833,-0.524920,-0.821431,0.796858,1.000000
-0.001863,-0.003118,0.020747,-0.004994,-0.002980,0.010022,-0.163747,-0.598468,-0.544695,0.208596,0.347207,0.207305,0.342530,-1.000000
-0.001440,-0.002849,0.019050,-0.005237,-0.003081,0.010605,-0.364647,-0.022203,-0.078589,-0.324867,0.279693,-0.773792,0.727884,-1.000000
-0.000960,-0.002548,0.017183,-0.005454,-0.003215,0.010769,-0.906405,0.415921,0.030257,-0.732960,0.533647,0.256481,0.638170,0.212952
-0.000496,-0.002262,0.015521,-0.005676,-0.003337,0.010377,0.461184,0.401343,0.750334,0.060384,-0.899836,0.428520,1.000000,1.000000
0.000014,-0.001959,0.013759,-0.005746,-0.003300,0.010174,0.247625,0.182005,-0.140890,0.659168,1.000000,0.048266,0.599050,-1.000000
0.000488,-0.001684,0.012164,-0.005755,-0.003272,0.009965,-0.909754,0.012062,-0.351482,-0.241197,-0.154326,-0.976615,-0.114056,-0.728083
0.001017,-0.001382,0.010517,-0.005912,-0.003349,0.009505,-0.386479,0.316642,-0.184867,-0.471900,-1.000000,-1.000000,-0.776677,1.000000
0.001529,-0.001091,0.009109,-0.006176,-0.003523,0.008805,-0.396558,-0.106672,-0.373072,-0.242573,0.904389,-1.000000,1.000000,0.686209
0.002118,-0.000748,0.007704,-0.006524,-0.003842,0.008102,-0.268443,0.079054,-0.802773,-0.106914,-0.101040,-0.754928,1.000000,-0.072674
0.002684,-0.000407,0.006467,-0.006775,-0.004155,0.007737,0.805542,0.033678,0.623058,-0.374860,0.191479,-0.474162,0.095455,-1.000000
0.003309,-0.000045,0.005190,-0.006883,-0.004099,0.007362,-0.299772,-0.000189,0.284441,-0.796832,0.484989,0.305013,-0.066633,-1.000000
0.003919,0.000270,0.004146,-0.007261,-0.003874,0.006526,-0.941078,-0.036467,-1.000000,-0.532819,-0.621249,0.998295,-0.421061,0.321421
0.004653,0.000614,0.003214,-0.008059,-0.003907,0.005375,-0.599476,0.020936,-0.225566,0.320217,0.254090,-1.000000,-0.310345,0.663095
0.005405,0.000961,0.002551,-0.008944,-0.004251,0.004148,-0.423623,-0.404733,-0.040533,-0.499289,-0.699843,-1.000000,1.000000,-1.000000
0.006319,0.001356,0.002101,-0.010021,-0.004421,0.002594,-0.318736,0.019457,0.894533,-0.217075,0.058925,0.640318,1.000000,0.833804
0.007240,0.001727,0.001917,-0.010959,-0.004461,0.001149,0.108832,0.116109,0.715409,-0.035525,1.000000,-1.000000,1.000000,-1.000000
0.008267,0.002120,0.001887,-0.011286,-0.004323,0.000175,0.576917,-0.004578,0.095772,0.567003,1.000000,-1.000000,-0.597461,-0.711734
0.009211,0.002473,0.001937,-0.011234,-0.004192,-0.000314,-0.082714,0.522384,-0.057622,0.815132,1.000000,1.000000,-1.000000,-0.216019
0.010218,0.002856,0.002081,-0.011074,-0.004157,-0.000829,-0.645828,-0.418462,0.446209,0.010971,-1.000000,-0.333456,-0.156163,-0.510496
0.011129,0.003200,0.002359,-0.010887,-0.003998,-0.001740,-0.534532,-0.780166,0.412112,0.303887,1.000000,0.666149,0.190348,1.000000
0.012078,0.003560,0.002907,-0.010481,-0.003742,-0.003158,-0.188642,-0.368439,0.377735,0.315080,0.399828,-1.000000,1.000000,-0.564027
0.012903,0.003852,0.003694,-0.009933,-0.003124,-0.004919,0.131065,-0.073710,0.385702,-0.393891,0.163115,-1.000000,0.801520,-1.000000
0.013750,0.004090,0.004873,-0.009469,-0.002081,-0.006808,0.440591,-0.125108,-0.065307,-0.034191,0.449149,0.496038,1.000000,-0.652559
0.014509,0.004265,0.006104,-0.009218,-0.001459,-0.007690,-0.041355,-0.322628,-0.617338,0.375734,0.471529,0.683524,0.772820,1.000000
0.015315,0.004462,0.007408,-0.009056,-0.001509,-0.007527,-0.131005,0.571892,-0.728205,0.170374,0.801486,0.934112,-0.299901,0.245261
0.016037,0.004673,0.008515,-0.008778,-0.001879,-0.006918,0.047082,-0.510827,-0.041895,0.689902,1.000000,-1.000000,-0.191102,-1.000000
0.016768,0.004968,0.009445,-0.008182,-0.002729,-0.005361,0.422971,-0.298450,-0.059747,0.542077,-0.840763,-1.000000,0.536952,0.608311
0.017386,0.005293,0.010035,-0.007473,-0.003499,-0.003687,-0.156646,-0.405373,0.764735,-0.668419,-1.000000,0.632571,1.000000,1.000000
0.018029,0.005641,0.010583,-0.007160,-0.003487,-0.003162,0.496619,-0.189807,0.401219,0.293540,0.251937,0.375681,-0.262761,-0.705255
0.018580,0.005967,0.010968,-0.006641,-0.003627,-0.002410,-0.057546,0.485047,0.047127,0.934985,0.827433,-0.107367,-1.000000,-0.976865
0.019105,0.006385,0.011089,-0.005796,-0.004516,-0.000696,-0.635664,0.658864,-0.723070,-0.348129,-0.603083,-0.200821,1.000000,0.778603
0.019541,0.006813,0.011012,-0.005173,-0.005143,0.000478,0.043373,-0.487457,0.554413,0.266816,0.349123,-0.643994,0.072053,1.000000
0.019940,0.007311,0.010722,-0.004318,-0.005675,0.001675,0.136815,-0.382763,-0.153967,0.500064,1.000000,-0.674125,-0.463085,1.000000
0.020226,0.007806,0.010216,-0.003265,-0.006274,0.003166,-0.666211,-0.576014,0.196277,-0.098654,0.579101,-0.298456,-0.107111,-0.797000
0.020485,0.008366,0.009465,-0.002648,-0.006679,0.004331,0.273931,-0.321877,-0.445781,-0.079259,0.044210,-1.000000,0.564839,-1.000000
0.020702,0.008903,0.008601,-0.002308,-0.007046,0.005398,-0.289106,0.179162,0.238465,0.297235,-1.000000,0.331651,1.000000,-1.000000
0.020913,0.009499,0.007559,-0.002002,-0.007305,0.006015,0.003061,-0.120760,0.997256,-0.476041,-1.000000,1.000000,0.055457,-0.597681
0.021082,0.010025,0.006687,-0.001702,-0.006931,0.005450,-0.671098,-0.047865,-0.267150,-0.287351,0.928990,0.707491,0.039849,0.960364
0.021246,0.010584,0.005873,-0.001518,-0.006733,0.004695,-1.000000,-0.110732,0.465336,0.456173,-1.000000,-1.000000,-0.872473,0.794771
0.021383,0.011126,0.005237,-0.001388,-0.006980,0.003980,-0.087879,-0.447426,-0.825922,0.677791,0.119792,-0.902999,0.440132,-1.000000
0.021543,0.011792,0.004427,-0.001446,-0.007909,0.004668,-0.802989,-0.638681,-0.214229,0.492608,-0.070876,-1.000000,1.000000,-1.000000
0.021745,0.012489,0.003656,-0.002061,-0.008915,0.004819,-0.623847,0.150357,0.966269,-0.948236,-0.737933,-0.346122,1.000000,1.000000
0.022020,0.013237,0.003172,-0.002817,-0.008586,0.002794,0.653576,-0.536933,1.000000,-1.000000,0.486981,0.463544,1.000000,-1.000000
0.022265,0.013842,0.003047,-0.002859,-0.007310,0.000782,0.575013,0.233462,-0.574165,-0.281279,0.806546,0.356589,-0.507555,0.064321
0.022524,0.014464,0.003025,-0.002834,-0.006843,0.000124,-0.252663,0.377167,-0.770425,-0.463180,0.332907,-0.637495,-1.000000,-0.228339
0.022770,0.015031,0.003043,-0.002931,-0.006742,-0.000109,-0.369023,-0.391017,-0.418119,-0.069817,0.392299,-1.000000,-0.896451,0.196629
0.023045,0.015641,0.003084,-0.003043,-0.006664,-0.000237,0.364433,-0.592851,1.000000,0.193346,-0.549885,1.000000,1.000000,-0.201158
0.023319,0.016228,0.003159,-0.003057,-0.006392,-0.000435,0.223305,0.266750,0.031221,-0.171178,-0.405364,-0.910895,1.000000,-1.000000
0.023569,0.016751,0.003259,-0.003034,-0.006141,-0.000625,0.832848,-0.297933,-0.373352,-0.432959,-0.271168,-1.000000,0.309595,-0.949059
0.023811,0.017247,0.003358,-0.002948,-0.005816,-0.000616,0.209848,-0.528867,0.866389,0.227425,-0.083819,0.883794,0.896845,1.000000
0.024048,0.017706,0.003581,-0.002730,-0.004869,-0.001286,-0.318189,-0.120751,0.724607,-0.521359,-0.449130,0.564665,0.603515,-1.000000
0.024233,0.018023,0.004043,-0.002509,-0.003357,-0.002891,0.011693,-0.457846,0.056241,0.413053,1.000000,-1.000000,-1.000000,1.000000
0.024387,0.018247,0.004833,-0.002191,-0.001800,-0.004559,-0.395245,0.254473,0.558078,0.048212,-0.143565,-0.793358,0.438639,-0.228229
0.024467,0.018291,0.006070,-0.001790,0.000610,-0.007730,-0.162022,-0.469782,0.865169,-0.090888,0.613477,-1.000000,1.000000,-0.344434
0.024482,0.018084,0.008109,-0.001463,0.003992,-0.011758,-0.037906,-0.772259,-0.264594,0.551121,1.000000,-0.393015,0.184228,-1.000000
0.024465,0.017751,0.010248,-0.001244,0.005921,-0.013377,-0.013966,0.364207,-0.765498,0.064652,-0.640754,-0.016889,-0.137345,0.482524
0.024434,0.017347,0.012618,-0.001124,0.006427,-0.013667,0.062940,-0.053245,0.585121,0.691129,-0.216252,-0.420078,0.900021,-0.388073
0.024380,0.016933,0.014856,-0.000814,0.006969,-0.013994,-0.561462,-0.647712,0.199511,0.179274,-0.753906,0.844895,-0.421921,1.000000
0.024294,0.016431,0.017271,-0.000481,0.007548,-0.013926,0.030461,-0.301209,-0.017378,0.082373,1.000000,1.000000,0.222566,-0.444561
0.024211,0.015923,0.019419,-0.000329,0.007993,-0.013434,0.000564,-0.467529,-0.069637,-0.147700,-0.552161,-0.517749,0.136393,-1.000000
0.024122,0.015327,0.021609,-0.000231,0.008370,-0.012626,0.023734,0.033147,0.222807,0.477441,-0.523804,-1.000000,0.068795,0.833849
0.024020,0.014753,0.023502,0.000124,0.008538,-0.011832,-0.061485,-0.381376,0.007763,-0.104077,-0.488137,0.353501,1.000000,0.460168
0.023893,0.014108,0.025312,0.000460,0.008593,-0.010446,0.275614,-0.434826,-0.527743,0.983306,1.000000,-1.000000,0.162473,0.050407
0.023727,0.013527,0.026462,0.001371,0.007942,-0.007193,0.260232,-0.288561,-0.341230,0.489963,1.000000,-0.667992,-0.350635,-0.350207
0.023393,0.012889,0.027002,0.002962,0.006462,-0.002699,0.064554,0.420784,-0.601166,0.458581,1.000000,-0.771678,0.161498,0.706672
0.022940,0.012440,0.026735,0.005099,0.004717,0.001542,-0.363917,-0.119314,-0.283192,0.122461,-0.143794,-0.569552,1.000000,0.387635
0.022492,0.012152,0.026134,0.006736,0.003499,0.004508,-0.524429,-0.211779,0.367399,0.248414,0.624772,-0.871096,-0.510068,-1.000000
0.021683,0.011843,0.024558,0.008276,0.001880,0.007881,0.443354,0.165955,-0.862145,0.326642,0.469389,-0.026382,0.615716,-1.000000
0.020973,0.011688,0.022882,0.009190,0.000487,0.010479,-0.053942,0.266332,0.576580,-0.814537,-1.000000,-0.583542,1.000000,-0.636550
0.020381,0.011574,0.021434,0.009207,0.000260,0.010855,-0.352757,-0.391843,0.180930,-0.899424,-0.744205,0.989360,-0.426774,0.895211
0.019623,0.011430,0.019553,0.009078,0.000257,0.010852,0.658940,0.345188,-1.000000,0.125128,1.000000,-0.976507,0.061791,-0.374068
0.018767,0.011271,0.017371,0.008895,0.000226,0.010904,-0.336717,0.282535,-0.041509,-0.555284,-1.000000,-1.000000,1.000000,-0.987701
0.018104,0.011164,0.015638,0.008625,0.000056,0.010839,-0.154594,0.934134,-0.614796,0.217412,-0.122003,0.338505,0.222346,1.000000
0.017574,0.011112,0.014230,0.008273,-0.000404,0.010554,-0.306641,0.092926,-0.185815,0.141234,0.362972,1.000000,0.535889,0.566521
0.016919,0.011093,0.012399,0.007890,-0.000899,0.010563,0.112268,-0.607038,-0.779579,-0.294052,0.288045,0.369443,-1.000000,0.655546
0.016271,0.011133,0.010064,0.006939,-0.001571,0.011674,-0.426583,-0.013902,-0.727040,-0.122735,-0.648663,-1.000000,-0.590465,0.288073
0.015839,0.011205,0.008034,0.005995,-0.002095,0.012699,-0.605131,-0.102953,0.700114,-0.053297,-0.177800,-1.000000,1.000000,0.306760
0.015501,0.011272,0.006328,0.005683,-0.002162,0.012790,-0.013527,-0.965004,0.192799,-0.207558,-0.367291,-0.885760,0.497298,0.625894
0.015079,0.011357,0.004113,0.005492,-0.002128,0.012776,-0.075480,0.135661,0.624733,-0.147901,-0.378925,1.000000,0.746856,-0.797590
0.014612,0.011451,0.001572,0.005310,-0.002046,0.012711,0.403945,-0.436842,-0.276889,-0.268163,0.265289,1.000000,0.396321,-1.000000
0.014253,0.011523,-0.000448,0.005135,-0.001960,0.012622,-0.002074,0.575541,-0.077594,-0.299965,1.000000,0.086612,-1.000000,1.000000
0.013877,0.011598,-0.002607,0.004987,-0.001891,0.012461,-0.278439,0.279923,0.851539,0.243116,1.000000,-0.142739,0.902264,-0.181321
0.013591,0.011647,-0.004216,0.004922,-0.001699,0.012060,-0.345741,-0.308769,0.470075,-0.577347,1.000000,-1.000000,-0.885070,1.000000
0.013169,0.011703,-0.006533,0.004826,-0.001482,0.011589,0.446170,0.071425,-0.887598,-0.200738,-0.309162,-0.907141,-0.949743,0.176704
0.012847,0.011746,-0.008357,0.004628,-0.001410,0.011398,-0.350081,0.026794,-0.181580,0.038602,-1.000000,-1.000000,0.191959,-1.000000
0.012509,0.011788,-0.010288,0.004493,-0.001328,0.011142,-0.328375,0.392724,1.000000,-0.139636,-0.926676,-1.000000,0.294854,0.682553
0.012198,0.011815,-0.011971,0.004436,-0.001101,0.010511,0.389576,-0.070738,0.089973,-0.525296,1.000000,0.124802,0.764671,-0.144922
0.011857,0.011818,-0.013664,0.004436,-0.000752,0.009770,0.002826,-0.481772,0.364412,0.110072,-0.214880,0.761174,-0.551514,0.463316
0.011538,0.011804,-0.015147,0.004453,-0.000492,0.009262,-0.152976,-0.105203,-0.653566,0.048377,0.576755,1.000000,-1.000000,0.081973
0.011201,0.011783,-0.016718,0.004341,-0.000395,0.009073,0.149102,0.135356,0.257000,-0.564812,-0.275432,0.349004,1.000000,-0.545574
0.010886,0.011739,-0.018056,0.004336,-0.000042,0.008354,-0.140635,0.101575,1.000000,-0.114038,0.257322,-1.000000,0.763767,0.215348
0.010517,0.011649,-0.019232,0.004532,0.000552,0.006788,-0.075676,1.000000,-0.182105,-0.680236,1.000000,1.000000,-0.676577,-1.000000
0.010183,0.011569,-0.020042,0.004326,0.000630,0.005064,-0.068494,0.105376,-0.273127,-0.591605,1.000000,-1.000000,-0.124086,-0.046347
0.009864,0.011505,-0.020720,0.003784,0.000460,0.003911,0.014997,-0.095153,-1.000000,0.162509,-0.778492,-1.000000,-1.000000,0.402223
0.009616,0.011467,-0.021255,0.003178,0.000254,0.003342,-0.307341,-0.241128,-0.082959,-0.694594,0.625175,-0.403255,0.211525,0.931924
0.009453,0.011463,-0.021740,0.001988,-0.000115,0.002800,-0.331497,0.248037,0.964280,-1.000000,-1.000000,-1.000000,0.050318,1.000000
0.009445,0.011505,-0.022072,0.000237,-0.000618,0.002076,-0.003819,-0.359127,-0.154780,-0.328801,0.318414,-0.790421,-0.398007,-1.000000
0.009598,0.011592,-0.022319,-0.001581,-0.001033,0.001428,0.205918,0.162009,-0.753485,-0.392513,0.596575,0.219635,0.864277,0.159666
0.009913,0.011747,-0.022504,-0.003680,-0.001908,0.001155,0.320249,0.333992,0.053388,-0.804012,-0.229754,-0.643971,1.000000,0.293413
0.010451,0.012017,-0.022666,-0.005843,-0.003021,0.000935,-0.042307,0.255680,-0.508470,0.136472,1.000000,-1.000000,-0.227906,-0.240848
0.011051,0.012340,-0.022718,-0.007121,-0.003867,0.000322,-0.200083,0.586951,0.033763,0.289468,1.000000,0.473863,-1.000000,0.372626
0.011746,0.012773,-0.022611,-0.007679,-0.004723,-0.000620,-0.584288,0.167457,-0.456082,0.645241,0.336151,-0.957855,0.898950,-0.573903
0.012412,0.013231,-0.022397,-0.008028,-0.005355,-0.001336,0.679364,-0.116644,0.294707,-0.157361,-0.165203,-1.000000,0.855933,0.732668
0.013140,0.013758,-0.022123,-0.008137,-0.005674,-0.001581,0.835058,-0.030727,-0.077716,0.721903,0.934631,1.000000,0.052074,-1.000000
0.013805,0.014254,-0.021878,-0.008032,-0.005780,-0.001529,-0.134411,-0.018598,0.280437,-0.303704,1.000000,1.000000,-1.000000,-0.061028
0.014514,0.014796,-0.021606,-0.007928,-0.005830,-0.001569,-0.508442,-0.489980,0.622662,-0.103647,-0.076823,-1.000000,-0.869419,1.000000
0.015154,0.015297,-0.021333,-0.007767,-0.005821,-0.001708,-0.535911,-0.163106,0.129116,-0.206586,0.087414,0.191009,0.716614,1.000000
0.015824,0.015835,-0.021005,-0.007541,-0.005742,-0.001896,0.585497,-0.371674,0.164660,0.717817,1.000000,0.693784,1.000000,-1.000000
0.016403,0.016312,-0.020655,-0.007100,-0.005473,-0.002182,0.515945,0.254394,0.510138,0.254629,0.529083,0.323023,0.643267,-1.000000
0.016959,0.016793,-0.020158,-0.006383,-0.004995,-0.002866,-0.649054,-0.315601,0.327591,-0.395586,0.766788,-1.000000,0.073291,-1.000000
0.017365,0.017203,-0.019480,-0.005258,-0.004448,-0.004237,-0.759383,0.132698,0.736424,-0.011186,0.114795,1.000000,-1.000000,0.768619
0.017694,0.017619,-0.018538,-0.004178,-0.004017,-0.005438,0.322496,-0.054433,-1.000000,0.511302,-0.336171,0.632917,1.000000,-0.767774
0.017940,0.017991,-0.017642,-0.003519,-0.003833,-0.005604,0.762970,-0.239566,0.301814,0.836710,-0.800594,-1.000000,-0.034978,0.345564
0.018073,0.018360,-0.016594,-0.002114,-0.003407,-0.006042,-0.276059,-0.193481,1.000000,-0.184802,0.238017,-0.789248,0.126522,-1.000000
0.018068,0.018668,-0.015465,-0.000720,-0.002911,-0.007059,0.301102,-0.508980,-0.264807,-1.000000,-0.821414,-0.065894,-1.000000,0.780440
0.018001,0.018980,-0.014197,-0.000081,-0.002634,-0.007312,-0.009349,-0.465983,-0.395901,0.598855,-1.000000,-1.000000,1.000000,-1.000000
0.017901,0.019247,-0.013021,0.000359,-0.002387,-0.007353,-0.189361,-0.117380,0.458321,-0.364254,0.317724,-0.963177,-0.109619,0.725253
0.017732,0.019507,-0.011693,0.000971,-0.002045,-0.007654,-0.270911,-0.480277,0.317179,0.034181,-0.592654,0.401229,1.000000,-0.157447
0.017526,0.019703,-0.010479,0.001562,-0.001522,-0.007597,0.873901,-0.530280,-0.369911,0.667588,-0.450709,0.616510,0.842220,-0.108392
0.017224,0.019849,-0.009258,0.002487,-0.000866,-0.007042,0.145203,-0.142768,1.000000,0.178002,-0.637357,-0.371939,-0.212627,-0.614008
0.016850,0.019917,-0.008172,0.003644,-0.000121,-0.006792,-0.226583,-0.534221,-0.139958,-0.323159,0.540223,0.115151,-0.416878,-0.465489
0.016422,0.019925,-0.007183,0.004022,0.000487,-0.005695,0.513760,-0.181017,-0.906497,0.382157,0.266250,0.501162,1.000000,0.244404
0.016007,0.019872,-0.006563,0.004479,0.001020,-0.003880,0.532320,-0.137184,0.238880,0.226639,0.385669,-0.491153,1.000000,-0.449423
0.015459,0.019720,-0.006351,0.005878,0.001779,-0.001224,0.809535,0.138961,0.523970,0.557546,0.227837,-0.989990,-0.075899,0.342822
0.014810,0.019483,-0.006542,0.007865,0.002711,0.001195,-0.412005,0.028374,0.493866,-0.279103,1.000000,-0.426535,-0.825371,0.397919
0.013997,0.019153,-0.006950,0.009202,0.003419,0.002352,0.306101,-0.270713,-0.160859,-0.404819,-0.412335,0.025348,-1.000000,0.443564
0.013193,0.018783,-0.007568,0.010019,0.004083,0.003862,0.250356,0.008441,-1.000000,-0.661632,0.662597,-1.000000,0.040677,0.109988
0.012299,0.018334,-0.008429,0.010380,0.004539,0.004968,-0.615763,0.083654,0.815145,-0.195789,-0.169697,0.493688,1.000000,-0.924610
0.011475,0.017912,-0.009236,0.010369,0.004655,0.005052,-1.000000,0.192341,-0.432571,-0.894069,-0.356782,-0.349768,0.566638,-0.630142
0.010600,0.017457,-0.010089,0.010141,0.004663,0.004911,0.593757,0.379832,0.326296,0.401573,-0.554597,1.000000,-0.118224,0.351501
0.076968,-0.203765,-0.054956,0.000003,0.000000,-0.000001,0.000000,0.000000,0.000000,0.000000,0.000000,0.000000,0.000000,0.000000
0.076965,-0.203763,-0.054947,0.000130,-0.000001,-0.000068,-0.248696,1.000000,0.294304,0.555097,0.097106,-1.000000,0.273973,0.100938
0.076920,-0.203728,-0.054845,0.001205,-0.000109,-0.000588,0.194058,1.000000,-0.074152,0.913367,0.700385,-0.354731,0.464345,-0.050439
0.076747,-0.203593,-0.054516,0.004565,-0.000666,-0.002056,0.108802,0.769295,-0.655613,1.000000,1.000000,-0.721970,-0.460264,0.060453
0.076363,-0.203257,-0.053691,0.010013,-0.001502,-0.004755,0.317382,0.351171,0.385461,0.489589,1.000000,-1.000000,-0.916409,0.777652
0.075999,-0.202672,-0.052155,0.015998,-0.002548,-0.009600,-0.367264,0.841566,0.888777,0.122249,1.000000,-0.582717,-0.356743,0.503515
0.075872,-0.201572,-0.049099,0.022724,-0.003963,-0.017618,-0.095228,0.615266,-0.453536,0.446083,0.338317,0.562758,0.231952,0.247248
0.076062,-0.200064,-0.044733,0.030612,-0.005347,-0.027330,0.171929,0.722619,0.228341,0.429190,-0.012219,-0.965488,-0.634411,-0.768736
0.076758,-0.197724,-0.038064,0.038219,-0.007714,-0.038469,0.049225,0.466772,0.023306,-0.142005,1.000000,-0.400986,-1.000000,0.324997
0.077903,-0.194958,-0.030153,0.044586,-0.009505,-0.049447,-0.115546,0.017714,-0.888025,0.660298,-1.000000,0.312031,-0.010856,0.662974
0.079564,-0.191536,-0.019875,0.050444,-0.008842,-0.059275,0.228397,0.292187,-1.000000,0.534816,0.905620,-0.820922,0.172572,1.000000
0.081552,-0.188062,-0.008792,0.055153,-0.007008,-0.069296,-0.028461,0.204413,-1.000000,0.539858,1.000000,-0.925538,0.770575,0.316827
0.084051,-0.184182,0.004645,0.058937,-0.002974,-0.077496,0.538578,-0.151963,-1.000000,1.000000,0.934661,-0.082183,-1.000000,-0.915523
0.086333,-0.180851,0.017851,0.062884,0.003739,-0.082495,-0.160540,-0.359679,-1.000000,1.000000,-0.311241,-1.000000,-0.156791,-0.180034
0.088608,-0.177858,0.032626,0.066245,0.013274,-0.085299,0.719896,-0.563547,-1.000000,1.000000,-0.505564,0.168882,0.012268,0.735219
0.090801,-0.175883,0.046861,0.067476,0.025760,-0.088954,0.173887,-0.675700,-1.000000,1.000000,-1.000000,-1.000000,-0.166832,0.663425
0.093655,-0.174641,0.063227,0.066648,0.040183,-0.094409,0.031254,-0.197381,-1.000000,0.356192,0.405204,-1.000000,-0.213604,0.008470
0.096591,-0.174242,0.078733,0.064974,0.052016,-0.096931,-0.114788,-0.153640,-1.000000,0.255690,-0.366919,0.406264,1.000000,-1.000000
0.099775,-0.174564,0.095302,0.063201,0.061366,-0.095603,0.579872,-0.374798,-1.000000,1.000000,-0.236805,0.547894,-0.423798,-0.775708
0.102615,-0.175591,0.110319,0.062882,0.070565,-0.093869,-0.371793,0.008044,-1.000000,1.000000,0.647058,-1.000000,0.325709,0.324844
0.106011,-0.177447,0.126836,0.061212,0.081438,-0.095243,0.322855,-0.255607,-1.000000,1.000000,-1.000000,-1.000000,-0.748519,1.000000
0.109678,-0.179782,0.142581,0.059288,0.092826,-0.098458,0.164947,-0.407776,-1.000000,1.000000,-1.000000,0.210598,0.760792,-0.277274
0.113668,-0.182951,0.159224,0.057717,0.100458,-0.095959,0.387781,0.503296,-1.000000,1.000000,0.327410,-1.000000,1.000000,-0.739374
0.116759,-0.186500,0.173261,0.057901,0.104023,-0.087739,-0.138487,0.308990,-1.000000,1.000000,1.000000,-1.000000,0.586327,-0.339761
0.119276,-0.191060,0.186795,0.058324,0.106556,-0.078118,0.303900,-0.184206,-1.000000,1.000000,-1.000000,-0.358739,-0.738821,1.000000
0.121053,-0.195985,0.198181,0.059276,0.110859,-0.071156,0.475974,0.160860,-1.000000,1.000000,1.000000,-1.000000,-0.623660,-0.158934
0.122103,-0.202175,0.209060,0.061259,0.114691,-0.062741,-0.019095,0.189541,-1.000000,1.000000,0.748883,-0.692727,-0.126821,-0.427937
0.122274,-0.208668,0.217899,0.064249,0.118625,-0.055265,-0.010955,0.188362,-1.000000,1.000000,-0.070976,-1.000000,-0.246152,0.728201
0.122124,-0.216479,0.226964,0.066386,0.125009,-0.052290,0.296217,0.391722,-1.000000,1.000000,-1.000000,-1.000000,0.100376,1.000000
0.121729,-0.224358,0.234840,0.068041,0.130605,-0.049240,-0.225138,0.393550,-1.000000,1.000000,-0.061119,-0.967060,0.169613,-0.393424
0.120844,-0.233568,0.242598,0.069388,0.134490,-0.044741,0.564729,0.572069,-1.000000,1.000000,-0.883249,-0.738841,-0.674735,0.475921
0.119728,-0.242651,0.249254,0.071165,0.138916,-0.041631,0.302623,0.195178,-1.000000,1.000000,-1.000000,-0.697786,0.414477,-0.733649
0.117837,-0.253092,0.255491,0.072737,0.140957,-0.035967,-0.046348,0.672732,-1.000000,1.000000,-1.000000,-0.845542,0.014644,0.410719
0.115848,-0.263161,0.260694,0.072796,0.143305,-0.032542,0.268604,0.905200,-1.000000,1.000000,-1.000000,-1.000000,0.982552,0.717598
0.114045,-0.274453,0.266253,0.070065,0.146664,-0.032050,-0.198478,-0.018782,-1.000000,1.000000,-0.540174,-0.896167,-0.856359,0.504272
0.113093,-0.285294,0.271691,0.066932,0.152679,-0.033974,-0.840718,0.100890,-1.000000,1.000000,-0.735611,-1.000000,-1.000000,-0.278640
0.112775,-0.297515,0.277831,0.063758,0.158903,-0.035437,-0.242849,0.468040,-1.000000,1.000000,-0.514771,-0.822246,0.793853,1.000000
0.113603,-0.309084,0.284010,0.058626,0.164431,-0.038613,-0.225291,0.526831,-1.000000,1.000000,-1.000000,-0.049011,1.000000,1.000000
0.116334,-0.321700,0.291567,0.050278,0.169238,-0.043603,-0.113725,0.721646,-1.000000,1.000000,-0.469368,-1.000000,0.206503,1.000000
0.120749,-0.333330,0.299243,0.039385,0.173007,-0.047986,-0.089884,1.000000,-1.000000,1.000000,-0.528814,-1.000000,-0.161036,-0.861228
0.127264,-0.346001,0.307847,0.026913,0.176430,-0.049635,0.490038,0.690610,-1.000000,1.000000,1.000000,-1.000000,-1.000000,0.264245
0.134526,-0.357910,0.315697,0.014662,0.180369,-0.049057,0.254698,0.714633,-1.000000,1.000000,-0.078230,-1.000000,-0.593590,-0.322251
0.143307,-0.371213,0.323688,0.001768,0.184472,-0.046085,-0.372591,0.884088,-1.000000,1.000000,0.516899,-1.000000,0.606760,0.483142
0.152771,-0.383786,0.330895,-0.013053,0.189502,-0.045063,0.685424,0.474077,-1.000000,1.000000,-0.969568,-0.948368,-0.338233,0.720167
0.165841,-0.397336,0.339523,-0.029938,0.195854,-0.049750,0.299871,0.399068,-1.000000,1.000000,-0.880765,-1.000000,-0.807018,0.845996
0.181530,-0.409301,0.348852,-0.049033,0.202430,-0.058335,0.351956,0.703782,-1.000000,1.000000,-1.000000,-0.466773,0.743659,1.000000
0.203031,-0.420816,0.360689,-0.070422,0.203792,-0.068287,1.000000,0.430486,-1.000000,1.000000,0.180065,-0.202775,0.086461,-1.000000
0.228646,-0.430165,0.374028,-0.089761,0.200381,-0.076999,0.906854,0.763146,-1.000000,1.000000,0.285816,-1.000000,-1.000000,-1.000000
0.255275,-0.436554,0.387339,-0.105275,0.194248,-0.083157,0.506799,0.565183,-1.000000,1.000000,-0.283127,-0.342502,-0.072322,0.022037
0.284996,-0.440072,0.401924,-0.118962,0.186554,-0.091168,0.000916,0.155778,-1.000000,1.000000,-0.097815,0.954542,-0.482515,1.000000
0.321605,-0.439411,0.419964,-0.133382,0.177867,-0.104060,1.000000,0.351898,-1.000000,1.000000,0.349086,0.091862,0.079414,0.659195
0.359191,-0.433700,0.438763,-0.145361,0.167113,-0.117486,1.000000,0.731359,-1.000000,1.000000,0.126114,-0.899018,-1.000000,-0.312577
0.402388,-0.421886,0.460829,-0.154034,0.155024,-0.127298,1.000000,0.161936,-1.000000,1.000000,0.980111,-0.842732,-1.000000,0.297963
0.443746,-0.405318,0.482709,-0.158746,0.143679,-0.136787,1.000000,0.551072,-1.000000,1.000000,-0.904746,-0.349568,-0.054960,1.000000
0.489815,-0.379869,0.508467,-0.162177,0.129080,-0.148603,0.993394,0.141915,-1.000000,1.000000,1.000000,-0.448335,-1.000000,0.110179
0.531693,-0.349690,0.533690,-0.158649,0.116328,-0.157415,1.000000,0.386561,-1.000000,1.000000,1.000000,-0.630408,-0.802448,-0.583935
0.575070,-0.309565,0.562583,-0.152559,0.104624,-0.166875,0.665358,0.181325,-1.000000,1.000000,-0.496047,0.389612,-0.639170,0.760701
0.613150,-0.263667,0.591697,-0.145271,0.094246,-0.181870,1.000000,0.097553,-1.000000,1.000000,-0.385486,0.652273,-0.206228,0.910620
0.650630,-0.203705,0.626032,-0.139183,0.083339,-0.198189,1.000000,-0.048988,-1.000000,1.000000,0.061329,-1.000000,-0.686351,-1.000000
0.679121,-0.141126,0.659312,-0.128353,0.076587,-0.207953,1.000000,-0.267843,-1.000000,1.000000,1.000000,-0.148108,-0.455126,-1.000000
0.701327,-0.068411,0.696063,-0.115094,0.070993,-0.212090,1.000000,-0.586710,-1.000000,1.000000,-0.315651,-0.822128,0.017030,0.097961
0.713062,0.002467,0.730655,-0.100591,0.066560,-0.216138,0.900775,-0.982015,-1.000000,1.000000,-0.847477,-0.694696,-1.000000,0.318503
0.715360,0.084257,0.769797,-0.087781,0.062173,-0.225919,0.741619,-0.716950,-1.000000,1.000000,-1.000000,-1.000000,-0.299358,0.245866
0.706647,0.163638,0.807611,-0.075155,0.057203,-0.236280,1.000000,-1.000000,-1.000000,1.000000,-1.000000,-1.000000,-0.113142,-1.000000
0.684216,0.252181,0.850348,-0.064110,0.050305,-0.246570,1.000000,-1.000000,-1.000000,1.000000,-1.000000,-0.712103,0.495824,0.501763
0.650122,0.335438,0.891974,-0.055116,0.045346,-0.260035,0.613394,-1.000000,-1.000000,1.000000,-0.668238,-1.000000,-0.164070,1.000000
0.596771,0.425380,0.939950,-0.048207,0.042545,-0.276848,1.000000,-1.000000,-1.000000,1.000000,0.039470,-0.190322,-0.817479,0.696522
0.531413,0.504328,0.986674,-0.039017,0.044808,-0.292116,0.843835,-1.000000,-1.000000,1.000000,0.790403,-1.000000,-0.398027,-1.000000
0.443048,0.580898,-0.960335,-0.028046,0.049608,-0.305575,1.000000,-1.000000,-1.000000,1.000000,-1.000000,-0.566986,-1.000000,1.000000
0.345069,0.640019,-0.908768,-0.018055,0.056363,-0.322335,1.000000,-1.000000,-1.000000,1.000000,-0.858931,-0.767314,-1.000000,-0.114453
0.221957,0.687050,-0.849698,-0.009947,0.062083,-0.340815,1.000000,-1.000000,1.000000,1.000000,-1.000000,-1.000000,1.000000,0.385723
0.095770,0.710121,-0.792469,-0.002994,0.066042,-0.357804,0.866764,-1.000000,1.000000,1.000000,0.348948,0.649783,1.000000,0.191054
-0.046026,0.708962,-0.729623,0.007048,0.067545,-0.362367,1.000000,-1.000000,0.761117,1.000000,0.078467,-0.670266,-0.743743,-0.065632
-0.174403,0.683341,-0.672126,0.020970,0.069293,-0.359575,1.000000,-1.000000,-0.453423,1.000000,-0.568735,-0.364786,-0.791845,0.036666
-0.305448,0.630507,-0.610537,0.031905,0.071928,-0.355164,1.000000,-1.000000,-0.456014,1.000000,-1.000000,-0.124513,-1.000000,0.227122
-0.415560,0.560192,-0.553974,0.041338,0.076150,-0.353629,1.000000,-1.000000,-0.600101,0.778267,-0.194550,-0.806043,0.747581,0.242168
-0.518809,0.463666,-0.493225,0.049766,0.082691,-0.350368,1.000000,-1.000000,-1.000000,0.232548,-0.281917,-0.527306,0.064573,-1.000000
-0.595574,0.360431,-0.438421,0.059573,0.089323,-0.342882,0.854756,-1.000000,-1.000000,0.229295,0.289162,-0.708224,0.057440,-0.582384
-0.656946,0.238510,-0.380755,0.067824,0.095684,-0.332337,0.727304,-1.000000,-1.000000,-1.000000,-1.000000,-1.000000,-0.749666,-0.390128
-0.693215,0.119101,-0.328236,0.071649,0.098475,-0.328369,0.212497,-1.000000,-1.000000,-1.000000,-0.977944,-1.000000,-0.031613,0.086273
-0.709318,-0.015079,-0.271309,0.065645,0.098492,-0.328433,0.277786,-1.000000,-1.000000,-1.000000,-1.000000,-0.209040,-0.023964,-0.777400
-0.701803,-0.139706,-0.218618,0.055550,0.094720,-0.329393,0.193940,-1.000000,-1.000000,-0.627522,-1.000000,-0.775626,-0.112552,-0.203292
-0.669298,-0.271002,-0.161412,0.041401,0.088874,-0.329722,0.629235,-1.000000,-1.000000,-0.246094,-1.000000,0.453647,0.629366,0.413583
-0.617763,-0.384290,-0.108730,0.026907,0.080135,-0.329556,0.542498,-1.000000,-1.000000,-0.517332,-0.722530,-1.000000,0.294756,0.341703
-0.540163,-0.494878,-0.051514,0.011625,0.069593,-0.330091,0.575068,-0.479688,-1.000000,-0.017123,-1.000000,-1.000000,-0.790561,0.105154
-0.449791,-0.583069,0.001944,-0.000607,0.057899,-0.334111,0.843341,-0.586906,-1.000000,1.000000,-0.313582,-0.934895,1.000000,-0.295023
-0.334412,-0.659611,0.060603,-0.010108,0.043890,-0.338430,0.529944,-0.791597,-1.000000,1.000000,-1.000000,-0.977256,0.828533,-1.000000
-0.215370,-0.709514,0.115284,-0.016274,0.029131,-0.341767,0.378155,-0.424643,-1.000000,1.000000,-1.000000,-1.000000,1.000000,1.000000
-0.077706,-0.738619,0.174890,-0.019901,0.015529,-0.343722,1.000000,-0.977021,-1.000000,1.000000,-1.000000,-0.690262,-0.274854,-0.092976
0.052510,-0.741258,0.230060,-0.019918,0.003631,-0.344811,0.797708,-0.241848,-1.000000,1.000000,1.000000,-1.000000,0.132088,-0.344462
0.190623,-0.717612,0.289572,-0.013682,-0.010636,-0.343370,1.000000,-0.183377,-1.000000,1.000000,-0.431361,-1.000000,0.031659,-0.179531
0.309265,-0.672892,0.343620,-0.001423,-0.026054,-0.337951,1.000000,-1.000000,-1.000000,1.000000,-0.433474,0.013572,0.772023,-0.443562
0.421993,-0.603937,0.400246,0.016088,-0.039672,-0.326694,1.000000,-0.831653,-1.000000,1.000000,-1.000000,0.762591,0.303885,0.145791
0.508974,-0.525804,0.450576,0.033932,-0.049421,-0.314525,0.974269,-0.461317,-1.000000,1.000000,-0.711616,-1.000000,-0.391068,-0.852493
0.584220,-0.429377,0.503427,0.051168,-0.055800,-0.304981,1.000000,-0.433911,-1.000000,1.000000,-0.711639,-1.000000,0.027692,0.141517
0.636388,-0.332032,0.551342,0.066819,-0.058043,-0.299310,1.000000,-1.000000,-1.000000,1.000000,-1.000000,-1.000000,0.396399,1.000000
0.674110,-0.220169,0.602870,0.082117,-0.054420,-0.297263,1.000000,-1.000000,-1.000000,1.000000,-1.000000,-0.989319,-0.250296,0.257559
0.691589,-0.112925,0.650725,0.093950,-0.045178,-0.299043,1.000000,-0.863377,-1.000000,1.000000,-1.000000,-1.000000,-0.826867,0.137995
0.691319,0.005244,0.703348,0.103671,-0.030965,-0.303893,1.000000,-1.000000,-1.000000,1.000000,-0.165992,-1.000000,-0.190151,-1.000000
0.672880,0.113391,0.752681,0.111119,-0.017788,-0.308017,1.000000,-1.000000,-1.000000,1.000000,-1.000000,-1.000000,-0.014978,0.851909
0.633263,0.226289,0.807155,0.115155,0.000408,-0.314333,1.000000,-1.000000,-1.000000,1.000000,-1.000000,-1.000000,-0.462484,0.927680
0.578707,0.323963,0.858862,0.114580,0.020998,-0.323270,0.930689,-1.000000,-1.000000,1.000000,-0.829731,0.046113,-0.845945,0.152983
0.501094,0.418699,0.916350,0.109901,0.043331,-0.331445,0.988162,-1.000000,-1.000000,1.000000,-1.000000,-0.458511,-0.466641,-0.421367
0.414405,0.492212,0.970452,0.102996,0.062110,-0.338341,0.448316,-1.000000,-1.000000,1.000000,0.247541,-1.000000,-0.491841,0.354176
0.305755,0.554282,-0.969126,0.091568,0.079983,-0.348504,1.000000,-1.000000,-1.000000,1.000000,-0.894480,-0.301276,-0.151332,0.384855
0.195878,0.591989,-0.912223,0.076740,0.093208,-0.355746,1.000000,-1.000000,-1.000000,1.000000,-1.000000,-1.000000,0.088870,-0.316823
0.072543,0.609378,-0.850339,0.057975,0.102182,-0.356935,0.081446,-1.000000,-0.323022,1.000000,-1.000000,0.135999,-0.113152,1.000000
-0.040488,0.603485,-0.793246,0.037535,0.107859,-0.356890,0.184724,-1.000000,-1.000000,0.386075,-0.385290,0.328014,1.000000,0.919377
-0.156703,0.574607,-0.731832,0.013772,0.109022,-0.354436,1.000000,-1.000000,-0.763035,0.486242,-1.000000,-0.695652,0.486915,-0.179539
-0.253235,0.529907,-0.676405,-0.007736,0.105461,-0.346295,0.972438,-1.000000,-1.000000,0.408315,-0.072205,-0.333918,-0.368773,0.195310
-0.343995,0.465020,-0.617279,-0.030180,0.098917,-0.341025,0.158145,-1.000000,-0.975887,1.000000,-0.520792,-0.695519,0.120538,0.311630
-0.413515,0.392510,-0.563130,-0.050498,0.090014,-0.338456,0.738193,-1.000000,-1.000000,0.676334,-1.000000,-1.000000,0.505800,1.000000
-0.471600,0.303674,-0.504910,-0.070421,0.077743,-0.335842,1.000000,-1.000000,-1.000000,1.000000,-0.715387,-0.694965,0.805229,-0.127571
-0.508467,0.215606,-0.451622,-0.085098,0.062476,-0.333421,0.845704,-1.000000,-1.000000,0.800938,0.000319,-1.000000,0.647194,1.000000
-0.530294,0.115767,-0.393586,-0.097045,0.044716,-0.334573,1.000000,-1.000000,-1.000000,1.000000,-1.000000,-0.970222,0.477275,1.000000
-0.533311,0.021956,-0.339483,-0.106266,0.029058,-0.338220,1.000000,-1.000000,-1.000000,1.000000,0.743220,0.131136,-0.249805,-0.553921
-0.517903,-0.078311,-0.280218,-0.112667,0.012818,-0.341824,0.203287,-1.000000,-1.000000,0.746582,-0.113807,0.341777,-0.174350,0.372952
-0.486544,-0.167228,-0.224565,-0.117109,0.000250,-0.347709,1.000000,-1.000000,-1.000000,1.000000,-1.000000,-1.000000,-0.277196,-0.206205
-0.434860,-0.256019,-0.163358,-0.118291,-0.012179,-0.353306,1.000000,-1.000000,-1.000000,1.000000,-0.887699,-1.000000,-0.218140,-0.714180
-0.372365,-0.327734,-0.106280,-0.117372,-0.020725,-0.356739,1.000000,-1.000000,-1.000000,1.000000,-1.000000,-0.080758,1.000000,1.000000
-0.291594,-0.390758,-0.044499,-0.116112,-0.029027,-0.356367,0.431847,-1.000000,-1.000000,1.000000,-0.994937,-1.000000,1.000000,-0.566607
-0.208804,-0.432894,0.011875,-0.111802,-0.037207,-0.352502,0.973376,-1.000000,-1.000000,1.000000,0.806295,-1.000000,0.181399,-0.299821
-0.113991,-0.460082,0.072333,-0.102459,-0.048855,-0.348591,1.000000,-1.000000,-1.000000,1.000000,-0.638255,-0.412326,1.000000,0.791547
-0.024566,-0.468030,0.127966,-0.091514,-0.057913,-0.347750,1.000000,-0.791067,-1.000000,1.000000,-0.150907,-1.000000,0.102281,-1.000000
0.070859,-0.458022,0.188277,-0.075101,-0.068773,-0.347894,1.000000,-1.000000,-1.000000,1.000000,-0.379096,-1.000000,1.000000,0.092280
0.154356,-0.432230,0.244048,-0.056472,-0.076537,-0.348677,1.000000,-1.000000,-1.000000,1.000000,-0.916468,-0.496041,-1.000000,0.863094
0.236814,-0.387970,0.304683,-0.037476,-0.079298,-0.349815,1.000000,-0.701552,-1.000000,1.000000,0.479995,-1.000000,0.598153,-0.022973
0.307288,-0.328787,0.365200,-0.015668,-0.081817,-0.349336,1.000000,-1.000000,-1.000000,1.000000,-1.000000,-1.000000,0.427791,0.022477
0.359028,-0.263676,0.420536,0.005923,-0.083288,-0.345499,1.000000,-1.000000,-1.000000,1.000000,-0.059511,-1.000000,-1.000000,-0.823671
0.396412,-0.191264,0.475233,0.028755,-0.085023,-0.342027,1.000000,-1.000000,-1.000000,1.000000,-0.107579,-1.000000,0.978871,-1.000000
0.419612,-0.108304,0.533339,0.054205,-0.085885,-0.335067,0.758351,-1.000000,-1.000000,1.000000,-1.000000,-1.000000,-0.081472,-0.707038
0.425318,-0.031207,0.585656,0.075754,-0.083156,-0.327182,1.000000,-1.000000,-1.000000,1.000000,-1.000000,-0.109212,-1.000000,0.426204
0.415756,0.049391,0.640933,0.093973,-0.072916,-0.318697,0.988320,-1.000000,-1.000000,1.000000,-1.000000,-1.000000,-0.095774,-0.182784
0.393997,0.118599,0.690650,0.107373,-0.061158,-0.310893,1.000000,-1.000000,-1.000000,1.000000,-1.000000,-0.988124,-0.174459,1.000000
0.358403,0.185888,0.743326,0.117267,-0.044016,-0.303781,1.000000,-1.000000,-1.000000,1.000000,-1.000000,-1.000000,-0.538055,-0.135092
0.316503,0.239277,0.790756,0.123060,-0.026702,-0.296567,0.900730,-1.000000,-1.000000,1.000000,-1.000000,-1.000000,-0.639686,0.894469
0.263474,0.286692,0.841055,0.125623,-0.006479,-0.290185,1.000000,-1.000000,-1.000000,1.000000,0.164969,-0.743337,-0.021310,-0.421663
0.209662,0.320386,0.886289,0.125635,0.008717,-0.282767,1.000000,-1.000000,-1.000000,1.000000,-0.303896,1.000000,0.572028,0.508011
0.148031,0.345942,0.934212,0.123077,0.024887,-0.276312,1.000000,-1.000000,-1.000000,1.000000,-1.000000,-0.177186,-0.600946,0.777531
0.089564,0.359353,0.977794,0.117484,0.042347,-0.272489,1.000000,-1.000000,-1.000000,1.000000,-1.000000,-0.940692,-0.267135,0.985002
0.025856,0.363071,-0.975216,0.108525,0.060951,-0.271071,1.000000,-1.000000,-1.000000,1.000000,-1.000000,-1.000000,-0.115249,-1.000000
-0.031639,0.356999,-0.932156,0.098758,0.074333,-0.269187,1.000000,-1.000000,-1.000000,1.000000,-1.000000,-1.000000,0.625396,0.288814
-0.091212,0.340761,-0.885532,0.085766,0.085655,-0.268909,-0.163943,-1.000000,0.701822,-1.000000,-0.511852,1.000000,1.000000,0.585363
-0.154431,0.310776,-0.831634,0.067605,0.092755,-0.269440,0.579100,-1.000000,0.204482,-1.000000,0.493676,-0.549752,1.000000,-0.306331
-0.198805,0.279826,-0.788807,0.048636,0.088467,-0.267857,0.248478,-1.000000,-0.852330,-1.000000,1.000000,-0.530048,0.682158,0.095285
-0.239637,0.240908,-0.742611,0.026949,0.079371,-0.266439,0.695081,-1.000000,-1.000000,-0.221032,0.210920,-0.904431,-0.146068,-0.785002
-0.270329,0.201146,-0.699987,0.008031,0.066821,-0.266435,0.016704,-0.998330,-0.986187,-0.534022,0.059997,-0.730376,0.627841,1.000000
-0.295430,0.155904,-0.654623,-0.008003,0.052814,-0.261655,0.149786,-1.000000,-1.000000,-0.882292,0.200125,0.711731,1.000000,1.000000
-0.311194,0.113870,-0.614027,-0.019835,0.038017,-0.253836,0.806097,-0.949887,-0.901969,0.045536,-0.162413,0.175028,0.428296,-1.000000
-0.321049,0.069145,-0.571237,-0.028537,0.021843,-0.246604,0.811003,-1.000000,-0.632941,0.415489,0.148724,-1.000000,0.189785,-1.000000
-0.324354,0.029400,-0.532788,-0.032027,0.006629,-0.240587,-0.327876,-1.000000,-1.000000,0.394928,-0.209856,-0.799300,1.000000,0.697106
-0.322592,-0.010783,-0.492885,-0.031771,-0.006615,-0.230060,0.652524,-1.000000,-1.000000,-0.333896,-1.000000,-0.033429,1.000000,0.898493
-0.316857,-0.044876,-0.457542,-0.030404,-0.018886,-0.220986,0.620185,-0.813470,-1.000000,0.730904,1.000000,-1.000000,-0.129532,-1.000000
-0.307151,-0.078445,-0.420663,-0.026307,-0.030303,-0.212678,-0.177847,-0.949498,-1.000000,0.011248,-1.000000,-1.000000,0.597980,-1.000000
-0.295888,-0.105850,-0.388374,-0.020727,-0.039241,-0.201910,0.122853,-1.000000,-1.000000,0.436051,-1.000000,-0.383240,0.624880,0.672346
-0.282124,-0.131583,-0.355392,-0.013505,-0.047286,-0.190270,0.783031,-1.000000,-1.000000,-0.422318,-0.199498,-1.000000,1.000000,-0.644484
-0.268413,-0.152128,-0.326263,-0.006017,-0.055780,-0.181998,0.812186,-1.000000,-1.000000,0.604832,-0.640969,-0.765128,-0.056517,0.372836
-0.252858,-0.171124,-0.295998,0.001101,-0.063715,-0.174585,0.604997,-0.887535,-1.000000,-1.000000,-0.138508,0.275595,0.966313,-0.238947
-0.238345,-0.185649,-0.269493,0.007089,-0.070422,-0.165740,0.360517,-1.000000,-1.000000,0.059218,-1.000000,-0.078874,0.196660,0.852576
-0.222746,-0.198365,-0.242457,0.011100,-0.075094,-0.155954,0.501742,-1.000000,-0.781012,0.250727,-0.858700,-1.000000,-0.119623,0.491544
-0.208822,-0.207583,-0.218991,0.015368,-0.079168,-0.146688,-0.173690,-1.000000,-1.000000,-0.204098,0.138455,-0.975014,0.685359,-1.000000
-0.195138,-0.214838,-0.195659,0.022837,-0.082180,-0.134564,-0.012426,-1.000000,-1.000000,-0.075702,0.751674,-0.698248,1.000000,-0.298491
-0.184565,-0.219046,-0.176674,0.030732,-0.083855,-0.118695,-0.198641,-0.898275,-1.000000,-0.333602,-0.233762,-0.078205,0.747927,-1.000000
-0.175916,-0.221093,-0.159389,0.038579,-0.084010,-0.099685,0.121615,-0.506098,-1.000000,-0.181641,-1.000000,0.719784,1.000000,0.684124
-0.170755,-0.220827,-0.146824,0.044072,-0.083798,-0.078557,-0.264127,-0.657806,-1.000000,-0.173988,-1.000000,-0.038521,0.296240,0.730887
-0.168318,-0.218291,-0.137242,0.047093,-0.083209,-0.055258,-0.372244,-0.372979,-0.927754,-0.287177,0.916678,-0.849906,0.032637,0.181241
-0.168883,-0.214016,-0.131988,0.049884,-0.083602,-0.032836,-0.340705,-0.513233,-0.411281,-0.505027,0.307051,-1.000000,1.000000,0.955130
-0.172420,-0.207310,-0.130037,0.053358,-0.085082,-0.011265,-0.534106,-0.585952,0.218232,-0.676262,-0.417740,-0.329981,0.917751,0.772398
-0.178125,-0.199138,-0.131652,0.055407,-0.086834,0.010097,-0.508998,0.019075,-0.242188,-1.000000,1.000000,0.382078,0.581588,-0.657765
-0.186179,-0.188259,-0.136473,0.055580,-0.089637,0.027810,-0.850263,0.334233,-0.388598,-1.000000,1.000000,-1.000000,0.698994,0.910125
-0.194488,-0.176535,-0.142918,0.053985,-0.094225,0.040268,-1.000000,0.983167,-0.171893,-1.000000,0.993279,-0.573536,1.000000,0.229261
-0.203463,-0.162463,-0.151146,0.049234,-0.098797,0.047492,-0.170845,0.608483,0.324277,-1.000000,0.928329,-0.674008,0.947808,-0.078719
-0.210990,-0.148788,-0.159209,0.041390,-0.100828,0.050399,-0.914905,0.875688,0.791863,-1.000000,1.000000,-1.000000,0.084874,0.096416
-0.217774,-0.133765,-0.167984,0.030350,-0.100495,0.050591,-0.701319,-0.074354,0.061456,-1.000000,1.000000,0.065785,-0.519472,-1.000000
-0.222483,-0.120074,-0.175814,0.017683,-0.098778,0.048957,-1.000000,0.216948,1.000000,-1.000000,1.000000,-0.075983,-0.351915,0.095447
-0.225756,-0.105768,-0.183693,0.004059,-0.096253,0.045442,0.110006,0.499188,1.000000,-1.000000,1.000000,-0.348482,-0.159754,-0.139708
-0.227024,-0.093601,-0.189856,-0.008787,-0.092629,0.038538,-0.794259,-0.169642,1.000000,-1.000000,1.000000,-1.000000,0.075257,-0.729768
-0.226441,-0.082191,-0.194674,-0.021689,-0.087489,0.027793,-0.995451,0.125450,1.000000,-1.000000,1.000000,1.000000,-0.097746,0.621687
-0.224141,-0.073701,-0.196942,-0.034262,-0.081802,0.014170,-0.646875,0.563850,0.577189,-1.000000,-0.555204,0.326794,1.000000,-0.722052
-0.219755,-0.067390,-0.196346,-0.046688,-0.073969,-0.003442,-0.640530,-0.445671,0.985881,-0.837737,1.000000,-1.000000,0.673522,-0.309455
-0.213882,-0.065026,-0.192062,-0.058893,-0.063296,-0.026778,-0.403518,0.155751,1.000000,-0.935846,0.932665,-1.000000,0.570113,-0.566606
-0.205424,-0.066739,-0.182670,-0.070873,-0.050222,-0.054212,-0.351107,0.480051,0.971136,-1.000000,-0.243260,0.384735,0.815255,-1.000000
-0.195558,-0.072335,-0.169332,-0.081993,-0.035110,-0.083331,-0.014555,0.032593,0.895129,-0.389901,-0.547948,0.666099,0.104433,-1.000000
-0.182680,-0.082109,-0.149959,-0.089212,-0.021839,-0.111803,0.854073,0.201924,0.049652,0.649529,0.608908,0.414312,-0.994252,0.110214
-0.169213,-0.092526,-0.129225,-0.092046,-0.015478,-0.129539,1.000000,-0.553338,-0.678699,0.866768,0.177827,-0.591805,0.622673,0.387807
-0.153688,-0.103072,-0.105963,-0.091434,-0.017169,-0.134246,0.145865,-0.941874,-1.000000,1.000000,-0.180907,-1.000000,-1.000000,0.222091
-0.138991,-0.111305,-0.084684,-0.088813,-0.021444,-0.132840,0.981686,-1.000000,-0.823279,1.000000,0.489160,0.023189,-0.177617,-0.436316
-0.122980,-0.118453,-0.062167,-0.085716,-0.026359,-0.129972,0.378255,-0.682066,-1.000000,0.964472,-0.793624,-0.545275,0.674554,-0.164448
-0.108426,-0.123432,-0.042139,-0.081735,-0.030001,-0.125234,0.541986,-1.000000,-0.415488,1.000000,-0.694186,0.496111,1.000000,0.431348
-0.093465,-0.127056,-0.021850,-0.075575,-0.033315,-0.117029,0.801785,-0.633732,-1.000000,1.000000,0.931970,-1.000000,0.737001,-0.350075
-0.081151,-0.128734,-0.005182,-0.065882,-0.036174,-0.104149,1.000000,-0.999753,-0.800637,1.000000,-0.188044,-1.000000,0.113200,1.000000
-0.070284,-0.128795,0.009733,-0.052192,-0.039559,-0.086069,0.569477,-0.807276,-1.000000,0.840771,-0.808133,0.931160,0.745071,-0.719258
-0.062993,-0.127299,0.020001,-0.036921,-0.044012,-0.064195,0.490806,-0.667940,0.545713,1.000000,-0.508213,-1.000000,0.659271,-0.266603
-0.058254,-0.124211,0.027215,-0.020199,-0.049251,-0.041615,0.547681,-0.447704,-0.469945,1.000000,-1.000000,0.457027,-0.029120,1.000000
-0.056895,-0.120191,0.030292,-0.001856,-0.054483,-0.019225,1.000000,-0.501949,-0.155159,1.000000,1.000000,-0.153549,0.578910,0.660685
-0.058322,-0.114955,0.030399,0.016142,-0.057767,-0.000621,0.229219,-0.494515,0.479690,-1.000000,-1.000000,-1.000000,0.562482,1.000000
-0.061329,-0.109727,0.028411,0.027255,-0.057867,0.012424,-0.404890,-1.000000,-1.000000,-0.137234,0.223022,0.293656,-0.346512,-0.686779
-0.065769,-0.103727,0.023971,0.032047,-0.056428,0.025624,-0.003562,0.152377,-0.781856,-0.867357,1.000000,0.196812,1.000000,0.228654
-0.070238,-0.097998,0.018620,0.032526,-0.054827,0.033420,-1.000000,0.167094,0.610700,-1.000000,-1.000000,0.855068,1.000000,0.381925
-0.074971,-0.091745,0.012312,0.030833,-0.053208,0.036393,0.041737,0.277931,0.835771,-0.889503,0.794525,0.345700,-0.112885,-0.554159
-0.079128,-0.085965,0.006341,0.029151,-0.051884,0.037325,-0.781830,0.057240,-0.485358,-1.000000,1.000000,-1.000000,1.000000,-0.221525
-0.494950,-0.352275,-0.257458,-0.000000,0.000000,-0.000001,0.000000,0.000000,0.000000,0.000000,0.000000,0.000000,0.000000,0.000000
-0.494944,-0.352287,-0.257450,0.000030,-0.000002,-0.000057,-0.403471,1.000000,-1.000000,-1.000000,-0.637058,-0.264265,-0.073461,0.178797
-0.494870,-0.352427,-0.257355,0.000380,-0.000101,-0.000596,-0.921342,1.000000,-1.000000,-1.000000,0.577467,-1.000000,0.507304,1.000000
-0.494510,-0.353023,-0.256941,0.001080,-0.000512,-0.002384,-0.530266,0.824689,-1.000000,-1.000000,0.319468,0.856968,-0.106502,-0.754090
-0.493530,-0.354453,-0.255954,0.001389,-0.001207,-0.006172,-1.000000,1.000000,-1.000000,-1.000000,1.000000,-0.179299,-0.433438,0.958922
-0.490742,-0.358079,-0.253437,0.000332,-0.002910,-0.014518,-1.000000,0.904618,-1.000000,-1.000000,-1.000000,-1.000000,-0.137683,-0.024903
-0.485230,-0.364745,-0.248802,-0.002926,-0.005267,-0.028958,-0.550466,1.000000,-1.000000,-1.000000,-0.407455,-0.377656,-0.121973,-0.059280
-0.474844,-0.376416,-0.240542,-0.008340,-0.008743,-0.047665,-1.000000,0.738644,-0.759184,-1.000000,-0.019036,-0.189074,1.000000,0.434136
-0.460426,-0.391066,-0.229766,-0.016730,-0.014384,-0.067374,-1.000000,0.642197,-1.000000,-1.000000,0.811868,-0.571978,0.348371,-1.000000
-0.438021,-0.411218,-0.214055,-0.028008,-0.022934,-0.090608,-0.694319,0.964084,-1.000000,-1.000000,1.000000,-0.405478,-0.152514,0.438978
-0.409947,-0.433434,-0.195410,-0.038699,-0.032406,-0.116577,-0.298932,0.588898,-1.000000,-0.177313,-0.138412,-0.001992,-0.227269,-0.380302
-0.370955,-0.460252,-0.170717,-0.045795,-0.040078,-0.142414,-0.274305,0.591380,-1.000000,-0.290722,1.000000,-0.900636,-0.334713,0.469114
-0.326847,-0.485608,-0.144066,-0.051419,-0.048284,-0.166609,-0.040624,0.051711,-1.000000,-0.320589,-0.625529,-1.000000,1.000000,-0.267880
-0.271184,-0.511003,-0.111862,-0.054346,-0.056400,-0.185790,1.000000,0.719620,-1.000000,0.593341,0.848878,-1.000000,-0.426890,-0.356467
-0.214089,-0.530367,-0.079881,-0.053221,-0.062592,-0.199798,0.176641,-0.437102,-1.000000,0.834599,-0.173178,-0.284818,0.325832,-0.089341
-0.149082,-0.544898,-0.044359,-0.050723,-0.066088,-0.205031,0.296859,-0.452018,-1.000000,1.000000,0.149445,-0.478301,-0.392431,1.000000
-0.088089,-0.551792,-0.011575,-0.049760,-0.066045,-0.204970,1.000000,-1.000000,-1.000000,1.000000,-1.000000,-0.628735,1.000000,-0.206445
-0.023286,-0.552082,0.023005,-0.049008,-0.066039,-0.199535,1.000000,-0.325279,-1.000000,1.000000,0.309660,-1.000000,0.746259,0.141827
0.033424,-0.546193,0.053380,-0.047600,-0.066583,-0.189749,0.742927,-1.000000,-1.000000,1.000000,-0.787494,-0.950786,0.998834,-0.358427
0.089270,-0.534233,0.083788,-0.042835,-0.068974,-0.175292,1.000000,-0.059285,-1.000000,1.000000,-1.000000,-0.681511,0.415687,-0.041291
0.134065,-0.519454,0.108942,-0.034530,-0.072225,-0.157286,0.845939,-0.324227,-1.000000,1.000000,-0.253615,0.050284,0.340819,0.024769
0.182286,-0.496662,0.137543,-0.019212,-0.077425,-0.134136,0.946039,-0.591514,-1.000000,1.000000,-0.916475,1.000000,0.075011,-0.169182
0.209511,-0.478808,0.155101,-0.001427,-0.083856,-0.109661,1.000000,-0.399264,-1.000000,1.000000,-1.000000,-0.700532,0.541701,0.139719
0.230178,-0.461074,0.169900,0.016176,-0.089032,-0.092475,0.419476,-0.058102,-1.000000,1.000000,-1.000000,-1.000000,-0.575087,0.441567
0.247380,-0.442115,0.184035,0.033406,-0.091079,-0.081568,0.486883,0.338730,-1.000000,1.000000,-0.653052,-0.458611,-0.427406,0.401412
0.260126,-0.424750,0.196327,0.049282,-0.089124,-0.076848,0.614847,-0.296201,-1.000000,1.000000,-0.092578,-1.000000,-0.414765,0.874109
0.271323,-0.406156,0.209301,0.064752,-0.083964,-0.074827,0.231850,-0.081928,-1.000000,1.000000,-1.000000,-0.147710,-0.684122,-0.782296
0.279362,-0.389452,0.220902,0.078400,-0.077991,-0.072562,0.014707,-0.654197,-0.555133,1.000000,0.026323,-1.000000,0.055922,0.688116
0.285708,-0.372245,0.232989,0.090485,-0.069432,-0.069707,0.716583,-0.349744,-1.000000,1.000000,0.502740,-1.000000,0.134041,0.651239
0.289185,-0.357349,0.243513,0.103190,-0.062467,-0.065749,1.000000,-0.725826,-0.642445,1.000000,-0.262251,-1.000000,0.452915,0.031912
0.290259,-0.342401,0.254088,0.116863,-0.056535,-0.060997,0.237017,-0.331635,-1.000000,1.000000,0.761983,-1.000000,-0.609969,0.948273
0.289500,-0.329721,0.263563,0.128897,-0.046328,-0.059255,0.567472,-0.619630,-1.000000,1.000000,0.011716,-0.450863,-0.733803,0.756717
0.287335,-0.317079,0.273955,0.140327,-0.033133,-0.059938,0.602760,-0.064220,-1.000000,1.000000,-0.415541,-1.000000,-1.000000,-1.000000
0.284237,-0.306252,0.283803,0.152059,-0.021283,-0.061568,0.059395,-0.773491,-1.000000,1.000000,-0.361521,-0.869619,-0.187287,-1.000000
0.280177,-0.295197,0.295159,0.162635,-0.007925,-0.065503,0.427132,-0.378287,-1.000000,1.000000,-1.000000,-0.376160,-0.519310,0.737132
0.276216,-0.285398,0.306634,0.171692,0.005838,-0.071735,0.290215,-0.474633,-1.000000,1.000000,-1.000000,-1.000000,0.787679,-1.000000
0.270995,-0.275751,0.319298,0.179654,0.017196,-0.073036,-0.110959,-1.000000,-1.000000,0.322507,-1.000000,-1.000000,1.000000,-0.282302
0.264956,-0.268174,0.330645,0.186839,0.026871,-0.070922,0.356875,-0.233623,-1.000000,0.882632,-0.302292,0.376958,-0.014481,0.963305
0.257040,-0.261707,0.342197,0.191991,0.036516,-0.066645,-0.306239,-0.171632,-1.000000,0.105908,-1.000000,-0.647200,0.760275,-1.000000
0.247755,-0.257948,0.351107,0.196586,0.042123,-0.055699,-0.400233,-0.539447,-1.000000,0.596710,-0.203224,-1.000000,0.261234,-1.000000
0.235221,-0.256349,0.358348,0.201475,0.045074,-0.041768,0.538139,-0.329425,-1.000000,1.000000,-0.968327,-1.000000,0.244220,0.847538
0.221805,-0.256694,0.363228,0.206216,0.047410,-0.030506,-0.432516,-0.138613,-1.000000,1.000000,-1.000000,-0.989345,1.000000,1.000000
0.205825,-0.258704,0.367061,0.209411,0.051646,-0.022118,-0.785279,-0.509387,-1.000000,-0.283347,-0.839126,0.109573,-0.805923,0.427121
0.189922,-0.261877,0.369366,0.211541,0.055598,-0.014402,0.206145,-0.215094,-1.000000,0.556430,-1.000000,-1.000000,0.530523,-0.634248
0.170787,-0.266621,0.369822,0.214366,0.055114,-0.002633,0.060978,-0.157092,-1.000000,0.317214,-1.000000,-0.616867,0.219724,-0.959525
0.151037,-0.271870,0.367896,0.215887,0.050246,0.012042,-0.278026,-0.062389,-1.000000,-0.441752,-0.454665,0.459740,1.000000,0.065614
0.127777,-0.277829,0.363390,0.213085,0.042274,0.025983,-0.730581,0.229558,-1.000000,-0.522099,-1.000000,1.000000,-0.201565,1.000000
0.105198,-0.283041,0.357373,0.206032,0.033890,0.037613,-1.000000,0.497065,-1.000000,-0.800700,-0.024511,-0.404386,-1.000000,1.000000
0.079859,-0.287995,0.349031,0.196589,0.025221,0.048135,-0.964247,0.416516,-1.000000,-0.416748,-1.000000,-1.000000,-0.692181,-0.628445
0.055756,-0.291730,0.339721,0.186200,0.018129,0.058172,-0.888548,0.540486,-1.000000,-1.000000,0.159757,-1.000000,-0.094094,-0.812819
0.028870,-0.294589,0.327879,0.175792,0.010845,0.068322,-0.192823,0.323823,-1.000000,-1.000000,-0.782394,0.251842,0.287337,-0.084296
0.003110,-0.295699,0.315096,0.165642,0.002238,0.079922,-0.818138,1.000000,-1.000000,0.560948,-0.650263,0.510688,0.908478,0.122422
-0.026076,-0.294662,0.298932,0.155706,-0.008936,0.093230,-1.000000,0.952109,-1.000000,-1.000000,-1.000000,-0.214282,0.789511,-0.010493
-0.049264,-0.291906,0.284910,0.146221,-0.018885,0.105141,-0.890626,1.000000,-1.000000,-1.000000,0.683998,-0.421060,-0.228691,1.000000
-0.084241,-0.284109,0.261880,0.133398,-0.033071,0.115169,-0.876529,1.000000,-1.000000,-0.961838,0.174750,-0.531093,0.438568,1.000000
-0.111763,-0.274309,0.241936,0.117837,-0.047240,0.124644,-1.000000,1.000000,-1.000000,-1.000000,-0.969147,-1.000000,1.000000,-0.261190
-0.140527,-0.259871,0.218729,0.099804,-0.061198,0.133927,-1.000000,0.615965,-0.682435,-1.000000,0.476654,-1.000000,0.631934,-0.792737
-0.161449,-0.246080,0.199791,0.081601,-0.071006,0.141874,-0.098942,0.105182,-0.263563,-1.000000,1.000000,1.000000,1.000000,0.063144
-0.184417,-0.226743,0.176300,0.062680,-0.080543,0.146891,-1.000000,1.000000,-0.238418,-1.000000,-0.019050,0.167993,0.109078,-0.947587
-0.205355,-0.203469,0.151099,0.039389,-0.087694,0.145405,-1.000000,1.000000,0.436420,-1.000000,1.000000,-0.132044,-1.000000,-1.000000
-0.220022,-0.181718,0.129766,0.017875,-0.089781,0.133330,-1.000000,1.000000,0.498284,-1.000000,0.443696,-0.264419,-0.050104,-0.758883
-0.230675,-0.159881,0.110251,-0.000747,-0.088076,0.112592,-0.773002,0.910501,-0.131085,-1.000000,-0.728422,-1.000000,-0.896821,-1.000000
-0.236298,-0.141961,0.095603,-0.017696,-0.084977,0.091529,-1.000000,0.977413,0.066835,-1.000000,-0.654378,-1.000000,-0.151296,1.000000
-0.238717,-0.124882,0.082884,-0.033674,-0.082718,0.073394,-0.886107,0.188945,-0.088971,-1.000000,-0.485853,0.404078,0.815656,0.957007
-0.238255,-0.111368,0.074005,-0.045883,-0.081077,0.055514,-0.334803,0.579045,1.000000,-1.000000,1.000000,0.491300,0.479668,-0.709400
-0.235260,-0.099468,0.067739,-0.056477,-0.078969,0.036143,-0.450135,-0.053421,0.495746,-0.843658,1.000000,-0.782351,-0.086487,0.928673
-0.230439,-0.090665,0.064666,-0.068712,-0.077724,0.019209,-0.136521,0.530882,0.492417,-1.000000,1.000000,-1.000000,-0.733017,-0.730743
-0.223124,-0.083341,0.064298,-0.081503,-0.077533,0.002123,0.329326,-0.199710,0.190142,-0.867494,0.006898,-0.848733,0.230890,0.672661
-0.214851,-0.078161,0.066238,-0.092392,-0.077833,-0.012127,0.632173,-0.557872,-0.873298,-0.118383,-0.936190,0.533208,-0.515999,-0.425156
-0.204715,-0.074125,0.070532,-0.099596,-0.076143,-0.024778,0.139174,-0.612646,-0.241439,-0.082759,0.112137,-0.649834,0.337440,-1.000000
-0.194622,-0.071504,0.076039,-0.104567,-0.073251,-0.034426,-0.674763,-0.936658,0.931832,0.101188,-0.708635,-0.897877,0.749829,0.969776
-0.183369,-0.069143,0.082842,-0.106367,-0.071465,-0.039246,0.205322,-1.000000,0.762710,1.000000,-1.000000,1.000000,1.000000,-0.397370
-0.173095,-0.066994,0.089470,-0.104666,-0.070832,-0.041412,0.964930,-1.000000,0.119037,0.440651,0.841769,-0.228008,0.939327,-1.000000
-0.162256,-0.064557,0.096871,-0.101487,-0.070815,-0.042702,1.000000,-0.315951,0.765966,0.573154,-0.305670,-0.592112,-0.280890,-0.589330
-0.152584,-0.062181,0.103888,-0.097759,-0.070699,-0.043868,0.917952,-0.403882,-0.619224,0.484506,0.459127,-0.656278,-0.100979,0.294198
-0.142520,-0.059302,0.111486,-0.093755,-0.071412,-0.043810,0.654475,-1.000000,-0.740565,1.000000,-0.879414,0.643145,0.177051,0.139016
-0.133714,-0.056271,0.118272,-0.089433,-0.072125,-0.042425,0.838044,-1.000000,0.275310,1.000000,-1.000000,-0.457771,-0.453427,0.212832
-0.124903,-0.052470,0.124985,-0.083420,-0.072581,-0.038715,0.424097,-1.000000,0.668892,1.000000,-0.296043,0.506070,0.314815,1.000000
-0.117688,-0.048351,0.129873,-0.076144,-0.071814,-0.030556,0.181760,-1.000000,-0.007652,1.000000,-0.101036,0.084277,1.000000,-0.485394
-0.111083,-0.042930,0.132599,-0.068009,-0.070653,-0.015735,0.062653,-0.833440,-0.618719,0.809949,0.359308,-1.000000,0.123246,-0.500840
-0.106111,-0.036920,0.132078,-0.060031,-0.069380,0.003262,0.110247,-0.878767,0.007256,0.260993,-0.753091,-0.476778,0.880223,-0.580774
-0.101613,-0.029448,0.128095,-0.054399,-0.067473,0.022971,0.175170,-0.568485,1.000000,0.511923,-1.000000,1.000000,1.000000,-0.445624
-0.097866,-0.021819,0.121260,-0.051857,-0.064775,0.042725,-0.633896,-0.886582,-0.270148,0.056125,-0.655842,0.764588,1.000000,-1.000000
-0.093723,-0.013154,0.110772,-0.052858,-0.059681,0.060524,0.281980,-0.064970,0.371080,-0.315236,0.588750,-0.491237,-0.006869,-1.000000
-0.089628,-0.005328,0.099205,-0.053662,-0.052495,0.072242,0.448027,-0.650047,1.000000,-0.260371,0.098957,-0.869712,0.477126,1.000000
-0.084884,0.002399,0.085603,-0.053770,-0.042803,0.078520,-0.773329,0.012373,0.704981,-0.744318,0.226673,0.918354,0.162826,1.000000
-0.080261,0.008455,0.072942,-0.053096,-0.031928,0.079127,0.230917,-0.499908,1.000000,-1.000000,1.000000,-0.707178,0.420852,-1.000000
-0.075270,0.013475,0.060035,-0.050362,-0.019498,0.074465,-0.028708,-0.002398,0.951563,0.034473,0.759528,-1.000000,-0.896835,-1.000000
-0.071048,0.016543,0.049818,-0.044585,-0.007839,0.063765,-0.730369,0.635017,1.000000,-0.984147,1.000000,-0.044762,-0.298682,-0.588582
-0.067218,0.018110,0.041515,-0.037118,0.003090,0.047947,-0.324634,-0.002659,0.788744,-1.000000,0.648233,0.262644,1.000000,0.773730
-0.064500,0.017845,0.036926,-0.029173,0.014666,0.028686,0.154158,0.126729,0.941678,-0.308059,0.610355,0.547801,-1.000000,-0.357121
-0.062531,0.015993,0.035111,-0.020474,0.024361,0.010460,-0.533982,-0.135276,-0.495038,0.011208,1.000000,0.114140,-0.385075,0.557272
-0.061280,0.013541,0.035068,-0.014892,0.029329,0.000269,-0.215165,0.109479,-0.962604,-0.280131,0.566297,-1.000000,-0.174465,0.201773
-0.060154,0.010586,0.035731,-0.012676,0.031063,-0.003827,0.317861,-0.333255,0.130072,-0.050758,0.528316,-1.000000,0.478707,-0.556487
-0.059224,0.007682,0.036754,-0.011475,0.032276,-0.006391,-0.104607,-0.406318,-0.404502,-0.017014,0.325356,-0.626492,1.000000,0.210950
-0.058234,0.004476,0.038003,-0.011194,0.032638,-0.007201,-0.150264,0.284597,-1.000000,0.096735,0.918123,0.255707,-0.171032,0.145096
-0.057302,0.001539,0.039152,-0.011302,0.032518,-0.007191,0.576909,-0.000266,-0.973892,0.143467,1.000000,-1.000000,-1.000000,-1.000000
-0.056272,-0.001607,0.040347,-0.011375,0.032203,-0.006896,0.573601,0.063150,-0.681682,0.254391,-1.000000,-0.027911,-0.075428,0.265442
-0.055302,-0.004467,0.041362,-0.011476,0.031887,-0.006337,-0.523262,-0.295917,-0.230214,1.000000,-0.132914,0.713925,1.000000,1.000000
-0.054226,-0.007483,0.042308,-0.011683,0.031346,-0.005458,-0.744470,-0.060564,-1.000000,-0.022862,0.642951,-1.000000,1.000000,-0.367432
-0.053179,-0.010128,0.042890,-0.012299,0.030301,-0.003640,-0.585864,-0.191042,-0.624687,0.647383,1.000000,-1.000000,-0.490452,-0.631680
-0.051980,-0.012772,0.043029,-0.013132,0.028813,-0.000799,0.225177,-0.008774,-0.454588,0.165279,-0.785324,1.000000,1.000000,-0.451311
-0.050829,-0.015003,0.042682,-0.013864,0.027231,0.002166,-0.184646,-0.572790,0.015682,-0.232649,-0.980995,-1.000000,1.000000,-0.442438
-0.049544,-0.017222,0.041842,-0.014559,0.025882,0.004849,-0.293388,0.095883,-1.000000,0.439025,-0.193008,-1.000000,-0.854315,-0.346749
-0.048269,-0.019009,0.040414,-0.016084,0.023901,0.008922,0.745057,-0.541276,-0.818022,-0.016311,0.476997,-0.081400,-0.069338,-0.584006
-0.046786,-0.020688,0.038152,-0.017769,0.022226,0.013052,0.527892,0.144956,0.756561,0.370045,-1.000000,-0.114688,0.397008,-0.042229
-0.045428,-0.022100,0.035667,-0.018063,0.021156,0.015526,-0.015573,0.185246,-0.483521,-0.198331,-0.352372,-0.503097,-0.228330,-0.049457
-0.043934,-0.023512,0.032589,-0.018746,0.020360,0.017757,0.166810,0.152136,-1.000000,0.017394,1.000000,-0.397541,-0.109848,-1.000000
-0.042449,-0.024653,0.029184,-0.020642,0.019189,0.021281,0.051489,0.137965,-1.000000,0.316279,0.366687,0.915491,1.000000,0.282758
-0.040704,-0.025675,0.024762,-0.022901,0.017737,0.025513,-0.296538,0.433130,0.457962,-0.432078,0.546642,-0.425840,-0.184973,0.162228
-0.039040,-0.026572,0.020437,-0.023921,0.017297,0.027035,-0.791060,0.515619,0.153505,-0.481438,1.000000,-1.000000,-1.000000,0.738705
-0.037199,-0.027554,0.015704,-0.024527,0.017210,0.027314,0.515881,0.102765,-0.976094,0.277304,0.192089,-0.356569,-0.170213,-0.301768
-0.035275,-0.028541,0.010877,-0.025701,0.017088,0.027859,0.357377,0.337460,-0.256799,0.235202,-1.000000,-0.691279,0.832224,-0.229657
-0.033456,-0.029429,0.006433,-0.026355,0.016463,0.027778,-0.173589,0.862339,0.488649,-0.159592,0.416832,-1.000000,0.617216,0.159816
-0.031635,-0.030281,0.002280,-0.026201,0.015360,0.025932,0.067288,0.235888,0.525403,-0.328350,-0.281630,0.061991,0.914271,-1.000000
-0.029688,-0.031169,-0.001771,-0.025593,0.014208,0.023364,0.287686,0.329579,-0.014545,0.271053,0.974262,-0.362882,-0.641846,-1.000000
-0.027932,-0.031926,-0.004922,-0.024557,0.012517,0.019695,-0.159316,0.960839,-0.516091,-0.069807,0.765102,0.087654,-1.000000,0.558157
-0.026075,-0.032610,-0.007365,-0.023104,0.009888,0.014096,-0.654165,0.011070,-0.002788,-0.259414,-0.041393,-0.441583,-1.000000,1.000000
-0.024362,-0.033105,-0.008781,-0.022116,0.007279,0.008854,-0.213192,0.532394,0.136954,-0.015275,-0.646926,-1.000000,-0.887316,0.240010
-0.022442,-0.033420,-0.009239,-0.021623,0.003852,0.002640,0.923659,0.747021,-1.000000,-0.163311,-0.156496,-0.857351,-0.573862,-0.739878
-0.020543,-0.033475,-0.008694,-0.021928,0.000201,-0.003406,-0.066054,-0.386094,-0.473039,0.181489,0.518863,-1.000000,0.964480,1.000000
-0.018380,-0.033376,-0.007561,-0.022457,-0.001898,-0.006536,-0.338030,-0.124829,0.168500,0.095297,-1.000000,-0.080496,-0.551312,-0.332101
-0.016357,-0.033193,-0.006229,-0.022402,-0.003086,-0.008316,0.281299,-0.427309,0.618786,0.089378,0.196595,-0.102721,0.831759,-0.572866
-0.014194,-0.032946,-0.004706,-0.022029,-0.003574,-0.008795,1.000000,-0.207709,-0.019373,0.150398,1.000000,0.089658,0.661946,1.000000
-0.012265,-0.032691,-0.003358,-0.021312,-0.003742,-0.008426,-0.064182,0.471195,-0.725589,0.419107,0.225265,-1.000000,0.107615,0.005213
-0.010268,-0.032374,-0.002025,-0.020431,-0.004041,-0.007686,0.530836,-0.563888,-0.096611,0.695094,1.000000,-0.287750,-1.000000,-1.000000
-0.008569,-0.032048,-0.001109,-0.019116,-0.004237,-0.005723,-0.320212,-0.357076,0.242822,0.401833,-1.000000,-0.721527,0.353268,0.924554
-0.006925,-0.031646,-0.000479,-0.017379,-0.004609,-0.003638,0.260502,0.221258,0.251904,0.612309,-1.000000,-0.714235,-0.069930,0.891955
-0.005678,-0.031212,-0.000352,-0.014689,-0.005198,-0.000791,0.251606,0.564883,0.543577,0.663661,1.000000,1.000000,0.137411,-1.000000
-0.004707,-0.030602,-0.000918,-0.011273,-0.006589,0.003261,-0.683467,-0.486130,0.175626,0.458823,-0.891613,-0.468594,1.000000,-0.445557
-0.004156,-0.029881,-0.002135,-0.007949,-0.008362,0.007605,-0.219711,0.106198,-0.032246,0.217123,1.000000,-0.935107,0.045869,1.000000
-0.003903,-0.028959,-0.004102,-0.004809,-0.009842,0.011353,0.126891,-0.060984,0.726338,0.285726,0.151333,-1.000000,0.401187,-0.605396
-0.003951,-0.027970,-0.006506,-0.002042,-0.011417,0.015028,0.404746,-0.222640,-0.624185,0.065950,-0.227722,-0.486828,-0.103655,-1.000000
-0.004205,-0.026776,-0.009645,-0.000234,-0.012684,0.018109,-0.121552,-0.219775,0.220616,-0.190693,-0.179284,0.757395,0.737585,-0.119142
-0.004540,-0.025625,-0.012770,0.000858,-0.013196,0.019529,-0.093637,0.711992,0.626730,-0.306514,-1.000000,1.000000,1.000000,-1.000000
-0.004940,-0.024364,-0.016111,0.001442,-0.013309,0.019272,-0.099163,0.701475,-0.262279,-0.509300,0.476993,0.090468,0.849230,1.000000
-0.005306,-0.023186,-0.019056,0.001679,-0.013472,0.018415,-0.380092,-0.327619,-1.000000,0.136250,-0.518194,1.000000,-0.927834,0.524203
-0.005695,-0.021900,-0.022194,0.001763,-0.013542,0.018096,-0.115901,0.065910,-0.467073,0.481431,-0.014342,-1.000000,-0.794255,-0.227591
-0.006051,-0.020699,-0.025082,0.001886,-0.013678,0.018056,-0.617076,-0.018922,1.000000,-0.188159,-0.435122,-1.000000,-0.111382,-1.000000
-0.006432,-0.019397,-0.028142,0.001997,-0.013659,0.017656,0.134596,0.230869,1.000000,-0.194128,-0.312191,-0.486598,1.000000,1.000000
-0.006790,-0.018215,-0.030817,0.002324,-0.013411,0.016710,-0.366532,-0.238952,-0.273612,-0.297481,-0.078315,-1.000000,0.505623,0.127217
-0.007160,-0.016960,-0.033602,0.002325,-0.013135,0.016074,-0.420164,-0.037135,-0.178158,-1.000000,0.420448,-0.365366,0.142672,0.149122
-0.007467,-0.015828,-0.036074,0.002080,-0.012799,0.015432,-0.695605,-0.543792,0.360028,-0.672092,0.209009,-0.511567,1.000000,-0.487309
-0.007739,-0.014656,-0.038530,0.001658,-0.012243,0.014175,-0.426510,0.305694,0.574179,-0.140963,0.675853,0.572897,0.440022,-1.000000
-0.007943,-0.013639,-0.040503,0.001338,-0.011528,0.012333,0.178376,0.547716,-0.197346,-0.355594,0.901574,1.000000,0.503563,-0.024901
-0.008097,-0.012574,-0.042348,0.000835,-0.011201,0.010645,-0.747312,0.210163,-0.347682,-0.549875,1.000000,-1.000000,-0.267108,0.504223
-0.008148,-0.011594,-0.043749,-0.000058,-0.011239,0.008750,-0.572766,0.052600,0.251250,0.522717,-0.127747,-1.000000,0.216515,-0.723929
-0.008117,-0.010525,-0.044949,-0.000825,-0.011416,0.006929,-0.030621,0.161203,0.096136,0.053323,0.453914,-0.187733,-0.008551,-0.092208
-0.008046,-0.009538,-0.045815,-0.001181,-0.011491,0.005416,0.228162,-0.149161,0.271976,-0.352701,-0.094621,0.619884,1.000000,-0.045540
-0.007966,-0.008506,-0.046481,-0.001092,-0.011147,0.003838,-0.310582,0.056142,1.000000,-0.624868,0.127287,-1.000000,-0.115515,0.610345
-0.007961,-0.007643,-0.046593,-0.000100,-0.010236,0.000703,-0.115929,0.207740,0.771690,-0.399158,0.489032,-1.000000,-0.319279,0.108964
-0.008121,-0.006826,-0.045981,0.001917,-0.009156,-0.003533,0.245172,0.473595,0.146785,0.212640,1.000000,-0.256021,0.152462,-0.279273
-0.008402,-0.006147,-0.044830,0.003645,-0.008425,-0.007196,0.361809,0.178422,-0.455226,-0.267966,0.545644,-0.071329,1.000000,0.590547
-0.008763,-0.005448,-0.043228,0.004311,-0.008154,-0.009241,-0.210743,-0.544208,-0.174578,-0.219816,0.525964,0.050608,0.553157,1.000000
-0.009110,-0.004825,-0.041615,0.004459,-0.007939,-0.010077,0.477534,-0.147552,-0.298959,-0.041498,0.279867,-1.000000,-1.000000,-1.000000
-0.009481,-0.004163,-0.039809,0.004379,-0.007846,-0.010421,0.107251,0.015926,-0.147988,-0.629130,0.394631,-1.000000,0.543934,-1.000000
-0.009791,-0.003580,-0.038010,0.003964,-0.007571,-0.011237,-0.294747,0.162810,0.972335,-1.000000,-0.400392,0.668043,1.000000,-0.442865
-0.010057,-0.003037,-0.035697,0.003219,-0.006743,-0.013350,-0.323624,-0.270188,-0.131810,-0.125715,-0.198925,-0.890704,0.604629,0.704868
-0.010249,-0.002576,-0.033379,0.002549,-0.006366,-0.014491,-0.089552,0.315805,-1.000000,0.302968,1.000000,-0.026623,-0.664716,0.078391
-0.010433,-0.002076,-0.030836,0.002249,-0.006394,-0.014671,1.000000,-0.362288,0.252339,0.104554,1.000000,-0.113520,0.172944,-1.000000
-0.010605,-0.001622,-0.028501,0.002232,-0.006312,-0.014589,0.046829,0.439352,0.446709,0.509248,-0.176917,-0.647561,0.023953,0.724998
-0.010809,-0.001140,-0.025968,0.002391,-0.006223,-0.014623,0.128455,-0.118795,-0.101912,-1.000000,-1.000000,0.550426,0.418832,0.859723
-0.011011,-0.000708,-0.023644,0.002504,-0.006086,-0.014529,0.405066,-0.179527,0.412328,0.064411,0.354771,-1.000000,-0.225309,0.816654
-0.011259,-0.000267,-0.021207,0.002782,-0.005770,-0.014039,0.268998,0.105819,-0.827845,0.515455,1.000000,-1.000000,-0.386568,0.157019
-0.011506,0.000117,-0.019094,0.002972,-0.005460,-0.013213,0.036982,-1.000000,-0.248799,-0.589961,0.603497,0.216970,0.099129,-0.739800
-0.011779,0.000511,-0.016935,0.002998,-0.005187,-0.012459,-0.362954,-0.362368,0.170646,-0.083252,-0.898969,-0.758843,-0.432050,0.410951
-0.012026,0.000869,-0.015019,0.002898,-0.005114,-0.011978,0.140530,0.471862,-0.223137,-1.000000,-0.874844,-0.215169,1.000000,0.711697
-0.012272,0.001267,-0.013033,0.002652,-0.005196,-0.011451,0.079722,-0.382419,-0.653729,0.361991,-0.921179,-0.173176,1.000000,-0.020341
-0.012492,0.001637,-0.011283,0.002535,-0.005209,-0.010945,0.106888,0.164462,-0.620269,0.029849,1.000000,0.010728,-1.000000,0.608888
-0.012709,0.002042,-0.009518,0.002290,-0.005215,-0.010190,0.100649,-0.278852,-0.752382,0.347902,0.355579,-1.000000,-1.000000,0.635416
-0.012883,0.002418,-0.008042,0.001955,-0.005168,-0.009215,0.277414,-0.713878,0.389076,0.274283,0.234035,-1.000000,0.956716,1.000000
-0.013071,0.002806,-0.006649,0.001954,-0.004890,-0.008031,0.409971,-0.469732,-0.310153,-0.287340,-0.888590,-0.431146,0.935669,0.044325
-0.013244,0.003148,-0.005579,0.001942,-0.004586,-0.006692,-0.717613,-0.145231,-0.137467,-0.722897,1.000000,-0.200030,0.336889,-1.000000
-0.013402,0.003520,-0.004573,0.001631,-0.004552,-0.005799,-0.022354,-0.049962,-0.565601,0.105403,0.817617,1.000000,-0.404825,0.537794
-0.013510,0.003884,-0.003782,0.001187,-0.004733,-0.004950,-0.382217,0.285281,-0.375814,0.038470,-0.624087,-0.204015,0.853648,-0.945948
-0.013586,0.004312,-0.003054,0.000733,-0.005038,-0.004202,-0.545487,-0.074531,-0.075763,-0.165433,-1.000000,0.494627,0.023899,0.173088
-0.013623,0.004727,-0.002463,0.000351,-0.005244,-0.003690,0.641303,-0.099052,-0.038183,-0.170442,-0.363290,-0.734145,-0.800621,0.379242
-0.013643,0.005187,-0.001886,0.000127,-0.005329,-0.003328,0.398140,-0.033720,0.327679,-0.252159,0.125849,-0.970090,0.173638,-1.000000
-0.013654,0.005615,-0.001393,0.000026,-0.005342,-0.003082,-0.466782,-0.289473,0.211883,-0.354356,-1.000000,-0.938551,-0.247784,-0.330423
-0.013654,0.006078,-0.000884,-0.000092,-0.005330,-0.002935,-0.075183,-0.131320,-0.054737,1.000000,0.471322,-0.629333,0.109947,1.000000
-0.013651,0.006503,-0.000435,-0.000136,-0.005288,-0.002809,0.112440,-0.066296,-0.557253,0.679321,0.864297,0.184766,1.000000,0.335253
-0.013651,0.006956,0.000028,-0.000111,-0.005193,-0.002674,-0.022015,-0.034995,-0.161642,-0.264665,0.121084,-1.000000,0.226276,-1.000000
-0.013646,0.007373,0.000426,-0.000157,-0.005173,-0.002486,0.031548,-0.378444,-0.078331,-0.547323,0.479705,-0.599835,-0.830016,-1.000000
-0.013632,0.007824,0.000823,-0.000255,-0.005145,-0.002290,-0.368006,0.030697,-0.131229,-0.170032,-0.260374,0.168485,-0.431571,-0.071738
-0.013612,0.008240,0.001170,-0.000347,-0.005133,-0.002172,-0.140232,0.075528,0.298411,0.646610,1.000000,-0.765845,1.000000,-0.776629
-0.013587,0.008689,0.001535,-0.000372,-0.005107,-0.002103,-0.770841,-0.490226,0.851475,-0.439341,-1.000000,-0.400956,1.000000,-0.655757
-0.013560,0.009097,0.001884,-0.000442,-0.005026,-0.002184,-0.750628,-0.558593,0.095510,0.437512,0.633282,-0.225695,-0.196102,1.000000
-0.013503,0.009535,0.002296,-0.000754,-0.005002,-0.002373,-0.583422,-0.435898,-0.941368,-0.346504,0.530071,0.489201,1.000000,0.507614
-0.013403,0.009940,0.002688,-0.001332,-0.005026,-0.002452,-0.043581,-0.585201,-0.327544,-0.076936,1.000000,-1.000000,0.896562,-0.638176
-0.013253,0.010379,0.003099,-0.001786,-0.005013,-0.002372,-0.330027,0.926389,-0.410377,0.352524,0.174440,-1.000000,-0.630752,-0.348952
-0.013084,0.010810,0.003570,-0.002188,-0.005367,-0.002940,-0.484547,0.290456,-0.377019,-0.353082,1.000000,0.072915,-0.233092,-1.000000
-0.012870,0.011311,0.004200,-0.002593,-0.005783,-0.003634,0.310063,0.233181,0.433904,0.324844,-1.000000,-1.000000,0.099901,-0.197097
-0.012667,0.011789,0.004798,-0.002671,-0.005989,-0.003742,0.314385,-0.018881,-0.414385,0.732640,-0.723029,0.100417,1.000000,-0.578287
-0.012459,0.012331,0.005371,-0.002522,-0.006204,-0.003305,0.176261,-0.799969,-0.270432,-0.353326,-0.283985,-0.309309,0.135760,1.000000
-0.012267,0.012838,0.005843,-0.002497,-0.006259,-0.002954,-0.316549,-0.639145,0.434004,0.021439,1.000000,-1.000000,0.581479,0.028404
-0.012054,0.013380,0.006282,-0.002540,-0.006136,-0.002532,0.018719,-0.425902,-0.505134,-0.634485,0.682627,-0.553542,0.233339,-1.000000
-0.011845,0.013865,0.006611,-0.002651,-0.005925,-0.002050,0.535206,-0.037699,0.141499,-0.028702,0.077574,0.449731,1.000000,-0.753645
-0.011607,0.014381,0.006911,-0.002751,-0.005791,-0.001734,-0.306823,0.154921,-0.203559,-0.556028,-0.345909,1.000000,0.601925,0.974002
-0.011381,0.014853,0.007169,-0.002840,-0.005743,-0.001616,-0.381044,0.198535,0.268960,-0.268182,0.678659,-1.000000,-0.607875,1.000000
-0.011129,0.015363,0.007436,-0.002900,-0.005702,-0.001538,0.612776,-0.645099,-0.517130,0.965562,0.835238,-1.000000,-0.330066,1.000000
-0.010891,0.015831,0.007626,-0.002945,-0.005644,-0.001185,-0.080088,-0.390404,-0.818930,0.058430,1.000000,-0.939559,1.000000,-0.772010
0.261248,-0.142021,0.798987,0.000001,-0.000000,0.000001,0.000000,0.000000,0.000000,0.000000,0.000000,0.000000,0.000000,0.000000
0.261235,-0.142029,0.798976,0.000112,-0.000004,0.000080,1.000000,-0.103374,-1.000000,1.000000,-1.000000,-1.000000,-1.000000,0.092152
0.261090,-0.142127,0.798854,0.001082,-0.000037,0.000768,0.910365,-0.070994,-1.000000,1.000000,0.276605,-1.000000,-0.061655,-1.000000
0.260490,-0.142576,0.798272,0.003726,-0.000301,0.003356,-0.100576,-1.000000,-1.000000,1.000000,-1.000000,-1.000000,-0.702927,-0.607748
0.259280,-0.143584,0.796912,0.007123,-0.001247,0.008503,-0.010517,-1.000000,-1.000000,1.000000,-0.409836,-0.801739,-0.114881,-1.000000
0.256902,-0.145781,0.793874,0.010949,-0.002969,0.017517,0.428718,-0.772962,-1.000000,1.000000,-1.000000,-0.079516,-0.090637,-0.034719
0.252262,-0.150358,0.787409,0.015489,-0.005815,0.032323,0.422802,-1.000000,-1.000000,1.000000,-1.000000,0.524961,0.839690,-0.777023
0.246566,-0.156031,0.779000,0.019476,-0.011164,0.052562,1.000000,-0.728433,-1.000000,1.000000,-1.000000,-0.441521,0.723225,-0.079228
0.240157,-0.162161,0.769455,0.023149,-0.017024,0.071577,0.456767,-0.493941,-1.000000,1.000000,-0.374604,-0.887249,0.007795,-0.133562
0.229313,-0.171783,0.753493,0.026533,-0.024329,0.092137,0.121188,-0.128738,-1.000000,1.000000,-1.000000,-0.063642,0.847617,1.000000
0.213000,-0.184377,0.730305,0.030482,-0.034651,0.115878,0.715370,0.005602,-1.000000,1.000000,0.360276,0.771426,0.292724,-1.000000
0.196690,-0.194946,0.708064,0.034747,-0.045883,0.139079,0.213647,-0.289000,-1.000000,1.000000,0.817535,-1.000000,0.021655,-0.059092
0.181015,-0.203620,0.687449,0.037789,-0.052072,0.154539,0.157081,0.075100,-1.000000,1.000000,-0.589438,0.738195,-0.749749,0.772831
0.158239,-0.213983,0.658585,0.039494,-0.057059,0.166541,0.155829,0.654617,-0.513049,0.785886,-1.000000,0.422541,-0.614315,-0.366308
0.129005,-0.223953,0.622807,0.040316,-0.061204,0.178831,-0.868151,-0.172712,-1.000000,-0.024073,-1.000000,0.101823,-0.455835,1.000000
0.104067,-0.230014,0.592932,0.040285,-0.060077,0.186833,-0.491916,0.345130,0.093105,-0.437740,-0.677873,-0.933937,0.557947,0.845262
0.082929,-0.233470,0.567728,0.037393,-0.057905,0.188955,-0.441507,0.247611,0.906498,-1.000000,-0.143566,-1.000000,1.000000,0.386322
0.055816,-0.235557,0.535245,0.031843,-0.056555,0.187430,-1.000000,0.941441,0.346637,-0.930066,-0.859755,0.646399,0.184124,-0.598707
0.025769,-0.234678,0.498650,0.025311,-0.054543,0.182969,-0.610931,1.000000,-0.275604,-0.844499,-0.371417,-0.791702,-0.745300,0.075194
0.003038,-0.231699,0.470343,0.021268,-0.051685,0.176978,-1.000000,1.000000,-0.533760,-1.000000,1.000000,0.182173,-0.099584,-0.052707
-0.014910,-0.227887,0.447504,0.018991,-0.049038,0.171216,-1.000000,0.764097,-0.636777,-0.575643,1.000000,-0.444648,0.154606,-0.177539
-0.036640,-0.221380,0.419078,0.016109,-0.046920,0.164013,-1.000000,1.000000,-0.637347,-0.860113,0.338473,-1.000000,-0.572183,-0.662014
-0.058734,-0.212241,0.389046,0.013348,-0.044782,0.150149,-1.000000,0.879645,0.138624,-0.634599,1.000000,-1.000000,-0.432521,0.056880
-0.073907,-0.204213,0.367638,0.012406,-0.042878,0.133832,-1.000000,0.758911,-0.058247,-0.404070,-0.997636,0.363402,1.000000,-1.000000
-0.085070,-0.197375,0.351393,0.012029,-0.040024,0.121821,-0.695068,0.299841,-0.781598,-1.000000,0.750269,-0.019490,0.394420,-1.000000
-0.097588,-0.188670,0.332424,0.010038,-0.036126,0.109429,-0.507426,1.000000,-0.396267,-1.000000,-0.138655,0.665915,0.028373,1.000000
-0.109209,-0.179473,0.313942,0.007973,-0.030641,0.092437,-1.000000,0.515626,-0.310680,-1.000000,-0.268449,-0.855309,0.221982,-1.000000
-0.116117,-0.173217,0.302269,0.004766,-0.025356,0.072927,-0.844233,0.698916,-1.000000,-0.537860,0.331477,-1.000000,-0.935204,-1.000000
-0.121118,-0.167993,0.293184,0.001157,-0.020216,0.052394,-0.707269,1.000000,-0.728937,-0.886896,-0.417144,0.150916,-0.389133,-1.000000
-0.123906,-0.164827,0.287639,-0.001427,-0.012271,0.034671,-0.531764,0.276897,-1.000000,-0.295073,-1.000000,0.021766,-0.203784,-0.221010
-0.125333,-0.163066,0.284013,-0.004862,-0.003725,0.020928,-0.555395,0.137964,-0.823981,0.061564,0.461419,-1.000000,-0.184958,-0.288141
-0.125369,-0.162650,0.282509,-0.008720,0.002120,0.009395,-0.535176,0.594502,-0.904428,0.660024,-1.000000,-0.346526,1.000000,-0.609333
-0.124322,-0.162922,0.282131,-0.013629,0.004618,0.002178,-0.749954,0.085167,-1.000000,0.067224,-0.087512,-0.765287,0.831917,0.606360
-0.122496,-0.163528,0.282306,-0.020665,0.006400,-0.001092,0.544859,-0.391153,-1.000000,0.187694,-1.000000,0.959292,-1.000000,-0.428512
-0.119814,-0.164493,0.282610,-0.027769,0.009332,-0.001751,0.336360,-0.456985,-1.000000,1.000000,-0.982095,-0.858364,-0.175336,-1.000000
-0.116745,-0.165638,0.282801,-0.035359,0.012777,-0.001196,-0.007383,-0.765187,-0.847442,0.925415,-1.000000,-0.935574,-0.116226,-0.035836
-0.112965,-0.166968,0.282498,-0.043261,0.015829,0.001748,-0.386713,-0.255309,-1.000000,0.164207,-0.878380,-0.818530,0.790609,1.000000
-0.109289,-0.167998,0.281322,-0.051090,0.017239,0.007348,0.423659,-0.903414,-1.000000,0.716525,-0.582239,0.113439,1.000000,-1.000000
-0.105479,-0.168473,0.278484,-0.058292,0.016001,0.016375,-0.242465,0.026831,-1.000000,1.000000,-0.653301,-1.000000,0.193630,-1.000000
-0.102476,-0.168019,0.273916,-0.064414,0.012828,0.028558,0.266743,0.946531,-1.000000,0.893744,0.145518,-0.199016,-0.228718,-0.087287
-0.100053,-0.166518,0.266643,-0.068492,0.009711,0.041945,-0.390795,-0.408915,-1.000000,1.000000,-0.595502,0.150607,-0.243797,-0.218213
-0.098890,-0.164198,0.257551,-0.070004,0.007209,0.056848,-0.645950,-0.281946,-1.000000,1.000000,-0.480089,-1.000000,-0.428808,1.000000
-0.098832,-0.160817,0.245193,-0.069858,0.006390,0.071298,-0.023103,-0.893886,-0.504162,0.053535,0.042056,-0.205857,1.000000,-0.021261
-0.099709,-0.156888,0.231526,-0.070599,0.005483,0.085365,0.176147,0.231182,-0.550146,0.503714,-1.000000,-0.579525,1.000000,-0.289062
-0.101662,-0.151409,0.213885,-0.072385,0.003131,0.101820,-0.433632,1.000000,-0.377117,0.411277,0.044600,-0.305357,0.766360,-1.000000
-0.104290,-0.144957,0.194834,-0.074341,-0.001189,0.119020,0.657195,0.940075,0.213340,0.560671,0.616021,-1.000000,0.873346,-1.000000
-0.107881,-0.136338,0.171468,-0.074289,-0.006373,0.134833,-0.449557,0.869204,-0.204974,1.000000,0.808589,-0.680256,-0.877198,0.055539
-0.111607,-0.127150,0.148257,-0.070533,-0.011499,0.145179,-0.291416,0.825144,0.990140,0.138735,0.687039,0.625400,-0.113117,-0.248415
-0.115467,-0.116542,0.123027,-0.064348,-0.015075,0.145513,-0.880247,1.000000,1.000000,-0.199145,0.624734,-0.611473,1.000000,0.313232
-0.118508,-0.105950,0.099263,-0.058581,-0.018195,0.137118,-0.683905,0.745011,0.808966,-0.292664,0.369148,-0.189402,0.615378,0.528680
-0.120303,-0.096712,0.079655,-0.053566,-0.020718,0.122485,-1.000000,1.000000,1.000000,-0.816635,1.000000,0.904980,-1.000000,-1.000000
-0.121160,-0.088387,0.063121,-0.047663,-0.023204,0.103361,-0.168871,1.000000,1.000000,-1.000000,1.000000,0.898001,0.331325,0.476791
-0.121477,-0.080598,0.048947,-0.038439,-0.025367,0.081784,-0.473329,0.249473,1.000000,-0.988099,-0.353549,0.421243,-1.000000,0.679335
-0.121601,-0.074479,0.038982,-0.027845,-0.027102,0.062274,-0.749075,1.000000,-0.354632,-0.587246,1.000000,1.000000,-0.535220,0.006567
-0.121741,-0.068980,0.031723,-0.016766,-0.029746,0.041869,0.007956,0.771542,1.000000,-1.000000,0.821471,-0.942764,0.424112,-0.552715
-0.121849,-0.064912,0.028476,-0.007022,-0.033599,0.020293,-0.789578,-0.310647,0.043869,-0.653783,-0.013037,-0.236206,-0.628032,0.081762
-0.121712,-0.061396,0.028079,-0.002391,-0.036958,0.002294,-0.679654,0.459708,-0.971633,-1.000000,1.000000,0.823093,-1.000000,-0.559082
-0.121128,-0.059067,0.030338,-0.001732,-0.038006,-0.014123,-1.000000,-0.210012,0.089664,-0.959447,-1.000000,0.026343,1.000000,-1.000000
-0.119918,-0.057414,0.034813,-0.004042,-0.036795,-0.025805,0.132657,-0.626084,0.194585,0.151962,-0.715054,-1.000000,-0.329111,0.634361
-0.118465,-0.056302,0.039965,-0.006049,-0.036281,-0.032217,0.010157,0.150018,-0.695127,0.040897,0.522493,-0.240556,1.000000,0.406233
-0.116644,-0.055356,0.046223,-0.007586,-0.035854,-0.036096,0.078854,-0.904285,-0.066529,-0.571955,-0.979714,-0.054237,1.000000,-0.757221
-0.114744,-0.054690,0.052408,-0.009561,-0.034783,-0.038656,-0.404304,-0.647473,-1.000000,-0.264778,0.712785,-1.000000,-0.989266,-0.624004
-0.112517,-0.054130,0.059430,-0.010910,-0.033820,-0.040505,0.711083,-0.257476,-0.037963,-0.124660,-0.538237,-1.000000,1.000000,-0.047423
-0.110452,-0.053627,0.065975,-0.011043,-0.033378,-0.040894,0.364015,-0.616206,-0.520087,0.865118,-0.835246,-0.282596,1.000000,0.364290
-0.108279,-0.053005,0.072938,-0.010698,-0.033248,-0.040175,0.080105,-0.793140,-1.000000,0.541098,-0.187095,-0.991242,-0.416903,-0.482377
-0.106309,-0.052305,0.079054,-0.011095,-0.032989,-0.038231,0.257820,-1.000000,-0.580087,0.388600,-0.812113,-0.231134,0.632249,-0.481769
-0.104178,-0.051324,0.084994,-0.012482,-0.032481,-0.034272,0.412986,-1.000000,-0.415900,-0.103380,-0.449003,-0.207337,1.000000,-0.010118
-0.102178,-0.050095,0.089537,-0.014976,-0.032269,-0.028396,-0.509155,-0.255318,-1.000000,0.662714,-0.627287,-0.212216,0.719890,1.000000
-0.099935,-0.048275,0.093247,-0.018158,-0.033060,-0.021411,0.254280,-0.081171,-0.762381,-0.365405,-0.623408,-0.706568,-0.956894,1.000000
-0.097772,-0.046129,0.095526,-0.021594,-0.034047,-0.014243,-0.388457,-0.424476,-0.422640,-0.430305,-0.033888,-1.000000,1.000000,-0.568279
-0.095363,-0.043275,0.096597,-0.024766,-0.034969,-0.006176,0.512482,-0.806998,-0.438217,0.077833,-1.000000,-1.000000,0.611839,-1.000000
-0.093107,-0.040051,0.095916,-0.027962,-0.035952,0.004256,0.207896,-0.633894,-1.000000,0.818994,0.060738,-0.461868,1.000000,-1.000000
-0.090597,-0.035917,0.093193,-0.031299,-0.036661,0.015709,-0.695257,-0.399562,0.086388,-0.218345,0.134910,0.053272,0.053924,1.000000
-0.088160,-0.031852,0.089411,-0.034032,-0.035550,0.023643,-0.364353,-0.304250,0.631954,-0.044923,-0.660499,0.520019,1.000000,0.933596
-0.085381,-0.027414,0.084326,-0.035995,-0.033256,0.029329,0.746273,-0.594609,-0.428363,-0.149881,0.037892,-1.000000,0.460057,-0.495495
-0.082704,-0.023312,0.078785,-0.037432,-0.031113,0.034661,-0.237340,0.111063,-0.394045,0.654720,1.000000,-1.000000,0.357509,-1.000000
-0.079688,-0.018917,0.072254,-0.038177,-0.029569,0.037655,-0.647720,0.507172,0.117932,-0.745139,0.595464,0.450433,1.000000,1.000000
-0.076792,-0.014997,0.066113,-0.038648,-0.028333,0.038382,-0.602978,0.458334,0.163517,-0.701523,1.000000,-0.261433,0.590386,0.148141
-0.073539,-0.010931,0.059470,-0.038965,-0.027012,0.038285,-0.108580,0.279956,-0.406603,0.284492,1.000000,-0.400905,-0.416821,-0.270851
-0.070438,-0.007352,0.053370,-0.039269,-0.025813,0.038148,0.010494,-0.077435,0.596316,0.526883,-0.523775,-0.963763,-0.535277,0.070185
-0.066979,-0.003694,0.046846,-0.039462,-0.024299,0.037598,-0.984655,-0.305577,0.785029,-0.495929,0.109549,0.284616,0.802530,0.460692
-0.063687,-0.000542,0.040954,-0.039924,-0.022775,0.036870,0.064496,0.142921,1.000000,-0.634363,-0.638750,-0.242036,1.000000,1.000000
-0.060032,0.002551,0.034850,-0.040163,-0.020584,0.035232,-0.350191,-0.543438,0.615523,0.520409,1.000000,-0.910653,0.743969,-0.329384
-0.056565,0.005056,0.029593,-0.040651,-0.018008,0.032838,-0.810096,-0.109377,0.261657,-0.568493,0.452757,1.000000,0.714707,-0.948568
-0.052669,0.007312,0.024494,-0.041867,-0.014849,0.029431,-0.122583,0.062526,1.000000,-0.168248,0.447095,1.000000,0.876464,-1.000000
-0.048947,0.008765,0.020721,-0.043233,-0.009870,0.023582,0.306934,0.159899,1.000000,0.215746,1.000000,-0.925195,-0.176387,-0.585730
-0.044879,0.009347,0.018288,-0.043936,-0.002287,0.014033,0.232151,-0.008049,0.988863,0.194635,-0.562946,0.001914,-1.000000,-0.934023
-0.041199,0.008920,0.017832,-0.043652,0.005844,0.002847,-1.000000,-0.051309,-0.174177,-0.153609,-0.288140,-0.841311,-0.814776,0.320179
-0.037372,0.007628,0.019074,-0.042441,0.012436,-0.007166,0.570432,-0.367480,0.685950,-0.387092,-1.000000,-1.000000,0.032528,-0.497989
-0.034016,0.005700,0.021895,-0.040722,0.019003,-0.017626,-0.552577,0.184579,0.294789,1.000000,1.000000,-1.000000,1.000000,-1.000000
-0.030488,0.003036,0.026400,-0.039640,0.023984,-0.026003,0.546669,-0.550628,-0.116340,-0.066701,0.158395,1.000000,-0.490553,-0.552355
-0.027301,0.000372,0.031270,-0.038454,0.026157,-0.030439,0.393397,-0.439760,-0.524333,1.000000,0.807787,-0.099590,-1.000000,0.303305
-0.023913,-0.002384,0.036477,-0.037260,0.025378,-0.030036,0.619454,-0.168648,-0.823886,0.742236,-1.000000,-1.000000,-0.751086,-0.047686
-0.020937,-0.004644,0.040652,-0.035018,0.023163,-0.026091,0.362519,-0.766698,0.027204,1.000000,-1.000000,-1.000000,0.264500,0.066066
-0.018052,-0.006687,0.043917,-0.031169,0.020096,-0.018833,-0.227479,-0.528324,-0.136921,0.750188,-0.740965,-0.852222,1.000000,-1.000000
-0.015801,-0.008079,0.045130,-0.026489,0.015757,-0.007582,-0.420337,-0.886358,0.085164,1.000000,-0.348243,0.372687,1.000000,-0.396217
-0.013826,-0.008960,0.043934,-0.022039,0.010337,0.006900,0.388742,-0.246162,-0.216336,0.251446,0.453874,0.059167,0.457798,-0.443337
-0.012364,-0.009140,0.040468,-0.018562,0.003937,0.021662,0.387588,-0.142972,0.480241,0.863647,1.000000,-0.261980,0.196573,-1.000000
-0.011062,-0.008610,0.034218,-0.016243,-0.003134,0.036046,-0.170316,-0.297470,-0.457664,-0.035198,-0.006281,0.008504,-0.420565,-0.618906
-0.009997,-0.007612,0.026682,-0.015074,-0.008740,0.047118,-0.210765,0.219935,0.280173,0.265548,-0.555079,0.561296,0.079055,1.000000
-0.008959,-0.006248,0.017442,-0.013796,-0.011758,0.053313,-0.350832,0.148258,1.000000,-0.824050,-0.041582,0.726375,0.929129,-0.321566
-0.008032,-0.005072,0.008942,-0.012978,-0.011130,0.053125,-0.334858,0.419408,0.607492,-0.821418,-0.103510,-1.000000,0.638796,-1.000000
-0.007081,-0.004106,0.000459,-0.011898,-0.008239,0.048909,-0.352385,0.351395,1.000000,-0.780843,1.000000,-1.000000,-1.000000,0.568183
-0.006355,-0.003668,-0.006110,-0.009640,-0.003468,0.041071,-0.768813,0.932140,0.906939,-0.842320,0.594684,1.000000,0.396792,-0.665113
-0.005764,-0.003672,-0.011727,-0.007191,0.001279,0.032394,-0.569125,0.468448,-0.451066,-0.071682,-0.098125,1.000000,0.238995,-0.537283
-0.005342,-0.003882,-0.016112,-0.005622,0.003459,0.027422,-0.170593,-0.015137,-0.412299,0.024701,0.393036,-0.186877,-0.673435,-0.024361
-0.004997,-0.004238,-0.020225,-0.004342,0.004676,0.023730,-0.413917,0.271526,0.691534,-0.466565,-0.397495,-1.000000,-0.823472,1.000000
-0.004840,-0.004707,-0.023218,-0.002339,0.006138,0.018702,0.229610,0.506506,0.413671,0.110309,0.104476,-1.000000,1.000000,-0.899175
-0.004838,-0.005346,-0.025609,-0.000402,0.007424,0.013793,0.931009,-0.118420,-0.291632,-0.332071,0.724860,-0.274318,0.475114,-1.000000
-0.004938,-0.006014,-0.027299,0.000848,0.008256,0.010560,0.047713,0.138030,0.104512,-0.206702,-0.197638,0.814749,-0.802325,-0.814714
-0.005174,-0.006813,-0.028554,0.002338,0.008991,0.007239,-0.202488,0.549167,0.341687,-0.857580,1.000000,0.145730,-1.000000,1.000000
-0.005546,-0.007691,-0.029152,0.003949,0.009762,0.003452,-0.561756,0.117903,-0.548052,-0.315350,-0.692075,0.454804,0.746275,0.983706
-0.005955,-0.008529,-0.029280,0.004824,0.010007,0.000799,-0.279639,0.303329,-0.886432,-0.178927,0.622164,-0.753739,0.062938,0.025025
-0.006401,-0.009366,-0.029061,0.005379,0.009918,-0.001364,0.363890,-0.106481,0.016275,-0.144486,1.000000,-1.000000,-0.825487,-0.773090
-0.006928,-0.010270,-0.028386,0.006007,0.009774,-0.003894,-0.081009,0.806863,-0.254873,-0.597902,-0.098232,0.887160,0.193803,0.792945
-0.007490,-0.011090,-0.027087,0.007191,0.009434,-0.008124,0.584509,0.506943,-0.040789,-0.476908,-0.647615,-1.000000,1.000000,0.586535
-0.008150,-0.011939,-0.025049,0.008042,0.008801,-0.011755,-0.398508,-0.574925,-0.385585,0.671113,1.000000,-1.000000,-1.000000,1.000000
-0.008768,-0.012686,-0.022932,0.008301,0.008255,-0.013239,0.358713,0.239315,-1.000000,-0.349659,0.842359,0.190032,-0.269448,-0.035928
-0.009436,-0.013455,-0.020456,0.008431,0.007711,-0.014288,0.004927,0.002648,0.204518,0.202075,1.000000,-1.000000,0.305006,-0.829777
-0.010050,-0.014132,-0.018049,0.008528,0.007213,-0.015037,-0.189950,-0.043824,0.053566,1.000000,0.060020,-0.404250,0.326999,0.357351
-0.010714,-0.014832,-0.015317,0.008631,0.006742,-0.015761,-0.365991,0.356271,0.687886,-0.546240,1.000000,0.692226,-0.132221,-0.894341
-0.011336,-0.015440,-0.012612,0.008907,0.006163,-0.016904,0.422343,0.327316,0.225437,0.100432,0.405165,-0.570509,0.595195,0.107475
-0.012011,-0.016059,-0.009514,0.009072,0.005595,-0.017872,-0.362388,-0.354092,-0.950789,0.517553,0.723239,-0.822894,-0.492407,1.000000
-0.012624,-0.016605,-0.006641,0.009036,0.005224,-0.017962,0.806480,-0.143390,-0.767154,0.348128,0.713552,-0.262683,-0.498979,-0.408786
-0.013265,-0.017168,-0.003639,0.008770,0.004889,-0.017321,-0.433373,-0.248886,-0.740133,0.068153,0.531191,0.777394,-0.200904,-0.274063
-0.013818,-0.017662,-0.001007,0.008280,0.004578,-0.016445,0.329391,-0.490314,0.174221,0.006471,-1.000000,0.110322,0.081565,0.862509
-0.014410,-0.018175,0.001715,0.008170,0.004343,-0.015715,-1.000000,-0.303940,0.278429,0.638872,0.145891,-0.256750,-0.264158,0.386413
-0.014977,-0.018610,0.004054,0.008333,0.003928,-0.014601,0.304265,0.165265,-1.000000,0.235014,0.025766,-0.781730,1.000000,-0.843898
-0.015615,-0.019018,0.006309,0.008467,0.003317,-0.013014,-0.527605,0.108470,-0.136447,0.340134,-0.013991,-1.000000,0.591461,1.000000
-0.016240,-0.019347,0.008176,0.008779,0.002829,-0.011675,0.018272,-0.011068,0.321510,-0.166432,-1.000000,-0.358281,-0.459196,-0.017544
-0.016936,-0.019678,0.010059,0.008900,0.002586,-0.010857,0.363996,-0.854842,-0.454200,-0.100100,-0.361654,-0.206788,0.431989,-1.000000
-0.017558,-0.019951,0.011619,0.008567,0.002266,-0.009756,0.198948,-0.587596,-0.964589,-0.155298,-1.000000,1.000000,1.000000,-0.546051
-0.018180,-0.020196,0.013077,0.007840,0.001815,-0.008408,-0.544605,0.378071,0.117744,-0.540983,-1.000000,0.190682,1.000000,-0.193950
-0.018726,-0.020406,0.014344,0.007459,0.001634,-0.007925,0.230588,0.197756,1.000000,-0.458550,0.841745,0.491826,-0.638394,1.000000
-0.019297,-0.020631,0.015698,0.007228,0.001605,-0.007802,0.126788,0.503572,-0.733566,-0.432736,0.878544,1.000000,-1.000000,0.297723
-0.019798,-0.020833,0.016912,0.006896,0.001527,-0.007591,-0.585238,-0.373882,-0.589026,0.385657,0.262388,-1.000000,-0.744006,-0.539829
-0.020293,-0.021039,0.018163,0.006351,0.001410,-0.007221,-0.489394,0.506666,-0.484248,0.474684,-1.000000,-1.000000,-1.000000,0.655409
-0.020702,-0.021211,0.019252,0.005720,0.001224,-0.006807,-0.270587,0.226148,-0.310072,0.263429,-0.393820,-0.565385,1.000000,0.069940
-0.021086,-0.021363,0.020318,0.005008,0.000914,-0.006148,-0.341381,-0.503878,-0.455081,0.101832,0.352622,0.198263,0.316702,0.300024
-0.021384,-0.021465,0.021165,0.004220,0.000543,-0.005291,0.168579,0.126865,-0.150632,-0.047831,0.404268,0.447697,0.119346,0.352319
-0.021613,-0.021526,0.021910,0.003074,0.000117,-0.004298,-1.000000,0.048788,-1.000000,0.123732,-0.239510,-0.960655,-0.627130,-0.201228
-0.021621,-0.021521,0.022393,0.000484,-0.000449,-0.003022,-0.575644,-0.272561,-0.824706,-0.867162,0.539083,-0.210124,-1.000000,-0.606874
-0.021413,-0.021467,0.022778,-0.002005,-0.000873,-0.002218,0.116383,-0.573764,0.810357,-0.348448,-0.206823,0.266491,1.000000,-0.882182
-0.021143,-0.021402,0.023101,-0.002950,-0.001039,-0.002025,-0.055306,-0.496588,0.192167,0.475888,-1.000000,-0.738089,0.106658,1.000000
-0.020774,-0.021319,0.023434,-0.003806,-0.001153,-0.001914,-0.714386,0.222104,-0.857809,-0.241004,0.841671,-0.044722,-0.656445,-0.182941
-0.020321,-0.021217,0.023704,-0.005175,-0.001419,-0.001692,0.103701,-0.793767,-0.372651,-0.466280,0.644276,0.949436,1.000000,-1.000000
-0.019748,-0.021084,0.023957,-0.006120,-0.001649,-0.001459,-0.139390,-0.026553,0.891939,-0.137896,0.181699,-1.000000,0.398743,1.000000
-0.019165,-0.020946,0.024272,-0.006694,-0.001868,-0.001971,-1.000000,0.243540,0.038984,0.394746,0.432097,-1.000000,-0.581056,1.000000
-0.018469,-0.020774,0.024736,-0.007306,-0.002196,-0.002676,0.638253,-0.321757,-1.000000,0.187291,1.000000,-0.476495,-0.286070,-0.558089
-0.017739,-0.020588,0.025165,-0.007723,-0.002316,-0.002474,0.518248,-0.197907,-0.107383,-0.061175,-1.000000,-0.392541,1.000000,-0.624307
-0.017049,-0.020410,0.025518,-0.007927,-0.002356,-0.002202,-0.179908,0.029459,0.270347,-0.455011,-0.018593,-0.965280,0.869297,0.951634
-0.016354,-0.020231,0.025852,-0.008023,-0.002350,-0.002093,0.438693,-0.344514,0.266874,-0.721664,0.263965,-0.087035,-0.219565,0.611839
-0.015584,-0.020039,0.026203,-0.008217,-0.002307,-0.002024,0.443430,0.213520,-1.000000,-0.448442,0.715336,0.453574,0.020059,-0.361286
-0.014842,-0.019859,0.026493,-0.008616,-0.002303,-0.001810,-0.453327,0.043570,-0.440870,0.688266,-0.429566,0.303569,-1.000000,0.363169
-0.014010,-0.019663,0.026763,-0.008952,-0.002293,-0.001559,0.488280,0.161486,0.076425,-0.142944,-1.000000,-1.000000,-1.000000,0.690037
-0.013188,-0.019472,0.026975,-0.008905,-0.002207,-0.001225,0.814685,-0.416110,0.508349,-0.094365,-0.498157,-1.000000,1.000000,-0.856963
-0.012479,-0.019304,0.027052,-0.008376,-0.002032,-0.000477,0.344475,-0.793494,-0.405379,0.012538,-1.000000,-0.418395,1.000000,1.000000
-0.011853,-0.019155,0.026914,-0.007550,-0.001714,0.000862,0.693489,-0.336191,0.407798,-0.494896,0.977391,1.000000,-0.143973,0.759349
-0.011300,-0.019031,0.026389,-0.006425,-0.001143,0.003026,0.170449,-0.700930,-0.938296,-0.430702,-0.216707,0.606137,-0.131727,-0.289632
-0.010858,-0.018958,0.025587,-0.005826,-0.000535,0.005014,-0.143827,0.172791,-0.309828,-0.367244,0.703883,-0.571472,-0.768335,-0.354409
-0.010394,-0.018914,0.024555,-0.005774,-0.000098,0.005958,-0.378406,0.412271,-0.553288,-0.114564,-0.496417,-1.000000,0.432202,-1.000000
-0.009948,-0.018887,0.023554,-0.006029,0.000079,0.006254,-0.478308,0.294190,0.313456,0.197658,-0.684623,-1.000000,0.903126,0.023863
-0.009455,-0.018867,0.022462,-0.006120,0.000152,0.006300,-0.239730,0.039540,0.597471,-0.014754,0.073610,-0.027641,0.959623,0.365382
-0.008997,-0.018854,0.021447,-0.006163,0.000210,0.006341,0.189412,-0.271519,-1.000000,1.000000,1.000000,0.102145,-0.661390,1.000000
-0.008508,-0.018849,0.020315,-0.006113,0.000298,0.006533,0.037280,0.475252,-0.128083,0.775270,1.000000,-1.000000,-0.308376,0.044756
-0.008092,-0.018859,0.019235,-0.005719,0.000454,0.006750,-0.293490,-0.846912,0.365540,0.114924,0.863743,-1.000000,0.675043,0.522931
-0.007680,-0.018889,0.018049,-0.005301,0.000665,0.006839,0.501275,0.013521,1.000000,-0.159000,-1.000000,-1.000000,-0.307932,1.000000
-0.007335,-0.018932,0.016942,-0.004888,0.000839,0.006921,0.321572,0.126411,0.528986,-0.761907,0.299608,-0.237251,0.969792,-0.698905
-0.007005,-0.018997,0.015722,-0.004415,0.001016,0.007035,0.149553,-0.273481,-0.249432,0.180683,-0.524147,-0.785753,1.000000,-0.388603
-0.006749,-0.019072,0.014523,-0.003902,0.001214,0.007505,0.716547,-0.225562,-1.000000,0.184580,-0.867015,1.000000,-1.000000,-0.176779
-0.006554,-0.019169,0.013086,-0.003095,0.001404,0.008286,0.119110,0.040876,0.691902,-0.330469,-0.441814,0.680805,0.483942,-1.000000
-0.006431,-0.019269,0.011729,-0.002429,0.001523,0.008486,-0.875282,0.506194,1.000000,-0.822435,-1.000000,0.092452,-0.100708,0.030732
-0.006337,-0.019383,0.010306,-0.001986,0.001577,0.008201,0.366772,0.179955,-0.709465,-0.312043,-0.019037,1.000000,-0.744695,0.167675
-0.006258,-0.019489,0.009010,-0.001874,0.001565,0.008107,-0.238965,0.293691,-0.466743,-0.450178,1.000000,1.000000,1.000000,1.000000
-0.006169,-0.019598,0.007641,-0.001894,0.001501,0.007892,-0.684714,0.175593,-0.452829,0.182957,-0.102453,-1.000000,-0.333833,1.000000
-0.006083,-0.019696,0.006413,-0.001932,0.001450,0.007674,-0.495520,-0.206252,-0.602016,0.319146,0.126503,-1.000000,-0.681800,0.594353
-0.005980,-0.019806,0.005100,-0.002020,0.001481,0.007570,-0.282009,-0.754747,0.662046,0.563650,-0.435128,-1.000000,-0.311296,-0.780516
-0.005881,-0.019912,0.003897,-0.002066,0.001541,0.007527,-0.296889,-0.391577,0.908517,-0.286636,0.581575,-1.000000,1.000000,-0.640767
-0.005784,-0.020031,0.002606,-0.001954,0.001570,0.007448,0.810234,-0.044790,0.017816,-0.035395,-0.422719,-1.000000,1.000000,0.463880
-0.005699,-0.020146,0.001420,-0.001901,0.001623,0.007413,-0.336371,0.174701,-1.000000,0.219823,0.831600,0.679977,0.861059,-1.000000
-0.005603,-0.020275,0.000139,-0.001946,0.001667,0.007390,0.237499,0.096743,0.316802,-0.874968,0.800184,0.458900,-1.000000,0.439234
-0.005510,-0.020396,-0.001036,-0.001999,0.001691,0.007349,-0.754640,-0.063830,0.421189,-0.310617,1.000000,-0.613593,-0.958956,-0.239459
-0.005403,-0.020529,-0.002298,-0.002067,0.001708,0.007273,-0.165722,-0.361027,-0.704225,0.017603,-0.252004,-1.000000,-1.000000,1.000000
-0.005295,-0.020657,-0.003451,-0.002166,0.001754,0.007211,-0.416047,0.290070,0.028073,0.635827,-1.000000,-1.000000,1.000000,-1.000000
-0.005176,-0.020800,-0.004686,-0.002193,0.001799,0.007126,0.690137,0.041339,0.973872,0.018684,0.093958,-1.000000,0.550867,-1.000000
-0.005075,-0.020936,-0.005810,-0.002072,0.001837,0.007022,-0.029987,-0.680900,-0.386524,0.202406,1.000000,1.000000,1.000000,-0.753399
-0.004972,-0.021088,-0.007022,-0.002011,0.001883,0.006990,-0.543250,0.736031,-0.309667,0.253577,0.544264,1.000000,0.254067,0.065775
-0.004879,-0.021226,-0.008117,-0.001966,0.001855,0.006848,0.278363,0.548312,-0.132375,-0.252047,0.462509,-0.104432,-0.569052,0.910589
-0.004790,-0.021368,-0.009255,-0.001808,0.001750,0.006561,0.134224,-0.048018,-0.770541,1.000000,-0.282869,-0.181056,-0.046611,-0.237572
-0.004763,-0.021491,-0.010311,-0.001174,0.001653,0.006605,-0.082057,0.217103,-0.381768,0.510906,0.957888,-1.000000,-0.339070,-0.248068
-0.004788,-0.021611,-0.011470,-0.000577,0.001514,0.006684,-0.193865,-0.282565,0.938703,-1.000000,-1.000000,0.093179,1.000000,0.129721
-0.004817,-0.021718,-0.012514,-0.000501,0.001466,0.006531,0.109085,0.129337,-0.141646,-0.124644,-0.027261,-0.279418,1.000000,-0.250904
-0.004851,-0.021826,-0.013604,-0.000446,0.001369,0.006285,-0.238414,0.315385,-0.348174,0.278853,1.000000,-0.590479,0.274519,-1.000000
-0.004890,-0.021902,-0.014511,-0.000278,0.001072,0.005669,0.153960,0.676343,-0.269469,-0.253038,0.055165,-0.215127,-0.687001,0.138635
-0.004947,-0.021936,-0.015272,0.000048,0.000502,0.004389,-0.422525,0.124255,0.546447,0.161998,-0.531129,-0.803281,-0.319399,0.412711
-0.005007,-0.021927,-0.015789,0.000300,-0.000013,0.003235,-0.040156,-0.063887,-0.618066,-0.369466,-0.873522,-0.236188,-0.469327,-0.173986
-0.005078,-0.021892,-0.016232,0.000445,-0.000310,0.002553,0.015373,-0.238377,-0.130817,0.782632,1.000000,-0.748362,1.000000,-1.000000
-0.005149,-0.021848,-0.016611,0.000532,-0.000451,0.002370,-0.011149,-0.328672,0.110222,-0.360744,-1.000000,-0.123101,0.754232,-0.536792
-0.005225,-0.021798,-0.017007,0.000538,-0.000484,0.002282,-0.582550,0.090047,1.000000,0.077163,0.031932,-0.273634,0.682970,0.033272
-0.005301,-0.021748,-0.017319,0.000649,-0.000534,0.001954,-0.021862,0.540305,-0.053365,-0.213197,1.000000,-1.000000,1.000000,-0.545744
-0.005384,-0.021686,-0.017602,0.000699,-0.000629,0.001629,-0.136526,-0.894146,-0.809390,0.228944,-0.331850,-0.580190,0.381790,-1.000000
-0.003721,-0.000719,-0.263282,0.000001,0.000000,-0.000001,0.000000,0.000000,0.000000,0.000000,0.000000,0.000000,0.000000,0.000000
-0.003728,-0.000720,-0.263267,0.000107,0.000009,-0.000115,-0.375669,0.940435,1.000000,-0.717436,0.485264,-0.354184,1.000000,-1.000000
-0.003815,-0.000735,-0.263079,0.000962,0.000146,-0.001082,-0.763602,0.308706,1.000000,-0.769619,0.537180,-0.143398,0.771192,-0.229811
-0.004045,-0.000781,-0.262574,0.002751,0.000465,-0.003158,-0.135152,0.507820,0.063060,-0.055004,0.510466,0.445813,-0.446908,1.000000
-0.004488,-0.000867,-0.261639,0.004889,0.000819,-0.005393,-0.415601,0.074614,0.545657,-0.527815,-0.246907,0.234985,0.675623,-0.889845
-0.005128,-0.001038,-0.260201,0.007674,0.001797,-0.008990,-0.035077,0.635943,0.643650,-0.613837,0.916495,-0.566814,0.248683,-0.160357
-0.006212,-0.001410,-0.257551,0.012006,0.003614,-0.015284,-0.758410,0.338805,1.000000,-0.629948,-0.561081,0.370602,-0.150241,0.256947
-0.007725,-0.001951,-0.253745,0.018220,0.005561,-0.023793,-0.956801,0.770768,0.659383,-0.494296,-0.518457,-0.216698,-0.619885,0.437228
-0.010040,-0.002768,-0.247658,0.025852,0.007359,-0.035101,0.149004,0.183191,1.000000,-0.982362,1.000000,-0.734383,0.780224,-0.043134
-0.012807,-0.003931,-0.239838,0.033821,0.010933,-0.048920,0.185137,-0.333338,0.532111,0.019672,0.220130,1.000000,0.665175,0.972624
-0.016281,-0.005700,-0.229542,0.039614,0.014890,-0.059363,0.668173,0.689657,-0.920590,-0.557893,1.000000,0.172161,-1.000000,-0.318819
-0.019585,-0.007668,-0.219096,0.041655,0.017102,-0.065257,-0.643737,-0.190024,-0.147126,-0.801354,-0.123836,-0.868607,-0.973280,-0.659883
-0.022984,-0.010103,-0.207099,0.040704,0.018723,-0.069254,-0.215767,-0.391124,-0.404871,-0.175397,0.933999,0.554826,-1.000000,1.000000
-0.026062,-0.012800,-0.194695,0.038351,0.019881,-0.071581,-0.037667,-0.078544,0.138404,-0.506809,-0.520236,-0.970159,1.000000,-0.219716
-0.028574,-0.015533,-0.182894,0.035756,0.021136,-0.073747,0.306189,-0.055437,-0.517155,-0.146751,-0.240690,-0.763640,0.374190,-0.502341
-0.030723,-0.018477,-0.170830,0.032825,0.022296,-0.075384,0.347100,-0.104877,-0.698284,-0.749002,-0.701935,0.440618,-1.000000,1.000000
-0.032555,-0.021857,-0.157503,0.028903,0.023167,-0.076813,0.653857,-0.571500,-1.000000,-0.451136,-0.094566,1.000000,1.000000,0.242592
-0.033798,-0.025060,-0.145139,0.025221,0.023288,-0.077345,-0.684453,-0.000785,-0.839075,0.078712,-0.612896,-1.000000,1.000000,0.578156
-0.034709,-0.028520,-0.131916,0.021757,0.022840,-0.076268,0.663328,-0.004008,-0.881601,-0.230235,0.008009,-0.966015,-1.000000,-0.670597
-0.035152,-0.031627,-0.120089,0.018180,0.021880,-0.073960,0.133359,-0.583854,-1.000000,0.246752,0.626057,-1.000000,1.000000,0.260290
-0.035224,-0.034717,-0.108145,0.014102,0.019700,-0.068884,0.472820,0.200058,-1.000000,-0.235485,0.511472,-1.000000,0.811684,1.000000
-0.034917,-0.037168,-0.098291,0.009338,0.016403,-0.061584,-0.080933,-0.362284,-1.000000,0.234272,-1.000000,0.054259,-0.013014,0.067933
-0.034138,-0.039374,-0.088986,0.003536,0.013201,-0.053706,-0.112964,0.211784,-0.694642,1.000000,0.631903,-0.821937,-1.000000,0.068326
-0.033015,-0.041013,-0.081611,-0.002398,0.010220,-0.046055,-0.425777,-1.000000,-0.465392,-0.515822,-0.776564,-1.000000,0.911751,0.671318
-0.031455,-0.042297,-0.075037,-0.007757,0.006715,-0.037938,0.314670,-0.390835,-0.529478,0.462561,-1.000000,0.340442,0.268860,-0.204969
-0.029801,-0.043001,-0.070306,-0.012168,0.002868,-0.029581,0.119583,-0.251661,-0.267011,0.436882,0.078839,-0.928423,1.000000,-1.000000
-0.027898,-0.043270,-0.066528,-0.015279,-0.000898,-0.021784,0.208153,-0.271811,-0.357312,-0.166242,0.529319,-0.147039,1.000000,1.000000
-0.026120,-0.043149,-0.064031,-0.017117,-0.004031,-0.015614,0.153186,0.086319,0.304999,0.251484,-0.133024,-0.513250,0.833511,-0.799559
-0.024240,-0.042805,-0.061898,-0.017470,-0.005693,-0.012303,-0.045602,0.112250,0.333056,0.723057,0.027737,-0.443336,0.199272,-1.000000
-0.022578,-0.042391,-0.060214,-0.017090,-0.006447,-0.010528,0.361935,0.250916,0.194853,-0.175285,1.000000,0.007315,0.680225,-0.471255
-0.020858,-0.041878,-0.058591,-0.016535,-0.006903,-0.009370,-0.652684,-0.228699,0.040726,0.470520,0.202646,0.174642,-0.423108,-0.266773
-0.019376,-0.041318,-0.057351,-0.015697,-0.007618,-0.007744,-0.676769,-0.073693,-0.475343,0.839416,1.000000,-0.935354,-1.000000,-0.381879
-0.017935,-0.040582,-0.056413,-0.014488,-0.008711,-0.005413,-0.639512,-0.075315,0.299552,-0.126711,1.000000,0.420156,1.000000,0.886870
-0.016673,-0.039729,-0.055851,-0.013083,-0.009727,-0.003244,0.011997,0.100712,0.221612,0.745949,0.638608,0.135862,1.000000,-0.785919
-0.015702,-0.038800,-0.055784,-0.011453,-0.011092,-0.000417,0.832336,0.020096,-0.112711,-0.074613,0.643213,-0.410808,-0.776156,-0.553694
-0.014875,-0.037744,-0.056119,-0.010339,-0.012381,0.002094,-0.098196,0.171806,-0.650227,0.318677,0.838911,-0.154597,-1.000000,-0.899181
-0.014093,-0.036474,-0.056859,-0.009559,-0.013576,0.004270,-0.670884,0.479743,0.628263,-0.430601,-1.000000,-1.000000,-0.366745,-0.617250
-0.013416,-0.035253,-0.057648,-0.009132,-0.014117,0.004928,0.040928,0.471837,0.965470,-0.182370,0.481674,-1.000000,0.412945,1.000000
-0.012711,-0.033916,-0.058482,-0.008758,-0.014308,0.004813,0.034131,-0.382230,-0.425842,-0.248202,0.818511,0.971792,0.719250,-0.367145
-0.012073,-0.032677,-0.059246,-0.008567,-0.014386,0.004778,0.460745,0.302698,-0.743876,0.096860,1.000000,0.738215,-0.175507,-0.846199
-0.011403,-0.031322,-0.060066,-0.008291,-0.014539,0.004729,0.515810,0.532618,-0.912763,0.147048,1.000000,-1.000000,-0.622625,-0.096738
-0.010805,-0.030057,-0.060774,-0.007950,-0.014779,0.004425,-0.477166,0.011061,0.719115,-0.573397,0.894998,-0.218858,0.008798,0.594288
-0.010174,-0.028685,-0.061445,-0.007622,-0.014809,0.003868,-0.505141,-0.159392,0.978386,0.075631,-0.286725,0.884919,0.558832,0.014156
-0.009604,-0.027430,-0.062004,-0.007396,-0.014736,0.003495,0.179249,-0.624843,-0.075948,0.053860,1.000000,-1.000000,-0.430488,-1.000000
-0.009006,-0.026096,-0.062554,-0.007089,-0.014468,0.003174,0.842053,-0.004231,1.000000,0.445040,0.213291,-0.128229,1.000000,0.715157
-0.008519,-0.024959,-0.062793,-0.006025,-0.013457,0.001496,-0.716271,-0.197587,1.000000,-0.768807,-1.000000,-0.843479,1.000000,-0.208313
-0.008099,-0.023898,-0.062485,-0.004348,-0.011753,-0.001777,-0.209948,-0.000347,-0.102746,-0.745384,1.000000,0.929827,-1.000000,-0.795555
-0.007768,-0.023007,-0.061888,-0.003412,-0.010780,-0.003735,-0.519142,0.330593,-0.753352,-0.629897,1.000000,-1.000000,0.946007,-0.734255
-0.007397,-0.022101,-0.061022,-0.003389,-0.010198,-0.004997,0.202562,0.338590,-0.162360,-1.000000,-0.905915,-1.000000,-0.053509,0.035492
-0.006994,-0.021361,-0.059867,-0.003845,-0.009123,-0.007218,0.038376,-0.005519,0.143612,-0.693303,0.459193,0.486168,0.053657,-0.879652
-0.006468,-0.020723,-0.058089,-0.004469,-0.007438,-0.010251,0.058621,-0.462735,-0.195655,-0.494657,1.000000,0.325328,0.809086,-1.000000
-0.005901,-0.020284,-0.055993,-0.005119,-0.005731,-0.013105,-0.132850,-0.266552,-0.078982,-0.103235,1.000000,-1.000000,-0.033040,0.064494
-0.005227,-0.019908,-0.053402,-0.005591,-0.004647,-0.014948,-0.321212,0.439647,-0.162761,0.118468,1.000000,-0.883090,0.209295,-0.642166
-0.004582,-0.019612,-0.050831,-0.005765,-0.004013,-0.016069,-0.130169,-0.713022,0.663583,-0.126576,0.784274,-0.658900,1.000000,0.039502
-0.003884,-0.019340,-0.047866,-0.005654,-0.003453,-0.017104,0.000720,-0.125498,0.542454,0.138647,1.000000,1.000000,-0.520005,0.811109
-0.003252,-0.019128,-0.044968,-0.005423,-0.002933,-0.018081,-0.027225,-0.364787,-0.368463,-0.694876,0.449309,-0.614594,-0.317409,-0.298810
-0.002553,-0.018935,-0.041667,-0.005508,-0.002484,-0.019067,-1.000000,0.105958,0.111998,0.001187,-0.107408,-1.000000,0.316443,1.000000
-0.001908,-0.018769,-0.038502,-0.005437,-0.002263,-0.019789,0.005006,-0.418277,0.188434,0.072656,-0.550179,0.074997,0.041543,-1.000000
-0.001221,-0.018590,-0.035040,-0.005301,-0.002184,-0.019952,0.752722,-0.214326,-0.686669,0.790087,-1.000000,-0.600032,0.890876,-0.970034
-0.000593,-0.018416,-0.031884,-0.005284,-0.002207,-0.019742,-0.027147,-0.253368,-0.343520,-0.446483,-0.801398,-0.378870,-0.124230,1.000000
0.000082,-0.018218,-0.028507,-0.005262,-0.002228,-0.019483,-0.752366,0.011247,0.627541,0.121230,1.000000,-0.826740,0.298686,0.602171
0.000692,-0.018027,-0.025399,-0.005147,-0.002260,-0.019432,0.401145,0.389271,0.286154,0.216442,1.000000,0.283238,-0.065978,-1.000000
0.001337,-0.017809,-0.022058,-0.005016,-0.002301,-0.019268,0.997367,0.003614,-1.000000,0.534521,0.536548,-1.000000,0.473874,-1.000000
0.001915,-0.017606,-0.019125,-0.004922,-0.002258,-0.018342,0.842077,0.392252,-0.699790,0.745765,-0.145382,0.280013,-0.330972,0.892084
0.002508,-0.017387,-0.016192,-0.004743,-0.002211,-0.016915,-1.000000,-0.007615,-0.180656,-0.611969,-1.000000,1.000000,-0.982972,0.340357
0.003049,-0.017171,-0.013546,-0.004715,-0.002314,-0.016543,-0.405213,-0.343466,0.257588,-0.381668,-0.123013,-0.600641,0.901037,0.003518
0.003631,-0.016923,-0.010711,-0.004717,-0.002416,-0.016353,0.075038,0.305956,-0.552370,-0.435835,0.088281,-1.000000,1.000000,-0.401840
0.004165,-0.016682,-0.008128,-0.004720,-0.002514,-0.016145,0.457914,-0.000456,0.296835,0.299581,1.000000,-1.000000,0.467103,-1.000000
0.004736,-0.016410,-0.005392,-0.004700,-0.002589,-0.015785,-0.038824,-0.460526,-1.000000,0.066008,0.781945,1.000000,0.869533,-0.491662
0.005261,-0.016145,-0.002941,-0.004755,-0.002716,-0.015315,-0.144959,-0.412751,0.271491,-1.000000,1.000000,-1.000000,-0.603081,1.000000
0.005829,-0.015848,-0.000325,-0.004786,-0.002783,-0.015090,-0.616515,0.165577,-0.237109,0.409331,-0.244190,-0.961427,-0.088963,-1.000000
0.006354,-0.015560,0.002043,-0.004845,-0.002910,-0.014804,0.629162,0.122889,-0.589241,-0.220535,-0.351919,-0.846811,0.366760,-0.650337
0.006926,-0.015226,0.004508,-0.004967,-0.003117,-0.014225,0.078361,-0.326384,-0.269588,0.293847,0.193711,-0.030477,0.498520,0.141384
0.007455,-0.014899,0.006696,-0.005050,-0.003329,-0.013665,-0.539157,-0.372888,0.128773,0.129733,-0.619282,1.000000,0.307852,0.527476
0.008024,-0.014530,0.009010,-0.005063,-0.003456,-0.013359,-0.193377,-0.270939,0.251209,0.243321,-0.475415,-0.715094,-0.005252,-0.100803
0.008582,-0.014154,0.011280,-0.004996,-0.003497,-0.013099,1.000000,0.490467,0.355321,-0.577293,-0.269280,-1.000000,-0.146740,-0.512387
0.009078,-0.013808,0.013313,-0.004832,-0.003462,-0.012698,-0.020169,-0.366391,-0.957137,0.027022,-0.031297,-1.000000,0.708356,-0.122013
0.009563,-0.013454,0.015219,-0.004787,-0.003568,-0.011909,0.191720,-1.000000,-1.000000,0.104585,0.387860,0.309082,0.455740,0.799892
0.010068,-0.013061,0.016994,-0.004730,-0.003734,-0.010251,0.672813,0.358968,0.172434,-0.083621,1.000000,-1.000000,1.000000,-0.154732
0.010525,-0.012690,0.018538,-0.004329,-0.003533,-0.008905,-0.286255,-0.491703,0.939926,0.005694,0.076009,-1.000000,0.642858,-1.000000
0.010912,-0.012366,0.019854,-0.003978,-0.003337,-0.008221,0.046308,0.161880,-0.527757,0.386159,-0.540778,0.903316,-1.000000,-1.000000
0.011263,-0.012042,0.021038,-0.003642,-0.003372,-0.007399,0.230912,0.105420,-0.676484,0.693517,0.399339,-0.048663,0.938847,-0.434545
0.011586,-0.011664,0.022036,-0.003134,-0.003763,-0.005758,-0.062551,-0.925653,-0.307936,0.348158,-1.000000,-0.406998,1.000000,-0.197843
0.011822,-0.011302,0.022622,-0.002552,-0.004062,-0.003666,-0.007358,-0.635484,-0.012708,0.028702,-0.180169,0.215376,0.263823,1.000000
0.012013,-0.010912,0.022919,-0.001983,-0.004159,-0.001709,-0.293337,0.289140,0.030024,0.390910,0.735565,-0.796995,0.972212,0.150996
0.012121,-0.010538,0.022939,-0.001273,-0.004448,-0.000129,0.791275,0.345657,0.107044,-0.001804,0.775962,-0.082479,0.022073,-0.928818
0.012152,-0.010128,0.022655,-0.000446,-0.004617,0.001640,0.024768,-0.117470,-0.363925,0.318956,1.000000,0.341136,0.544698,1.000000
0.012119,-0.009744,0.022156,0.000202,-0.004796,0.003116,-0.485727,0.325026,-0.595994,-0.540794,-1.000000,-0.522558,-0.112189,0.517391
0.012072,-0.009313,0.021489,0.000296,-0.005027,0.003852,-0.223434,-0.134422,-0.251741,-0.010650,0.227433,-1.000000,-0.599992,-1.000000
0.012029,-0.008903,0.020810,0.000272,-0.005176,0.004242,-0.801386,0.049741,1.000000,-0.080480,1.000000,-0.646224,-0.126092,-1.000000
0.011986,-0.008458,0.020068,0.000246,-0.005200,0.004285,-0.040653,0.524665,-0.507971,-0.222756,-0.567379,-0.184280,1.000000,0.853634
0.011948,-0.008043,0.019382,0.000227,-0.005253,0.004284,0.918321,0.061149,-0.217443,0.513723,-0.694565,0.997446,0.896199,-0.125161
0.011890,-0.007586,0.018583,0.000418,-0.005351,0.004607,-0.162154,-0.739209,0.034041,0.468371,1.000000,-0.235912,-0.716535,0.037855
0.011809,-0.007156,0.017764,0.000728,-0.005485,0.005125,-0.710227,0.130157,-0.307983,-0.016419,0.050437,-0.355641,-0.924394,-0.667282
0.011697,-0.006673,0.016776,0.000988,-0.005702,0.005698,-0.195030,-0.449710,-0.030727,0.439131,-1.000000,-1.000000,1.000000,-0.914051
0.011543,-0.006196,0.015690,0.001566,-0.006159,0.006790,-0.098148,0.489843,0.759677,0.644116,-0.841943,0.119722,-0.619940,0.382769
0.011296,-0.005638,0.014299,0.002416,-0.006681,0.008020,0.038988,0.415198,0.370505,-0.515544,-1.000000,0.706953,0.458449,-1.000000
0.011031,-0.005113,0.012959,0.002869,-0.006827,0.008376,-0.199835,-0.588921,0.424712,0.260329,1.000000,-1.000000,1.000000,0.029321
0.010712,-0.004544,0.011471,0.003245,-0.006808,0.008584,-0.248218,-0.015952,-1.000000,-0.250875,0.266575,-1.000000,-0.687766,1.000000
0.010412,-0.004019,0.010070,0.003333,-0.006814,0.008755,0.770965,-0.491470,0.245621,-0.286178,1.000000,-0.070896,0.967892,-0.721160
0.010090,-0.003453,0.008539,0.003320,-0.006775,0.008833,-0.623102,0.209829,0.062561,0.282229,0.310427,-0.010117,0.507735,-1.000000
0.009723,-0.002797,0.006776,0.003314,-0.006773,0.008817,-0.299182,0.888777,-0.020749,-0.255246,-0.327393,0.852544,-0.413174,0.600080
0.009472,-0.002356,0.005634,0.003443,-0.006795,0.008562,0.166250,-0.006786,0.652646,0.700276,0.018009,0.341412,-0.244285,-0.237784
0.009030,-0.001683,0.003920,0.004081,-0.006899,0.008572,-0.324683,0.065109,0.188036,0.643569,1.000000,-0.630349,-0.591029,-0.131850
0.008539,-0.001136,0.002538,0.005768,-0.006986,0.008641,-0.483764,0.265211,1.000000,0.613913,0.448839,1.000000,1.000000,-0.142059
0.007787,-0.000587,0.001231,0.008202,-0.006413,0.007533,0.381144,0.246938,0.176561,-0.081316,0.049640,0.483812,0.283090,0.115024
0.006907,-0.000120,0.000214,0.010461,-0.005861,0.006362,0.070108,-0.012024,-0.002844,0.255281,0.061875,1.000000,0.091145,-1.000000
0.005753,0.000333,-0.000594,0.012680,-0.005161,0.004659,-0.665312,-0.027334,1.000000,-0.456463,-0.383560,-1.000000,-1.000000,-0.243407
0.004537,0.000659,-0.000875,0.014480,-0.003945,0.001758,-0.192327,0.029061,-0.474607,-0.542876,-0.625788,-1.000000,0.425807,1.000000
0.003182,0.000971,-0.000953,0.014895,-0.003444,0.000447,-0.011227,-0.003446,-0.797683,-0.307465,-1.000000,0.090108,1.000000,-0.922434
0.001935,0.001257,-0.000974,0.014840,-0.003404,0.000135,-0.295863,-0.096927,-0.164530,0.628496,0.640070,-1.000000,-0.090030,-1.000000
0.000593,0.001575,-0.000976,0.014754,-0.003492,0.000010,-0.306791,0.223004,0.065327,-0.263625,1.000000,0.736056,0.748529,-0.723739
-0.000620,0.001870,-0.000911,0.014428,-0.003518,-0.000410,-0.901790,-0.213630,0.054729,-0.410527,0.026384,-0.338585,0.865736,0.104971
-0.001872,0.002193,-0.000704,0.013738,-0.003549,-0.001194,-0.398970,0.181519,0.119705,0.183282,1.000000,-1.000000,-1.000000,1.000000
-0.002984,0.002502,-0.000377,0.013220,-0.003699,-0.002042,0.323648,0.396602,-0.243155,-0.061103,1.000000,-0.701763,-0.190532,0.490227
-0.004167,0.002848,0.000066,0.012953,-0.003850,-0.002557,0.070130,-0.405884,-0.066096,-0.391575,0.484509,-1.000000,0.266135,-0.038480
-0.005238,0.003170,0.000502,0.012713,-0.003902,-0.002728,0.005223,-0.315918,-0.368713,0.201073,-1.000000,0.132181,-0.308541,0.114323
-0.006373,0.003518,0.000985,0.012416,-0.003916,-0.002779,-0.338505,-0.018456,-0.337606,-0.135203,0.424486,-0.888779,0.318219,-0.769369
-0.007398,0.003842,0.001438,0.012138,-0.003958,-0.002834,-0.135185,-0.467726,-0.439117,-0.063078,-0.433233,-1.000000,0.431882,-1.000000
-0.008477,0.004193,0.001944,0.011796,-0.003991,-0.002921,-0.474890,-0.224371,0.458911,-0.856875,1.000000,1.000000,-0.231237,0.327339
-0.009439,0.004519,0.002441,0.011379,-0.004038,-0.003106,-0.132794,0.069796,-0.644161,0.080121,-1.000000,0.841101,1.000000,1.000000
-0.010440,0.004883,0.002992,0.010907,-0.004177,-0.003177,-0.404308,-0.173848,-0.613022,-0.334203,0.460115,-0.925014,-0.086767,0.252125
-0.011322,0.005233,0.003502,0.010415,-0.004369,-0.003192,0.100301,0.312968,0.075436,0.368329,1.000000,-1.000000,-0.516338,-1.000000
-0.012248,0.005617,0.004062,0.010073,-0.004440,-0.003227,0.216317,0.169411,0.123940,-1.000000,-0.638829,-0.127735,0.752384,-1.000000
-0.013078,0.005969,0.004590,0.009772,-0.004432,-0.003304,0.292441,-0.062855,0.382872,0.211966,-1.000000,0.267050,0.675327,0.453595
-0.013955,0.006350,0.005157,0.009511,-0.004438,-0.003268,0.121195,-0.535405,-0.895674,-0.326117,0.095520,0.877496,-0.920604,0.945873
-0.014720,0.006714,0.005612,0.009012,-0.004572,-0.002847,0.162293,-0.975792,-0.976297,-0.303167,1.000000,0.094694,-0.556288,-0.509421
-0.015479,0.007118,0.006006,0.008243,-0.004642,-0.002272,0.130869,0.123657,0.626975,-0.585345,0.259476,-1.000000,-0.158874,-0.655803
-0.016121,0.007466,0.006375,0.007542,-0.004352,-0.002304,-0.330794,-0.737061,0.459327,-0.453716,1.000000,-1.000000,1.000000,-1.000000
-0.016707,0.007778,0.006815,0.006325,-0.003676,-0.002540,0.526195,-0.352269,-0.914678,-0.977511,0.191420,0.358194,0.038389,0.174368
-0.017102,0.007978,0.007297,0.004565,-0.002690,-0.003015,0.897279,-0.153804,-0.144203,-0.355900,0.970968,0.009567,1.000000,-0.375616
-0.017386,0.008081,0.007810,0.002979,-0.001427,-0.002958,0.244781,-0.288382,-0.551261,-0.399535,0.555222,-0.660843,-0.101077,1.000000
-0.017501,0.008069,0.008198,0.001254,-0.000115,-0.002422,0.470365,0.026839,0.197010,-0.535124,1.000000,-0.016780,-0.687111,1.000000
-0.017437,0.007938,0.008446,-0.000772,0.001289,-0.001433,0.162529,-0.758820,-0.052716,-0.537712,0.960423,-0.849313,0.302839,0.866074
-0.017214,0.007737,0.008355,-0.002634,0.002457,0.000570,0.240810,0.167436,-1.000000,0.426526,-0.209595,-1.000000,1.000000,0.560628
-0.016852,0.007523,0.007773,-0.003813,0.002697,0.003358,-0.357942,-0.075944,-0.823086,-0.220508,0.424112,-1.000000,0.537732,0.225688
-0.016439,0.007365,0.006861,-0.004661,0.002453,0.005696,0.187534,0.002735,0.686678,0.675541,-0.168375,0.454623,0.848422,0.168261
-0.015971,0.007182,0.005616,-0.004823,0.002717,0.007184,0.121438,-0.505312,-0.135817,-0.536761,0.641709,1.000000,0.824836,-0.482390
-0.015504,0.007000,0.004314,-0.005216,0.002942,0.008138,-0.904902,-0.000324,0.145796,-0.497373,0.680432,-1.000000,-1.000000,-0.237012
-0.014965,0.006799,0.002866,-0.005564,0.002980,0.008356,-0.635208,0.118071,-0.358461,0.509959,0.550798,-1.000000,-0.982555,-0.430243
-0.014460,0.006613,0.001512,-0.005669,0.002981,0.008462,-0.059009,0.073453,0.398252,-0.029554,0.505822,0.643577,1.000000,-0.464300
-0.013912,0.006405,0.000044,-0.005687,0.003013,0.008463,0.421850,-0.169787,0.303617,0.309726,-0.439963,0.017643,1.000000,0.274172
-0.013407,0.006208,-0.001311,-0.005687,0.003050,0.008472,0.021883,0.275970,-0.180322,-0.001911,-0.453365,0.251038,-0.017425,-0.872814
-0.012861,0.005988,-0.002780,-0.005680,0.003097,0.008472,0.213068,0.226513,-0.191597,-0.404652,1.000000,-1.000000,-1.000000,-0.990202
-0.012358,0.005775,-0.004131,-0.005684,0.003181,0.008445,0.065865,0.107896,0.343824,-0.605009,-1.000000,-1.000000,-0.949047,-0.303533
-0.011816,0.005527,-0.005558,-0.005672,0.003338,0.008235,-0.373199,-0.204742,0.819049,0.037957,-0.882854,-0.456810,0.532235,0.178202
-0.011338,0.005256,-0.006750,-0.005447,0.003754,0.007448,-1.000000,-0.405126,0.684260,-0.093694,-0.408649,0.179873,1.000000,0.980802
-0.010838,0.004916,-0.007895,-0.005281,0.004176,0.006604,-0.047425,-0.447226,-1.000000,-0.308761,1.000000,-0.628407,0.838973,-0.325115
-0.010378,0.004594,-0.008919,-0.005297,0.004253,0.006406,-0.073275,0.389767,0.179457,0.958269,0.398871,0.285916,1.000000,-0.003473
-0.009887,0.004223,-0.009939,-0.005224,0.004445,0.005887,-0.608311,0.103782,0.929863,-0.300340,0.176408,-0.161487,0.138332,-1.000000
-0.009460,0.003826,-0.010682,-0.004972,0.004993,0.004639,0.219596,0.094481,0.122334,0.096705,1.000000,-1.000000,-1.000000,0.935614
-0.009017,0.003365,-0.011376,-0.004774,0.005297,0.004002,0.810173,-0.141894,-1.000000,0.094955,-0.494296,-0.219824,0.246202,-0.347743
-0.008612,0.002937,-0.012016,-0.004740,0.005316,0.004002,0.065878,-0.513910,-0.351605,0.191017,-1.000000,-1.000000,0.358798,1.000000
-0.008177,0.002471,-0.012715,-0.004708,0.005331,0.004034,-0.566218,-0.130808,0.598916,-0.161580,1.000000,-0.478364,-0.688104,-0.055269
-0.007782,0.002033,-0.013340,-0.004646,0.005394,0.003904,-0.057854,0.319153,0.168295,-0.066438,-0.103122,0.767969,1.000000,-1.000000
-0.007366,0.001536,-0.013932,-0.004535,0.005621,0.003417,-0.822150,0.282217,0.691523,-0.228403,-0.324165,-1.000000,0.640082,0.352760
-0.007008,0.001023,-0.014272,-0.004233,0.006203,0.002127,-0.000144,0.151451,0.442870,0.723373,0.523633,0.494217,-1.000000,1.000000
-0.006670,0.000419,-0.014456,-0.003711,0.006684,0.001062,0.236332,0.249309,-0.559491,0.440163,0.985514,-1.000000,0.321507,-1.000000
-0.006389,-0.000145,-0.014586,-0.003343,0.006739,0.000809,0.256371,-0.467791,-0.014815,-0.435981,0.480757,-1.000000,0.302482,-0.301231
-0.006096,-0.000765,-0.014686,-0.003216,0.006841,0.000578,-0.471468,-0.073666,0.122954,-0.542031,0.098987,1.000000,1.000000,-0.340680
-0.005828,-0.001339,-0.014727,-0.003198,0.006846,0.000257,-1.000000,0.382519,-0.528732,-0.037352,1.000000,-0.784268,-0.215022,-1.000000
-0.005532,-0.001944,-0.014700,-0.003250,0.006641,-0.000156,0.197936,-0.318620,0.044834,-0.249028,0.636197,-1.000000,0.075487,-0.657853
-0.005256,-0.002490,-0.014642,-0.003277,0.006489,-0.000364,-0.341090,-0.507297,-0.616914,0.820423,-0.482281,-1.000000,0.260271,-1.000000
-0.004960,-0.003056,-0.014593,-0.003250,0.006210,-0.000281,0.204251,0.159867,-0.643145,0.258330,0.440354,1.000000,1.000000,-0.305756
-0.004690,-0.003553,-0.014583,-0.003219,0.005908,-0.000064,-0.585418,-0.485327,0.059600,-0.274654,-1.000000,0.828420,1.000000,0.422258
-0.004388,-0.004068,-0.014535,-0.003312,0.005659,-0.000278,-0.490544,-0.439741,0.655842,-0.407112,0.019553,-1.000000,-1.000000,1.000000
-0.004094,-0.004523,-0.014417,-0.003479,0.005399,-0.000736,-0.110160,0.639426,-0.618970,-0.030491,0.581007,-1.000000,0.544250,1.000000
-0.003768,-0.004994,-0.014258,-0.003555,0.005146,-0.000919,0.511697,-0.027169,-0.733719,0.327501,0.686773,0.479356,1.000000,-0.832633
-0.003462,-0.005388,-0.014199,-0.003639,0.004688,-0.000366,-0.207181,0.196646,-1.000000,0.134269,1.000000,-1.000000,-0.655516,-0.706563
-0.003118,-0.005761,-0.014270,-0.003788,0.004098,0.000408,0.197103,0.176887,1.000000,-0.184860,-0.526444,-1.000000,-0.659932,0.842898
-0.002803,-0.006092,-0.014354,-0.003766,0.003960,0.000523,-0.082700,-0.404714,0.763743,0.377587,-0.219109,0.232381,0.940014,-1.000000
-0.002472,-0.006440,-0.014472,-0.003669,0.003838,0.000680,-0.153928,0.010518,-0.760028,-0.018577,0.675901,-0.897259,0.375637,0.548497
-0.002179,-0.006749,-0.014613,-0.003518,0.003686,0.000885,-0.147339,0.087691,0.804887,0.413923,-0.063611,-0.356903,-0.199400,-0.147151
-0.001889,-0.007065,-0.014818,-0.003239,0.003484,0.001181,-0.340387,0.332748,-0.412498,0.165190,1.000000,-0.659018,0.171658,0.283339
-0.001647,-0.007336,-0.015045,-0.002943,0.003241,0.001421,-0.023522,0.104082,-0.423862,0.022293,-0.384063,-0.745788,1.000000,0.466832
-0.001406,-0.007614,-0.015318,-0.002708,0.003081,0.001574,0.260381,-0.122636,0.504292,-0.002902,0.036498,-0.956850,-0.698185,0.805493
-0.001206,-0.007863,-0.015595,-0.002472,0.002972,0.001736,-0.125586,0.063112,-0.653365,0.251878,-0.177647,-0.118794,-0.605861,-0.598538
-0.001017,-0.008114,-0.015958,-0.002167,0.002777,0.002092,0.377289,-0.153753,-0.545851,0.192350,-1.000000,0.007375,0.449095,-0.879169
-0.000871,-0.008327,-0.016370,-0.001863,0.002543,0.002570,-0.173071,0.207953,-0.008728,0.017844,-0.362180,-0.260466,1.000000,0.627543
-0.000754,-0.008543,-0.016891,-0.001434,0.002388,0.003007,0.760714,-0.306183,0.374888,0.513413,1.000000,1.000000,0.169746,0.334149
-0.000709,-0.008750,-0.017530,-0.000687,0.002302,0.003688,-0.259023,0.150787,0.656403,0.112560,0.481118,-1.000000,0.116749,-1.000000
-0.000718,-0.008949,-0.018137,-0.000090,0.002381,0.003793,0.079146,-0.514592,1.000000,-0.644427,0.158226,-1.000000,0.812029,-0.867819
-0.000775,-0.009199,-0.018597,0.000527,0.002989,0.002876,-0.328574,-0.200294,0.221290,0.677625,0.165383,0.745936,1.000000,-0.289957
-0.000916,-0.009518,-0.018985,0.001424,0.003511,0.002235,0.164546,0.652197,0.059723,0.595448,1.000000,1.000000,0.765227,-0.124753
-0.001151,-0.009825,-0.019344,0.002667,0.003679,0.002247,0.248438,0.519923,-0.011048,0.259468,0.906710,-0.017499,-0.789010,0.053011
-0.001565,-0.010188,-0.019642,0.004449,0.003990,0.001719,-0.754629,0.007333,1.000000,0.410625,0.504009,-1.000000,-1.000000,1.000000
-0.002180,-0.010675,-0.019486,0.006816,0.005355,-0.000900,-0.050432,-0.038264,0.317946,-0.993142,0.439534,-0.683100,-1.000000,0.120600
-0.002829,-0.011215,-0.019003,0.007913,0.006379,-0.003017,1.000000,-0.514502,-1.000000,-0.209999,0.547543,-1.000000,0.532308,-0.040219
-0.003551,-0.011841,-0.018548,0.008115,0.006843,-0.002629,1.000000,-0.386310,-0.866743,-0.058985,-1.000000,1.000000,1.000000,-1.000000
-0.004236,-0.012459,-0.018316,0.008259,0.007315,-0.001449,-0.669921,0.082336,-1.000000,-0.405973,-0.757824,-0.686504,0.320372,-0.702112
-0.004917,-0.013079,-0.018137,0.008183,0.007362,-0.001114,-0.713456,0.202272,0.923198,-0.256656,0.910442,0.091594,0.126166,-0.077264
-0.005641,-0.013748,-0.017941,0.008041,0.007312,-0.001135,-0.582534,0.276199,0.322495,0.341737,-1.000000,0.870167,1.000000,0.481030
-0.006298,-0.014360,-0.017741,0.007934,0.007249,-0.001245,0.611837,0.038270,-0.228598,0.068260,0.937262,-1.000000,-1.000000,-1.000000
-0.006997,-0.015014,-0.017513,0.007793,0.007128,-0.001317,-0.272043,0.244529,-0.816595,-0.078354,1.000000,-1.000000,-0.910851,0.166267
-0.007626,-0.015603,-0.017291,0.007614,0.006969,-0.001392,-0.303675,-0.148964,-0.350676,-0.926010,-1.000000,0.920597,0.136425,0.998151
-0.008277,-0.016226,-0.017050,0.007276,0.006770,-0.001387,0.134223,0.202483,-0.631332,-0.510701,-0.267763,-0.858368,-0.777252,-0.374725
-0.008829,-0.016780,-0.016837,0.006712,0.006530,-0.001332,-0.323031,0.157730,-0.366691,-0.108787,1.000000,-1.000000,-0.376922,-1.000000
-0.009366,-0.017370,-0.016555,0.006055,0.006399,-0.001626,-0.047466,0.046138,0.826411,-1.000000,-1.000000,-0.179187,-0.371221,-0.752292
-0.009799,-0.017925,-0.016157,0.005418,0.006469,-0.002487,-0.126089,0.277238,-0.005218,0.437028,-1.000000,-0.590371,0.617820,-0.672109
-0.010231,-0.018515,-0.015636,0.005073,0.006308,-0.003007,-0.845807,-0.130247,-0.384850,0.417803,-0.770851,0.120638,0.272251,0.647910
-0.010607,-0.019048,-0.015115,0.004837,0.006148,-0.003258,0.471641,-0.485428,0.122954,0.292535,-0.000522,0.195284,0.114796,1.000000
-0.240337,-0.253701,-0.243497,-0.000000,0.000000,-0.000001,0.000000,0.000000,0.000000,0.000000,0.000000,0.000000,0.000000,0.000000
-0.240330,-0.253708,-0.243486,0.000020,-0.000004,-0.000066,-1.000000,0.811462,-0.451137,-1.000000,-0.107029,-1.000000,0.395652,0.863392
-0.240287,-0.253761,-0.243407,0.000275,-0.000093,-0.000589,-1.000000,1.000000,0.041023,-1.000000,0.613252,-1.000000,0.804889,0.455538
-0.239791,-0.254249,-0.242637,0.001056,-0.000829,-0.003611,-1.000000,1.000000,-0.401356,-0.814493,0.123036,-0.286386,1.000000,-1.000000
-0.238414,-0.255447,-0.240697,0.002112,-0.003088,-0.012126,-0.729600,0.994470,-0.407354,-1.000000,1.000000,-1.000000,0.701810,-0.136155
-0.235450,-0.257823,-0.236692,0.003206,-0.007183,-0.025024,-0.129364,1.000000,-0.414973,-0.894628,1.000000,-0.752051,1.000000,0.737908
-0.231394,-0.260879,-0.231314,0.004769,-0.012645,-0.040355,-0.798792,1.000000,-1.000000,-0.752942,1.000000,1.000000,0.020546,-1.000000
-0.222209,-0.267474,-0.219301,0.007840,-0.018569,-0.060065,-0.352678,0.628869,-0.659784,-0.584931,1.000000,0.518238,0.300976,-0.172906
-0.211263,-0.274744,-0.205223,0.012038,-0.025185,-0.081174,-0.725995,0.588376,-1.000000,-0.144699,0.888476,-0.270071,-0.278614,0.175026
-0.200783,-0.280972,-0.191985,0.016087,-0.033114,-0.099311,-0.761492,1.000000,-0.148027,0.048959,0.519902,-1.000000,0.256585,0.757882
-0.185542,-0.288841,-0.173141,0.020655,-0.041899,-0.117822,-0.340330,0.250944,-1.000000,-0.989080,-0.058870,-0.684673,1.000000,-1.000000
-0.166265,-0.296935,-0.149990,0.024210,-0.050827,-0.133555,0.263824,-0.119479,-1.000000,0.534843,1.000000,-0.002291,-0.894699,-0.274411
-0.142928,-0.304240,-0.122309,0.029335,-0.057255,-0.138363,0.190512,-0.105857,-1.000000,1.000000,-0.386846,0.469130,0.415553,0.981659
-0.124700,-0.307959,-0.100703,0.032580,-0.062815,-0.135095,-0.811200,0.142464,-1.000000,0.050019,1.000000,-0.223961,-0.044266,0.573619
-0.110077,-0.309575,-0.083352,0.033426,-0.067404,-0.130070,-0.101976,-0.125146,-1.000000,0.741326,-0.387924,-1.000000,0.621198,-0.039181
-0.089914,-0.309488,-0.059260,0.033926,-0.071687,-0.120498,0.049068,-0.783581,-1.000000,0.091249,-0.809007,-0.570806,-0.124293,0.865436
-0.074748,-0.307256,-0.040879,0.031244,-0.075839,-0.105990,0.088055,-0.989815,-1.000000,0.637693,-1.000000,-0.180507,0.412876,-0.054943
-0.064756,-0.304372,-0.028490,0.028855,-0.079417,-0.092904,0.399188,-0.989670,-1.000000,0.727081,-0.716240,-1.000000,-0.028536,-0.471760
-0.054714,-0.299800,-0.015670,0.026989,-0.082539,-0.080132,0.258520,-0.721938,-1.000000,-0.031145,-1.000000,-1.000000,0.527561,-1.000000
-0.046245,-0.293661,-0.004367,0.024275,-0.086750,-0.065225,0.042524,-0.492824,-0.799324,0.099151,-0.763682,-0.552196,0.007311,-1.000000
-0.040591,-0.287077,0.003635,0.020736,-0.091129,-0.050016,-0.454731,-0.391813,-1.000000,1.000000,-0.929932,-0.369259,0.533101,0.812155
-0.036983,-0.278972,0.009443,0.017989,-0.096668,-0.033508,-0.829445,-0.520183,-1.000000,-0.553423,-0.438218,-1.000000,1.000000,-1.000000
-0.035814,-0.270623,0.012184,0.014706,-0.103101,-0.017140,-0.478440,-0.198824,-1.000000,0.458407,-0.050103,0.660926,1.000000,-0.142875
-0.036838,-0.260565,0.012252,0.011877,-0.110545,-0.000392,-0.000977,-0.410882,-0.463325,0.464822,0.907580,-0.037166,1.000000,-1.000000
-0.039649,-0.250350,0.009748,0.009066,-0.117966,0.015641,0.069688,0.447618,1.000000,-0.143567,-1.000000,-1.000000,-0.247785,0.696940
-0.043506,-0.238790,0.005499,0.005712,-0.121051,0.024528,-0.629074,0.473729,1.000000,-1.000000,-0.550597,0.397652,0.321437,-0.905047
-0.046969,-0.228115,0.001200,0.002884,-0.119894,0.026883,-0.013218,-0.309269,0.108898,-0.501444,-0.263536,-0.663707,-0.591505,-0.416277
-0.050402,-0.216693,-0.003550,0.000382,-0.117512,0.027396,-0.321182,0.362017,0.473842,-0.582241,0.461734,-0.057374,0.790144,0.092187
-0.053188,-0.206350,-0.007868,-0.001783,-0.114693,0.026975,-0.984157,-0.080429,1.000000,-0.403559,-1.000000,0.288733,0.003001,-1.000000
-0.055729,-0.195415,-0.012412,-0.004382,-0.111640,0.026226,-0.370141,-0.113769,1.000000,-0.272255,0.321032,-0.204852,0.156518,-0.502285
-0.057573,-0.185619,-0.016345,-0.006742,-0.108215,0.024573,-0.342408,-0.394542,0.225085,-0.952543,0.158744,1.000000,0.673883,-0.619738
-0.058908,-0.175432,-0.020090,-0.009283,-0.104383,0.021615,-0.587349,0.470840,0.201854,-0.830965,-0.346135,0.250424,0.756440,-1.000000
-0.059397,-0.166601,-0.022733,-0.011497,-0.099195,0.016511,-0.283737,0.562301,1.000000,-1.000000,1.000000,-0.119265,0.133750,-1.000000
-0.059010,-0.157893,-0.024124,-0.012242,-0.092806,0.008024,-0.133196,-0.129331,0.860698,0.314113,1.000000,-0.101353,0.507833,1.000000
-0.057846,-0.150759,-0.023679,-0.011235,-0.085996,-0.002788,-0.036777,0.296486,1.000000,-0.954457,0.867641,0.770347,-0.016323,0.371042
-0.055786,-0.144133,-0.020933,-0.008317,-0.078207,-0.015834,0.256999,-0.166797,-0.117153,0.234987,0.296884,-0.214201,-0.824265,0.555884
-0.053541,-0.138752,-0.016810,-0.004453,-0.072527,-0.025775,0.094468,-0.214006,0.846709,-0.215781,-0.465290,-0.368730,-0.199075,0.858941
-0.050888,-0.133783,-0.010397,0.001682,-0.066161,-0.037001,-0.093705,-0.965898,0.990454,-0.135397,-0.258724,-1.000000,0.397381,-1.000000
-0.048320,-0.129982,-0.002725,0.007990,-0.059366,-0.047939,0.100637,-0.554277,-0.878122,-0.098667,-1.000000,-1.000000,-0.013148,-0.428787
-0.045648,-0.126240,0.006318,0.011415,-0.055620,-0.052155,-0.021904,-0.402090,-0.786940,-0.240781,0.841864,-1.000000,1.000000,-0.634972
-0.043365,-0.122931,0.014742,0.012789,-0.053258,-0.052664,0.324942,-1.000000,-0.895532,0.288438,-0.440003,-0.171131,1.000000,-0.378776
-0.041161,-0.119416,0.023574,0.013438,-0.051326,-0.050960,0.095969,-0.112186,-1.000000,0.367049,-0.714254,-0.356963,0.151247,0.149075
-0.039390,-0.116236,0.031350,0.013797,-0.049413,-0.048611,0.072992,-1.000000,-0.592345,-0.747243,0.171125,-1.000000,0.305926,0.610079
-0.037792,-0.112888,0.039065,0.013508,-0.046881,-0.044483,-0.113173,-0.666525,-0.728464,0.331184,-0.333913,0.005503,0.962843,1.000000
-0.036604,-0.109851,0.045290,0.012236,-0.044714,-0.038918,-0.101937,-0.513393,-0.585762,0.591614,0.030243,0.296720,-0.135757,-0.757739
-0.035591,-0.106532,0.050979,0.010504,-0.043459,-0.032817,0.070274,0.231921,-0.993886,0.897486,0.704496,-1.000000,1.000000,0.457938
-0.034921,-0.103372,0.055345,0.009462,-0.043345,-0.027308,0.275463,-0.373390,0.532551,0.095719,0.104554,-1.000000,0.436830,-0.139832
-0.034453,-0.099941,0.059316,0.009057,-0.042397,-0.022910,-0.624286,-0.598406,-0.554051,-0.108913,0.850851,-0.860588,0.153437,-1.000000
-0.034254,-0.096761,0.062138,0.008189,-0.041414,-0.017622,-0.571930,-0.427964,-1.000000,-0.342554,-1.000000,-0.492072,-0.060190,-1.000000
-0.034274,-0.093219,0.064031,0.006555,-0.041152,-0.010922,-0.729447,-0.457853,-0.483806,0.474147,-1.000000,-0.094487,1.000000,0.442697
-0.034487,-0.089855,0.064677,0.004792,-0.040883,-0.004042,-0.245323,-0.513968,0.583072,0.728349,-0.325207,0.679260,1.000000,-0.574030
-0.034929,-0.086142,0.064303,0.003691,-0.040342,0.002157,0.095967,-0.123159,-0.356278,0.617170,0.293924,-0.381443,1.000000,-0.371065
-0.035510,-0.082605,0.063137,0.003162,-0.040581,0.007290,-0.430734,0.462146,0.080007,-0.216248,-0.807259,-0.037593,-0.728983,1.000000
-0.036191,-0.078714,0.061419,0.002588,-0.040649,0.009913,-0.488144,-0.530767,-0.203595,-0.000662,1.000000,0.259875,0.432759,0.025257
-0.036796,-0.075111,0.059522,0.001628,-0.040311,0.011852,-0.346952,-0.133571,-0.160939,-0.444587,-1.000000,-1.000000,0.315092,-0.964240
-0.037371,-0.071242,0.057288,0.000532,-0.039682,0.012900,-0.148078,0.099034,0.223080,-0.369381,0.566389,-1.000000,0.029238,-0.859693
-0.037810,-0.067713,0.055174,-0.000394,-0.039017,0.013203,-0.418205,0.241274,-0.622990,0.256374,-0.276411,1.000000,1.000000,-0.203114
-0.038188,-0.063921,0.052829,-0.001312,-0.038584,0.013527,0.116672,-0.357818,0.045298,-0.551499,-0.960515,-0.530589,-0.536040,-0.561241
-0.038449,-0.060463,0.050636,-0.002123,-0.038006,0.013705,-0.700646,0.264409,-0.167077,-0.494811,0.817235,-0.522024,-0.682864,1.000000
-0.038617,-0.056771,0.048265,-0.003090,-0.037408,0.013681,0.141363,-0.453613,-0.250385,-0.438299,-0.681388,1.000000,0.775439,-0.279209
-0.038677,-0.053414,0.046076,-0.003928,-0.036792,0.013681,-0.453036,0.227861,-0.156994,-0.434144,-0.054660,-0.693145,-0.339609,0.411335
-0.038601,-0.049846,0.043767,-0.005086,-0.036101,0.013321,-0.804972,0.197025,-0.209273,-0.378897,0.035805,-0.312357,-0.692114,0.802494
-0.038367,-0.046629,0.041748,-0.006541,-0.035393,0.012621,0.427672,-0.228458,-0.048350,-0.713045,-0.432708,-0.884318,0.542119,1.000000
-0.037986,-0.043221,0.039667,-0.007526,-0.034662,0.012004,0.052848,0.010854,0.086928,0.716062,1.000000,-1.000000,0.434786,-0.708997
-0.037557,-0.040124,0.037789,-0.008130,-0.034208,0.011742,-0.639874,0.373115,-0.880872,-0.602260,1.000000,-0.468105,0.352257,-1.000000
-0.036969,-0.036829,0.035849,-0.009140,-0.033684,0.011190,-0.393244,-0.321810,0.530583,-0.757895,-1.000000,0.561033,-0.856526,0.047302
-0.036272,-0.033889,0.034252,-0.010499,-0.032794,0.009985,-0.399501,-0.709729,1.000000,-0.380979,-0.357820,0.185393,0.309766,1.000000
-0.035322,-0.030836,0.032769,-0.012168,-0.031671,0.008549,0.001150,-0.036363,-0.502227,-0.874025,-0.554896,-1.000000,1.000000,-0.124515
-0.034227,-0.028164,0.031714,-0.014246,-0.030429,0.006597,-0.200801,0.456973,-0.465472,-0.490036,-1.000000,-0.980244,0.955483,-0.061390
-0.032814,-0.025414,0.030928,-0.016293,-0.029286,0.004533,0.888187,-0.360990,-0.573664,-0.339252,-0.019070,0.062662,0.741492,-0.377369
-0.031376,-0.022973,0.030453,-0.017565,-0.028466,0.002970,-0.409364,0.035305,0.536834,0.665403,0.217706,0.838465,0.874056,1.000000
-0.029777,-0.020371,0.030010,-0.017922,-0.028115,0.002555,-0.718267,0.126160,-0.318520,0.207257,0.466174,0.067705,-0.735829,0.985166
-0.028271,-0.017995,0.029640,-0.018196,-0.027841,0.002308,-0.566193,-0.431687,0.147070,0.166138,0.494529,-1.000000,-1.000000,-0.081631
-0.026599,-0.015447,0.029293,-0.018607,-0.027696,0.002005,-0.016702,-0.641281,0.040962,0.468440,0.385977,-0.012590,1.000000,0.240204
-0.025036,-0.013119,0.028999,-0.018776,-0.027430,0.001841,0.219186,0.038679,0.845325,0.458362,-1.000000,0.288430,0.897823,-0.999419
-0.023331,-0.010635,0.028734,-0.018854,-0.027053,0.001525,-0.878453,0.028245,0.055017,-0.349318,1.000000,0.044000,1.000000,-0.507129
-0.021719,-0.008371,0.028571,-0.019263,-0.026820,0.001018,-0.463775,-0.355785,-0.993926,0.204982,-0.180858,-0.686362,0.305765,-1.000000
-0.019931,-0.005940,0.028425,-0.019695,-0.026605,0.000844,0.349246,-0.784187,0.203331,0.199211,1.000000,-0.510161,-0.097956,-0.673096
-0.018254,-0.003730,0.028215,-0.019995,-0.026150,0.001313,-0.537382,-0.648810,0.822769,0.125264,-0.756628,-0.373210,1.000000,-0.684305
-0.016378,-0.001437,0.027948,-0.020663,-0.025036,0.001541,-0.800240,-0.086355,1.000000,-0.716542,-1.000000,-1.000000,0.500497,0.117188
-0.014563,0.000532,0.027856,-0.021609,-0.023388,0.000572,-0.198768,-0.011541,-0.308988,0.414402,1.000000,-0.019554,0.556248,-0.864057
-0.012539,0.002581,0.027846,-0.022232,-0.022504,0.000059,0.667375,-0.020512,-0.341666,-0.217799,-1.000000,1.000000,1.000000,-0.117097
-0.010653,0.004437,0.027833,-0.022458,-0.022086,0.000080,-0.958840,-0.205741,0.101456,1.000000,0.666073,0.570059,0.688089,0.436360
-0.008581,0.006421,0.027802,-0.022763,-0.021788,0.000179,-0.366435,-0.325050,0.960075,0.479751,0.082053,-1.000000,-1.000000,-1.000000
-0.006654,0.008175,0.027880,-0.022949,-0.020900,-0.000484,0.080171,-0.038283,0.675587,0.140722,1.000000,-0.712752,-0.226998,0.283390
-0.004567,0.009857,0.028380,-0.023081,-0.018605,-0.002888,-0.475813,-0.758543,0.841786,-0.201816,-0.523456,0.824404,1.000000,0.986760
-0.002576,0.011111,0.029375,-0.024075,-0.015097,-0.006220,-0.673497,-0.520296,-0.070095,0.240779,-0.048294,0.355183,0.213219,-0.722176
-0.000357,0.012257,0.030731,-0.024905,-0.012715,-0.007823,0.368819,-0.283498,-0.540632,0.203630,1.000000,-0.245275,0.253081,0.137932
0.001689,0.013198,0.031940,-0.024904,-0.011220,-0.007553,-0.148878,-0.554717,0.916855,0.780790,-0.306153,-1.000000,0.710264,-0.365589
0.003890,0.014017,0.033146,-0.024742,-0.008930,-0.006961,1.000000,-0.442168,0.095215,-0.381872,-1.000000,0.117300,1.000000,0.873005
0.005965,0.014549,0.034229,-0.025260,-0.006181,-0.006764,0.244835,-0.153203,0.773840,0.424150,-0.726916,-0.347911,1.000000,-0.473953
0.008267,0.014877,0.035426,-0.025901,-0.003360,-0.006908,0.510365,-0.289667,-0.358687,-0.013046,0.483323,-0.252086,-0.899583,-1.000000
0.010388,0.015048,0.036438,-0.025807,-0.001725,-0.006321,-0.429300,0.120640,0.265002,0.652158,0.150125,-0.518422,-0.244177,-0.260495
0.012619,0.015137,0.037399,-0.025013,-0.000627,-0.005543,0.211097,-0.489297,0.421833,0.198798,1.000000,0.986239,1.000000,-0.135380
0.014602,0.015127,0.038011,-0.023991,0.000405,-0.003834,-1.000000,-0.512667,-0.055685,1.000000,-0.330404,0.929951,0.584079,0.646066
0.016573,0.015089,0.038004,-0.021628,0.000409,0.000039,0.284065,0.127668,-0.395672,0.033100,0.617062,-1.000000,-1.000000,-0.076445
0.018198,0.015068,0.037339,-0.018975,-0.000161,0.004160,0.036895,-0.459454,-0.379441,0.560714,0.704691,-1.000000,0.739629,-0.220845
0.019745,0.015096,0.035617,-0.016104,-0.001393,0.009932,0.003313,-0.517776,0.507097,0.316759,-1.000000,-0.910047,0.786790,-0.454217
0.021005,0.015150,0.033100,-0.013601,-0.002503,0.015744,-0.136364,0.002963,-0.066092,0.132887,1.000000,0.421117,0.472966,0.286629
0.022159,0.015203,0.029614,-0.010863,-0.003120,0.020095,-0.724727,-0.051162,0.732789,0.662162,1.000000,-0.635769,0.192093,1.000000
0.022976,0.015200,0.025912,-0.007635,-0.003043,0.023145,0.438312,-0.067008,0.595803,-0.058578,0.762822,-0.587509,-0.291341,-0.297461
0.023646,0.015130,0.021626,-0.005139,-0.002652,0.024736,-0.234827,-0.146857,-0.406974,0.109877,1.000000,-1.000000,-0.476491,-1.000000
0.024115,0.015037,0.017439,-0.003240,-0.002604,0.026170,-0.442818,-0.466388,0.735851,-0.083638,-1.000000,-0.729229,0.286741,-0.528868
0.024466,0.014808,0.013115,-0.001636,-0.001103,0.024934,0.151604,0.357797,0.842019,-0.192131,-0.148854,1.000000,1.000000,1.000000
0.024668,0.014407,0.009700,-0.000529,0.001650,0.021357,-0.063198,-0.107594,-0.073564,-0.245409,-0.009492,-0.050630,1.000000,-1.000000
0.024807,0.013779,0.006626,-0.000019,0.004268,0.017723,0.145141,0.463928,0.613516,-0.332866,1.000000,-1.000000,-1.000000,-0.605480
0.024803,0.012948,0.004729,0.001020,0.008131,0.011864,-0.427557,0.043399,1.000000,0.161390,0.822346,1.000000,0.260519,-0.120734
0.024566,0.011718,0.004022,0.002921,0.012911,0.004077,-0.057920,0.274955,-0.294284,-0.724983,-0.109845,-1.000000,-0.426116,0.547238
0.024182,0.010400,0.004187,0.004497,0.015835,-0.001036,0.366573,0.072952,-0.094233,0.405199,0.270564,-1.000000,-1.000000,-1.000000
0.023657,0.008883,0.004830,0.005547,0.017217,-0.003709,-0.322165,-0.200182,-0.544419,0.110964,-0.480415,-0.707502,0.186085,0.637757
0.023133,0.007454,0.005596,0.005974,0.017692,-0.004786,-0.334702,-0.797009,0.153031,-0.333992,0.319084,0.750954,0.878278,-1.000000
0.022548,0.005874,0.006591,0.006179,0.018147,-0.005739,-0.660769,0.071667,0.046754,0.244111,0.518046,-0.163616,0.969727,0.497314
0.022007,0.004401,0.007623,0.006212,0.018411,-0.006455,0.171338,-0.057913,-0.214459,0.327044,-0.131441,-0.429546,1.000000,0.081075
0.021421,0.002811,0.008732,0.006264,0.018315,-0.006397,0.679008,0.488536,-0.651004,0.661835,0.310863,-0.561427,-0.269862,-0.697775
0.020870,0.001373,0.009633,0.006468,0.017843,-0.005629,-0.218159,-0.697550,-1.000000,-0.014602,0.560482,-0.310798,0.518192,-1.000000
0.020267,-0.000149,0.010464,0.006584,0.017319,-0.004793,0.309695,0.119636,-0.043827,0.140997,-1.000000,0.727333,-0.323537,0.780787
0.019705,-0.001529,0.011124,0.006698,0.016928,-0.004124,-0.574417,-0.047836,0.247661,-0.172224,-0.981405,-0.169173,0.555085,0.221444
0.019093,-0.003002,0.011751,0.006748,0.016617,-0.003620,0.415798,-0.186255,-0.721123,0.282170,0.237716,-0.530057,0.262003,-0.195176
0.018518,-0.004321,0.012152,0.006901,0.015998,-0.002505,0.249837,0.509707,-1.000000,0.521258,0.121084,-0.757469,1.000000,-1.000000
0.017873,-0.005682,0.012302,0.007110,0.015052,-0.000866,-0.011514,0.128304,0.468404,-0.272422,0.889841,-0.846036,-0.058941,0.153582
0.017264,-0.006912,0.012323,0.007244,0.014640,-0.000129,-0.204716,-0.611909,0.154714,0.096376,0.011036,0.078502,-1.000000,0.813164
0.016594,-0.008229,0.012252,0.007351,0.014437,0.000408,0.743430,0.339972,-0.593806,-0.291386,1.000000,-0.546635,0.962731,0.059276
0.015966,-0.009428,0.012029,0.007406,0.014134,0.001393,0.197352,0.553412,-0.932062,0.195772,1.000000,-1.000000,1.000000,-1.000000
0.015284,-0.010668,0.011529,0.007339,0.013356,0.002886,-0.217846,0.095085,-0.175652,0.001374,0.145033,0.343170,-1.000000,0.699030
0.014672,-0.011741,0.010812,0.006993,0.012359,0.004480,-0.528351,-0.343695,-0.971257,0.230253,-1.000000,1.000000,-1.000000,0.174753
0.014074,-0.012768,0.009549,0.006066,0.010652,0.007287,-0.920043,-0.010826,-0.640274,-0.402405,0.618782,-1.000000,0.514621,0.046518
0.013566,-0.013598,0.008014,0.005307,0.009073,0.009589,-0.676727,-0.190451,1.000000,0.598772,-0.514413,-1.000000,1.000000,1.000000
0.013024,-0.014450,0.006316,0.005152,0.008572,0.009799,-0.400955,0.345564,0.083101,-0.126582,0.722420,-1.000000,0.577679,-1.000000
0.012530,-0.015187,0.004751,0.005034,0.008006,0.009779,0.585381,0.677135,-0.961124,0.266660,-1.000000,-1.000000,0.946791,-1.000000
0.011996,-0.015892,0.003007,0.004954,0.006994,0.010067,0.363427,0.380494,0.060182,-0.052342,-0.846147,1.000000,-0.064161,0.791008
0.011515,-0.016447,0.001403,0.004778,0.005902,0.010023,-0.254626,0.020505,-0.662138,0.018040,0.018581,1.000000,0.336394,-0.458023
0.011008,-0.016921,-0.000468,0.004506,0.004458,0.010789,0.051131,0.102059,-0.675224,0.562816,0.362481,-1.000000,0.264536,-0.444561
0.010555,-0.017240,-0.002336,0.004196,0.003031,0.011670,-0.503745,0.382230,0.921741,-0.294210,-0.479753,-1.000000,-0.311658,0.569430
0.010094,-0.017510,-0.004269,0.003920,0.002267,0.011155,-0.353371,-0.052444,0.176688,-0.140663,0.504465,-0.400293,1.000000,-0.889132
0.009693,-0.017698,-0.005952,0.003669,0.001614,0.010526,-0.536008,0.113459,-1.000000,-0.044432,0.408902,1.000000,0.693789,-0.696991
0.009300,-0.017783,-0.007580,0.003324,0.000393,0.009395,-0.364992,1.000000,-0.018084,-0.063369,0.436932,0.476286,-0.938470,0.819369
0.008993,-0.017692,-0.008688,0.002918,-0.001470,0.006917,-0.664126,-0.227248,-0.297365,0.608914,-0.130643,-1.000000,-1.000000,1.000000
0.008734,-0.017452,-0.009559,0.002311,-0.002908,0.005027,-0.534305,-0.229771,0.403149,0.056883,1.000000,-1.000000,-0.428217,-0.423149
0.008575,-0.017128,-0.010073,0.001560,-0.004026,0.003216,-0.577797,-0.150961,0.156893,0.165605,-1.000000,-0.813426,1.000000,-0.428315
0.008496,-0.016697,-0.010360,0.000697,-0.004823,0.001657,0.111476,-0.371569,0.164178,-0.546012,-0.405993,0.047440,1.000000,-0.023501
0.008476,-0.016267,-0.010487,0.000163,-0.005162,0.000792,0.440990,0.482495,0.144641,-0.353060,1.000000,-0.383225,1.000000,-0.993955
0.008484,-0.015764,-0.010479,-0.000083,-0.005525,-0.000047,-0.535876,0.403928,0.516480,0.074750,1.000000,-0.032866,-0.456957,0.696016
0.008529,-0.015231,-0.010202,-0.000381,-0.006262,-0.001729,-0.418558,0.641766,-0.157848,-0.207403,-0.118710,-0.687920,-1.000000,0.831873
0.008640,-0.014556,-0.009563,-0.000884,-0.007229,-0.003686,-0.163224,-0.340199,-0.168478,0.072245,-0.004305,-1.000000,0.403965,-0.212252
0.008782,-0.013888,-0.008811,-0.001276,-0.007700,-0.004699,0.209777,-0.231436,0.411744,0.451461,0.370901,-1.000000,1.000000,-1.000000
0.008948,-0.013151,-0.007907,-0.001394,-0.007821,-0.005217,-0.199258,-0.437357,0.164200,-0.213786,1.000000,0.849234,1.000000,-0.479626
0.009113,-0.012462,-0.006994,-0.001509,-0.007898,-0.005710,-0.842122,-0.403674,-0.237391,0.638621,0.183686,-0.089446,0.292597,0.601974
0.009301,-0.011681,-0.005951,-0.001625,-0.008256,-0.006016,0.073294,0.507587,-0.755462,0.408414,0.099332,-1.000000,-0.503819,-1.000000
0.009446,-0.010911,-0.005086,-0.001240,-0.008182,-0.004989,0.161317,-0.418364,0.022996,0.693837,0.205106,-0.879884,0.408987,-0.556012
0.009533,-0.009986,-0.004429,-0.000774,-0.010783,-0.004108,-0.808195,-0.213469,0.147216,0.268929,-1.000000,-0.185638,1.000000,-1.000000
0.009572,-0.009050,-0.004044,-0.000315,-0.010997,-0.002403,0.476791,-0.257189,0.639978,-0.277093,-1.000000,0.752563,-0.741554,-0.181155
0.009578,-0.008013,-0.003736,0.000033,-0.011302,-0.001775,0.839924,-0.096880,0.271498,-0.201196,0.661833,-0.477411,1.000000,0.465682
0.009567,-0.007063,-0.003465,0.000203,-0.011207,-0.001699,0.546838,0.050650,-0.221128,-0.954244,-1.000000,-1.000000,1.000000,-0.249565
0.009550,-0.006043,-0.003180,0.000261,-0.011116,-0.001641,-0.218842,0.185610,-0.891435,0.699415,1.000000,-0.633889,-1.000000,0.561900
0.009519,-0.005101,-0.002963,0.000417,-0.011141,-0.001356,0.303115,-0.218317,0.904777,0.280850,0.560484,0.425663,0.154707,0.552594
0.009456,-0.004080,-0.002796,0.000718,-0.011166,-0.000964,-0.219924,-0.022934,-0.098602,0.242533,-0.053160,0.221047,0.993587,-1.000000
0.009368,-0.003130,-0.002729,0.001063,-0.011281,-0.000418,0.398574,-0.282947,-0.328941,0.119320,1.000000,-0.056698,-0.518535,0.760394
0.009233,-0.002103,-0.002774,0.001475,-0.011297,0.000259,0.357950,0.014236,0.202145,0.003686,0.697011,-0.040069,-0.416638,1.000000
0.009080,-0.001170,-0.002906,0.001814,-0.011161,0.000823,-0.098829,-0.478481,0.258478,-0.519683,-1.000000,0.206696,-0.259218,-0.206776
0.008908,-0.000172,-0.003079,0.001882,-0.011017,0.001000,-0.838272,-0.080360,-0.302056,-0.018602,0.792964,-0.191572,0.314202,-0.543072
0.008750,0.000738,-0.003234,0.001887,-0.010885,0.000967,-0.485837,-0.286066,1.000000,0.464387,-0.155092,-1.000000,0.877898,0.975419
0.008551,0.001688,-0.003320,0.002185,-0.010471,0.000497,0.109762,-0.064504,0.327151,0.232814,-0.722182,-0.370838,-0.229121,-1.000000
0.008324,0.002506,-0.003220,0.002697,-0.009705,-0.000628,-0.814744,-0.095417,0.674390,-0.436871,1.000000,0.021862,0.758137,-1.000000
0.008031,0.003298,-0.002780,0.003177,-0.008573,-0.002534,-0.075682,0.212479,-0.209341,-0.156079,-1.000000,-0.626870,0.012436,0.958216
0.007741,0.003990,-0.002238,0.003392,-0.008079,-0.003389,0.823241,-0.248017,-0.918855,-0.051309,1.000000,0.400500,-0.602747,1.000000
0.007429,0.004734,-0.001653,0.003344,-0.008011,-0.003374,-0.209011,-0.133431,-0.816252,0.209697,0.624963,-0.565576,0.259786,-0.614011
0.007124,0.005474,-0.001085,0.003263,-0.007998,-0.003283,0.035917,-0.227611,0.618442,-0.680945,0.500225,0.725421,-1.000000,-0.757718
0.006849,0.006146,-0.000562,0.003167,-0.007852,-0.003267,-0.333485,-0.781491,0.661320,-0.446400,0.471157,1.000000,1.000000,-0.310985
0.006583,0.006794,-0.000045,0.003040,-0.007583,-0.003227,-0.313295,-0.087336,-0.536752,-0.054338,0.116486,-1.000000,1.000000,0.509397
0.006315,0.007480,0.000489,0.002825,-0.007416,-0.003084,-0.295767,-0.115242,-0.752693,-0.557742,0.435677,-0.136825,-1.000000,-0.326733
0.006088,0.008098,0.000976,0.002566,-0.007246,-0.003044,0.604419,-0.143994,0.454499,-0.137706,1.000000,-0.196359,-0.383773,-0.969428
0.005866,0.008749,0.001489,0.002297,-0.007045,-0.002956,-0.195594,-0.543857,0.268617,-0.076426,0.111697,0.637085,1.000000,0.799040
0.005688,0.009326,0.001939,0.001966,-0.006775,-0.002817,-0.090624,-0.142845,0.524560,-0.298457,0.330308,-0.598245,0.547760,0.649824
0.005524,0.009913,0.002412,0.001658,-0.006351,-0.002729,-0.610693,-0.669800,0.152716,0.577357,1.000000,-0.065358,-0.317392,-1.000000
0.005415,0.010426,0.002780,0.001151,-0.006028,-0.002295,-0.226922,-0.077684,-0.826172,-0.549545,1.000000,0.117521,0.789284,-1.000000
0.005338,0.010967,0.003143,0.000715,-0.005880,-0.002093,-0.179306,0.094447,1.000000,0.012872,-0.642289,0.145753,1.000000,-0.498350
0.005275,0.011440,0.003549,0.000584,-0.005556,-0.002542,-0.054062,0.055023,0.149238,-0.223645,0.823710,-0.577596,0.155624,0.287495
0.005197,0.011928,0.004104,0.000642,-0.005261,-0.003201,-0.556543,0.354815,0.022653,0.400352,1.000000,0.665361,-0.536007,0.461073
0.005121,0.012370,0.004689,0.000648,-0.005152,-0.003659,0.079343,-1.000000,-0.385733,0.088503,1.000000,-0.370680,0.593101,-0.028649
0.005056,0.012843,0.005308,0.000445,-0.005086,-0.003569,0.427794,0.229893,-0.373466,-0.240289,-0.033463,-0.903871,0.709135,-0.543221
0.005006,0.013272,0.005866,0.000333,-0.004998,-0.003489,0.732526,-0.105439,0.631119,0.212563,1.000000,-1.000000,0.382799,-1.000000
0.004954,0.013723,0.006445,0.000300,-0.004854,-0.003337,0.283587,0.202978,-0.894648,0.570161,0.010509,0.470320,-0.148989,0.109682
0.004902,0.014138,0.006868,0.000409,-0.004862,-0.002642,0.409324,-0.046142,-0.574371,0.605143,-0.043240,0.123343,-0.007486,1.000000
0.004820,0.014599,0.007140,0.000760,-0.005020,-0.001570,-0.632418,-0.035271,0.901990,0.106224,0.344630,0.105520,-0.104272,1.000000
0.004702,0.015047,0.007245,0.001348,-0.005316,-0.000656,-0.012558,-0.228513,0.346156,0.618102,0.241642,-1.000000,0.126365,0.245805
0.004475,0.015560,0.007119,0.002567,-0.005661,0.000726,0.390275,-0.657775,0.128391,0.440752,0.269337,-1.000000,0.014687,0.279414
0.004158,0.016050,0.006728,0.003998,-0.005893,0.002439,0.172198,-0.189649,0.118389,0.053834,1.000000,0.877692,0.432527,-0.621289
0.003736,0.016607,0.006030,0.005019,-0.006223,0.004032,-0.373894,-0.187073,-0.310485,0.012027,-1.000000,0.262488,0.878620,-0.415597
0.003304,0.017144,0.005164,0.005691,-0.006523,0.005411,0.541025,-0.414162,0.414940,0.128887,0.736171,-1.000000,-1.000000,-0.004702
0.002778,0.017716,0.004062,0.006421,-0.006408,0.006355,-0.066192,0.101235,0.704092,-0.093484,1.000000,0.021023,1.000000,-0.162278
0.002215,0.018187,0.003170,0.007300,-0.005702,0.005579,-0.789453,0.003294,0.736544,-0.356970,1.000000,-1.000000,0.795954,-0.418293
0.001489,0.018586,0.002590,0.008339,-0.004430,0.003344,-0.022669,0.084326,0.074284,-0.006900,-0.240201,-0.781907,-0.837610,0.156886
0.000756,0.018903,0.002249,0.008962,-0.003786,0.002132,0.000812,0.285349,-1.000000,0.022375,1.000000,0.467768,-0.106407,-0.394153
-0.000038,0.019242,0.001899,0.008953,-0.003742,0.002018,-0.341406,-0.155909,-0.174375,-0.602336,-0.549159,1.000000,1.000000,-0.140221
-0.000762,0.019552,0.001598,0.008845,-0.003690,0.001885,0.425440,-0.180353,0.396487,-0.116740,0.743517,-0.701573,-1.000000,0.909286
-0.001544,0.019876,0.001292,0.008799,-0.003548,0.001767,0.631122,-0.378954,-0.044959,-0.297985,0.134351,-1.000000,-1.000000,-0.342034
-0.002255,0.020163,0.000999,0.008684,-0.003400,0.001828,-0.567875,-0.029360,-0.720692,-0.526690,-1.000000,-0.515881,1.000000,-1.000000
-0.003008,0.020464,0.000703,0.008479,-0.003287,0.001710,-0.074113,-0.049759,0.895103,-0.487957,-1.000000,1.000000,1.000000,-1.000000
-0.003688,0.020724,0.000482,0.008264,-0.003067,0.001379,-0.251137,-0.573547,-0.363554,-0.181645,-0.332684,0.478744,1.000000,-0.287857
-0.004404,0.020993,0.000261,0.008026,-0.002929,0.001276,0.712225,0.343496,-0.144435,0.575760,1.000000,-0.397310,-0.716478,1.000000
-0.005050,0.021232,0.000031,0.007869,-0.002810,0.001435,0.167703,-0.559595,-0.567684,-0.480040,0.602427,-1.000000,0.058072,1.000000
0.339775,0.289440,0.961894,0.000000,-0.000000,0.000001,0.000000,0.000000,0.000000,0.000000,0.000000,0.000000,0.000000,0.000000
0.339781,0.289425,0.961880,0.000100,0.000006,0.000103,1.000000,-1.000000,-1.000000,1.000000,0.408739,-1.000000,-0.968248,0.348224
0.339827,0.289266,0.961734,0.001024,0.000034,0.000913,1.000000,-1.000000,-1.000000,1.000000,-1.000000,0.977833,-0.237396,-0.059453
0.340048,0.288598,0.961107,0.003833,-0.000016,0.003616,0.880120,-1.000000,-1.000000,1.000000,-1.000000,-0.199267,0.075592,0.895549
0.340649,0.287063,0.959646,0.008578,-0.000358,0.009138,1.000000,-1.000000,-1.000000,1.000000,-1.000000,-1.000000,1.000000,-0.120820
0.342195,0.283745,0.956456,0.014442,-0.001209,0.018407,0.264882,-1.000000,-1.000000,1.000000,-1.000000,-0.728838,-1.000000,0.521018
0.344644,0.278804,0.951805,0.019762,-0.001051,0.029065,0.750912,-1.000000,-1.000000,1.000000,-1.000000,0.043508,-1.000000,-1.000000
0.348360,0.271315,0.944859,0.025096,-0.001063,0.040058,0.710544,-1.000000,-1.000000,1.000000,-1.000000,-1.000000,-0.934609,0.271551
0.352390,0.262546,0.937046,0.030063,0.001623,0.048857,0.388206,-1.000000,-1.000000,1.000000,-1.000000,-1.000000,1.000000,0.468060
0.357578,0.250604,0.926815,0.033691,0.005302,0.059001,0.276293,-1.000000,-1.000000,1.000000,-1.000000,-0.501098,0.118325,-0.586764
0.363290,0.236926,0.915373,0.036506,0.007920,0.071579,0.595093,-1.000000,-1.000000,1.000000,-0.586789,1.000000,-1.000000,0.129989
0.369406,0.220449,0.902050,0.038222,0.011728,0.076825,1.000000,-1.000000,-1.000000,1.000000,-1.000000,-1.000000,-0.391688,0.671906
0.374050,0.204896,0.890146,0.039726,0.018902,0.074350,0.083535,-1.000000,-1.000000,1.000000,-1.000000,-1.000000,-0.370451,0.937849
0.377762,0.188011,0.878256,0.040444,0.030470,0.068614,0.297721,-1.000000,-1.000000,1.000000,-1.000000,-0.935069,0.513683,0.317554
0.380138,0.172381,0.868290,0.039586,0.044226,0.062304,0.226109,-0.966605,-0.774371,1.000000,-1.000000,-1.000000,0.645666,0.960022
0.381644,0.155746,0.858879,0.037623,0.058463,0.054289,1.000000,-0.458879,-1.000000,1.000000,-0.032583,-0.571169,0.052562,0.487616
0.381910,0.141688,0.852216,0.034669,0.071916,0.041677,0.843534,-1.000000,-1.000000,1.000000,0.825427,0.290553,-0.128881,1.000000
0.381089,0.128418,0.847787,0.030249,0.087189,0.025523,-0.221846,-1.000000,-1.000000,1.000000,0.408523,-1.000000,-0.727357,1.000000
0.379471,0.117603,0.846248,0.026627,0.106928,0.009628,0.305620,-0.841188,-1.000000,1.000000,-0.409266,-1.000000,-0.434396,-1.000000
0.376743,0.107401,0.847320,0.025584,0.126035,-0.006176,0.978520,-1.000000,-1.000000,1.000000,-0.913457,-1.000000,0.316606,-0.849440
0.373379,0.099782,0.850843,0.025603,0.140170,-0.022004,1.000000,-0.563103,-1.000000,1.000000,-1.000000,-0.643214,0.969448,-0.921488
0.369162,0.093555,0.857206,0.023630,0.150384,-0.036747,0.165821,-0.276785,-1.000000,1.000000,-0.596901,0.338701,0.199581,1.000000
0.365194,0.089628,0.865450,0.016909,0.160136,-0.051510,0.703614,-0.589015,-1.000000,1.000000,-1.000000,-1.000000,-0.384303,0.554689
0.360895,0.087931,0.877506,0.007073,0.169879,-0.069547,0.319991,-0.536235,-1.000000,1.000000,0.580193,0.339334,-1.000000,0.240944
0.356980,0.088319,0.891066,-0.001866,0.177535,-0.084811,0.534197,-0.383691,-1.000000,1.000000,-0.800015,-1.000000,-0.031475,0.225446
0.352682,0.090919,0.908145,-0.010458,0.180286,-0.098466,1.000000,-0.868615,-1.000000,1.000000,-0.273249,-1.000000,-0.519996,-1.000000
0.348325,0.095811,0.926314,-0.016721,0.179548,-0.113568,1.000000,-0.435466,-1.000000,1.000000,-0.670144,-0.039938,-1.000000,-0.771718
0.342948,0.104459,0.949113,-0.026073,0.176179,-0.131518,1.000000,-0.591461,-1.000000,1.000000,-1.000000,-1.000000,-1.000000,1.000000
0.337029,0.115994,0.973502,-0.036704,0.171566,-0.152456,0.652538,-1.000000,-1.000000,1.000000,-0.382196,0.082456,0.022093,-0.684637
0.329364,0.131468,-0.997384,-0.047626,0.162726,-0.167787,0.951673,-1.000000,-1.000000,1.000000,-1.000000,-1.000000,-0.259902,-1.000000
0.320825,0.148113,-0.968428,-0.056809,0.151779,-0.181221,1.000000,-0.883586,-1.000000,1.000000,-1.000000,-1.000000,-0.086723,-1.000000
0.309854,0.168125,-0.935331,-0.067381,0.137137,-0.190844,0.202420,0.279332,1.000000,0.830167,-0.685433,1.000000,1.000000,0.830370
0.297878,0.188164,-0.903403,-0.076394,0.120774,-0.199582,0.130711,0.741881,1.000000,1.000000,-0.579924,1.000000,1.000000,-0.996791
0.282143,0.211495,-0.867624,-0.079682,0.097740,-0.206421,1.000000,0.715763,1.000000,1.000000,1.000000,-1.000000,0.399851,-0.172117
0.264240,0.234443,-0.833487,-0.075691,0.071896,-0.213436,1.000000,0.082335,1.000000,1.000000,-0.183258,0.055679,-0.632887,-0.746252
0.240741,0.259974,-0.795749,-0.066866,0.044797,-0.217668,0.738919,-0.090908,1.000000,1.000000,1.000000,-0.780221,-0.457074,-0.387680
0.215038,0.283149,-0.760610,-0.052425,0.021006,-0.219601,0.391975,-0.742880,1.000000,1.000000,0.318644,1.000000,0.523804,0.075841
0.182263,0.306749,-0.722077,-0.032861,0.003250,-0.222278,1.000000,-0.699792,1.000000,1.000000,-0.348993,0.294582,-0.154161,1.000000
0.147152,0.326119,-0.686085,-0.007920,-0.009090,-0.225091,1.000000,-0.553488,1.000000,1.000000,1.000000,-1.000000,0.486314,-1.000000
0.104056,0.343201,-0.647022,0.022729,-0.016726,-0.225299,1.000000,-1.000000,0.624801,1.000000,0.117751,-1.000000,0.299327,0.288870
0.059537,0.354096,-0.610719,0.056987,-0.015262,-0.226902,0.975768,-1.000000,1.000000,1.000000,1.000000,0.531067,0.400358,0.276652
0.006339,0.358975,-0.570837,0.093208,-0.002368,-0.230115,1.000000,-1.000000,1.000000,0.565573,0.347920,0.473837,0.460925,0.468886
-0.047082,0.355540,-0.532925,0.127645,0.019590,-0.236940,0.572607,-1.000000,0.775398,0.372334,-0.492189,-1.000000,0.204898,0.488974
-0.108759,0.341618,-0.489826,0.155037,0.047371,-0.248542,0.853636,-1.000000,-0.307370,-0.020652,-0.816919,-0.378752,-0.664652,1.000000
-0.166114,0.318733,-0.448829,0.171234,0.072487,-0.256337,0.564331,-1.000000,-1.000000,-1.000000,0.377482,0.053436,0.391040,0.779239
-0.224214,0.284532,-0.405068,0.175637,0.092597,-0.252422,0.392479,-1.000000,-1.000000,-0.876215,-0.212764,-0.943310,0.042520,-0.662955
-0.275707,0.242964,-0.363065,0.176020,0.105507,-0.242503,-0.187244,-1.000000,-1.000000,-1.000000,-0.744143,-1.000000,-0.964297,0.296405
-0.316846,0.199433,-0.325623,0.172796,0.112928,-0.233761,0.335508,-1.000000,-1.000000,-1.000000,-1.000000,-0.744556,1.000000,1.000000
-0.351707,0.151824,-0.289067,0.167868,0.118949,-0.228559,0.222318,-1.000000,-1.000000,-1.000000,-1.000000,-1.000000,1.000000,0.089524
-0.381987,0.096851,-0.250450,0.159170,0.124035,-0.222703,0.132627,-0.953489,-1.000000,-1.000000,-0.920715,-0.303521,-0.207472,-0.932759
-0.402619,0.044633,-0.216207,0.148151,0.126750,-0.214074,-0.285941,-0.862600,-1.000000,-1.000000,-0.720906,-0.766334,-0.446473,1.000000
-0.417246,-0.011559,-0.181216,0.133620,0.129153,-0.201853,-0.452580,-0.583091,-1.000000,-1.000000,-0.850912,-1.000000,0.959724,0.023124
-0.424320,-0.061268,-0.151432,0.118856,0.128312,-0.186228,-0.002578,-0.360091,-1.000000,-1.000000,-0.214707,-0.521910,-0.106041,0.329177
-0.426184,-0.111470,-0.122157,0.101944,0.126180,-0.168766,0.617062,-0.409215,-1.000000,-0.525251,-1.000000,-0.914795,0.050262,-0.215803
-0.423397,-0.154590,-0.097307,0.085810,0.121742,-0.155378,-0.030469,-0.215048,-1.000000,-1.000000,-1.000000,-1.000000,-0.143427,0.043897
-0.416114,-0.197902,-0.072358,0.067244,0.116855,-0.143906,-0.416350,-0.052403,-1.000000,-0.783937,-1.000000,-0.761195,1.000000,-0.156698
-0.406144,-0.234318,-0.051238,0.048442,0.110309,-0.132067,-0.476259,-0.020333,-1.000000,-0.807569,-0.077835,-0.989078,1.000000,-0.970270
-0.392308,-0.270172,-0.030069,0.028935,0.103095,-0.122121,-0.698384,-0.523058,-1.000000,-1.000000,-0.011469,-1.000000,-1.000000,0.023461
-0.376913,-0.300447,-0.011698,0.010030,0.096368,-0.114810,-0.127242,0.044303,-1.000000,-0.440399,-1.000000,-0.692217,-0.387645,0.552715
-0.357870,-0.330102,0.006940,-0.008960,0.089155,-0.107526,0.420140,0.684814,-1.000000,0.078497,-1.000000,-1.000000,1.000000,-1.000000
-0.338663,-0.354426,0.022903,-0.026294,0.080950,-0.099781,-0.620194,0.505530,-1.000000,-0.467521,-1.000000,-0.986831,0.829967,-1.000000
-0.316677,-0.377475,0.038796,-0.042583,0.072387,-0.091667,0.027047,-0.348265,-1.000000,-0.255519,-1.000000,0.061361,-0.212735,0.568658
-0.295984,-0.395719,0.052039,-0.056192,0.064292,-0.082782,-0.049367,-0.080458,-1.000000,1.000000,-0.462763,0.066094,0.367084,1.000000
-0.274317,-0.411985,0.064423,-0.066515,0.055537,-0.071475,0.305014,-0.074332,-1.000000,0.316094,-0.041854,-1.000000,1.000000,0.584455
-0.255537,-0.423985,0.073966,-0.075069,0.047159,-0.059623,0.329769,0.157412,-1.000000,1.000000,0.655376,-1.000000,-0.274585,-0.824900
-0.236401,-0.434413,0.082557,-0.083506,0.040503,-0.049554,0.134075,1.000000,-1.000000,1.000000,0.899304,-0.937284,-0.626480,-0.099989
-0.219906,-0.442059,0.088988,-0.091318,0.035220,-0.040196,-0.112261,0.666331,-1.000000,0.958843,-0.447838,-1.000000,0.655658,-0.238025
-0.203909,-0.448237,0.094078,-0.097792,0.029874,-0.029359,0.441084,0.778454,-1.000000,1.000000,-0.638317,-0.466853,-0.029205,0.355813
-0.190790,-0.452473,0.097256,-0.102808,0.026467,-0.019866,0.627973,0.335748,-1.000000,1.000000,1.000000,0.125447,-0.514864,0.894145
-0.177816,-0.456212,0.099592,-0.106013,0.025825,-0.013473,-0.228492,1.000000,-1.000000,1.000000,-1.000000,-1.000000,-0.938599,1.000000
-0.166670,-0.459371,0.101014,-0.108458,0.028224,-0.008893,0.501146,0.351307,-1.000000,0.860103,0.523164,-1.000000,-0.379597,-1.000000
-0.156116,-0.462402,0.101456,-0.108896,0.030746,-0.002551,-0.319266,0.751721,-0.566697,1.000000,-1.000000,0.484353,1.000000,-0.271344
-0.149009,-0.464249,0.100046,-0.109068,0.030301,0.008823,-0.229644,0.994503,-1.000000,1.000000,-0.623313,0.968931,0.897630,-0.353218
-0.145198,-0.464607,0.095804,-0.109632,0.026192,0.024453,-0.221318,1.000000,-1.000000,1.000000,-1.000000,-0.875011,-0.592570,-0.746435
-0.145162,-0.463431,0.089387,-0.111571,0.021964,0.040106,0.023641,0.879180,-1.000000,1.000000,0.702618,-0.833643,-0.510097,0.958836
-0.148140,-0.460822,0.080161,-0.114222,0.019701,0.053237,0.448038,0.818828,-0.667220,0.293863,0.361294,-1.000000,0.155066,-1.000000
-0.154241,-0.456684,0.069001,-0.118582,0.015927,0.069750,-0.047665,1.000000,0.103983,0.995431,0.321168,0.059755,-0.921128,-1.000000
-0.163492,-0.450318,0.054652,-0.122797,0.011535,0.082803,0.139868,1.000000,-0.419358,0.983495,0.053968,-0.050445,-0.424875,0.062945
-0.173275,-0.443132,0.040188,-0.125062,0.008388,0.090416,-0.579836,1.000000,1.000000,0.344878,-1.000000,-1.000000,0.291290,0.618157
-0.185306,-0.434025,0.023209,-0.124659,0.008367,0.097911,-0.737522,1.000000,0.707957,0.580647,1.000000,-1.000000,-0.215334,0.261330
-0.197667,-0.424412,0.006392,-0.122693,0.009273,0.105167,0.126521,1.000000,1.000000,0.766179,1.000000,0.647081,0.308422,-1.000000
-0.212453,-0.412188,-0.013162,-0.119677,0.007818,0.112753,-0.896616,1.000000,1.000000,0.157484,1.000000,-0.867376,1.000000,-0.649583
-0.227272,-0.398796,-0.032608,-0.118468,0.004139,0.121545,-0.493163,1.000000,1.000000,0.333475,0.621279,0.577861,-0.108423,-0.620073
-0.243495,-0.382059,-0.054563,-0.117852,-0.001383,0.126713,0.178453,1.000000,1.000000,-0.027974,1.000000,1.000000,0.406854,-0.545827
-0.257012,-0.365372,-0.074481,-0.117739,-0.008484,0.124381,-0.846567,1.000000,0.765352,-0.362179,0.572600,-0.101731,1.000000,-1.000000
-0.268149,-0.347620,-0.094029,-0.118746,-0.014168,0.112813,-1.000000,1.000000,0.726452,-0.849703,1.000000,-0.344612,-1.000000,-0.153215
-0.274121,-0.333023,-0.108906,-0.118818,-0.020116,0.093021,-0.028584,1.000000,0.913024,-0.901669,0.298119,0.112172,0.127354,-1.000000
-0.275572,-0.320401,-0.120557,-0.115950,-0.026021,0.067217,-0.191287,1.000000,1.000000,-0.782055,0.811654,-0.638381,1.000000,0.402169
-0.272460,-0.312193,-0.126757,-0.110749,-0.033104,0.038763,-0.483100,1.000000,0.900499,-0.515272,1.000000,0.823786,-0.190063,-1.000000
-0.264699,-0.306775,-0.128420,-0.103148,-0.043842,0.009588,-1.000000,1.000000,-0.279064,-0.773014,1.000000,-0.342962,-0.262578,-0.744438
-0.253648,-0.304595,-0.125229,-0.094804,-0.057360,-0.019938,0.064715,1.000000,1.000000,-0.195209,0.767042,-0.374444,0.465718,1.000000
-0.237678,-0.305072,-0.116375,-0.081289,-0.070959,-0.051069,0.710397,0.688245,0.068746,0.473279,-0.914813,0.056151,-0.096630,0.183924
-0.219812,-0.307071,-0.103821,-0.067293,-0.084943,-0.078460,-0.050640,0.188537,-0.699394,0.219098,0.679435,-1.000000,-1.000000,-0.970787
-0.197336,-0.309710,-0.086240,-0.057018,-0.099185,-0.101413,0.367469,-0.212837,-0.447708,0.633759,-0.906032,-1.000000,-1.000000,-0.017524
-0.174140,-0.311763,-0.066905,-0.048004,-0.111404,-0.120873,0.579854,-0.030359,0.124937,0.684814,-0.484903,-0.128240,0.716920,1.000000
-0.147561,-0.312819,-0.043620,-0.036550,-0.119057,-0.134303,1.000000,-1.000000,-1.000000,0.460023,-1.000000,-1.000000,1.000000,0.192746
-0.123472,-0.312120,-0.021667,-0.025980,-0.120580,-0.137266,0.684270,-1.000000,-1.000000,1.000000,0.117023,-1.000000,0.183449,-1.000000
-0.099383,-0.309374,0.001359,-0.013264,-0.119231,-0.132796,0.650473,-0.451538,-1.000000,0.712026,-0.292074,-1.000000,1.000000,0.138725
-0.079496,-0.305236,0.021576,-0.000598,-0.116988,-0.126409,-0.078782,-0.688470,-1.000000,0.353523,-1.000000,-0.504705,1.000000,0.272516
-0.060492,-0.299398,0.042304,0.011285,-0.113867,-0.119560,-0.049883,-0.850279,-0.838068,0.642826,-0.863034,-1.000000,-0.285605,0.796107
-0.045554,-0.292989,0.060079,0.022225,-0.110948,-0.111119,0.962745,-0.774033,-1.000000,1.000000,-0.071991,-0.849929,0.555448,-0.283266
-0.033277,-0.284927,0.076842,0.035243,-0.110444,-0.096666,0.707587,-1.000000,-0.913667,1.000000,-1.000000,-1.000000,0.324846,-1.000000
-0.026408,-0.276441,0.089085,0.048974,-0.113806,-0.076561,0.311819,-0.845944,-0.823848,1.000000,-1.000000,-1.000000,0.144332,-1.000000
-0.023799,-0.266302,0.098469,0.061010,-0.118653,-0.054139,-0.654984,-0.972734,-1.000000,-0.381785,-0.697304,-1.000000,0.662697,0.368248
-0.025117,-0.256341,0.103759,0.068369,-0.122790,-0.033043,-0.268594,-1.000000,-1.000000,0.290878,-0.772050,0.022278,0.593795,-0.297479
-0.030215,-0.244838,0.105681,0.073119,-0.128147,-0.011104,0.172262,-0.550702,-0.939069,-0.430572,-0.792217,-1.000000,1.000000,0.316092
-0.037307,-0.233573,0.104569,0.074176,-0.132722,0.006949,-0.437939,-0.510837,-0.161622,-0.653011,-1.000000,-0.767992,0.206718,-0.742278
-0.046625,-0.220851,0.100817,0.072190,-0.134842,0.021655,-0.176661,-0.899792,-0.361557,-1.000000,-1.000000,0.299764,1.000000,-0.994696
-0.056292,-0.208728,0.095305,0.069623,-0.134264,0.034432,0.414648,-0.136349,0.249499,-0.890488,-0.739172,0.105309,0.994830,0.038713
-0.067267,-0.195295,0.087771,0.066490,-0.132317,0.043460,-1.000000,0.061893,-0.040125,-1.000000,-1.000000,-0.397415,0.770011,-0.854757
-0.077324,-0.182673,0.079913,0.062592,-0.129803,0.049120,-0.559240,0.167205,-0.309460,-1.000000,1.000000,-1.000000,-0.486863,0.262203
-0.087551,-0.168928,0.071113,0.057213,-0.126776,0.050763,-0.454034,0.049995,0.912852,-1.000000,0.553712,0.194991,0.734009,0.463789
-0.095965,-0.156447,0.063308,0.051173,-0.122443,0.048793,-0.145981,-0.219152,0.351196,-1.000000,0.140474,-0.461977,0.614447,0.652111
-0.103743,-0.143338,0.055508,0.043647,-0.117667,0.044984,-0.572732,-0.266745,0.689086,-1.000000,-0.432605,-1.000000,-0.314757,-1.000000
-0.109519,-0.131893,0.049289,0.035672,-0.111800,0.038870,-0.467816,-0.014619,-0.073130,-1.000000,0.082682,0.672861,0.189103,-1.000000
-0.114162,-0.120548,0.044042,0.027285,-0.104616,0.030266,-0.660301,0.003212,0.179191,-1.000000,-0.856669,1.000000,1.000000,-0.817541
-0.116998,-0.111247,0.040781,0.019136,-0.096732,0.020385,-0.017579,-0.612015,0.251733,-1.000000,1.000000,-0.479131,0.582993,1.000000
-0.118617,-0.102352,0.038863,0.010451,-0.090004,0.011067,-0.568978,-0.031285,0.097956,-1.000000,0.785109,-0.073099,-0.409393,1.000000
-0.118874,-0.095151,0.038507,0.001697,-0.084142,0.002225,-0.274083,-0.344900,-0.009255,-1.000000,1.000000,-1.000000,-0.567027,-1.000000
-0.117912,-0.088603,0.039820,-0.006251,-0.077341,-0.007577,-1.000000,-0.605963,-0.297482,-0.682860,-0.217475,-1.000000,-0.451539,-0.936045
-0.115977,-0.083806,0.042642,-0.013619,-0.069508,-0.017640,0.685539,-0.169574,0.738823,-0.912637,-0.499738,0.536337,1.000000,0.457630
-0.112864,-0.079760,0.047338,-0.020483,-0.063148,-0.027083,-0.133806,-0.533629,-0.298984,-0.516309,-1.000000,-0.432135,1.000000,-0.069463
-0.109151,-0.076911,0.052980,-0.027174,-0.057614,-0.035283,1.000000,-0.667959,-0.827349,-0.162747,-0.021940,-0.497885,-1.000000,-0.401761
-0.104425,-0.074711,0.060283,-0.032224,-0.051453,-0.042122,-0.396172,-0.839153,-0.961514,-0.114981,-0.498051,0.373081,-0.657506,-0.509395
-0.099624,-0.073275,0.067528,-0.036600,-0.045171,-0.045289,0.136851,-0.992582,-0.840790,-0.297033,-0.354655,0.290583,0.735140,0.152350
-0.094136,-0.071962,0.074969,-0.041192,-0.039809,-0.042937,-0.880427,-0.902338,-0.546895,-0.030021,-1.000000,-1.000000,1.000000,0.576542
-0.089053,-0.070670,0.080610,-0.045141,-0.035089,-0.035248,0.898479,-0.992589,-0.536713,0.250240,0.521812,0.201587,0.333188,0.205191
-0.083000,-0.068607,0.084843,-0.048612,-0.030857,-0.021160,1.000000,-0.905467,-1.000000,0.919724,1.000000,-0.755187,1.000000,-1.000000
-0.079343,-0.066813,0.085399,-0.050528,-0.027708,-0.004169,0.182378,-0.845310,-1.000000,0.547587,0.273686,-0.765294,-0.868782,0.155888
-0.075065,-0.063982,0.083171,-0.052115,-0.024981,0.012848,-0.092103,-0.365526,-0.367199,-0.243496,-0.286265,-0.499304,0.214333,-0.067200
-0.070612,-0.060470,0.077393,-0.053388,-0.020385,0.028915,-0.264319,0.040150,1.000000,0.158952,-1.000000,-0.890841,1.000000,-1.000000
-0.067282,-0.057830,0.071461,-0.052908,-0.015630,0.037069,0.551380,0.105706,-0.023740,0.092071,0.107878,1.000000,0.667396,-0.400189
-0.063808,-0.055129,0.064039,-0.052799,-0.012281,0.042825,0.632761,-0.588430,-1.000000,0.062133,0.210761,1.000000,-0.549213,-1.000000
-0.060679,-0.052768,0.056471,-0.052623,-0.009854,0.047288,-0.263040,0.644248,0.521767,-0.111583,0.042174,-1.000000,-0.352190,0.804675
-0.057289,-0.050451,0.048127,-0.052239,-0.007786,0.048153,-0.775673,0.421174,1.000000,-0.371597,0.182597,-0.353987,-0.033931,0.411024
-0.054133,-0.048546,0.040468,-0.051787,-0.006093,0.047830,0.064626,0.304281,0.040657,-0.009742,1.000000,0.712021,-0.136655,0.707204
-0.050691,-0.046724,0.032260,-0.051412,-0.004505,0.047386,0.105013,0.536275,-0.049125,-0.389774,1.000000,-1.000000,1.000000,-1.000000
-0.047495,-0.045266,0.024801,-0.050909,-0.003075,0.046608,-0.483519,0.791667,0.892093,-0.727332,1.000000,-0.491707,-1.000000,0.512717
-0.044020,-0.043961,0.017025,-0.050176,-0.001437,0.044859,0.786227,0.368853,0.942865,-0.191298,0.091801,0.803190,0.813140,-0.248931
-0.040825,-0.043023,0.010219,-0.049049,0.000157,0.042489,-0.727804,0.102078,-0.279857,0.624453,0.590672,-1.000000,0.372864,-0.104736
-0.037385,-0.042245,0.003236,-0.048103,0.001400,0.040321,0.566144,0.578197,0.412865,0.216802,-0.058697,-0.119634,-0.882583,0.315523
-0.034256,-0.041777,-0.002514,-0.046274,0.002556,0.035948,-0.198315,0.676064,1.000000,0.363578,0.092800,-0.205589,1.000000,-0.433611
-0.030943,-0.041723,-0.007388,-0.043395,0.005222,0.028120,-0.680947,-0.196956,1.000000,0.192019,-0.250772,-0.287062,0.457663,-0.050828
-0.027964,-0.042049,-0.010782,-0.040714,0.007832,0.021200,0.149749,0.246309,-0.934626,0.445316,-0.334352,-0.631876,-1.000000,1.000000
-0.024831,-0.042607,-0.013594,-0.038496,0.008869,0.016219,0.505740,0.473257,1.000000,0.047585,0.126402,1.000000,1.000000,-0.134326
-0.022037,-0.043455,-0.014833,-0.035245,0.011249,0.007747,-1.000000,0.238659,1.000000,-0.755357,0.700907,-0.315210,-0.594924,-1.000000
-0.019145,-0.044722,-0.014401,-0.031152,0.013598,-0.002493,0.099024,0.595437,-0.163789,0.532985,-0.397810,-1.000000,-1.000000,0.509986
-0.016571,-0.045947,-0.012769,-0.027885,0.013412,-0.010192,0.475309,0.356353,-0.682066,0.572292,0.613159,0.806804,0.800531,0.907939
-0.013849,-0.047168,-0.010260,-0.025940,0.012006,-0.014476,0.155058,-0.257562,-0.689684,-0.230493,0.366664,-0.815128,-0.008217,0.965144
-0.011385,-0.048189,-0.007648,-0.024717,0.010819,-0.016331,-0.349966,-0.138568,-0.156045,1.000000,0.258392,-0.502945,-0.742065,0.408801
-0.008850,-0.049213,-0.004758,-0.023036,0.010138,-0.016664,0.366202,-0.339935,-1.000000,0.510262,0.373985,-1.000000,-1.000000,-0.343368
-0.006669,-0.050082,-0.002209,-0.021287,0.009521,-0.015943,-0.190215,0.142737,-0.889480,0.074517,0.736941,-1.000000,1.000000,-0.512421
-0.004481,-0.050937,0.000381,-0.019548,0.008818,-0.014933,-0.142554,-0.095302,0.654510,0.460798,-0.625591,-0.001817,0.457464,1.000000
-0.002656,-0.051672,0.002602,-0.017503,0.008392,-0.013887,-0.118361,-0.123525,1.000000,0.219111,0.650011,0.226302,-0.658369,-0.838867
-0.000925,-0.052388,0.004730,-0.015224,0.007688,-0.012276,0.330741,0.296826,-1.000000,0.458679,1.000000,0.865252,-0.016668,-0.607536
0.000323,-0.052946,0.006287,-0.011814,0.006599,-0.009731,0.305059,0.481175,-0.979391,1.000000,-0.563507,-1.000000,1.000000,1.000000
0.001136,-0.053466,0.007423,-0.006854,0.005727,-0.006551,-0.136867,-0.086667,-0.674860,0.535486,-0.515883,-0.337237,-1.000000,0.359284
0.001381,-0.053901,0.007923,-0.001911,0.005198,-0.003126,-0.688283,-0.295908,-0.016982,0.255258,0.594452,-0.551850,-0.753460,-0.886340
0.001149,-0.054291,0.007812,0.002342,0.004288,0.000638,-0.197086,-0.272792,0.639938,0.069762,-1.000000,-0.938668,1.000000,-1.000000
0.000680,-0.054600,0.007359,0.004662,0.003648,0.002832,0.120021,0.111379,0.036480,-1.000000,-0.720300,-0.469464,1.000000,0.273962
0.000121,-0.054915,0.006804,0.005104,0.003454,0.003203,-0.338610,0.264766,-0.505476,-0.333375,0.784833,0.416535,-0.582008,-1.000000
-0.000394,-0.055179,0.006268,0.005020,0.003143,0.003352,-0.702909,0.055167,-0.897720,-0.196165,1.000000,-0.272661,0.233131,-0.864931
-0.000923,-0.055414,0.005641,0.004628,0.002593,0.003618,-0.137149,0.372402,-0.296042,0.098210,0.020868,-0.339632,0.152526,-0.414597
-0.001400,-0.055592,0.005047,0.004442,0.002145,0.003712,0.770962,-0.194416,0.713184,0.206235,-0.734915,-0.853657,0.173746,-0.384383
-0.001913,-0.055769,0.004402,0.004400,0.001971,0.003721,-0.393401,-0.256093,-0.025334,-0.509171,-0.137378,-0.508790,0.118974,-0.958732
-0.002377,-0.055923,0.003811,0.004288,0.001884,0.003689,0.057556,0.222038,-0.441130,0.258787,1.000000,-1.000000,-0.221182,0.481702
-0.002868,-0.056077,0.003166,0.004154,0.001744,0.003729,-0.266802,-0.100735,-0.336075,0.023735,1.000000,0.658211,0.899139,-0.194360
-0.003307,-0.056206,0.002552,0.003936,0.001596,0.003830,-0.262425,0.004355,-0.368041,-0.130670,-0.396441,0.459679,-0.488524,-0.441860
-0.003760,-0.056323,0.001887,0.003694,0.001372,0.003838,0.429709,0.715066,-0.237126,0.387869,-0.013911,-1.000000,-0.585447,0.826063
-0.004167,-0.056376,0.001297,0.003597,0.000716,0.003688,0.699215,0.483875,-0.473895,0.653332,0.475558,-1.000000,0.503896,0.483769
-0.004589,-0.056331,0.000693,0.003465,-0.000407,0.003488,-0.890453,0.363050,-0.431293,-0.030689,-1.000000,-1.000000,-1.000000,0.107376
-0.004912,-0.056197,0.000166,0.002733,-0.001512,0.003288,-1.000000,-0.015937,-0.765206,0.206204,-0.486560,-1.000000,-1.000000,-0.385426
-0.005133,-0.055966,-0.000453,0.001231,-0.002430,0.003570,-0.059898,0.129278,-0.607094,-0.304177,-1.000000,-0.070575,0.884950,0.478761
-0.005216,-0.055686,-0.001060,-0.000288,-0.003217,0.003798,-0.764551,-0.126216,0.406483,-0.203572,-0.006625,-1.000000,1.000000,-0.426551
-0.005227,-0.055333,-0.001696,-0.001099,-0.003764,0.003667,0.338087,0.230489,0.348315,0.499175,-0.322127,-0.775677,0.096150,-1.000000
-0.005219,-0.054942,-0.002278,-0.001299,-0.004542,0.003641,-0.305712,0.366589,-0.023116,0.603196,1.000000,0.060088,0.941067,0.759749
-0.005217,-0.054424,-0.002943,-0.001287,-0.005569,0.003836,-0.554921,-0.029389,-1.000000,0.172860,-1.000000,-0.457276,-0.122078,0.407547
-0.005206,-0.053875,-0.003590,-0.001446,-0.006414,0.004044,-0.271215,0.144129,0.071085,0.108892,0.479800,-0.466061,0.003173,0.384188
-0.005182,-0.053224,-0.004247,-0.001492,-0.007034,0.003793,-0.180078,0.093031,-0.211893,0.012126,-0.612532,-0.143864,1.000000,0.126980
-0.005145,-0.052575,-0.004829,-0.001590,-0.007608,0.003637,-0.002424,0.150515,-0.687741,0.223052,1.000000,-0.946773,0.598882,0.718737
-0.005099,-0.051829,-0.005468,-0.001663,-0.008080,0.003685,0.417197,-0.369712,0.667962,-0.406769,1.000000,-0.140223,0.173539,-1.000000
-0.005056,-0.051132,-0.006043,-0.001633,-0.008194,0.003594,-0.235104,-0.187699,0.304197,-0.175987,0.821780,0.851468,-0.321398,0.443646
-0.005001,-0.050373,-0.006656,-0.001688,-0.008225,0.003535,0.180192,0.126165,-1.000000,0.072165,-0.371674,-1.000000,-0.563344,-0.399391
-0.004943,-0.049671,-0.007266,-0.001832,-0.008248,0.003813,-0.008288,-0.312140,-0.616900,0.767146,1.000000,-0.186225,-0.671604,0.843958
-0.004880,-0.048914,-0.007972,-0.001911,-0.008194,0.004074,-0.783695,-0.710903,1.000000,-1.000000,0.268121,0.501384,0.669057,-0.856974
-0.004803,-0.048219,-0.008609,-0.002076,-0.008154,0.003980,-0.271359,-0.247338,-0.083894,0.134752,0.069955,-0.742656,0.353934,-1.000000
-0.004710,-0.047469,-0.009303,-0.002181,-0.008127,0.004005,0.921611,0.075572,-0.309252,0.215538,0.004016,0.616582,0.343908,-0.258015
-0.004626,-0.046782,-0.009966,-0.002173,-0.008058,0.004141,0.832327,-0.190292,-0.008421,-0.166705,-0.384869,-0.262420,0.961984,0.765346
-0.004538,-0.046043,-0.010707,-0.002156,-0.007993,0.004269,-0.478894,-0.016454,0.428972,-0.532646,-0.746814,0.419559,-1.000000,0.815520
-0.004453,-0.045367,-0.011397,-0.002204,-0.007934,0.004316,0.291296,0.263220,-0.001757,-0.496820,0.384493,0.399516,-0.368565,0.271717
-0.004355,-0.044641,-0.012148,-0.002258,-0.007866,0.004335,-0.481278,0.140350,-0.337834,0.085113,-1.000000,-1.000000,0.596227,-0.521813
-0.004254,-0.043972,-0.012833,-0.002347,-0.007848,0.004281,0.162242,0.619982,-0.875400,-0.419723,-1.000000,-1.000000,-0.450542,-0.335894
-0.004136,-0.043237,-0.013525,-0.002342,-0.007969,0.003995,0.206820,0.389962,0.196630,0.663920,0.874431,0.556876,0.226205,-0.276364
-0.004031,-0.042546,-0.014077,-0.002143,-0.008150,0.003452,-0.789646,0.139500,0.443185,0.069620,0.013112,1.000000,0.661845,0.786373
-0.003921,-0.041787,-0.014583,-0.001961,-0.008264,0.002917,-0.668771,-0.122169,0.602861,0.035600,-0.882188,-0.909650,-1.000000,0.922243
-0.003824,-0.041081,-0.014975,-0.001765,-0.008346,0.002452,0.619867,0.164178,0.108969,0.580035,-0.274116,-1.000000,0.128626,-0.882002
-0.003761,-0.040296,-0.015334,-0.001195,-0.008576,0.002068,0.323659,0.423453,-0.441640,0.731560,0.869634,0.096554,1.000000,-0.037248
-0.003770,-0.039540,-0.015540,-0.000207,-0.008982,0.001286,-0.145779,0.362322,1.000000,-0.258373,0.860190,-1.000000,-0.576145,0.741458
-0.003862,-0.038699,-0.015374,0.001237,-0.009264,-0.000956,0.027750,0.284318,1.000000,-0.291999,0.065368,-0.341717,-0.578417,1.000000
-0.004010,-0.037908,-0.014871,0.002497,-0.009481,-0.003143,0.498154,-0.271720,-1.000000,-0.917613,0.098429,-0.530538,0.673763,0.459298
-0.004184,-0.037014,-0.014155,0.002843,-0.009929,-0.004132,0.275118,0.570266,-0.920683,0.327252,-0.385266,-0.828503,-0.286921,0.349815
-0.342447,0.297650,0.892281,-0.000002,-0.000000,0.000001,0.000000,0.000000,0.000000,0.000000,0.000000,0.000000,0.000000,0.000000
-0.342441,0.297653,0.892278,-0.000040,0.000003,0.000021,-0.386981,-1.000000,-1.000000,0.098613,-1.000000,-1.000000,-0.919160,0.605695
-0.342385,0.297697,0.892233,-0.000158,0.000050,0.000259,-0.507089,-1.000000,-1.000000,0.914072,-0.702405,-0.680328,-0.505922,-0.101115
-0.342081,0.297936,0.891989,-0.000897,0.000277,0.001528,0.807957,-1.000000,-1.000000,0.134868,-1.000000,-1.000000,0.758531,-0.248046
-0.340932,0.298802,0.891106,-0.003535,0.000895,0.005089,0.067292,-1.000000,-1.000000,0.051759,-1.000000,-0.427407,0.295343,0.422171
-0.338403,0.300689,0.889208,-0.008813,0.001677,0.011871,0.651594,-1.000000,-1.000000,-0.120376,-1.000000,0.580229,0.943881,1.000000
-0.333171,0.304632,0.885310,-0.016751,0.001962,0.022479,0.578780,-1.000000,-1.000000,-0.040964,-0.991713,-0.699776,0.499626,0.339054
-0.325226,0.310530,0.879391,-0.026468,0.002904,0.036999,0.232803,-1.000000,-1.000000,0.304200,-0.249431,-0.377391,-0.631737,-0.175201
-0.312490,0.319522,0.870013,-0.037882,0.004979,0.054091,0.162653,-1.000000,-1.000000,-0.599605,-1.000000,-0.119824,1.000000,-0.294776
-0.296492,0.330012,0.858543,-0.050988,0.006683,0.071687,0.754383,-1.000000,-1.000000,0.366756,-1.000000,-0.132945,-0.452642,0.542988
-0.274551,0.343016,0.843337,-0.064223,0.008540,0.087728,1.000000,-1.000000,-1.000000,-0.035471,-0.608965,-0.965163,0.381683,0.148577
-0.249758,0.356145,0.826588,-0.075900,0.009972,0.104742,0.254247,-1.000000,-1.000000,-0.164884,-0.169295,-0.619244,0.593346,-0.278890
-0.217462,0.371020,0.805179,-0.085668,0.012132,0.123495,0.458925,-1.000000,-1.000000,-0.381961,0.231205,-0.091660,0.442190,-1.000000
-0.182311,0.384365,0.782346,-0.095224,0.015314,0.142686,-0.288963,-0.842035,-1.000000,0.245805,-0.941335,-0.369059,-0.675782,0.065886
-0.138232,0.396774,0.754271,-0.104501,0.023689,0.161924,-0.520458,-1.000000,-1.000000,-0.140951,-0.979562,-1.000000,-1.000000,1.000000
-0.092415,0.404722,0.725556,-0.113245,0.034431,0.179510,0.849787,-1.000000,-0.480248,0.178894,-1.000000,0.146417,-0.265425,-0.645445
-0.038069,0.408016,0.691827,-0.121068,0.046249,0.194512,-0.053057,-0.897646,-0.534623,0.643912,-1.000000,0.885838,0.917837,-1.000000
0.016075,0.404961,0.658033,-0.127370,0.057067,0.211298,0.006967,-0.703297,-0.408361,0.488457,-0.306327,-0.388410,1.000000,0.374318
0.077518,0.393577,0.618725,-0.128388,0.069456,0.226787,0.550325,0.021394,1.000000,0.395867,-1.000000,-0.163441,0.877965,0.337444
0.134091,0.374679,0.580866,-0.124034,0.082366,0.236594,-1.000000,-0.348193,1.000000,0.369241,-0.208960,-1.000000,-0.263292,0.451466
0.192772,0.344793,0.538653,-0.113355,0.097424,0.243516,-0.115473,-0.432531,1.000000,0.116785,1.000000,-1.000000,-1.000000,0.203847
0.242280,0.309274,0.499224,-0.099829,0.107865,0.246477,0.389390,1.000000,0.931917,0.559484,0.398543,1.000000,1.000000,-1.000000
0.288424,0.264263,0.457112,-0.082034,0.113742,0.243010,0.573494,0.904142,1.000000,0.127699,0.806274,0.462922,0.037543,0.250519
0.323004,0.218570,0.419362,-0.063571,0.115607,0.235952,-0.145224,0.799043,1.000000,0.516356,-0.522876,-0.504856,-1.000000,0.238844
0.351349,0.166402,0.379926,-0.041858,0.116192,0.227416,-0.880680,1.000000,1.000000,0.732331,0.506214,-1.000000,-1.000000,0.068545
0.369057,0.117327,0.344986,-0.018969,0.114093,0.218356,-0.375141,1.000000,0.551253,0.664432,1.000000,1.000000,0.083089,-0.793470
0.379195,0.065305,0.309352,0.007244,0.110563,0.205634,-0.705386,1.000000,1.000000,0.952788,-1.000000,-1.000000,0.887979,0.935556
0.380663,0.020607,0.279462,0.035545,0.105457,0.186870,-0.361080,1.000000,1.000000,0.470234,1.000000,0.389941,-1.000000,-0.015690
0.374884,-0.022498,0.250686,0.066828,0.095068,0.165936,-0.784390,1.000000,1.000000,0.561319,1.000000,-0.437014,-0.056201,-1.000000
0.364019,-0.056498,0.227406,0.097890,0.079402,0.145555,-0.705012,1.000000,0.750107,1.000000,1.000000,-1.000000,-1.000000,-0.445340
0.347515,-0.086912,0.205246,0.128441,0.057437,0.127803,-0.484742,1.000000,0.406861,0.701486,0.927866,-0.180338,-0.233742,-0.256547
0.328849,-0.109038,0.187446,0.157978,0.033810,0.111290,-0.575689,1.000000,1.000000,0.213841,-0.247784,0.385752,1.000000,-1.000000
0.306570,-0.125925,0.172102,0.182763,0.012828,0.088468,-0.577113,1.000000,-0.161738,-0.918196,0.976729,-0.905101,0.367386,0.550486
0.284329,-0.135357,0.161759,0.197807,-0.005081,0.059713,-0.946932,1.000000,-0.072556,-0.325034,1.000000,-0.486007,-0.583898,-0.398829
0.265147,-0.138255,0.156569,0.201567,-0.020462,0.032426,-1.000000,0.623095,-1.000000,-1.000000,1.000000,-0.778218,-0.139389,0.104620
0.247966,-0.136449,0.155485,0.198961,-0.032248,0.006775,-1.000000,0.359494,-0.838983,-1.000000,-1.000000,0.593706,-0.663522,1.000000
0.231516,-0.130409,0.158517,0.194585,-0.040280,-0.017460,-0.374649,0.313056,-1.000000,-1.000000,-0.298300,-0.759932,0.586396,0.774104
0.217934,-0.122435,0.164281,0.189714,-0.044862,-0.036095,-0.481689,-0.345510,-1.000000,-1.000000,-0.815225,-1.000000,0.478313,1.000000
0.204338,-0.112758,0.172399,0.182737,-0.044775,-0.046780,-0.179696,-0.096498,-1.000000,-0.901248,-0.599235,-0.156520,0.869521,0.436258
0.192448,-0.103834,0.180671,0.175906,-0.042655,-0.051787,-0.579585,-0.779759,-1.000000,-0.638147,0.819306,-1.000000,-0.767172,-0.491430
0.180216,-0.094859,0.189797,0.166145,-0.037504,-0.052619,0.035596,-0.899201,-1.000000,-0.386686,0.713735,0.702432,-0.124240,-1.000000
0.169560,-0.087422,0.198130,0.155728,-0.032000,-0.052099,-0.526676,-0.456766,-1.000000,-0.473540,-1.000000,-0.817286,0.734004,-0.309040
0.158759,-0.080356,0.206682,0.143753,-0.027229,-0.049311,0.667590,-0.552414,-1.000000,-0.957921,-1.000000,-0.120798,0.760495,0.651478
0.149508,-0.074646,0.213946,0.131449,-0.024598,-0.045391,0.483999,-0.974172,-1.000000,-0.207291,-0.347722,0.528859,-0.088903,-1.000000
0.140289,-0.069307,0.221187,0.119574,-0.021095,-0.041792,0.122935,-1.000000,-1.000000,0.130178,1.000000,-0.728112,-0.279811,0.969801
0.132461,-0.065258,0.226980,0.107923,-0.017672,-0.036201,-0.025244,-1.000000,-1.000000,-0.257993,-1.000000,-0.408623,0.776868,1.000000
0.124586,-0.061989,0.231509,0.096624,-0.015140,-0.026136,0.482945,-1.000000,-1.000000,0.358836,-0.767033,-1.000000,0.663463,1.000000
0.117755,-0.060116,0.233632,0.086209,-0.012391,-0.013267,0.191001,-0.949733,-1.000000,-0.111606,0.969055,-1.000000,-0.473702,-1.000000
0.110756,-0.059369,0.233534,0.076744,-0.008612,0.000562,-0.024765,-0.966000,-1.000000,-0.443258,0.741540,-1.000000,0.272264,0.035729
0.104486,-0.059827,0.230861,0.068631,-0.005597,0.016698,0.229448,-1.000000,-0.827420,0.421227,-1.000000,-0.985577,1.000000,1.000000
0.097713,-0.061415,0.224837,0.061797,-0.004160,0.034763,0.033364,-0.385067,-1.000000,-0.278621,-0.070894,-0.159791,1.000000,-0.936981
0.091487,-0.063711,0.216284,0.054039,-0.003644,0.053442,-0.837518,-0.536075,-1.000000,-0.292607,0.297135,1.000000,0.024516,-0.748864
0.084929,-0.066832,0.204252,0.044898,-0.003203,0.069431,-0.927271,0.342411,-0.842650,-0.314493,0.119790,0.896733,-0.578342,1.000000
0.079217,-0.069851,0.191376,0.034983,-0.004291,0.080445,-0.774262,0.882962,-0.105079,-0.721494,-1.000000,-0.879357,1.000000,-1.000000
0.073534,-0.072933,0.176157,0.024783,-0.006866,0.087829,-0.687613,1.000000,0.300717,-0.799260,-0.117766,-1.000000,-0.264618,0.241603
0.068831,-0.075576,0.161464,0.014975,-0.007994,0.091739,-0.043699,0.411258,-0.819394,0.035158,0.297973,1.000000,-0.377045,0.558387
0.064323,-0.078267,0.144883,0.005269,-0.008692,0.095727,-0.244955,0.407628,-1.000000,-0.337252,1.000000,0.307975,0.335397,0.162567
0.060665,-0.080550,0.128860,-0.004305,-0.010171,0.100106,-0.444358,1.000000,0.057691,-0.547725,1.000000,-1.000000,0.231876,-0.191100
0.057232,-0.082696,0.111446,-0.011669,-0.011538,0.100470,-0.389064,1.000000,1.000000,-0.447305,-0.438225,-1.000000,-0.759458,-1.000000
0.054569,-0.084278,0.096233,-0.016114,-0.012600,0.095072,-0.454197,0.702849,0.494082,0.298936,0.684246,-0.224203,-0.502117,-0.889119
0.052188,-0.085500,0.081093,-0.018545,-0.014038,0.087376,-0.141631,0.358635,0.445230,0.155250,-0.229325,-0.116234,0.934057,-0.445251
0.050368,-0.086218,0.068361,-0.019537,-0.015479,0.079573,-0.130082,0.306250,0.823845,-0.100567,-0.631238,0.058447,0.465614,-0.054493
0.048818,-0.086498,0.056180,-0.019628,-0.017411,0.070300,-0.891065,1.000000,1.000000,-0.215735,0.434051,-0.053472,0.746988,0.954521
0.047890,-0.086120,0.047177,-0.018305,-0.020521,0.056266,-0.814640,0.747656,1.000000,0.076913,0.747884,0.870823,0.728781,-0.441522
0.047355,-0.084957,0.040431,-0.014291,-0.023716,0.038908,0.320768,0.586746,0.565130,0.828732,1.000000,-0.131621,-0.107743,0.919868
0.047063,-0.083225,0.036965,-0.007568,-0.026696,0.021658,-0.061015,0.053736,1.000000,0.818477,0.643238,-0.552109,-0.747806,-0.452522
0.046828,-0.080652,0.035985,-0.000231,-0.029874,0.005657,0.040311,0.446928,0.218576,-0.194658,0.387961,-0.534540,-0.691749,0.753866
0.046586,-0.077710,0.037340,0.006959,-0.032636,-0.008463,-0.100709,-0.392954,1.000000,0.484616,-0.897797,-0.388944,1.000000,0.003166
0.046153,-0.074191,0.040745,0.013857,-0.033128,-0.019633,-0.042430,-0.028333,-0.081722,-0.350448,0.183529,-1.000000,0.037757,1.000000
0.045574,-0.070809,0.045005,0.018671,-0.032850,-0.026646,0.068058,-0.815195,0.036109,-0.114540,-0.874618,-0.278682,0.255657,0.010820
0.044763,-0.067181,0.050139,0.021395,-0.031674,-0.029605,0.319647,-0.324659,-1.000000,0.717774,-0.043046,-1.000000,-0.951041,-0.558232
0.043871,-0.063891,0.054918,0.022575,-0.031099,-0.029889,0.604749,-0.152816,-0.128084,0.048798,-1.000000,-0.284065,0.992023,-0.792706
0.042733,-0.060397,0.059982,0.023602,-0.030620,-0.029198,0.185950,-0.519687,-0.352187,0.886933,-0.223428,0.620532,1.000000,-0.377044
0.041451,-0.057225,0.064355,0.025101,-0.030723,-0.027344,0.867022,-0.121246,-0.750704,0.163259,-1.000000,0.022554,-0.169498,-0.282877
0.039763,-0.053817,0.068610,0.026906,-0.031290,-0.024540,-0.350565,-1.000000,0.423747,0.836191,0.447365,-1.000000,0.499212,-0.463816
0.037869,-0.050683,0.071847,0.029058,-0.032477,-0.020242,0.530259,-0.866903,-0.985995,0.139131,-0.766232,0.398685,0.307562,0.948094
0.035504,-0.047337,0.074604,0.030780,-0.033133,-0.015899,0.450256,-0.322704,-0.339078,-0.186622,0.565209,0.132883,0.891793,-0.560898
0.033134,-0.044305,0.076534,0.031629,-0.033525,-0.012063,-0.523569,-0.520385,-0.802388,0.122533,-0.566351,-1.000000,-0.147575,0.848621
0.030461,-0.041107,0.077888,0.031434,-0.033589,-0.007810,-0.754156,-0.627722,-0.367782,0.271592,-0.677093,-0.078429,0.307912,0.004205
0.027975,-0.038262,0.078386,0.030367,-0.033310,-0.003113,-0.558495,-0.689993,-0.186491,-0.694298,-1.000000,-0.686513,1.000000,-0.252516
0.025356,-0.035326,0.078174,0.028495,-0.032460,0.001225,-0.634312,-0.090118,-0.185320,-0.277519,0.947559,-0.109960,1.000000,-1.000000
0.023050,-0.032707,0.077370,0.026395,-0.031955,0.005027,-0.340708,-0.628867,-0.788441,-0.193579,0.982771,0.025345,0.597064,0.383466
0.020733,-0.029893,0.075650,0.023521,-0.032282,0.009923,-0.345116,-0.211211,-1.000000,-0.247900,-0.013155,0.588935,-0.682717,1.000000
0.018801,-0.027283,0.073318,0.020380,-0.032866,0.014573,-0.728280,-0.441579,1.000000,-0.134984,0.339956,-1.000000,1.000000,-0.984005
0.016946,-0.024540,0.070321,0.017548,-0.032064,0.017283,-0.301327,-0.256428,-0.380250,0.425524,-0.021173,-0.989807,-0.035061,-1.000000
0.015069,-0.021447,0.066278,0.014899,-0.031497,0.020216,0.521289,0.215168,-0.994500,0.321535,-0.610156,0.230127,-0.059808,-1.000000
0.013728,-0.018963,0.062610,0.013010,-0.031615,0.022926,0.598803,-0.253661,0.012563,-0.884354,-1.000000,-0.396559,0.542165,-0.811316
0.012409,-0.016303,0.058392,0.011727,-0.031219,0.024344,-0.479100,-0.108438,0.657311,-0.592080,-1.000000,-0.594730,-0.286761,0.448945
0.011304,-0.013910,0.054433,0.010728,-0.030312,0.024744,-0.271045,-0.184714,0.226737,-0.857945,0.387240,-0.447611,0.606053,-0.473888
0.010221,-0.011386,0.050188,0.009849,-0.029389,0.024494,0.160072,0.471407,0.222369,0.110995,0.843202,-0.521066,1.000000,-0.258745
0.009310,-0.009101,0.046346,0.009193,-0.028644,0.023999,0.261627,-0.143110,0.518994,-0.293597,-0.316516,-1.000000,0.292890,-1.000000
0.008415,-0.006682,0.042295,0.008562,-0.027890,0.023380,-0.070719,-0.086063,-0.109403,-0.353903,0.628920,-0.870892,0.049885,0.404619
0.007686,-0.004528,0.038764,0.007791,-0.026747,0.022065,-0.337821,-0.225643,0.899904,-0.944600,-0.301038,1.000000,1.000000,-0.004922
0.007018,-0.002362,0.035462,0.006820,-0.024675,0.019054,-0.252133,0.484909,0.589117,-0.430658,-0.011628,-0.106490,1.000000,-0.405163
0.006487,-0.000562,0.033038,0.006103,-0.022059,0.015150,-0.091106,-0.365287,0.166860,-0.338764,0.217488,-0.611013,-0.284818,-1.000000
0.005951,0.001142,0.031165,0.005850,-0.019145,0.010800,-0.109785,-0.631739,0.580241,-0.416024,1.000000,0.367474,-0.166605,-0.396689
0.005468,0.002422,0.030313,0.005791,-0.015435,0.005327,-0.142280,0.029890,-0.044090,-1.000000,-0.952066,-1.000000,1.000000,-0.988282
0.004930,0.003440,0.030479,0.005895,-0.011149,-0.000953,0.080912,0.334506,0.561434,-0.126773,0.230613,-0.621116,0.221708,-0.920172
0.004398,0.004139,0.031338,0.006219,-0.008158,-0.005371,-0.195204,-0.400573,-0.597699,0.410246,0.057707,0.337812,0.409194,0.706358
0.003835,0.004785,0.032573,0.006014,-0.006918,-0.007125,-0.779903,-0.013689,-0.591220,-0.339981,0.470980,0.249515,-0.044913,-0.339332
0.003345,0.005309,0.033922,0.005593,-0.006039,-0.008433,0.463611,-0.163043,0.147599,-0.226663,-1.000000,-1.000000,1.000000,-0.065384
0.002860,0.005784,0.035634,0.005011,-0.005021,-0.009881,-0.242413,-0.527342,-0.021173,-0.741333,-0.997221,-1.000000,0.923166,1.000000
0.002475,0.006118,0.037485,0.004188,-0.003788,-0.011568,-0.564516,-0.184743,-1.000000,-0.209529,-1.000000,0.676706,0.194562,-1.000000
0.002103,0.006400,0.039679,0.003624,-0.002913,-0.012649,0.159468,0.290677,0.461984,0.281537,0.085656,0.103473,0.278017,-0.409680
0.001781,0.006626,0.041778,0.003329,-0.002527,-0.013126,-0.616146,-0.059380,-0.162950,0.015600,0.353662,-0.163312,0.781523,-1.000000
0.001460,0.006852,0.044088,0.002996,-0.002343,-0.013324,-0.222488,-0.333589,-1.000000,0.054729,-0.418387,-1.000000,-0.379411,0.899588
0.001200,0.007057,0.046188,0.002561,-0.002327,-0.013126,-0.427805,-0.263172,-0.385158,0.336186,-0.657976,-1.000000,0.263592,1.000000
0.000958,0.007268,0.048354,0.002130,-0.002228,-0.012492,0.139401,-0.993696,-0.025614,0.338469,-0.324082,-0.925067,0.365121,-1.000000
0.000766,0.007419,0.050134,0.001798,-0.001734,-0.011128,-0.233287,-0.648316,-0.288268,-0.224839,0.713002,-0.434689,0.579060,-0.357397
0.000610,0.007500,0.051712,0.001314,-0.000852,-0.009109,-0.132848,-0.524096,0.011392,-1.000000,-0.235391,-0.186669,1.000000,0.256769
0.000521,0.007481,0.052733,0.000773,0.000242,-0.006375,0.497084,-0.561984,-0.801256,0.944571,0.286338,-1.000000,0.286500,-1.000000
0.000486,0.007430,0.053237,0.000251,0.000574,-0.002911,-0.166962,0.249631,-1.000000,0.017454,1.000000,-0.271777,1.000000,-0.260108
0.000526,0.007410,0.053057,-0.000430,0.000233,0.001130,-0.127822,-1.000000,-0.145072,-0.382966,-1.000000,1.000000,1.000000,0.001551
0.000662,0.007392,0.052049,-0.001236,0.000181,0.005817,0.376222,0.046954,-0.616049,0.483457,-1.000000,-1.000000,0.072759,0.212166
0.000874,0.007477,0.050327,-0.002047,-0.001060,0.010763,-0.127855,0.064018,-1.000000,0.086289,-0.208729,-1.000000,-0.956351,-0.126350
0.001226,0.007775,0.047416,-0.003113,-0.003356,0.016783,0.383455,-0.601650,-0.473557,-0.316213,-0.843761,0.695613,0.809072,1.000000
0.001628,0.008187,0.043973,-0.003794,-0.005072,0.021526,-0.082758,0.459300,0.541235,0.015884,-1.000000,0.643511,1.000000,-0.499288
0.002105,0.008695,0.039907,-0.004089,-0.005819,0.023468,0.153019,-0.083583,-0.205595,-0.271920,0.813423,1.000000,0.375939,-0.064995
0.002587,0.009208,0.035928,-0.004439,-0.006420,0.024837,-0.412401,0.366270,-0.297727,-0.087870,0.253442,0.508656,-0.215917,-0.119127
0.003145,0.009773,0.031520,-0.004736,-0.006619,0.025442,-0.300927,0.327188,1.000000,-0.123779,0.717926,-1.000000,-0.223327,-1.000000
0.003677,0.010268,0.027478,-0.004864,-0.006376,0.025265,-0.390113,0.142372,0.344689,-0.367655,-0.136973,-0.925183,0.136281,-0.072171
0.004273,0.010769,0.023143,-0.005014,-0.006072,0.025010,-0.657493,0.163815,0.423081,-0.147433,-0.326050,0.511150,-0.357194,-0.328555
0.004840,0.011197,0.019191,-0.005166,-0.005731,0.024714,0.068475,-0.087415,0.117785,0.279336,0.381129,0.890686,1.000000,-0.343624
0.005465,0.011619,0.015003,-0.005250,-0.005347,0.024157,-0.725386,0.690571,0.609159,0.640787,1.000000,-0.863180,0.627444,-0.209450
0.006035,0.011960,0.011350,-0.005205,-0.004826,0.022831,-0.443048,0.133758,0.570572,0.206625,1.000000,-0.548314,-1.000000,-1.000000
0.006606,0.012293,0.007601,-0.004729,-0.004441,0.021620,0.287268,-0.187503,-0.058781,1.000000,1.000000,0.428515,-1.000000,0.826477
0.007056,0.012630,0.004037,-0.003723,-0.004900,0.022257,0.305714,0.101055,-0.688838,0.383678,0.694544,1.000000,0.747267,-0.536380
0.007486,0.013042,0.000003,-0.002977,-0.005528,0.023289,-0.111754,-0.056457,0.108888,-0.426383,0.538155,-0.521992,0.436823,-0.178206
0.007853,0.013411,-0.003671,-0.002581,-0.005428,0.022962,-0.208250,0.142742,1.000000,-0.445839,-0.093094,-0.526864,-1.000000,0.914686
0.008168,0.013727,-0.007289,-0.001793,-0.004462,0.020886,-0.125252,0.005463,0.805097,-0.434966,1.000000,-1.000000,-0.726579,-1.000000
0.008359,0.013925,-0.010202,-0.000786,-0.003259,0.018208,-0.472839,-0.005635,-0.429485,-0.086028,0.376619,-1.000000,0.319962,-0.810200
0.008526,0.014101,-0.013054,-0.000469,-0.002760,0.016442,-0.207616,0.700212,-0.169127,0.017210,0.287709,-1.000000,1.000000,0.570629
0.008649,0.014236,-0.015324,-0.000264,-0.002341,0.014196,0.324700,0.110553,0.983344,-0.876738,-1.000000,-1.000000,0.714621,0.040903
0.008702,0.014250,-0.017167,0.000317,-0.000701,0.010632,-0.140901,-0.816921,0.468945,-0.844418,-0.052336,-0.719370,-1.000000,-1.000000
0.008672,0.014132,-0.018340,0.000984,0.001016,0.007331,-0.935965,0.247192,-0.415178,0.280158,1.000000,0.810264,-0.088247,-0.723768
0.008570,0.013910,-0.019159,0.001517,0.002197,0.004723,0.251237,-0.146912,0.706387,-0.133237,0.247300,-1.000000,0.452385,-1.000000
0.008351,0.013552,-0.019290,0.002685,0.004219,0.000821,-0.518682,-0.433204,0.673502,0.662538,0.666886,-1.000000,-0.033227,0.820029
0.007918,0.012990,-0.018595,0.004428,0.006380,-0.004009,-0.562082,-0.182892,0.179517,0.233438,1.000000,-0.671662,-0.051851,0.318351
0.007358,0.012346,-0.017285,0.006029,0.008054,-0.008190,0.256465,0.371231,0.085230,0.474679,-0.254774,0.040415,0.300584,0.468424
0.006649,0.011539,-0.015377,0.006982,0.009349,-0.011010,-0.133114,-0.103275,-0.241193,-0.336673,-0.404688,0.196944,0.693299,-1.000000
0.005980,0.010756,-0.013401,0.007104,0.009806,-0.012344,-0.637865,-0.150427,-0.813618,-0.118695,0.396307,0.433157,-1.000000,1.000000
0.005291,0.009922,-0.011177,0.006751,0.009619,-0.012832,-0.128282,0.064725,-0.694198,0.109651,-0.961198,0.902659,-0.148652,1.000000
0.004699,0.009178,-0.009053,0.006254,0.009283,-0.013276,-0.735058,-0.451501,-0.215643,-0.022585,0.686390,-0.920429,0.521589,-0.954800
0.004113,0.008412,-0.006620,0.005663,0.008804,-0.014034,-0.109718,-0.206629,0.090185,-0.077827,0.599604,-1.000000,0.153175,0.853586
0.003608,0.007733,-0.004305,0.005285,0.008437,-0.014474,0.345339,0.077580,0.003580,0.071306,1.000000,1.000000,1.000000,-0.635105
0.003087,0.007016,-0.001785,0.005053,0.008195,-0.014539,-0.246577,-0.412999,-0.604617,0.035419,0.696901,0.444429,-0.675486,-0.950050
0.002640,0.006383,0.000560,0.004704,0.007807,-0.014661,-0.790300,0.186646,-1.000000,-0.007632,-0.342216,0.072830,-0.808218,0.602719
0.002215,0.005747,0.003130,0.004105,0.007215,-0.014824,0.203822,-0.333697,0.226262,-0.000571,0.235132,-0.622815,1.000000,-0.295258
0.001857,0.005186,0.005504,0.003748,0.006870,-0.014836,-0.058678,-0.209906,0.161077,-0.057031,1.000000,-0.332921,0.999012,-0.484853
0.001501,0.004603,0.008061,0.003457,0.006571,-0.014747,-0.388574,-0.513031,-0.574872,0.424402,0.345193,-0.178578,-0.521760,-0.798569
0.001210,0.004103,0.010435,0.003054,0.006085,-0.014843,-0.959375,-0.381613,0.164999,-0.110396,1.000000,-0.854102,-0.700631,-0.130739
0.000947,0.003640,0.013163,0.002499,0.005204,-0.015738,-0.500570,-0.297342,-0.021025,0.563858,-0.541385,-0.056307,1.000000,-0.716541
0.000745,0.003325,0.015693,0.002062,0.003840,-0.015814,0.007535,-0.356013,-0.706062,0.992148,0.811254,0.288922,1.000000,-0.380325
0.000550,0.003215,0.017947,0.001877,0.001259,-0.012993,-0.416849,-0.384246,-1.000000,0.648292,-0.904758,-0.112914,1.000000,-0.897758
0.000404,0.003375,0.019425,0.001568,-0.001880,-0.009246,-0.145729,-0.115688,0.577368,-0.084856,0.329945,-0.178243,0.079576,0.206922
0.000255,0.003728,0.020652,0.001493,-0.003856,-0.007084,-0.396882,-0.328805,0.322768,0.068252,-0.472280,-0.936028,-0.361913,1.000000
0.000113,0.004207,0.021485,0.001575,-0.005697,-0.005207,-0.057360,0.604073,-1.000000,0.511280,1.000000,-1.000000,-0.177467,-0.787928
-0.000063,0.004906,0.021961,0.001871,-0.007682,-0.002742,0.483321,0.182708,0.167911,-0.151213,-0.566716,0.497582,0.855147,-0.207812
-0.000270,0.005656,0.022044,0.002442,-0.008924,-0.000519,0.961532,-0.919058,0.475748,0.389121,-0.835665,0.342672,-0.142806,1.000000
-0.000548,0.006546,0.021742,0.003110,-0.009772,0.001742,0.463609,-0.232240,-0.606906,-0.203235,0.987808,-1.000000,-1.000000,0.524048
-0.000812,0.007380,0.021280,0.003267,-0.009933,0.002891,-0.591296,-0.101708,0.265460,-1.000000,-0.436608,-1.000000,-0.276938,0.514349
-0.001076,0.008266,0.020712,0.003039,-0.009716,0.003278,-0.115125,-0.498074,-0.360779,-0.300594,-0.323806,-1.000000,-0.641952,-0.794166
-0.001288,0.009058,0.020116,0.002704,-0.009400,0.003721,-0.129393,-0.008478,-0.845213,-0.128320,0.454097,-0.935640,-0.307754,-1.000000
-0.001468,0.009894,0.019417,0.002204,-0.009155,0.004032,-0.628611,0.188221,-0.309696,-0.776152,-1.000000,-1.000000,1.000000,0.241372
-0.001591,0.010652,0.018756,0.001701,-0.008987,0.004132,-0.500291,-0.335118,0.286898,-0.216665,-0.245475,0.136427,0.200933,-1.000000
-0.001693,0.011460,0.018054,0.001387,-0.008849,0.004051,0.047521,0.252356,1.000000,0.248528,0.775740,0.690842,0.332700,-1.000000
-0.001773,0.012199,0.017426,0.001221,-0.008744,0.003925,-0.008304,0.107110,-0.019187,0.183380,-0.022236,-1.000000,0.785327,0.085830
-0.001846,0.012992,0.016758,0.001084,-0.008675,0.003850,-0.207798,-0.052270,-0.338200,0.428938,-1.000000,-1.000000,-0.215216,0.887100
-0.001898,0.013718,0.016155,0.000910,-0.008611,0.003775,-0.554652,-0.253200,0.041260,-0.202757,-0.501059,0.351709,-0.059548,1.000000
-0.001929,0.014494,0.015509,0.000644,-0.008482,0.003720,0.069301,-0.818003,-0.381626,-0.565877,0.000514,0.605671,1.000000,-0.747529
-0.001929,0.015191,0.014880,0.000344,-0.008254,0.003937,-0.326053,-0.268296,-0.562263,0.110417,-0.650893,-1.000000,0.410998,-0.526983
-0.001900,0.015920,0.014138,0.000063,-0.007966,0.004280,0.354493,-0.274681,0.114346,-0.300113,0.393858,-0.836511,-0.393533,-0.418223
-0.001850,0.016565,0.013382,-0.000135,-0.007620,0.004726,0.711786,-0.370153,-0.492049,-0.279608,0.507213,0.316584,0.683292,-0.720108
-0.001766,0.017221,0.012436,-0.000384,-0.007148,0.005454,-0.740549,-0.560870,-0.013723,-0.295194,-1.000000,-0.657326,0.777001,-0.411576
-0.001658,0.017786,0.011464,-0.000663,-0.006667,0.006078,-0.983033,0.391696,-0.507098,-0.256388,0.191869,-0.626085,-1.000000,-0.187380
-0.001496,0.018378,0.010429,-0.001137,-0.006441,0.005974,-0.221266,0.036108,0.031094,-0.625829,0.890666,-0.979625,0.662694,-1.000000
-0.001303,0.018904,0.009564,-0.001711,-0.006223,0.005405,-0.849348,-0.211053,-0.305937,0.164504,-1.000000,-0.682826,1.000000,-0.896372
-0.001035,0.019466,0.008740,-0.002404,-0.006132,0.004753,0.040662,-0.268376,0.931630,0.093710,0.228998,1.000000,0.978386,-0.675322
-0.000763,0.019971,0.008054,-0.002745,-0.005991,0.004287,0.285051,0.082955,0.526296,-0.415685,0.152300,-0.208221,1.000000,-0.569919
-0.000464,0.020496,0.007376,-0.002812,-0.005750,0.003908,0.292968,0.257721,-0.007368,0.015906,0.361669,-0.473461,-1.000000,-0.305134
-0.000188,0.020965,0.006785,-0.002833,-0.005580,0.003699,0.451190,-0.003296,-1.000000,-0.186054,0.803369,0.910495,-0.436662,0.595308
0.000116,0.021463,0.006159,-0.002883,-0.005460,0.003612,-0.126825,-0.455597,-0.165725,-0.015972,0.214211,-0.592874,0.819098,0.730646
0.000400,0.021912,0.005590,-0.002925,-0.005352,0.003556,-0.101475,0.174429,0.637214,-0.119865,0.363648,-1.000000,-1.000000,-0.757886
0.000708,0.022385,0.004999,-0.002940,-0.005211,0.003410,-0.067477,0.138881,0.151854,-0.455262,0.052136,0.070582,-0.394400,-1.000000
0.000988,0.022806,0.004490,-0.002907,-0.005016,0.003174,0.326996,-0.317043,0.504794,0.559532,-1.000000,-0.382011,0.664304,-0.023390
0.001286,0.023245,0.003963,-0.002865,-0.004843,0.003047,0.023143,-0.709291,-0.697806,0.082888,-0.654121,-0.160713,0.274640,0.956175
0.001565,0.023636,0.003466,-0.002889,-0.004679,0.003108,-0.182899,0.148927,0.632339,-0.068513,-1.000000,-0.478726,0.536215,1.000000
0.001850,0.024027,0.002992,-0.002747,-0.004326,0.002735,0.184742,-0.241803,0.857419,-0.173299,-0.065628,-1.000000,-0.205639,-0.179147
0.002063,0.024330,0.002711,-0.002271,-0.003625,0.001756,-0.044732,-0.366742,0.035036,-0.570408,0.055532,0.012898,-0.924932,-0.468458
0.002263,0.024615,0.002486,-0.002013,-0.003155,0.001299,0.168491,-0.115801,-1.000000,0.099390,-1.000000,0.575453,1.000000,-0.446616
0.002448,0.024866,0.002272,-0.002011,-0.003000,0.001338,-0.101452,0.407365,0.369302,0.376141,0.669327,-0.309807,1.000000,0.960284
0.002642,0.025119,0.002069,-0.001951,-0.002804,0.001170,-0.333387,-0.608212,0.591157,0.223711,0.636986,-0.409962,-0.031072,-1.000000
0.002807,0.025334,0.001903,-0.001814,-0.002565,0.001037,0.023949,-0.218995,-0.539162,0.759367,1.000000,-1.000000,-1.000000,-1.000000
0.002987,0.025572,0.001662,-0.001769,-0.002647,0.001386,-0.534595,0.271663,-0.067922,-0.107237,0.102560,0.278620,0.422606,-1.000000
0.003148,0.025786,0.001450,-0.001709,-0.002563,0.001328,0.025074,-0.221481,1.000000,-0.758887,-0.613903,-0.492468,0.952623,-0.663946
0.003272,0.025957,0.001408,-0.001321,-0.001888,0.000243,-0.387583,0.050162,0.495932,-0.178861,1.000000,-0.690261,-0.760897,-0.002971
0.003314,0.026041,0.001623,-0.000713,-0.000977,-0.001346,0.110091,-0.223311,0.015337,-0.209337,0.824615,-0.471013,0.445942,-1.000000
0.003309,0.026068,0.002066,-0.000343,-0.000246,-0.002556,-0.446212,0.181100,-0.134289,0.704881,-0.095348,-0.028184,1.000000,-1.000000
0.003290,0.026064,0.002575,-0.000272,0.000114,-0.003179,-0.365478,0.007422,-0.377246,-0.180538,-0.132688,-0.823954,0.618752,1.000000
0.003271,0.026046,0.003167,-0.000324,0.000260,-0.003418,0.399928,-0.375327,0.065473,-0.027451,0.744074,-0.289295,1.000000,-0.276673
0.003252,0.026015,0.003752,-0.000339,0.000450,-0.003662,-0.096264,0.392739,0.320094,-0.514838,1.000000,-0.676350,0.248134,-1.000000
0.053277,0.268797,0.361059,0.000000,-0.000000,0.000001,0.000000,0.000000,0.000000,0.000000,0.000000,0.000000,0.000000,0.000000
0.053287,0.268794,0.361035,0.000121,-0.000011,0.000151,0.823838,-1.000000,-1.000000,1.000000,0.635866,-1.000000,-0.144298,-0.287188
0.053369,0.268764,0.360842,0.000896,-0.000028,0.001115,0.053710,-1.000000,-1.000000,1.000000,-0.889483,-0.332513,-0.677149,0.657526
0.053667,0.268652,0.360342,0.001465,0.000341,0.003123,0.302911,-1.000000,-1.000000,-0.215370,-1.000000,-1.000000,0.777453,1.000000
0.054626,0.268338,0.359163,0.000402,0.001235,0.006806,0.643160,-1.000000,-0.098678,0.535411,-1.000000,-1.000000,1.000000,-0.756052
0.056487,0.267761,0.357022,-0.000686,0.002429,0.013391,0.372266,-1.000000,-1.000000,1.000000,-1.000000,0.854246,0.085174,0.155380
0.059959,0.266689,0.353144,-0.002347,0.003996,0.022352,0.041289,-1.000000,-0.325839,0.578173,-0.017440,0.247759,0.193119,1.000000
0.064783,0.265142,0.347899,-0.005214,0.006235,0.032801,-0.265416,-1.000000,-0.732058,0.319222,-0.333125,-1.000000,-0.551468,-0.131995
0.072276,0.262612,0.339954,-0.009851,0.009126,0.045821,0.168200,-1.000000,-1.000000,0.624640,-0.179164,-0.062729,0.112004,1.000000
0.081365,0.259359,0.330442,-0.015177,0.011622,0.059458,-0.412361,-1.000000,0.050960,0.619791,-0.501498,0.743680,1.000000,-0.330438
0.093261,0.254724,0.317910,-0.019234,0.013525,0.072281,-0.398307,-1.000000,0.642924,-0.186835,0.312794,-0.273204,-0.087400,-0.934696
0.105936,0.249128,0.304274,-0.022056,0.016295,0.085260,0.387359,-0.294629,0.466372,0.894708,-0.898231,-1.000000,-0.140580,-1.000000
0.121376,0.241268,0.286839,-0.021529,0.018529,0.100567,0.407655,-0.936127,0.251134,1.000000,-1.000000,0.816331,1.000000,-1.000000
0.136955,0.232143,0.268226,-0.020091,0.019285,0.116359,-0.485640,-0.382378,0.506373,-0.135143,-0.162125,-0.117132,0.309376,1.000000
0.154695,0.220022,0.245863,-0.019566,0.021253,0.128972,-0.579126,-0.496987,1.000000,0.156260,0.123611,-0.869344,0.716847,-0.577616
0.171193,0.206743,0.223687,-0.018545,0.023538,0.138662,0.434650,0.686915,0.899766,-0.210151,1.000000,-0.138231,1.000000,0.716983
0.187852,0.190716,0.199365,-0.015122,0.025883,0.140254,-0.742507,0.076054,1.000000,0.173038,-0.412075,1.000000,0.579022,-0.423016
0.201275,0.174993,0.177563,-0.009667,0.028819,0.136337,-0.337087,0.425239,1.000000,-0.093384,-0.200160,-0.941373,-1.000000,0.387120
0.212982,0.157703,0.155553,-0.001065,0.032558,0.126924,-0.184848,0.807237,1.000000,0.260227,1.000000,-1.000000,-0.853537,-0.595768
0.220857,0.142134,0.137271,0.009832,0.036716,0.114273,-0.358148,0.277092,1.000000,0.077489,0.335677,-0.290940,0.829915,-0.800180
0.226133,0.126308,0.120302,0.021803,0.042359,0.097894,-0.987346,0.022698,1.000000,0.124566,0.376466,1.000000,0.183586,0.879798
0.228084,0.113091,0.107540,0.034891,0.048263,0.079793,-0.317021,0.557932,1.000000,0.023774,1.000000,0.052566,-0.759270,0.221834
0.227305,0.100472,0.096692,0.049445,0.052526,0.062573,0.267473,0.450500,0.327606,0.857426,0.467583,-1.000000,-0.283770,0.506955
0.224352,0.090284,0.088861,0.063714,0.054333,0.048907,-0.006016,0.965895,0.119320,-0.998480,1.000000,0.493008,-0.380394,-0.801630
0.219313,0.080738,0.082254,0.075455,0.053525,0.038132,-0.533443,0.568219,-0.164639,-0.167389,0.194177,-0.766897,-0.014418,1.000000
0.213496,0.073118,0.077438,0.083580,0.051158,0.030128,-0.128456,0.588906,-0.665946,-1.000000,1.000000,1.000000,-1.000000,-0.205174
0.206409,0.065951,0.073287,0.088105,0.048075,0.023931,-0.636270,0.630909,-0.939217,0.124003,-0.070608,-0.761356,0.598368,-0.766475
0.199378,0.060326,0.070459,0.090559,0.045077,0.017674,0.032783,0.109526,-1.000000,-0.233151,-0.948133,-0.338191,-1.000000,-0.016216
0.191450,0.055049,0.068220,0.091771,0.042583,0.012924,0.243906,-0.209179,-0.056993,-0.083210,0.535992,0.143413,-0.008762,0.146367
0.184011,0.050609,0.066573,0.091849,0.041021,0.010286,-0.303053,-0.400447,0.196066,-1.000000,-0.449850,-0.178422,0.178952,-0.232163
0.175968,0.046091,0.065069,0.091009,0.040105,0.008676,-0.192702,-0.044402,-0.909437,-0.972199,-0.407561,-1.000000,-1.000000,0.469478
0.168637,0.042178,0.063968,0.089184,0.039353,0.006882,0.468350,0.361131,-1.000000,-0.475376,1.000000,-1.000000,0.608621,-1.000000
0.160837,0.038184,0.063074,0.086998,0.038674,0.005160,-0.238865,-0.481270,-0.082092,-0.060465,-0.173477,-0.121638,1.000000,0.939985
0.153802,0.034635,0.062373,0.084775,0.038040,0.004384,0.489446,0.504396,-1.000000,-0.429633,-1.000000,1.000000,-1.000000,0.389674
0.146406,0.030943,0.061716,0.082028,0.037074,0.003787,0.544923,0.704314,-0.790851,-0.165481,1.000000,-1.000000,0.017474,-0.844906
0.139833,0.027722,0.061272,0.078804,0.035926,0.002779,-0.129097,0.232991,-0.908213,-0.615844,0.915289,-0.597521,-0.714656,1.000000
0.133053,0.024430,0.061006,0.074690,0.034863,0.001533,-0.588611,0.126517,-0.014254,0.418592,-0.466823,-0.706470,-1.000000,0.874785
0.127066,0.021538,0.060948,0.071351,0.034149,0.000363,-0.452139,0.164739,-1.000000,0.366863,-0.678387,-1.000000,0.441425,0.222010
0.121003,0.018471,0.060814,0.066758,0.033138,0.000769,-0.730922,-0.040059,-0.791398,-0.211430,-0.237099,-1.000000,0.807943,-0.112558
0.115876,0.015641,0.060336,0.061365,0.031526,0.002987,0.070016,0.097666,-0.451384,-0.094151,-0.313191,0.248817,0.882106,-1.000000
0.110821,0.012579,0.059193,0.056141,0.029061,0.006592,-0.106373,0.169158,-0.905531,-0.259428,1.000000,0.265406,0.223150,1.000000
0.106673,0.009754,0.057320,0.050241,0.025870,0.011708,-0.410596,0.062409,-0.908993,0.177881,0.182796,-0.512025,-0.491321,1.000000
0.102783,0.006668,0.054456,0.043678,0.023371,0.016531,0.146831,-0.178518,-0.251354,0.233997,0.101985,-0.628896,-1.000000,-0.316361
0.099676,0.003787,0.051298,0.037717,0.022149,0.019735,-0.068323,0.204838,-0.467494,0.286284,-0.523523,0.425825,-0.159127,0.125150
0.096755,0.000649,0.047509,0.032501,0.021430,0.021856,-0.220964,0.093491,-0.259169,0.049563,0.323252,-0.366914,1.000000,-1.000000
0.094374,-0.002232,0.043717,0.028372,0.020596,0.023704,-0.269167,-0.039151,0.039497,-0.403444,-1.000000,-1.000000,-0.389533,0.735150
0.092007,-0.005308,0.039478,0.025573,0.019978,0.024448,-0.231693,0.286596,-0.062965,0.372804,0.442940,-0.065473,1.000000,1.000000
0.089957,-0.008071,0.035464,0.023533,0.019094,0.025096,-0.213743,0.047654,-0.439704,0.039928,0.666649,0.233016,0.606280,-0.083711
0.087879,-0.010971,0.030977,0.021486,0.017934,0.025878,-0.328001,0.568072,-0.669035,1.000000,1.000000,-1.000000,-1.000000,0.722825
0.085631,-0.014150,0.025829,0.019611,0.016764,0.025744,0.508220,0.253313,0.075134,0.054964,0.869348,-1.000000,-0.020881,0.013694
0.083860,-0.016536,0.021875,0.018914,0.015757,0.024718,0.180582,-0.032950,1.000000,-0.386128,-0.899431,-0.866316,0.645031,1.000000
0.081927,-0.018940,0.017841,0.018858,0.014744,0.023267,-0.606328,0.513943,0.319223,-0.723701,-0.283460,-0.439496,0.012693,-0.151974
0.079704,-0.021386,0.013684,0.018749,0.013122,0.020776,-0.104244,0.449568,-0.855457,-0.138611,0.902327,-0.601339,0.401677,-0.429225
0.077977,-0.023080,0.010708,0.018141,0.011302,0.018612,0.041721,-0.072514,-1.000000,1.000000,0.353580,-0.520233,1.000000,-1.000000
0.076176,-0.024692,0.007689,0.017352,0.009607,0.017416,-0.372943,0.496023,0.465581,0.124244,0.296986,-0.857832,-0.599412,-0.233040
0.074574,-0.025949,0.005235,0.016784,0.007975,0.015346,-1.000000,0.035058,0.376919,-0.374189,-0.525624,-0.307522,1.000000,0.538745
0.072907,-0.027072,0.002989,0.016268,0.006561,0.012948,-0.279550,0.073541,-0.220338,0.635039,0.165033,0.212756,1.000000,0.300158
0.071403,-0.027886,0.001299,0.016184,0.005093,0.010555,0.583865,0.738120,-0.335691,0.455683,0.831566,-1.000000,-0.201566,0.017883
0.069538,-0.028451,-0.000052,0.016620,0.002495,0.006754,0.275987,0.678389,0.196199,0.247458,-0.338066,0.292621,0.305367,-1.000000
0.067883,-0.028452,-0.000413,0.017853,-0.000859,0.002087,0.544027,0.024151,-0.947245,0.407291,1.000000,0.998936,0.026894,-0.287286
0.066282,-0.028101,-0.000225,0.019252,-0.003699,-0.001178,-0.357012,0.404391,0.804091,0.294982,-0.751668,-0.901760,-0.477086,-0.067713
0.064511,-0.027400,0.000500,0.020165,-0.006050,-0.004181,-0.643900,-0.239397,0.718735,-0.536325,0.510152,-0.487025,-1.000000,0.116475
0.062697,-0.026539,0.001465,0.020851,-0.007303,-0.005572,0.364472,-0.396633,-0.046551,0.804265,0.764615,-0.114863,0.351340,-0.440349
0.060859,-0.025703,0.002231,0.022634,-0.008162,-0.004780,0.388436,0.052103,-0.536345,0.967761,0.110067,-1.000000,0.954063,0.343371
0.058833,-0.024853,0.002849,0.024703,-0.008711,-0.003864,-0.183319,0.125618,0.358199,-0.601267,0.640798,0.378586,0.692001,1.000000
0.056586,-0.023902,0.003600,0.025350,-0.008926,-0.004333,-0.027043,0.025753,0.991508,-1.000000,-1.000000,-0.450981,-0.721921,0.190434
0.054511,-0.022980,0.004481,0.025477,-0.009109,-0.005506,-0.364534,0.491438,-0.337129,-0.010227,1.000000,-0.687229,0.159483,-1.000000
0.052290,-0.021934,0.005582,0.025270,-0.009419,-0.006350,0.198223,-0.473127,-0.818545,-0.362870,-0.648871,-1.000000,-0.174132,-0.140992
0.050265,-0.020969,0.006618,0.024951,-0.009454,-0.006475,0.143226,-0.533417,-0.746696,0.160682,-0.163856,-0.605748,-0.818938,1.000000
0.048105,-0.019941,0.007714,0.024525,-0.009402,-0.006322,-0.498987,0.057364,-0.707777,-0.397228,-1.000000,-0.480764,1.000000,-1.000000
0.046148,-0.018999,0.008702,0.024039,-0.009430,-0.006177,-0.049946,0.479625,0.440741,-0.568017,0.220642,-1.000000,0.416360,-1.000000
0.044060,-0.017988,0.009777,0.023649,-0.009394,-0.006202,0.398412,-0.657786,0.356532,-0.063244,-0.756533,1.000000,0.848060,-1.000000
0.042155,-0.017071,0.010757,0.023328,-0.009308,-0.006125,-0.334907,-0.370982,-0.721363,0.341006,0.838790,0.481496,0.781587,0.595145
0.040121,-0.016093,0.011797,0.022966,-0.009226,-0.006002,-0.814748,-0.631661,0.163891,-0.828753,0.312940,-1.000000,0.118243,0.301727
0.038270,-0.015208,0.012743,0.022605,-0.009121,-0.005914,0.126147,-0.148390,0.024923,0.380868,0.104085,-1.000000,0.529629,0.183158
0.036298,-0.014259,0.013749,0.022198,-0.009092,-0.005804,-0.862280,0.337275,-0.972937,0.431428,0.929326,0.040858,1.000000,-0.753719
0.034517,-0.013375,0.014633,0.021672,-0.009332,-0.005522,0.250223,-0.596727,-0.377462,-0.061246,0.218069,-0.898708,1.000000,0.511819
0.032617,-0.012421,0.015483,0.021262,-0.009460,-0.004900,0.288275,-0.746644,0.061565,-0.293449,1.000000,-1.000000,-0.156760,-0.705846
0.030878,-0.011566,0.016178,0.021044,-0.009341,-0.004355,-0.542249,-0.046066,0.234843,-0.030245,0.336006,-0.109464,0.467335,0.177614
0.029018,-0.010660,0.016900,0.020707,-0.009183,-0.004158,-0.414318,0.078663,1.000000,0.131241,-0.216656,0.179988,0.442758,-0.007115
0.027330,-0.009832,0.017579,0.020367,-0.009116,-0.004243,-0.373131,-0.233273,-0.364236,-0.023121,-0.356116,-1.000000,-0.931112,-0.393914
0.025539,-0.008942,0.018335,0.019944,-0.009072,-0.004367,-0.189503,-0.040263,-0.684336,-0.149759,-0.026616,0.017275,0.901450,-0.679851
0.023924,-0.008127,0.019054,0.019460,-0.009017,-0.004491,-0.313367,-0.235055,0.607853,-0.572231,-0.059496,-0.555865,1.000000,-0.743186
0.022217,-0.007259,0.019846,0.018979,-0.008879,-0.004570,0.007901,-0.306036,0.087183,0.491344,-0.774345,-0.299255,-0.860741,0.810993
0.020670,-0.006473,0.020566,0.018616,-0.008765,-0.004496,0.122656,0.361985,-1.000000,0.490053,1.000000,-0.445491,0.058309,0.516846
0.019019,-0.005631,0.021318,0.018318,-0.008718,-0.004342,-0.158999,-0.644787,0.021954,-0.612968,-0.978120,-1.000000,0.784191,-0.332975
0.017517,-0.004867,0.021986,0.018012,-0.008611,-0.004175,0.340319,0.316175,0.230928,-0.022194,-0.092701,-0.157287,-1.000000,-0.421423
0.015911,-0.004050,0.022694,0.017763,-0.008543,-0.004083,-0.368967,0.523159,-0.032603,0.367131,-0.858268,0.163887,1.000000,-0.356234
0.014449,-0.003304,0.023332,0.017496,-0.008501,-0.003984,-0.198823,-0.079658,-0.679997,-0.226283,-0.005726,-0.430630,0.082608,0.740858
0.012892,-0.002498,0.023988,0.017193,-0.008535,-0.003788,-0.016807,-0.321091,-0.536447,-0.224835,0.101815,1.000000,-0.569111,-0.712539
0.011483,-0.001755,0.024554,0.016832,-0.008571,-0.003539,-0.136617,-0.426734,0.301277,0.004409,0.848118,-0.807257,0.788720,-0.770100
0.009981,-0.000957,0.025151,0.016546,-0.008538,-0.003447,-0.466655,0.006327,0.078061,0.027614,0.708185,-0.673982,0.819082,1.000000
0.008617,-0.000224,0.025694,0.016238,-0.008516,-0.003390,0.259267,-0.056805,-0.625514,-0.778164,1.000000,-0.072841,0.194179,-0.514356
0.007175,0.000575,0.026225,0.015864,-0.008631,-0.003066,0.052059,-0.295008,-0.831326,-0.127249,1.000000,0.455467,0.015722,-0.991956
0.005892,0.001338,0.026590,0.015263,-0.008981,-0.002282,-0.308567,0.196522,-0.345449,-0.029550,-1.000000,-1.000000,-0.611060,-0.224863
0.004549,0.002182,0.026889,0.014737,-0.009220,-0.001722,0.021880,0.189789,0.694427,0.223197,-0.026300,-1.000000,0.972384,0.265918
0.003333,0.002960,0.027150,0.014467,-0.009212,-0.001634,0.024545,-0.450856,0.259457,-0.482095,-0.256076,-0.016095,0.438424,-1.000000
0.002041,0.003795,0.027425,0.014160,-0.009146,-0.001585,-0.316996,-0.251692,-1.000000,-0.416097,1.000000,-0.008786,-1.000000,-0.302413
0.000889,0.004575,0.027621,0.013688,-0.009268,-0.001222,-0.375817,-0.094574,-0.602039,0.104769,-0.060355,0.748679,0.263750,-0.481146
-0.000314,0.005430,0.027772,0.013206,-0.009393,-0.000873,-0.136271,0.276630,0.880699,-0.474663,-1.000000,-0.584019,1.000000,-0.942203
-0.001400,0.006206,0.027928,0.012894,-0.009239,-0.000973,0.307086,-0.540119,-0.018065,-0.164703,-1.000000,-1.000000,-0.138270,0.679214
-0.002552,0.007033,0.028102,0.012625,-0.009094,-0.001008,-0.015004,0.165427,-0.557108,0.074602,-0.167763,0.897136,-0.932164,-0.698567
-0.003592,0.007789,0.028248,0.012330,-0.009016,-0.000908,-0.381488,-0.174694,-0.187497,0.088255,-0.067321,-1.000000,0.848758,-0.427832
-0.004692,0.008604,0.028365,0.012063,-0.008973,-0.000677,0.300232,-0.785706,-0.292266,0.021480,-1.000000,-1.000000,-0.125179,-0.041715
-0.005684,0.009337,0.028399,0.011792,-0.008728,-0.000214,0.036785,-0.591510,0.628158,-0.402694,0.068588,-0.814546,1.000000,0.078377
-0.006736,0.010098,0.028362,0.011575,-0.008360,0.000215,-0.617032,0.265057,-0.444197,-0.386814,-0.665928,0.011270,1.000000,1.000000
-0.007681,0.010791,0.028296,0.011277,-0.008230,0.000413,0.508106,0.401294,-1.000000,-0.257116,1.000000,-1.000000,1.000000,-0.957008
-0.008655,0.011573,0.028105,0.010771,-0.008540,0.001102,-0.441918,-0.306004,-0.784612,-0.208611,1.000000,-0.662933,0.046872,0.235741
-0.009499,0.012331,0.027782,0.010191,-0.008928,0.002019,0.386679,-0.631431,0.805664,0.065291,1.000000,-0.630478,-0.523624,0.643420
-0.010392,0.013141,0.027376,0.009981,-0.008762,0.002343,-0.138506,-0.435545,0.295861,0.389342,0.755780,-1.000000,0.562543,-0.837736
-0.011206,0.013870,0.026967,0.009891,-0.008523,0.002557,-0.452922,0.261313,0.002448,-0.799055,-0.667168,0.446023,-0.069707,-0.676646
-0.012062,0.014631,0.026560,0.009611,-0.008201,0.002350,0.255102,-0.102683,-0.803829,-1.000000,0.981999,1.000000,1.000000,-0.574645
-0.012799,0.015266,0.026326,0.008890,-0.007455,0.001457,-0.288982,-0.388377,-0.876258,-0.887232,-0.967868,-1.000000,-0.196631,0.653206
-0.013493,0.015866,0.026284,0.007656,-0.006579,0.000246,-0.160346,0.581866,0.124248,0.062151,0.936805,0.589612,-1.000000,0.331123
-0.014044,0.016365,0.026395,0.006490,-0.005993,-0.000694,-0.512292,-0.250098,-0.837729,-0.597649,-0.387677,-0.670133,1.000000,-1.000000
-0.014503,0.016811,0.026766,0.004833,-0.005086,-0.002141,-1.000000,-0.885350,0.197183,-0.785483,-0.558611,-1.000000,0.092503,-0.071593
-0.014796,0.017106,0.027403,0.003095,-0.003855,-0.003984,0.255453,-0.194296,-0.044806,0.634810,-0.129426,0.954879,0.682751,0.187523
-0.015064,0.017377,0.028110,0.002521,-0.003340,-0.004078,0.459313,-0.565577,0.462713,0.564788,0.984905,-0.611430,1.000000,-1.000000
-0.015303,0.017597,0.028688,0.002477,-0.002946,-0.003611,-0.257310,0.011045,-0.151959,0.269383,0.423826,-0.415976,-0.165952,-1.000000
-0.015552,0.017818,0.029246,0.002392,-0.002721,-0.003219,-0.032969,0.051486,-0.293174,0.174291,1.000000,0.645862,0.881909,0.488376
-0.015765,0.018016,0.029683,0.002248,-0.002613,-0.002735,0.103662,-0.649534,-0.772681,0.070714,0.970364,-0.527306,0.157887,1.000000
-0.015953,0.018242,0.029962,0.001891,-0.002629,-0.001609,-0.338652,-0.071054,-0.705692,0.249016,0.708337,0.479246,-0.635822,0.277420
-0.016063,0.018469,0.029977,0.001195,-0.002512,-0.000085,-0.198906,-0.787303,0.007693,-0.547698,0.500922,-1.000000,-0.706943,-0.034412
-0.016133,0.018686,0.029723,0.001011,-0.002427,0.001587,-0.393995,-0.444881,0.212869,0.267885,-0.798148,-0.913506,-0.069584,1.000000
-0.016172,0.018827,0.029238,0.000807,-0.001382,0.003033,-0.505732,-0.654258,-0.258638,-0.296816,0.268493,-0.531863,1.000000,0.445102
-0.016172,0.018904,0.028343,0.000576,-0.000351,0.005162,0.507366,-0.213739,-0.589580,0.061791,0.630400,0.067579,1.000000,0.515783
-0.016110,0.018933,0.027125,0.000130,0.000387,0.007612,-0.215901,-0.226067,-0.553559,-0.592617,0.590444,-0.843419,0.007996,0.537930
-0.015998,0.018934,0.025521,-0.000182,0.000877,0.009258,0.218212,0.286246,1.000000,-0.331780,0.226807,-1.000000,-0.679224,0.267395
-0.015889,0.018913,0.023962,-0.000184,0.001183,0.009738,-0.156818,-0.223277,-0.001348,-0.158442,0.845240,-1.000000,1.000000,0.574557
-0.015765,0.018874,0.022203,-0.000216,0.001394,0.010149,0.430930,-0.165970,-0.973261,-0.470557,0.156621,0.154603,-0.301851,0.110408
-0.015624,0.018834,0.020493,-0.000463,0.001485,0.010689,0.611099,0.160200,-0.013040,-0.167384,1.000000,-0.749097,-0.245282,0.611044
-0.015447,0.018792,0.018579,-0.000697,0.001485,0.011045,-0.309154,-0.029056,0.747695,-0.759817,-0.677858,-1.000000,0.834952,-0.154609
-0.015257,0.018758,0.016781,-0.001001,0.001443,0.011234,0.670956,-0.116090,-0.537398,0.250683,0.729766,0.185657,0.090297,-0.391441
-0.015039,0.018703,0.014731,-0.001064,0.001671,0.011823,0.485652,-0.004171,-0.440195,-0.248894,1.000000,0.904195,0.490059,0.365146
-0.014816,0.018645,0.012708,-0.001241,0.001827,0.012647,-0.683435,-0.320319,0.318503,-0.936310,-1.000000,-1.000000,-1.000000,0.929556
-0.014529,0.018600,0.010450,-0.001696,0.001641,0.013023,-0.449252,-0.636738,-0.339440,0.185045,-1.000000,-1.000000,-0.862948,-0.365504
-0.014235,0.018555,0.008320,-0.002008,0.001691,0.013315,-0.037832,-0.242977,-0.844221,-0.256050,-0.286720,1.000000,1.000000,-0.071917
-0.013876,0.018487,0.005922,-0.002411,0.001927,0.013832,-0.228847,-0.784851,0.392316,-0.416862,0.291775,-0.503237,1.000000,-1.000000
-0.013518,0.018375,0.003609,-0.002655,0.002517,0.014457,-0.109479,-0.064262,0.100597,0.017956,1.000000,-1.000000,-0.460465,-0.338049
-0.013115,0.018207,0.001049,-0.002796,0.003042,0.014766,0.811966,-0.023283,-0.360240,-0.337337,-0.708392,0.098790,0.263239,-1.000000
-0.012718,0.018012,-0.001329,-0.003112,0.003484,0.014871,0.167024,0.233566,1.000000,-0.632666,-1.000000,1.000000,1.000000,0.610523
-0.012213,0.017761,-0.003780,-0.004021,0.003824,0.014146,-0.811354,0.387969,0.510215,-1.000000,-0.140682,1.000000,-0.234852,-0.059071
-0.011639,0.017489,-0.005820,-0.005468,0.004169,0.012743,-0.418244,-0.619460,-0.556777,0.191858,1.000000,-1.000000,-0.595405,0.362244
-0.010964,0.017172,-0.007935,-0.006137,0.004325,0.012202,0.061510,0.242648,-0.069541,0.695831,-0.375853,-0.731305,-0.018967,-0.206257
-0.010345,0.016863,-0.009843,-0.006146,0.004454,0.011927,0.218353,0.432531,1.000000,0.131651,0.376334,-0.353391,0.670602,-0.193700
-0.009738,0.016486,-0.011752,-0.005559,0.004827,0.011009,-0.261108,-0.005039,0.837436,-0.345399,-0.222450,-0.675211,0.232455,-1.000000
-0.009279,0.016073,-0.013259,-0.004534,0.005458,0.009419,0.023598,0.356854,-0.228332,0.131420,1.000000,-0.115561,-1.000000,0.140365
-0.008861,0.015584,-0.014703,-0.003786,0.005832,0.008331,-0.018771,-0.321117,0.143070,0.337829,0.642635,0.397299,0.779683,0.440890
-0.008529,0.015099,-0.015897,-0.003256,0.006181,0.007465,-0.304405,0.159384,-0.288989,-0.257386,1.000000,-0.623534,0.444634,1.000000
-0.008200,0.014551,-0.017102,-0.002982,0.006370,0.006945,0.434336,-0.387555,0.050685,0.295768,-0.364624,-0.194322,-0.807553,1.000000
-0.007918,0.014033,-0.018165,-0.002786,0.006496,0.006647,-0.513806,0.253224,-0.245735,0.109627,0.019439,-0.385513,-0.535397,-1.000000
-0.007625,0.013466,-0.019284,-0.002674,0.006534,0.006458,0.021342,-0.113514,0.136247,-0.359300,-1.000000,0.497437,-0.063162,-0.157525
-0.007369,0.012935,-0.020277,-0.002545,0.006600,0.006205,-0.022254,0.172543,0.353712,-1.000000,0.556449,-0.424473,0.570683,-0.897526
-0.007124,0.012342,-0.021254,-0.002255,0.006764,0.005632,0.027893,-0.688666,0.538538,0.030941,0.109132,-0.106803,-0.148909,-0.873315
-0.006939,0.011779,-0.022069,-0.001824,0.006920,0.005103,0.454227,0.480719,-0.564867,0.236860,1.000000,-0.263468,0.010042,-0.079660
-0.006771,0.011163,-0.022891,-0.001516,0.006971,0.004738,-0.116177,0.714628,0.648574,-0.075352,-0.801386,-1.000000,1.000000,-0.205493
-0.006662,0.010589,-0.023523,-0.001031,0.006994,0.003955,-0.368756,-0.040649,-0.251351,-0.621369,-0.986021,-0.606262,-0.067092,-1.000000
-0.006564,0.009965,-0.024116,-0.000863,0.006990,0.003415,-1.000000,-0.454238,-0.219939,0.083645,1.000000,1.000000,0.091696,0.353435
-0.006469,0.009388,-0.024618,-0.000945,0.006994,0.003139,0.103042,-0.279043,-0.736602,-0.284852,0.346650,-0.096148,0.923790,0.126545
-0.006354,0.008764,-0.025138,-0.001091,0.006966,0.003001,-0.336043,0.075018,-0.617702,0.476419,0.670305,-1.000000,0.595426,-0.785560
-0.006238,0.008196,-0.025593,-0.001232,0.006874,0.002842,-0.279668,0.062894,0.265025,-0.242542,0.559324,-0.448937,-0.101535,0.935585
-0.006101,0.007590,-0.026039,-0.001380,0.006753,0.002574,-0.404893,-0.334409,0.239356,-0.029810,0.401154,0.180220,-0.589794,1.000000
-0.005965,0.007041,-0.026407,-0.001511,0.006626,0.002301,0.289869,-0.210027,0.201208,0.617618,-0.282598,-1.000000,0.264036,-0.650425
-0.005819,0.006450,-0.026793,-0.001514,0.006568,0.002228,-0.069166,-0.384009,0.248601,0.250017,1.000000,-1.000000,0.853219,-1.000000
-0.005688,0.005905,-0.027137,-0.001484,0.006565,0.002149,-0.325534,-0.316234,0.076478,-1.000000,-0.306668,-0.452360,1.000000,0.572243
-0.005545,0.005304,-0.027432,-0.001509,0.006660,0.001702,-0.459892,0.408294,0.653393,-1.000000,0.500399,-0.164983,1.000000,-1.000000
-0.005414,0.004734,-0.027556,-0.001537,0.006819,0.000772,-0.191850,0.492562,-0.471422,0.605663,1.000000,-0.848433,0.011121,-1.000000
-0.005271,0.004129,-0.027592,-0.001563,0.006643,0.000211,0.051026,0.806468,-1.000000,0.162188,1.000000,0.355460,-0.250944,0.921570
-0.005142,0.003594,-0.027545,-0.001538,0.006368,-0.000293,0.229040,-0.660977,1.000000,0.568577,0.164527,-0.182220,-0.857187,1.000000
-0.005007,0.003021,-0.027469,-0.001495,0.006287,-0.000444,0.012112,-0.029605,-0.322746,-0.031904,-0.052035,-1.000000,-1.000000,1.000000
-0.004883,0.002497,-0.027389,-0.001491,0.006215,-0.000500,0.008845,0.023168,-0.174684,0.035893,1.000000,-1.000000,0.355378,-0.702863
-0.004745,0.001936,-0.027297,-0.001521,0.006151,-0.000530,-0.558450,-0.659880,-0.437477,-0.434845,-0.224901,-1.000000,0.599036,-0.847586
-0.004607,0.001429,-0.027187,-0.001649,0.006018,-0.000686,-0.919917,0.466266,-0.680709,0.288212,0.051228,0.177522,0.353218,0.304428
-0.004439,0.000901,-0.027017,-0.001852,0.005779,-0.000981,0.514255,0.032801,0.622396,0.074231,-1.000000,0.084381,1.000000,0.678125
-0.004276,0.000421,-0.026837,-0.001947,0.005677,-0.001123,-0.591192,-0.056246,0.610176,-0.231817,-0.327066,-1.000000,0.043651,0.973408
-0.004085,-0.000088,-0.026593,-0.002105,0.005556,-0.001411,-0.287356,-0.481330,-0.465723,-0.021673,0.396093,0.701355,0.259946,0.478304
-0.003883,-0.000540,-0.026304,-0.002399,0.005341,-0.001801,-0.694980,-0.380895,-1.000000,-0.241480,-0.140938,-0.560166,1.000000,-0.274460
-0.003624,-0.001006,-0.025908,-0.002845,0.005071,-0.002288,0.089352,-0.267572,0.548058,-0.150762,-0.351142,-0.926151,-0.171679,-0.177116
-0.003349,-0.001421,-0.025468,-0.003253,0.004880,-0.002750,-0.752299,0.226444,0.040136,-0.095756,0.678642,-0.449493,1.000000,-1.000000
-0.003008,-0.001847,-0.024885,-0.003722,0.004613,-0.003361,0.331252,-0.172261,-0.672898,0.568524,-0.391538,-0.219179,-0.016537,0.193925
-0.002680,-0.002227,-0.024349,-0.003864,0.004466,-0.003354,0.658209,0.078750,-0.295139,0.517561,-0.045897,0.448539,0.062250,-0.095683
-0.002330,-0.002626,-0.023815,-0.003804,0.004338,-0.003079,-0.530732,-0.321071,0.381634,-0.229058,0.164156,-0.551253,1.000000,-1.000000
-0.002008,-0.002986,-0.023345,-0.003793,0.004243,-0.002938,-0.183701,0.301092,0.143733,0.259037,-0.426041,-0.909786,-0.189133,1.000000
-0.001670,-0.003366,-0.022868,-0.003663,0.004139,-0.002751,0.376880,0.494075,0.052185,0.323109,0.367912,-0.565564,1.000000,0.302157
-0.001385,-0.003704,-0.022462,-0.003347,0.003999,-0.002536,0.265994,0.361857,-0.847346,0.266457,-1.000000,-1.000000,0.963061,0.122170
-0.001115,-0.004057,-0.022060,-0.002912,0.003859,-0.002322,-0.749213,-0.369765,0.089944,0.283224,0.993119,-1.000000,-1.000000,0.115616
-0.000911,-0.004386,-0.021717,-0.002378,0.003904,-0.002146,-0.048082,-0.298461,0.586066,0.109224,0.602224,0.366321,-0.608642,0.405605
-0.000738,-0.004756,-0.021354,-0.001841,0.004055,-0.002095,-0.421058,-0.253497,0.566580,0.151345,-0.492284,-0.105229,1.000000,-1.000000
-0.000622,-0.005110,-0.021012,-0.001323,0.004209,-0.002137,0.169394,-0.231575,0.218003,-0.214365,1.000000,-0.610298,0.221366,-0.761542
-0.000526,-0.005504,-0.020625,-0.000988,0.004312,-0.002231,0.343439,0.560034,-0.244263,-0.100982,0.960552,0.816577,0.491497,0.361371
-0.000452,-0.005870,-0.020247,-0.000737,0.004021,-0.002179,-0.034594,0.349938,0.313681,-0.031474,-0.445897,-1.000000,-0.062218,-1.000000
-0.000403,-0.006264,-0.019792,-0.000486,0.004678,-0.002848,0.714058,0.571994,-0.165202,1.000000,1.000000,0.550494,-1.000000,0.343757
-0.000429,-0.006619,-0.019335,0.000416,0.004225,-0.002856,-0.302205,-0.025557,-0.650825,0.208101,0.962885,0.025952,0.983154,0.717867
-0.000534,-0.007015,-0.018788,0.001282,0.004343,-0.003152,-0.692840,-0.341902,1.000000,0.071565,-0.040035,-1.000000,-0.565051,0.968253
-0.000788,-0.007530,-0.018095,0.002560,0.004896,-0.003468,0.510384,-0.409866,-0.265688,0.781974,-0.070625,-0.766628,-0.524881,0.026616
-0.001198,-0.008004,-0.017627,0.005014,0.005627,-0.002924,0.524388,-0.104894,-0.454957,0.705950,0.609439,-0.095378,1.000000,-0.393659
-0.001902,-0.008559,-0.017352,0.007811,0.006088,-0.001588,0.165719,-0.353412,1.000000,-0.181445,-0.839696,-0.042493,0.520477,-0.392669
-0.002710,-0.009109,-0.017229,0.009665,0.006531,-0.000765,0.424542,-0.362771,0.176780,-0.429376,1.000000,-0.239585,-0.971496,0.184893
-0.003675,-0.009746,-0.017175,0.010613,0.007001,-0.000314,-0.006758,-0.034344,-0.045278,-0.456941,-0.935834,1.000000,0.149581,-0.242920
-0.004589,-0.010351,-0.017158,0.010891,0.007203,-0.000105,-0.435442,0.105575,-0.374345,-0.602844,-0.924503,-0.826533,0.254219,0.001163
-0.005571,-0.011009,-0.017147,0.010799,0.007227,-0.000062,-0.260566,0.606082,-0.351851,-0.405385,0.606597,-1.000000,0.169993,-0.580923
0.192821,-0.466536,0.060655,0.000002,-0.000000,-0.000000,0.000000,0.000000,0.000000,0.000000,0.000000,0.000000,0.000000,0.000000
0.192816,-0.466534,0.060658,0.000152,-0.000000,-0.000024,-0.624211,1.000000,-0.557362,1.000000,1.000000,-0.504167,0.950957,0.549402
0.192697,-0.466525,0.060672,0.001529,-0.000006,-0.000082,0.309819,1.000000,-0.718691,1.000000,0.578871,0.598315,0.123446,-1.000000
0.192166,-0.466554,0.060651,0.005965,0.000194,0.000130,0.134495,0.969038,-0.189035,1.000000,0.180097,0.052346,-0.958528,0.224812
0.190984,-0.466599,0.060762,0.014766,0.001234,-0.000637,-0.351307,1.000000,-0.821035,1.000000,-0.255893,-0.708083,-0.529024,0.554547
0.189194,-0.466613,0.061155,0.028160,0.002967,-0.002454,-0.044876,1.000000,-0.692772,1.000000,-0.426628,0.420660,0.923128,-0.320440
0.185973,-0.466689,0.061796,0.045746,0.005039,-0.003703,-0.274877,1.000000,-1.000000,1.000000,0.339857,-1.000000,0.582859,0.205705
0.182661,-0.466450,0.063291,0.065457,0.007608,-0.009337,0.565627,1.000000,-0.845037,1.000000,-0.021564,-0.813143,-0.600140,0.233502
0.179713,-0.465412,0.066632,0.086094,0.009951,-0.019277,-0.296560,1.000000,-1.000000,1.000000,-0.252538,-0.634942,-1.000000,-0.711682
0.177789,-0.463491,0.071440,0.106403,0.010075,-0.030065,-0.410598,1.000000,-1.000000,1.000000,-0.038960,-0.758612,-0.469846,0.044740
0.176834,-0.460349,0.078649,0.125282,0.011023,-0.041574,-0.346718,1.000000,-1.000000,1.000000,-1.000000,-0.012465,0.626933,1.000000
0.176468,-0.456916,0.086762,0.143401,0.014570,-0.050726,-0.488217,0.748016,-1.000000,0.292645,-0.364254,0.666011,0.273773,0.098607
0.176178,-0.452880,0.096764,0.159941,0.019048,-0.057692,-0.437834,0.388389,-1.000000,0.592581,-0.092564,-1.000000,1.000000,0.242296
0.176971,-0.448501,0.107688,0.174278,0.022999,-0.068262,0.274027,1.000000,-1.000000,0.686426,1.000000,-1.000000,0.257691,0.433869
0.179692,-0.442687,0.121799,0.186628,0.027140,-0.081417,-0.059353,0.351015,-1.000000,0.643890,-0.049200,-0.759882,0.037485,-1.000000
0.184320,-0.436105,0.137101,0.195728,0.030537,-0.095660,-0.704184,0.725797,-1.000000,-0.483103,0.936265,-0.313480,-0.591685,0.914498
0.192942,-0.427189,0.156926,0.199580,0.037374,-0.114361,-0.510677,0.572989,-1.000000,1.000000,-1.000000,-0.311409,-0.504467,0.855191
0.204912,-0.417065,0.178725,0.199999,0.048543,-0.136155,-0.136557,-0.324256,-1.000000,0.595077,0.062535,-1.000000,-0.441142,1.000000
0.221718,-0.404200,0.205632,0.194384,0.065167,-0.155357,0.138129,-0.207409,-1.000000,0.665100,-1.000000,-1.000000,0.975652,1.000000
0.241017,-0.389697,0.234781,0.183913,0.082046,-0.168176,0.063800,-0.070304,-1.000000,0.856138,-0.337182,-1.000000,0.530031,-0.459972
0.260215,-0.374930,0.263100,0.172261,0.097463,-0.176951,1.000000,0.155181,-1.000000,1.000000,-0.713451,-1.000000,-0.521606,1.000000
0.281182,-0.358383,0.293133,0.157150,0.114729,-0.187741,1.000000,-0.280750,-1.000000,1.000000,-1.000000,-1.000000,-0.280358,1.000000
0.306234,-0.337639,0.328012,0.136847,0.133565,-0.201231,0.640628,0.013199,-1.000000,1.000000,-0.599879,-0.215878,-1.000000,0.526024
0.331423,-0.314881,0.362673,0.115318,0.149012,-0.216555,0.804268,-0.196217,-1.000000,1.000000,-0.395182,-0.648509,-1.000000,-0.925347
0.360271,-0.285118,0.403092,0.091893,0.162065,-0.233258,1.000000,-0.259515,-1.000000,1.000000,-1.000000,-0.561761,-0.449949,0.622310
0.387726,-0.251433,0.443457,0.068003,0.168689,-0.252291,1.000000,-0.686369,-1.000000,1.000000,-0.828282,-1.000000,0.129131,-0.280659
0.416467,-0.207195,0.490328,0.043418,0.168809,-0.270287,1.000000,0.394187,-1.000000,1.000000,-0.346416,-0.590281,-1.000000,-1.000000
0.440248,-0.158205,0.536772,0.022840,0.163925,-0.290425,1.000000,-0.456984,-1.000000,1.000000,-0.625827,0.237226,-0.582504,1.000000
0.460833,-0.095065,0.591168,-0.001026,0.154196,-0.313791,1.000000,-0.547957,-1.000000,1.000000,-0.929811,-0.687213,-0.121628,0.279708
0.471987,-0.028063,0.644839,-0.020676,0.139129,-0.335632,0.926807,-0.293466,-1.000000,1.000000,0.414335,0.120700,-1.000000,-0.157820
0.471943,0.052034,0.706309,-0.036728,0.120897,-0.354467,1.000000,-0.603328,-1.000000,1.000000,-0.661484,-0.176350,-0.333515,-0.938501
0.457959,0.130431,0.765910,-0.047047,0.101778,-0.372678,1.000000,-1.000000,-1.000000,1.000000,-0.517085,-1.000000,-0.794943,-0.170494
0.425553,0.215699,0.832825,-0.053758,0.081561,-0.385871,1.000000,-1.000000,-1.000000,1.000000,0.680390,-1.000000,0.017138,-0.685799
0.379586,0.289573,0.895574,-0.053813,0.063032,-0.392089,0.970831,-1.000000,-1.000000,1.000000,-1.000000,-1.000000,1.000000,-0.533210
0.313955,0.359606,0.963875,-0.052017,0.045625,-0.394082,1.000000,-1.000000,-1.000000,1.000000,-1.000000,-0.334927,-1.000000,0.056914
0.240909,0.411586,-0.973079,-0.045860,0.032942,-0.394053,1.000000,-1.000000,-1.000000,1.000000,0.533636,-1.000000,-0.465623,-0.279441
0.151212,0.451212,-0.904923,-0.035827,0.023786,-0.393100,1.000000,-1.000000,-1.000000,1.000000,-1.000000,-1.000000,0.061452,0.839701
0.061560,0.470437,-0.841828,-0.025771,0.020455,-0.394530,1.000000,-1.000000,0.657974,1.000000,-0.457736,-0.189039,1.000000,0.438030
-0.038836,0.470864,-0.773351,-0.015879,0.020522,-0.394422,1.000000,-1.000000,0.514293,1.000000,0.478026,-0.731511,1.000000,0.961407
-0.131125,0.451884,-0.709873,-0.002627,0.023320,-0.397599,1.000000,-1.000000,0.502051,1.000000,0.121937,-1.000000,-0.664129,0.970461
-0.226478,0.410444,-0.640843,0.013085,0.028973,-0.397548,1.000000,-1.000000,-1.000000,1.000000,1.000000,0.293563,-1.000000,-0.685760
-0.305545,0.354346,-0.577507,0.028688,0.038561,-0.396582,0.947508,-1.000000,-1.000000,1.000000,-0.154413,-0.655237,-0.172938,0.558579
-0.377775,0.276146,-0.508948,0.039028,0.051665,-0.394868,1.000000,-1.000000,-0.903203,0.860167,-0.923714,-1.000000,-0.266490,0.536355
-0.429040,0.189697,-0.444979,0.044653,0.065384,-0.400422,0.411834,-1.000000,-1.000000,1.000000,0.244306,-0.009950,0.433263,1.000000
-0.463974,0.084366,-0.374966,0.042659,0.078584,-0.403944,1.000000,-1.000000,-1.000000,0.706524,-1.000000,-0.730009,0.478189,1.000000
-0.474472,-0.019776,-0.309276,0.036372,0.086654,-0.410510,1.000000,-1.000000,-1.000000,0.525234,-1.000000,-1.000000,0.259824,0.366363
-0.460231,-0.134198,-0.237079,0.025901,0.090393,-0.416227,0.443463,-1.000000,-1.000000,0.229348,-0.194960,0.087784,0.960199,0.700419
-0.423374,-0.234896,-0.170153,0.015336,0.090534,-0.418602,0.649652,-0.965112,-1.000000,0.729068,-1.000000,-0.489598,0.189236,0.031574
-0.359797,-0.332226,-0.097731,0.003480,0.086618,-0.417563,0.707533,-0.591752,-1.000000,1.000000,-0.551582,-1.000000,-0.061439,-1.000000
-0.281842,-0.407041,-0.030559,-0.004568,0.081281,-0.420280,1.000000,-0.839443,-1.000000,1.000000,0.270150,-1.000000,-0.148997,1.000000
-0.179859,-0.467670,0.043106,-0.012163,0.075058,-0.424680,1.000000,-1.000000,-1.000000,1.000000,-1.000000,-1.000000,0.051974,0.327985
-0.073949,-0.501023,0.111984,-0.015543,0.067170,-0.430433,1.000000,-0.801015,-1.000000,1.000000,-0.102341,-1.000000,-0.481885,-1.000000
0.047713,-0.509722,0.187714,-0.016496,0.059174,-0.437005,1.000000,-0.710772,-1.000000,1.000000,-0.879397,-1.000000,0.080039,0.457980
0.161439,-0.490667,0.259128,-0.018111,0.051608,-0.446411,0.991226,-0.398423,-1.000000,1.000000,-0.909642,-0.817754,0.072738,1.000000
0.279032,-0.440073,0.338082,-0.022778,0.044572,-0.455398,0.752940,-0.819899,-1.000000,1.000000,-1.000000,-0.680187,-0.668204,-0.369731
0.375477,-0.367052,0.412300,-0.027552,0.039994,-0.463961,1.000000,-1.000000,-1.000000,1.000000,-1.000000,-0.670930,-0.273365,0.588045
0.459619,-0.262605,0.494215,-0.033912,0.035217,-0.472485,1.000000,-0.823043,-1.000000,1.000000,1.000000,-1.000000,-0.024085,-0.964822
0.512136,-0.147701,0.571027,-0.036665,0.030270,-0.480241,1.000000,-0.796779,-1.000000,1.000000,-0.860631,0.000701,-0.449757,1.000000
0.536646,-0.010462,0.655596,-0.040615,0.026514,-0.487773,1.000000,-1.000000,-1.000000,1.000000,0.117597,-0.606100,-0.606586,0.233786
0.526135,0.119544,0.734536,-0.039773,0.024317,-0.493541,1.000000,-1.000000,-1.000000,1.000000,0.393990,-1.000000,-1.000000,-1.000000
0.467532,0.272984,0.833854,-0.033301,0.021901,-0.496550,1.000000,-1.000000,-1.000000,1.000000,-0.311821,0.234362,-0.845958,-1.000000
0.379994,0.385405,0.919654,-0.022407,0.024428,-0.495022,1.000000,-1.000000,-1.000000,1.000000,-0.853717,-0.056158,-0.428660,-0.362860
0.247155,0.479496,-0.982533,-0.014627,0.026607,-0.488853,1.000000,-1.000000,-1.000000,1.000000,-1.000000,0.284173,0.682137,-0.610958
0.126245,0.522261,-0.905739,-0.009655,0.028577,-0.480202,1.000000,-1.000000,-1.000000,1.000000,-1.000000,-0.668982,-0.138879,0.153678
-0.009738,0.534580,-0.824023,-0.008360,0.028788,-0.471337,1.000000,-1.000000,-1.000000,1.000000,-1.000000,-1.000000,0.673126,-0.296085
-0.131196,0.515976,-0.750586,-0.006246,0.026347,-0.458909,1.000000,-1.000000,-0.770700,1.000000,-0.428885,-0.464260,0.119156,-0.042159
-0.250393,0.467789,-0.673872,-0.001788,0.021554,-0.442621,1.000000,-1.000000,-1.000000,1.000000,-0.406818,-1.000000,-0.121158,-0.539420
-0.344138,0.402874,-0.606015,0.005281,0.016079,-0.424077,1.000000,-1.000000,-1.000000,1.000000,-1.000000,0.321038,0.308761,-0.622604
-0.424820,0.316748,-0.535841,0.010025,0.012307,-0.404921,1.000000,-1.000000,-1.000000,1.000000,-0.665355,-0.150275,-0.237733,0.562569
-0.479457,0.226698,-0.473367,0.012183,0.013390,-0.390343,0.483060,-1.000000,-1.000000,0.497198,-0.831998,0.224986,-0.335988,0.907298
-0.516676,0.122478,-0.407869,0.011159,0.016229,-0.378130,0.591279,-1.000000,-1.000000,0.722040,-1.000000,-0.772450,0.512804,-0.289251
-0.531241,0.024501,-0.349354,0.010497,0.017440,-0.365549,0.125755,-1.000000,-1.000000,0.706555,-0.081630,-0.697493,-0.482739,1.000000
-0.526810,-0.081143,-0.287050,0.010422,0.020426,-0.359508,1.000000,-1.000000,-1.000000,0.754787,-1.000000,-1.000000,1.000000,1.000000
-0.504995,-0.174799,-0.230529,0.009523,0.022357,-0.353121,0.479010,-1.000000,-1.000000,0.978352,-0.073625,-0.063826,0.057547,-1.000000
-0.464154,-0.268445,-0.170491,0.009792,0.022637,-0.346420,0.021513,-1.000000,-1.000000,0.321121,-0.546131,-1.000000,-0.423595,0.989605
-0.412085,-0.346367,-0.115506,0.011660,0.025452,-0.343778,0.159120,-1.000000,-1.000000,0.589251,-1.000000,-1.000000,0.754603,0.740331
-0.342170,-0.419023,-0.056415,0.012048,0.027986,-0.341024,1.000000,-1.000000,-1.000000,1.000000,-0.749245,-1.000000,1.000000,-1.000000
-0.268131,-0.472687,-0.002774,0.012927,0.026291,-0.334915,0.493802,-0.790975,-1.000000,1.000000,-1.000000,-1.000000,0.859137,-0.387822
-0.181272,-0.514775,0.054063,0.014937,0.021772,-0.327982,0.918035,-1.000000,-1.000000,1.000000,-0.490038,-1.000000,-0.606767,-0.849399
-0.096674,-0.538834,0.106079,0.018627,0.016980,-0.325168,1.000000,-1.000000,-1.000000,1.000000,-1.000000,-1.000000,-0.182074,1.000000
-0.001393,-0.548895,0.162874,0.020749,0.016019,-0.327743,1.000000,-1.000000,-1.000000,1.000000,-1.000000,-1.000000,0.045751,0.906805
0.087686,-0.543030,0.215784,0.020926,0.017499,-0.330575,1.000000,-0.985718,-1.000000,1.000000,-1.000000,-0.403752,0.203274,0.843412
0.181947,-0.520395,0.273192,0.018932,0.020886,-0.331045,1.000000,-0.632988,-1.000000,1.000000,-1.000000,-1.000000,-0.087879,-1.000000
0.264023,-0.485022,0.326062,0.017369,0.022281,-0.330638,0.404822,-0.156380,-1.000000,1.000000,0.619411,-1.000000,-0.515884,-0.673302
0.345109,-0.431995,0.383334,0.015922,0.022538,-0.330364,0.786691,-1.000000,-1.000000,1.000000,-1.000000,-1.000000,0.254271,1.000000
0.410944,-0.370706,0.436473,0.013696,0.024555,-0.332116,1.000000,-0.818351,-1.000000,1.000000,-0.442163,-0.795604,-1.000000,0.258659
0.470762,-0.292106,0.494845,0.009809,0.028056,-0.336661,1.000000,-0.460409,-1.000000,1.000000,-1.000000,-1.000000,0.669977,0.170103
0.513282,-0.210104,0.549403,0.004800,0.030614,-0.341058,1.000000,-1.000000,-1.000000,1.000000,0.702554,-0.365075,0.495087,0.629845
0.543849,-0.112355,0.609828,-0.001565,0.031628,-0.348627,1.000000,-1.000000,-1.000000,1.000000,-0.062158,-1.000000,0.039721,0.494124
0.555877,-0.014518,0.667858,-0.007991,0.031249,-0.362764,1.000000,-1.000000,-1.000000,1.000000,1.000000,-1.000000,-0.928358,0.705602
0.548219,0.097551,0.733861,-0.013837,0.029447,-0.380637,1.000000,-1.000000,-1.000000,1.000000,-0.067029,-1.000000,-0.174182,-1.000000
0.519321,0.202063,0.797318,-0.015230,0.025304,-0.396766,1.000000,-1.000000,-1.000000,1.000000,-0.088266,-1.000000,0.039011,-0.070098
0.462954,0.310273,0.868474,-0.014823,0.020746,-0.410574,1.000000,-1.000000,-1.000000,1.000000,-1.000000,-1.000000,-1.000000,1.000000
0.387455,0.400158,0.936875,-0.015620,0.020221,-0.427496,1.000000,-1.000000,-1.000000,1.000000,0.048849,-0.288473,-0.791076,0.583879
0.281861,0.479349,-0.986113,-0.017175,0.021787,-0.444098,1.000000,-1.000000,-1.000000,1.000000,-1.000000,-0.399219,-0.330250,-0.960020
0.166775,0.528926,-0.912954,-0.018205,0.024179,-0.457281,1.000000,-1.000000,-1.000000,1.000000,-0.770627,-1.000000,-1.000000,0.116256
0.029630,0.551570,-0.831718,-0.019600,0.025555,-0.468602,1.000000,-1.000000,0.811623,1.000000,-0.706871,-0.214688,0.739059,0.867669
-0.100504,0.540623,-0.755329,-0.021637,0.026007,-0.477743,0.994515,-1.000000,-0.373456,1.000000,-0.877076,-1.000000,0.339634,-0.052067
-0.235348,0.493757,-0.671654,-0.024022,0.023926,-0.482558,1.000000,-1.000000,-1.000000,1.000000,-0.078137,0.007061,0.314083,0.806147
-0.345627,0.420128,-0.593763,-0.027752,0.022653,-0.486955,1.000000,-1.000000,-1.000000,1.000000,-1.000000,-0.170825,0.609021,1.000000
-0.440967,0.312718,-0.509071,-0.032589,0.019194,-0.488410,1.000000,-1.000000,-1.000000,1.000000,-0.419317,-1.000000,0.261919,-0.452916
-0.501168,0.194375,-0.430562,-0.033413,0.014494,-0.490945,1.000000,-1.000000,-1.000000,1.000000,-0.308966,-0.851071,-0.328520,1.000000
-0.531704,0.052360,-0.344500,-0.034865,0.012057,-0.496458,1.000000,-1.000000,-1.000000,1.000000,-0.683102,-0.255283,-0.459204,0.736623
-0.524495,-0.084101,-0.263584,-0.039145,0.012705,-0.505652,1.000000,-1.000000,-1.000000,1.000000,-1.000000,-1.000000,-0.259539,1.000000
-0.475968,-0.228321,-0.173483,-0.045789,0.011847,-0.519924,1.000000,-1.000000,-1.000000,1.000000,-0.656456,-1.000000,-0.156009,0.824076
-0.393802,-0.347574,-0.087785,-0.051058,0.010423,-0.535596,0.988681,-1.000000,-1.000000,1.000000,-0.677500,-0.392494,-0.312948,-0.608589
-0.269310,-0.448792,0.007229,-0.053437,0.008548,-0.548078,0.761151,-1.000000,-1.000000,1.000000,-0.659538,-0.609093,-0.517565,0.102323
-0.129864,-0.506523,0.096627,-0.053570,0.007968,-0.558608,1.000000,-1.000000,-1.000000,1.000000,-0.121676,-0.940219,0.227591,1.000000
0.035716,-0.522447,0.195439,-0.051072,0.005110,-0.570094,1.000000,-0.964303,-1.000000,1.000000,0.235357,-1.000000,-0.381455,-0.212935
0.188194,-0.490439,0.288303,-0.044297,0.004059,-0.580404,1.000000,-1.000000,-1.000000,1.000000,-1.000000,-1.000000,-0.155866,-0.925663
0.335983,-0.406632,0.390039,-0.035436,0.001764,-0.586945,0.962134,-1.000000,-1.000000,1.000000,-0.530979,-1.000000,0.336148,-0.849009
0.442403,-0.290644,0.484572,-0.025380,0.001605,-0.590903,0.846279,-1.000000,-1.000000,1.000000,-1.000000,-1.000000,0.526674,0.886719
0.513538,-0.135080,0.587637,-0.018151,0.003220,-0.594514,1.000000,-1.000000,-1.000000,1.000000,0.124018,-0.797095,0.530079,0.453864
0.531575,0.021602,0.682797,-0.012287,0.006632,-0.594870,1.000000,-1.000000,-1.000000,1.000000,-1.000000,0.586616,0.196069,-0.290248
0.498234,0.187534,0.785071,-0.007515,0.009176,-0.589800,1.000000,-1.000000,-1.000000,1.000000,-1.000000,-1.000000,0.028679,-0.048125
0.422654,0.323121,0.878865,-0.004243,0.012223,-0.586381,1.000000,-1.000000,-1.000000,1.000000,-1.000000,-1.000000,-0.344707,1.000000
0.299831,0.438277,0.980837,-0.004756,0.016489,-0.588439,1.000000,-1.000000,-1.000000,1.000000,0.238409,-1.000000,-0.233435,0.524964
0.158549,0.505285,-0.924364,-0.006234,0.020002,-0.592777,1.000000,-1.000000,-1.000000,1.000000,-0.832532,-1.000000,-0.033612,-0.559027
-0.009264,0.527519,-0.821478,-0.009776,0.021525,-0.593224,1.000000,-1.000000,-1.000000,1.000000,-1.000000,-1.000000,0.344787,0.829393
-0.162441,0.499649,-0.726560,-0.016584,0.022222,-0.592513,1.000000,-1.000000,-1.000000,1.000000,-1.000000,-0.732344,0.158521,1.000000
-0.310297,0.420324,-0.623679,-0.026701,0.020449,-0.594018,1.000000,-1.000000,-1.000000,1.000000,-0.090598,-1.000000,-0.006847,0.688606
-0.417950,0.308034,-0.527842,-0.036183,0.016237,-0.599366,1.000000,-1.000000,-1.000000,1.000000,0.324206,-1.000000,-1.000000,0.951929
-0.491206,0.154946,-0.422657,-0.044790,0.008911,-0.606536,1.000000,-1.000000,-1.000000,1.000000,0.816482,0.157010,0.179874,1.000000
-0.510755,-0.001382,-0.324658,-0.051298,0.002284,-0.612599,1.000000,-1.000000,-1.000000,1.000000,-1.000000,-0.577328,-0.815641,0.175120
-0.476861,-0.169082,-0.217840,-0.054400,-0.004646,-0.616432,1.000000,-1.000000,-1.000000,1.000000,-0.332808,-1.000000,0.378526,0.312491
-0.397579,-0.306243,-0.118735,-0.054267,-0.009439,-0.619473,0.610319,-1.000000,-1.000000,1.000000,-1.000000,0.530180,-0.203285,0.899124
-0.268150,-0.419877,-0.010824,-0.054481,-0.012664,-0.622497,1.000000,-1.000000,-1.000000,1.000000,-0.263248,-0.721525,-0.456478,0.342220
-0.107950,-0.484003,0.097422,-0.052687,-0.013952,-0.624578,1.000000,-1.000000,-1.000000,1.000000,-1.000000,-1.000000,0.839628,0.443315
0.051040,-0.492426,0.197357,-0.050469,-0.014946,-0.624222,1.000000,-1.000000,-1.000000,1.000000,-1.000000,-1.000000,0.030399,0.209122
0.204206,-0.451418,0.297045,-0.046927,-0.015859,-0.623381,1.000000,-1.000000,-1.000000,1.000000,-1.000000,-1.000000,-0.801377,-0.200219
0.346551,-0.356521,0.404916,-0.042751,-0.014696,-0.622174,1.000000,-1.000000,-1.000000,1.000000,0.034054,-0.665801,-1.000000,1.000000
0.442769,-0.231891,0.504351,-0.040735,-0.010366,-0.621625,1.000000,-1.000000,-1.000000,1.000000,-1.000000,0.640996,0.865842,0.322692
0.498137,-0.072099,0.611385,-0.040108,-0.007801,-0.617332,0.733027,-1.000000,-1.000000,1.000000,0.704799,-0.912168,0.497248,1.000000
0.499828,0.083433,0.709835,-0.040267,-0.005796,-0.615406,1.000000,-1.000000,-1.000000,1.000000,-0.848031,-1.000000,-0.633838,-0.132396
0.448274,0.243312,0.816278,-0.038636,-0.005001,-0.614091,1.000000,-1.000000,-1.000000,1.000000,0.377160,-1.000000,-1.000000,-1.000000
0.356120,0.368246,0.914613,-0.036217,-0.001915,-0.614529,0.904885,-1.000000,-1.000000,1.000000,-1.000000,-0.205785,-1.000000,0.833149
0.218160,0.464848,-0.978371,-0.038068,0.002937,-0.617495,1.000000,-1.000000,-1.000000,1.000000,-1.000000,-1.000000,-0.251367,1.000000
0.068321,0.508703,-0.878926,-0.042798,0.008292,-0.621451,1.000000,-1.000000,-1.000000,1.000000,-1.000000,-1.000000,-0.625139,-1.000000
-0.100846,0.501449,-0.770734,-0.047651,0.010198,-0.624006,1.000000,-1.000000,-1.000000,1.000000,-0.319949,-1.000000,0.701111,0.371924
-0.246241,0.445034,-0.670913,-0.052136,0.010123,-0.624417,1.000000,-1.000000,-1.000000,1.000000,-1.000000,-0.605240,-0.075095,0.175472
-0.374206,0.338029,-0.563791,-0.056904,0.008003,-0.617815,1.000000,-1.000000,-1.000000,1.000000,-1.000000,-1.000000,-0.111447,0.419582
-0.453735,0.208472,-0.465963,-0.061865,0.006103,-0.611404,1.000000,-1.000000,-1.000000,1.000000,-0.320908,1.000000,-0.113323,-0.017669
-0.490801,0.050480,-0.361263,-0.065401,0.002725,-0.604068,1.000000,-1.000000,-1.000000,1.000000,-1.000000,-0.661673,-0.593726,1.000000
-0.477799,-0.096973,-0.265860,-0.071717,0.003486,-0.595995,1.000000,-1.000000,-1.000000,1.000000,-1.000000,0.864109,0.330860,0.856051
-0.415452,-0.242796,-0.163727,-0.081100,0.000912,-0.589341,1.000000,-1.000000,-1.000000,1.000000,-0.081365,-1.000000,-0.136762,1.000000
-0.319355,-0.352942,-0.069776,-0.089371,-0.002447,-0.587379,1.000000,-1.000000,-1.000000,1.000000,-1.000000,-1.000000,-0.721575,-1.000000
-0.183846,-0.434539,0.031805,-0.095098,-0.008525,-0.586051,1.000000,-1.000000,-1.000000,1.000000,0.288043,-0.698830,0.813161,0.544166
-0.041049,-0.467950,0.125724,-0.101070,-0.015140,-0.586862,0.745355,-1.000000,-1.000000,1.000000,-0.544607,-1.000000,0.150795,1.000000
0.118832,-0.454397,0.228313,-0.104924,-0.027042,-0.591883,1.000000,-1.000000,-1.000000,1.000000,0.040006,0.154647,-1.000000,1.000000
0.257361,-0.395499,0.324364,-0.105406,-0.036328,-0.600316,1.000000,-1.000000,-1.000000,1.000000,1.000000,-1.000000,-0.560676,-0.860858
0.381687,-0.285113,0.430612,-0.098412,-0.046589,-0.613026,0.728247,-1.000000,-1.000000,1.000000,-0.602957,-0.936507,-0.840116,0.715378
0.463236,-0.135878,0.539377,-0.088784,-0.053358,-0.627610,1.000000,-1.000000,-1.000000,1.000000,0.199881,-0.814867,0.329745,1.000000
0.488972,0.022004,0.641560,-0.077651,-0.056805,-0.638220,1.000000,-1.000000,-1.000000,1.000000,0.103445,-1.000000,0.557132,-0.453365
0.456720,0.194800,0.753829,-0.059902,-0.057636,-0.648007,1.000000,-1.000000,-1.000000,1.000000,0.328295,-0.380570,-0.503242,0.125460
0.372556,0.336444,0.858881,-0.043001,-0.049347,-0.656327,1.000000,-1.000000,-1.000000,1.000000,-0.990359,-1.000000,-1.000000,0.680428
0.231854,0.450078,0.974198,-0.029873,-0.037777,-0.665605,1.000000,-1.000000,-1.000000,1.000000,-1.000000,-0.384931,-0.115609,-1.000000
0.072230,0.503397,-0.918656,-0.024332,-0.023787,-0.669429,1.000000,-1.000000,-1.000000,1.000000,-1.000000,-1.000000,0.283046,1.000000
-0.096610,0.499856,-0.811128,-0.024737,-0.011561,-0.672152,1.000000,-1.000000,-1.000000,1.000000,-1.000000,-0.676480,-0.682474,-0.463111
-0.266642,0.431962,-0.694428,-0.029994,0.000478,-0.673224,1.000000,-1.000000,-1.000000,1.000000,-1.000000,-1.000000,-0.382645,0.610128
-0.391781,0.317860,-0.586514,-0.039726,0.009987,-0.674151,1.000000,-1.000000,-1.000000,1.000000,-1.000000,0.349206,-1.000000,0.437402
-0.474756,0.155647,-0.470306,-0.051577,0.015286,-0.671089,1.000000,-1.000000,-1.000000,1.000000,-1.000000,0.060946,-0.128183,-0.674114
-0.494273,-0.009220,-0.364465,-0.062874,0.016344,-0.661078,1.000000,-1.000000,-1.000000,1.000000,-0.757898,-1.000000,-0.107606,0.117753
-0.453825,-0.181324,-0.251494,-0.070737,0.010076,-0.651430,1.000000,-1.000000,-1.000000,1.000000,-0.951591,-1.000000,0.265103,-0.143249
-0.366523,-0.316191,-0.148746,-0.075586,0.003229,-0.642646,1.000000,-1.000000,-1.000000,1.000000,-0.200951,-1.000000,1.000000,0.915417
-0.229818,-0.421496,-0.038198,-0.079161,-0.006213,-0.637678,1.000000,-1.000000,-1.000000,1.000000,-0.977821,-1.000000,-0.141649,1.000000
-0.079179,-0.471311,0.063305,-0.082274,-0.011732,-0.634406,1.000000,-1.000000,-1.000000,1.000000,-1.000000,-1.000000,-0.085555,-0.206334
0.090511,-0.468981,0.171885,-0.081954,-0.018270,-0.626409,1.000000,-1.000000,-1.000000,1.000000,-1.000000,-1.000000,0.449136,-0.074735
0.235625,-0.417270,0.270374,-0.078654,-0.022374,-0.615555,1.000000,-1.000000,-1.000000,1.000000,-0.628921,-1.000000,-0.829281,-0.678484
0.364438,-0.316130,0.375259,-0.071124,-0.026926,-0.605156,1.000000,-1.000000,-1.000000,1.000000,-1.000000,-1.000000,-0.097965,-0.634784
0.446587,-0.192803,0.470212,-0.063457,-0.026852,-0.593174,1.000000,-1.000000,-1.000000,1.000000,-0.835608,-0.282209,0.399757,0.990630
0.489565,-0.041651,0.571118,-0.056368,-0.025659,-0.582197,1.000000,-1.000000,-1.000000,1.000000,-1.000000,-0.732590,-0.124627,0.164249
0.485672,0.099815,0.662034,-0.050080,-0.021930,-0.568394,1.000000,-1.000000,-1.000000,1.000000,0.740978,-0.962968,0.194938,-0.147253
0.437973,0.241398,0.758045,-0.042620,-0.019868,-0.553690,1.000000,-1.000000,-1.000000,1.000000,-1.000000,-0.854827,-0.414996,0.192780
0.360352,0.351223,0.844521,-0.038353,-0.013708,-0.540659,1.000000,-1.000000,-1.000000,1.000000,-0.288687,-0.340702,1.000000,1.000000
0.249008,0.439920,0.936216,-0.036109,-0.008710,-0.528999,1.000000,-1.000000,-1.000000,1.000000,0.328793,-0.169972,-0.342866,-1.000000
0.130765,0.489335,-0.981225,-0.034678,-0.003179,-0.516046,1.000000,-1.000000,-1.000000,1.000000,-0.959479,-0.478264,-1.000000,-0.222321
-0.002093,0.506282,-0.894805,-0.034697,0.002161,-0.498482,1.000000,-1.000000,-1.000000,1.000000,-1.000000,-0.690140,-0.231166,-0.611767
-0.119861,0.490498,-0.818040,-0.036770,0.007534,-0.479940,1.000000,-1.000000,-0.705264,1.000000,-0.514988,-0.420214,-0.087923,1.000000
-0.234161,0.444441,-0.738139,-0.041516,0.010032,-0.460843,1.000000,-1.000000,-1.000000,1.000000,-1.000000,-0.343948,-0.026006,-1.000000
-0.321748,0.381648,-0.667985,-0.046512,0.010129,-0.438175,0.910627,-1.000000,-1.000000,1.000000,-0.633300,-1.000000,-0.589731,-1.000000
-0.395208,0.298282,-0.595363,-0.049725,0.007759,-0.419277,1.000000,-1.000000,-1.000000,1.000000,-1.000000,-1.000000,1.000000,1.000000
-0.442572,0.212076,-0.530997,-0.053380,0.008991,-0.401807,0.485810,-1.000000,-1.000000,1.000000,-1.000000,-0.047939,-0.878951,1.000000
-0.471896,0.113410,-0.463685,-0.058652,0.011538,-0.388824,1.000000,-1.000000,-1.000000,1.000000,-0.962495,-1.000000,-1.000000,-0.823584
-0.479592,0.021239,-0.403257,-0.062262,0.012929,-0.377881,1.000000,-1.000000,-1.000000,1.000000,-0.669545,-0.829330,0.323608,1.000000
-0.468038,-0.076799,-0.338771,-0.066113,0.012151,-0.371847,1.000000,-1.000000,-1.000000,1.000000,-1.000000,-0.967657,0.925213,1.000000
-0.439840,-0.162960,-0.279611,-0.070769,0.011860,-0.369638,1.000000,-1.000000,-1.000000,1.000000,1.000000,-1.000000,0.316830,0.399192
-0.391467,-0.248428,-0.215420,-0.074948,0.007368,-0.370437,1.000000,-1.000000,-1.000000,1.000000,0.064764,0.344843,0.009817,-0.276759
-0.332501,-0.316516,-0.156314,-0.075848,0.001025,-0.369398,1.000000,-1.000000,-1.000000,1.000000,0.606817,-1.000000,-0.295095,-1.000000
-0.255361,-0.376356,-0.091861,-0.073574,-0.006166,-0.371911,0.962919,-0.998921,-1.000000,1.000000,-1.000000,-1.000000,-0.835450,0.579595
-0.173463,-0.417277,-0.031253,-0.072061,-0.007219,-0.378689,0.902795,-1.000000,-1.000000,1.000000,-1.000000,-0.844078,-0.740097,1.000000
-0.075294,-0.443815,0.036144,-0.072567,-0.006568,-0.388843,1.000000,-1.000000,-1.000000,1.000000,-0.704298,-0.971700,1.000000,1.000000
0.021313,-0.449223,0.100373,-0.072994,-0.008056,-0.401412,1.000000,-1.000000,-1.000000,1.000000,-0.705434,-1.000000,1.000000,-1.000000
0.127039,-0.431927,0.171797,-0.069315,-0.014209,-0.412206,1.000000,-0.956396,-1.000000,1.000000,0.486929,-0.744383,-0.904902,-1.000000
0.220283,-0.394143,0.239193,-0.063188,-0.017144,-0.421082,1.000000,-1.000000,-1.000000,1.000000,-0.811625,-0.436674,-0.181320,0.643084
0.311323,-0.330521,0.313951,-0.058992,-0.016932,-0.431348,1.000000,-1.000000,-1.000000,1.000000,-1.000000,-1.000000,0.428220,1.000000
0.381224,-0.252650,0.384597,-0.056907,-0.014695,-0.441376,1.000000,-1.000000,-1.000000,1.000000,-0.865126,-1.000000,-1.000000,-0.324545
0.436084,-0.151305,0.462657,-0.054161,-0.013538,-0.450496,1.000000,-1.000000,-1.000000,1.000000,-1.000000,-1.000000,0.636843,0.267441
0.463567,-0.047234,0.535760,-0.053426,-0.009821,-0.456779,1.000000,-1.000000,-1.000000,1.000000,-1.000000,-0.632922,-0.310194,0.347349
0.465648,0.070352,0.615948,-0.054300,-0.006004,-0.462795,1.000000,-1.000000,-1.000000,1.000000,-0.398887,-1.000000,-0.095357,-1.000000
0.440963,0.177381,0.690929,-0.054654,-0.003515,-0.468383,1.000000,-1.000000,-1.000000,1.000000,-1.000000,-1.000000,-0.394882,0.353540
0.385869,0.284714,0.773536,-0.057059,-0.001265,-0.476673,1.000000,-1.000000,-1.000000,1.000000,0.902930,-0.157444,0.008508,1.000000
0.244151,0.202100,-0.618851,0.000000,0.000000,-0.000000,0.000000,0.000000,0.000000,0.000000,0.000000,0.000000,0.000000,0.000000
0.244142,0.202105,-0.618844,0.000053,0.000002,-0.000055,-0.799498,0.626600,1.000000,-0.896559,1.000000,0.604868,-0.389902,-0.320460
0.244009,0.202184,-0.618738,0.000724,0.000029,-0.000611,-0.454340,0.617938,1.000000,-1.000000,0.384969,-0.029037,1.000000,0.415224
0.243474,0.202508,-0.618281,0.002915,0.000304,-0.002855,-0.210540,0.326032,1.000000,-0.483326,1.000000,-0.336546,0.750837,0.852797
0.242002,0.203380,-0.617021,0.007347,0.000995,-0.007273,0.638503,0.104288,1.000000,-0.172940,1.000000,1.000000,-0.433113,0.098103
0.239145,0.204999,-0.614648,0.014664,0.001974,-0.013692,0.130155,0.311898,1.000000,-0.521590,1.000000,-1.000000,0.089043,-1.000000
0.234831,0.207378,-0.611075,0.023758,0.003483,-0.022315,-0.189542,0.019388,1.000000,-0.897991,0.725315,0.694329,-0.961053,-0.398865
0.228632,0.210693,-0.605956,0.033747,0.005163,-0.031999,-0.408015,0.132969,1.000000,-0.383995,1.000000,-0.068741,0.786796,-0.583653
0.219149,0.215531,-0.597889,0.044745,0.009766,-0.046558,-0.304875,0.163415,1.000000,-1.000000,0.678214,-1.000000,0.980959,-0.151598
0.207356,0.221164,-0.587484,0.055123,0.016834,-0.065015,-0.508932,0.399004,1.000000,-0.760709,1.000000,0.225614,-0.064342,-0.735040
0.191166,0.228156,-0.573014,0.065112,0.024200,-0.083470,-0.284372,0.050960,1.000000,-1.000000,0.263131,0.980432,-0.004312,-1.000000
0.172992,0.234972,-0.556594,0.073300,0.032586,-0.102646,0.159887,-0.436444,1.000000,-1.000000,0.222197,1.000000,1.000000,0.914070
0.149844,0.242112,-0.535438,0.078693,0.042107,-0.122079,-0.102780,0.000405,0.996241,-0.574020,0.449325,0.508503,-0.227710,1.000000
0.125840,0.247781,-0.513525,0.083242,0.048375,-0.136906,0.296977,-0.326698,1.000000,-0.544388,0.972670,0.266286,-0.848460,-0.092253
0.097638,0.252280,-0.487968,0.087050,0.052681,-0.147401,0.289955,-0.515127,0.297704,-0.482044,1.000000,-1.000000,-0.301696,-1.000000
0.069969,0.254434,-0.463101,0.091509,0.055933,-0.155489,0.728447,-0.635276,-0.188319,0.127629,-0.821501,-1.000000,-0.004545,-1.000000
0.038566,0.254038,-0.434784,0.093611,0.061591,-0.163305,-0.438532,-0.117166,-0.415536,-1.000000,-0.527582,0.363526,0.666826,0.278854
0.008768,0.250713,-0.407171,0.091002,0.068008,-0.172639,0.020086,-0.889777,0.625609,-1.000000,-1.000000,-0.153978,0.524607,0.528688
-0.023587,0.243549,-0.375759,0.083629,0.074792,-0.181178,0.537427,-0.951876,-1.000000,-0.213050,0.995717,-0.424800,0.762443,-0.609329
-0.052035,0.233746,-0.346404,0.072894,0.078569,-0.183563,-0.031677,-0.949132,-1.000000,0.607212,0.672498,-0.846792,0.975916,-0.767362
-0.080116,0.220273,-0.315259,0.060387,0.079906,-0.179682,0.018582,-0.793242,-1.000000,-0.552479,0.552091,-1.000000,1.000000,0.902062
-0.103020,0.205797,-0.287482,0.047647,0.079074,-0.173255,0.649696,-0.755516,-1.000000,0.034017,-1.000000,0.176546,0.991727,1.000000
-0.124220,0.188675,-0.258915,0.034894,0.077708,-0.165066,0.679207,-0.883188,-1.000000,0.147411,0.530877,-0.682877,-0.071127,-1.000000
-0.140188,0.172274,-0.234515,0.022435,0.075404,-0.152507,-0.304698,-0.840834,-1.000000,-0.195791,-1.000000,-1.000000,-0.507562,-0.301183
-0.153547,0.154700,-0.210673,0.009452,0.072527,-0.137513,-0.187664,-0.557627,-1.000000,0.758507,-1.000000,-0.917720,1.000000,1.000000
-0.162343,0.139454,-0.191586,-0.002369,0.068654,-0.119324,0.585916,-0.807187,-1.000000,-0.404345,-0.515597,-0.538312,1.000000,0.460655
-0.168255,0.124830,-0.174771,-0.013466,0.064394,-0.097043,0.434342,-0.680962,-1.000000,0.295377,-0.134532,-0.276501,1.000000,-0.213761
-0.170689,0.113632,-0.163222,-0.023602,0.059649,-0.072155,0.130964,-0.874640,-1.000000,0.170599,-0.005204,0.207567,0.239490,-1.000000
-0.170428,0.104186,-0.154983,-0.034556,0.054839,-0.047541,-0.470943,0.055800,-1.000000,0.375236,0.045355,-0.442402,0.019527,-0.182194
-0.168052,0.097767,-0.150858,-0.044167,0.049991,-0.025763,0.283222,-0.076050,-0.636065,-0.660340,0.273521,-0.205632,1.000000,1.000000
-0.163610,0.093208,-0.149996,-0.051747,0.045127,-0.004974,0.503016,-1.000000,-0.712128,0.136052,-1.000000,-1.000000,1.000000,0.076675
-0.158031,0.091000,-0.152516,-0.057581,0.041675,0.015747,0.144881,0.088883,0.230149,0.698394,0.820817,0.096989,-1.000000,-1.000000
-0.150835,0.090096,-0.157911,-0.061868,0.039223,0.031126,-0.491257,-0.093666,-0.788854,-0.368911,-0.407286,-0.200382,0.380124,0.481259
-0.143468,0.090150,-0.164635,-0.064654,0.037040,0.042025,-0.599359,0.257998,1.000000,-0.659096,-0.617136,-0.929792,-0.247823,0.331422
-0.135309,0.090280,-0.172520,-0.064622,0.037312,0.045477,-0.500836,0.875333,0.692620,-0.759238,1.000000,0.734894,1.000000,1.000000
-0.127860,0.090162,-0.179827,-0.063601,0.038111,0.045688,-0.276279,-0.159498,0.625556,-0.810604,1.000000,-0.592222,1.000000,-1.000000
-0.119920,0.089697,-0.187626,-0.062577,0.039238,0.045003,0.479292,0.152019,0.173155,-0.225309,1.000000,1.000000,-1.000000,-1.000000
-0.112727,0.088950,-0.194677,-0.061582,0.040232,0.044037,0.166861,0.570148,1.000000,-0.462191,1.000000,0.386668,-0.941183,0.576169
-0.105133,0.087742,-0.202028,-0.060559,0.041623,0.042419,-0.496255,-0.205945,1.000000,-0.483946,-1.000000,-1.000000,-0.261022,-0.171045
-0.098449,0.086101,-0.208198,-0.059089,0.043598,0.038562,-0.774112,0.770713,1.000000,-1.000000,1.000000,0.047271,-0.234216,0.504510
-0.091821,0.083507,-0.213582,-0.056689,0.046671,0.031061,0.247241,0.279625,1.000000,-0.380335,-0.394175,0.912022,1.000000,-1.000000
-0.086529,0.080113,-0.216725,-0.053126,0.051144,0.019642,-0.096927,1.000000,0.515568,-1.000000,-0.544406,0.325557,-0.095237,-0.142760
-0.081909,0.075247,-0.217559,-0.048460,0.055959,0.004812,-0.136843,0.487031,1.000000,-0.625251,0.885573,-1.000000,-0.024174,-0.604139
-0.078776,0.069690,-0.215626,-0.042725,0.060222,-0.012081,0.116329,-0.078633,0.414985,-0.780324,1.000000,-1.000000,0.008883,0.087138
-0.076179,0.062901,-0.211080,-0.039343,0.062112,-0.026199,-0.584291,0.185934,-0.475839,-0.346737,0.523074,-0.210151,-0.527213,-1.000000
-0.074133,0.056223,-0.205072,-0.038359,0.062296,-0.037580,-0.641099,0.843409,0.177144,-0.538315,0.166273,-1.000000,-0.105974,-1.000000
-0.072240,0.048731,-0.196596,-0.036967,0.060430,-0.048909,-0.033247,0.269198,0.527407,0.476354,-1.000000,-0.278880,1.000000,0.754690
-0.070808,0.041822,-0.187302,-0.033562,0.056801,-0.057990,-0.078116,0.822624,-0.175464,0.991005,-1.000000,0.697835,0.346232,0.591935
-0.069570,0.034500,-0.175925,-0.029610,0.052492,-0.065797,0.331710,0.156070,-0.024764,0.692834,1.000000,-0.136650,0.023917,0.095550
-0.068545,0.027964,-0.164559,-0.026308,0.047933,-0.070966,0.259479,0.252214,-0.647478,1.000000,0.645879,-0.946747,0.483701,1.000000
-0.067358,0.021201,-0.151616,-0.024919,0.043453,-0.074702,0.382744,-0.222123,-0.382038,0.140003,-0.133314,-0.551625,-0.413851,1.000000
-0.066080,0.015294,-0.139415,-0.024300,0.039417,-0.076256,0.442766,0.097974,-1.000000,0.984867,-0.037937,-0.793031,-0.783042,-0.302883
-0.064554,0.009304,-0.126289,-0.023071,0.035726,-0.075691,0.926552,-0.199137,-0.952664,0.679841,-0.361035,-0.071031,0.307701,-0.056082
-0.063139,0.004186,-0.114715,-0.020370,0.032926,-0.072362,-0.029635,-0.440812,-0.426223,1.000000,-1.000000,-1.000000,0.957933,0.655461
-0.061705,-0.000937,-0.102984,-0.016984,0.030714,-0.067696,0.447917,0.117062,-0.410448,-0.354446,0.829492,-0.720611,-0.557814,-0.438530
-0.060434,-0.005263,-0.093015,-0.014406,0.028471,-0.062250,-0.084672,-0.174505,-1.000000,1.000000,0.832789,-0.707589,0.012609,-0.843897
-0.059175,-0.009429,-0.083534,-0.011827,0.026042,-0.054723,0.483368,-0.335611,-1.000000,0.225859,-0.619322,-0.861235,-0.309879,0.766284
-0.058088,-0.012893,-0.075984,-0.010078,0.024556,-0.047191,-0.492953,-0.586835,-0.776086,0.613796,-0.640111,0.844381,0.582529,0.400014
-0.057049,-0.016236,-0.069106,-0.008207,0.022984,-0.039686,-0.082228,0.108922,0.138717,0.483081,1.000000,-1.000000,0.954631,-0.215945
-0.056402,-0.018942,-0.063939,-0.004484,0.021220,-0.032295,-0.520605,-0.452820,-0.121759,0.738235,-1.000000,-1.000000,0.050803,0.633376
-0.056079,-0.021577,-0.059438,-0.000540,0.020215,-0.025966,0.199370,-0.709718,-0.967566,-0.363512,0.641761,0.594485,-0.352895,-0.615200
-0.055847,-0.023729,-0.056246,-0.000153,0.018937,-0.019952,-0.247806,0.263924,-0.777468,-0.305240,-1.000000,-0.122329,0.726579,-1.000000
-0.055483,-0.025738,-0.053736,-0.001921,0.017231,-0.014473,-0.446256,-0.342229,0.046948,-0.305137,-0.309553,-1.000000,0.548383,0.738542
-0.055079,-0.027347,-0.052102,-0.003232,0.015769,-0.010210,0.104758,-0.022371,-0.354293,0.634504,-0.718232,-1.000000,0.311011,0.572031
-0.054663,-0.028792,-0.051153,-0.003669,0.014082,-0.005477,0.324929,0.328102,-0.688323,0.310733,0.805631,-0.361830,0.701034,-0.044990
-0.054325,-0.029826,-0.051044,-0.003912,0.012093,-0.000681,-0.249017,-0.147696,0.442305,-0.431781,-0.022276,-0.347625,0.948353,-1.000000
-0.054002,-0.030785,-0.051327,-0.003838,0.011064,0.001629,0.133306,0.184163,0.453735,0.057253,1.000000,-1.000000,-0.339698,-0.381771
-0.053766,-0.031556,-0.051866,-0.003425,0.010272,0.003372,-0.429353,0.035927,-0.859660,0.703147,-0.035041,0.573742,1.000000,-0.857081
-0.053608,-0.032201,-0.052893,-0.002855,0.008999,0.005927,-0.010040,0.591536,0.444790,-0.274083,0.272296,-0.148905,0.201226,-0.925981
-0.053513,-0.032707,-0.054021,-0.002485,0.008284,0.007045,-0.896236,0.017605,0.182502,-0.223938,0.393385,-1.000000,-1.000000,1.000000
-0.053419,-0.033210,-0.055278,-0.002453,0.007852,0.007250,-0.393805,0.616556,-1.000000,-0.224895,-0.787937,-0.197853,-1.000000,0.850539
-0.053299,-0.033616,-0.056402,-0.002819,0.007085,0.007026,-0.338747,0.507034,-0.388326,-0.035894,1.000000,-0.065398,0.995834,-1.000000
-0.053116,-0.033956,-0.057533,-0.003320,0.005818,0.006526,-0.663535,0.000499,-0.654572,-0.002008,0.914130,0.368922,0.407342,-0.796616
-0.052840,-0.034140,-0.058471,-0.004478,0.004053,0.005861,-1.000000,0.368913,-0.434963,-0.502735,1.000000,-0.371046,-1.000000,0.212111
-0.052224,-0.034213,-0.059096,-0.006500,0.001685,0.003127,-0.587790,0.177474,0.064879,-0.136760,-0.091490,0.693688,-0.715605,0.031891
-0.051435,-0.034222,-0.058914,-0.008454,-0.000235,-0.001050,-0.386077,0.177100,1.000000,0.253500,0.016587,-0.216296,1.000000,0.007688
-0.050518,-0.034220,-0.058088,-0.009868,-0.001605,-0.005165,-0.479800,0.103551,0.420173,-0.630548,0.278133,-1.000000,0.479931,0.540032
-0.049322,-0.034197,-0.056550,-0.011315,-0.002933,-0.008870,0.011230,-0.462991,-1.000000,0.280765,-0.201877,-0.336908,0.160990,-1.000000
-0.048064,-0.034147,-0.054770,-0.012673,-0.003868,-0.011119,-0.413940,0.225227,-0.778034,-0.546097,0.261552,0.275064,-0.795223,-1.000000
-0.046514,-0.034051,-0.052418,-0.014261,-0.004952,-0.013577,-0.658504,0.082310,0.495741,-1.000000,-1.000000,-0.237385,0.711494,-1.000000
-0.044437,-0.033934,-0.049054,-0.016328,-0.005777,-0.016823,-0.274924,-0.106054,0.659603,-0.039978,-1.000000,0.720459,1.000000,-0.795334
-0.042630,-0.033832,-0.046073,-0.017707,-0.006151,-0.018631,0.445559,-0.403665,0.337357,0.674757,-0.009381,0.963144,-0.247300,0.376698
-0.040581,-0.033695,-0.042696,-0.018553,-0.006458,-0.019487,-1.000000,-0.759603,-0.743497,0.122535,0.781902,1.000000,-0.475119,-0.355944
-0.038542,-0.033541,-0.039357,-0.020031,-0.006880,-0.020859,-0.365848,-0.517760,0.226751,0.128210,-0.452912,-1.000000,-0.305534,-0.658728
-0.036206,-0.033347,-0.035572,-0.021265,-0.007137,-0.021847,0.066058,0.274593,1.000000,0.245381,-1.000000,-0.011391,1.000000,0.789241
-0.033989,-0.033147,-0.032001,-0.021906,-0.007189,-0.022314,-0.299921,-0.487580,-0.752512,-0.240479,-1.000000,-0.848580,1.000000,-0.274936
-0.031532,-0.032896,-0.028116,-0.022533,-0.007290,-0.022419,-0.051934,-0.350686,-0.209879,0.002384,0.207481,-0.411541,-1.000000,-0.621080
-0.028635,-0.032554,-0.023654,-0.023167,-0.007434,-0.022303,-0.430699,-0.538675,0.241795,0.368673,-0.140491,0.733079,-0.134631,-0.256901
-0.026272,-0.032249,-0.020139,-0.023825,-0.007372,-0.021972,-0.228625,-0.404758,1.000000,0.166871,-1.000000,1.000000,1.000000,-0.031230
-0.023732,-0.031908,-0.016337,-0.023666,-0.007180,-0.021932,-0.008606,-0.120104,0.437447,0.784876,0.422835,-1.000000,1.000000,0.496066
-0.021509,-0.031525,-0.012972,-0.022403,-0.007515,-0.021003,-0.114911,0.265604,-0.201696,1.000000,0.460191,-0.762574,1.000000,-0.802979
-0.019343,-0.030942,-0.009720,-0.020269,-0.008812,-0.018782,0.128134,-0.167052,0.771256,0.236216,1.000000,0.545999,-1.000000,-0.983225
-0.017630,-0.030262,-0.006998,-0.017224,-0.010036,-0.017005,0.138463,-0.358310,0.635000,0.489185,-1.000000,-0.440059,-0.898168,-1.000000
-0.016005,-0.029300,-0.003692,-0.012479,-0.010898,-0.016539,0.382627,0.103068,1.000000,0.031763,-1.000000,-0.677741,0.219609,0.561592
-0.015090,-0.028568,-0.000370,-0.006680,-0.009857,-0.019155,0.248366,-0.219600,-0.571538,0.210322,0.667146,1.000000,1.000000,-0.096784
-0.014508,-0.027918,0.002742,-0.003599,-0.009485,-0.019456,0.142132,-0.885886,-0.367252,-0.128026,-0.617355,-1.000000,-0.622030,0.477294
-0.014017,-0.027103,0.006358,-0.001652,-0.009314,-0.018084,0.021879,-0.293024,-0.018844,0.491797,0.052488,-0.697376,0.378233,0.495549
-0.013762,-0.026438,0.009135,-0.000191,-0.008643,-0.016018,0.045289,-0.988541,0.319914,-0.527439,-0.769086,-1.000000,0.839351,-1.000000
-0.013566,-0.025921,0.011271,-0.000224,-0.007247,-0.013354,0.139462,-0.638421,-0.559258,-0.051655,1.000000,-0.241637,0.897149,-0.355463
-0.013359,-0.025426,0.013034,-0.000688,-0.006255,-0.010167,-0.325413,0.202365,-0.663796,0.270127,-0.717062,-0.452674,0.640207,0.002908
-0.013230,-0.024956,0.014263,-0.000367,-0.006213,-0.007684,-0.812476,0.359639,-0.134623,0.774361,-0.529912,-1.000000,-1.000000,-1.000000
-0.013222,-0.024360,0.015110,0.000636,-0.006931,-0.004890,-0.714222,-0.358798,-0.250891,0.340053,0.814082,1.000000,0.494995,0.933699
-0.013314,-0.023740,0.015527,0.001477,-0.007594,-0.002606,1.000000,0.415935,-1.000000,-0.370699,-1.000000,-1.000000,1.000000,-0.895637
-0.013469,-0.022992,0.015711,0.001853,-0.008298,-0.001060,0.023610,0.341674,-0.430553,0.156875,0.518442,-1.000000,-0.035931,-1.000000
-0.013632,-0.022247,0.015696,0.001930,-0.008869,0.000094,-0.324361,-0.317489,-0.022923,-0.558296,1.000000,1.000000,0.003283,-0.670541
-0.013804,-0.021426,0.015615,0.001830,-0.008979,0.000467,-0.321326,-0.047892,0.648674,-0.340818,-1.000000,-1.000000,-0.617970,0.434769
-0.013957,-0.020672,0.015523,0.001742,-0.008924,0.000578,0.385166,-0.062443,-0.214049,0.018909,0.712854,-0.912865,-0.030516,0.881576
-0.014113,-0.019855,0.015367,0.001602,-0.008912,0.000896,-0.659431,-1.000000,-1.000000,0.023618,0.924444,-0.359085,0.615064,0.288281
-0.014238,-0.019100,0.015069,0.001274,-0.008825,0.001863,-0.208840,-0.385037,-0.120865,0.244361,0.996093,-0.433615,-0.161615,-1.000000
-0.014358,-0.018304,0.014566,0.000985,-0.008502,0.002902,0.083401,-0.467128,0.410328,-1.000000,0.115322,-1.000000,1.000000,-1.000000
-0.014460,-0.017612,0.013978,0.000815,-0.007927,0.003679,-0.876622,-0.065537,0.882170,-0.592877,-1.000000,-0.661800,0.812395,0.492380
-0.014553,-0.016897,0.013304,0.000607,-0.007520,0.003888,0.304989,0.474702,-0.436595,0.102377,-0.227475,0.148048,0.188666,-1.000000
-0.014624,-0.016250,0.012677,0.000448,-0.007359,0.003917,-0.018453,-0.027374,-0.826054,-0.070674,-0.233197,0.792301,0.871346,0.558884
-0.014681,-0.015563,0.011985,0.000247,-0.007191,0.003988,-0.565329,-0.637480,0.715111,-0.490695,-0.741647,-0.387815,-0.841664,-0.239009
-0.014711,-0.014951,0.011332,-0.000026,-0.006939,0.004085,-0.182232,0.238398,-0.560174,0.543202,1.000000,-1.000000,-1.000000,-0.032027
-0.014721,-0.014301,0.010622,-0.000260,-0.006786,0.004100,-0.159071,0.076395,0.451482,-0.547516,-0.228908,0.483850,1.000000,0.174501
-0.014706,-0.013713,0.009978,-0.000522,-0.006635,0.004023,-0.360433,0.213198,-0.618879,-0.184396,0.360874,0.427117,0.942736,-0.821660
-0.014666,-0.013086,0.009289,-0.000762,-0.006540,0.003970,0.915858,-0.470823,-0.529476,-0.064102,1.000000,1.000000,0.906997,0.067597
-0.014602,-0.012368,0.008488,-0.000924,-0.006490,0.004010,0.216381,0.396936,0.545129,-0.027395,1.000000,-0.077432,0.147207,-0.716626
-0.014540,-0.011800,0.007851,-0.001033,-0.006405,0.003980,-0.004816,-0.205495,-0.452581,-0.215486,-0.359080,-0.929774,-1.000000,0.867078
-0.014449,-0.011196,0.007189,-0.001264,-0.006308,0.003819,-0.629382,0.568894,-0.048124,-1.000000,0.154659,-1.000000,0.007744,1.000000
-0.014305,-0.010657,0.006671,-0.001939,-0.006136,0.003239,-0.036702,-0.433968,-0.509243,-0.700807,0.197929,-0.449268,0.390138,0.260523
-0.014068,-0.010094,0.006215,-0.002773,-0.005964,0.002630,-0.204907,-0.296447,0.015981,0.156967,1.000000,-1.000000,-0.477210,-0.310111
-0.013792,-0.009598,0.005890,-0.003398,-0.005733,0.002030,-0.386621,0.147190,-0.158405,-0.582988,1.000000,-0.659635,0.005756,-0.429772
-0.013427,-0.009102,0.005697,-0.004081,-0.005356,0.001113,-0.303224,-0.170456,0.775048,-0.145194,-0.831405,-0.486351,1.000000,-1.000000
-0.013047,-0.008675,0.005647,-0.004547,-0.005060,0.000310,-0.344706,0.862604,-0.416118,0.191494,-1.000000,0.735586,-0.013309,-0.861859
-0.012616,-0.008221,0.005662,-0.004722,-0.004994,-0.000085,0.454855,-0.393501,-0.381468,0.569053,-0.125212,0.766589,0.722175,-1.000000
-0.012215,-0.007804,0.005677,-0.004771,-0.004972,-0.000097,0.342227,-0.397764,-0.320774,0.467990,-0.960778,0.065807,0.033710,1.000000
-0.011776,-0.007354,0.005683,-0.004827,-0.004953,-0.000033,-0.235486,-0.146653,0.165317,-0.426623,0.765567,0.262929,-0.978313,0.042705
-0.011368,-0.006941,0.005682,-0.004859,-0.004911,0.000007,0.794768,0.232601,-0.033716,-0.154496,1.000000,-1.000000,-1.000000,0.956129
-0.010931,-0.006499,0.005659,-0.004805,-0.004846,0.000133,-0.043539,-0.950286,0.064321,0.034924,-0.381169,-1.000000,1.000000,-0.524206
-0.010543,-0.006102,0.005565,-0.004638,-0.004694,0.000589,1.000000,-0.649635,-0.980954,0.047830,0.130453,-1.000000,0.466413,0.624050
-0.010175,-0.005696,0.005226,-0.004111,-0.004339,0.001951,0.011232,-0.386363,0.171206,-0.338816,-0.378454,0.946960,0.864854,-0.754901
-0.009871,-0.005344,0.004754,-0.003723,-0.004005,0.002954,-0.290200,0.503440,0.519134,-1.000000,0.229799,-1.000000,-0.962451,0.528562
-0.009541,-0.004985,0.004218,-0.003731,-0.003764,0.003090,-0.769323,-0.375862,0.432215,0.063708,0.870464,0.567901,-1.000000,1.000000
-0.009225,-0.004668,0.003709,-0.003855,-0.003598,0.003182,-0.015629,-0.285220,-1.000000,0.636793,0.615953,-1.000000,1.000000,0.270895
-0.008875,-0.004339,0.003101,-0.003947,-0.003419,0.003512,-0.408357,-0.556471,-0.295352,-0.246183,0.680650,-1.000000,0.301780,0.062785
-0.008547,-0.004063,0.002440,-0.004005,-0.003064,0.004125,-0.082753,-0.564071,0.585462,-0.258428,0.206905,-1.000000,0.604083,-0.038835
-0.008195,-0.003817,0.001572,-0.003986,-0.002454,0.005008,-0.622910,-0.363651,0.404662,0.638458,-1.000000,-0.028291,0.189767,-1.000000
-0.007786,-0.003597,0.000379,-0.004037,-0.001804,0.005969,0.366034,0.067952,-0.520335,-0.012188,1.000000,0.194080,0.797676,-0.750535
-0.007454,-0.003448,-0.000635,-0.004093,-0.001472,0.006338,-0.591893,0.363752,1.000000,-0.764360,-0.275009,-0.925611,1.000000,0.743819
-0.007088,-0.003321,-0.001668,-0.004134,-0.001129,0.005960,0.208914,-0.131597,0.257755,-1.000000,1.000000,-0.020304,0.442579,-0.781444
-0.006731,-0.003240,-0.002538,-0.004366,-0.000733,0.005434,0.388805,-0.232537,-0.847583,-0.077798,1.000000,-0.324152,-0.054332,-0.695852
-0.006326,-0.003170,-0.003442,-0.004545,-0.000557,0.005216,-0.592725,0.708013,-0.104978,0.268517,0.089281,-0.095212,-0.448400,0.303830
-0.005940,-0.003114,-0.004242,-0.004696,-0.000480,0.005003,-0.464436,0.067310,0.394597,-0.696069,-0.033114,-0.386606,-1.000000,0.380816
-0.005506,-0.003063,-0.005067,-0.004850,-0.000396,0.004754,0.271601,-0.594405,-0.144608,0.530028,-0.121128,-0.138611,1.000000,1.000000
-0.005100,-0.003020,-0.005822,-0.004923,-0.000350,0.004720,-0.282752,0.222099,-0.458750,-0.185305,-0.146961,-0.491512,1.000000,-1.000000
-0.004652,-0.002980,-0.006628,-0.005002,-0.000298,0.004648,-0.029782,-0.161607,0.624082,-0.657248,-0.030388,-0.740657,-1.000000,0.263224
-0.004130,-0.002966,-0.007448,-0.005049,-0.000021,0.004104,-0.538686,0.281361,0.910367,-0.245620,-0.100835,0.628536,0.050387,-0.556526
-0.003726,-0.002997,-0.007957,-0.004863,0.000449,0.003183,0.649777,-0.338678,-1.000000,0.640388,-0.198616,0.687516,1.000000,-1.000000
-0.003290,-0.003041,-0.008490,-0.004852,0.000551,0.003074,0.010322,-0.142001,0.080346,0.242565,1.000000,-0.555103,0.688479,1.000000
-0.002891,-0.003098,-0.008943,-0.004797,0.000735,0.002833,-0.976350,0.164869,1.000000,-0.447572,-0.316837,-0.933772,0.119509,-0.245172
-0.002493,-0.003217,-0.009252,-0.004404,0.001340,0.001782,0.405822,-0.555066,0.317015,0.278027,1.000000,-1.000000,-0.108828,1.000000
-0.002159,-0.003367,-0.009403,-0.003997,0.001802,0.000942,0.048670,0.970333,-1.000000,0.638913,1.000000,0.182504,0.996737,1.000000
-0.001811,-0.003533,-0.009548,-0.003851,0.001832,0.000839,0.369414,-0.520396,0.246460,0.113726,0.826464,0.131269,0.116814,0.794778
-0.001527,-0.003698,-0.009662,-0.003391,0.001973,0.000708,-0.213765,-0.273424,1.000000,0.862238,1.000000,0.699343,-1.000000,-0.482279
-0.001328,-0.003906,-0.009716,-0.002194,0.002281,0.000311,-0.169322,-0.236870,-0.129677,-0.355201,1.000000,-1.000000,-0.436388,-0.145208
-0.001201,-0.004123,-0.009743,-0.001398,0.002397,0.000158,-0.664780,-0.257893,-0.353897,0.279079,0.267759,-0.288093,-0.604974,1.000000
-0.001149,-0.004324,-0.009776,-0.000616,0.002385,0.000206,0.112728,-0.103476,1.000000,0.197859,-1.000000,-0.284092,-0.060790,-0.837184
-0.001232,-0.004529,-0.009793,0.000901,0.002255,0.000098,-0.573369,0.021832,0.253639,0.350459,1.000000,-1.000000,-0.090709,-1.000000
-0.001478,-0.004668,-0.009874,0.002922,0.001664,0.000503,-0.568676,0.059587,0.279319,0.811841,-0.619734,-1.000000,0.043989,-0.315310
-0.001924,-0.004724,-0.010161,0.005258,0.000683,0.001792,-0.164351,-0.123994,-0.360453,0.310743,-0.388647,1.000000,1.000000,0.845386
-0.002609,-0.004690,-0.010825,0.007417,-0.000334,0.003830,0.266011,-0.011811,-0.221850,0.390994,-1.000000,1.000000,1.000000,-0.426667
-0.003415,-0.004542,-0.011873,0.009417,-0.001657,0.006558,-0.196504,0.050943,0.260897,0.115809,1.000000,-1.000000,-1.000000,-0.387856
-0.004449,-0.004250,-0.013457,0.011114,-0.003022,0.009135,-0.372310,-0.721520,-0.180912,0.331954,-0.115238,-1.000000,0.263409,0.986269
-0.005834,-0.003801,-0.015663,0.012903,-0.003978,0.011029,-0.960056,-0.201500,1.000000,-0.045896,-0.324936,-0.951191,1.000000,0.765697
-0.007050,-0.003457,-0.017255,0.014256,-0.003747,0.009956,-0.580352,0.511675,0.444397,-0.112083,0.088823,0.605392,1.000000,-0.631513
-0.008392,-0.003112,-0.018628,0.014581,-0.003458,0.007914,-0.163906,0.597314,-0.500775,-0.337591,1.000000,0.602675,-0.778036,-1.000000
-0.009595,-0.002754,-0.019692,0.014201,-0.003929,0.006653,-0.456281,0.420612,-0.564698,0.614938,1.000000,-0.461386,-0.992591,-0.212368
-0.010830,-0.002288,-0.020621,0.013483,-0.004817,0.005360,-0.355225,-0.029631,-0.516564,-0.742697,0.287841,0.380874,-1.000000,1.000000
-0.011887,-0.001813,-0.021222,0.012535,-0.005408,0.003753,-0.044679,-0.085073,0.086063,-0.478771,-0.480131,0.564972,0.580282,0.680007
-0.012945,-0.001275,-0.021661,0.011598,-0.005735,0.002537,-0.429006,-0.213698,0.248262,0.572415,-0.270441,-1.000000,1.000000,-1.000000
-0.013821,-0.000754,-0.021832,0.010421,-0.006123,0.001066,-0.734201,0.350906,-0.182310,-0.584441,0.229069,-0.635940,0.061380,-0.040061
-0.014622,-0.000140,-0.021595,0.008805,-0.006853,-0.001366,-0.499352,-0.088412,-0.119549,-0.570913,1.000000,0.838355,1.000000,1.000000
-0.015228,0.000472,-0.020988,0.007218,-0.007618,-0.003796,-0.065910,-0.336136,-0.464763,-0.498843,0.068974,0.665837,1.000000,-0.137546
-0.015777,0.001159,-0.020060,0.006026,-0.008045,-0.005352,0.053618,-0.646007,0.048128,0.170611,1.000000,-1.000000,-0.817415,-1.000000
-0.016233,0.001809,-0.019062,0.005375,-0.008316,-0.006239,0.170590,0.796693,-0.112063,0.203464,1.000000,-0.759655,-0.504111,-1.000000
-0.016701,0.002520,-0.017903,0.005072,-0.008465,-0.006687,0.059212,-0.701919,0.096156,-0.121809,0.466805,-0.310476,1.000000,-0.682684
-0.017113,0.003183,-0.016767,0.004808,-0.008603,-0.007100,-0.738925,0.440636,0.486207,0.522050,-0.926607,0.730503,0.842026,-0.643968
-0.017524,0.003923,-0.015357,0.004360,-0.008967,-0.008136,-0.610875,0.262220,-0.178503,-0.649261,0.640809,-0.722503,-0.020569,-0.492860
-0.017862,0.004640,-0.013807,0.003801,-0.009553,-0.009685,-0.323859,-0.078387,0.225854,0.196180,0.294915,0.073395,1.000000,1.000000
-0.018202,0.005443,-0.011943,0.003435,-0.009973,-0.010755,0.688967,-0.136828,-0.967539,-0.305679,0.627472,-0.178751,0.586533,-0.710603
-0.018509,0.006197,-0.010155,0.003295,-0.010205,-0.011181,-0.819976,0.166160,0.223011,0.811931,0.470882,-1.000000,-0.488450,-0.272721
-0.018837,0.007041,-0.008116,0.003175,-0.010569,-0.011753,0.192482,-0.522942,0.150973,-0.729557,0.678429,1.000000,-0.554156,0.916105
-0.019139,0.007834,-0.006184,0.003089,-0.010808,-0.012083,-0.300335,-0.227865,-0.742827,0.742100,-1.000000,1.000000,1.000000,-0.429394
-0.019464,0.008714,-0.004087,0.003009,-0.011049,-0.012094,0.315781,0.160671,-0.338445,-0.123688,-0.224538,-1.000000,-0.055427,-0.653493
-0.019768,0.009540,-0.002186,0.003003,-0.011225,-0.011879,0.061601,0.369127,1.000000,0.470411,-0.043031,-0.206810,-0.490424,0.632711
-0.020110,0.010451,-0.000178,0.003100,-0.011382,-0.011589,-0.142963,-0.528958,-0.126501,-0.365958,-0.248376,0.805158,0.510270,1.000000
-0.020512,0.011506,0.002096,0.003128,-0.011412,-0.011368,0.639636,-0.110693,-0.467544,0.063996,0.631653,-0.547618,-1.000000,0.614397
-0.020842,0.012352,0.003871,0.002921,-0.010565,-0.010243,-0.024948,-0.281594,0.173871,0.175223,1.000000,-0.255267,-0.617087,-0.490937
-0.021214,0.013289,0.005698,0.003592,-0.012583,-0.011419,-0.001678,0.251594,-0.307806,0.702009,-0.160012,-0.992848,-0.158412,-1.000000
-0.021581,0.014195,0.007232,0.003601,-0.012007,-0.009591,-0.085976,-0.868713,-0.082634,-0.073587,-0.940138,0.300618,0.506595,0.276135
-0.021977,0.015197,0.008739,0.003624,-0.012132,-0.008689,-0.437309,-0.968804,-0.122944,-0.192305,-1.000000,0.592257,-0.044531,-0.546193
-0.022296,0.016110,0.009933,0.003119,-0.011856,-0.007464,-0.039885,-0.645807,0.178752,-0.450502,0.135440,-0.899819,0.913965,-1.000000
-0.022573,0.017059,0.010979,0.002458,-0.011229,-0.006034,-0.362927,-0.171784,0.764598,-0.670881,-1.000000,-0.701295,1.000000,-0.020425
-0.022777,0.017883,0.011740,0.001941,-0.010449,-0.004756,0.427539,-0.632028,0.478761,-0.458008,0.234855,0.764271,0.098095,-0.873582
-0.022905,0.018710,0.012278,0.001081,-0.009517,-0.003105,-0.297986,-0.458334,-0.536870,-0.106374,-0.964991,1.000000,0.777714,-0.313672
-0.022904,0.019428,0.012506,-0.000177,-0.008740,-0.001421,-0.138363,-0.188013,-0.502425,-0.772695,1.000000,0.189039,0.447917,0.081855
-0.022775,0.020156,0.012551,-0.001443,-0.008037,-0.000259,0.400014,-0.295394,0.527489,-0.101026,-0.447293,-1.000000,0.240344,0.041172
-0.022580,0.020786,0.012424,-0.002231,-0.007392,0.000790,0.907263,0.174770,0.233855,0.379367,0.949982,-1.000000,-0.677915,0.109490
-0.022353,0.021429,0.012078,-0.002248,-0.006804,0.001997,0.706576,-0.175179,-0.754390,-0.196321,0.679198,-0.170904,0.791484,-0.817428
0.077533,-0.378721,0.353278,0.000002,-0.000000,0.000002,0.000000,0.000000,0.000000,0.000000,0.000000,0.000000,0.000000,0.000000
0.077513,-0.378722,0.353268,0.000114,-0.000018,0.000086,0.777838,0.262567,-1.000000,1.000000,-0.360060,-0.909583,0.481529,-0.955772
0.077277,-0.378728,0.353145,0.000990,-0.000262,0.000710,0.383525,0.758384,-1.000000,1.000000,-1.000000,-0.825584,-1.000000,-0.247826
0.076517,-0.378736,0.352748,0.003424,-0.001054,0.002479,0.197236,0.463831,-1.000000,1.000000,-1.000000,-0.184396,-0.154274,1.000000
0.074629,-0.378773,0.351725,0.007375,-0.002269,0.005902,0.137874,0.110336,-1.000000,1.000000,-1.000000,-0.582374,-0.309379,-0.494094
0.071206,-0.378820,0.349716,0.012267,-0.004960,0.012558,0.060207,0.634894,-1.000000,1.000000,-0.758843,-0.788751,0.306680,-0.217263
0.064813,-0.378807,0.345712,0.017825,-0.009662,0.023105,-0.757892,0.197762,-1.000000,1.000000,-1.000000,-0.132687,1.000000,0.334376
0.053120,-0.378690,0.338084,0.024731,-0.014864,0.038127,0.511714,0.035147,-1.000000,1.000000,-0.508225,-0.132601,0.149393,0.088610
0.040027,-0.378314,0.329328,0.031621,-0.020153,0.054697,0.274764,0.295097,-1.000000,1.000000,-0.172992,-1.000000,-1.000000,-0.818632
0.022543,-0.377272,0.317454,0.036806,-0.024974,0.068556,-0.049412,0.552282,-1.000000,-0.020165,-0.709266,-1.000000,-0.510759,0.373932
0.004684,-0.375560,0.305201,0.039559,-0.027377,0.076552,-0.134142,0.414149,-1.000000,-0.014706,-0.971562,0.072918,1.000000,0.169721
-0.015496,-0.372696,0.291136,0.039409,-0.029725,0.081168,-0.302458,0.871781,-1.000000,-0.543937,0.444058,0.413345,1.000000,0.605319
-0.034287,-0.368894,0.277755,0.037415,-0.033593,0.083639,-0.848166,0.609943,-1.000000,0.025966,0.839614,-0.675516,0.214554,-1.000000
-0.054421,-0.363308,0.263047,0.034396,-0.039636,0.084809,-0.971044,0.731346,-0.616055,0.100949,1.000000,-0.637847,-0.807663,-0.098532
-0.071982,-0.356892,0.249877,0.030731,-0.045905,0.082345,-1.000000,1.000000,-1.000000,-0.750260,1.000000,0.385969,0.143294,0.587703
-0.089379,-0.348717,0.236465,0.026674,-0.053034,0.077386,-0.186704,0.514485,-0.090970,-0.930882,-0.975412,-1.000000,1.000000,-1.000000
-0.103743,-0.340113,0.224969,0.021786,-0.061291,0.071846,-0.779986,0.665571,-1.000000,-0.714379,0.877841,-1.000000,0.119467,-0.103272
-0.117045,-0.329964,0.213745,0.015120,-0.069018,0.064759,-0.999136,0.436538,-1.000000,-0.756477,1.000000,0.837624,-0.771012,-0.669436
-0.128848,-0.317892,0.202873,0.005761,-0.075091,0.054364,-0.899309,0.618024,-0.997868,-0.880842,0.034055,-0.573365,-0.060575,0.412114
-0.135061,-0.308326,0.196132,-0.005840,-0.080467,0.042094,-1.000000,0.404491,0.028450,-0.501277,-0.659957,-1.000000,0.219258,1.000000
-0.138956,-0.298166,0.190426,-0.017700,-0.084555,0.032941,-0.561420,0.094706,0.252837,-0.645257,-0.272619,-0.005337,-0.348268,-0.264309
-0.140193,-0.289204,0.186543,-0.028452,-0.086242,0.024269,-0.646877,0.385911,-0.951408,-0.373468,1.000000,-1.000000,0.059849,-0.894233
-0.139256,-0.279820,0.183526,-0.040338,-0.088370,0.017397,-0.400072,0.168949,-1.000000,-0.622343,-1.000000,0.835325,1.000000,-0.244793
-0.136851,-0.271215,0.181318,-0.051678,-0.090830,0.013797,-0.555186,0.364346,-0.256829,-0.162240,0.465967,-0.680019,0.990751,0.380976
-0.132874,-0.261766,0.179428,-0.061395,-0.094877,0.010911,0.176254,0.056424,0.023796,0.419649,1.000000,-1.000000,0.630690,-0.152506
-0.128006,-0.251997,0.177743,-0.068745,-0.099647,0.009725,0.276630,0.111952,-1.000000,0.729320,0.752369,-1.000000,-0.407027,-0.698205
-0.123001,-0.242559,0.176017,-0.075810,-0.104015,0.010787,-0.166033,0.361431,-1.000000,0.236095,0.536007,-0.436488,0.006343,-0.776615
-0.116329,-0.230248,0.173308,-0.083142,-0.107173,0.013543,0.188026,-0.796924,0.061942,0.445440,-1.000000,-0.057989,1.000000,-0.663336
-0.110995,-0.220188,0.170537,-0.087247,-0.107525,0.017306,-0.491761,-0.614046,0.807984,1.000000,-0.921941,-0.332514,1.000000,0.447444
-0.105267,-0.209362,0.167209,-0.088214,-0.106149,0.019205,0.022979,-0.821030,1.000000,1.000000,0.323887,-0.251875,0.422578,0.079876
-0.100260,-0.199409,0.163734,-0.086764,-0.104684,0.021726,0.080252,-0.104605,-0.361212,0.746010,0.155117,-0.175426,0.461567,1.000000
-0.094711,-0.186884,0.158490,-0.083989,-0.103280,0.026215,0.496079,-0.719616,0.222117,0.555684,0.011335,0.839053,0.799418,-0.884007
-0.090608,-0.175916,0.152970,-0.080571,-0.102194,0.031856,-0.198694,0.489142,0.804194,0.332347,-0.280880,-1.000000,-0.250126,0.252743
-0.086994,-0.164967,0.146678,-0.077746,-0.100277,0.036307,-0.381341,-0.992967,0.852931,0.214296,0.419205,0.302957,0.051279,-0.662850
-0.084003,-0.154968,0.140234,-0.075104,-0.097618,0.040253,0.707617,-0.958309,0.695347,0.550422,-0.634931,-0.574031,0.544667,-0.056467
-0.081288,-0.145213,0.133265,-0.072486,-0.093812,0.043565,0.405012,-0.320654,0.749863,0.229603,0.003555,-0.597043,1.000000,-1.000000
-0.078218,-0.135287,0.125849,-0.070680,-0.087848,0.042790,-0.377111,0.243378,1.000000,-0.649171,0.295167,0.289767,0.653050,-1.000000
-0.074884,-0.127043,0.119878,-0.069733,-0.080396,0.037321,0.192618,-0.408354,0.108605,-0.138699,0.026699,1.000000,0.404157,-0.464722
-0.070842,-0.119002,0.114299,-0.068667,-0.073629,0.032145,0.399114,-0.256399,0.552996,0.783326,-0.063314,0.574417,0.400371,-1.000000
-0.066826,-0.112393,0.110030,-0.066824,-0.067331,0.026717,0.192611,-0.114453,1.000000,0.499555,1.000000,-1.000000,0.982405,1.000000
-0.062139,-0.106408,0.106973,-0.063211,-0.058537,0.017601,0.663194,-0.083413,1.000000,-0.040154,0.613821,-1.000000,-0.580282,0.017842
-0.057661,-0.102023,0.105885,-0.057768,-0.049786,0.006812,0.432615,-0.024574,0.079690,0.495038,1.000000,-0.645958,-0.084626,0.083162
-0.052948,-0.098081,0.106023,-0.051297,-0.043595,-0.000796,-0.478050,-0.021891,-0.119443,-0.201961,-0.996849,-0.178846,-0.761240,-1.000000
-0.048479,-0.094577,0.106945,-0.045990,-0.040181,-0.005318,-0.079478,-0.234695,-0.071560,0.949035,-1.000000,0.355219,0.889995,0.363571
-0.044687,-0.091481,0.107934,-0.041635,-0.038640,-0.006180,0.652299,-0.255835,-0.422486,-0.492660,-0.867518,1.000000,0.856691,0.160493
-0.041172,-0.088428,0.108856,-0.038655,-0.037845,-0.005756,-0.237303,-0.018619,-0.291160,0.699613,0.700049,-1.000000,0.532315,0.503051
-0.037387,-0.084535,0.109478,-0.034425,-0.037873,-0.003111,0.231300,-0.247899,-0.425231,1.000000,-0.184878,-1.000000,-0.547651,0.546156
-0.035018,-0.080993,0.109074,-0.027206,-0.038379,0.002330,0.607242,-0.370049,0.181760,0.909929,-0.722522,-0.189966,0.555235,-1.000000
-0.033773,-0.077512,0.107610,-0.019254,-0.039524,0.009152,0.217262,-0.568998,-0.321530,0.259748,-0.156844,1.000000,-0.340531,1.000000
-0.033213,-0.073660,0.105223,-0.012524,-0.039536,0.013770,-0.284014,0.525251,0.522871,-0.007043,-1.000000,-0.637400,-0.117807,1.000000
-0.033103,-0.070133,0.102697,-0.008267,-0.038837,0.015792,-0.346664,-0.486762,0.174112,-0.502457,-0.332074,-1.000000,-0.563139,-1.000000
-0.033183,-0.066326,0.099708,-0.006331,-0.038358,0.017235,-0.283307,0.189678,-1.000000,0.169614,0.028392,1.000000,-0.200401,-0.890596
-0.033396,-0.061936,0.095923,-0.005469,-0.038022,0.018934,-0.371356,-1.000000,-0.329603,-0.442606,-1.000000,-0.443866,1.000000,-0.512959
-0.033547,-0.058470,0.092649,-0.005763,-0.037115,0.020452,-0.221162,-0.448073,1.000000,-0.068877,-0.333108,0.225851,0.908929,-0.930520
-0.033639,-0.054789,0.088922,-0.006490,-0.036107,0.021507,0.161491,-0.132439,-0.095380,-0.270798,0.615180,1.000000,1.000000,-1.000000
-0.033636,-0.051462,0.085393,-0.007227,-0.035105,0.022044,0.458148,-0.057976,-0.947949,-0.706955,-0.497473,-0.331769,-0.600954,0.625320
-0.033538,-0.047934,0.081503,-0.007966,-0.034231,0.022453,-0.137058,-0.345086,0.291322,0.113751,0.169349,0.432091,-1.000000,-0.003039
-0.033337,-0.044750,0.077794,-0.009024,-0.033205,0.023185,-0.468277,-0.990346,-0.652724,-1.000000,-0.247611,0.403813,-0.125755,-0.343735
-0.032984,-0.041390,0.073641,-0.010262,-0.032101,0.023952,-0.707647,0.683656,0.637915,-0.032452,-1.000000,-1.000000,-0.240561,-0.806075
-0.032559,-0.038384,0.069825,-0.010934,-0.031044,0.023857,-0.830176,-0.058274,0.653357,-0.768808,-1.000000,0.126476,1.000000,-0.760806
-0.031996,-0.035250,0.065717,-0.011602,-0.029785,0.023693,-0.419823,-0.070446,-0.529445,0.938168,0.656370,-0.766516,0.761174,0.041903
-0.031381,-0.032453,0.061893,-0.012331,-0.028684,0.023900,-0.380148,-0.281664,-0.398361,0.140794,0.643183,0.258223,1.000000,0.570379
-0.030583,-0.029542,0.057698,-0.013440,-0.027418,0.024201,-0.896565,-0.281348,0.226108,-0.141650,0.435971,-0.424013,0.291216,0.781076
-0.029682,-0.026984,0.053788,-0.015017,-0.025961,0.024445,-0.372512,0.033361,-0.219541,0.053735,0.659781,-1.000000,0.281939,-0.387756
-0.028533,-0.024343,0.049569,-0.016528,-0.024676,0.024340,-0.037644,-0.386055,0.259255,0.312792,0.162479,-0.165844,1.000000,-1.000000
-0.027332,-0.022012,0.045728,-0.017771,-0.023625,0.024006,-0.402072,-0.050350,0.453678,0.206945,0.128320,-0.330358,1.000000,-1.000000
-0.025900,-0.019626,0.041718,-0.018763,-0.022416,0.023140,-0.006136,-0.019312,0.778636,-0.571533,-0.271243,0.308583,-0.226494,-0.129960
-0.024518,-0.017598,0.038268,-0.018968,-0.020780,0.021555,0.323045,-0.414034,0.455988,0.265499,-0.442371,0.194238,-0.095152,0.475435
-0.023004,-0.015589,0.034840,-0.018694,-0.019169,0.019770,0.036464,0.548658,-0.085678,-0.192409,1.000000,0.513808,1.000000,-1.000000
-0.021590,-0.013863,0.031881,-0.018562,-0.018001,0.018502,-0.378758,0.080033,-0.326595,-0.704865,-0.211062,-1.000000,1.000000,-1.000000
-0.020034,-0.012120,0.028860,-0.018530,-0.016891,0.017434,-0.293406,0.119192,0.787746,0.391586,-0.278098,-0.948486,-1.000000,-0.314613
-0.018605,-0.010691,0.026408,-0.018099,-0.015159,0.015304,0.324151,0.103749,0.522485,-0.174579,-0.432259,-0.064430,0.594499,-0.926184
-0.017084,-0.009450,0.024422,-0.017452,-0.012369,0.011469,-0.007830,-0.409513,1.000000,-0.332406,-1.000000,0.282018,1.000000,-1.000000
-0.015702,-0.008667,0.023409,-0.016797,-0.008660,0.006325,0.244022,-0.412670,-0.332737,0.025687,-0.926120,1.000000,0.470966,-0.611462
-0.014232,-0.008125,0.023018,-0.016282,-0.005749,0.002258,-0.884239,0.028413,0.703288,-0.537858,0.157364,0.574051,-0.123569,-0.644605
-0.012919,-0.007938,0.023417,-0.015518,-0.002435,-0.002495,0.221848,0.104022,-0.012399,0.018487,0.545414,0.023297,1.000000,-0.767375
-0.011508,-0.007987,0.024454,-0.015211,0.000071,-0.005983,-0.453912,-0.244829,0.019621,0.694059,0.533439,-1.000000,1.000000,0.521329
-0.010198,-0.008159,0.025700,-0.015224,0.001512,-0.007787,-0.587330,-0.283082,-0.721679,0.681356,-0.329356,-0.327926,-1.000000,1.000000
-0.008778,-0.008359,0.027056,-0.015222,0.001718,-0.007823,0.590998,-0.519620,-0.384495,0.038546,1.000000,1.000000,0.224584,-0.251370
-0.007469,-0.008519,0.028235,-0.015219,0.001527,-0.007375,-0.020639,-0.471551,-0.837620,0.110856,-0.448249,-0.275557,1.000000,-1.000000
-0.006047,-0.008664,0.029405,-0.015278,0.001284,-0.006745,0.079530,0.044885,-0.037521,-0.016491,-1.000000,-1.000000,-0.251201,-0.681568
-0.004741,-0.008763,0.030381,-0.015239,0.000962,-0.006105,0.180156,0.299123,-0.015651,0.636549,-0.339354,0.408868,0.944798,-0.263377
-0.003340,-0.008798,0.031240,-0.015136,0.000247,-0.004957,-0.565531,-0.770864,-0.407153,0.348749,-0.874652,-0.069693,0.481693,-0.693982
-0.002044,-0.008726,0.031725,-0.015242,-0.000913,-0.003028,-0.396396,-0.101450,0.563411,0.761459,-0.459840,-0.264033,0.006596,-1.000000
-0.000625,-0.008495,0.031811,-0.015587,-0.002549,-0.000496,-0.447920,0.492688,0.355190,0.028639,-0.939389,-0.248155,1.000000,-0.583139
0.000688,-0.008188,0.031596,-0.015695,-0.003655,0.001342,0.195849,-0.053825,0.139643,-0.186318,0.535247,-0.265477,0.573515,0.680688
0.002111,-0.007769,0.031087,-0.015798,-0.004617,0.002944,0.445054,-1.000000,-0.399114,0.692752,0.731727,-0.785918,0.340120,-0.649064
0.003457,-0.007261,0.030211,-0.016264,-0.006118,0.005469,0.528441,-0.215569,-0.132389,0.328994,0.346919,-0.217088,-0.947488,-1.000000
0.004990,-0.006571,0.028836,-0.017196,-0.007739,0.007935,-0.106439,-0.194449,1.000000,0.388398,1.000000,-0.037060,1.000000,-0.876394
0.006502,-0.005831,0.027252,-0.018384,-0.009105,0.009897,-0.398639,-0.226288,0.529072,0.348328,-1.000000,-1.000000,1.000000,-0.068611
0.008232,-0.004884,0.025098,-0.019443,-0.010885,0.012426,0.199725,0.516939,-0.081759,0.716551,-0.552099,0.312905,0.461067,0.274988
0.009897,-0.003815,0.022553,-0.020287,-0.013516,0.015906,0.210266,-0.114710,-0.729310,-0.229760,0.023997,1.000000,-0.053819,-0.653654
0.011767,-0.002507,0.019319,-0.020989,-0.015472,0.018656,0.210187,-0.855574,0.443332,0.385884,1.000000,-0.103064,-0.896477,0.716699
0.013552,-0.001188,0.015906,-0.021577,-0.017202,0.021334,0.018636,-0.083548,0.550914,0.125166,0.741099,0.666468,-0.626060,-0.613577
0.015527,0.000252,0.012048,-0.021859,-0.017627,0.022247,-0.574809,-0.112676,0.443033,-0.606383,-0.177769,-0.718521,0.584781,-0.566430
0.017344,0.001460,0.008702,-0.021621,-0.016327,0.020928,-0.522573,-0.499999,0.769601,-0.358620,0.032371,-0.530688,-0.287776,-0.314408
0.019288,0.002598,0.005353,-0.021215,-0.014520,0.019321,0.307360,-0.781171,-0.383844,1.000000,0.216092,-0.491295,0.313212,-0.815113
0.021111,0.003557,0.002214,-0.021401,-0.013676,0.019620,-0.550750,0.167926,0.600938,0.088283,0.360091,-1.000000,1.000000,-1.000000
0.023066,0.004407,-0.000810,-0.021108,-0.011539,0.017434,-0.672590,0.013852,1.000000,-0.709278,-1.000000,-0.488114,1.000000,0.972228
0.025201,0.004988,-0.003121,-0.020038,-0.007128,0.011558,0.139715,-0.066897,0.278526,0.088720,0.955829,0.055783,-0.664815,0.184286
0.026790,0.005217,-0.004166,-0.018739,-0.003719,0.006534,-0.000779,0.379910,-0.326827,-0.403872,0.672234,0.031670,0.381010,-0.434073
0.028434,0.005306,-0.004715,-0.017956,-0.001486,0.003165,-0.602107,0.134087,0.480199,0.228423,-0.325843,0.553824,0.563565,0.521063
0.029875,0.005229,-0.004601,-0.017181,0.001036,-0.000713,0.406301,0.649041,0.383721,0.236797,0.743170,1.000000,-1.000000,-1.000000
0.031317,0.004982,-0.003752,-0.016007,0.003600,-0.004899,-0.080497,-0.232362,0.407162,0.532214,0.893844,-1.000000,0.392860,-0.202107
0.032527,0.004644,-0.002443,-0.014640,0.005549,-0.008180,-0.109081,-0.062682,-0.018453,0.655927,-1.000000,-1.000000,-0.216655,1.000000
0.033694,0.004282,-0.000984,-0.013067,0.005613,-0.008416,-0.075069,0.416302,-0.319967,0.800701,-0.464962,-0.020056,0.693911,0.584656
0.034643,0.004037,-0.000022,-0.011454,0.004137,-0.006015,0.264944,0.093327,-0.150343,0.237541,-0.327609,0.082078,0.799437,-0.366453
0.035556,0.003936,0.000295,-0.010085,0.001483,-0.001827,0.094150,-0.187283,-1.000000,0.751198,0.672820,-0.509660,0.328401,-0.606787
0.036289,0.004056,-0.000375,-0.008619,-0.002312,0.004186,-0.295792,-0.163335,0.527825,0.315746,0.356725,-0.549850,-1.000000,0.564810
0.036929,0.004347,-0.001953,-0.006817,-0.005178,0.009102,-0.426904,-0.235763,1.000000,0.001343,0.309735,-0.825610,1.000000,-0.088826
0.037382,0.004674,-0.003849,-0.005100,-0.006517,0.011849,0.442313,-0.434631,-0.298481,-0.014643,-0.595785,-0.876097,1.000000,0.300150
0.037738,0.005107,-0.006479,-0.003495,-0.008149,0.015177,-0.376859,-0.257426,-0.681673,0.749497,0.564287,-0.284722,0.334729,-0.960567
0.037922,0.005656,-0.009795,-0.001585,-0.011221,0.020720,1.000000,0.172702,0.844758,0.656891,0.444213,1.000000,-0.195313,-0.579037
0.037974,0.006427,-0.014340,0.000269,-0.014423,0.026215,-0.195755,-0.081975,1.000000,0.238153,-0.979818,-0.613658,1.000000,-1.000000
0.037903,0.007179,-0.018763,0.001868,-0.015242,0.027651,0.377907,0.347245,0.927296,-0.342129,0.667129,-0.896677,-1.000000,-0.443982
0.037664,0.007846,-0.022860,0.003609,-0.012692,0.023623,-0.367918,-0.005618,0.742543,-0.116618,1.000000,-0.578781,0.628482,-0.845475
0.037298,0.008183,-0.025411,0.005096,-0.007615,0.015963,-0.696320,-0.198584,1.000000,0.371044,1.000000,0.546623,1.000000,-0.024499
0.036708,0.008115,-0.026321,0.006733,-0.000433,0.005247,-0.487182,0.466685,0.431076,-0.766027,1.000000,-0.390177,-0.894300,0.252180
0.035967,0.007642,-0.025308,0.008516,0.007024,-0.006327,0.820401,0.490382,0.328448,0.246796,0.319168,-0.891702,0.682241,-0.557707
0.035043,0.006812,-0.022781,0.009478,0.012265,-0.014586,-0.415670,-0.259057,-0.743080,-0.380433,0.053094,-1.000000,-0.638968,0.193642
0.034152,0.005944,-0.019979,0.009875,0.013995,-0.017509,0.300870,-0.277094,-0.808493,0.157965,-1.000000,1.000000,-1.000000,-0.150152
0.033191,0.004985,-0.016877,0.009904,0.014195,-0.017904,-0.136882,-0.102881,-0.072557,0.490607,-0.654338,-1.000000,1.000000,-1.000000
0.032231,0.004037,-0.013835,0.010011,0.013898,-0.017550,-0.636653,0.584088,0.469433,0.678405,-0.691348,-0.330185,0.619252,0.126909
0.031315,0.003209,-0.011207,0.010496,0.013026,-0.016421,0.207167,0.117031,-0.468269,0.405587,1.000000,0.620115,1.000000,0.707733
0.030340,0.002472,-0.008985,0.011324,0.011373,-0.013884,-0.087949,-0.258669,-0.634772,0.660569,-0.393394,-0.545139,0.640041,-0.463057
0.029140,0.001866,-0.007445,0.013058,0.008268,-0.008884,0.489891,0.619264,0.055749,0.996058,1.000000,-1.000000,-1.000000,0.418335
0.027828,0.001553,-0.007065,0.015578,0.004137,-0.002376,-0.145608,-0.104045,-0.214798,0.034619,-1.000000,-1.000000,0.942583,-1.000000
0.026224,0.001450,-0.007684,0.017669,0.000544,0.003572,-0.285147,-0.787874,-0.305550,0.368052,-1.000000,-0.670533,0.642193,0.780577
0.024547,0.001540,-0.009160,0.020049,-0.002525,0.009232,-0.190015,0.057771,-0.042834,0.240831,-0.686038,0.509074,0.235289,-0.105074
0.022550,0.001807,-0.011548,0.022073,-0.004953,0.013778,-0.763580,-0.558418,-0.027603,-0.103486,0.274281,0.646222,1.000000,-0.891233
0.020651,0.002160,-0.014135,0.022755,-0.006383,0.016161,-0.176937,-0.135407,-0.492297,-0.800935,1.000000,0.491352,0.871411,-0.643021
0.018616,0.002614,-0.017043,0.022570,-0.007068,0.016772,-1.000000,0.324451,-0.582438,0.406151,1.000000,-0.151310,0.317078,0.877900
0.016770,0.003108,-0.019770,0.022244,-0.007783,0.017052,0.133673,0.581057,0.550299,-0.155537,0.009102,-0.510550,-0.967540,0.497377
0.014811,0.003694,-0.022699,0.021827,-0.008137,0.016896,-0.135367,-0.244114,0.126492,-0.593854,0.994346,-0.151904,-1.000000,-0.274026
0.013050,0.004268,-0.025356,0.021325,-0.008297,0.016604,-0.183080,-0.480339,-0.392723,0.253669,-1.000000,-0.004646,-1.000000,-0.744409
0.011191,0.004915,-0.028197,0.020840,-0.008399,0.016389,0.192190,0.583927,0.793757,-0.594488,-0.623462,1.000000,0.271561,-0.229477
0.009522,0.005526,-0.030753,0.020340,-0.008336,0.015976,-0.868717,-0.405573,0.362750,-1.000000,-1.000000,0.169963,1.000000,0.742561
0.007796,0.006180,-0.033356,0.019459,-0.008043,0.015016,-0.439456,0.153666,0.322423,-0.557597,0.563767,-0.989961,-0.695270,0.957189
0.006262,0.006746,-0.035479,0.017316,-0.006798,0.012253,0.256571,0.118826,0.922209,0.078352,1.000000,-0.207510,-0.479298,-1.000000
0.004611,0.007301,-0.037448,0.020135,-0.007064,0.012301,0.054293,0.376675,-0.813316,0.106305,1.000000,-1.000000,0.405788,-0.000797
0.003114,0.007814,-0.039102,0.018278,-0.006398,0.010339,-0.414103,0.467374,-0.272699,-0.767788,-0.645792,-0.158246,0.194495,0.905716
0.001529,0.008387,-0.040629,0.017827,-0.006466,0.008809,-0.470894,0.410463,0.400373,-0.432343,0.125614,-0.148649,-0.178574,1.000000
0.000070,0.008938,-0.041758,0.017723,-0.006614,0.007058,0.611364,0.246088,-0.358359,0.429922,1.000000,0.005394,-0.298548,-0.329754
-0.001539,0.009560,-0.042759,0.017992,-0.006848,0.005773,-0.236500,0.088280,-0.381822,-0.329947,0.305539,-1.000000,0.192410,-1.000000
-0.003027,0.010154,-0.043488,0.017990,-0.007029,0.004561,-0.343065,-0.202493,0.623449,-0.557097,-0.468043,-0.983190,-1.000000,0.239972
-0.004614,0.010803,-0.044040,0.017619,-0.007071,0.003180,-1.000000,0.097419,0.344088,-0.165523,0.591838,1.000000,1.000000,1.000000
-0.006048,0.011410,-0.044339,0.017187,-0.007168,0.001871,1.000000,0.093291,-0.884458,-0.359741,-1.000000,0.821906,0.847661,0.157073
-0.007573,0.012072,-0.044553,0.016837,-0.007238,0.001233,-0.052653,-0.107349,0.011261,0.168221,1.000000,-1.000000,-0.092349,-0.471400
-0.008954,0.012682,-0.044641,0.016488,-0.007232,0.000548,0.315528,0.385076,0.193911,-0.877635,-0.796788,1.000000,-0.353111,-0.718171
-0.010404,0.013318,-0.044495,0.015866,-0.007035,-0.000839,0.595155,0.272361,-0.068864,-0.701733,0.389396,1.000000,0.193698,0.987283
-0.011680,0.013868,-0.044089,0.014999,-0.006713,-0.002542,-0.104903,-0.011841,0.111029,-0.289683,0.647244,-0.419985,-0.862167,-0.279801
-0.012996,0.014414,-0.043374,0.014109,-0.006286,-0.004122,-0.967503,-0.423681,0.025326,0.009695,0.506366,-1.000000,-1.000000,-0.506485
-0.014163,0.014872,-0.042513,0.013440,-0.005873,-0.005381,-0.751615,0.062318,0.566090,-0.179373,-0.152838,-0.851025,1.000000,-1.000000
-0.015394,0.015302,-0.041322,0.012918,-0.005308,-0.006874,-0.133817,-0.862303,0.217413,-0.395110,-1.000000,-0.719244,1.000000,-0.597861
-0.016528,0.015630,-0.040000,0.012737,-0.004669,-0.008256,0.229172,-0.399149,0.565017,0.573141,1.000000,1.000000,0.050324,0.016663
-0.017800,0.015923,-0.038372,0.013100,-0.004142,-0.009393,-0.266767,0.363168,0.070594,-0.271664,1.000000,-0.172725,0.788663,-0.198498
-0.019029,0.016123,-0.036655,0.013623,-0.003529,-0.010734,0.357342,0.095927,0.581145,-0.134025,-0.084039,-0.706642,-0.307305,0.606068
-0.020437,0.016268,-0.034574,0.014318,-0.002963,-0.012005,-0.202263,-0.077848,-0.370874,-0.058273,-0.585875,-1.000000,-0.189616,1.000000
-0.021752,0.016372,-0.032592,0.014450,-0.002762,-0.012390,0.025606,-0.214480,-0.655000,0.291980,-0.220775,0.723707,-0.266295,-0.895266
-0.023158,0.016469,-0.030448,0.014234,-0.002676,-0.012364,-0.509023,0.426490,-0.657466,-0.275435,-0.274092,-0.690362,0.244114,0.220912
-0.024428,0.016545,-0.028462,0.013917,-0.002631,-0.012418,-0.880404,-0.156305,0.290147,-0.097615,-0.475243,-1.000000,1.000000,-1.000000
-0.025768,0.016610,-0.026286,0.013487,-0.002556,-0.012552,0.459918,-0.198722,0.018375,-0.513733,0.441114,-0.907449,0.117937,-0.378880
-0.026980,0.016654,-0.024277,0.013193,-0.002464,-0.012562,0.462952,-0.400104,-1.000000,0.211297,-0.282306,0.689926,0.569509,0.678654
-0.028264,0.016691,-0.022131,0.012877,-0.002410,-0.012376,-0.095103,-0.174239,-0.250064,-0.443983,-0.886799,0.106087,0.721207,1.000000
-0.029697,0.016716,-0.019683,0.012431,-0.002313,-0.012239,-0.249434,-0.552036,0.622012,-0.606222,-0.290119,-0.219450,-0.051201,0.179154
-0.030794,0.016717,-0.017745,0.011856,-0.002161,-0.012114,0.018303,-0.310038,-0.100468,-0.098549,1.000000,-1.000000,-1.000000,0.128212
-0.031920,0.016696,-0.015674,0.011179,-0.001979,-0.011943,0.724245,-0.256107,-1.000000,-0.806066,-0.287549,-0.825977,1.000000,-1.000000
-0.032962,0.016667,-0.013680,0.010314,-0.001886,-0.011513,0.460407,-0.221114,-0.816480,0.198190,-0.907869,-0.784415,1.000000,-0.845355
-0.033826,0.016637,-0.011976,0.009227,-0.001741,-0.010645,-0.767398,-0.826023,0.066342,-1.000000,-0.436380,0.292454,-0.843540,0.604481
-0.034552,0.016551,-0.010439,0.007696,-0.000922,-0.009608,-0.042216,-0.790781,0.480355,-0.068224,-0.280985,0.265509,-0.075262,-1.000000
-0.035157,0.016371,-0.009196,0.005940,0.000490,-0.007167,0.359175,-0.872025,0.380316,0.263337,-0.560475,0.000838,0.636123,-0.740884
-0.035518,0.016119,-0.008697,0.003986,0.002341,-0.003118,-0.017754,-0.640705,0.683500,0.107499,0.057252,-0.643803,1.000000,0.445103
-0.035717,0.015755,-0.008859,0.002284,0.004205,0.000932,-0.896742,0.030716,-0.100936,0.039989,-0.815939,0.058683,1.000000,1.000000
-0.035779,0.015438,-0.009270,0.001176,0.005190,0.003081,-0.605080,0.266374,0.285746,-0.142721,0.587311,-0.166872,0.149686,0.018295
-0.035816,0.014905,-0.010012,0.000694,0.005863,0.003707,-0.037414,0.106366,0.776841,0.552178,0.896442,-1.000000,1.000000,-0.551259
-0.035832,0.014421,-0.010610,0.000521,0.006565,0.003743,0.144320,-0.283345,-0.576552,-0.218916,-0.301404,0.689252,0.505462,-0.566668
-0.035818,0.013878,-0.011333,0.000206,0.006865,0.004171,0.068037,-0.102030,-0.395407,-0.073479,0.463132,-0.535013,-0.369028,-0.628967
-0.035786,0.013367,-0.012050,-0.000011,0.007041,0.004483,-0.254570,0.373709,-0.350482,-0.518302,0.373200,-1.000000,-0.442091,-0.513027
-0.035732,0.012795,-0.012813,-0.000236,0.007225,0.004400,-0.177213,-0.329979,0.272769,-1.000000,-0.927411,1.000000,0.135693,-0.344103
-0.035652,0.012213,-0.013417,-0.000664,0.007744,0.003776,-0.018147,-0.011213,-0.159899,-0.472261,-0.163841,-0.723186,0.542647,-0.897006
-0.035527,0.011508,-0.013923,-0.001161,0.008367,0.002920,-1.000000,0.436730,-0.148801,-0.143435,-0.478329,0.776301,0.536335,0.470835
-0.035366,0.010803,-0.014289,-0.001753,0.008884,0.002289,-0.008940,0.136782,-0.638653,-0.158689,0.904254,-0.351580,-0.504627,0.031908
-0.035133,0.010009,-0.014651,-0.002429,0.009157,0.002090,-0.892514,-0.693092,-1.000000,0.295656,0.987792,-1.000000,0.717218,-1.000000
-0.034832,0.009252,-0.015001,-0.003454,0.009474,0.002188,-0.556157,0.416832,0.720016,-0.593320,-1.000000,-1.000000,0.716219,-1.000000
-0.034416,0.008385,-0.015381,-0.004445,0.009991,0.002191,-0.027296,0.666955,-1.000000,-0.024963,-0.462163,-0.251584,1.000000,0.939944
-0.033970,0.007606,-0.015853,-0.005158,0.009875,0.002951,0.072450,0.130681,-0.677460,0.351233,-0.444111,0.577273,-0.442963,0.205930
-0.033426,0.006829,-0.016578,-0.005795,0.009389,0.004183,-0.132414,-0.453915,-0.154787,-0.291952,0.869566,0.574667,-0.910306,-1.000000
-0.032826,0.006064,-0.017399,-0.006400,0.009354,0.004733,-0.479827,-0.782599,0.772786,-0.731985,0.089917,-0.924488,1.000000,-0.425048
-0.032244,0.005320,-0.018109,-0.006756,0.009721,0.004435,0.831751,-0.111764,0.617777,-0.236913,-1.000000,-0.339223,0.866862,-0.311209
-0.031650,0.004534,-0.018731,-0.006949,0.010122,0.003893,-0.041282,0.462458,-1.000000,-0.586969,-0.171410,0.069026,1.000000,-1.000000
-0.030969,0.003602,-0.019217,-0.007410,0.010769,0.002802,-0.001830,0.176115,-1.000000,-1.000000,0.638257,1.000000,-0.870684,0.511321
-0.030257,0.002690,-0.019519,-0.008431,0.011201,0.001887,-0.088442,0.180166,-0.642895,0.099798,1.000000,0.152216,-1.000000,0.705974
-0.029372,0.001784,-0.020023,-0.009684,0.010483,0.002907,-0.738933,0.084836,-0.873854,0.083422,0.131007,-1.000000,-0.415996,0.335525
-0.028442,0.001049,-0.020720,-0.011020,0.009521,0.004359,-0.867223,-0.135249,0.616227,-0.200621,1.000000,-1.000000,0.307602,-0.460457
-0.027351,0.000254,-0.021440,-0.011961,0.009435,0.004153,-0.455550,-0.200520,0.379925,0.055095,-0.472400,-1.000000,0.857572,0.196826
-0.026209,-0.000544,-0.022124,-0.012551,0.009420,0.003950,0.546787,0.186644,-0.531418,0.265795,1.000000,-0.325107,1.000000,0.124013
-0.025155,-0.001262,-0.022753,-0.012547,0.009160,0.003924,1.000000,0.802205,0.439728,0.016696,0.251228,-0.880379,1.000000,0.334466
-0.024120,-0.001966,-0.023310,-0.012351,0.008901,0.003482,-0.110424,-0.045429,0.349376,0.537301,0.168042,1.000000,-0.561259,-0.852427
-0.023017,-0.002716,-0.023844,-0.012155,0.008688,0.003083,-0.960706,0.006987,-0.421414,0.014097,1.000000,-0.574091,-1.000000,1.000000
-0.022011,-0.003391,-0.024247,-0.012009,0.008381,0.002518,-0.140491,0.519144,0.737902,-0.105556,-1.000000,-1.000000,0.766596,1.000000
-0.020933,-0.004103,-0.024566,-0.011887,0.008076,0.001842,0.207239,-0.614172,0.133585,-0.132427,0.905485,-0.667170,1.000000,-0.996992
-0.178162,0.477829,-0.165621,-0.000000,0.000000,-0.000000,0.000000,0.000000,0.000000,0.000000,0.000000,0.000000,0.000000,0.000000
-0.178175,0.477824,-0.165614,0.000035,0.000007,-0.000054,-0.117792,-1.000000,1.000000,-1.000000,-1.000000,0.663991,0.876240,1.000000
-0.178353,0.477771,-0.165523,0.000453,0.000022,-0.000525,-0.326845,-1.000000,1.000000,-1.000000,1.000000,1.000000,-1.000000,0.390442
-0.178968,0.477593,-0.165196,0.001479,-0.000064,-0.002044,-0.478491,-1.000000,1.000000,-1.000000,0.643861,-1.000000,0.496698,-1.000000
-0.180847,0.476924,-0.164120,0.002921,0.000677,-0.006205,-0.191073,-0.556657,1.000000,-1.000000,-0.594593,-1.000000,0.241962,-0.923526
-0.184747,0.475282,-0.161763,0.004440,0.003442,-0.014733,0.031079,-0.825076,0.868994,-1.000000,0.511061,1.000000,0.235485,-0.159816
-0.192739,0.471472,-0.156688,0.004823,0.008844,-0.029285,0.048832,-1.000000,1.000000,-1.000000,-0.254936,0.619798,0.502555,-0.805481
-0.204325,0.465369,-0.149022,0.003424,0.015766,-0.047900,-0.099115,-0.684426,0.403238,-1.000000,1.000000,-1.000000,-0.363991,0.599280
-0.220162,0.456200,-0.138092,-0.000211,0.020658,-0.063066,0.463969,-1.000000,0.561076,-1.000000,1.000000,-0.923325,-0.226923,0.408694
-0.236053,0.445912,-0.126495,-0.006897,0.023416,-0.072471,-0.957876,-1.000000,-0.347422,-0.958944,-0.756079,-1.000000,0.942228,0.081923
-0.251956,0.433940,-0.113776,-0.018925,0.024017,-0.073390,0.220101,-1.000000,-1.000000,-1.000000,-0.333901,-0.282060,-0.692713,0.184219
-0.263680,0.423223,-0.102937,-0.034550,0.022478,-0.067731,0.210756,-1.000000,-1.000000,-0.795128,-0.494337,0.563049,1.000000,-0.149651
-0.273248,0.412216,-0.092086,-0.051695,0.019492,-0.062607,-0.094092,-1.000000,-0.525264,-0.887406,-0.417188,0.565023,1.000000,0.312161
-0.279526,0.402746,-0.082698,-0.068540,0.014677,-0.058659,-0.310953,-1.000000,0.042516,-0.296205,0.480689,0.339308,0.061512,-1.000000
-0.284038,0.393089,-0.072910,-0.085087,0.009588,-0.056502,1.000000,-1.000000,-0.660585,-0.828485,1.000000,-1.000000,-0.928508,0.070104
-0.285655,0.385169,-0.064653,-0.100962,0.005008,-0.051592,-0.384084,-1.000000,-0.192525,-0.792380,0.070638,-1.000000,0.506144,0.438464
-0.284258,0.378083,-0.057005,-0.116119,0.001232,-0.044120,0.344406,-1.000000,0.327088,-0.207005,0.047013,-1.000000,0.672171,-0.619656
-0.280356,0.372746,-0.051080,-0.129603,-0.000235,-0.037021,0.655878,-1.000000,-0.295912,0.246956,-1.000000,1.000000,1.000000,-1.000000
-0.273929,0.368002,-0.045597,-0.140699,-0.001539,-0.031628,0.011946,-1.000000,1.000000,0.062696,0.100206,1.000000,-0.848205,-0.555215
-0.266489,0.364405,-0.041135,-0.149762,-0.003323,-0.027906,0.472771,-1.000000,0.930951,0.071592,-0.834195,1.000000,0.032269,0.208311
-0.257271,0.361194,-0.036757,-0.156065,-0.005371,-0.025253,-0.290007,-1.000000,0.931709,0.355878,-0.203820,-1.000000,0.275194,-0.219217
-0.247968,0.358625,-0.033089,-0.159866,-0.004981,-0.022891,0.442104,-1.000000,1.000000,0.017650,0.570385,-0.617162,0.061121,-1.000000
-0.237058,0.356194,-0.029686,-0.162184,-0.002648,-0.019670,0.603346,-1.000000,-0.122774,0.755783,0.293795,-1.000000,1.000000,-1.000000
-0.225968,0.354341,-0.027318,-0.163407,0.000937,-0.014795,0.220463,-0.665002,0.761332,-0.048055,-1.000000,0.693906,0.390027,-0.226225
-0.213740,0.352155,-0.024855,-0.164347,0.004695,-0.014200,-0.159550,-0.657881,1.000000,0.429919,-0.137354,0.208145,-0.372842,-1.000000
-0.203180,0.349442,-0.021985,-0.163386,0.009178,-0.017936,0.865447,-0.668109,1.000000,0.295908,1.000000,-0.783319,0.472862,0.196649
-0.191591,0.344546,-0.017249,-0.159681,0.017481,-0.023681,0.905199,-1.000000,1.000000,0.755784,0.027197,-1.000000,1.000000,0.866622
-0.183070,0.338933,-0.012256,-0.152856,0.028206,-0.028821,1.000000,-0.503556,0.339560,0.791105,-0.691059,0.595487,0.202980,-0.627025
-0.176250,0.333193,-0.007349,-0.143130,0.034252,-0.030673,0.711111,-1.000000,0.651457,0.864732,1.000000,1.000000,-0.802799,1.000000
-0.169829,0.326875,-0.002140,-0.130177,0.037242,-0.030041,1.000000,-1.000000,0.208029,0.315086,-0.120189,0.248673,0.083484,1.000000
-0.164412,0.321444,0.001984,-0.114726,0.038126,-0.025773,1.000000,-1.000000,0.493484,0.660039,1.000000,-1.000000,-0.109731,-0.139186
-0.158061,0.316715,0.004337,-0.095898,0.038531,-0.013583,1.000000,-1.000000,0.466151,0.901596,-0.825869,-1.000000,-0.806106,-0.515409
-0.151511,0.313760,0.003991,-0.073861,0.037227,0.002168,0.910866,-1.000000,0.392942,1.000000,-0.957568,-0.091407,0.136411,1.000000
-0.144396,0.311597,0.001696,-0.053288,0.035672,0.013235,-0.170055,-1.000000,0.356813,-0.768411,-0.875687,0.360180,0.665881,-0.738102
-0.138440,0.309727,-0.000942,-0.040091,0.036390,0.016492,-0.092490,-0.748004,0.590762,-0.313521,0.163483,-0.089762,0.402740,-0.047095
-0.132397,0.307514,-0.004231,-0.031155,0.039831,0.018964,0.467092,-0.666164,-0.119213,-0.204730,0.120720,0.245475,-0.046526,-1.000000
-0.126887,0.305271,-0.007731,-0.025266,0.043838,0.021885,-0.404391,-0.427039,1.000000,-1.000000,0.781613,-1.000000,1.000000,-0.418199
-0.121502,0.302045,-0.011378,-0.020637,0.051177,0.021030,-0.062476,-0.985688,1.000000,-1.000000,-0.769858,-0.208907,-0.125510,-1.000000
-0.117436,0.298162,-0.014298,-0.015356,0.059373,0.018263,0.619307,-0.256834,0.526401,-0.695121,1.000000,0.343603,0.229721,-0.397676
-0.113665,0.293051,-0.017143,-0.012106,0.067544,0.016402,-0.129144,-0.758163,-0.503684,-1.000000,1.000000,-0.830152,1.000000,-0.062479
-0.109708,0.287865,-0.020213,-0.013390,0.074637,0.019196,-0.281149,-0.086666,-0.499069,-0.794339,-0.648377,-1.000000,-1.000000,0.637826
-0.104619,0.282005,-0.024183,-0.016381,0.079204,0.022906,-0.170493,0.431290,-0.422496,-0.631172,0.528698,0.235011,-0.174995,0.184494
-0.099571,0.276374,-0.027998,-0.019769,0.081677,0.023834,-0.671791,-0.410054,0.007096,-0.503481,-0.955659,0.385090,1.000000,-1.000000
-0.093960,0.269977,-0.032010,-0.023300,0.083866,0.023149,-0.909123,0.033600,-0.865972,-0.483143,-0.637456,-0.576035,-0.959519,-1.000000
-0.088880,0.263769,-0.035418,-0.026005,0.085721,0.021309,-0.260218,0.400572,-0.264896,-0.511198,0.823593,1.000000,1.000000,1.000000
-0.083721,0.256726,-0.038573,-0.027909,0.086917,0.018197,-0.098798,0.021043,0.497853,-0.338319,-1.000000,0.119551,1.000000,-0.167883
-0.079311,0.249982,-0.040990,-0.029260,0.087746,0.015101,0.315494,0.225510,-0.069856,-0.076926,1.000000,0.964467,0.055664,-1.000000
-0.074922,0.242453,-0.043118,-0.029871,0.088548,0.012283,-0.206265,0.603735,-0.267391,-0.478555,0.976140,-0.491203,-0.632191,-1.000000
-0.071269,0.235252,-0.044520,-0.030745,0.089599,0.008765,0.052609,0.473446,-0.353893,-0.908385,-0.183673,0.619968,-0.924180,0.005722
-0.067749,0.227126,-0.045259,-0.032677,0.091110,0.004263,-0.196497,-0.020319,0.117958,-0.496049,-1.000000,-1.000000,0.532005,0.742309
-0.064766,0.219413,-0.045339,-0.034852,0.092046,0.000495,0.326103,-0.177079,-0.230688,-0.011395,1.000000,-0.745162,-0.145129,1.000000
-0.061665,0.210968,-0.045042,-0.036322,0.092151,-0.001711,-0.010303,0.108330,-0.503828,0.076298,1.000000,0.218980,-0.355245,-0.495042
-0.058616,0.202534,-0.044567,-0.036960,0.091657,-0.002742,-0.586127,-0.404999,0.156918,0.428731,0.085214,-0.262142,-0.037557,0.777485
-0.055796,0.194821,-0.044109,-0.037028,0.090775,-0.002860,-0.032436,0.572918,0.049469,0.146054,-0.823713,0.371107,0.540155,-0.032624
-0.052969,0.187194,-0.043670,-0.036871,0.089915,-0.002748,1.000000,0.239382,0.064972,0.546106,-0.017769,-0.456948,0.619755,-0.019514
-0.049905,0.179031,-0.043241,-0.036435,0.088909,-0.002473,0.277324,-0.034750,-0.996742,0.304966,0.292250,-0.116287,-0.144475,0.098214
-0.047052,0.171591,-0.042926,-0.036072,0.087997,-0.001968,0.026872,-0.511632,-0.617827,-0.268182,0.271597,0.385633,-1.000000,1.000000
-0.043925,0.163624,-0.042709,-0.035628,0.087140,-0.001254,0.705282,-0.109172,0.651698,-0.425549,0.115341,0.308607,-0.261448,0.769634
-0.041031,0.156345,-0.042632,-0.034950,0.086565,-0.000481,-0.433855,-0.104835,0.298114,0.477804,0.161547,-1.000000,0.916699,-0.458362
-0.037897,0.148535,-0.042661,-0.034267,0.085837,0.000169,0.752717,0.199843,-1.000000,-0.483666,0.015496,-0.853439,-0.760081,0.280809
-0.035008,0.141388,-0.042886,-0.033152,0.085415,0.001405,0.513868,0.344919,0.268845,-0.150115,1.000000,-0.212652,1.000000,-1.000000
-0.031906,0.133706,-0.043445,-0.031366,0.085128,0.003228,0.481656,0.579751,-1.000000,-0.054482,-0.379780,0.008502,-0.461236,-0.035361
-0.029081,0.126661,-0.044260,-0.029546,0.084832,0.005096,-0.059524,0.398979,-1.000000,0.285754,0.427371,-0.060610,-0.096835,0.702841
-0.026053,0.119070,-0.045357,-0.028477,0.084496,0.006327,-0.403926,0.233942,0.012372,0.068099,-0.339289,0.209472,0.627360,0.349322
-0.023322,0.112117,-0.046471,-0.027558,0.083861,0.006959,0.114777,-0.056355,-0.151732,0.504475,0.034037,-0.928665,0.240433,0.272454
-0.020458,0.104638,-0.047765,-0.026447,0.083184,0.007466,0.051878,0.361179,-0.506205,0.870692,1.000000,0.057236,-0.697213,0.319678
-0.017952,0.097746,-0.049024,-0.023001,0.076645,0.007263,0.668885,0.819355,-0.749526,-0.313944,-0.043782,0.207342,-0.607537,-0.632237
-0.015451,0.090282,-0.050496,-0.024374,0.089800,0.009198,0.246649,0.324526,0.026360,-0.390365,-0.307809,0.233928,0.321335,1.000000
-0.013332,0.083384,-0.051958,-0.020300,0.082984,0.009142,-1.000000,0.243480,-0.626366,0.272814,0.093126,0.515592,-1.000000,0.364216
-0.011177,0.075870,-0.053571,-0.019022,0.083270,0.009302,-0.614241,0.186169,-0.353749,-0.263624,0.725720,-0.087851,-0.900538,-0.492408
-0.009371,0.068906,-0.054971,-0.017535,0.083517,0.008752,-0.595913,0.460076,-0.059975,1.000000,1.000000,-1.000000,1.000000,-0.428171
-0.007777,0.061362,-0.056257,-0.014463,0.083301,0.007421,0.124161,0.431255,0.519564,0.456252,0.886298,-1.000000,0.708206,-0.839981
-0.006796,0.054406,-0.057079,-0.009787,0.083060,0.005140,-0.372463,1.000000,-0.488702,0.103888,0.235501,1.000000,-0.144956,0.953438
-0.006457,0.046852,-0.057332,-0.003254,0.083020,0.001456,-0.113952,1.000000,-0.852685,0.094784,1.000000,-0.417837,0.286148,-0.215044
-0.006959,0.039874,-0.056742,0.004946,0.082969,-0.003688,-0.469157,1.000000,-0.664631,0.335720,0.859148,0.268272,-1.000000,-0.165487
-0.008393,0.032264,-0.055184,0.013610,0.083225,-0.008985,0.547609,0.104045,-0.174585,-0.126534,1.000000,-1.000000,-0.344667,0.684418
-0.010357,0.025254,-0.052722,0.020424,0.082714,-0.015398,0.679854,0.373832,-1.000000,0.681192,-0.571367,-1.000000,-0.018463,1.000000
-0.012930,0.017689,-0.049013,0.025039,0.081757,-0.021387,-0.337697,0.429304,-0.956133,-0.286518,-1.000000,0.428765,-0.055878,-0.427198
-0.015448,0.010644,-0.044974,0.027335,0.081920,-0.025254,-0.060404,0.319415,-1.000000,-0.250981,-1.000000,0.380166,-0.771345,0.821233
-0.017994,0.002867,-0.040225,0.026246,0.082899,-0.027392,-0.177466,-0.436279,-1.000000,0.586042,-0.749496,-1.000000,0.363738,0.229399
-0.019878,-0.004317,-0.035839,0.021992,0.082615,-0.027431,-0.561199,0.384005,-1.000000,-0.152135,0.139806,-1.000000,0.361311,1.000000
-0.021285,-0.011905,-0.031424,0.016122,0.080301,-0.025448,-0.416764,-0.045084,-0.979899,0.258386,-0.068594,-1.000000,1.000000,-1.000000
-0.021984,-0.018584,-0.028105,0.009818,0.076888,-0.020748,-0.490969,0.131026,-0.991291,0.828070,-0.695586,0.002514,0.665269,-0.954923
-0.022280,-0.025341,-0.025671,0.004819,0.072396,-0.014039,0.253961,0.719642,-0.421143,0.137265,0.313034,-0.240522,1.000000,-0.379776
-0.022312,-0.031097,-0.024386,0.001606,0.067516,-0.008036,-0.560246,0.259519,-0.832138,1.000000,0.381881,-0.171722,-0.491828,0.331897
-0.022180,-0.037055,-0.023567,-0.000577,0.064812,-0.004720,0.095780,0.270325,-0.415061,0.724253,0.878899,-1.000000,-0.823923,0.296588
-0.022032,-0.042440,-0.022923,-0.000867,0.063572,-0.004025,-0.328135,0.528154,-0.000091,0.797601,-0.106774,-0.647849,0.855251,-0.908662
-0.022030,-0.048091,-0.022219,0.001015,0.061508,-0.004060,-0.578364,-0.058008,-0.095727,0.025721,0.243676,-0.510030,1.000000,1.000000
-0.022130,-0.053072,-0.021768,0.001998,0.058981,-0.002821,0.434813,0.134017,-1.000000,0.337149,-0.437537,-0.572475,0.686078,-0.853493
-0.022491,-0.058005,-0.021895,0.003735,0.054293,0.000730,-0.555256,1.000000,-0.280124,0.727376,0.597739,0.030992,0.504165,-0.381996
-0.023242,-0.062014,-0.022274,0.008124,0.048069,0.002374,-0.970273,0.580172,-0.760435,0.264522,-0.609383,1.000000,0.439879,0.140193
-0.024478,-0.065771,-0.022944,0.012139,0.041809,0.003861,-0.539112,-0.300702,-1.000000,1.000000,0.922342,-1.000000,-0.443708,0.365350
-0.025889,-0.068930,-0.023865,0.014545,0.038498,0.005764,-0.728411,0.016608,-0.767428,0.985786,-0.870687,-1.000000,-0.232046,1.000000
-0.027592,-0.072171,-0.024967,0.016091,0.036572,0.006350,-0.181464,0.662373,-0.250039,-0.144780,0.017481,0.242187,1.000000,-0.512199
-0.029293,-0.074751,-0.026332,0.016578,0.032152,0.008542,-0.874273,-0.208574,-0.349814,-0.791678,0.014576,-0.323215,1.000000,-0.780791
-0.030999,-0.076901,-0.028492,0.013165,0.025803,0.012446,-0.447102,0.281617,-1.000000,-0.879794,0.574034,-0.065047,-0.674812,0.103514
-0.032319,-0.078243,-0.031042,0.008393,0.018979,0.015945,0.518031,0.759900,-0.221070,-0.426514,1.000000,-1.000000,-0.512499,1.000000
-0.033523,-0.079080,-0.034035,0.005162,0.012570,0.017260,-0.242112,0.348109,-0.402192,0.139438,-1.000000,-0.071988,0.237842,0.301425
-0.034510,-0.079266,-0.037131,0.002622,0.006137,0.019351,-0.244255,0.199578,-1.000000,-0.281188,1.000000,0.201861,0.289056,1.000000
-0.035540,-0.078687,-0.041243,0.000097,-0.001388,0.023721,0.291012,0.481120,-0.784811,-0.517348,0.319387,-1.000000,0.329646,0.392530
-0.036437,-0.077440,-0.045580,-0.002048,-0.009003,0.027121,-0.432239,0.301572,0.173293,-0.070025,1.000000,-1.000000,0.109295,-0.178914
-0.037213,-0.075515,-0.050193,-0.003766,-0.015258,0.026623,-0.553825,0.751364,-0.526908,-0.988131,0.864426,1.000000,-0.680465,-0.481269
-0.037717,-0.073260,-0.053844,-0.004281,-0.021706,0.022810,-0.683743,0.755953,-0.236183,-0.466801,-0.103534,0.938086,0.352433,-1.000000
-0.038043,-0.070402,-0.056416,-0.002913,-0.028022,0.014835,-0.531235,0.504838,0.679137,0.008727,0.233236,-1.000000,0.012647,0.429447
-0.038138,-0.067535,-0.056827,0.000051,-0.033551,0.002571,-0.575429,0.649656,0.712914,0.274814,-0.090438,1.000000,-0.355341,1.000000
-0.038146,-0.064274,-0.055106,0.004105,-0.038064,-0.009926,0.085500,-0.028343,-0.460927,-0.176632,0.873319,-0.221099,0.386288,-0.678566
-0.038122,-0.061158,-0.052083,0.007005,-0.041406,-0.018907,-0.472494,-0.348950,0.468988,0.052249,0.603043,-1.000000,0.143406,0.227408
-0.038047,-0.057705,-0.047752,0.008357,-0.043582,-0.024980,-0.204392,-0.150883,0.798477,-0.237180,1.000000,-1.000000,-0.199378,-0.173191
-0.037964,-0.054483,-0.043147,0.009003,-0.044830,-0.028783,-0.187705,-0.540547,0.181336,-0.729984,0.222208,-0.017036,0.566435,-1.000000
-0.037909,-0.051009,-0.037887,0.009344,-0.044975,-0.030339,0.603078,-0.642591,0.433826,-0.271669,1.000000,-0.549768,0.593808,0.274226
-0.037942,-0.047841,-0.032982,0.009802,-0.044610,-0.030665,-0.131171,-0.369503,-0.659815,0.727421,0.423010,0.123519,0.810734,0.163185
-0.038076,-0.044451,-0.027667,0.010307,-0.044148,-0.030662,-0.258734,-0.177616,-0.434976,-0.624531,-0.064263,-0.325104,-0.879935,-0.511291
-0.038277,-0.041358,-0.022758,0.010605,-0.043742,-0.030682,-0.171391,-0.604386,-0.226295,-0.793308,1.000000,-0.696505,1.000000,-0.338420
-0.038542,-0.038041,-0.017449,0.010554,-0.043393,-0.030620,0.413631,-0.083392,-0.786783,-0.853904,-0.529430,-1.000000,1.000000,0.499524
-0.038803,-0.034977,-0.012646,0.009990,-0.043340,-0.030015,0.800843,-0.481519,-1.000000,-0.058191,0.643365,-0.726264,-1.000000,-1.000000
-0.039077,-0.031623,-0.007669,0.009067,-0.043471,-0.028710,-0.271939,-0.047275,-0.427971,-0.623114,0.585506,0.914788,-0.328806,-0.643787
-0.039294,-0.028493,-0.003308,0.007791,-0.043621,-0.027271,-0.381490,-1.000000,-0.203848,-0.030711,-0.749166,-0.331221,0.883172,0.825335
-0.039544,-0.025096,0.001018,0.007037,-0.043158,-0.024949,0.794094,-0.756409,0.292641,0.404105,-1.000000,-0.914722,0.635168,1.000000
-0.039820,-0.022027,0.004487,0.006571,-0.041645,-0.021678,0.469379,-0.921710,0.143227,-0.639138,-0.283358,-0.399144,-0.270362,-0.994286
-0.040105,-0.018844,0.007375,0.005345,-0.038934,-0.016659,-0.132543,-1.000000,0.479190,-0.537877,-1.000000,0.682044,-0.277154,-0.370403
-0.040256,-0.016075,0.009177,0.003083,-0.035683,-0.011274,-0.620265,-0.154708,-0.338645,-0.820547,-1.000000,-0.706968,1.000000,-0.322574
-0.040244,-0.013284,0.010393,0.000541,-0.032356,-0.007009,-0.355725,-0.784193,0.668877,-0.075532,-0.713828,0.176264,0.858209,-0.833297
-0.040074,-0.010900,0.010672,-0.001883,-0.028799,-0.001745,0.668123,-0.470014,0.113124,0.072801,-1.000000,-1.000000,-0.079827,0.235623
-0.039797,-0.008526,0.009917,-0.003325,-0.025040,0.004352,-0.159862,-0.717319,-0.101904,0.404431,0.142189,-1.000000,1.000000,-1.000000
-0.039514,-0.006554,0.008170,-0.003918,-0.020890,0.010925,-0.913757,-0.482988,0.075866,0.000269,0.132097,-0.674466,0.979481,1.000000
-0.039218,-0.004657,0.005379,-0.003867,-0.017031,0.016102,-0.414965,0.025295,0.886982,-0.212056,1.000000,-0.617190,1.000000,-0.781679
-0.038982,-0.003152,0.002382,-0.003311,-0.013520,0.018732,0.362768,-0.427344,0.733864,0.092467,0.243487,-1.000000,0.469582,0.521628
-0.038804,-0.001786,-0.001144,-0.002319,-0.010265,0.020335,-0.368595,-0.213011,-0.907607,0.550291,1.000000,-1.000000,-0.338549,0.828048
-0.038688,-0.000650,-0.004643,-0.001580,-0.008436,0.021869,0.034490,0.264030,-0.704697,-0.505461,0.517409,0.340566,0.337166,-0.319576
-0.038559,0.000516,-0.008513,-0.001476,-0.007641,0.022322,-0.309721,0.785005,0.823908,-0.828820,0.184289,-1.000000,0.236562,0.320463
-0.038414,0.001551,-0.012026,-0.001632,-0.007263,0.021980,-0.295165,-0.359080,-0.130489,-0.096972,-0.830072,-0.143245,-1.000000,0.220957
-0.038227,0.002639,-0.015780,-0.001824,-0.006975,0.021640,0.313449,0.741737,-0.409178,-0.006082,0.923651,0.868136,1.000000,-1.000000
-0.038026,0.003612,-0.019183,-0.002029,-0.006731,0.021287,0.082484,-0.307799,0.810636,-0.525615,-1.000000,0.172090,1.000000,-1.000000
-0.037779,0.004619,-0.022766,-0.002246,-0.006354,0.020660,-0.169115,0.310813,-0.535087,0.040397,1.000000,-0.111314,-1.000000,1.000000
-0.037523,0.005507,-0.025981,-0.002469,-0.006036,0.020096,-0.241115,-0.108345,0.786875,-0.604988,1.000000,-0.103789,0.346109,-0.847674
-0.037213,0.006391,-0.029254,-0.002760,-0.005478,0.018880,-0.901641,-0.260840,0.117301,-0.395359,0.269839,-0.280694,-0.551404,0.136868
-0.036876,0.007165,-0.032055,-0.003325,-0.005324,0.017507,-1.000000,0.464968,-0.760495,0.070186,-1.000000,-0.386987,0.186262,1.000000
-0.036430,0.007998,-0.034795,-0.004204,-0.005663,0.015802,-0.293377,-0.207905,0.534568,-0.192874,1.000000,0.082612,1.000000,-0.076169
-0.035894,0.008790,-0.037008,-0.005280,-0.005926,0.012773,-0.960444,-0.757826,0.927525,-0.557790,0.165699,-0.369091,1.000000,-0.764303
-0.035294,0.009475,-0.038365,-0.006685,-0.006332,0.008482,-0.361494,0.161497,-0.822962,0.509578,1.000000,-1.000000,0.182777,-0.257638
-0.034614,0.010183,-0.039238,-0.007788,-0.007282,0.005452,-0.102731,-0.393193,-0.607816,-0.211279,1.000000,0.620255,1.000000,-1.000000
-0.033810,0.011006,-0.039654,-0.008680,-0.008538,0.002400,-0.972607,0.272500,0.406484,0.521149,0.981360,0.241995,0.827657,-0.942847
-0.033029,0.011816,-0.039578,-0.009328,-0.009741,-0.000473,1.000000,0.384551,0.290554,-0.435486,0.225272,0.679001,-0.568303,-0.666437
-0.032188,0.012678,-0.039258,-0.009376,-0.009841,-0.001847,-0.542117,-0.614630,0.837482,0.283911,0.988462,-0.138711,-0.528801,-0.535176
-0.031422,0.013455,-0.038653,-0.009411,-0.009974,-0.003779,-0.665561,-0.217321,-0.710734,-1.000000,0.033501,-1.000000,-0.876005,1.000000
-0.030549,0.014295,-0.037547,-0.010101,-0.010439,-0.006381,-0.662589,-0.650599,0.629311,-0.634496,-0.133471,-0.940562,1.000000,-1.000000
-0.029701,0.015020,-0.036016,-0.010908,-0.010377,-0.009572,0.304770,0.184092,0.228464,-0.285009,-0.327927,-0.838574,1.000000,-1.000000
-0.028772,0.015753,-0.034041,-0.011232,-0.010083,-0.011395,0.005181,0.301223,-0.563737,0.862155,-0.010084,-0.029954,1.000000,-0.841175
-0.027914,0.016429,-0.032135,-0.011327,-0.010098,-0.011907,0.222367,-0.534181,-0.008421,0.139856,-0.122655,-0.015509,0.101664,-0.551095
-0.026991,0.017151,-0.030047,-0.011317,-0.009955,-0.012043,-0.303184,-0.942274,0.705589,0.861735,-1.000000,-0.785753,0.261320,0.524134
-0.026141,0.017789,-0.028173,-0.011324,-0.009485,-0.011719,0.418296,-0.511803,-0.262195,-0.132174,0.462531,-0.527063,0.228495,-0.505236
-0.025190,0.018441,-0.026371,-0.011555,-0.008802,-0.010397,0.073789,-0.786859,-0.516771,-0.734851,1.000000,0.406003,1.000000,-1.000000
-0.024250,0.019005,-0.025005,-0.012122,-0.008001,-0.008534,-0.168920,-0.059351,0.216222,-0.006400,0.219497,0.863545,-0.303922,-1.000000
-0.023185,0.019591,-0.023744,-0.012533,-0.007497,-0.007277,-0.170316,0.019767,-0.650281,0.171229,1.000000,-1.000000,-0.055174,-0.190068
-0.022183,0.020117,-0.022696,-0.012691,-0.007168,-0.006548,-0.577122,-0.036370,1.000000,0.213319,0.136758,-1.000000,0.654002,0.769144
-0.021120,0.020641,-0.021575,-0.012458,-0.006620,-0.006465,0.497006,-0.496402,0.836433,0.360670,-0.587800,-1.000000,0.015114,0.224863
-0.020207,0.021063,-0.020482,-0.011718,-0.005896,-0.006842,1.000000,0.396099,0.061180,0.328627,-0.273485,0.470805,-0.657460,-0.443998
-0.019282,0.021484,-0.019325,-0.010996,-0.005424,-0.006669,0.564164,-1.000000,-0.506773,-0.546705,0.424019,0.172341,0.506677,-0.208710
-0.018431,0.021823,-0.018462,-0.010833,-0.004669,-0.005394,-0.163036,-0.573346,0.277287,-0.971321,-1.000000,0.160133,-0.619040,0.797274
-0.017481,0.022133,-0.017758,-0.010957,-0.003851,-0.004060,-0.249174,-0.098718,-0.141002,0.134573,0.421168,-0.746146,-0.438762,-0.208277
-0.016587,0.022387,-0.017244,-0.011081,-0.003357,-0.003212,-0.464204,0.346291,-0.656509,-0.308885,1.000000,-0.638330,1.000000,-1.000000
-0.015605,0.022633,-0.016786,-0.011141,-0.002965,-0.002646,-0.552836,-1.000000,0.822176,-0.057771,0.382345,-0.507969,1.000000,-0.139304
-0.014678,0.022807,-0.016526,-0.011246,-0.002232,-0.001622,-0.303156,-0.175439,-0.214682,0.578612,0.960612,0.939581,-0.197956,0.435447
-0.013653,0.022946,-0.016413,-0.011361,-0.001576,-0.000653,0.177574,-0.274910,0.434510,-0.022632,1.000000,-1.000000,0.997384,-1.000000
-0.012709,0.023012,-0.016410,-0.011242,-0.000793,-0.000022,-0.104686,-0.199869,0.319454,0.119141,0.222438,-1.000000,0.508789,-0.671440
-0.011698,0.023021,-0.016486,-0.011043,-0.000067,0.000438,0.475777,-0.141848,-0.265960,0.348160,-0.084012,0.161547,0.470716,-0.096484
-0.010770,0.022980,-0.016637,-0.010922,0.000556,0.000946,-0.211310,-0.341029,0.678910,0.272195,0.545917,0.046672,0.731247,-1.000000
-0.009798,0.022808,-0.016753,-0.010598,0.001934,0.000668,-0.365455,-0.615349,0.784024,-0.793596,-1.000000,-1.000000,-0.238840,0.503455
-0.008946,0.022513,-0.016792,-0.010094,0.003521,0.000246,0.282086,0.117796,-0.842638,0.583474,-0.066355,-1.000000,-0.444527,-1.000000
-0.008044,0.022135,-0.016893,-0.009845,0.004195,0.000582,0.177583,-0.183642,0.089083,-0.135377,-1.000000,-0.657852,0.847031,-0.848518
-0.007226,0.021739,-0.017038,-0.009603,0.004753,0.000908,-0.426496,-0.257941,-0.193628,-0.066650,1.000000,-1.000000,0.987356,0.164521
-0.006352,0.021280,-0.017244,-0.009456,0.005097,0.001190,-0.120258,0.297710,-0.186236,0.093275,0.545998,1.000000,0.992266,-0.536150
-0.005559,0.020852,-0.017467,-0.009265,0.005148,0.001392,-0.074397,-0.134782,0.696914,1.000000,1.000000,-1.000000,-0.066583,-1.000000
-0.004740,0.020391,-0.017748,-0.008802,0.005112,0.001620,0.359939,-0.162271,0.430817,0.103145,1.000000,-0.819994,-1.000000,-0.273462
-0.004072,0.019919,-0.017891,-0.007842,0.005648,0.000898,0.408060,0.301841,1.000000,0.332793,-0.862188,0.708824,1.000000,1.000000
-0.003487,0.019280,-0.017721,-0.006549,0.007003,-0.000984,-0.296722,-0.367420,0.069413,0.150408,0.030320,-0.759038,0.520622,0.220845
-0.003080,0.018538,-0.017177,-0.005226,0.008757,-0.003397,0.493023,-0.124269,0.750822,-0.058085,1.000000,-0.058061,-1.000000,0.956607
-0.002851,0.017396,-0.015677,-0.003479,0.012389,-0.008655,0.132251,0.255836,0.942822,-0.278403,0.937537,-0.627203,0.841658,1.000000
-0.002825,0.015964,-0.013237,-0.001900,0.016782,-0.015259,-0.390297,-0.262779,-0.279230,0.029516,-0.694760,-1.000000,-0.628053,0.144145
-0.002891,0.014247,-0.010092,-0.001006,0.018559,-0.018144,-0.164117,-0.749841,-1.000000,0.003269,0.206784,-0.090110,-1.000000,-1.000000
-0.002956,0.012639,-0.007172,-0.000776,0.018808,-0.018243,-0.945883,-0.485359,-0.062604,0.127908,1.000000,-0.028898,0.677940,-0.294965
-0.003010,0.010901,-0.004096,-0.000754,0.018784,-0.017745,0.186803,0.024354,-0.655548,0.053855,-1.000000,-1.000000,1.000000,-1.000000
-0.003039,0.009324,-0.001367,-0.000757,0.018461,-0.017064,0.615357,0.106549,0.284828,0.394818,1.000000,0.335255,1.000000,-0.470791
-0.003054,0.007651,0.001428,-0.000739,0.018089,-0.016119,-0.145509,-0.834454,-1.000000,-0.065198,0.456176,1.000000,0.556977,-0.173820
-0.003059,0.006142,0.003794,-0.000616,0.017697,-0.014794,-0.063661,0.374604,-0.561631,0.715912,-0.045085,0.751673,-1.000000,1.000000
-0.003091,0.004572,0.006030,-0.000118,0.017015,-0.012904,0.067191,-0.860645,0.757621,0.317825,-0.041853,-0.433674,0.632104,0.576048
-0.003167,0.003158,0.007727,0.000609,0.016632,-0.010599,-0.255742,-0.184605,-0.035297,0.194929,0.629424,-1.000000,0.400052,0.010902
-0.003292,0.001658,0.009284,0.001207,0.016304,-0.008982,-0.660999,0.388881,-0.905064,-0.338061,-0.095044,-1.000000,1.000000,-1.000000
-0.003450,0.000338,0.010470,0.001802,0.015574,-0.007415,0.246561,-0.177164,-1.000000,1.000000,-0.033871,-0.488572,0.159589,1.000000
-0.003797,-0.000907,0.011059,0.003813,0.013604,-0.003396,0.234022,0.225932,-1.000000,0.942319,0.757601,-1.000000,0.708066,1.000000
-0.004385,-0.001831,0.010758,0.006991,0.011055,0.001879,0.325054,0.184076,0.370623,0.045401,-0.482286,-0.876817,0.760686,-0.872403
-0.005236,-0.002681,0.009829,0.009283,0.009475,0.005361,0.458142,0.103484,0.008883,-0.248155,-0.133864,-0.567896,-0.726455,0.675303
-0.006127,-0.003376,0.008627,0.010504,0.008509,0.007515,-0.411752,-0.093537,-0.859372,-0.250131,-0.821850,0.920088,0.396632,0.152405
-0.007130,-0.003989,0.006927,0.010819,0.007093,0.009806,-0.775285,0.266679,-0.681090,-0.175370,-0.436619,-0.677179,0.331790,0.964411
-0.008033,-0.004374,0.004879,0.010439,0.005135,0.012800,-0.307705,-0.105643,-0.641403,-0.264895,1.000000,-1.000000,-0.250319,-1.000000
-0.008964,-0.004615,0.002221,0.009841,0.003387,0.015335,-0.352437,0.317580,0.401520,-0.031048,-1.000000,0.215076,1.000000,0.326769
-0.009806,-0.004771,-0.000348,0.009583,0.002717,0.016061,-0.462041,-0.227174,0.588042,0.044131,-0.208848,1.000000,1.000000,-0.242919
-0.010701,-0.004912,-0.003134,0.009384,0.002495,0.016069,0.505154,0.362139,-0.158617,-0.826039,0.484926,-1.000000,-0.684294,0.129781
-0.011509,-0.005009,-0.005701,0.009149,0.002191,0.016040,0.469723,0.220842,-0.563636,-0.551064,1.000000,-0.298802,-1.000000,-0.507381
-0.012356,-0.005068,-0.008507,0.008831,0.001762,0.016204,-0.611317,-0.335889,-0.278612,-0.539819,-0.815549,0.370845,1.000000,0.524065
-0.013098,-0.005088,-0.011094,0.008342,0.001436,0.016165,-0.684032,0.290624,0.276956,-0.656307,-0.994137,0.686678,1.000000,-1.000000
0.447745,0.172542,-0.068902,0.000003,-0.000000,-0.000000,0.000000,0.000000,0.000000,0.000000,0.000000,0.000000,0.000000,0.000000
0.447734,0.172540,-0.068904,0.000172,-0.000018,0.000016,-0.363201,0.127751,1.000000,1.000000,1.000000,1.000000,-0.462579,-0.641690
0.447632,0.172495,-0.068948,0.001489,-0.000203,0.000275,0.915558,-0.730814,1.000000,1.000000,-0.157024,1.000000,0.640373,-0.369638
0.447193,0.172242,-0.069181,0.006220,-0.000824,0.001349,0.673141,-0.380151,1.000000,1.000000,0.310488,-1.000000,-0.123492,1.000000
0.446190,0.171473,-0.069843,0.016187,-0.001913,0.004134,1.000000,-0.339706,1.000000,1.000000,0.424154,-1.000000,-0.234459,0.676302
0.444159,0.169327,-0.071581,0.032541,-0.003227,0.010029,0.893958,-0.299898,1.000000,1.000000,0.332566,0.340913,-0.348725,1.000000
0.441204,0.165589,-0.074540,0.053616,-0.004735,0.018472,0.243316,-0.646799,1.000000,0.696905,0.297155,-0.999795,0.172145,-0.362699
0.436612,0.159454,-0.079467,0.078130,-0.007848,0.028454,0.469345,-0.108514,1.000000,1.000000,0.122206,0.100074,-0.089805,-0.542358
0.430947,0.151851,-0.085787,0.104014,-0.013051,0.039467,0.297204,-0.327163,1.000000,0.051334,1.000000,1.000000,0.152440,-0.390462
0.422902,0.142462,-0.093835,0.129179,-0.017090,0.046465,0.729060,0.350746,1.000000,0.192653,-0.988917,-0.264507,0.267719,1.000000
0.413289,0.134076,-0.101216,0.152427,-0.017361,0.046137,-0.412469,-0.055294,1.000000,-0.144046,1.000000,-0.314051,0.181748,1.000000
0.400512,0.126701,-0.107998,0.170701,-0.016032,0.039111,0.025040,-0.288387,1.000000,-0.667693,1.000000,0.980591,-0.657920,0.421854
0.386806,0.121931,-0.112760,0.185287,-0.014730,0.029779,-0.446295,0.024587,1.000000,-1.000000,0.872058,-1.000000,0.154945,-0.876911
0.369998,0.119381,-0.115815,0.197296,-0.012816,0.017614,-0.918160,0.025782,1.000000,-0.976002,1.000000,-0.428332,-0.748048,0.404094
0.352888,0.119007,-0.117032,0.209169,-0.012403,0.007608,0.258321,0.058278,1.000000,-0.844188,0.396717,1.000000,-0.116304,-0.036664
0.332770,0.120316,-0.116848,0.220197,-0.012140,-0.001058,0.054517,0.331187,-0.613508,-1.000000,-0.328018,-1.000000,0.372994,0.132741
0.312818,0.122928,-0.115203,0.230163,-0.010648,-0.010285,-0.741972,-0.289155,0.608238,-1.000000,-0.456516,-0.127250,-0.215546,1.000000
0.289981,0.126866,-0.112033,0.237263,-0.009109,-0.018285,-1.000000,-0.202556,-0.038896,-1.000000,0.638174,-0.642304,0.852142,-0.049147
0.267906,0.131416,-0.107469,0.240921,-0.004817,-0.028542,-0.175038,-0.484816,0.326981,-1.000000,-0.996555,-0.747883,1.000000,-0.098254
0.243215,0.136961,-0.100549,0.239193,0.002712,-0.039910,-0.313031,-0.328844,-0.972774,-1.000000,1.000000,0.360206,1.000000,-0.144186
0.220412,0.141997,-0.092839,0.231075,0.009694,-0.048181,-0.681088,-0.470030,-1.000000,-1.000000,-0.373637,1.000000,1.000000,1.000000
0.196273,0.146893,-0.083700,0.219435,0.015087,-0.052717,0.116685,-0.700583,-0.888058,-1.000000,0.708253,-0.662338,0.315324,0.177846
0.174701,0.150725,-0.074773,0.207003,0.019224,-0.055829,-0.406628,-0.182704,-0.795670,-1.000000,0.529510,-1.000000,0.221782,-0.872648
0.152076,0.154150,-0.064430,0.193771,0.023855,-0.059666,-0.974918,-0.710450,-0.431048,-1.000000,0.633593,0.548007,0.235397,0.748202
0.132048,0.156643,-0.054509,0.180327,0.025845,-0.061992,-0.538528,-0.525922,-1.000000,-1.000000,-0.440717,0.833404,0.553543,0.933734
0.111535,0.158582,-0.043763,0.166575,0.026706,-0.062034,0.220409,-0.557918,-1.000000,-1.000000,0.500867,-1.000000,0.872493,-0.424403
0.093938,0.159588,-0.034123,0.151559,0.027336,-0.060188,-0.609814,-1.000000,-1.000000,-1.000000,0.917021,-1.000000,0.195282,-0.870584
0.076649,0.159925,-0.024286,0.135359,0.027359,-0.056767,-0.594300,-0.065719,-1.000000,-0.450425,-0.517181,1.000000,-0.856006,0.127716
0.062451,0.159862,-0.015862,0.118306,0.024234,-0.052639,-0.810289,-0.235296,-1.000000,-1.000000,-1.000000,-1.000000,1.000000,-1.000000
0.049069,0.159657,-0.007534,0.100872,0.019599,-0.048057,-0.405641,-0.414284,-1.000000,-0.297704,-0.471101,-0.732006,0.240742,1.000000
0.038886,0.159455,-0.001158,0.083015,0.013725,-0.039839,0.275900,-0.992111,-1.000000,-0.365974,-0.520915,1.000000,0.754638,-0.429405
0.030495,0.159201,0.003831,0.064743,0.009281,-0.028800,-0.466947,-1.000000,-1.000000,-1.000000,-0.516098,-1.000000,0.220523,-1.000000
0.025274,0.158879,0.006639,0.045383,0.006960,-0.017542,-0.969516,-0.922570,-0.493176,-1.000000,-0.000683,-1.000000,0.611967,-0.488309
0.022160,0.158376,0.007858,0.027552,0.006579,-0.007036,0.008491,-0.640604,-0.645698,-0.916236,-0.529189,-0.735537,1.000000,-0.916993
0.021103,0.157627,0.007695,0.013540,0.008774,0.001019,0.072947,-0.304546,0.547648,-0.726268,0.381530,-1.000000,0.985647,-1.000000
0.021038,0.156253,0.007280,0.002981,0.014797,0.002399,-0.485329,-0.441735,0.214112,-0.501550,0.064639,1.000000,0.278196,-0.561511
0.021723,0.154366,0.007182,-0.007598,0.022398,0.000609,-0.213995,-0.565573,-0.293555,-0.582648,0.478640,0.590123,-0.032384,0.627567
0.023292,0.151739,0.007426,-0.018531,0.029032,-0.001407,0.065597,-0.310109,0.618725,-0.080566,0.205979,0.276722,0.573606,0.783834
0.025372,0.148901,0.007830,-0.027067,0.034157,-0.002527,0.212257,-0.146442,-0.716242,0.574367,1.000000,-1.000000,0.723385,-1.000000
0.028177,0.145499,0.008000,-0.031700,0.037532,-0.000979,-0.285943,-0.279512,-0.158170,-0.034017,-0.064552,-1.000000,-0.019442,-0.517337
0.031143,0.142118,0.007842,-0.034439,0.040086,0.000989,0.111765,-0.021349,-0.025352,0.174048,-0.775892,0.222084,-0.619689,-0.330752
0.034639,0.138262,0.007330,-0.035919,0.041818,0.002952,-0.722881,-0.460968,1.000000,0.407845,0.533433,-1.000000,1.000000,-1.000000
0.038144,0.134487,0.006390,-0.036854,0.043719,0.005876,-0.096492,-1.000000,0.294965,-0.318051,-0.556942,-0.533927,1.000000,1.000000
0.042275,0.130067,0.004647,-0.037299,0.046222,0.010045,0.244975,-0.017949,0.585607,0.697358,-0.087242,-0.765134,1.000000,-0.922680
0.046207,0.125772,0.002614,-0.036912,0.047877,0.012703,0.482949,0.482177,0.067721,0.164241,-0.002602,-1.000000,0.910308,-0.471666
0.050430,0.120973,0.000258,-0.036208,0.048966,0.013602,0.802588,-0.477920,1.000000,0.820159,-0.303820,0.491125,-1.000000,0.041439
0.054220,0.116403,-0.001910,-0.035347,0.050298,0.013555,-0.542741,0.487539,0.240049,0.721727,-0.127915,0.907151,0.224664,-0.749542
0.058080,0.111352,-0.004004,-0.033987,0.051535,0.012075,0.398503,-0.001944,1.000000,0.071779,-0.471997,0.093047,-0.290781,0.685062
0.061267,0.106584,-0.005424,-0.032051,0.053677,0.008874,0.058173,0.065336,0.230203,0.855971,0.401147,-0.558704,0.854764,-0.302690
0.064439,0.101375,-0.006850,-0.029616,0.054212,0.008232,0.616962,-0.223080,-0.144296,0.932006,0.022974,0.098086,-0.472052,-0.577914
0.067261,0.096616,-0.008787,-0.026270,0.051967,0.012104,-0.171382,0.204462,0.232975,0.969681,1.000000,-1.000000,0.926030,1.000000
0.070222,0.091527,-0.011940,-0.022044,0.048534,0.018185,-0.914317,-0.511590,1.000000,0.586226,-0.964122,0.067142,0.739706,-0.567187
0.072835,0.086863,-0.015852,-0.017792,0.045196,0.024467,0.307824,-0.549637,-0.231397,0.658630,0.334238,-1.000000,-0.912139,0.682387
0.075573,0.081860,-0.021764,-0.012490,0.039933,0.034092,0.073953,-0.327267,0.543667,1.000000,0.424359,1.000000,0.931333,-1.000000
0.078091,0.077308,-0.028964,-0.008173,0.033599,0.045009,-0.007056,0.076077,0.427684,0.174101,1.000000,0.101791,0.767163,-0.495998
0.080748,0.072369,-0.037986,-0.005464,0.029615,0.052044,-0.064052,-0.267599,1.000000,0.048022,-0.754651,0.727712,0.636242,0.570575
0.082908,0.067650,-0.046379,-0.003340,0.030535,0.052459,-0.243246,0.873862,1.000000,-0.185894,1.000000,-1.000000,-0.951493,0.733069
0.084606,0.062283,-0.054012,-0.001091,0.036912,0.044027,0.056038,0.497807,1.000000,-0.589773,1.000000,-1.000000,-0.149053,-1.000000
0.085469,0.057143,-0.059043,0.001314,0.045198,0.031462,-0.565294,-0.084655,-0.480666,0.173606,1.000000,-0.031137,-1.000000,-0.577424
0.085770,0.051523,-0.062896,0.004230,0.050330,0.022221,0.093369,1.000000,0.391312,0.106511,1.000000,0.168903,-1.000000,0.511188
0.085418,0.046348,-0.064755,0.007757,0.055653,0.011626,-0.652152,0.173229,1.000000,0.034450,0.551603,-1.000000,1.000000,0.348391
0.084354,0.040732,-0.064382,0.011086,0.062777,-0.002149,-0.063729,0.252189,0.508770,0.031543,1.000000,-1.000000,-0.650955,-0.710271
0.082841,0.035649,-0.062013,0.014378,0.067985,-0.014813,0.241720,0.831271,-0.606873,0.220238,0.649751,-1.000000,-0.578793,-0.457609
0.080895,0.030464,-0.057866,0.016209,0.068803,-0.023925,0.536237,0.463983,0.166393,-0.206012,0.017199,-1.000000,0.849629,-0.570475
0.078788,0.025697,-0.052187,0.017049,0.068222,-0.032777,-0.212661,0.415521,0.023485,0.265430,0.427207,-0.202689,-0.670141,-0.398289
0.076779,0.021738,-0.045955,0.017736,0.065397,-0.038927,-0.308969,0.384832,-1.000000,0.491716,0.062047,0.090752,-1.000000,0.990828
0.074771,0.018259,-0.039194,0.018203,0.060776,-0.042262,-0.426956,0.497089,-1.000000,0.599267,0.831033,-1.000000,-0.866990,-0.035773
0.072611,0.015059,-0.031534,0.018666,0.054891,-0.044197,-0.428184,0.072485,-1.000000,0.541101,-0.706389,-1.000000,0.921101,-0.261421
0.070658,0.012523,-0.024521,0.019100,0.049197,-0.043839,0.052087,-0.031151,-1.000000,0.175825,0.438310,-0.631975,1.000000,0.085013
0.068605,0.010103,-0.017336,0.019265,0.044096,-0.041463,0.039843,0.091462,-0.441317,0.504832,-1.000000,-0.781078,-0.134628,1.000000
0.066751,0.008122,-0.011372,0.019658,0.038842,-0.037254,-0.089332,0.234401,-1.000000,0.443047,0.006453,0.313765,-1.000000,-0.593060
0.064772,0.006241,-0.006172,0.020211,0.032663,-0.030020,0.535958,-0.253597,-0.624640,0.848828,0.326755,0.923233,0.235392,-0.222434
0.062865,0.004698,-0.003040,0.021911,0.025935,-0.019566,0.614794,0.053099,-0.464108,0.351008,-1.000000,-0.799638,0.823348,1.000000
0.060720,0.003196,-0.001256,0.023295,0.020387,-0.010297,-0.912574,-0.036516,-0.262295,-0.457257,-0.535140,-0.999637,-0.462994,-0.857340
0.058772,0.001925,-0.000591,0.023082,0.016624,-0.004150,-0.380592,-0.125777,-0.126904,0.172187,0.171000,-0.708415,0.052002,-0.139285
0.056691,0.000647,-0.000843,0.022909,0.013550,0.001452,-0.538334,-0.398550,-0.708598,0.437125,0.903748,0.680796,1.000000,-1.000000
0.054788,-0.000413,-0.002077,0.022668,0.009997,0.007713,-0.138843,0.141892,-0.055757,-0.066265,0.879594,1.000000,1.000000,0.216543
0.052724,-0.001449,-0.004095,0.022638,0.007568,0.011643,0.361432,0.433959,0.130558,-0.251695,0.147245,-0.151544,-0.593016,-0.041144
0.050784,-0.002309,-0.006297,0.022947,0.005891,0.013753,-0.230276,0.336347,0.188652,0.969925,0.984265,0.116667,-1.000000,-0.466331
0.048586,-0.003112,-0.009028,0.023920,0.004032,0.015758,-0.150522,0.133353,-0.420242,-0.457533,-0.376377,-1.000000,0.307016,0.226748
0.046531,-0.003750,-0.011627,0.024156,0.002881,0.016247,-0.184322,0.044291,0.766449,-0.408813,0.226842,-0.206885,0.455306,0.537925
0.044306,-0.004356,-0.014352,0.024082,0.002283,0.015727,-0.220582,0.020850,-0.233910,-1.000000,-0.289324,1.000000,0.991557,-0.824517
0.042270,-0.004847,-0.016782,0.023817,0.001824,0.015181,0.313674,0.012737,-0.606195,-0.263632,0.791598,-0.751292,-0.082029,-1.000000
0.040095,-0.005312,-0.019364,0.023444,0.001339,0.014888,-0.494692,-0.006331,-0.135820,0.567366,0.652699,-0.985766,-0.782104,-1.000000
0.038114,-0.005677,-0.021674,0.023117,0.000881,0.014442,-0.162239,0.473357,0.570032,-0.035581,-0.347218,0.131555,0.019706,-0.401437
0.035977,-0.005963,-0.023938,0.023044,0.000165,0.013076,-0.280638,0.776327,1.000000,-0.439936,-0.690524,-0.361301,1.000000,-0.586444
0.033989,-0.006075,-0.025575,0.023269,-0.000864,0.010218,-1.000000,0.163775,0.561697,0.274997,-0.039511,-0.028556,-0.961137,-0.395482
0.031822,-0.006065,-0.026858,0.023545,-0.001618,0.007403,0.174587,-0.322945,-0.282290,-0.760667,1.000000,0.649104,-0.366583,0.564990
0.029836,-0.005979,-0.027754,0.023449,-0.002086,0.005600,-0.925794,0.087551,0.032598,0.024237,0.273773,-0.607826,1.000000,0.078233
0.027718,-0.005789,-0.028361,0.023144,-0.002714,0.003504,0.276677,0.401752,0.201922,0.010719,0.221431,-1.000000,-0.030289,-0.947116
0.025585,-0.005491,-0.028480,0.023434,-0.003390,0.000685,-0.475742,0.478208,0.922016,-0.335517,1.000000,-0.187672,0.680842,-1.000000
0.023540,-0.005114,-0.027945,0.024434,-0.003980,-0.003340,0.613239,0.507322,-0.295855,-1.000000,-1.000000,0.186365,-0.588226,0.133814
0.021404,-0.004638,-0.026762,0.025656,-0.004626,-0.007397,-0.082288,0.372307,-0.165863,-0.165614,0.421421,0.183887,-0.306287,0.682490
0.019001,-0.004025,-0.024829,0.026707,-0.005300,-0.011147,-0.739799,-0.120396,-0.137757,-0.129258,-0.343041,-1.000000,0.835121,1.000000
0.016749,-0.003392,-0.022595,0.027145,-0.005948,-0.013963,0.355181,0.219099,-0.171431,0.329187,-0.087338,-0.426464,-1.000000,-1.000000
0.014290,-0.002659,-0.019868,0.027340,-0.006476,-0.015735,0.140533,-0.451755,-0.673972,0.291567,0.820570,-0.587279,0.511307,-0.101991
0.012034,-0.001993,-0.017274,0.027111,-0.006544,-0.016214,-0.584934,-0.800998,-0.074806,-0.346271,-0.450300,-0.744454,-0.836567,0.523990
0.009631,-0.001306,-0.014428,0.026587,-0.006361,-0.016416,-0.592574,0.287321,-0.249866,-1.000000,-0.202417,-1.000000,-0.352335,0.400822
0.007474,-0.000707,-0.011724,0.025808,-0.006160,-0.016904,-0.186997,-0.765183,0.273281,0.188326,-0.173283,-0.352214,1.000000,0.160385
0.005188,-0.000098,-0.008788,0.025191,-0.005932,-0.016932,0.345641,-0.919848,-0.988962,0.787156,0.022226,0.859938,0.948399,-0.182677
0.003113,0.000420,-0.006148,0.024701,-0.005654,-0.016498,-0.086848,-0.426887,0.280028,-0.828286,0.782729,-1.000000,0.276958,-1.000000
0.000917,0.000929,-0.003357,0.024094,-0.005301,-0.016106,-0.867648,-0.088882,-0.723892,-0.624750,0.897575,0.982428,0.505696,0.746974
-0.001025,0.001382,-0.000850,0.023037,-0.005305,-0.015674,-0.152633,-0.176210,-0.933221,0.094118,0.724107,0.463089,1.000000,0.125493
-0.003008,0.001937,0.001599,0.021672,-0.006179,-0.014128,-0.477964,0.120168,-0.909977,0.313288,0.612150,-1.000000,0.639730,-0.785184
-0.004711,0.002568,0.003488,0.020133,-0.007724,-0.011805,0.323900,-0.075473,-0.087403,-1.000000,-0.346496,-1.000000,-0.667115,-0.167495
-0.006422,0.003343,0.005191,0.018652,-0.008802,-0.009823,0.077939,-0.461465,-0.395281,-0.397954,0.332838,0.699089,0.753566,0.011814
-0.007867,0.004154,0.006437,0.017057,-0.009960,-0.007791,-0.222115,-0.093750,-0.445382,-0.824544,0.134470,-0.209315,0.677603,0.463558
-0.009285,0.005105,0.007579,0.015418,-0.010751,-0.006586,0.347752,-0.140210,0.635012,-0.001398,0.630311,-0.986274,-0.185724,-0.457358
-0.010506,0.005972,0.008638,0.014334,-0.010683,-0.006619,0.327311,0.089590,-0.112912,-0.377148,-0.636611,-1.000000,-0.590732,-0.339264
-0.011715,0.006866,0.009919,0.013033,-0.010305,-0.007397,-0.052492,-0.039379,-0.141311,-0.989419,-0.204360,1.000000,0.684076,0.131634
-0.012656,0.007648,0.011308,0.010828,-0.009906,-0.008673,-0.578585,-0.347785,-0.845384,-0.494325,-0.261300,-0.301760,0.402951,1.000000
-0.013441,0.008537,0.012761,0.008252,-0.010405,-0.008382,-0.087130,-0.834886,-0.987889,-0.010748,-0.253493,1.000000,-0.700880,0.105301
-0.013943,0.009466,0.013642,0.005695,-0.011509,-0.005508,-0.562310,-0.982728,-0.112686,0.063243,0.368924,-0.353363,0.996039,1.000000
-0.014278,0.010505,0.013969,0.003571,-0.011577,-0.001886,-0.431509,-0.655552,0.409079,-0.282446,-0.970680,-0.962228,1.000000,-1.000000
-0.014400,0.011397,0.013768,0.001537,-0.010509,0.001255,0.054594,-0.378730,-0.314517,-0.566802,-0.046342,0.022744,1.000000,-1.000000
-0.014316,0.012306,0.013008,-0.000628,-0.009618,0.004383,0.395665,-0.318933,-0.936896,-0.030366,1.000000,1.000000,1.000000,-0.665674
-0.014067,0.013207,0.011621,-0.002321,-0.009973,0.008669,0.167105,-0.086273,-1.000000,0.073855,-0.138947,-1.000000,-0.751280,0.760579
-0.013663,0.014337,0.009351,-0.003404,-0.011323,0.013097,-0.582555,0.492775,0.280153,0.526600,0.181733,-1.000000,-1.000000,-0.288582
-0.013225,0.015442,0.006944,-0.003921,-0.011930,0.015048,-0.467465,-0.202877,0.390557,0.176117,-1.000000,-0.985936,1.000000,0.153472
-0.012698,0.016640,0.004142,-0.004291,-0.011886,0.016154,-0.410684,-0.690916,-0.537414,0.060280,-0.010417,-0.858134,0.458043,-0.838885
-0.012159,0.017721,0.001373,-0.004679,-0.011565,0.017306,0.035038,0.100260,0.975576,0.054061,0.635629,0.715299,-1.000000,-0.380514
-0.011535,0.018851,-0.001653,-0.005002,-0.011154,0.017467,-0.505656,0.607875,0.563266,0.029113,-0.481226,-0.400616,1.000000,0.527909
-0.010929,0.019861,-0.004409,-0.005275,-0.010845,0.017226,0.270825,0.159482,0.400782,0.304516,-0.390168,-1.000000,-0.636531,1.000000
-0.010261,0.020899,-0.007297,-0.005354,-0.010336,0.016669,-0.307405,0.104395,1.000000,-0.127380,0.620999,-0.762596,-0.718532,-0.651266
-0.009671,0.021740,-0.009677,-0.005151,-0.009098,0.014860,-0.100407,0.483024,0.572538,-0.670078,-0.873059,0.236000,1.000000,-1.000000
-0.009070,0.022500,-0.011872,-0.004954,-0.007623,0.012668,0.367163,0.039710,-0.265769,0.015599,-1.000000,0.144795,0.768527,-0.296513
-0.008534,0.023110,-0.013674,-0.004869,-0.006654,0.011260,-0.199627,-0.043959,0.130238,0.087596,0.476035,0.524535,0.386102,0.338809
-0.007990,0.023653,-0.015324,-0.004657,-0.005491,0.009517,-0.712653,-0.427465,0.770019,-0.534631,0.073484,1.000000,-0.469499,-0.797610
-0.007599,0.023941,-0.016234,-0.003856,-0.003151,0.005685,-0.152405,-0.301092,1.000000,-0.449516,0.879974,-0.970261,-0.284195,0.806611
-0.007355,0.023930,-0.016241,-0.002672,0.000117,0.000045,-0.501805,0.395568,-0.142417,-0.918587,-0.310306,-0.560861,0.544254,0.088975
-0.007189,0.023718,-0.015604,-0.002551,0.002358,-0.003980,-0.108147,-0.694384,-0.455541,-0.058139,1.000000,0.162227,-0.324992,-1.000000
-0.007028,0.023385,-0.014534,-0.002637,0.003384,-0.006172,-0.652482,0.221531,0.154180,0.528839,0.601115,0.201090,-0.802080,-0.530622
-0.006910,0.023018,-0.013256,-0.002530,0.004038,-0.007993,0.263730,0.627195,0.214826,0.199935,-0.814485,-0.229502,-0.113609,1.000000
-0.006834,0.022568,-0.011615,-0.002133,0.004545,-0.009470,-0.163840,0.052709,-0.083405,0.446632,1.000000,-0.408212,0.661601,0.981385
-0.006786,0.022138,-0.009983,-0.001955,0.004703,-0.010199,0.782533,0.025418,-1.000000,0.244639,-0.020027,-1.000000,-1.000000,0.481086
-0.006733,0.021683,-0.008224,-0.001921,0.004579,-0.010146,-0.577273,-0.556428,0.003035,0.505152,-0.443010,-0.822188,-1.000000,-1.000000
-0.006682,0.021273,-0.006631,-0.001894,0.004485,-0.009954,0.402312,-0.291235,0.285567,-1.000000,-1.000000,-0.310021,-0.085032,-0.365846
-0.006621,0.020828,-0.004919,-0.001933,0.004489,-0.009880,-0.437039,-1.000000,0.242975,-0.287655,-0.258904,-0.227910,1.000000,-0.478511
-0.006550,0.020410,-0.003379,-0.002048,0.004586,-0.009623,-0.101324,-0.131700,-1.000000,0.038562,-0.396690,-0.769858,-0.333776,1.000000
-0.006450,0.019953,-0.001776,-0.002226,0.004666,-0.009249,-0.475823,-0.197634,-0.476686,-0.325526,0.766025,-0.934671,1.000000,-0.520678
-0.006325,0.019522,-0.000411,-0.002501,0.004793,-0.008521,0.363815,-0.928754,-1.000000,0.000743,-0.317795,-0.825597,0.342885,-0.513634
-0.006109,0.019052,0.000745,-0.003158,0.004916,-0.006680,0.204211,0.041279,-0.722971,0.274125,-0.758337,-0.125115,-0.235842,0.147098
-0.005805,0.018621,0.001448,-0.004107,0.004968,-0.004387,-0.624750,-0.961805,0.232201,-0.701449,-0.169753,0.862026,1.000000,-0.851033
-0.005337,0.018108,0.001643,-0.005280,0.005593,-0.001130,-0.281621,-0.539495,-1.000000,0.059316,0.123285,0.372779,0.641200,-0.686931
-0.004699,0.017626,0.001005,-0.007158,0.005863,0.003994,0.592431,-0.613390,-0.604554,0.522908,-0.204267,-0.328459,0.359874,-0.237248
-0.003772,0.017124,-0.000669,-0.009167,0.005792,0.009654,-0.505313,0.261521,-0.163818,-0.322481,0.454725,0.772606,-1.000000,-0.600007
-0.002748,0.016709,-0.002853,-0.010791,0.005238,0.013650,-0.073289,-0.013664,-0.556908,-0.606377,-1.000000,-0.237011,1.000000,0.548947
-0.001489,0.016347,-0.005857,-0.012096,0.004261,0.017333,-0.111492,-0.372122,-0.193887,1.000000,0.129187,-1.000000,0.882258,0.925447
-0.000219,0.016104,-0.009197,-0.013082,0.003062,0.020869,-0.620381,0.641389,-0.793869,-0.149895,0.230082,-0.415729,0.337699,-1.000000
0.001259,0.015957,-0.013319,-0.013951,0.001638,0.023797,-0.605116,-0.174572,0.626529,-0.260386,0.162751,1.000000,1.000000,-0.401186
0.002653,0.015827,-0.017251,-0.014241,0.001349,0.024552,0.372961,0.057846,0.490513,-0.085195,0.413606,-0.929070,0.444064,1.000000
0.004157,0.015649,-0.021500,-0.014219,0.001553,0.024532,0.127670,0.263771,0.967855,0.276908,1.000000,-1.000000,-1.000000,-0.350611
0.005529,0.015439,-0.025374,-0.014057,0.001871,0.024195,0.083951,-0.210711,0.920637,-0.737470,0.056844,-0.506683,-0.169039,0.487710
0.006980,0.015144,-0.029439,-0.013796,0.002463,0.023458,-0.301527,0.505406,0.097384,-0.251079,-0.126355,-1.000000,0.367843,0.028126
0.008283,0.014801,-0.033036,-0.013471,0.003125,0.022479,0.128010,-0.127687,0.343246,-0.236310,0.157129,-0.439435,0.009764,-1.000000
0.009644,0.014353,-0.036734,-0.013080,0.003863,0.021347,0.082790,0.041329,-0.090307,-0.574284,0.598887,-0.342124,-0.339228,-0.138212
0.010860,0.013869,-0.039954,-0.012751,0.004580,0.020115,-0.069068,-0.181644,0.472815,-0.257870,-0.435733,-0.136586,1.000000,0.736387
0.012117,0.013243,-0.043108,-0.012307,0.005696,0.018194,0.115972,0.616533,0.565457,-0.277239,1.000000,-0.011431,0.908613,-0.138563
0.013190,0.012534,-0.045525,-0.011584,0.007335,0.015112,-0.013990,0.263578,0.488434,-0.256020,0.818392,-0.815908,-0.154542,-1.000000
0.014198,0.011609,-0.047357,-0.010280,0.009324,0.010566,-0.159823,0.619496,0.584947,-0.687931,1.000000,-0.427222,-1.000000,-0.118867
0.014885,0.010595,-0.048039,-0.007892,0.011717,0.004263,0.394867,-0.262542,0.893586,0.786426,-0.147418,0.420183,-0.087344,-0.101103
0.015228,0.009278,-0.047478,-0.003971,0.014761,-0.003238,-0.014425,0.490643,0.344429,0.274017,1.000000,-0.606979,0.496251,0.608221
0.015200,0.007861,-0.045600,-0.000323,0.017937,-0.011739,0.954510,0.770356,0.374988,-0.238822,1.000000,-1.000000,1.000000,-1.000000
0.014881,0.006212,-0.042156,0.002557,0.019913,-0.019858,-0.271982,0.471295,-0.671027,0.420033,1.000000,0.139850,-0.889726,-1.000000
0.014457,0.004794,-0.038176,0.004112,0.019091,-0.024877,0.800994,0.504215,-1.000000,-0.295678,0.059828,-0.654102,-1.000000,1.000000
0.013929,0.003428,-0.033406,0.005003,0.017391,-0.027524,-0.152940,-0.393051,0.333724,0.214439,-0.727667,0.075693,-0.084942,1.000000
0.013384,0.002254,-0.028773,0.005868,0.016392,-0.028957,0.349510,0.259672,0.457416,-0.049641,0.355615,-1.000000,-1.000000,-1.000000
0.012716,0.001014,-0.023718,0.006931,0.015950,-0.029158,1.000000,-0.181754,-0.784669,0.450805,1.000000,0.374958,0.282949,-1.000000
0.012026,-0.000162,-0.019316,0.008031,0.016106,-0.027525,-0.479092,0.278617,-0.320180,-0.219805,-0.395938,-0.555631,0.417354,1.000000
0.011256,-0.001407,-0.014613,0.008471,0.015631,-0.027124,0.066717,0.052347,0.097644,0.021456,0.044425,-1.000000,-0.317674,1.000000
0.010520,-0.002532,-0.010361,0.008978,0.015171,-0.026571,0.691365,0.009859,-1.000000,0.316998,-0.530740,-0.442768,0.301061,0.077285
0.009638,-0.003762,-0.006083,0.010059,0.015087,-0.024690,0.338069,-0.350295,-1.000000,0.244384,0.615371,0.363243,-0.032321,-1.000000
0.008776,-0.004921,-0.002537,0.010757,0.015076,-0.022165,-0.779150,-0.377882,-0.150870,0.525853,-0.548275,-1.000000,-0.651615,1.000000
0.007843,-0.006171,0.001072,0.010855,0.014826,-0.020815,-0.559113,-0.455759,0.206805,0.006232,-0.534626,-1.000000,-1.000000,-1.000000
0.006995,-0.007317,0.004266,0.010824,0.014582,-0.019963,0.623494,-0.067304,-0.222568,-0.251366,0.507870,0.192705,1.000000,-0.530572
0.006100,-0.008544,0.007529,0.010661,0.014274,-0.018824,-0.332970,-0.436477,-1.000000,0.573752,-0.037610,-0.546390,1.000000,-0.477055
0.005331,-0.009631,0.010193,0.009994,0.013561,-0.016652,0.843552,0.431253,-1.000000,-0.226734,1.000000,0.223987,-1.000000,0.936827
0.004612,-0.010757,0.012504,0.008678,0.012804,-0.013334,0.005683,-0.001661,-0.350035,0.079233,0.642548,-0.264204,1.000000,1.000000
0.004052,-0.011743,0.014126,0.007316,0.012019,-0.010138,-0.107959,0.021091,-0.241685,-0.054584,0.125846,-1.000000,-1.000000,0.782256
0.003592,-0.012766,0.015429,0.005580,0.011422,-0.007513,0.022052,0.424750,-1.000000,0.018167,1.000000,0.339263,-1.000000,-1.000000
0.003350,-0.013680,0.016272,0.003286,0.010997,-0.005272,-0.642780,0.128801,0.229867,0.135373,-1.000000,-1.000000,-0.369408,1.000000
0.003204,-0.014814,0.017150,0.001753,0.010879,-0.004386,-0.043456,-0.094038,-0.108274,-0.203244,0.026154,-1.000000,-0.713835,-0.483734
0.003212,-0.015803,0.017799,0.000238,0.010952,-0.003749,-0.531088,-0.091532,-0.954973,0.233876,1.000000,0.256738,0.837220,-0.694310
0.003391,-0.016708,0.018183,-0.001900,0.010813,-0.002398,-0.423127,-0.062437,-0.501434,-0.156964,-0.782496,1.000000,1.000000,-0.079991
0.003764,-0.017666,0.018352,-0.004006,0.010544,-0.000977,-0.320311,0.409550,-0.006409,0.077499,1.000000,0.080356,-0.327418,1.000000
0.004240,-0.018543,0.018420,-0.005618,0.010458,-0.000425,0.194219,0.448077,-0.518213,0.196806,1.000000,-0.837106,-0.753170,-0.250879
0.005135,-0.019869,0.018482,-0.007077,0.010528,-0.000256,0.100186,0.059967,-0.272380,0.920290,-0.245820,-1.000000,-1.000000,0.537630
0.005725,-0.020767,0.018457,-0.007040,0.010692,0.000153,0.376919,-0.083275,0.429309,0.158325,0.698957,-1.000000,-0.150364,0.917174
0.006281,-0.021742,0.018348,-0.006184,0.010688,0.000633,-0.195032,-0.184555,0.297516,0.077698,-1.000000,-1.000000,1.000000,-0.468628
0.006800,-0.022847,0.018026,-0.005158,0.010467,0.001608,0.353416,0.110305,-0.952394,0.405063,-0.981642,0.280029,-0.154142,-0.552397
0.007160,-0.023701,0.017605,-0.004637,0.010058,0.002629,-0.339417,0.821967,-0.442590,-0.223812,-0.180426,0.430429,1.000000,-0.945191
0.007577,-0.024572,0.017098,-0.004999,0.009447,0.002926,-0.492742,-0.411806,-0.612511,0.014566,-0.352177,-0.405138,0.583799,1.000000
0.008009,-0.025358,0.016447,-0.005744,0.009174,0.004067,0.323329,-0.276799,-0.792091,0.941615,0.049367,-1.000000,-0.722328,1.000000
0.008440,-0.026205,0.015327,-0.005716,0.008993,0.006463,-0.380688,0.176664,-0.021067,0.678837,0.850729,-0.439823,0.397465,-0.196784
0.008741,-0.026937,0.013831,-0.005051,0.008242,0.009349,-0.074110,-0.026837,-0.123298,-0.728111,-0.205277,-0.334221,0.296837,-0.996666
0.009054,-0.027677,0.011874,-0.005260,0.007549,0.011291,0.258975,0.340020,-0.556872,0.660414,0.424934,-0.058114,-1.000000,-0.403202
0.009238,-0.028268,0.009618,-0.004531,0.006284,0.014104,0.289243,0.227841,0.370108,1.000000,1.000000,-0.176687,1.000000,0.078177
0.009151,-0.028788,0.006580,-0.002012,0.004764,0.017532,-0.570518,-0.597899,0.271637,-0.256804,-0.706134,-1.000000,-0.660660,0.382346
0.008897,-0.029228,0.003508,-0.000296,0.004198,0.019200,0.521762,0.201908,1.000000,-0.363802,1.000000,-1.000000,-0.302956,0.850043
0.008530,-0.029677,0.000133,0.000632,0.003922,0.019470,-1.000000,0.910944,-0.044398,-0.010930,0.487285,-0.260237,1.000000,-0.126807
0.008114,-0.030078,-0.003129,0.001216,0.003464,0.018820,0.412076,-0.219921,-0.682257,-0.855353,-0.556087,0.868666,-0.623794,0.792499
0.207415,-0.166858,-0.870802,0.000001,0.000000,-0.000001,0.000000,0.000000,0.000000,0.000000,0.000000,0.000000,0.000000,0.000000
0.207408,-0.166835,-0.870758,0.000286,0.000049,-0.000219,0.062640,1.000000,1.000000,-1.000000,1.000000,0.115332,1.000000,0.211555
0.207383,-0.166666,-0.870437,0.002300,0.000487,-0.002008,-0.900082,1.000000,1.000000,-0.509454,1.000000,-1.000000,0.981206,-0.735437
0.207337,-0.166013,-0.869210,0.007560,0.001622,-0.007086,-0.378940,1.000000,1.000000,-1.000000,1.000000,0.028738,-0.476193,-0.022491
0.207073,-0.164784,-0.866894,0.017437,0.003381,-0.014464,-0.619201,1.000000,1.000000,0.706431,1.000000,1.000000,-0.148880,-0.874828
0.206290,-0.162552,-0.862631,0.032666,0.006115,-0.024605,-0.229628,1.000000,1.000000,-0.792924,1.000000,-0.197214,0.418303,-0.672278
0.205047,-0.159388,-0.856487,0.051684,0.010086,-0.038398,-0.668634,0.898528,1.000000,-0.759452,0.015253,0.431125,-0.252681,0.866408
0.202863,-0.155017,-0.847470,0.072722,0.016499,-0.052025,-0.601324,1.000000,1.000000,-0.738239,0.595313,0.906909,0.740083,1.000000
0.200050,-0.150445,-0.836801,0.093944,0.027531,-0.066666,-0.570071,0.992533,1.000000,-0.496296,0.837090,1.000000,1.000000,0.564723
0.196264,-0.145013,-0.822308,0.114544,0.042067,-0.083592,-0.859085,1.000000,1.000000,-0.179077,1.000000,-1.000000,0.134617,0.851658
0.192252,-0.139157,-0.805616,0.135093,0.055151,-0.104367,-0.384712,1.000000,1.000000,-1.000000,1.000000,-1.000000,-0.498618,-0.784243
0.187576,-0.131486,-0.783303,0.153320,0.067434,-0.128738,-0.769604,0.864965,1.000000,-0.945662,0.772309,-0.920670,0.770349,0.412300
0.183377,-0.122813,-0.757848,0.167872,0.080130,-0.159081,-0.537978,0.866253,-0.179825,-0.945807,-0.297552,-0.051480,0.499328,-0.023850
0.179060,-0.111704,-0.724805,0.176526,0.094045,-0.190722,-0.075959,1.000000,0.108738,-1.000000,1.000000,-1.000000,-0.415761,1.000000
0.174760,-0.099131,-0.686926,0.179079,0.104127,-0.218545,-1.000000,1.000000,-1.000000,-0.643018,0.699973,-0.087647,0.279279,-0.375423
0.170703,-0.086602,-0.648527,0.175080,0.109720,-0.239837,0.239432,0.315959,-1.000000,-0.175627,-1.000000,-0.910792,-1.000000,-0.076816
0.166168,-0.073786,-0.607783,0.168957,0.115264,-0.254623,0.391506,1.000000,-1.000000,0.331768,-0.563494,0.176128,-1.000000,-0.226495
0.160167,-0.060527,-0.562220,0.162973,0.123100,-0.262920,-0.022752,-0.293505,-1.000000,0.549097,-0.384442,0.002735,1.000000,-0.238612
0.153506,-0.049553,-0.519820,0.158102,0.128977,-0.265003,0.630063,0.539795,-1.000000,1.000000,-1.000000,-0.006513,0.111703,0.299684
0.145368,-0.039279,-0.474004,0.150041,0.134648,-0.264237,0.394230,0.085427,-1.000000,1.000000,1.000000,-0.711390,-0.861699,0.783340
0.137551,-0.031268,-0.432125,0.139418,0.135662,-0.261679,0.773362,-0.513633,-1.000000,1.000000,0.241146,-1.000000,-1.000000,1.000000
0.129364,-0.024304,-0.387984,0.122984,0.135760,-0.254742,0.153114,-0.377937,-1.000000,0.677236,0.014570,-1.000000,0.102693,0.191210
0.122413,-0.019463,-0.349148,0.106541,0.131978,-0.242771,0.841300,-0.346077,-1.000000,1.000000,-0.346193,-1.000000,0.416464,-0.589307
0.115611,-0.015951,-0.310105,0.090792,0.127570,-0.225199,1.000000,-0.344518,-1.000000,1.000000,0.690357,-1.000000,-0.653306,-0.061899
0.109912,-0.014346,-0.277551,0.080030,0.122382,-0.203437,0.624178,-0.296211,-1.000000,1.000000,-0.222911,0.105757,0.419941,0.558312
0.104181,-0.014337,-0.246238,0.072614,0.119278,-0.180634,0.741759,-0.620404,-1.000000,1.000000,-0.856733,-1.000000,-0.072369,0.887875
0.099141,-0.015843,-0.220722,0.069703,0.117823,-0.159525,0.313210,-0.108109,-1.000000,1.000000,-0.947262,-0.972201,-0.196758,-0.286757
0.093687,-0.018937,-0.197001,0.069895,0.115640,-0.136899,1.000000,0.277366,-1.000000,0.683889,-0.842324,-0.103822,0.958318,0.001972
0.086919,-0.024105,-0.175407,0.074616,0.110077,-0.107936,0.278638,-0.536188,-1.000000,0.878667,-1.000000,-0.323311,0.187834,-0.030808
0.080822,-0.029246,-0.162696,0.083209,0.102757,-0.079449,0.464424,-0.035627,-1.000000,0.979873,0.471526,0.198514,0.503352,0.569934
0.073224,-0.035721,-0.153425,0.092490,0.097158,-0.053492,0.365241,-0.599855,-1.000000,0.425890,-0.112791,-1.000000,0.159219,-0.874878
0.065296,-0.042231,-0.148653,0.100661,0.090623,-0.029823,-0.247267,0.046721,-1.000000,-0.234296,-0.176429,-1.000000,-0.288456,0.015481
0.056176,-0.049513,-0.146629,0.103118,0.084556,-0.011675,-0.708777,0.154582,-0.958437,-0.412145,-0.220212,-0.678156,1.000000,-0.156380
0.045524,-0.057709,-0.147773,0.099667,0.076075,0.005717,-0.990303,1.000000,-1.000000,-0.912388,-0.363376,-1.000000,1.000000,-1.000000
0.037116,-0.063767,-0.150917,0.093432,0.066910,0.019677,-0.518207,0.889573,-1.000000,-1.000000,0.107724,-1.000000,0.276730,1.000000
0.028168,-0.069542,-0.156132,0.086820,0.056885,0.030094,-0.519906,0.695867,-0.833928,-1.000000,1.000000,1.000000,-0.913955,-1.000000
0.020189,-0.073982,-0.162084,0.079398,0.046703,0.037178,-0.458237,1.000000,-1.000000,-0.820145,0.332421,-0.730628,-0.893231,-0.571578
0.012102,-0.077608,-0.168983,0.071207,0.035233,0.039812,-1.000000,1.000000,0.485169,-1.000000,-1.000000,-0.241352,0.323717,1.000000
0.005342,-0.079716,-0.175054,0.062817,0.022515,0.037934,-0.750671,0.634548,0.601765,-1.000000,-0.488902,-1.000000,0.618236,0.428049
-0.000950,-0.080808,-0.180420,0.054382,0.011138,0.030969,-0.596744,0.660024,0.033313,-0.597952,1.000000,-0.593302,0.891707,-0.317699
-0.005513,-0.080837,-0.183377,0.045360,0.000483,0.018468,-1.000000,1.000000,-0.093480,-1.000000,1.000000,0.148025,0.584270,0.434479
-0.008682,-0.079937,-0.182908,0.036142,-0.009974,-0.002708,-0.901033,1.000000,1.000000,-1.000000,-0.045624,0.580738,0.519988,-0.927962
-0.009632,-0.078266,-0.177443,0.025549,-0.019881,-0.031538,-1.000000,0.740288,-0.439984,-0.884212,1.000000,-0.617677,1.000000,0.547834
-0.008483,-0.075924,-0.167885,0.014335,-0.030889,-0.059708,-0.314215,0.546446,-0.288942,-0.523443,1.000000,1.000000,-0.328449,1.000000
-0.005856,-0.072783,-0.154276,0.007452,-0.040880,-0.085042,0.257541,0.089293,-0.002399,-0.571858,0.062786,1.000000,-0.032117,-0.548353
-0.002123,-0.068639,-0.136186,0.004507,-0.047891,-0.104349,0.178677,-0.452356,-0.954476,0.624240,0.057923,-0.609764,-0.455413,1.000000
0.001402,-0.064301,-0.118315,0.003931,-0.051795,-0.111741,0.531755,-0.865359,-0.128243,0.181063,0.536233,-0.839874,-1.000000,0.780614
0.004829,-0.059321,-0.098851,0.005501,-0.052460,-0.112276,0.781192,-0.164234,0.006493,0.721546,0.218478,-1.000000,1.000000,-0.545274
0.007657,-0.054207,-0.079617,0.008185,-0.051820,-0.111004,0.403942,-0.541343,-0.258864,0.866453,-0.972667,-1.000000,0.610986,-0.629733
0.009701,-0.049450,-0.062250,0.010719,-0.050673,-0.108498,-0.244311,-1.000000,-0.703632,0.579815,0.189339,1.000000,-0.055283,1.000000
0.011201,-0.044677,-0.045430,0.013079,-0.049909,-0.105136,0.779811,-1.000000,-0.675718,0.827880,0.971817,0.431070,1.000000,-0.748387
0.012138,-0.039477,-0.028179,0.016113,-0.049751,-0.099515,-0.261345,-0.529897,-0.889691,1.000000,0.323472,-1.000000,0.586297,0.301274
0.012309,-0.034292,-0.012257,0.019661,-0.049784,-0.091901,0.123789,-1.000000,-0.298972,0.061082,-0.343191,-0.413376,-0.493560,1.000000
0.011827,-0.029683,0.001127,0.022752,-0.048339,-0.083617,0.397713,-1.000000,-0.174344,0.588095,-0.293803,-1.000000,0.305616,-1.000000
0.010649,-0.025379,0.012924,0.027019,-0.045775,-0.073736,0.611574,-1.000000,-0.375309,0.673451,-1.000000,-1.000000,0.272365,-0.175944
0.008542,-0.021164,0.023477,0.032331,-0.042279,-0.060877,-0.254882,-1.000000,-0.183568,0.079834,-0.300126,0.088697,1.000000,-0.420955
0.006049,-0.017754,0.030876,0.035513,-0.038180,-0.046251,-0.137752,-1.000000,-1.000000,-0.465459,-1.000000,0.588892,0.397888,1.000000
0.002980,-0.014499,0.035887,0.036795,-0.034702,-0.028915,-0.481515,-0.789462,-0.911857,0.732462,0.958477,-0.581206,0.976723,-1.000000
-0.000194,-0.011702,0.037626,0.038726,-0.033091,-0.010868,0.052289,-0.275332,-0.523513,-0.349240,-0.179298,-1.000000,1.000000,-0.636708
-0.003855,-0.008845,0.037191,0.040072,-0.031414,0.002509,0.237359,-0.186113,0.913602,-0.981031,0.325943,-0.230901,-0.026901,-0.743968
-0.007258,-0.006483,0.035357,0.039898,-0.027839,0.011461,-0.972639,-0.562635,0.197133,-0.941967,1.000000,1.000000,-0.493814,-1.000000
-0.010847,-0.004223,0.031882,0.038647,-0.023948,0.020037,0.032670,-0.512201,-0.713366,0.460287,0.346802,-0.002438,-0.246982,-0.146771
-0.013990,-0.002327,0.027259,0.036705,-0.020703,0.028908,-0.283851,-0.331361,-0.438740,-0.459044,-1.000000,-0.463519,0.250171,-0.917279
-0.017216,-0.000416,0.021050,0.034975,-0.017992,0.035811,-0.314516,0.002622,0.980283,-0.790639,0.497495,-1.000000,1.000000,0.133753
-0.020070,0.001244,0.014823,0.033874,-0.015725,0.038859,-1.000000,0.100407,-0.073925,-1.000000,0.813032,-1.000000,0.275483,-0.121524
-0.023388,0.003256,0.007108,0.031973,-0.014548,0.038618,-0.731737,0.280118,-0.403477,-0.456687,0.701985,0.197114,-1.000000,0.130981
-0.025981,0.004984,0.000851,0.029261,-0.013950,0.036111,0.168686,0.412742,0.883984,-0.489862,-0.541333,-0.009257,1.000000,-1.000000
-0.027776,0.006270,-0.003556,0.026661,-0.013233,0.033042,-0.594544,0.371767,-0.066223,-1.000000,-0.908725,-0.096874,0.663231,0.478495
-0.029596,0.007723,-0.008172,0.022785,-0.012515,0.028858,-0.795246,0.805685,0.224809,-0.854397,-1.000000,0.165868,-0.396576,1.000000
-0.031148,0.009323,-0.012457,0.015795,-0.011447,0.021424,-0.983195,-0.090983,0.111342,-1.000000,0.778576,-1.000000,0.171499,-1.000000
-0.031681,0.010333,-0.014027,0.006374,-0.009422,0.009061,-0.578885,-0.038203,-0.267657,-1.000000,1.000000,-1.000000,0.507683,-1.000000
-0.031448,0.010862,-0.013320,-0.003049,-0.007135,-0.004419,-0.564564,0.382770,0.065257,-0.767562,-0.148353,0.363941,1.000000,0.978136
-0.030404,0.011040,-0.010231,-0.012610,-0.005312,-0.017815,-0.416445,0.514282,0.652417,-0.347949,0.544223,-0.151807,-0.755326,-0.514756
-0.028863,0.010974,-0.005361,-0.020308,-0.004766,-0.030418,-0.722171,0.070678,-0.698529,0.440366,1.000000,-1.000000,-0.240876,-0.016576
-0.026713,0.010956,0.001603,-0.026201,-0.006771,-0.040202,-0.811077,-0.097907,-1.000000,0.250522,-1.000000,-1.000000,0.447411,0.177993
-0.024448,0.011103,0.009018,-0.029914,-0.009195,-0.046348,0.765036,-0.399020,-0.034973,1.000000,0.301666,1.000000,0.888331,-0.644739
-0.021940,0.011459,0.017388,-0.030685,-0.011016,-0.048291,-0.027502,-0.376031,-0.722692,0.872551,0.474899,1.000000,1.000000,-1.000000
-0.019439,0.012019,0.025872,-0.030762,-0.012631,-0.048958,-0.065490,-0.792774,0.208505,0.813692,0.062819,-0.170687,-1.000000,1.000000
-0.017195,0.012709,0.033587,-0.030097,-0.013862,-0.048206,0.600422,-0.694758,-0.117268,1.000000,0.997031,0.636440,-1.000000,-1.000000
-0.015090,0.013614,0.040782,-0.028439,-0.015440,-0.044982,0.220761,-0.644556,-0.333925,0.883459,-0.774509,0.002280,1.000000,-0.569922
-0.012990,0.014875,0.047581,-0.026219,-0.017425,-0.039194,0.393019,-0.853946,-0.263120,0.191008,-1.000000,-1.000000,-0.372568,-0.003104
-0.011228,0.016258,0.052707,-0.023815,-0.018979,-0.032046,0.478732,-0.380330,-0.702573,0.953796,0.282700,-0.193843,0.290606,0.752629
-0.009585,0.018025,0.056624,-0.020248,-0.020958,-0.022613,0.858687,-0.636384,0.144471,0.450304,0.182078,-0.180201,0.827116,-0.526280
-0.008209,0.019862,0.058484,-0.017625,-0.022520,-0.011613,0.020828,-1.000000,-0.015948,-0.026224,0.580337,-1.000000,0.027636,-0.980550
-0.006506,0.022321,0.058114,-0.016003,-0.023340,0.001848,-0.329742,-0.425706,-0.652760,0.916476,0.832178,-1.000000,-0.483095,0.852510
-0.005071,0.024538,0.055429,-0.013686,-0.023757,0.015479,0.291415,-0.242497,-0.065464,-0.402652,0.427549,1.000000,1.000000,-0.113320
-0.003694,0.026533,0.051525,-0.012813,-0.023041,0.024419,0.397720,-0.378359,0.829083,0.197289,0.373141,-0.989257,1.000000,-0.224295
-0.002157,0.028599,0.045912,-0.011744,-0.022036,0.032380,-0.509081,-0.205939,0.422182,0.460974,0.380984,-0.315941,-1.000000,0.979800
-0.000625,0.030366,0.039750,-0.011644,-0.020591,0.038496,-0.548031,-0.715840,0.221329,-0.942857,0.357326,0.084480,0.057244,-1.000000
0.001320,0.031981,0.032239,-0.013502,-0.017687,0.043351,0.287377,-0.768376,1.000000,-0.572930,-0.194948,-0.675533,1.000000,-1.000000
0.003346,0.033060,0.024745,-0.015159,-0.013319,0.046841,0.319887,-0.369862,1.000000,-0.266870,-1.000000,-0.231279,1.000000,-0.775691
0.005627,0.033712,0.016712,-0.015904,-0.008210,0.046332,-0.305065,0.292117,0.636744,-0.089813,0.767271,0.078047,0.766628,-1.000000
0.007618,0.033796,0.010025,-0.015299,-0.002488,0.041811,-0.098449,-0.404129,0.890544,-1.000000,0.128633,-0.584200,-0.457749,0.084946
0.009329,0.033254,0.004366,-0.012215,0.004400,0.032645,-0.317598,1.000000,1.000000,-0.265145,1.000000,-0.009786,-0.592640,0.538042
0.010330,0.032209,0.001049,-0.007797,0.011265,0.020734,-0.111682,0.664357,0.128021,-0.191127,1.000000,-0.840160,1.000000,-1.000000
0.010864,0.030568,-0.000671,-0.003952,0.017405,0.009914,0.359371,-0.283336,0.495362,0.460554,-0.610594,-1.000000,-1.000000,-0.653632
0.010839,0.028664,-0.000696,0.000326,0.022671,0.000158,0.367590,0.067111,0.215966,0.192346,1.000000,1.000000,-1.000000,1.000000
0.010326,0.026249,0.000737,0.004211,0.027057,-0.008264,-0.099835,-0.419491,0.350561,-0.497358,-1.000000,-0.787601,0.592802,-0.162130
0.009590,0.023766,0.003072,0.006479,0.030466,-0.014597,-0.487855,0.237881,-0.571523,0.783587,-0.583320,-1.000000,0.364843,0.443882
0.008726,0.020977,0.006028,0.007059,0.031614,-0.017051,-0.263474,0.126459,-0.514382,0.030850,0.284409,0.692861,0.018106,0.785709
0.007932,0.018376,0.008934,0.007166,0.031896,-0.018165,-1.000000,-0.226165,0.274907,0.097569,1.000000,-1.000000,1.000000,-0.206351
0.007098,0.015569,0.012161,0.007111,0.031718,-0.018607,0.099849,-0.100367,-1.000000,0.869548,0.031259,-1.000000,-0.662359,0.284041
0.006357,0.013028,0.015025,0.007147,0.030998,-0.017900,-0.305139,-0.182375,-1.000000,0.095908,1.000000,-0.044057,-0.139120,-1.000000
0.005595,0.010363,0.017970,0.007049,0.029931,-0.016990,-0.826429,-0.074972,-0.865680,0.368616,-1.000000,-0.247033,0.995459,-0.815722
0.004936,0.008019,0.020478,0.006871,0.028417,-0.015673,-0.099868,-0.177419,-0.518704,0.248742,-0.395041,-0.980927,0.337229,0.336411
0.004276,0.005621,0.022852,0.006602,0.026765,-0.013705,-0.354595,-0.377464,-0.741926,0.199323,-0.612344,0.718004,0.038546,1.000000
0.003747,0.003528,0.024685,0.005911,0.025215,-0.011453,0.313121,-0.006499,-0.350583,-0.365774,-0.112118,0.474008,0.151240,0.315160
0.003295,0.001402,0.026193,0.004776,0.023532,-0.008691,-0.770710,-0.058584,-0.983382,0.679807,0.507293,-1.000000,0.250360,-0.056758
0.003037,-0.000376,0.026932,0.002799,0.019644,-0.004267,0.269803,0.367617,-0.711133,-0.237409,0.433190,-1.000000,-0.546442,0.334391
0.002898,-0.002141,0.027118,0.001658,0.021013,-0.001163,-0.420309,0.159596,0.419508,0.629189,0.923375,-1.000000,0.564879,0.143261
0.002816,-0.003669,0.026866,0.000952,0.018179,0.001575,0.205075,-0.267573,-0.844867,0.138888,0.553534,0.331245,-0.102305,1.000000
0.002828,-0.005187,0.025944,-0.000247,0.016593,0.005321,0.571345,0.569089,-0.721056,0.221811,-0.525014,-0.358173,0.205013,-0.751366
0.002916,-0.006457,0.024510,-0.001324,0.014967,0.008963,-0.535711,0.360351,0.153098,0.126915,-0.745086,-0.999310,-1.000000,-0.610992
0.003028,-0.007749,0.022590,-0.001660,0.013995,0.011065,-0.342503,0.067001,-0.235922,0.386732,-0.056925,-0.120625,-0.952409,0.789171
0.003071,-0.008899,0.020522,-0.001114,0.013469,0.012939,-0.088654,-0.206644,-0.202008,0.842893,0.987243,1.000000,1.000000,0.040770
0.002912,-0.010093,0.017836,0.000924,0.012828,0.015484,0.175558,0.271065,-0.114548,0.469960,0.032550,-0.047944,0.618521,-0.281829
0.002481,-0.011108,0.014885,0.004022,0.011782,0.018452,-0.357408,0.391823,0.438185,0.473370,-0.300628,-0.895403,-0.771870,-1.000000
0.001682,-0.012063,0.011273,0.007393,0.010188,0.020847,0.148083,0.618924,0.180388,-0.133692,0.851329,-0.854514,-0.116453,-0.568540
0.000439,-0.012957,0.006873,0.010247,0.008305,0.021994,0.105518,-0.101039,-0.021297,0.175775,-0.072450,1.000000,0.692878,0.662241
-0.000798,-0.013557,0.003223,0.012955,0.007088,0.022814,0.047114,0.265204,0.341458,0.515856,0.187986,-0.412955,-0.304980,0.290963
-0.002379,-0.014090,-0.000788,0.015493,0.005985,0.023137,-0.646247,0.241856,0.598898,-0.160582,1.000000,-1.000000,0.156945,-0.520330
-0.004060,-0.014490,-0.004642,0.016611,0.004728,0.022240,-0.982163,0.246006,-0.190780,-0.996827,-1.000000,-0.455265,0.441995,-0.503410
-0.005593,-0.014743,-0.007833,0.016510,0.003495,0.019936,-0.245418,0.423655,-0.364716,-0.276347,-0.073488,0.912041,-0.300517,-0.428792
-0.007105,-0.014874,-0.010550,0.016507,0.002135,0.016986,-0.305596,0.393461,-0.608277,-0.926530,0.532106,0.487763,0.946070,-0.980867
-0.008689,-0.014881,-0.012861,0.016227,0.000650,0.013328,-0.992816,-0.028896,-0.383301,-1.000000,-0.525203,-0.542695,0.069287,1.000000
-0.010028,-0.014770,-0.014330,0.015117,-0.000844,0.009185,0.053676,0.549677,-0.414680,-0.234430,1.000000,-1.000000,-0.882680,-0.116407
-0.011337,-0.014463,-0.015114,0.013986,-0.003099,0.004521,-0.211469,0.701849,-0.915039,0.065036,-0.036305,-1.000000,1.000000,-0.658817
-0.012404,-0.013980,-0.015304,0.012600,-0.005675,0.001188,0.279296,-0.543956,-0.701553,0.043455,-0.832626,0.972687,0.433899,0.523072
-0.013434,-0.013315,-0.015441,0.011256,-0.007242,0.000790,-0.397144,-0.198320,-0.077527,0.149224,0.076874,0.737863,0.111401,0.503863
-0.014272,-0.012626,-0.015495,0.009941,-0.008179,0.000334,-1.000000,-0.165708,0.221412,-0.798443,1.000000,-1.000000,1.000000,0.250251
-0.015037,-0.011825,-0.015311,0.008496,-0.008885,-0.001060,-0.208962,-0.207838,0.419131,0.271026,1.000000,-0.115639,0.504612,0.874089
-0.015659,-0.011055,-0.014953,0.007562,-0.009374,-0.002239,0.157644,0.204410,-0.268726,0.889612,-0.662300,-0.622156,1.000000,-0.878926
-0.016284,-0.010181,-0.014502,0.007033,-0.009846,-0.002598,0.163166,0.010417,-0.956377,0.424677,0.522378,-1.000000,1.000000,0.047773
-0.016824,-0.009314,-0.014160,0.006566,-0.010527,-0.002137,-0.401719,-0.488722,-0.232455,-0.375396,-1.000000,-0.050733,0.552027,1.000000
-0.017368,-0.008337,-0.013818,0.006089,-0.010939,-0.001973,-0.266082,-0.262734,0.942257,-0.116377,0.265830,0.213156,-0.024024,-0.351136
-0.017842,-0.007429,-0.013464,0.005753,-0.011032,-0.002213,0.310317,0.057348,0.216585,0.052266,0.923918,0.001912,0.654073,-0.820089
-0.018344,-0.006447,-0.013063,0.005614,-0.011047,-0.002313,1.000000,0.560674,0.574154,-0.666107,-0.103857,-0.966453,-0.039304,0.617936
-0.018805,-0.005540,-0.012659,0.005583,-0.011071,-0.002527,0.532291,0.381546,-0.320870,0.013375,0.810152,-0.675101,-1.000000,0.927667
-0.019303,-0.004544,-0.012146,0.005573,-0.011288,-0.002964,-0.714098,0.341632,-0.424924,-1.000000,0.272130,0.921594,-1.000000,-1.000000
-0.019728,-0.003609,-0.011562,0.005157,-0.011538,-0.003642,-0.415081,-0.669465,-0.118408,-1.000000,-0.517314,0.249678,-0.867489,1.000000
-0.020091,-0.002592,-0.010838,0.004089,-0.011668,-0.004178,-0.040997,-0.125998,-0.116476,-0.347095,0.287057,-0.623287,1.000000,-0.451969
-0.020318,-0.001668,-0.010036,0.002775,-0.011606,-0.005013,-0.619479,-0.031421,-0.487488,-0.601500,-0.666743,-1.000000,1.000000,-1.000000
-0.020447,-0.000699,-0.008977,0.001480,-0.011394,-0.006114,-0.411866,-0.209884,0.209639,0.291322,1.000000,-0.753674,-0.082980,-0.821936
-0.020507,0.000178,-0.007896,0.000747,-0.011257,-0.006752,0.399439,-0.304954,-1.000000,-0.234595,0.409006,0.512955,1.000000,0.132417
-0.020534,0.001124,-0.006699,0.000288,-0.011246,-0.006907,0.501253,-0.157738,0.569046,0.408589,-0.031558,-1.000000,1.000000,-0.373927
-0.020548,0.001991,-0.005587,0.000120,-0.011161,-0.006936,0.127840,-0.197730,0.060309,-0.438796,0.014687,-0.956162,-0.960444,0.625188
-0.020520,0.003260,-0.003846,-0.000303,-0.010980,-0.007263,0.133899,-0.430202,0.198123,-0.772399,1.000000,1.000000,0.121171,-1.000000
-0.020455,0.004068,-0.002608,-0.000923,-0.010572,-0.007738,-0.414748,-0.336001,-0.738467,0.627588,-0.788742,-0.561540,-0.204257,-0.109378
-0.020365,0.004931,-0.001283,-0.001177,-0.010419,-0.007644,0.100918,0.030381,-0.723899,-0.387486,-0.925662,0.299576,-0.937245,0.865843
-0.020225,0.005914,0.000243,-0.001557,-0.010287,-0.007628,0.044253,-0.075276,0.733638,-0.320306,-1.000000,0.378596,1.000000,-0.134354
-0.020091,0.006678,0.001481,-0.001863,-0.010034,-0.007743,-0.161662,-0.838390,0.680295,-0.029400,-0.410706,-1.000000,0.513007,-1.000000
-0.019928,0.007464,0.002797,-0.002095,-0.009553,-0.007589,-0.117040,-0.250330,-0.784963,-0.552909,0.440782,-1.000000,-0.206084,1.000000
-0.019748,0.008155,0.003994,-0.002473,-0.009110,-0.007481,-0.172696,0.038280,0.517203,-0.166524,-1.000000,0.536032,1.000000,0.493823
-0.019529,0.008876,0.005270,-0.002769,-0.008800,-0.007361,-0.516382,-0.430725,-1.000000,0.268181,0.348771,-0.728084,-0.070372,-0.210880
-0.019317,0.009521,0.006370,-0.002887,-0.008472,-0.006873,-0.237485,-0.408729,-0.388219,0.458704,-0.376972,-0.608802,0.476296,-1.000000
-0.019081,0.010188,0.007449,-0.002946,-0.008058,-0.006226,-0.995897,-0.360893,0.695135,-0.445192,-1.000000,-0.994596,1.000000,-0.733591
-0.018838,0.010755,0.008371,-0.003248,-0.007403,-0.005768,-0.853324,-0.579403,0.655835,-0.259537,-0.446772,-0.829225,1.000000,0.091543
-0.018541,0.011278,0.009272,-0.003589,-0.006341,-0.005194,0.565019,-0.497878,-0.207777,0.082224,0.252693,-0.318205,1.000000,-1.000000
-0.018264,0.011686,0.009921,-0.003573,-0.005303,-0.004059,0.050845,-0.068573,-0.783070,-0.514672,-0.589137,-0.110371,1.000000,-0.800235
-0.017953,0.012062,0.010484,-0.003640,-0.004487,-0.003249,-0.206878,0.041798,-0.057707,-0.549236,-0.289624,-1.000000,-0.157329,-0.742694
-0.017654,0.012369,0.010968,-0.003787,-0.003988,-0.003025,-0.363449,0.569771,-0.140039,0.618507,-0.177295,0.072401,-0.691112,-0.344079
-0.017317,0.012690,0.011471,-0.003916,-0.003831,-0.002902,0.254071,-0.223865,0.143215,0.548404,0.282726,-0.642992,0.641979,-1.000000
-0.016972,0.013002,0.011946,-0.004000,-0.003710,-0.002739,-0.683656,-0.385219,-0.154165,-0.053728,-1.000000,-0.338229,0.567857,-0.587860
-0.016633,0.013264,0.012321,-0.004214,-0.003362,-0.002345,-0.584278,-0.752306,-0.224339,-0.340811,-0.999188,-1.000000,0.902033,0.320723
-0.016252,0.013469,0.012552,-0.004654,-0.002586,-0.001441,-0.831959,-0.329422,-0.186647,0.439644,-0.771599,0.264234,1.000000,-0.048883
-0.015767,0.013614,0.012567,-0.005332,-0.001594,-0.000091,0.230594,-0.058902,-0.843719,0.182539,-0.023763,0.671483,0.423316,-0.691146
-0.015281,0.013720,0.012380,-0.005692,-0.001152,0.001169,0.497029,-0.465694,0.140201,0.404355,-0.696757,-0.178923,0.105745,-0.974529
-0.014735,0.013818,0.011958,-0.005804,-0.000851,0.002436,-0.115874,0.000034,0.726963,-0.113119,-0.802620,-0.768096,-1.000000,1.000000
-0.014215,0.013878,0.011419,-0.005906,-0.000425,0.003369,-0.978847,-0.284524,-0.289036,-0.725780,-1.000000,-0.185030,0.382940,-0.494432
-0.013617,0.013883,0.010642,-0.006196,0.000330,0.004486,-0.056730,-0.328987,-0.534198,0.090460,1.000000,-1.000000,-0.196811,-0.788793
-0.013039,0.013837,0.009774,-0.006436,0.000989,0.005421,-0.070624,0.044359,0.519841,-0.129554,-0.012698,-0.493561,0.562346,0.180616
-0.012392,0.013749,0.008754,-0.006618,0.001421,0.005885,-0.304365,0.244897,-0.440771,-0.244186,1.000000,-0.775822,0.525702,-0.031022
-0.011775,0.013646,0.007770,-0.006843,0.001681,0.006147,-0.357239,-0.062008,-0.692207,1.000000,0.693293,-0.869407,-1.000000,-0.693540
-0.011081,0.013531,0.006619,-0.007083,0.001736,0.006645,-0.076919,-0.291025,0.782659,0.107774,-0.275373,-0.480490,0.294369,1.000000
-0.010434,0.013423,0.005474,-0.007115,0.001754,0.007156,0.127613,0.226630,1.000000,0.312496,-0.191722,-1.000000,0.631620,1.000000
-0.009747,0.013314,0.004149,-0.006936,0.001673,0.007645,-0.107906,-0.479312,-0.981519,0.171918,0.966010,1.000000,0.524457,-0.818040
-0.008963,0.013223,0.002462,-0.006790,0.001357,0.008435,0.032008,0.362234,-0.017326,0.073642,1.000000,0.022395,0.332094,-0.793052
-0.008442,0.013171,0.001279,-0.006747,0.001221,0.008873,-0.635845,-0.821466,0.666110,-0.420415,-0.246347,-0.701214,-0.194736,-0.121590
-0.007815,0.013077,-0.000147,-0.006764,0.001568,0.008909,-0.225517,-0.473115,0.365692,-0.427782,0.488364,-0.230400,-1.000000,0.469424
-0.007135,0.012911,-0.001676,-0.006779,0.002239,0.008822,-0.210304,-0.273006,0.099788,-0.088810,-0.344979,0.028715,1.000000,-1.000000
-0.006371,0.012597,-0.003318,-0.006641,0.003340,0.008209,0.558214,-0.019571,1.000000,0.176962,-0.186912,-1.000000,0.592397,1.000000
-0.005806,0.012197,-0.004308,-0.006256,0.004993,0.006189,-0.506971,0.627902,0.135214,-0.378602,-0.607291,0.283089,0.799469,-0.674659
-0.005220,0.011666,-0.005159,-0.006085,0.006005,0.004911,0.377317,-0.626964,-0.687102,-0.588598,1.000000,1.000000,-0.804122,-0.625912
-0.004773,0.011238,-0.005787,-0.006051,0.006255,0.004715,-0.609889,0.431841,-0.883433,0.512335,1.000000,0.488825,-0.628465,0.969142
-0.004103,0.010584,-0.006721,-0.006066,0.006362,0.004668,0.321042,0.094619,0.702358,-1.000000,-0.981537,-1.000000,0.756594,0.870888
-0.003570,0.010044,-0.007437,-0.006071,0.006538,0.004472,0.392526,-0.150274,-0.431521,-0.164388,1.000000,-0.780829,0.004835,0.082300
-0.003124,0.009584,-0.008011,-0.006109,0.006666,0.004309,0.294356,0.224298,-0.824512,-0.538961,1.000000,-0.180353,-0.807126,-0.891318
-0.002452,0.008876,-0.008828,-0.006162,0.006820,0.004084,-0.427902,0.126751,-0.058327,0.238114,0.140813,-0.943011,-0.312946,-0.513894
-0.001869,0.008250,-0.009506,-0.006202,0.006944,0.003909,0.008280,-0.494461,-0.018159,-0.537597,0.024059,-1.000000,-0.227380,-0.027540
-0.001331,0.007657,-0.010109,-0.006222,0.007099,0.003771,-0.387209,-0.756349,1.000000,0.479597,-0.814247,0.171932,0.737913,-1.000000
-0.000764,0.006990,-0.010716,-0.006066,0.007353,0.003501,0.759597,0.277012,0.546966,0.023329,1.000000,1.000000,1.000000,0.224568
-0.000349,0.006450,-0.011109,-0.005800,0.007723,0.002950,0.117379,0.317132,0.121288,0.414606,0.176797,-1.000000,1.000000,0.208674
0.000247,0.005619,-0.011647,-0.005571,0.007922,0.002687,-0.017798,0.317061,-1.000000,0.572475,1.000000,-0.044551,-1.000000,0.630843
0.000701,0.004969,-0.012079,-0.005322,0.007737,0.002705,-0.004895,0.876539,0.037241,0.088241,-0.196889,0.998227,0.149723,0.709309
0.001162,0.004292,-0.012474,-0.004991,0.007428,0.002274,-0.661126,-0.172516,0.677777,-0.118910,-1.000000,-1.000000,0.088409,1.000000
0.001548,0.003684,-0.012830,-0.004545,0.007222,0.002225,-0.107393,-0.310250,-0.457901,1.000000,0.823443,-0.563706,-1.000000,0.219802
0.001878,0.003042,-0.013314,-0.003564,0.007029,0.002790,-0.294451,-0.102759,0.787049,0.219795,0.372596,-1.000000,0.952984,0.514681
0.002062,0.002421,-0.013709,-0.002147,0.007371,0.002470,0.137733,-0.246809,1.000000,0.032374,0.511134,-1.000000,1.000000,-0.038220
0.002142,0.001700,-0.013998,-0.000850,0.007898,0.001672,0.737972,0.196666,-0.858486,-0.198943,1.000000,-0.710134,-0.773819,-0.876352
0.002158,0.001037,-0.014314,-0.000176,0.007865,0.001975,0.373381,0.087716,-0.249763,0.277153,-0.465945,0.517335,0.519824,-1.000000
0.002113,0.000333,-0.014752,0.000516,0.007698,0.002526,-0.761315,0.010082,0.321876,0.256596,-0.729985,1.000000,0.638328,0.091268
0.097273,-0.109213,0.189761,0.000001,-0.000000,0.000002,0.000000,0.000000,0.000000,0.000000,0.000000,0.000000,0.000000,0.000000
0.097263,-0.109216,0.189753,0.000090,0.000004,0.000064,0.384693,-0.099080,-0.700255,1.000000,-1.000000,0.426508,-1.000000,0.437506
0.097161,-0.109250,0.189683,0.000860,0.000143,0.000403,0.596831,0.020996,-1.000000,1.000000,0.174289,-1.000000,-0.667276,0.292487
0.096830,-0.109370,0.189464,0.003051,0.000631,0.001369,-0.350534,-0.653545,-0.490655,1.000000,-1.000000,-1.000000,1.000000,-0.113118
0.096059,-0.109651,0.188926,0.006442,0.001293,0.003103,-0.680125,0.831288,-0.492068,0.425929,0.058365,-1.000000,0.477860,0.428250
0.094874,-0.110089,0.188071,0.010595,0.002145,0.005342,0.503936,0.014975,-0.674951,1.000000,-0.870847,-0.088570,0.701233,-1.000000
0.092795,-0.110850,0.186417,0.016554,0.002970,0.009549,0.338402,-0.290495,-1.000000,1.000000,1.000000,0.594645,-1.000000,0.763878
0.090059,-0.111906,0.184080,0.022846,0.004487,0.014603,0.035390,0.051723,-1.000000,0.589445,0.046919,0.424485,-0.671056,-0.604212
0.086264,-0.113446,0.180579,0.028113,0.006118,0.020190,0.268163,-0.392702,-0.648737,0.343194,0.933765,-1.000000,-0.239857,0.615500
0.082266,-0.115233,0.176811,0.031541,0.009209,0.023556,-0.205999,0.550708,-0.983825,0.324791,0.477508,-1.000000,1.000000,0.477306
0.077708,-0.117570,0.172414,0.032506,0.013319,0.025363,0.505936,0.274074,-1.000000,0.376758,0.124638,-0.445392,-0.959242,0.472303
0.073454,-0.120154,0.168365,0.032738,0.019088,0.025290,0.285076,0.444429,-1.000000,0.666292,1.000000,-0.917011,-1.000000,-1.000000
0.068742,-0.123436,0.164057,0.033873,0.025286,0.024876,-1.000000,-0.252168,-0.795315,0.400872,-1.000000,1.000000,-0.738766,-0.172711
0.064235,-0.126849,0.160013,0.034903,0.030338,0.025263,-0.850844,-0.222019,-0.107237,0.242844,-1.000000,-0.994395,0.003579,-1.000000
0.059066,-0.130791,0.155076,0.035094,0.032545,0.028487,0.001404,1.000000,-0.927671,0.029738,-0.342992,-1.000000,1.000000,-0.601701
0.054118,-0.134473,0.149794,0.032982,0.032383,0.033021,-0.271955,0.434788,-1.000000,-0.056763,-0.082208,-0.953837,0.975221,-0.362644
0.048644,-0.138390,0.143273,0.029748,0.031165,0.037613,-0.900477,0.362859,-1.000000,0.762668,0.319495,0.825871,-0.359976,1.000000
0.043568,-0.141976,0.136847,0.027046,0.031324,0.040150,0.090892,0.140777,-1.000000,-0.059978,-0.087671,-0.249534,-0.333214,-0.397298
0.038259,-0.145823,0.129909,0.024231,0.032220,0.040028,-0.881332,0.601417,0.449224,0.251096,0.317036,-1.000000,-0.242676,-0.925611
0.033623,-0.149157,0.124097,0.023423,0.031677,0.036337,-1.000000,1.000000,1.000000,-0.329856,-0.500902,0.011769,-0.344291,-0.207308
0.028841,-0.152337,0.118847,0.025477,0.029079,0.030291,0.413724,0.448951,-0.783163,1.000000,-0.172962,-0.253183,0.785816,0.711772
0.024382,-0.154884,0.114718,0.029526,0.026009,0.025803,0.613847,0.607944,-1.000000,0.676412,-0.487111,0.627838,-0.036145,0.176641
0.019546,-0.157254,0.111141,0.033992,0.023147,0.020640,0.031860,0.698915,-1.000000,0.074084,0.578672,-0.864634,-0.949724,-0.257756
0.015621,-0.159098,0.109443,0.036698,0.020717,0.010601,-0.725181,0.786518,-1.000000,-0.110108,-1.000000,-1.000000,-0.583504,1.000000
0.012660,-0.160853,0.110351,0.037574,0.019796,-0.005246,-1.000000,0.461148,-1.000000,0.063381,-1.000000,-1.000000,-0.751691,0.165418
0.011388,-0.162427,0.113912,0.036548,0.020542,-0.022250,-0.250388,0.082367,-0.685463,0.233547,1.000000,0.248731,0.917120,0.859783
0.011366,-0.164231,0.119919,0.033902,0.022504,-0.034662,-0.300104,-0.140262,-1.000000,0.101057,-0.705405,-0.283738,1.000000,-1.000000
0.012416,-0.166061,0.126743,0.029354,0.025108,-0.042605,-0.828567,0.103331,-1.000000,0.579305,1.000000,-1.000000,-0.839924,-0.242311
0.014558,-0.168249,0.135108,0.024380,0.028285,-0.048290,0.466281,-0.240639,-1.000000,0.321485,-0.263124,0.716732,-0.040109,-0.992457
0.017052,-0.170379,0.142955,0.019631,0.030243,-0.049057,0.498737,0.088987,-1.000000,1.000000,-0.888682,-1.000000,1.000000,0.706973
0.019898,-0.172760,0.151106,0.016606,0.031574,-0.047027,-0.326852,0.144148,-1.000000,0.803261,-1.000000,-1.000000,-1.000000,1.000000
0.022593,-0.175167,0.158534,0.015835,0.034740,-0.046410,-0.280963,0.038192,-1.000000,0.798094,0.478106,-0.752563,-1.000000,0.679173
0.025670,-0.178165,0.166717,0.015589,0.039977,-0.047236,-0.255955,-0.462443,-1.000000,0.150234,-0.926183,-1.000000,0.696760,0.360568
0.028730,-0.181327,0.174305,0.014035,0.045493,-0.047390,0.250975,0.309392,-1.000000,0.981508,-1.000000,-1.000000,0.459352,0.838525
0.032175,-0.185227,0.182475,0.013187,0.051648,-0.047160,0.190209,-0.563653,-1.000000,1.000000,-0.026142,-0.877215,1.000000,0.187034
0.035498,-0.189376,0.190120,0.013275,0.059209,-0.047768,0.134215,-0.132829,-1.000000,1.000000,0.268683,-1.000000,-1.000000,0.300162
0.039494,-0.194601,0.199056,0.014349,0.069179,-0.051541,0.760965,0.006700,-1.000000,1.000000,0.856677,-1.000000,-0.352201,-1.000000
0.043247,-0.200028,0.207616,0.017439,0.078083,-0.053502,0.662884,0.210683,-1.000000,1.000000,-1.000000,-0.783122,-0.101369,-0.293853
0.047189,-0.206461,0.216960,0.020999,0.085583,-0.053905,0.464273,0.647275,-1.000000,1.000000,-0.411792,-0.409769,-0.568661,0.827048
0.051271,-0.212954,0.226329,0.023490,0.094920,-0.058569,-0.453614,0.016880,-1.000000,1.000000,-1.000000,0.675261,0.148322,0.968031
0.056817,-0.220593,0.237804,0.023033,0.105755,-0.066190,-0.609565,0.392110,-1.000000,1.000000,-0.722371,-1.000000,-0.595697,1.000000
0.063714,-0.228105,0.250247,0.020010,0.117907,-0.077797,0.292010,0.441727,-1.000000,1.000000,0.508628,-1.000000,0.795990,1.000000
0.073421,-0.236428,0.265628,0.013596,0.128172,-0.088713,-0.269294,0.311944,-1.000000,1.000000,0.641263,-1.000000,0.107549,0.262092
0.084450,-0.243968,0.281322,0.006348,0.136274,-0.098096,1.000000,0.514616,-1.000000,1.000000,-0.222062,-0.613583,-1.000000,0.592809
0.099129,-0.251581,0.300378,-0.002565,0.143944,-0.109910,0.215761,-0.142637,-1.000000,1.000000,-0.211081,-1.000000,-0.519114,-0.149353
0.114913,-0.257740,0.319632,-0.009024,0.150197,-0.120381,0.962536,0.159736,-1.000000,1.000000,-0.377778,-1.000000,-0.905906,0.054105
0.134344,-0.262903,0.342288,-0.015288,0.153686,-0.130686,1.000000,0.103726,-1.000000,1.000000,-1.000000,-0.410497,1.000000,1.000000
0.155029,-0.265499,0.365454,-0.022922,0.155543,-0.144843,0.471799,0.157136,-1.000000,1.000000,-1.000000,-0.514303,-0.489426,1.000000
0.181036,-0.264778,0.393787,-0.033176,0.155044,-0.163435,1.000000,0.744260,-1.000000,1.000000,-0.814448,-1.000000,-1.000000,-0.766742
0.208157,-0.259569,0.423202,-0.041191,0.150344,-0.183879,1.000000,0.283060,-1.000000,1.000000,0.046631,-1.000000,-0.629754,0.257681
0.239913,-0.247942,0.458384,-0.048276,0.141880,-0.202869,0.366213,-0.476005,-1.000000,1.000000,-0.409988,-0.200753,0.975006,-0.132755
0.272535,-0.229537,0.496199,-0.054177,0.129497,-0.218302,1.000000,0.241798,-1.000000,1.000000,-1.000000,0.016685,-0.055740,-0.969635
0.302198,-0.205867,0.533212,-0.057987,0.113031,-0.231218,1.000000,-0.456869,-1.000000,1.000000,-1.000000,-1.000000,-0.599239,-1.000000
0.330309,-0.175110,0.572579,-0.059793,0.096335,-0.245985,1.000000,-0.655931,-1.000000,1.000000,1.000000,-0.181927,-1.000000,0.777039
0.357413,-0.133151,0.618442,-0.059192,0.080083,-0.264759,1.000000,-0.817810,-1.000000,1.000000,-1.000000,-0.546681,-1.000000,-0.151833
0.377446,-0.086270,0.664004,-0.055852,0.065030,-0.284627,1.000000,-1.000000,-1.000000,1.000000,-0.530891,-0.530842,-1.000000,0.555945
0.391354,-0.027074,0.717154,-0.052973,0.052041,-0.306668,1.000000,-0.854247,-1.000000,1.000000,-1.000000,-1.000000,0.092740,-0.704135
0.394752,0.033564,0.769219,-0.050159,0.041105,-0.325476,1.000000,-1.000000,-1.000000,1.000000,-1.000000,-0.109623,-0.064130,1.000000
0.386069,0.103227,0.828580,-0.048177,0.032367,-0.342386,1.000000,-1.000000,-1.000000,1.000000,-0.266710,-1.000000,-0.868857,-0.473189
0.365066,0.168015,0.885442,-0.041428,0.025794,-0.355129,1.000000,-1.000000,-1.000000,1.000000,-1.000000,-0.447792,-0.520647,-0.170169
0.328073,0.234574,0.948357,-0.034180,0.020437,-0.363263,1.000000,-1.000000,-1.000000,1.000000,-1.000000,-1.000000,0.207131,-0.581473
0.281913,0.289198,-0.993022,-0.027891,0.017697,-0.366259,1.000000,-1.000000,-1.000000,1.000000,-1.000000,0.394693,0.936296,0.835087
0.220660,0.337995,-0.928939,-0.024957,0.019076,-0.369837,0.799452,-1.000000,-1.000000,1.000000,-1.000000,-1.000000,-0.656734,1.000000
0.155486,0.371368,-0.869069,-0.022799,0.022905,-0.374174,1.000000,-1.000000,1.000000,1.000000,0.048630,1.000000,0.732054,-0.772315
0.079135,0.393071,-0.804350,-0.020232,0.022462,-0.373427,0.933867,-1.000000,0.068365,1.000000,-0.025954,-0.942238,0.911643,-1.000000
0.006188,0.399231,-0.745074,-0.014238,0.020189,-0.370437,1.000000,-1.000000,-1.000000,1.000000,0.001873,0.280344,-0.537035,0.929618
-0.073461,0.390453,-0.680766,-0.006447,0.020877,-0.371063,1.000000,-1.000000,0.542544,1.000000,1.000000,-1.000000,-0.749637,0.937331
-0.145085,0.368071,-0.621230,0.003589,0.022764,-0.371963,1.000000,-1.000000,-0.881182,1.000000,-0.653695,0.397607,1.000000,-1.000000
-0.217210,0.328990,-0.556755,0.011494,0.026042,-0.372223,1.000000,-1.000000,-1.000000,1.000000,-0.403145,-1.000000,-0.587961,0.795331
-0.276960,0.279377,-0.496366,0.019104,0.032704,-0.377237,1.000000,-1.000000,-1.000000,0.869510,-1.000000,-1.000000,0.249106,1.000000
-0.331202,0.211399,-0.429253,0.020934,0.042044,-0.386970,0.367006,-1.000000,-1.000000,1.000000,-1.000000,-0.695671,0.656310,0.477594
-0.368049,0.136978,-0.365509,0.016844,0.051373,-0.398657,0.534834,-1.000000,-1.000000,1.000000,-1.000000,-1.000000,-0.141072,0.338978
-0.391293,0.031962,-0.283097,0.004204,0.059246,-0.411860,1.000000,-1.000000,-1.000000,1.000000,-1.000000,-1.000000,0.006646,0.592321
-0.387035,-0.064483,-0.209368,-0.012577,0.063291,-0.424969,1.000000,-1.000000,-1.000000,1.000000,-1.000000,0.009621,0.087118,0.497272
-0.361377,-0.151726,-0.140170,-0.031413,0.062864,-0.432286,0.534853,-1.000000,-1.000000,1.000000,-1.000000,-0.911193,0.361012,-0.328714
-0.311320,-0.237345,-0.064992,-0.049810,0.058068,-0.434598,0.967900,-1.000000,-1.000000,1.000000,-1.000000,0.667294,-0.392965,-0.034580
-0.247602,-0.303055,0.003807,-0.066325,0.053159,-0.429777,1.000000,-1.000000,-1.000000,1.000000,-1.000000,-0.012010,0.495142,1.000000
-0.164170,-0.355689,0.077135,-0.084582,0.045126,-0.423334,1.000000,-0.935509,-1.000000,1.000000,0.164682,-0.495257,-0.035299,0.160461
-0.078893,-0.384871,0.143362,-0.098308,0.034988,-0.413567,1.000000,-1.000000,-1.000000,1.000000,-1.000000,-1.000000,-0.236904,-0.671492
0.016781,-0.394801,0.213379,-0.107672,0.021866,-0.404042,1.000000,-1.000000,-1.000000,1.000000,-0.676588,-1.000000,0.384702,-1.000000
0.103694,-0.384427,0.276560,-0.111836,0.008177,-0.394940,1.000000,-1.000000,-1.000000,1.000000,0.124575,-0.357219,0.443360,0.853210
0.192849,-0.353407,0.344205,-0.114343,-0.005511,-0.390244,1.000000,-1.000000,-1.000000,1.000000,-0.525062,-0.658090,-0.622704,1.000000
0.268017,-0.307515,0.406950,-0.115188,-0.015208,-0.391619,1.000000,-0.809359,-1.000000,1.000000,0.215743,-0.907828,0.378220,0.674641
0.337925,-0.240302,0.475767,-0.111990,-0.028169,-0.397430,1.000000,-1.000000,-1.000000,1.000000,-0.655758,-1.000000,0.194259,-1.000000
0.387743,-0.164376,0.539929,-0.101669,-0.040507,-0.400563,1.000000,-1.000000,-1.000000,1.000000,-0.125251,-1.000000,-0.695093,-1.000000
0.422193,-0.070819,0.610157,-0.086659,-0.051907,-0.405662,1.000000,-1.000000,-1.000000,1.000000,-0.886996,-0.340322,0.174233,0.728182
0.433951,0.021701,0.675663,-0.073777,-0.056598,-0.409530,1.000000,-1.000000,-1.000000,1.000000,-1.000000,-1.000000,0.432787,0.581570
0.423597,0.123703,0.747536,-0.060654,-0.059318,-0.414589,1.000000,-1.000000,-1.000000,1.000000,-0.804623,-1.000000,-0.485560,-1.000000
0.392215,0.214650,0.814713,-0.046714,-0.058935,-0.419326,1.000000,-1.000000,-1.000000,1.000000,-0.458823,-1.000000,-0.547098,-1.000000
0.334873,0.304503,0.888784,-0.030030,-0.057139,-0.427958,1.000000,-1.000000,-1.000000,1.000000,-1.000000,-1.000000,-0.702176,0.379299
0.261658,0.374486,0.958902,-0.016823,-0.049631,-0.438229,0.839008,-1.000000,-1.000000,1.000000,-0.605201,-0.883297,0.157360,1.000000
0.163356,0.430448,-0.962963,-0.005987,-0.039571,-0.450601,1.000000,-1.000000,-1.000000,1.000000,-1.000000,-1.000000,-0.508967,1.000000
0.059191,0.458918,-0.888571,0.000443,-0.027868,-0.465094,1.000000,-1.000000,-1.000000,1.000000,0.784758,-1.000000,0.062076,-0.338450
-0.060689,0.460470,-0.806355,0.007662,-0.018195,-0.474056,1.000000,-1.000000,-0.422741,1.000000,-0.825438,-0.116211,0.338251,-0.383748
-0.169698,0.433563,-0.729824,0.013179,-0.009397,-0.478530,0.883652,-1.000000,-0.632735,1.000000,0.007245,-1.000000,0.481684,0.354245
-0.278424,0.374407,-0.645878,0.017286,-0.000773,-0.484193,1.000000,-1.000000,-1.000000,1.000000,-0.504576,-0.761716,-0.302475,0.350051
-0.363370,0.293921,-0.566973,0.018984,0.008671,-0.493472,1.000000,-1.000000,-1.000000,0.858681,0.851641,-1.000000,-0.536619,0.628834
-0.431068,0.182616,-0.479463,0.017058,0.017836,-0.504821,1.000000,-1.000000,-1.000000,1.000000,-0.720826,-0.374767,0.705566,0.490622
-0.464312,0.063886,-0.396922,0.009887,0.024896,-0.515749,1.000000,-1.000000,-1.000000,1.000000,-1.000000,-1.000000,-1.000000,1.000000
-0.463232,-0.073101,-0.305392,-0.001476,0.029493,-0.528106,0.998030,-1.000000,-1.000000,1.000000,-0.208221,-0.625027,-0.054967,-0.281110
-0.426153,-0.196370,-0.219639,-0.010886,0.031118,-0.535862,0.393735,-1.000000,-1.000000,1.000000,-1.000000,-0.757587,0.539954,-0.104360
-0.349637,-0.313537,-0.126555,-0.019939,0.029145,-0.536949,1.000000,-1.000000,-1.000000,1.000000,-0.771191,-1.000000,0.342124,-0.057415
-0.251804,-0.397062,-0.041104,-0.025565,0.024009,-0.534139,1.000000,-1.000000,-1.000000,1.000000,-1.000000,-1.000000,0.513045,-0.244666
-0.126316,-0.453688,0.050378,-0.028674,0.016884,-0.527749,1.000000,-1.000000,-1.000000,1.000000,-0.914622,-1.000000,-0.055714,-0.076982
-0.001906,-0.471969,0.133795,-0.030454,0.012443,-0.521270,1.000000,-1.000000,-1.000000,1.000000,-1.000000,-1.000000,-0.971274,1.000000
0.132349,-0.454743,0.223433,-0.033196,0.009174,-0.517174,1.000000,-1.000000,-1.000000,1.000000,-0.383593,-1.000000,0.372387,-0.157528
0.273353,-0.389563,0.326258,-0.033269,0.003377,-0.514111,1.000000,-1.000000,-1.000000,1.000000,-0.589655,-1.000000,0.010918,1.000000
0.367057,-0.306520,0.408926,-0.033733,0.002591,-0.516886,1.000000,-1.000000,-1.000000,1.000000,-1.000000,0.120935,-0.937742,1.000000
0.441381,-0.191822,0.499182,-0.035468,0.002531,-0.520643,1.000000,-1.000000,-1.000000,1.000000,0.537744,-1.000000,-0.085582,-0.040188
0.478987,-0.070625,0.582876,-0.034714,0.001411,-0.522715,1.000000,-1.000000,-1.000000,1.000000,-0.969285,-1.000000,0.314155,-0.841941
0.482540,0.066853,0.673483,-0.032910,-0.001384,-0.522815,0.778552,-1.000000,-1.000000,1.000000,0.343046,-1.000000,0.464838,0.975581
0.451128,0.190472,0.757356,-0.031607,-0.002943,-0.524412,1.000000,-1.000000,-1.000000,1.000000,-1.000000,-1.000000,0.759249,1.000000
0.381874,0.310511,0.848581,-0.032859,-0.003089,-0.526272,1.000000,-1.000000,-1.000000,1.000000,-0.898725,-1.000000,-0.338050,0.387287
0.289918,0.400021,0.933150,-0.035395,-0.001626,-0.528736,1.000000,-1.000000,-1.000000,1.000000,-0.394107,-0.407074,0.008896,-0.536513
0.168306,0.465823,-0.975639,-0.035952,-0.001862,-0.526001,1.000000,-1.000000,-1.000000,1.000000,-0.929134,-0.865182,1.000000,-0.090848
0.045703,0.493573,-0.892760,-0.035603,-0.001451,-0.517957,1.000000,-1.000000,-1.000000,1.000000,-1.000000,-1.000000,-1.000000,-0.004737
-0.088307,0.487224,-0.804261,-0.035285,-0.000680,-0.510557,1.000000,-1.000000,-0.736657,1.000000,-0.517805,0.843725,-0.058992,0.331402
-0.204839,0.449159,-0.723351,-0.037478,0.002431,-0.505959,0.960512,-1.000000,0.279739,1.000000,-0.981500,-0.608552,0.454187,0.691789
-0.314482,0.377046,-0.636554,-0.041245,0.003862,-0.500660,1.000000,-1.000000,-1.000000,1.000000,-0.667972,-1.000000,-0.401727,-0.118117
-0.394448,0.287193,-0.556959,-0.042295,0.003632,-0.497050,1.000000,-1.000000,-1.000000,1.000000,0.504666,-0.176320,-0.806386,-0.933292
-0.452568,0.172056,-0.471542,-0.042986,0.003050,-0.493250,1.000000,-1.000000,-1.000000,1.000000,-1.000000,-0.128390,0.735597,0.433299
-0.476928,0.057045,-0.393746,-0.045550,0.004588,-0.486399,0.770506,-1.000000,-1.000000,1.000000,-1.000000,-1.000000,-0.392293,0.144087
-0.471071,-0.068496,-0.310630,-0.048509,0.005325,-0.479221,1.000000,-1.000000,-1.000000,1.000000,-0.965670,-0.892839,0.161808,1.000000
-0.437084,-0.178319,-0.234749,-0.053476,0.006230,-0.474415,0.878441,-1.000000,-1.000000,1.000000,0.118972,-0.453048,1.000000,0.539541
-0.372585,-0.283211,-0.153519,-0.058546,0.003663,-0.468392,1.000000,-1.000000,-1.000000,1.000000,-1.000000,-1.000000,0.581531,-0.004821
-0.291926,-0.361639,-0.079351,-0.061884,0.000595,-0.463654,1.000000,-0.901424,-1.000000,1.000000,-0.740562,-1.000000,-0.187034,0.952810
-0.186791,-0.422683,0.000757,-0.064650,-0.002841,-0.462144,1.000000,-0.903903,-1.000000,1.000000,-1.000000,0.485632,-1.000000,-1.000000
-0.079679,-0.453829,0.074179,-0.065847,-0.004339,-0.458994,1.000000,-1.000000,-1.000000,1.000000,-0.013462,-1.000000,-0.200265,-1.000000
0.040716,-0.458904,0.153535,-0.065473,-0.006082,-0.457761,1.000000,-1.000000,-1.000000,1.000000,-1.000000,-0.019619,-0.732067,0.702977
0.150127,-0.437232,0.226872,-0.067778,-0.002962,-0.458486,1.000000,-0.871184,-1.000000,1.000000,-1.000000,-0.975668,-0.106235,0.416142
0.259976,-0.386371,0.306353,-0.070981,-0.002232,-0.458530,1.000000,-1.000000,-1.000000,1.000000,-1.000000,-1.000000,0.337035,-1.000000
0.346977,-0.316886,0.379260,-0.072205,-0.004364,-0.455595,1.000000,-1.000000,-1.000000,1.000000,-0.549143,-1.000000,0.153182,0.089957
0.420158,-0.222091,0.457488,-0.071508,-0.009409,-0.451116,1.000000,-1.000000,-1.000000,1.000000,-1.000000,-0.262037,0.099702,0.933495
0.467724,-0.113145,0.534947,-0.070752,-0.012817,-0.447321,1.000000,-1.000000,-1.000000,1.000000,-0.179041,-1.000000,-1.000000,-0.596991
0.486808,-0.005519,0.605900,-0.067140,-0.017004,-0.443170,1.000000,-1.000000,-1.000000,1.000000,0.512520,-0.334402,-0.007137,-1.000000
0.481362,0.103105,0.676266,-0.061813,-0.020848,-0.439945,1.000000,-1.000000,-1.000000,1.000000,-1.000000,-1.000000,-0.671170,0.186272
0.448591,0.215608,0.751954,-0.055571,-0.022199,-0.436513,1.000000,-1.000000,-1.000000,1.000000,-1.000000,-1.000000,-0.186420,-0.125622
0.395738,0.308977,0.821130,-0.049825,-0.020439,-0.432195,1.000000,-1.000000,-1.000000,1.000000,-1.000000,-1.000000,0.295049,0.611075
0.317197,0.394079,0.895833,-0.045696,-0.017016,-0.431122,1.000000,-1.000000,-1.000000,1.000000,0.031894,-0.267284,-0.408179,1.000000
0.227835,0.454464,0.965383,-0.042855,-0.011866,-0.434543,1.000000,-1.000000,-1.000000,1.000000,0.101257,-1.000000,-0.577895,-0.533418
0.116185,0.496517,-0.957818,-0.038892,-0.008561,-0.443223,1.000000,-1.000000,-1.000000,1.000000,-0.288172,-1.000000,-0.234699,0.738140
0.003344,0.510324,-0.884918,-0.034715,-0.004694,-0.455720,1.000000,-1.000000,-1.000000,1.000000,-0.666121,-1.000000,-0.228193,-0.226865
-0.122619,0.494915,-0.803850,-0.029814,-0.002307,-0.467594,0.913691,-1.000000,-0.142056,1.000000,-0.792825,-1.000000,0.790599,1.000000
-0.234782,0.451262,-0.727192,-0.027856,0.001482,-0.479234,1.000000,-1.000000,-0.516993,1.000000,-0.950464,-1.000000,0.170992,0.298142
-0.342480,0.373393,-0.642660,-0.027540,0.004727,-0.487426,0.989605,-1.000000,-0.882900,1.000000,-0.801228,0.443428,-0.389493,-0.893759
-0.421215,0.277629,-0.563983,-0.026351,0.007420,-0.492005,1.000000,-1.000000,-1.000000,1.000000,-1.000000,-1.000000,0.853816,-0.805470
-0.477229,0.155623,-0.478823,-0.026300,0.008562,-0.491109,0.534528,-1.000000,-1.000000,1.000000,-1.000000,-1.000000,0.791544,0.718469
-0.498383,0.033477,-0.400287,-0.028589,0.010441,-0.490795,1.000000,-1.000000,-1.000000,1.000000,-0.015286,0.113347,1.000000,1.000000
-0.486690,-0.100286,-0.315209,-0.031194,0.010412,-0.490880,1.000000,-1.000000,-1.000000,0.658633,-0.626497,-0.627167,-0.832391,-0.458434
-0.444608,-0.217270,-0.236527,-0.032760,0.011315,-0.491767,1.000000,-1.000000,-1.000000,0.925783,-1.000000,-1.000000,-1.000000,0.510534
-0.367180,-0.329155,-0.150555,-0.036682,0.012443,-0.495985,1.000000,-1.000000,-1.000000,1.000000,0.364085,-0.401750,0.871047,1.000000
-0.270028,-0.411315,-0.070410,-0.042528,0.012647,-0.500996,1.000000,-1.000000,-1.000000,1.000000,-1.000000,-1.000000,0.511950,0.774092
-0.143278,-0.470203,0.017454,-0.048649,0.009510,-0.506824,1.000000,-1.000000,-1.000000,1.000000,-0.543859,-1.000000,-0.655466,-1.000000
-0.014594,-0.491599,0.099415,-0.050267,0.004890,-0.512203,1.000000,-1.000000,-1.000000,1.000000,0.888884,0.215842,1.000000,0.132882
0.125693,-0.476418,0.188208,-0.047942,-0.002152,-0.512392,1.000000,-1.000000,-1.000000,1.000000,-1.000000,-1.000000,1.000000,-0.679387
0.245648,-0.428561,0.269530,-0.043320,-0.007499,-0.508326,1.000000,-1.000000,-1.000000,1.000000,-1.000000,-1.000000,-0.169318,-0.021947
0.355483,-0.345155,0.356510,-0.036208,-0.013334,-0.501811,1.000000,-1.000000,-1.000000,1.000000,-0.577857,-1.000000,0.792020,-0.420863
0.431718,-0.245384,0.435717,-0.025969,-0.018971,-0.495075,1.000000,-0.954150,-1.000000,1.000000,-0.684741,-1.000000,1.000000,0.252142
0.482599,-0.120082,0.521187,-0.013744,-0.021698,-0.493035,1.000000,-1.000000,-1.000000,1.000000,0.233822,-1.000000,-0.438368,0.482027
0.497398,0.004182,0.600412,-0.001066,-0.020062,-0.495214,1.000000,-1.000000,-1.000000,1.000000,-0.123417,-1.000000,-1.000000,-0.677029
0.476919,0.138321,0.686453,0.014302,-0.016190,-0.496445,1.000000,-1.000000,-1.000000,1.000000,-0.496963,-1.000000,-1.000000,0.063469
0.425440,0.252792,0.766032,0.028909,-0.009238,-0.497111,1.000000,-1.000000,-1.000000,1.000000,-1.000000,-1.000000,0.003086,0.729302
0.338784,0.357294,0.852181,0.039396,0.000426,-0.497129,1.000000,-1.000000,-1.000000,1.000000,-0.982207,-1.000000,0.311299,-0.493150
0.237091,0.428665,0.930820,0.048021,0.007491,-0.491680,1.000000,-1.000000,-1.000000,1.000000,-0.600214,-1.000000,0.060548,-0.882089
0.112461,0.474282,-0.985582,0.057230,0.013600,-0.482100,1.000000,-1.000000,-1.000000,1.000000,0.352677,-0.441884,-0.843007,-0.450670
-0.007803,0.485809,-0.910001,0.066011,0.019259,-0.472195,1.000000,-1.000000,-1.000000,1.000000,-1.000000,-1.000000,0.085066,1.000000
-0.135541,0.465865,-0.829490,0.070530,0.027864,-0.464606,0.904215,-1.000000,-1.000000,1.000000,-1.000000,-0.760696,0.196422,0.921375
-0.244079,0.419746,-0.756384,0.071923,0.036067,-0.457032,1.000000,-1.000000,-1.000000,1.000000,-0.178863,-0.268644,0.194603,0.701987
-0.344816,0.344143,-0.678574,0.070388,0.044525,-0.448854,1.000000,-1.000000,-1.000000,0.921576,-1.000000,-0.859883,-0.223923,-0.663170
-0.417588,0.255831,-0.608106,0.066935,0.049999,-0.440566,1.000000,-1.000000,-1.000000,0.945043,-1.000000,-1.000000,0.281402,1.000000
-0.471231,0.145988,-0.532964,0.059231,0.055859,-0.433486,1.000000,-1.000000,-1.000000,0.939458,-1.000000,-0.501623,0.522012,1.000000
-0.495554,0.037270,-0.464734,0.048244,0.061158,-0.426258,0.790989,-1.000000,-1.000000,0.383892,-1.000000,-0.366017,-0.377056,0.802661
-0.493881,-0.082932,-0.391396,0.031996,0.066514,-0.423301,0.156850,-1.000000,-1.000000,-0.320112,-0.280247,-1.000000,-0.345679,0.396658
-0.466668,-0.190750,-0.323799,0.016196,0.066458,-0.422164,1.000000,-1.000000,-1.000000,0.136090,-0.818808,-0.472272,0.283932,-0.474062
-0.411584,-0.296851,-0.251315,0.000274,0.062382,-0.418367,0.545469,-0.879542,-1.000000,1.000000,-0.765026,0.619838,1.000000,1.000000
-0.340042,-0.380373,-0.185011,-0.014969,0.057429,-0.414348,0.493919,-1.000000,-1.000000,1.000000,-1.000000,-0.616534,-0.135174,0.337607
-0.244280,-0.451056,-0.113734,-0.030846,0.051315,-0.411177,1.000000,-0.178238,-1.000000,1.000000,-0.212406,-1.000000,-0.656843,-1.000000
-0.143426,-0.495098,-0.048291,-0.043179,0.043720,-0.409141,0.509878,-1.000000,-1.000000,1.000000,-1.000000,0.247488,0.324457,0.626951
-0.025640,-0.517824,0.022379,-0.057660,0.036222,-0.407636,1.000000,-0.606471,-1.000000,1.000000,-1.000000,-1.000000,-0.525769,0.665641
0.087432,-0.514517,0.088287,-0.072256,0.029552,-0.411973,0.918932,-0.842878,-1.000000,1.000000,-0.236027,-1.000000,-0.299478,0.502342
0.209768,-0.482985,0.161240,-0.084919,0.019617,-0.420760,1.000000,-1.000000,-1.000000,1.000000,0.208456,-0.090285,-0.221129,-1.000000
0.316425,-0.427461,0.230129,-0.093337,0.009388,-0.430737,1.000000,-1.000000,-1.000000,1.000000,-0.480697,-1.000000,0.370084,1.000000
0.417958,-0.339591,0.306592,-0.098026,-0.003475,-0.441105,1.000000,-0.983797,-1.000000,1.000000,-0.724957,0.744147,-0.689659,-1.000000
0.491588,-0.236208,0.378474,-0.097633,-0.013979,-0.449087,1.000000,-0.988941,-1.000000,1.000000,0.461564,-1.000000,0.371388,-1.000000
0.542803,-0.105811,0.457474,-0.090764,-0.026438,-0.456071,1.000000,-1.000000,-1.000000,1.000000,-1.000000,-1.000000,-0.453794,-0.443588
0.559352,0.025489,0.531779,-0.080871,-0.034129,-0.464321,1.000000,-1.000000,-1.000000,1.000000,-0.660923,-1.000000,-0.097938,1.000000
0.540583,0.171022,0.613910,-0.068678,-0.040066,-0.473689,1.000000,-1.000000,-1.000000,1.000000,-0.812928,-0.425903,0.898337,0.053455
0.489198,0.298068,0.690221,-0.055784,-0.042610,-0.477129,1.000000,-1.000000,-1.000000,1.000000,0.106160,-0.839116,0.041436,0.222618
0.399664,0.417900,0.773044,-0.039723,-0.044032,-0.477620,1.000000,-1.000000,-1.000000,1.000000,-0.827675,-1.000000,-0.993586,-0.876244
0.290780,0.504475,0.849529,-0.024413,-0.041313,-0.478087,1.000000,-1.000000,-1.000000,1.000000,-1.000000,-1.000000,-0.663193,-1.000000
0.152760,0.565481,0.931906,-0.008418,-0.037245,-0.475172,1.000000,-1.000000,-1.000000,1.000000,-0.602382,-0.614831,0.041224,-0.395721
0.015130,0.588191,-0.992663,0.007230,-0.031570,-0.471513,1.000000,-1.000000,-1.000000,1.000000,-0.443875,-1.000000,-0.194331,0.973468
-0.137984,0.574411,-0.910287,0.022895,-0.021268,-0.475289,1.000000,-1.000000,-1.000000,1.000000,-0.543423,-1.000000,-0.465788,0.622630
-0.275012,0.524921,-0.832951,0.034433,-0.006845,-0.483315,1.000000,-1.000000,-0.398814,1.000000,-1.000000,-0.799808,0.378867,0.464438
-0.407052,0.432940,-0.748086,0.038018,0.010770,-0.489754,1.000000,-1.000000,-1.000000,1.000000,-1.000000,0.063396,0.233679,0.413974
-0.503584,0.318030,-0.669376,0.035056,0.025111,-0.491720,0.520800,-1.000000,-1.000000,0.507445,-1.000000,-1.000000,0.543759,-0.926391
-0.572188,0.171346,-0.584681,0.029663,0.033779,-0.488574,1.000000,-1.000000,-1.000000,0.862464,-0.946967,-1.000000,0.843650,-0.175875
-0.598690,0.026667,-0.507895,0.025439,0.036020,-0.480159,0.710854,-1.000000,-1.000000,0.284163,-0.034137,0.775199,0.997605,-0.023243
-0.588219,-0.128024,-0.426911,0.022945,0.034636,-0.467047,1.000000,-1.000000,-1.000000,0.411691,-0.465355,-0.286824,0.011097,-0.210901
-0.546007,-0.260228,-0.354387,0.022705,0.031545,-0.453351,1.000000,-1.000000,-1.000000,1.000000,-0.838291,-1.000000,-1.000000,-0.497601
-0.470197,-0.385613,-0.277773,0.021550,0.030039,-0.442050,0.351935,-1.000000,-1.000000,1.000000,-1.000000,-1.000000,-0.647254,1.000000
-0.006026,-0.088987,-0.631604,0.000001,0.000000,-0.000001,0.000000,0.000000,0.000000,0.000000,0.000000,0.000000,0.000000,0.000000
-0.006030,-0.088988,-0.631590,0.000112,0.000019,-0.000105,-0.337604,1.000000,1.000000,-1.000000,1.000000,0.734533,0.528400,-0.125389
-0.006086,-0.089015,-0.631385,0.001241,0.000249,-0.001185,-0.717596,1.000000,1.000000,-1.000000,0.069465,-0.681678,1.000000,0.284266
-0.006252,-0.089142,-0.630538,0.004806,0.001321,-0.005295,-0.099783,1.000000,1.000000,-0.897066,0.706942,0.054151,0.447632,-0.296185
-0.006661,-0.089589,-0.628164,0.011791,0.004434,-0.013694,0.187982,1.000000,1.000000,-1.000000,1.000000,1.000000,-0.036006,-0.677740
-0.007369,-0.090449,-0.623937,0.022624,0.009278,-0.026439,-0.568156,1.000000,1.000000,-1.000000,-0.188993,-0.646123,-0.210042,-0.555015
-0.008569,-0.091922,-0.616499,0.036404,0.014559,-0.042879,-0.574412,0.637354,1.000000,-1.000000,1.000000,1.000000,-0.879569,1.000000
-0.010169,-0.093879,-0.607160,0.051192,0.020774,-0.058365,-0.117689,0.588821,0.867609,-0.329561,0.738931,0.210285,1.000000,0.752603
-0.012290,-0.096859,-0.594217,0.065345,0.029060,-0.074690,-0.141527,-0.291676,1.000000,-0.766217,1.000000,-0.471634,1.000000,0.400351
-0.014294,-0.100397,-0.579336,0.077909,0.036550,-0.093004,0.056114,0.724228,1.000000,-0.627851,1.000000,-0.073113,-0.476271,0.140702
-0.016564,-0.104938,-0.560290,0.091176,0.042467,-0.109849,-0.443272,0.882690,0.709461,-1.000000,1.000000,0.063225,-0.932431,-0.839235
-0.018664,-0.109685,-0.540389,0.103439,0.046630,-0.124393,-0.071915,0.706010,-0.428088,-1.000000,1.000000,-0.999655,-0.958137,1.000000
-0.020484,-0.115217,-0.516876,0.109512,0.048940,-0.135639,-0.168361,0.166773,-1.000000,-1.000000,0.662517,-1.000000,1.000000,0.109825
-0.021221,-0.120525,-0.493780,0.108850,0.049122,-0.144356,-0.848164,0.482101,-1.000000,-0.806593,0.990142,-0.371155,-0.034489,0.633030
-0.020701,-0.126232,-0.467195,0.105649,0.047906,-0.153459,-0.166861,1.000000,-0.060709,-0.799338,-0.022866,-0.314214,-0.132072,-1.000000
-0.018749,-0.131301,-0.440710,0.102483,0.045048,-0.165499,0.009965,0.530793,-1.000000,-0.719224,1.000000,-0.604969,1.000000,0.157102
-0.015036,-0.136282,-0.410226,0.098076,0.041642,-0.175813,0.268365,0.060042,-1.000000,-0.436157,0.671913,-1.000000,-1.000000,1.000000
-0.010251,-0.140263,-0.380819,0.093461,0.037790,-0.183765,-0.438095,0.443432,-1.000000,0.563445,0.654412,-0.617937,-0.670985,-0.484323
-0.003743,-0.143934,-0.347756,0.088904,0.036971,-0.190747,0.899333,-0.185397,-1.000000,0.367887,-0.552344,-0.986368,-0.692742,0.915432
0.003238,-0.146778,-0.316729,0.083933,0.037687,-0.194079,0.608291,0.113214,-1.000000,0.438653,0.752631,-0.380026,0.610578,0.699124
0.011741,-0.149264,-0.283002,0.076901,0.040101,-0.194474,0.255499,0.003938,-1.000000,-0.154984,-0.012348,-0.970703,-0.134944,0.175049
0.020431,-0.151033,-0.252028,0.068520,0.043042,-0.193577,0.389091,-0.201337,-1.000000,0.607422,-1.000000,0.414836,-0.479931,0.423911
0.030678,-0.152431,-0.218955,0.058339,0.047615,-0.190854,0.549046,-0.434351,-1.000000,0.692432,0.983733,-0.115019,0.724532,-0.640161
0.040779,-0.153157,-0.189345,0.046723,0.050410,-0.185056,-0.599903,-0.472073,-1.000000,0.840644,-1.000000,-1.000000,1.000000,1.000000
0.052338,-0.153245,-0.158407,0.034186,0.052391,-0.178469,1.000000,-0.140373,-1.000000,1.000000,-0.985174,-1.000000,-0.538499,1.000000
0.063518,-0.152725,-0.130771,0.022767,0.054731,-0.172789,-0.144114,-0.341511,-1.000000,1.000000,-0.072677,-1.000000,0.204457,-0.233301
0.075926,-0.151466,-0.101956,0.012502,0.056106,-0.166166,-0.049935,-0.228941,-1.000000,1.000000,0.471159,-0.471312,0.050818,-0.755215
0.087334,-0.149715,-0.076523,0.005220,0.057061,-0.158976,0.173752,-0.626847,-1.000000,1.000000,0.277890,0.321228,-0.080799,-1.000000
0.099245,-0.147403,-0.050361,0.000948,0.058932,-0.150915,1.000000,-0.254339,-1.000000,1.000000,-0.765587,-1.000000,-0.188405,-0.924481
0.109331,-0.145236,-0.027880,0.000817,0.061963,-0.140527,0.699761,-0.404036,-1.000000,1.000000,-1.000000,-0.807394,-0.340411,-0.221697
0.118942,-0.143194,-0.005488,0.003587,0.065948,-0.129169,0.071671,-0.298711,-1.000000,1.000000,-0.142406,-0.309046,-1.000000,0.061656
0.126545,-0.141758,0.013403,0.008115,0.069918,-0.118122,0.339517,0.386741,-1.000000,1.000000,0.258977,-0.926401,1.000000,-0.085535
0.133053,-0.140989,0.031076,0.012769,0.071015,-0.101811,0.388037,-0.764154,-1.000000,1.000000,1.000000,-0.910807,-0.098155,-1.000000
0.137243,-0.141353,0.044269,0.018322,0.071478,-0.082542,0.621330,-0.265642,-1.000000,1.000000,-0.433021,-0.657536,0.356182,1.000000
0.139727,-0.143262,0.055170,0.024995,0.073518,-0.062878,0.848238,0.439558,-1.000000,1.000000,-1.000000,-1.000000,1.000000,0.538640
0.139891,-0.146761,0.061894,0.033723,0.077207,-0.042050,0.808331,-0.032522,-1.000000,1.000000,1.000000,-1.000000,-0.327557,-0.445378
0.137533,-0.152694,0.065484,0.044010,0.082638,-0.020711,0.415996,0.199843,-1.000000,0.893697,0.047489,0.117597,-1.000000,0.625074
0.133123,-0.159965,0.066056,0.055762,0.089505,-0.003576,0.324401,0.479685,-1.000000,1.000000,-0.722271,-0.326190,-0.231283,-0.265826
0.125933,-0.169458,0.064032,0.067816,0.095066,0.011681,-0.050196,0.856958,-1.000000,0.471502,0.328928,-0.948444,0.532814,0.336933
0.117515,-0.179243,0.060444,0.077371,0.099716,0.022423,-0.623988,0.334533,-1.000000,0.684689,-0.185392,-0.066448,0.898780,1.000000
0.106945,-0.190418,0.055440,0.085049,0.102761,0.028875,-0.125292,0.781987,-1.000000,1.000000,1.000000,-0.998067,-0.709189,-0.223878
0.096047,-0.200926,0.050071,0.091265,0.103888,0.033537,-0.409293,1.000000,-1.000000,-0.098189,1.000000,-1.000000,0.502534,0.260487
0.083495,-0.212050,0.043807,0.094303,0.101917,0.036146,-1.000000,1.000000,-1.000000,-0.263106,-1.000000,-0.080004,0.600726,-0.579004
0.071711,-0.221527,0.037885,0.093125,0.094752,0.037008,-0.685756,1.000000,-1.000000,-0.195259,0.770737,-0.524935,-0.788088,-0.285419
0.059716,-0.230483,0.032279,0.088806,0.084900,0.032335,-0.674140,1.000000,-1.000000,-0.054570,-0.203600,-0.426864,0.316971,0.485231
0.050211,-0.237276,0.028674,0.082081,0.073030,0.022544,-1.000000,1.000000,-1.000000,-0.443608,0.368698,-0.088412,0.595181,1.000000
0.042505,-0.242904,0.027391,0.074158,0.059647,0.007403,-0.935523,1.000000,-1.000000,0.348929,0.100390,0.478799,-0.065183,1.000000
0.038398,-0.246542,0.029291,0.066131,0.046361,-0.011875,-0.931827,1.000000,-1.000000,0.605748,0.316173,-0.530283,0.165660,-0.931988
0.037362,-0.248688,0.034557,0.056156,0.030941,-0.030383,-1.000000,1.000000,-1.000000,0.134329,-0.332786,-1.000000,0.084158,0.022734
0.039638,-0.248874,0.042251,0.044335,0.013835,-0.048095,-0.703008,0.807536,-1.000000,0.287878,0.256988,0.363660,0.717133,1.000000
0.045427,-0.246985,0.053803,0.035325,-0.003159,-0.066625,-0.277930,0.132703,-1.000000,0.660690,0.098862,-0.202589,-0.523178,-0.409693
0.053200,-0.243450,0.067130,0.030056,-0.016871,-0.083306,0.302727,0.101639,-1.000000,1.000000,1.000000,-1.000000,-0.235922,0.955058
0.062922,-0.238149,0.083150,0.027008,-0.025453,-0.092405,-0.310244,-0.757104,-1.000000,0.719261,-0.285221,-1.000000,0.144479,-0.474929
0.071679,-0.232463,0.097847,0.025815,-0.030097,-0.091875,0.944350,0.178198,-1.000000,0.724672,0.658753,-0.460000,-0.707951,0.595769
0.080235,-0.225894,0.113093,0.027372,-0.031538,-0.087940,0.569821,-0.053829,-0.952567,1.000000,-0.655158,-1.000000,1.000000,-0.310499
0.086441,-0.219748,0.125613,0.031139,-0.033550,-0.078298,0.530259,0.102619,-1.000000,1.000000,-1.000000,0.245061,-0.332511,-0.753093
0.090888,-0.213346,0.136989,0.036803,-0.034858,-0.065608,0.426446,-0.553075,-1.000000,1.000000,0.260193,0.200056,0.946614,0.125008
0.092898,-0.208037,0.145427,0.043019,-0.033638,-0.052747,0.168002,-0.955993,-0.446840,1.000000,-1.000000,-1.000000,-0.028458,1.000000
0.093438,-0.203182,0.153060,0.048583,-0.028207,-0.044031,0.601180,-0.311161,-1.000000,1.000000,1.000000,-1.000000,-1.000000,0.861789
0.092784,-0.199594,0.159108,0.053561,-0.021149,-0.037812,-0.221492,-0.434494,-1.000000,0.831077,-0.415626,-1.000000,1.000000,-0.425193
0.090613,-0.196633,0.164164,0.058546,-0.016066,-0.029163,0.473056,-0.584614,-1.000000,0.984929,-0.534466,-1.000000,0.281522,1.000000
0.087227,-0.194716,0.167330,0.063559,-0.011987,-0.019792,0.042115,-0.718755,-1.000000,0.836013,-0.557458,0.404816,0.933354,-0.618870
0.081576,-0.193431,0.168427,0.069425,-0.010799,-0.006323,0.576272,-0.477325,-1.000000,0.701632,-0.851582,-1.000000,-0.025988,-0.321125
0.074212,-0.192817,0.166776,0.075734,-0.012311,0.010320,-0.856524,0.137606,-1.000000,0.434463,0.668341,-0.668736,1.000000,-0.538573
0.063589,-0.192363,0.161437,0.081107,-0.018379,0.030808,-0.856309,0.016309,-0.197743,-0.272288,-1.000000,-1.000000,1.000000,-1.000000
0.051666,-0.191680,0.153286,0.083032,-0.026756,0.050929,-0.180054,0.138022,-0.832057,-0.700755,0.390957,-1.000000,0.209247,0.397986
0.037350,-0.190235,0.141669,0.080066,-0.035179,0.067010,-0.535802,-0.146129,-1.000000,-0.281660,-0.361263,1.000000,0.678541,-0.538643
0.023385,-0.187948,0.128713,0.073770,-0.043471,0.081015,-1.000000,0.567928,-0.912661,-1.000000,0.000503,-0.339706,-0.290667,0.534833
0.008117,-0.184269,0.112754,0.063936,-0.050693,0.092043,-0.365905,0.803028,0.245844,-1.000000,0.363016,-1.000000,1.000000,1.000000
-0.005913,-0.179596,0.096382,0.054124,-0.057713,0.102351,-0.370831,0.207525,-0.457303,-1.000000,0.160378,-0.763403,1.000000,-0.490954
-0.020634,-0.173136,0.077406,0.044283,-0.063603,0.109455,-0.831125,1.000000,0.561172,-0.707209,0.301273,-0.238050,-1.000000,-0.795946
-0.033048,-0.166136,0.059942,0.035139,-0.066779,0.109192,-0.080544,1.000000,0.428593,-1.000000,1.000000,0.199397,0.371057,-1.000000
-0.044645,-0.157780,0.042205,0.026326,-0.068746,0.102294,-1.000000,0.165430,0.410166,-0.919594,1.000000,0.003361,0.981495,0.382170
-0.053213,-0.149675,0.027751,0.017293,-0.070459,0.090373,-0.827590,1.000000,1.000000,-1.000000,-0.010420,0.203215,-0.477750,1.000000
-0.059715,-0.140761,0.015153,0.006823,-0.073525,0.072677,-0.692869,0.591155,1.000000,-1.000000,0.547778,-0.446221,0.076665,-1.000000
-0.062987,-0.132716,0.007150,-0.002951,-0.077381,0.050021,-0.199949,0.926096,0.551118,-1.000000,1.000000,-0.218709,0.449207,-0.070843
-0.063860,-0.124407,0.002619,-0.011081,-0.081270,0.026128,0.754564,0.077230,0.553694,-0.915818,0.296247,-0.505841,-0.185348,-0.044334
-0.062844,-0.117167,0.001495,-0.017332,-0.083527,0.007031,-0.121461,-0.086934,0.501700,-0.079209,1.000000,0.365234,0.104585,-0.049161
-0.060377,-0.109817,0.003106,-0.020596,-0.084259,-0.009294,-0.203346,0.178685,0.483895,-0.708658,0.945277,1.000000,-0.266637,-0.454265
-0.057137,-0.103632,0.007169,-0.021805,-0.082670,-0.025389,-0.396689,-0.614767,1.000000,-0.372853,0.090074,-0.890834,0.080818,-0.681095
-0.053013,-0.097630,0.014084,-0.020445,-0.079349,-0.039900,-0.375593,-0.200524,0.709896,-0.267688,-0.229413,-1.000000,-0.351839,1.000000
-0.048986,-0.092500,0.022135,-0.018348,-0.076685,-0.050337,0.201610,-0.478128,-0.843101,0.075137,0.285581,-1.000000,0.904733,0.437540
-0.044718,-0.087058,0.031489,-0.016787,-0.075125,-0.053930,0.630388,-0.476582,-1.000000,1.000000,-1.000000,-1.000000,-0.301966,0.766521
-0.041081,-0.082011,0.040159,-0.014890,-0.074235,-0.054208,0.880814,-0.748093,-0.990582,0.012610,-1.000000,-1.000000,0.322767,-1.000000
-0.037493,-0.076522,0.049509,-0.012756,-0.073159,-0.053921,-0.862851,-0.922414,0.439477,-0.372021,-1.000000,0.489234,0.616235,-0.028665
-0.034497,-0.071462,0.058064,-0.011028,-0.071916,-0.053480,-0.657721,-0.696800,-0.246468,-0.694675,-1.000000,-0.531591,1.000000,1.000000
-0.031602,-0.066029,0.067112,-0.009336,-0.070118,-0.052171,0.124658,-0.884277,0.331561,0.482368,0.583726,0.129796,1.000000,-0.978342
-0.029137,-0.060702,0.075675,-0.007448,-0.067676,-0.049445,-0.039350,-0.575565,-1.000000,0.547729,-0.853523,-0.726127,1.000000,-1.000000
-0.027262,-0.055924,0.082963,-0.005692,-0.064595,-0.045522,1.000000,-0.859190,-0.476439,0.454070,0.037284,-0.448324,0.617839,-0.402830
-0.025753,-0.051325,0.089409,-0.004408,-0.061181,-0.040288,0.426356,-0.531953,0.145448,0.513164,0.401826,-0.278348,1.000000,-0.824648
-0.024489,-0.046561,0.095329,-0.003353,-0.057547,-0.034165,0.185149,-0.493499,-0.744823,-0.235818,0.866865,-0.743819,0.305525,0.837076
-0.023632,-0.042372,0.099710,-0.002542,-0.053794,-0.027367,-0.502810,-0.807608,-0.426129,0.790025,-0.329069,-0.387885,0.441765,0.751042
-0.023015,-0.038070,0.102883,-0.002127,-0.049839,-0.018303,0.208297,-0.976226,-1.000000,0.261622,-0.082122,-0.547841,-0.877286,0.334708
-0.022716,-0.034341,0.103915,-0.002096,-0.045277,-0.006452,-0.099877,-1.000000,-0.039116,0.104103,0.073114,1.000000,1.000000,-1.000000
-0.022547,-0.030646,0.102835,-0.003138,-0.039755,0.006231,0.152631,-0.593684,0.566622,0.021338,-0.859806,-0.201631,1.000000,1.000000
-0.022431,-0.027565,0.100121,-0.004483,-0.034390,0.016969,-0.525656,0.331336,-0.734406,0.483792,1.000000,-1.000000,-0.015601,0.294236
-0.022331,-0.024492,0.095846,-0.005142,-0.030420,0.024652,0.713591,-0.447086,0.276231,0.001462,1.000000,-0.303379,-0.837897,-0.540826
-0.022201,-0.021922,0.090683,-0.006238,-0.026262,0.032291,-0.234007,-1.000000,1.000000,0.016209,0.428723,-0.395781,0.456901,-0.190033
-0.021975,-0.019506,0.083610,-0.007780,-0.021061,0.040792,-0.244225,-0.549326,0.071353,-0.766220,0.183008,-1.000000,0.099398,-0.395187
-0.021704,-0.017611,0.075998,-0.008700,-0.016246,0.047562,-0.402324,0.359804,-0.099338,-0.011680,-0.181317,-0.732263,1.000000,0.993557
-0.021351,-0.015778,0.067302,-0.009080,-0.013557,0.050178,-0.352873,0.856407,0.531889,-0.103374,0.410569,0.090892,1.000000,-0.600967
-0.020959,-0.014217,0.059348,-0.009279,-0.012173,0.049722,-0.039254,0.857468,1.000000,0.217516,0.621500,-0.358855,-0.243122,-0.599053
-0.020488,-0.012701,0.051072,-0.009160,-0.010622,0.047761,0.315657,0.599151,0.122380,-0.444671,1.000000,0.065742,-0.749304,1.000000
-0.020033,-0.011458,0.043772,-0.008826,-0.009167,0.045619,-0.579997,0.161672,0.259770,-0.281158,-0.635513,-0.753310,0.050814,0.311783
-0.019549,-0.010287,0.036309,-0.008206,-0.007660,0.043041,-0.931380,-0.264915,0.564245,-0.460925,1.000000,-0.958235,-0.879287,-0.265744
-0.019152,-0.009419,0.030077,-0.007079,-0.005752,0.038939,-0.586779,0.290617,0.741489,-0.017949,0.058874,0.613126,1.000000,-0.790910
-0.018820,-0.008861,0.024576,-0.005402,-0.002482,0.031742,-0.577024,-0.095502,1.000000,-0.255413,0.331403,-0.550431,1.000000,-1.000000
-0.018610,-0.008826,0.021064,-0.003648,0.002062,0.021957,-0.274693,0.396519,0.043238,0.106616,0.104926,0.360578,0.503601,1.000000
-0.018421,-0.009189,0.018598,-0.002824,0.005579,0.014225,0.130867,0.476535,-0.165105,-0.120933,1.000000,0.357697,0.992411,-1.000000
-0.018276,-0.009794,0.017202,-0.002208,0.008160,0.008727,0.529708,-0.320368,0.413737,0.138218,1.000000,-0.290372,-0.799865,-0.775141
-0.018200,-0.010768,0.016669,-0.001010,0.011037,0.003072,-0.703984,0.571012,0.522636,0.208014,1.000000,-0.597512,-1.000000,-0.786749
-0.018226,-0.011896,0.017114,0.000484,0.013122,-0.002782,-0.341915,0.247453,-0.568696,0.105617,0.725515,-0.354735,-0.494127,0.552417
-0.018314,-0.013182,0.018355,0.001475,0.013354,-0.007156,-0.592635,0.646111,0.208784,0.079361,1.000000,-0.464246,0.449125,1.000000
-0.018413,-0.014338,0.020181,0.002085,0.012520,-0.011417,-0.061319,0.006052,-1.000000,-0.161233,0.075851,-0.461699,0.191534,-0.550646
-0.018498,-0.015513,0.022493,0.002086,0.011440,-0.013332,0.066585,-0.611630,-0.590349,0.242677,1.000000,-1.000000,-1.000000,-0.656543
-0.018557,-0.016637,0.024889,0.001940,0.010839,-0.013833,-0.163687,-0.230811,-1.000000,0.094134,0.232437,-1.000000,1.000000,-1.000000
-0.018591,-0.017639,0.027105,0.001785,0.010389,-0.013848,0.183951,-0.292670,0.969308,0.295639,-1.000000,-0.490460,1.000000,-0.884673
-0.018614,-0.018605,0.029276,0.001707,0.009992,-0.013570,-0.058253,0.128580,0.238078,0.476917,-0.000855,-0.238847,1.000000,0.681038
-0.018642,-0.019587,0.031500,0.001747,0.009374,-0.012829,0.038333,-0.742099,-0.637234,0.316276,-0.174296,0.449350,-0.481828,-0.026739
-0.018702,-0.020384,0.033277,0.002017,0.008244,-0.011106,0.465541,0.242658,-0.606341,1.000000,0.270953,-0.860117,-0.746866,-1.000000
-0.018824,-0.021044,0.034695,0.002342,0.006341,-0.008183,-0.631899,-0.695402,-1.000000,-0.551530,-1.000000,-0.664112,1.000000,-1.000000
-0.018948,-0.021525,0.035664,0.002237,0.005045,-0.006051,0.005444,-0.659600,-0.314647,0.103598,0.689786,-0.928021,-0.437757,0.646871
-0.019092,-0.021919,0.036331,0.002081,0.003891,-0.003848,0.017179,0.170360,-0.385369,0.250714,-0.100993,-0.095607,1.000000,-0.761001
-0.019242,-0.022147,0.036569,0.001978,0.002546,-0.001489,0.254688,-0.432052,0.004174,0.291086,0.988802,-1.000000,1.000000,0.556780
-0.019455,-0.022218,0.036310,0.002142,0.000949,0.001493,-0.769172,-0.271244,-1.000000,0.537251,0.545649,0.833478,-0.760721,-0.054691
-0.019722,-0.022051,0.035393,0.002421,-0.001315,0.005731,0.267148,-0.073742,0.025381,0.162417,-0.010345,-0.245716,0.431156,-0.135408
-0.020102,-0.021661,0.033751,0.002922,-0.003164,0.009469,-0.537705,-0.654020,-0.536726,0.006790,-1.000000,-0.471038,0.702475,0.361618
-0.020497,-0.021128,0.031628,0.002994,-0.004748,0.013273,0.573792,-0.364878,-0.904560,-0.686790,-0.107992,-0.206154,0.056713,-0.790055
-0.020903,-0.020356,0.028681,0.002324,-0.006382,0.017001,-0.743320,0.330544,-0.010867,-0.085458,0.537215,-0.413523,1.000000,-0.713303
-0.021253,-0.019532,0.025658,0.001869,-0.007443,0.018900,-0.441327,0.641654,0.400453,-0.605610,-0.025028,-1.000000,-0.350652,1.000000
-0.021589,-0.018595,0.022306,0.001447,-0.007827,0.019345,-0.461787,0.294983,-0.350213,-0.012495,1.000000,-0.130561,0.295060,-0.403746
-0.021847,-0.017679,0.019122,0.000876,-0.008313,0.019870,0.478012,0.484122,-0.771348,-0.896761,0.653187,0.911521,-0.160993,-0.253079
-0.022045,-0.016592,0.015455,-0.000051,-0.009166,0.021171,-0.229920,-0.067153,-0.576685,-0.595840,1.000000,-0.973985,0.293755,-0.710035
-0.022135,-0.015521,0.011929,-0.001099,-0.009835,0.022048,-0.998892,0.056829,0.473205,-0.201000,-0.662501,-0.462735,-0.623723,0.103025
-0.022139,-0.014357,0.008206,-0.001938,-0.009934,0.021469,0.013365,-0.567831,-0.099382,-0.394423,0.211123,0.996299,1.000000,0.449750
-0.022063,-0.013291,0.004849,-0.002689,-0.009900,0.020980,-0.047277,-0.073926,-0.571902,-0.132140,1.000000,0.942253,1.000000,-0.443609
-0.021897,-0.012154,0.001302,-0.003441,-0.009789,0.020468,-0.207640,0.285290,0.393844,-0.921154,1.000000,0.877171,-1.000000,0.449299
-0.021652,-0.011162,-0.001740,-0.004280,-0.009302,0.019005,-0.612864,0.076064,0.197138,0.216610,0.123068,0.547485,-0.251547,0.911375
-0.021290,-0.010125,-0.004763,-0.005138,-0.009136,0.017449,-0.453449,-0.112695,-0.563818,-0.725418,0.748132,-0.615843,0.101568,0.259882
-0.020840,-0.009183,-0.007248,-0.006293,-0.009226,0.015526,-0.438182,0.652379,-0.519218,0.008795,1.000000,-1.000000,-0.781348,1.000000
-0.020231,-0.008137,-0.009565,-0.007418,-0.009830,0.013378,-0.348113,0.467547,-0.228928,-0.508450,-0.589921,-1.000000,0.414273,-1.000000
-0.019558,-0.007152,-0.011265,-0.008528,-0.010433,0.010617,-0.150334,-0.045901,0.269255,-0.259622,1.000000,-1.000000,-0.135575,-1.000000
-0.018756,-0.006065,-0.012668,-0.009162,-0.011008,0.008096,-0.436207,0.310749,0.299740,0.905205,0.519505,-0.376334,0.660297,0.876234
-0.018006,-0.005014,-0.013636,-0.009133,-0.011826,0.006049,0.808257,0.408402,0.754897,0.846977,-0.884121,0.465980,1.000000,-0.302856
-0.017216,-0.003840,-0.014432,-0.008824,-0.012404,0.004595,-0.158056,-0.208568,-0.470044,-0.082904,1.000000,-1.000000,0.358880,-1.000000
-0.016494,-0.002744,-0.015050,-0.008687,-0.012658,0.003860,-0.224945,-0.612164,-0.647642,-0.727342,-0.468012,0.495166,-0.692925,0.252825
-0.015708,-0.001556,-0.015666,-0.008692,-0.012697,0.003555,-0.275865,0.126025,0.545622,0.399074,0.174876,0.185024,0.731632,-0.179315
-0.014982,-0.000465,-0.016176,-0.008672,-0.012682,0.003185,-0.016119,-0.193430,1.000000,-0.288041,0.357847,-0.690370,0.709115,-0.327224
-0.014206,0.000684,-0.016621,-0.008536,-0.012407,0.002570,0.416472,0.097063,-0.026108,-0.091024,0.582127,-1.000000,1.000000,-0.946739
-0.013497,0.001723,-0.016977,-0.008429,-0.012180,0.002226,0.395184,-0.690123,-0.982514,-0.109165,1.000000,0.615594,0.226742,0.810833
-0.012732,0.002840,-0.017357,-0.008394,-0.012106,0.002188,-0.401457,0.776305,0.264523,0.596174,1.000000,-0.427125,-0.996265,-0.812055
-0.012030,0.003869,-0.017686,-0.008318,-0.012078,0.002057,0.447249,0.199096,-0.023944,-0.718889,0.520850,-1.000000,0.043871,-1.000000
-0.011274,0.004976,-0.018018,-0.008258,-0.012032,0.001915,-0.153164,-0.625067,-0.047550,-0.004211,-1.000000,-0.688257,0.890981,-0.472725
-0.010580,0.005987,-0.018330,-0.008197,-0.011887,0.001946,0.782301,-0.320609,-0.486580,-0.298754,-1.000000,0.679393,0.162700,1.000000
-0.009832,0.007055,-0.018724,-0.008138,-0.011601,0.002277,0.086455,-0.301990,0.891132,-0.003513,0.986454,0.370302,0.957792,-0.245229
-0.009144,0.008000,-0.019160,-0.008082,-0.011096,0.002725,0.500444,-0.660533,-0.292693,-0.801621,0.873947,-0.916152,0.229485,0.262499
-0.008382,0.008944,-0.019793,-0.008196,-0.010175,0.003652,0.311598,-0.450470,-0.255793,0.042685,0.717716,-0.601114,-1.000000,-1.000000
-0.007656,0.009734,-0.020544,-0.008394,-0.009173,0.004698,-0.197774,-0.008532,0.364775,-0.347462,1.000000,1.000000,-0.026711,0.265905
-0.006847,0.010521,-0.021438,-0.008584,-0.008404,0.005156,-0.048998,-0.320757,0.382202,-0.200666,-1.000000,0.247183,0.664866,0.471090
-0.006022,0.011243,-0.022374,-0.008731,-0.007720,0.005397,-0.366847,-0.296997,-0.143799,-0.326227,-0.116900,-1.000000,-0.687038,0.876861
-0.005240,0.011855,-0.023197,-0.008955,-0.007101,0.005145,-0.785820,-0.076366,0.589446,-0.945310,0.913631,-0.435140,-0.029602,-0.525766
-0.004442,0.012403,-0.023875,-0.009203,-0.006381,0.004237,-0.543177,-0.190465,-0.074626,0.287700,0.614670,-0.630791,1.000000,-1.000000
-0.003594,0.012944,-0.024503,-0.009052,-0.005857,0.003624,-0.203963,0.072627,0.500149,0.507015,0.218273,-0.912966,0.281871,-0.033440
-0.002857,0.013409,-0.024955,-0.008554,-0.005469,0.002828,-0.744058,-0.078148,0.151825,-0.045686,0.707757,1.000000,-0.240550,0.044786
-0.002106,0.013900,-0.025297,-0.008092,-0.005368,0.001968,-0.303177,0.018233,-0.562676,-0.513458,0.459724,0.427420,0.180923,0.273250
-0.001429,0.014380,-0.025475,-0.007972,-0.005692,0.001115,-0.948129,-0.227561,-0.430325,0.347564,-1.000000,-0.416421,0.374708,0.307206
-0.000714,0.014952,-0.025471,-0.007864,-0.006286,-0.000026,0.629314,0.266257,0.826126,0.077495,0.725454,-0.910161,-0.980520,0.200093
-0.000090,0.015476,-0.025344,-0.007493,-0.006241,-0.000792,0.301727,-0.375784,0.631426,0.861458,0.358661,0.699712,1.000000,-0.501476
0.000506,0.015994,-0.025014,-0.006728,-0.005701,-0.001907,0.478851,-0.020432,0.318678,-0.400322,-0.229758,-0.202986,0.166478,-1.000000
0.000966,0.016410,-0.024483,-0.005791,-0.004940,-0.003316,0.417781,-0.462424,0.296695,0.363034,0.011239,-1.000000,0.477210,0.711967
0.001370,0.016779,-0.023657,-0.004905,-0.004030,-0.004761,-0.174341,0.162118,-0.061628,-0.160307,-1.000000,0.871969,1.000000,-1.000000
0.001681,0.017045,-0.022689,-0.004318,-0.003110,-0.006050,0.592679,-0.937756,0.512547,-0.394375,0.189922,1.000000,1.000000,-0.934329
0.001944,0.017200,-0.021361,-0.003668,-0.001632,-0.007665,-0.183037,0.177426,0.341725,0.165601,-0.367800,-0.599012,-0.250655,0.791523
0.002088,0.017220,-0.019823,-0.002707,-0.000131,-0.009613,0.362418,-0.407966,0.197964,0.213803,0.430680,-0.363332,-0.373138,1.000000
0.002113,0.017106,-0.017914,-0.001413,0.001391,-0.011019,0.650358,-0.399390,0.347565,0.443287,-0.112839,0.381622,-0.660940,0.510763
0.001993,0.016871,-0.016061,0.000251,0.002943,-0.011576,0.037327,-0.265115,-0.119402,-0.265017,-1.000000,-1.000000,-1.000000,-1.000000
0.001777,0.016535,-0.014092,0.001226,0.003821,-0.011359,-0.709419,-0.167233,-0.609406,-0.237259,-0.263704,-1.000000,-0.224588,0.409518
0.001551,0.016189,-0.012305,0.001579,0.004239,-0.011177,-0.053727,-0.052768,0.724664,-0.265498,-0.585877,-0.843206,0.896783,-1.000000
0.001247,0.015755,-0.010314,0.002231,0.004870,-0.011480,0.332583,-0.674671,-0.016934,0.662428,0.444070,-1.000000,1.000000,-0.258122
0.000925,0.015296,-0.008551,0.002790,0.005536,-0.011018,0.045433,0.000092,-0.965585,0.262381,-0.506247,1.000000,-0.538704,-1.000000
0.000558,0.014781,-0.006794,0.003114,0.005719,-0.010138,0.178902,0.340937,0.768193,0.142155,-0.303177,0.044216,0.824105,-1.000000
0.000188,0.014299,-0.005242,0.003534,0.005760,-0.009693,-0.528478,-0.268720,-0.102558,0.071358,-0.254119,0.150111,0.012885,-0.481087
-0.000221,0.013778,-0.003674,0.003725,0.005733,-0.009047,0.262981,-0.702927,-0.561862,0.222048,0.347460,-0.244810,0.361628,0.361476
-0.000600,0.013295,-0.002457,0.003894,0.005750,-0.007614,0.291157,-0.392484,-0.593955,0.621413,-0.885584,-0.664594,1.000000,0.621901
-0.001043,0.012770,-0.001496,0.004425,0.005743,-0.005537,0.148685,-0.222912,-0.089789,-0.037547,0.029674,-1.000000,1.000000,-1.000000
-0.001580,0.012154,-0.000797,0.004847,0.005841,-0.003498,-0.332155,-0.332016,-0.221141,-0.214165,0.765666,-1.000000,1.000000,-0.627275
-0.002009,0.011643,-0.000508,0.004968,0.006072,-0.001806,0.288876,-0.263368,-0.223450,0.087136,0.431565,0.225979,1.000000,-1.000000
-0.002363,0.011209,-0.000444,0.005029,0.006191,-0.000480,0.408057,0.074748,-0.921845,-0.297895,-0.239235,1.000000,0.778201,-0.214632
-0.002820,0.010676,-0.000606,0.005080,0.005867,0.000932,-0.030966,0.514100,-0.903307,-0.221325,1.000000,-1.000000,-0.408415,1.000000
-0.003317,0.010149,-0.001119,0.004903,0.005070,0.002567,-0.616197,0.460995,0.427761,-0.169170,-1.000000,-0.911941,-1.000000,0.369844
-0.003698,0.009748,-0.001602,0.004712,0.004833,0.003017,-0.000083,-0.648846,0.496085,-0.647266,-0.419446,-1.000000,-0.245064,1.000000
-0.004008,0.009414,-0.002016,0.004624,0.004834,0.003107,0.172330,0.074979,0.244490,0.043968,0.484465,-0.263285,1.000000,-0.765661
-0.004406,0.008980,-0.002559,0.004548,0.004847,0.003132,-0.394621,0.249344,0.847714,0.050950,0.092561,0.129193,0.264053,0.349229
-0.004857,0.008475,-0.003169,0.004454,0.004884,0.003053,-0.170242,0.232622,-0.817729,0.090757,0.090051,-0.087481,-1.000000,0.317225
-0.005208,0.008074,-0.003661,0.004339,0.004863,0.003072,0.321451,-0.405163,-0.296271,0.268982,1.000000,-1.000000,1.000000,-0.204184
-0.005582,0.007644,-0.004211,0.004265,0.004833,0.003172,0.196261,0.238532,-0.481338,-0.002549,-0.641475,-0.202201,-0.636751,0.178269
-0.005923,0.007252,-0.004722,0.004202,0.004776,0.003196,-0.269030,0.634871,0.528602,-0.266006,-0.489593,0.814597,-0.615752,0.114573
-0.006286,0.006834,-0.005258,0.004125,0.004693,0.003091,-0.284404,-0.461902,-0.115965,-0.295626,-1.000000,-0.409271,1.000000,1.000000
-0.006612,0.006452,-0.005755,0.004009,0.004667,0.003107,-0.262761,-0.346836,-0.062260,0.171862,-0.177467,-1.000000,-0.355260,0.872131
-0.006958,0.006043,-0.006280,0.003920,0.004619,0.003029,0.031433,0.997626,0.629485,-0.100244,0.450944,0.577668,0.299467,-0.645093
-0.007280,0.005682,-0.006687,0.003929,0.004406,0.002546,0.325028,0.306719,-0.328311,0.009105,0.731790,-0.976438,0.934186,-1.000000
-0.148611,-0.224586,0.189889,-0.000000,0.000000,0.000000,0.000000,0.000000,0.000000,0.000000,0.000000,0.000000,0.000000,0.000000
-0.148612,-0.224586,0.189889,0.000012,0.000001,0.000000,-0.220372,0.363312,-1.000000,0.337873,-0.331883,-1.000000,-0.168779,1.000000
-0.148615,-0.224586,0.189890,0.000053,-0.000011,-0.000001,-0.146851,0.373251,-1.000000,0.208238,0.325617,-1.000000,0.304351,-1.000000
-0.148615,-0.224566,0.189862,-0.000189,-0.000067,0.000137,0.227840,0.338482,-1.000000,-0.277002,0.206168,0.303176,-0.739854,-0.302281
-0.148617,-0.224473,0.189692,-0.001404,-0.000166,0.001063,-0.139215,-0.317293,-1.000000,0.945143,-0.350019,-0.946679,0.363789,0.708249
-0.148725,-0.224100,0.189043,-0.003838,-0.000758,0.003743,-0.091082,0.279212,-1.000000,-0.099165,-1.000000,-1.000000,0.246509,1.000000
-0.148915,-0.223369,0.187813,-0.008035,-0.001848,0.007691,-0.583598,0.123599,-1.000000,-1.000000,1.000000,-1.000000,0.026007,-0.887385
-0.149203,-0.222022,0.185622,-0.013689,-0.003475,0.012643,-0.384698,0.630488,-1.000000,0.257435,0.611785,-0.599100,0.200817,-0.126156
-0.149623,-0.220049,0.182650,-0.019598,-0.006794,0.018572,-0.832601,0.986472,-1.000000,0.179488,-1.000000,0.158617,0.716366,1.000000
-0.150200,-0.217042,0.178421,-0.025646,-0.010976,0.024402,-0.239750,0.055593,-1.000000,-0.017358,-1.000000,-1.000000,-0.222779,0.247978
-0.150660,-0.213640,0.173733,-0.032368,-0.013890,0.029290,-0.123995,0.473749,-1.000000,0.678594,-0.258797,0.122961,-0.184682,-0.362060
-0.151047,-0.209362,0.167793,-0.039253,-0.015703,0.034258,-0.913364,-0.230426,-0.804001,-0.107002,-0.142432,0.086068,1.000000,0.399930
-0.151307,-0.204845,0.161300,-0.047398,-0.016577,0.040601,-0.992726,0.132856,-0.849835,-0.172924,-0.186101,0.946716,-0.159324,-0.522127
-0.151337,-0.199450,0.153177,-0.056554,-0.016135,0.046855,-0.637641,0.045862,-1.000000,0.510255,1.000000,-0.247189,0.421025,-0.452771
-0.151232,-0.193835,0.144491,-0.065383,-0.016801,0.054299,0.116974,0.413668,-0.639921,-0.692639,-1.000000,-1.000000,1.000000,-1.000000
-0.151087,-0.186911,0.133680,-0.072934,-0.018418,0.062343,-0.585971,0.556644,-0.428892,0.030836,-0.202302,-0.688102,0.635892,-0.715275
-0.150791,-0.179907,0.122692,-0.079285,-0.019992,0.068713,-0.160726,0.484254,0.191851,0.055844,0.679955,0.827230,0.053152,-1.000000
-0.149966,-0.172312,0.110734,-0.082111,-0.019817,0.068958,-0.556006,0.740517,1.000000,0.567139,0.712995,-1.000000,0.787351,-0.308175
-0.148521,-0.165870,0.100759,-0.080630,-0.019754,0.062360,-0.139981,1.000000,0.557632,-0.274937,0.557622,0.244065,-0.331504,-1.000000
-0.146231,-0.159759,0.091800,-0.075788,-0.020495,0.051672,0.724404,0.545318,0.699676,0.452882,1.000000,-1.000000,-0.321771,-0.580407
-0.143454,-0.154895,0.085534,-0.070183,-0.023282,0.039178,-0.203422,0.720595,0.071287,-0.423314,-0.188139,-0.895123,0.548110,0.944201
-0.139582,-0.150433,0.081336,-0.064850,-0.028087,0.024215,-0.582208,0.725992,0.588010,-0.075786,1.000000,-0.707078,-0.443201,0.516666
-0.135095,-0.146957,0.080139,-0.060122,-0.035118,0.007478,0.557531,0.715779,-0.696599,-0.632242,0.953276,-0.500105,-1.000000,-1.000000
-0.129183,-0.143685,0.081873,-0.056173,-0.044024,-0.010004,0.494108,0.646990,-0.685169,0.653610,0.607344,-1.000000,0.299044,0.903486
-0.122840,-0.140955,0.086196,-0.052131,-0.053231,-0.027021,0.622286,0.374520,-0.148202,0.014918,-0.247381,0.550303,-0.848826,1.000000
-0.115458,-0.138133,0.093120,-0.047094,-0.059982,-0.039934,0.149981,-0.661271,-0.276479,0.188562,0.314382,0.489606,-0.364689,1.000000
-0.108620,-0.135473,0.100514,-0.042849,-0.063177,-0.046226,0.185228,-0.300743,-0.279676,0.380969,-0.050897,-0.053089,-0.542306,-0.742786
-0.101458,-0.132383,0.108839,-0.039387,-0.064687,-0.048052,0.710082,-0.589463,-0.942313,0.554684,0.502046,-1.000000,0.600305,-1.000000
-0.095290,-0.129163,0.116153,-0.036891,-0.065658,-0.045701,-0.044974,-0.817588,-0.789165,1.000000,-1.000000,-0.306752,0.462980,1.000000
-0.089310,-0.125060,0.123090,-0.034561,-0.067594,-0.040039,0.529167,-0.824726,-0.698647,0.413963,-0.069230,0.591578,0.118760,-0.714368
-0.084686,-0.120501,0.128135,-0.031291,-0.070897,-0.031515,1.000000,-0.138920,0.023137,1.000000,-0.698262,-0.487201,1.000000,-1.000000
-0.081004,-0.114502,0.131692,-0.025614,-0.076249,-0.020521,0.331181,-0.696727,-0.046292,0.616933,-0.518599,-0.847631,0.751562,0.554938
-0.078649,-0.108156,0.133408,-0.020664,-0.080708,-0.010722,-0.095841,-0.754209,-1.000000,-0.364602,-0.975776,-1.000000,-1.000000,-0.101213
-0.076810,-0.100732,0.133988,-0.018054,-0.083218,-0.003352,0.107770,-0.776250,0.256431,0.276689,-0.391039,-0.114676,1.000000,1.000000
-0.075562,-0.092963,0.133341,-0.015965,-0.083639,0.003733,-0.428119,-1.000000,0.305138,0.137835,0.376938,0.304827,1.000000,-0.067986
-0.074728,-0.085675,0.131620,-0.015885,-0.081813,0.010749,0.067639,-0.749353,-0.530757,-0.622894,0.062395,-1.000000,-0.874188,-0.687116
-0.074077,-0.078386,0.128749,-0.016913,-0.078732,0.017950,0.985641,-0.717934,-0.512221,-0.203656,0.114889,-1.000000,0.046043,-0.194666
-0.073505,-0.070566,0.124258,-0.018358,-0.074382,0.025912,-0.635266,-0.627248,0.187479,-0.188728,-0.120267,-0.039695,0.940161,-0.562703
-0.072896,-0.063504,0.118989,-0.021032,-0.069448,0.032925,-0.308143,-0.412344,0.233792,-0.995065,1.000000,1.000000,0.736312,-0.257486
-0.072039,-0.056085,0.112336,-0.023816,-0.064608,0.038369,0.388610,-0.057723,1.000000,-0.305905,1.000000,-0.773809,-0.051651,-1.000000
-0.071031,-0.049482,0.105449,-0.026254,-0.059920,0.043055,-0.366704,-0.755330,-0.124363,-0.123130,-0.433571,0.146923,-0.394141,0.880756
-0.069608,-0.042615,0.097186,-0.029486,-0.055013,0.047669,-0.203599,-0.277295,0.516020,-0.815404,-0.465312,0.203179,0.359025,-0.295022
-0.067966,-0.036618,0.089079,-0.032201,-0.050134,0.050668,0.470302,-0.248878,1.000000,-0.479811,1.000000,-1.000000,1.000000,-1.000000
-0.065888,-0.030684,0.080220,-0.033750,-0.044279,0.051125,-0.165936,-0.312351,0.694864,-0.903358,0.549755,-1.000000,0.620494,-0.494221
-0.063718,-0.025815,0.072345,-0.034624,-0.038440,0.049204,-0.589299,0.263640,-0.223037,-0.322011,-0.290809,0.145229,-0.059076,-0.135108
-0.061135,-0.021225,0.064514,-0.035140,-0.033113,0.045166,-0.222624,-0.053880,1.000000,-0.824085,1.000000,-1.000000,0.540375,-0.759735
-0.058655,-0.017863,0.058541,-0.034151,-0.026333,0.037345,0.050295,-0.143028,1.000000,-0.027178,0.160266,1.000000,1.000000,-0.935551
-0.055993,-0.015400,0.053994,-0.031982,-0.017832,0.026222,0.415209,-0.428607,1.000000,-0.070100,0.555709,1.000000,0.880500,-0.036372
-0.053649,-0.014293,0.051870,-0.029128,-0.008739,0.013289,-0.108962,0.109666,0.438953,-0.114656,1.000000,-1.000000,-1.000000,0.235388
-0.051334,-0.014025,0.051402,-0.025640,-0.002079,0.002693,-0.071282,-0.027689,-0.279550,0.471680,0.391664,-0.084982,-0.229651,0.237765
-0.049368,-0.014298,0.052061,-0.023073,0.001994,-0.004118,-0.951166,-0.200175,0.132259,0.092533,0.641438,0.015594,1.000000,1.000000
-0.047349,-0.014958,0.053543,-0.021448,0.004720,-0.008552,0.163972,-0.402317,-0.379883,0.159762,-1.000000,-1.000000,-0.109201,0.312830
-0.045555,-0.015750,0.055316,-0.020367,0.006299,-0.011081,0.439460,0.318308,0.235776,1.000000,1.000000,-1.000000,0.463267,-0.842750
-0.043661,-0.016699,0.057461,-0.019644,0.007060,-0.012380,-0.141221,-0.196717,-0.894367,0.308646,-0.869537,1.000000,0.993776,0.394380
-0.041942,-0.017559,0.059427,-0.019214,0.007030,-0.012285,0.235720,-0.098978,0.049911,0.057381,-0.829695,-0.829121,-0.145495,0.749484
-0.040120,-0.018456,0.061477,-0.018770,0.006894,-0.011824,0.065959,-0.542530,-0.566327,0.382685,0.545839,-0.673725,-0.203883,0.407470
-0.038501,-0.019241,0.063186,-0.018086,0.006778,-0.010684,-0.196648,-0.524912,-1.000000,0.574398,0.004696,-1.000000,1.000000,0.583989
-0.036830,-0.020039,0.064694,-0.017356,0.006769,-0.008696,0.125898,-0.701100,-0.892983,-0.128906,0.321788,0.259017,0.750560,-0.433016
-0.035383,-0.020650,0.065565,-0.016584,0.006085,-0.005447,0.396759,0.368315,-0.904957,0.849840,0.803602,-0.358637,0.900334,-1.000000
-0.034069,-0.020965,0.065475,-0.014492,0.003569,0.000516,-0.500618,-0.175245,-1.000000,1.000000,0.015279,-1.000000,-0.309242,-0.063089
-0.033166,-0.020814,0.064077,-0.011848,-0.000021,0.008741,-0.419212,0.380113,-0.685714,0.249859,0.042539,0.325479,-1.000000,0.877497
-0.032457,-0.020297,0.061453,-0.009659,-0.002665,0.015136,-0.767808,0.174914,0.362680,-0.015109,-0.230714,0.209524,0.886544,0.479973
-0.031973,-0.019602,0.058203,-0.007589,-0.003989,0.018762,-0.057704,0.007675,0.058145,0.068438,0.261160,-1.000000,1.000000,-0.802678
-0.031714,-0.018768,0.054624,-0.005675,-0.005632,0.022366,-0.522366,-0.044724,-1.000000,0.423773,-0.925720,-0.904228,0.537035,-0.309478
-0.031604,-0.017670,0.050386,-0.004254,-0.008018,0.026485,-0.187640,-0.209471,-0.425948,-0.411385,0.360911,0.584343,0.842817,-0.146116
-0.031529,-0.016303,0.045447,-0.003796,-0.009608,0.028486,-0.946216,-0.317802,0.759154,-0.275806,0.520078,-0.759009,1.000000,-0.520171
-0.031403,-0.015009,0.040974,-0.004181,-0.010121,0.027959,-0.535182,0.739231,0.715634,0.033564,-0.288736,-0.724926,-0.071704,0.985364
-0.031168,-0.013599,0.036376,-0.004939,-0.010489,0.026530,-0.438100,0.477219,-0.723216,-0.089232,0.992530,0.808620,1.000000,0.180850
-0.030872,-0.012293,0.032332,-0.005544,-0.010819,0.025266,0.296160,-0.394815,0.028389,0.059817,-0.171293,-0.457742,-0.570139,-1.000000
-0.030494,-0.010887,0.028030,-0.005948,-0.010856,0.024820,-0.155114,-0.712435,-0.699945,-0.499447,-0.267037,-0.218553,-0.977544,0.308083
-0.030095,-0.009608,0.024102,-0.006325,-0.010737,0.024551,0.098009,-0.399662,0.704875,0.025820,-1.000000,0.205077,0.409147,1.000000
-0.029626,-0.008261,0.019892,-0.006518,-0.010416,0.024295,0.174438,0.106959,1.000000,0.430920,0.165297,-1.000000,0.873100,-1.000000
-0.029177,-0.007067,0.016067,-0.006505,-0.009972,0.023906,0.189840,0.371183,0.390542,0.049237,0.091414,0.361132,0.287476,-0.886940
-0.028680,-0.005853,0.012053,-0.006410,-0.009290,0.023148,-0.159189,0.325169,0.544239,0.199682,1.000000,0.579728,0.839963,-0.859086
-0.028216,-0.004847,0.008590,-0.006269,-0.008257,0.021653,-0.015926,0.430467,0.371094,-0.691740,-1.000000,-1.000000,-1.000000,0.693826
-0.027721,-0.003939,0.005257,-0.005973,-0.006732,0.019225,-0.743731,-0.786016,0.578495,-0.754393,-0.160164,-0.629671,-1.000000,-0.615709
-0.027282,-0.003255,0.002532,-0.005621,-0.005313,0.017036,0.091545,-0.391712,-0.489529,0.378368,-1.000000,0.272631,-0.614689,-0.033592
-0.026813,-0.002601,-0.000237,-0.005457,-0.004580,0.015970,-0.142010,0.415122,0.061343,-0.156298,-0.850503,-0.436137,1.000000,0.243279
-0.026374,-0.002053,-0.002680,-0.005452,-0.004064,0.015278,-0.356057,0.056417,-0.297560,-0.632035,-0.755068,0.141435,1.000000,1.000000
-0.025888,-0.001511,-0.005227,-0.005505,-0.003639,0.014689,0.280968,0.071739,0.470836,-0.110997,1.000000,-0.739568,-0.505773,0.148666
-0.025436,-0.001058,-0.007474,-0.005507,-0.003217,0.014047,-0.217469,-0.182988,-0.247741,-0.367140,1.000000,0.178558,-0.466650,-1.000000
-0.024931,-0.000596,-0.009828,-0.005622,-0.003009,0.013571,0.177059,0.695873,-0.354103,-0.492312,0.798874,-0.212974,-0.176004,0.536161
-0.024444,-0.000184,-0.011925,-0.005841,-0.002955,0.013117,-0.893725,-0.313048,0.201278,-0.131118,0.205008,-0.274611,0.332111,0.768242
-0.023869,0.000255,-0.014079,-0.006323,-0.003003,0.012420,-1.000000,0.167668,-0.609616,-0.045811,1.000000,-1.000000,0.137152,0.235967
-0.023258,0.000672,-0.015817,-0.007265,-0.003417,0.010868,-0.754862,0.368572,-0.501733,0.606731,1.000000,-1.000000,1.000000,-1.000000
-0.022505,0.001162,-0.017311,-0.008231,-0.004177,0.008618,-0.052317,0.274212,-0.373340,0.425330,1.000000,0.075839,0.468030,1.000000
-0.021755,0.001650,-0.018390,-0.008876,-0.004910,0.006747,-0.243435,-0.426403,0.098787,-0.530066,0.332342,-0.448020,-0.278853,1.000000
-0.020886,0.002214,-0.019291,-0.009505,-0.005516,0.005198,-0.352749,-0.002574,-0.138178,0.129393,-0.251286,-0.154825,-0.327880,1.000000
-0.020045,0.002752,-0.019965,-0.009948,-0.005881,0.004208,0.480417,-0.793501,0.363645,-0.218780,1.000000,-1.000000,0.033355,-1.000000
-0.019122,0.003340,-0.020631,-0.010084,-0.005992,0.003844,-0.291554,-0.682031,0.458679,-0.553204,0.784308,-1.000000,1.000000,1.000000
-0.018260,0.003887,-0.021191,-0.010184,-0.006116,0.003498,-0.262190,0.125521,-0.287968,0.040483,0.655894,-0.344467,1.000000,1.000000
-0.017324,0.004485,-0.021751,-0.010217,-0.006227,0.003234,0.258063,-0.118063,0.176054,0.366823,0.687702,-1.000000,-0.139938,-0.359503
-0.016466,0.005034,-0.022252,-0.010129,-0.006206,0.003134,-0.017514,-0.103135,-0.320934,0.860885,1.000000,-0.924590,-0.393520,-0.881586
-0.015556,0.005613,-0.022773,-0.009907,-0.006068,0.003004,0.043225,-0.089749,0.786782,-0.111785,-0.584995,-1.000000,0.178749,0.569681
-0.014745,0.006120,-0.023183,-0.009571,-0.005794,0.002563,0.419591,0.251463,0.604200,-0.518423,-1.000000,-0.342404,1.000000,-0.601501
-0.013921,0.006613,-0.023469,-0.008993,-0.005272,0.001651,0.346977,-0.771118,0.344315,0.161802,0.113914,-0.505444,-0.669081,-1.000000
-0.013238,0.007005,-0.023557,-0.008110,-0.004618,0.000546,0.220323,0.041403,0.355362,-0.884706,0.124814,1.000000,-0.064301,-0.191371
-0.012588,0.007358,-0.023440,-0.007168,-0.003933,-0.000675,0.316888,-0.072948,0.117684,-0.851831,-1.000000,-1.000000,1.000000,-1.000000
-0.012046,0.007630,-0.023159,-0.006534,-0.003367,-0.001755,-0.576049,0.341859,-0.123239,0.119411,-0.771064,-1.000000,-0.450363,-0.226452
-0.011494,0.007896,-0.022747,-0.006173,-0.003099,-0.002375,-0.179939,0.035044,-0.257760,0.129593,1.000000,1.000000,0.996834,0.515543
-0.011003,0.008128,-0.022321,-0.005971,-0.002939,-0.002663,0.452387,-0.388873,-0.005419,0.510946,0.269429,-1.000000,0.865775,0.465248
-0.010484,0.008372,-0.021858,-0.005835,-0.002862,-0.002676,-0.215927,0.216023,-1.000000,0.611919,0.962790,-0.916261,-0.746467,-0.055545
-0.010012,0.008599,-0.021440,-0.005749,-0.002872,-0.002609,-0.866023,-0.036412,0.291117,-0.155718,1.000000,0.112804,0.140182,0.091478
-0.009515,0.008843,-0.020968,-0.005600,-0.002843,-0.002726,0.107430,-0.187519,1.000000,-0.247066,-0.649665,-0.425657,-0.804984,-0.079361
-0.009103,0.009047,-0.020426,-0.005088,-0.002617,-0.003383,0.028989,0.654677,0.495276,-0.008521,0.630902,0.128267,0.918635,-0.581176
-0.008721,0.009228,-0.019655,-0.004435,-0.002239,-0.004451,-0.379255,-0.165093,-0.031147,-0.248009,-1.000000,1.000000,0.960442,-0.455367
-0.008422,0.009363,-0.018790,-0.003860,-0.001887,-0.005402,0.373769,0.137553,0.221420,0.474366,1.000000,0.231829,-0.350483,-0.042371
-0.008156,0.009488,-0.017711,-0.003264,-0.001684,-0.006229,-0.062743,0.251770,-0.076504,-0.268552,-0.210835,-0.598060,-0.115696,-0.293450
-0.007943,0.009599,-0.016642,-0.002918,-0.001643,-0.006676,-0.306829,-0.446350,-0.274645,-0.408226,0.592481,-1.000000,-0.897338,0.965841
-0.007734,0.009714,-0.015442,-0.002689,-0.001598,-0.006927,0.072086,-0.525086,0.447722,-0.111850,0.647453,-0.359114,0.472494,-0.321590
-0.007567,0.009809,-0.014286,-0.002411,-0.001465,-0.007221,0.408727,-0.538575,-0.251776,0.201646,-0.667064,-1.000000,0.625034,-0.940097
-0.007400,0.009898,-0.013025,-0.002258,-0.001311,-0.007278,0.386956,0.025844,0.006140,-0.064964,1.000000,-1.000000,1.000000,-1.000000
-0.007257,0.009966,-0.011866,-0.002137,-0.001131,-0.007243,-0.109482,-0.365063,-0.021660,-0.344079,-0.188534,-0.722482,1.000000,0.197245
-0.007108,0.010028,-0.010623,-0.002066,-0.000990,-0.007171,0.113279,0.199802,-0.154394,-0.457124,-0.066510,0.917426,-0.466544,1.000000
-0.006973,0.010078,-0.009489,-0.002030,-0.000900,-0.007089,0.008591,0.043648,0.068355,0.021280,-0.069573,0.775683,-0.001062,-0.875285
-0.006829,0.010129,-0.008271,-0.002004,-0.000850,-0.007031,-0.413668,-0.292759,-0.099960,0.249481,1.000000,-1.000000,-1.000000,0.587332
-0.006696,0.010171,-0.007175,-0.002000,-0.000785,-0.006845,0.397859,-0.765983,-0.573688,-0.090653,-0.264363,-1.000000,0.274028,0.749580
-0.006554,0.010203,-0.006071,-0.001951,-0.000602,-0.006367,0.419565,0.043000,-0.317931,-0.038443,0.394484,0.018189,1.000000,-0.200382
-0.006427,0.010216,-0.005144,-0.001866,-0.000387,-0.005795,0.069454,-0.125197,0.248678,-0.459090,-0.143294,-0.461647,0.010112,-0.199106
-0.006296,0.010205,-0.004267,-0.001747,-0.000078,-0.005061,0.372070,-0.513153,-0.665137,-0.148089,0.759271,-0.629898,-1.000000,1.000000
-0.006175,0.010141,-0.003650,-0.001547,0.000577,-0.003560,0.652169,-0.281528,-0.637003,-0.855185,-0.974523,0.491909,1.000000,-0.493425
-0.006069,0.010018,-0.003406,-0.001355,0.001409,-0.001524,-0.174588,-0.662979,-0.118226,0.260953,0.173504,0.194004,1.000000,-1.000000
-0.005951,0.009844,-0.003451,-0.001386,0.002079,0.000282,-0.193485,-0.134511,-0.208492,-0.150606,0.208717,-0.355651,-0.677947,0.237268
-0.005814,0.009612,-0.003723,-0.001413,0.002599,0.001564,0.254002,0.127022,0.727343,0.002289,0.522013,-1.000000,1.000000,0.724704
-0.005702,0.009353,-0.004167,-0.001171,0.003180,0.002776,0.502488,-0.392845,0.258479,-0.583843,0.013901,-0.469545,1.000000,-0.086123
-0.005619,0.008998,-0.004971,-0.000652,0.004059,0.004642,0.411017,-0.562501,-0.550082,-0.083634,0.021275,0.027949,-1.000000,-0.212294
-0.005587,0.008608,-0.006052,-0.000019,0.004872,0.006756,0.007430,0.606226,-1.000000,0.053719,0.286082,0.015282,0.880780,0.170507
-0.005630,0.008133,-0.007616,0.000941,0.005519,0.009022,0.891785,-0.375204,0.510395,0.036962,-0.222671,0.959673,1.000000,-0.486838
-0.005805,0.007631,-0.009528,0.002666,0.006374,0.011950,0.083533,-0.240409,-0.345172,-0.198060,-0.793116,0.499261,-1.000000,-0.503741
-0.006110,0.007058,-0.011958,0.003997,0.006779,0.014019,-0.127014,0.328797,-0.779309,-0.567167,-0.199903,0.407810,-1.000000,0.538808
-0.006468,0.006529,-0.014381,0.004900,0.006858,0.015144,0.212224,0.362520,1.000000,-0.106040,-0.398370,-0.891634,0.825266,0.838627
-0.006940,0.005958,-0.017090,0.005793,0.006868,0.015620,-0.097102,0.228836,1.000000,0.075124,-0.878962,-0.751321,0.416645,-0.111431
-0.007443,0.005436,-0.019622,0.006563,0.006881,0.015839,0.258928,0.038053,-0.783441,0.142402,1.000000,0.065861,-0.398317,-0.584065
-0.008037,0.004878,-0.022408,0.007051,0.006835,0.016069,-0.486966,-0.315561,-0.732917,-0.510026,-0.313314,0.422822,-0.148319,-1.000000
-0.008582,0.004358,-0.024926,0.006946,0.006947,0.015734,-0.793628,0.455113,0.772433,-1.000000,0.350553,-1.000000,0.391404,-1.000000
-0.009146,0.003771,-0.027471,0.006583,0.007201,0.014680,-0.660761,0.780175,-0.948822,-0.098267,0.636724,-1.000000,0.586807,0.601418
-0.009660,0.003249,-0.029629,0.006425,0.006957,0.013487,0.337605,0.356362,-0.779831,0.082629,0.066895,-0.309471,0.866617,0.848013
-0.010227,0.002722,-0.031716,0.006470,0.006488,0.012041,-0.241532,0.279536,0.954311,-0.563466,-0.374268,0.939348,-0.347840,-0.669578
-0.010761,0.002251,-0.033408,0.006540,0.006249,0.010584,0.197579,-0.372518,0.059712,0.462338,1.000000,-0.839996,-0.824068,0.076728
-0.011334,0.001748,-0.035088,0.006420,0.006156,0.009690,-0.589340,0.057349,-0.520603,-0.930511,0.786730,1.000000,0.017238,-0.927132
-0.011812,0.001246,-0.036367,0.005772,0.006514,0.007992,-0.513044,0.126473,0.861361,-1.000000,-0.360226,0.990703,1.000000,-0.142293
-0.012259,0.000644,-0.037370,0.004957,0.007022,0.005788,-0.559438,0.184582,0.755100,0.511073,-0.076366,-0.530786,-0.690097,1.000000
-0.012668,0.000061,-0.038033,0.004894,0.007247,0.004138,0.218212,-0.156786,0.255200,0.213222,0.688941,-1.000000,-1.000000,0.246608
-0.013125,-0.000581,-0.038529,0.005017,0.007275,0.002864,0.066192,0.495881,-0.374337,-0.438545,0.460881,-1.000000,1.000000,0.890061
-0.013543,-0.001160,-0.038821,0.004978,0.007038,0.001826,-0.437282,-0.236454,-0.220878,0.439594,0.792181,-0.282831,1.000000,0.208610
-0.013980,-0.001777,-0.039054,0.004787,0.006886,0.001346,0.047748,-0.476186,-0.487860,-0.779443,1.000000,-1.000000,0.025384,-0.513782
-0.014360,-0.002342,-0.039233,0.004515,0.006813,0.001117,0.466761,0.201605,-0.278632,0.607561,1.000000,0.077211,0.558717,-0.511009
-0.014755,-0.002952,-0.039384,0.004332,0.006782,0.000874,0.101229,0.018359,0.679189,-1.000000,0.824973,0.057518,0.645150,-0.379649
-0.015082,-0.003542,-0.039396,0.003890,0.007038,0.000071,0.150565,-0.086957,0.259373,-0.694027,-0.669719,-0.844353,-1.000000,-0.346807
-0.015391,-0.004224,-0.039223,0.003417,0.007399,-0.000995,-0.239156,0.424259,-0.240767,0.233979,-0.469170,0.258425,-1.000000,-0.456649
-0.015661,-0.004864,-0.038951,0.003252,0.007470,-0.001703,-0.334772,0.075584,-0.172518,0.080800,0.657828,-1.000000,1.000000,-0.865203
-0.015941,-0.005556,-0.038546,0.003146,0.007383,-0.002333,-0.434425,0.271644,-0.362118,-0.274312,-0.863490,-0.961191,0.696644,1.000000
-0.016182,-0.006184,-0.038042,0.002978,0.007172,-0.003151,-0.424150,0.153532,-0.211068,-0.212106,0.677384,-0.600666,-0.206768,0.735981
-0.016424,-0.006847,-0.037349,0.002801,0.006896,-0.004000,0.298132,0.106967,-0.170702,-0.098417,0.411254,0.080588,-0.869392,-1.000000
-0.016632,-0.007442,-0.036572,0.002683,0.006603,-0.004851,-0.315298,0.257230,-0.211167,-0.292935,0.098831,-0.463477,-1.000000,0.092779
-0.016836,-0.008069,-0.035599,0.002494,0.006334,-0.005617,-0.388532,-0.352456,-0.093247,0.056082,-0.334960,-1.000000,1.000000,-0.750158
-0.016995,-0.008625,-0.034566,0.002207,0.005975,-0.006457,-1.000000,0.657457,0.588050,-0.161777,0.747852,0.544873,1.000000,-1.000000
-0.017135,-0.009174,-0.033150,0.001959,0.005194,-0.008166,0.490979,0.331728,0.216121,0.354952,0.670714,-1.000000,0.847359,-0.135775
-0.017247,-0.009620,-0.031603,0.001863,0.004325,-0.009672,-0.213800,0.147140,-1.000000,0.311717,1.000000,-0.538197,-0.462725,0.714960
-0.017347,-0.010036,-0.029712,0.001733,0.003453,-0.010907,0.261563,0.116347,-0.412390,-0.546380,-0.079802,-0.158502,-1.000000,0.008770
-0.017426,-0.010382,-0.027858,0.001645,0.002915,-0.011588,-0.342241,-0.781975,0.452611,-0.047537,0.448946,0.056258,0.874631,0.097795
-0.017495,-0.010741,-0.025822,0.001485,0.002721,-0.011747,-0.312514,-0.199199,-0.113861,-0.722552,-0.767742,0.038923,0.060263,0.586537
-0.017536,-0.011062,-0.023928,0.001251,0.002585,-0.011841,0.322210,-0.103095,-0.620077,-0.002277,1.000000,-0.529107,-0.053286,-0.476790
-0.017556,-0.011397,-0.021868,0.001014,0.002435,-0.011886,-1.000000,0.008559,-0.061925,-0.266523,0.762222,-1.000000,0.701089,-0.646229
-0.017547,-0.011677,-0.019910,0.000734,0.002054,-0.012235,-0.526504,-0.315855,-0.567636,0.498552,1.000000,0.165833,-0.366588,0.518636
-0.017495,-0.011924,-0.017792,0.000285,0.001430,-0.012216,0.246703,-0.269788,-1.000000,0.115516,1.000000,-0.025255,0.200734,0.023572
-0.017399,-0.012085,-0.015957,-0.000319,0.000725,-0.011467,-0.313662,-0.368536,0.129309,-0.317410,0.848256,-0.773260,0.665407,0.368137
-0.017270,-0.012203,-0.014003,-0.000604,0.000120,-0.011271,-0.617112,0.237939,0.183926,-0.227795,-0.917400,-1.000000,0.284145,-1.000000
-0.017131,-0.012259,-0.012236,-0.000843,-0.000467,-0.011046,0.955475,-0.005504,-0.940549,-0.042329,1.000000,0.664026,0.900453,-1.000000
-0.016948,-0.012244,-0.010518,-0.001282,-0.001185,-0.009915,-0.682756,-0.140621,-0.196975,0.038527,-0.701331,0.368155,0.052660,0.104706
-0.016746,-0.012167,-0.009082,-0.001743,-0.001826,-0.008980,-0.029025,0.328860,-0.143576,0.473324,0.247945,-0.665179,-0.819283,1.000000
-0.016496,-0.012028,-0.007665,-0.002146,-0.002338,-0.008168,0.179042,-0.053453,-0.294731,-0.027234,-0.112254,-0.475710,1.000000,0.084173
-0.016243,-0.011850,-0.006492,-0.002484,-0.002846,-0.007338,-0.267966,-0.566353,-0.149274,-0.559216,0.412309,-0.554811,0.931103,-0.394470
-0.015948,-0.011604,-0.005337,-0.002772,-0.003350,-0.006661,-0.707180,-0.087566,-0.272208,0.254950,0.575245,-0.302931,-0.041523,0.724783
-0.015646,-0.011311,-0.004336,-0.003161,-0.004086,-0.006254,-0.797257,-0.179212,-0.486543,0.305397,1.000000,0.444648,0.063609,0.992932
-0.015266,-0.010863,-0.003367,-0.003799,-0.005446,-0.005593,-0.356277,-0.575300,-0.979609,0.260064,1.000000,-0.933629,0.377114,-0.865954
-0.014813,-0.010222,-0.002803,-0.004759,-0.007338,-0.003253,0.550690,-0.314299,-0.388116,-0.197823,1.000000,0.087752,0.793690,-1.000000
-0.014347,-0.009485,-0.002698,-0.005512,-0.008832,-0.000654,-0.175416,-0.116966,0.002188,-0.001313,-1.000000,1.000000,0.774846,0.230339
-0.013857,-0.008668,-0.002827,-0.005880,-0.009661,0.000802,-0.045308,-0.083807,0.271192,0.180516,-0.311591,-0.194367,-0.826747,0.741092
-0.013312,-0.007752,-0.003084,-0.006065,-0.009939,0.001485,0.418875,-0.281930,0.161953,-0.376526,1.000000,-0.689897,0.511459,0.228179
-0.012802,-0.006909,-0.003401,-0.006157,-0.009876,0.001980,-0.622394,-0.635089,0.369635,0.248680,0.260834,-1.000000,0.642950,-0.502430
-0.012243,-0.006006,-0.003808,-0.006242,-0.009746,0.002346,-0.510177,0.256828,-0.144495,-0.655479,1.000000,-0.098605,0.305386,-1.000000
-0.011724,-0.005170,-0.004170,-0.006269,-0.009793,0.002263,-0.041163,0.346454,1.000000,-0.476914,-0.026862,-1.000000,0.759420,-0.832356
-0.011161,-0.004268,-0.004496,-0.006241,-0.009766,0.001881,-0.355475,0.240767,0.211506,0.613786,0.366320,-0.752503,-0.049297,0.677206
-0.010646,-0.003437,-0.004748,-0.006171,-0.009796,0.001579,0.159436,-0.030262,-1.000000,0.759436,0.627893,1.000000,0.313490,-0.651765
-0.010105,-0.002531,-0.005036,-0.005974,-0.009850,0.001657,0.054262,-0.085269,-0.173479,0.047378,-1.000000,-0.145614,0.116783,-0.592431
-0.009632,-0.001685,-0.005334,-0.005662,-0.009965,0.001864,-0.649160,-0.090278,0.691156,0.574146,0.806043,0.194086,-0.437693,-0.073447
-0.009162,-0.000746,-0.005686,-0.005179,-0.010188,0.002033,-0.240168,0.463805,-0.845104,-0.227420,-0.995401,-1.000000,0.377323,-0.038692
-0.008770,0.000136,-0.006023,-0.004687,-0.010397,0.002108,-0.203666,-0.925782,1.000000,0.739674,0.378959,-0.453500,0.675551,0.704050
-0.008404,0.001099,-0.006398,-0.004013,-0.010458,0.002158,-0.324338,-0.407066,-0.083198,-0.560580,0.151771,-0.854901,-0.341340,-1.000000
-0.008083,0.001983,-0.006705,-0.003815,-0.010432,0.001919,0.062784,-0.205375,0.456758,-0.247137,0.374997,0.419221,0.852739,-0.806775
-0.007750,0.002912,-0.006968,-0.003637,-0.010137,0.001521,0.388841,-0.026695,0.194360,0.152726,0.300174,0.965681,0.284216,1.000000
-0.007454,0.003748,-0.007168,-0.003508,-0.009892,0.001249,-0.555976,-0.172815,-0.596728,-0.661375,1.000000,-1.000000,-0.757534,0.769941
-0.007137,0.004642,-0.007356,-0.003455,-0.009781,0.001083,0.000077,-0.156691,0.707696,0.784755,1.000000,-1.000000,-1.000000,-1.000000
-0.006881,0.005439,-0.007465,-0.003029,-0.009451,0.000683,0.572424,-0.280676,0.482265,0.114773,0.281941,0.146174,0.200558,0.211610
-0.006660,0.006244,-0.007447,-0.002436,-0.008857,-0.000104,-0.481684,-0.150695,0.179598,-0.492956,-1.000000,0.697185,0.563031,0.719082
-0.006510,0.006918,-0.007248,-0.001824,-0.008070,-0.001247,-0.055507,-0.433757,0.513756,-0.677111,-0.959049,-1.000000,-0.527600,-0.582101
-0.006418,0.007570,-0.006842,-0.001111,-0.007257,-0.002341,0.371802,-0.160592,-0.314095,-0.156176,0.308497,-0.002305,-1.000000,-0.817977
-0.006344,0.008136,-0.006460,-0.000989,-0.006833,-0.002385,-0.144942,-0.630188,-0.846087,0.176911,0.624778,-0.222958,1.000000,0.936410
-0.006237,0.008729,-0.006140,-0.001267,-0.006582,-0.001845,-0.532918,0.196680,-0.294619,-0.456205,-0.680460,-0.196236,-0.147196,1.000000
-0.006122,0.009269,-0.005885,-0.001453,-0.006492,-0.001598,0.477891,0.133771,0.028118,0.359942,1.000000,-0.837196,-0.140734,-0.662444
0.412973,0.302458,0.940229,0.000000,-0.000000,0.000001,0.000000,0.000000,0.000000,0.000000,0.000000,0.000000,0.000000,0.000000
0.412980,0.302444,0.940217,0.000064,-0.000011,0.000086,0.565245,-1.000000,-1.000000,1.000000,-1.000000,-1.000000,-1.000000,-0.714218
0.413024,0.302303,0.940103,0.000756,-0.000085,0.000712,1.000000,-1.000000,-1.000000,1.000000,-0.764556,-1.000000,-1.000000,1.000000
0.413193,0.301704,0.939634,0.003038,-0.000099,0.002705,0.913669,-1.000000,-1.000000,1.000000,-1.000000,-0.972055,0.415765,1.000000
0.413673,0.300252,0.938524,0.006788,0.000094,0.006943,0.601148,-1.000000,-1.000000,1.000000,-0.861654,-1.000000,-0.155539,-0.927763
0.415159,0.296744,0.935858,0.011139,0.000368,0.015375,0.203301,-1.000000,-1.000000,1.000000,0.242772,0.093320,-1.000000,-1.000000
0.417949,0.290900,0.931427,0.015486,0.000434,0.027706,0.959061,-1.000000,-1.000000,1.000000,-1.000000,0.140311,1.000000,0.015306
0.422508,0.281493,0.924342,0.019909,0.000358,0.040877,0.478078,-1.000000,-1.000000,1.000000,-1.000000,-1.000000,-0.087644,0.888279
0.427698,0.270098,0.916007,0.024239,0.002812,0.052101,1.000000,-1.000000,-1.000000,1.000000,-0.647407,-1.000000,-0.782908,0.781320
0.433699,0.255435,0.905571,0.028806,0.005470,0.060188,0.778827,-1.000000,-1.000000,1.000000,-0.776117,0.415930,0.099049,-1.000000
0.439608,0.240010,0.894519,0.032120,0.002576,0.069095,1.000000,-1.000000,-1.000000,1.000000,-0.920310,1.000000,0.479663,0.002414
0.445899,0.222227,0.881503,0.034644,-0.004270,0.075090,0.929936,-1.000000,-1.000000,1.000000,-0.017255,0.736500,-0.247990,0.205684
0.450918,0.205728,0.869365,0.037239,-0.007881,0.075843,-0.280507,-1.000000,-0.685493,1.000000,-0.416616,-1.000000,-1.000000,0.500151
0.455539,0.187335,0.856101,0.039091,-0.006266,0.076505,0.273431,-1.000000,-0.057428,1.000000,0.084095,-1.000000,-1.000000,-0.283184
0.459268,0.168750,0.842939,0.043179,-0.004832,0.082302,1.000000,-1.000000,-1.000000,1.000000,-0.321871,-1.000000,1.000000,-1.000000
0.462910,0.146046,0.826861,0.047159,-0.007683,0.092731,0.260399,-1.000000,-0.699519,1.000000,-1.000000,-0.173499,0.424822,-0.105798
0.465907,0.122053,0.809737,0.049815,-0.013209,0.106989,0.679231,-0.254820,-1.000000,1.000000,0.934023,-1.000000,-1.000000,-0.183976
0.468251,0.092345,0.788305,0.052888,-0.021037,0.123656,1.000000,-0.726489,-0.916541,0.988222,-0.965207,-0.427846,0.931642,-0.255888
0.469216,0.061101,0.765389,0.053180,-0.031874,0.143310,-0.661005,-0.592868,-1.000000,1.000000,-1.000000,0.363918,0.922606,-0.480883
0.468482,0.021605,0.736054,0.047922,-0.043309,0.169043,0.026003,-0.287889,-0.634155,1.000000,-1.000000,-0.514624,0.537574,-1.000000
0.464916,-0.020673,0.704230,0.040292,-0.054663,0.198988,-0.060850,-0.447531,-0.087617,1.000000,0.423775,0.333102,0.619296,-0.249597
0.456014,-0.071891,0.664860,0.030775,-0.065722,0.227164,0.146087,0.217244,0.128735,0.566029,-0.409678,0.185503,-0.482480,-0.639158
0.441546,-0.122258,0.624831,0.022041,-0.074564,0.250340,-0.945032,-0.470237,1.000000,1.000000,0.017762,-0.933625,-0.219226,-1.000000
0.417523,-0.178427,0.577957,0.014347,-0.080165,0.270425,-0.744257,0.126451,1.000000,-0.503242,-0.236954,-0.691473,0.395801,-0.001432
0.384077,-0.233281,0.528566,0.009394,-0.082764,0.285057,-0.676242,0.415882,1.000000,-0.371368,-0.301898,1.000000,1.000000,0.606707
0.345547,-0.279850,0.482014,0.005159,-0.082216,0.290732,-0.633017,0.960241,1.000000,0.344453,-0.652250,1.000000,0.103565,-1.000000
0.300761,-0.320736,0.435144,-0.000118,-0.080736,0.292927,-0.003624,1.000000,1.000000,0.018277,0.846737,-0.673886,-0.196503,-1.000000
0.247148,-0.357041,0.384941,-0.005454,-0.076407,0.289647,-1.000000,1.000000,1.000000,-0.198254,0.300777,0.657459,0.099460,1.000000
0.195183,-0.382316,0.340146,-0.006662,-0.069792,0.280010,-0.387232,1.000000,1.000000,-0.124052,-0.745438,1.000000,-0.497173,-0.375573
0.138415,-0.400670,0.294111,-0.004042,-0.063551,0.265540,-0.279011,1.000000,1.000000,-0.451960,1.000000,0.187792,-0.622663,-0.236596
0.087058,-0.409833,0.254343,0.004164,-0.059077,0.248559,-1.000000,1.000000,1.000000,-1.000000,0.218324,0.141741,-1.000000,-0.806425
0.033710,-0.412355,0.214451,0.015803,-0.056526,0.230086,-1.000000,1.000000,1.000000,-1.000000,1.000000,-0.297309,0.184356,0.791024
-0.012226,-0.408958,0.181091,0.031131,-0.055525,0.208640,-0.893406,1.000000,1.000000,-1.000000,-0.109685,0.743732,-0.159216,0.635204
-0.058046,-0.400497,0.148698,0.047653,-0.056070,0.186825,-0.551175,1.000000,0.626024,-1.000000,1.000000,-0.045668,0.098333,-1.000000
-0.095667,-0.389886,0.123010,0.065781,-0.055103,0.160586,-0.456041,1.000000,0.648336,-1.000000,1.000000,0.999311,0.984750,-0.081006
-0.131210,-0.377215,0.099975,0.083558,-0.052032,0.132918,-1.000000,1.000000,1.000000,-1.000000,0.403651,0.153726,-0.927354,-0.056787
-0.159585,-0.365439,0.082930,0.099641,-0.050124,0.106472,-1.000000,1.000000,0.808308,-1.000000,0.603725,-0.188756,-0.873314,-0.067592
-0.185341,-0.353691,0.069257,0.112219,-0.050093,0.078901,-1.000000,1.000000,-1.000000,-1.000000,-0.403190,0.909867,1.000000,-0.829574
-0.204314,-0.345024,0.061118,0.118952,-0.045397,0.050876,-1.000000,1.000000,-0.245770,-1.000000,1.000000,-0.227640,1.000000,0.688446
-0.219050,-0.338927,0.057641,0.120622,-0.042238,0.020055,-1.000000,1.000000,-1.000000,-1.000000,0.523047,-0.773490,-0.267719,1.000000
-0.227041,-0.336652,0.059522,0.119098,-0.042447,-0.011768,-0.188784,1.000000,-1.000000,-1.000000,0.740483,-1.000000,-0.247508,1.000000
-0.229311,-0.338167,0.067372,0.116746,-0.043685,-0.045219,-1.000000,1.000000,-1.000000,-1.000000,-0.346657,-1.000000,-0.972829,-0.517508
-0.224728,-0.343705,0.080560,0.114767,-0.043769,-0.082594,-0.750406,0.339018,-1.000000,-1.000000,0.336594,-0.448959,-0.675429,-0.575276
-0.211554,-0.354195,0.101816,0.112648,-0.041062,-0.122502,0.207955,0.705551,-1.000000,-1.000000,-0.101046,-1.000000,0.401453,-0.283308
-0.191320,-0.367214,0.127743,0.110615,-0.035963,-0.162163,-0.717688,0.078800,-1.000000,-0.283494,-1.000000,-0.566288,0.816725,-0.815292
-0.160397,-0.383178,0.161981,0.105502,-0.026938,-0.197444,0.093974,-0.547421,-1.000000,-0.951139,-0.704219,-1.000000,-1.000000,0.014842
-0.125047,-0.397250,0.197259,0.095456,-0.015694,-0.220567,0.050579,-1.000000,-1.000000,0.062038,-0.938547,-1.000000,0.589218,0.455560
-0.082515,-0.409376,0.236722,0.082944,-0.003171,-0.227604,0.779850,-0.285218,-1.000000,1.000000,-1.000000,-1.000000,1.000000,-1.000000
-0.042106,-0.416556,0.272568,0.072805,0.005954,-0.223926,1.000000,-1.000000,-1.000000,1.000000,-0.727449,-1.000000,-0.764014,0.745610
0.001291,-0.419880,0.309994,0.063290,0.013865,-0.215987,0.770723,-0.541361,-1.000000,1.000000,-1.000000,-1.000000,0.232607,-1.000000
0.040109,-0.419026,0.342869,0.053136,0.018047,-0.205434,0.111161,-0.804618,-1.000000,1.000000,-0.981184,-1.000000,0.936673,0.025068
0.080114,-0.414306,0.376466,0.043034,0.020192,-0.193822,0.882300,-0.874130,-1.000000,1.000000,-0.676437,-1.000000,-0.648523,0.478838
0.114674,-0.407015,0.405549,0.034633,0.020802,-0.181853,0.564055,-0.945369,-1.000000,1.000000,-0.291319,-0.405073,1.000000,-1.000000
0.148341,-0.396699,0.434351,0.029014,0.018792,-0.166094,1.000000,-0.502904,-1.000000,1.000000,-1.000000,-1.000000,0.844704,0.140742
0.175341,-0.385659,0.458216,0.027362,0.014124,-0.149252,0.506373,-0.371742,-1.000000,1.000000,-0.780440,-1.000000,-0.557076,-0.240058
0.200135,-0.372761,0.481249,0.028890,0.008660,-0.132805,1.000000,-0.402151,-1.000000,1.000000,1.000000,-1.000000,-0.433035,1.000000
0.219011,-0.360401,0.500160,0.034588,0.002154,-0.118253,0.819912,-0.785558,-1.000000,1.000000,-1.000000,-1.000000,0.326423,-0.380165
0.234806,-0.347028,0.517793,0.041994,-0.007624,-0.101699,0.278091,-0.269601,-1.000000,1.000000,-0.909961,-0.361637,-0.757425,-0.778477
0.245245,-0.335129,0.531363,0.049246,-0.018766,-0.084793,0.995520,-0.772823,-1.000000,1.000000,-0.678727,0.069130,1.000000,0.808466
0.252778,-0.322619,0.543670,0.057572,-0.030548,-0.071011,0.939834,-0.733520,-1.000000,1.000000,-0.665492,-1.000000,0.625753,0.811100
0.257018,-0.311125,0.553416,0.065687,-0.042916,-0.060910,0.941770,-0.921540,-1.000000,1.000000,-1.000000,-0.437738,-0.277050,-0.817424
0.258751,-0.298927,0.562052,0.072705,-0.056209,-0.049853,0.145162,-0.763222,-1.000000,1.000000,0.272344,-0.989976,0.250886,-0.507321
0.257179,-0.288507,0.567623,0.080517,-0.069586,-0.034817,-0.127174,-0.760501,-1.000000,1.000000,-1.000000,-1.000000,-1.000000,1.000000
0.252027,-0.278636,0.570821,0.088279,-0.079869,-0.018440,0.330134,-0.913428,-1.000000,1.000000,-1.000000,-0.525138,0.903255,-0.520054
0.241459,-0.269513,0.570147,0.095065,-0.092013,0.003372,0.421043,-1.000000,-1.000000,1.000000,-0.978962,-1.000000,-0.199612,0.324515
0.230140,-0.263575,0.566700,0.099763,-0.101553,0.021525,0.770825,-0.706417,-1.000000,1.000000,-0.741469,-0.527652,-0.690442,-1.000000
0.215105,-0.258487,0.559866,0.102510,-0.109573,0.039441,-0.456960,-1.000000,-1.000000,0.756276,-0.716999,-1.000000,0.864591,1.000000
0.198119,-0.255335,0.550106,0.106672,-0.114601,0.061008,-0.367535,-0.364166,-1.000000,0.730807,-1.000000,0.193760,1.000000,1.000000
0.175922,-0.253456,0.535178,0.110015,-0.119654,0.086139,-0.188647,-0.707273,-1.000000,-0.455232,0.586387,-1.000000,0.882687,-0.349453
0.151908,-0.252421,0.517082,0.111030,-0.126415,0.113076,0.038323,-0.656396,-1.000000,-0.070548,0.328528,0.651627,0.254982,-0.211114
0.122709,-0.251151,0.492998,0.106398,-0.132178,0.138927,-0.610879,-0.470642,-0.941842,-0.332042,-0.251490,-0.455122,0.459420,0.660510
0.094020,-0.248912,0.467549,0.098106,-0.133821,0.159114,-1.000000,-0.586233,0.686462,-1.000000,0.830706,-1.000000,0.700492,1.000000
0.062456,-0.244509,0.437555,0.084882,-0.133425,0.172982,-0.313746,-0.242377,-0.309812,-0.783897,-0.616865,0.251337,-0.333470,-1.000000
0.033892,-0.238210,0.408325,0.070026,-0.130938,0.182739,-0.855903,0.785316,-0.015300,-1.000000,0.250116,-0.175841,1.000000,-0.257164
0.004654,-0.228780,0.376062,0.054495,-0.127831,0.186074,-1.000000,1.000000,0.533320,-1.000000,-1.000000,-1.000000,1.000000,-0.424815
-0.020094,-0.218062,0.346550,0.042228,-0.121033,0.184445,-1.000000,1.000000,1.000000,-1.000000,1.000000,0.194771,-0.189207,-1.000000
-0.044193,-0.204919,0.315243,0.030598,-0.111202,0.180676,-0.835946,0.448069,0.968023,-1.000000,1.000000,1.000000,0.011337,-0.676162
-0.063883,-0.191865,0.287015,0.020411,-0.099175,0.176344,-1.000000,0.979769,1.000000,-0.630122,1.000000,1.000000,0.116114,0.349624
-0.082321,-0.177241,0.257363,0.009538,-0.086290,0.171119,-1.000000,0.707426,1.000000,-1.000000,0.954916,-0.600610,0.561630,0.336499
-0.096460,-0.163884,0.231400,-0.000336,-0.072118,0.162213,-1.000000,1.000000,1.000000,-1.000000,-0.512628,-0.563977,0.183668,0.552966
-0.108414,-0.150373,0.205896,-0.009384,-0.057890,0.147211,-0.290527,0.883278,1.000000,-1.000000,0.397651,-0.654131,1.000000,-0.238043
-0.116060,-0.139715,0.186151,-0.017468,-0.043420,0.123403,-1.000000,1.000000,0.606450,-1.000000,1.000000,0.014338,0.470312,-0.679667
-0.120581,-0.131179,0.170524,-0.024120,-0.029365,0.090154,0.004630,1.000000,1.000000,-1.000000,0.664884,0.778911,1.000000,-1.000000
-0.121508,-0.126637,0.162609,-0.027337,-0.017886,0.049436,-0.715798,1.000000,0.157537,-0.472452,1.000000,0.196156,-0.346079,-0.626643
-0.119658,-0.124947,0.160764,-0.028388,-0.010818,0.010649,-0.511653,0.328174,-0.641968,-0.858690,0.017049,0.410340,-1.000000,-1.000000
-0.115796,-0.125613,0.164109,-0.030267,-0.006952,-0.020903,-0.315512,0.228723,-0.617802,-0.344536,-1.000000,-0.496055,-1.000000,0.278299
-0.109727,-0.127704,0.171529,-0.034145,-0.006307,-0.042785,-0.461211,0.302637,-1.000000,0.627236,-1.000000,-1.000000,1.000000,1.000000
-0.103109,-0.129934,0.180071,-0.037544,-0.007959,-0.053407,0.066354,-0.567780,-1.000000,0.733085,-0.793974,-0.805446,0.681352,0.532727
-0.095553,-0.132118,0.189730,-0.039196,-0.009716,-0.055721,0.234640,-0.401026,-1.000000,0.700275,1.000000,-0.803542,-0.425497,-0.222115
-0.088515,-0.133739,0.198485,-0.040099,-0.011402,-0.054730,0.259042,-0.625723,-1.000000,1.000000,-1.000000,-1.000000,-0.203150,-0.612524
-0.081037,-0.134904,0.207363,-0.040822,-0.013745,-0.051222,0.814013,-0.744697,-1.000000,1.000000,-0.736693,-1.000000,0.833689,0.120834
-0.074526,-0.135186,0.214470,-0.041379,-0.017772,-0.044376,0.323091,-0.724638,-1.000000,1.000000,-1.000000,-0.595847,1.000000,0.974607
-0.067388,-0.134079,0.220914,-0.041762,-0.024643,-0.032222,0.680036,0.413914,-1.000000,0.640848,-1.000000,-0.232281,-0.995074,-0.420658
-0.062384,-0.131541,0.223481,-0.043118,-0.033827,-0.014813,0.151014,-1.000000,-1.000000,1.000000,-0.210506,-0.450139,0.218115,-1.000000
-0.059043,-0.127657,0.222518,-0.044528,-0.044009,0.006020,-0.459351,-1.000000,-1.000000,0.919791,-1.000000,-0.528248,-0.075874,1.000000
-0.057047,-0.121700,0.217180,-0.045352,-0.054376,0.030792,-0.030354,-0.304465,-0.317085,1.000000,-1.000000,-1.000000,0.409062,-1.000000
-0.056649,-0.114615,0.208181,-0.045435,-0.064578,0.056252,0.259756,-0.387698,-0.157654,-0.016084,-0.827940,-1.000000,1.000000,0.631842
-0.057202,-0.105869,0.195120,-0.045045,-0.069486,0.075319,-0.782213,-0.818995,0.475955,0.217662,0.439093,0.594996,-0.122201,0.709032
-0.058152,-0.097368,0.181015,-0.043888,-0.069859,0.088229,0.310578,0.213395,0.541703,0.248790,1.000000,0.815680,0.016064,-1.000000
-0.059210,-0.088007,0.164422,-0.043216,-0.068062,0.095644,0.159130,0.452986,0.593181,-0.094443,0.434464,-1.000000,1.000000,0.565168
-0.059852,-0.079548,0.148692,-0.043272,-0.064632,0.098360,-0.082861,-0.240537,1.000000,-0.661444,-0.227639,-1.000000,-0.658283,0.573404
-0.059896,-0.070858,0.131821,-0.044911,-0.059430,0.097344,-0.063359,0.114099,1.000000,-1.000000,0.049815,0.461160,-0.447909,-1.000000
-0.059304,-0.063393,0.116685,-0.046311,-0.053993,0.094549,0.257464,0.045314,0.675969,-0.960249,0.839561,-0.912321,1.000000,-1.000000
-0.058081,-0.056033,0.101055,-0.046855,-0.048052,0.090186,-0.189202,0.602180,1.000000,-0.976216,0.439279,-1.000000,1.000000,1.000000
-0.056547,-0.050095,0.087826,-0.045372,-0.041379,0.082666,0.073002,1.000000,1.000000,-0.469212,1.000000,0.366415,-0.159649,0.122558
-0.054681,-0.044679,0.075413,-0.041495,-0.034884,0.071626,0.000265,0.961858,1.000000,-0.555917,1.000000,1.000000,-0.782434,0.452002
-0.053036,-0.040557,0.066137,-0.034816,-0.029894,0.057992,-1.000000,-0.092389,1.000000,-0.361410,0.052989,-0.884742,-1.000000,0.590607
-0.051544,-0.036802,0.058220,-0.027306,-0.026625,0.045676,-0.550321,0.565841,-0.073831,-0.610729,0.927722,-1.000000,-0.273615,-0.775509
-0.050322,-0.033776,0.052471,-0.022351,-0.024862,0.035913,0.000946,-0.039669,0.095860,-0.373958,-0.675614,-1.000000,1.000000,-1.000000
-0.048991,-0.030941,0.047797,-0.020018,-0.022998,0.026967,-0.275200,0.900208,-0.301879,-0.631397,-0.520659,0.176133,0.421049,0.229176
-0.047581,-0.028643,0.044927,-0.020086,-0.022095,0.017946,0.180977,0.061848,0.279578,-0.284464,-0.507493,1.000000,1.000000,-1.000000
-0.045983,-0.026529,0.043359,-0.019096,-0.020642,0.009046,0.232221,-0.312963,0.664403,-0.075846,0.292989,-0.044993,-1.000000,-0.177840
-0.044617,-0.024893,0.043147,-0.016483,-0.019113,0.001323,-0.465953,0.103243,0.148916,-0.331501,0.605688,-0.181182,-1.000000,0.913270
0.000000,0.000000,0.000000,0.000000,0.000000,0.000000,0.000000,0.000000,0.000000,0.000000,0.000000,0.000000,0.000000,0.000000
