x,y,phi,u,v,r,n1,n2,n3,n4,alpha1,alpha2,alpha3,alpha4
0.401951,-0.334070,0.237739,0.000001,-0.000000,0.000001,0.000000,0.000000,0.000000,0.000000,0.000000,0.000000,0.000000,0.000000
0.401915,-0.334087,0.237724,0.000226,-0.000021,0.000085,0.678151,0.811825,-1.000000,1.000000,0.429246,-0.825972,-0.031687,-0.473431
0.401630,-0.334223,0.237596,0.001791,-0.000301,0.000801,0.678142,0.811830,-1.000000,1.000000,0.429246,-0.825972,-0.031685,-0.473429
0.400567,-0.334767,0.237085,0.005773,-0.001112,0.002948,0.378226,0.433734,-0.626643,1.000000,-0.147833,-0.079543,-0.700813,0.242097
0.398500,-0.335825,0.236122,0.012530,-0.001815,0.006020,0.367497,0.438899,-0.621290,1.000000,-0.149416,-0.079242,-0.700860,0.245678
0.394729,-0.337663,0.234472,0.022272,-0.002447,0.009523,0.371065,0.450293,-0.533459,1.000000,-0.152576,-0.665806,-0.012372,-0.008306
0.389501,-0.340027,0.232284,0.034485,-0.004065,0.013675,0.320241,0.480007,-0.519400,1.000000,-0.156623,-0.670227,-0.001312,0.003804
0.381685,-0.343253,0.229127,0.048614,-0.006811,0.018211,0.318497,0.517268,-0.674301,1.000000,-0.003940,-0.327287,-0.170538,-0.018374
0.372422,-0.346702,0.225525,0.063724,-0.010100,0.022505,0.237233,0.551237,-0.682755,1.000000,-0.000668,-0.330953,-0.162606,0.000754
0.360734,-0.350292,0.221425,0.079061,-0.012950,0.023665,0.069104,0.633563,-0.566196,1.000000,-0.071933,-0.489856,-0.235724,0.114648
0.349524,-0.352519,0.218394,0.093557,-0.014202,0.018949,-0.045657,0.668064,-0.574025,1.000000,-0.076619,-0.512053,-0.206816,0.139693
0.337984,-0.353055,0.216702,0.106153,-0.014450,0.009755,-0.098795,0.641459,-0.742386,1.000000,-0.077294,-0.508408,-0.076826,0.108687
0.328357,-0.351715,0.216817,0.116113,-0.014506,-0.000715,-0.134842,0.582162,-0.974276,1.000000,-0.102305,-0.553403,-0.059368,0.121627
0.319330,-0.348436,0.218774,0.122973,-0.013777,-0.011301,-0.155986,0.472915,-1.000000,1.000000,-0.164764,-0.598845,-0.088202,0.147305
0.312296,-0.344091,0.222096,0.126737,-0.011824,-0.020748,-0.160875,0.343875,-1.000000,1.000000,-0.283226,-0.643430,-0.010647,0.142609
0.305408,-0.338758,0.226596,0.128765,-0.009720,-0.025950,-0.124906,0.226767,-1.000000,1.000000,-0.396016,-0.694880,0.127486,0.120295
0.298783,-0.334102,0.230656,0.130089,-0.008725,-0.025392,-0.072366,0.115897,-1.000000,1.000000,-0.472144,-0.713898,0.231726,0.094581
0.290279,-0.330138,0.233977,0.131504,-0.009103,-0.019148,-0.041988,0.045227,-1.000000,1.000000,-0.510871,-0.697351,0.267987,0.083337
0.280508,-0.327878,0.235416,0.134022,-0.011236,-0.008991,-0.058777,0.036351,-1.000000,1.000000,-0.533843,-0.678383,0.305064,0.076743
0.267282,-0.327090,0.234734,0.137678,-0.015261,0.003934,-0.125357,0.072596,-1.000000,0.940125,-0.545407,-0.668198,0.356840,0.074115
0.252259,-0.327811,0.231747,0.142023,-0.021092,0.018655,-0.224175,0.128341,-1.000000,0.723979,-0.525739,-0.644184,0.397824,0.073889
0.232614,-0.329852,0.225751,0.147645,-0.029157,0.034612,-0.345913,0.204950,-1.000000,0.451175,-0.466631,-0.604762,0.427568,0.060417
0.211044,-0.332470,0.217473,0.153743,-0.039515,0.051735,-0.487149,0.331626,-1.000000,0.117360,-0.357886,-0.565525,0.435994,0.016558
0.183707,-0.335388,0.205353,0.159640,-0.053571,0.069921,-0.659579,0.486203,-1.000000,-0.314561,-0.222448,-0.520980,0.427448,-0.022786
0.155512,-0.337180,0.191609,0.161313,-0.069364,0.085932,-0.840034,0.649224,-1.000000,-0.795406,-0.069731,-0.442550,0.363701,-0.030066
0.123533,-0.337082,0.174941,0.155102,-0.085426,0.096137,-0.999969,0.786043,-0.740887,-1.000000,0.098896,-0.335177,0.259399,-0.020867
0.094190,-0.334560,0.158806,0.144177,-0.099425,0.100884,-1.000000,0.857330,-0.444685,-1.000000,0.242529,-0.259310,0.150156,-0.006478
0.063847,-0.329025,0.141345,0.130246,-0.111989,0.100693,-1.000000,0.850953,-0.237399,-1.000000,0.366562,-0.270030,0.100257,0.004781
0.038137,-0.321486,0.125986,0.116282,-0.121870,0.096008,-1.000000,0.795020,-0.023342,-1.000000,0.426015,-0.283600,0.059621,0.033157
0.013873,-0.311155,0.111241,0.102628,-0.129201,0.085107,-1.000000,0.704112,0.208741,-1.000000,0.477619,-0.271656,0.094011,0.003134
-0.004379,-0.300199,0.100401,0.091043,-0.133870,0.067729,-0.989115,0.591218,0.350724,-1.000000,0.522736,-0.288610,0.167352,-0.071395
-0.019022,-0.287448,0.092649,0.080617,-0.138006,0.044736,-0.883155,0.468847,0.348894,-1.000000,0.574715,-0.313471,0.195099,-0.152203
-0.027517,-0.275392,0.089840,0.070933,-0.141352,0.017548,-0.739521,0.313883,0.195413,-1.000000,0.581909,-0.334051,0.199149,-0.209241
-0.031363,-0.262453,0.091892,0.061749,-0.144029,-0.011833,-0.578263,0.084380,-0.049933,-1.000000,0.483104,-0.374320,0.161484,-0.191018
-0.030439,-0.250914,0.098387,0.052829,-0.144339,-0.040595,-0.388341,-0.221777,-0.368395,-1.000000,0.297762,-0.456130,0.140302,-0.150361
-0.025674,-0.238981,0.109562,0.044644,-0.141219,-0.064490,-0.171379,-0.616248,-0.711943,-0.638950,0.034241,-0.585075,0.238317,-0.167354
-0.019149,-0.228487,0.122408,0.037338,-0.134881,-0.080254,0.052334,-0.992920,-1.000000,-0.205388,-0.256429,-0.673588,0.409907,-0.248191
-0.011238,-0.217480,0.137629,0.033340,-0.128218,-0.087866,0.206347,-1.000000,-1.000000,0.102106,-0.540095,-0.656810,0.693000,-0.312326
-0.004307,-0.207363,0.151662,0.031671,-0.123611,-0.087553,0.279369,-1.000000,-1.000000,0.264630,-0.698646,-0.594802,0.895709,-0.316462
0.001824,-0.196191,0.165636,0.032715,-0.122797,-0.080715,0.366129,-1.000000,-1.000000,0.445225,-0.670637,-0.519711,0.748576,-0.199689
0.005656,-0.185604,0.176536,0.034287,-0.123771,-0.068045,0.394342,-1.000000,-1.000000,0.545179,-0.597992,-0.497621,0.614879,-0.149846
0.007548,-0.173899,0.185537,0.036890,-0.126174,-0.051979,0.332460,-1.000000,-1.000000,0.465311,-0.686222,-0.569521,0.602800,-0.085358
0.007159,-0.162973,0.190934,0.039684,-0.128141,-0.033704,0.229770,-1.000000,-1.000000,0.277851,-0.750738,-0.584853,0.655391,-0.052508
0.004521,-0.151095,0.193422,0.043019,-0.129969,-0.014364,0.145178,-1.000000,-0.793877,0.072502,-0.715228,-0.507437,0.754953,-0.127139
0.000251,-0.140133,0.192480,0.045523,-0.130690,0.005892,0.046308,-1.000000,-0.546997,-0.171909,-0.610938,-0.435968,0.838168,-0.233818
-0.005961,-0.128340,0.187993,0.046577,-0.129536,0.025895,-0.068929,-1.000000,-0.276245,-0.495820,-0.451554,-0.364116,0.864252,-0.319785
-0.012640,-0.117626,0.180938,0.045630,-0.125486,0.044060,-0.195188,-0.976597,0.018606,-0.842830,-0.262648,-0.294749,0.895069,-0.409638
-0.020195,-0.106339,0.170690,0.041514,-0.118967,0.059156,-0.305027,-0.760614,0.280660,-1.000000,-0.060842,-0.266673,0.922573,-0.506412
-0.026829,-0.096367,0.159431,0.034362,-0.109435,0.070377,-0.377132,-0.496568,0.475456,-1.000000,0.154032,-0.250901,0.891976,-0.579460
-0.033106,-0.086216,0.146003,0.024577,-0.098141,0.077447,-0.430601,-0.277710,0.646406,-1.000000,0.342210,-0.172229,0.697010,-0.542866
-0.037781,-0.077592,0.133249,0.014856,-0.086061,0.079711,-0.458231,-0.082830,0.763566,-1.000000,0.486508,-0.087446,0.455253,-0.459768
-0.041509,-0.069217,0.120028,0.005912,-0.074033,0.076260,-0.460080,0.081308,0.839983,-1.000000,0.586468,-0.109003,0.285553,-0.401950
-0.043695,-0.062548,0.109209,-0.001696,-0.062160,0.067655,-0.443745,0.196991,0.825081,-1.000000,0.641064,-0.183536,0.143844,-0.345886
-0.044736,-0.056666,0.099750,-0.008769,-0.050074,0.054575,-0.388856,0.252563,0.690716,-1.000000,0.667266,-0.207281,0.034509,-0.308228
-0.044538,-0.052574,0.093576,-0.015331,-0.038249,0.038576,-0.308562,0.247980,0.460306,-0.762011,0.640892,-0.233515,-0.020897,-0.285186
-0.043201,-0.049536,0.089806,-0.021508,-0.027554,0.021752,-0.211915,0.207266,0.174139,-0.471808,0.561125,-0.305355,-0.089993,-0.235591
-0.041091,-0.047782,0.088731,-0.027089,-0.019127,0.006715,-0.113989,0.093632,-0.094331,-0.162089,0.409985,-0.402996,-0.079360,-0.145689
-0.038106,-0.046601,0.089420,-0.031667,-0.013950,-0.003975,-0.017094,-0.072212,-0.328388,0.157967,0.192649,-0.485549,0.024409,-0.061979
-0.034985,-0.045804,0.090946,-0.034491,-0.011663,-0.009536,0.077004,-0.241960,-0.470848,0.443764,0.010444,-0.527492,0.194749,-0.069316
-0.031479,-0.045009,0.092902,-0.035458,-0.011095,-0.011291,0.143361,-0.364963,-0.470305,0.631067,-0.114174,-0.523787,0.390888,-0.123856
-0.028252,-0.044264,0.094724,-0.035315,-0.010999,-0.011378,0.164721,-0.417715,-0.372945,0.685463,-0.181504,-0.473384,0.532814,-0.141539
-0.024804,-0.043434,0.096620,-0.034998,-0.010969,-0.010941,0.171309,-0.417687,-0.281906,0.674646,-0.160208,-0.407720,0.573061,-0.142220
-0.021675,-0.042649,0.098242,-0.034601,-0.010839,-0.010136,0.188032,-0.394188,-0.270626,0.680001,-0.075680,-0.390068,0.530779,-0.164606
-0.018381,-0.041766,0.099742,-0.033990,-0.010817,-0.008657,0.203222,-0.372321,-0.294075,0.705591,-0.011419,-0.419788,0.455878,-0.172930
-0.015504,-0.040894,0.100709,-0.032736,-0.011045,-0.006043,0.195623,-0.366361,-0.276900,0.707688,-0.027381,-0.436908,0.413792,-0.135321
-0.012684,-0.039857,0.101059,-0.030488,-0.011579,-0.002020,0.176506,-0.372093,-0.226157,0.686898,-0.080978,-0.430633,0.426682,-0.099165
-0.010470,-0.038798,0.100521,-0.027168,-0.012352,0.003367,0.160499,-0.368158,-0.185224,0.650808,-0.087425,-0.428184,0.461072,-0.113745
-0.008601,-0.037515,0.098755,-0.022900,-0.013465,0.010186,0.136102,-0.340307,-0.132811,0.582230,-0.045372,-0.417765,0.486236,-0.152145
-0.007411,-0.036168,0.095850,-0.018245,-0.015073,0.018161,0.087334,-0.288056,-0.046359,0.464086,0.001982,-0.383476,0.490756,-0.168872
-0.006675,-0.034520,0.091273,-0.013785,-0.016902,0.026397,0.021463,-0.216649,0.056916,0.310384,0.061056,-0.346999,0.469210,-0.171782
-0.006420,-0.032835,0.085863,-0.010012,-0.018634,0.033800,-0.046655,-0.130998,0.148592,0.144931,0.153427,-0.332023,0.426359,-0.190105
-0.006457,-0.030868,0.078998,-0.007356,-0.020019,0.039618,-0.111864,-0.035467,0.233633,-0.021694,0.263059,-0.325838,0.372744,-0.218042
-0.006641,-0.028968,0.072059,-0.005808,-0.020853,0.043375,-0.169942,0.058512,0.309512,-0.172461,0.357620,-0.306674,0.309943,-0.230737
-0.006875,-0.026886,0.064241,-0.005224,-0.020996,0.045112,-0.211674,0.143236,0.365811,-0.283794,0.438697,-0.279551,0.230395,-0.227210
-0.007057,-0.024998,0.056996,-0.005091,-0.020536,0.045288,-0.233799,0.207291,0.387011,-0.342585,0.503319,-0.270012,0.142868,-0.216225
-0.007195,-0.023033,0.049294,-0.005109,-0.019635,0.044420,-0.244904,0.246439,0.396800,-0.365872,0.536794,-0.280854,0.069159,-0.193150
-0.007278,-0.021314,0.042419,-0.004909,-0.018545,0.042961,-0.252717,0.259830,0.404199,-0.373839,0.530102,-0.297607,0.036171,-0.162437
-0.007357,-0.019563,0.035305,-0.004354,-0.017400,0.041046,-0.255944,0.258105,0.410683,-0.377957,0.514262,-0.311438,0.042456,-0.147856
-0.007460,-0.018043,0.029104,-0.003296,-0.016347,0.038758,-0.252098,0.251561,0.403070,-0.376689,0.513784,-0.319226,0.064058,-0.159279
-0.007649,-0.016490,0.022854,-0.001797,-0.015411,0.036056,-0.244547,0.249281,0.388073,-0.375260,0.526432,-0.314444,0.074950,-0.175658
-0.007929,-0.015138,0.017592,0.000103,-0.014570,0.032893,-0.238984,0.247098,0.365020,-0.376204,0.529140,-0.303561,0.069971,-0.173669
-0.008376,-0.013751,0.012518,0.002267,-0.013837,0.029279,-0.236379,0.239751,0.333859,-0.380125,0.518924,-0.302789,0.053233,-0.155245
-0.008934,-0.012526,0.008454,0.004563,-0.013282,0.025393,-0.233438,0.220384,0.283368,-0.381652,0.498809,-0.320134,0.042700,-0.139282
-0.009693,-0.011248,0.004751,0.006748,-0.012901,0.021366,-0.229147,0.189354,0.222289,-0.384312,0.470292,-0.344484,0.053024,-0.134073
-0.010513,-0.010111,0.001999,0.008609,-0.012526,0.017201,-0.224114,0.150399,0.159631,-0.388580,0.431645,-0.360132,0.084546,-0.135530
-0.011492,-0.008937,-0.000259,0.009971,-0.012079,0.013017,-0.217004,0.110427,0.101022,-0.392561,0.394959,-0.363168,0.121649,-0.142907
-0.012439,-0.007917,-0.001695,0.010803,-0.011531,0.008980,-0.204694,0.071227,0.035717,-0.385140,0.366492,-0.364063,0.151605,-0.155808
-0.013468,-0.006889,-0.002607,0.011059,-0.010908,0.005266,-0.188933,0.033392,-0.032206,-0.366960,0.340948,-0.368886,0.171390,-0.165791
-0.014386,-0.006011,-0.002932,0.010843,-0.010283,0.002033,-0.174207,-0.005493,-0.091482,-0.342467,0.304601,-0.375637,0.191862,-0.165326
-0.015318,-0.005133,-0.002820,0.010269,-0.009714,-0.000651,-0.160948,-0.045444,-0.137249,-0.315615,0.260849,-0.382919,0.219531,-0.161390
-0.016106,-0.004383,-0.002367,0.009460,-0.009177,-0.002827,-0.146323,-0.083443,-0.173446,-0.285624,0.224589,-0.390519,0.254849,-0.167770
-0.016876,-0.003634,-0.001574,0.008584,-0.008680,-0.004577,-0.130179,-0.116881,-0.201657,-0.255340,0.199869,-0.394401,0.291936,-0.183073
-0.017514,-0.002996,-0.000616,0.007715,-0.008183,-0.005981,-0.114559,-0.143219,-0.221288,-0.225762,0.181027,-0.389962,0.321797,-0.194528
-0.018135,-0.002360,0.000618,0.006962,-0.007746,-0.007127,-0.100940,-0.163801,-0.236507,-0.198997,0.165241,-0.382308,0.340028,-0.198166
-0.018653,-0.001817,0.001902,0.006286,-0.007334,-0.008016,-0.089249,-0.179944,-0.250366,-0.173341,0.153674,-0.381465,0.348255,-0.197749
-0.019166,-0.001268,0.003411,0.005732,-0.007004,-0.008712,-0.079704,-0.195502,-0.264538,-0.150849,0.142058,-0.387595,0.353804,-0.196364
-0.019602,-0.000791,0.004884,0.005258,-0.006733,-0.009203,-0.072373,-0.209984,-0.274840,-0.132560,0.127785,-0.392499,0.363275,-0.194929
-0.020041,-0.000297,0.006536,0.004877,-0.006546,-0.009539,-0.066452,-0.224372,-0.283339,-0.119048,0.112104,-0.393418,0.377959,-0.195966
-0.020421,0.000144,0.008087,0.004541,-0.006408,-0.009685,-0.061058,-0.235523,-0.290703,-0.107988,0.102355,-0.392732,0.390596,-0.199791
-0.020809,0.000613,0.009765,0.004256,-0.006342,-0.009677,-0.056392,-0.244348,-0.298431,-0.099227,0.097141,-0.391571,0.399122,-0.204352
-0.021147,0.001046,0.011285,0.003996,-0.006339,-0.009505,-0.053750,-0.250193,-0.302329,-0.093426,0.092692,-0.389995,0.403586,-0.205530
-0.021493,0.001523,0.012873,0.003751,-0.006397,-0.009165,-0.052880,-0.255302,-0.303850,-0.090454,0.086831,-0.389068,0.406700,-0.204411
-0.021794,0.001975,0.014257,0.003497,-0.006497,-0.008645,-0.052612,-0.259052,-0.303274,-0.089159,0.083426,-0.389583,0.409412,-0.204744
-0.022097,0.002486,0.015640,0.003245,-0.006656,-0.007981,-0.052804,-0.262014,-0.300930,-0.089944,0.082049,-0.390067,0.413669,-0.207739
-0.022356,0.002981,0.016786,0.002977,-0.006844,-0.007165,-0.054170,-0.262447,-0.293678,-0.093657,0.082353,-0.388122,0.417798,-0.210677
-0.022612,0.003547,0.017864,0.002700,-0.007050,-0.006219,-0.056289,-0.261264,-0.283754,-0.099566,0.084413,-0.384089,0.420179,-0.213085
-0.022823,0.004099,0.018693,0.002405,-0.007260,-0.005173,-0.058691,-0.257287,-0.271847,-0.106383,0.090815,-0.380508,0.418956,-0.215786
-0.023024,0.004729,0.019399,0.002105,-0.007493,-0.004079,-0.061696,-0.251774,-0.258127,-0.114419,0.099089,-0.378189,0.415795,-0.218380
-0.023181,0.005341,0.019870,0.001785,-0.007686,-0.002941,-0.065532,-0.244613,-0.241475,-0.123653,0.107562,-0.375636,0.411053,-0.219274
-0.023319,0.006034,0.020185,0.001458,-0.007862,-0.001814,-0.069385,-0.237300,-0.223767,-0.133502,0.116327,-0.372301,0.405955,-0.220017
-0.023415,0.006697,0.020301,0.001126,-0.008002,-0.000725,-0.072989,-0.228494,-0.205883,-0.142953,0.127215,-0.369561,0.400094,-0.221718
-0.023486,0.007437,0.020249,0.000791,-0.008090,0.000296,-0.076446,-0.219331,-0.187603,-0.152377,0.138786,-0.367254,0.393667,-0.223509
-0.023520,0.008135,0.020053,0.000461,-0.008138,0.001227,-0.079829,-0.209633,-0.169413,-0.161046,0.150109,-0.364242,0.385602,-0.223673
-0.023524,0.008901,0.019698,0.000136,-0.008127,0.002049,-0.082712,-0.200094,-0.152274,-0.168788,0.161217,-0.361121,0.377071,-0.223484
-0.023496,0.009613,0.019256,-0.000178,-0.008083,0.002762,-0.085150,-0.190945,-0.136614,-0.175024,0.171920,-0.359683,0.368333,-0.223081
-0.023435,0.010383,0.018674,-0.000479,-0.007995,0.003358,-0.087199,-0.182509,-0.122006,-0.180136,0.181682,-0.358803,0.359610,-0.222130
-0.023351,0.011089,0.018059,-0.000764,-0.007871,0.003843,-0.088795,-0.174988,-0.108675,-0.184134,0.189980,-0.357421,0.352141,-0.220989
-0.023231,0.011846,0.017327,-0.001037,-0.007718,0.004224,-0.089855,-0.168529,-0.096416,-0.187125,0.197342,-0.356232,0.345707,-0.220009
-0.023095,0.012533,0.016604,-0.001294,-0.007545,0.004513,-0.090383,-0.162639,-0.086163,-0.188687,0.204332,-0.355625,0.339413,-0.219129
-0.022923,0.013262,0.015785,-0.001543,-0.007375,0.004734,-0.090436,-0.157597,-0.076612,-0.189457,0.210737,-0.354902,0.333767,-0.218355
-0.022741,0.013921,0.015005,-0.001773,-0.007166,0.004868,-0.090303,-0.153430,-0.068240,-0.189325,0.215608,-0.354256,0.328864,-0.217023
-0.022521,0.014617,0.014146,-0.002000,-0.006976,0.004962,-0.089913,-0.150017,-0.059601,-0.188885,0.220039,-0.353637,0.324457,-0.215691
-0.022299,0.015242,0.013345,-0.002213,-0.006766,0.004998,-0.089053,-0.147188,-0.053285,-0.187217,0.223915,-0.353562,0.320853,-0.214856
-0.022037,0.015900,0.012478,-0.002423,-0.006568,0.005005,-0.087870,-0.144901,-0.046496,-0.185430,0.227835,-0.353393,0.317792,-0.214433
-0.021776,0.016490,0.011682,-0.002622,-0.006362,0.004975,-0.086735,-0.143142,-0.040510,-0.183116,0.230485,-0.352900,0.315305,-0.213453
-0.021476,0.017109,0.010828,-0.002819,-0.006168,0.004930,-0.085328,-0.141618,-0.034262,-0.180665,0.233257,-0.352201,0.312793,-0.212562
-0.021181,0.017663,0.010050,-0.003007,-0.005972,0.004862,-0.083731,-0.140443,-0.029230,-0.177571,0.235882,-0.352090,0.310778,-0.212112
-0.020845,0.018245,0.009221,-0.003189,-0.005780,0.004783,-0.082033,-0.139469,-0.023630,-0.174449,0.238469,-0.352029,0.308729,-0.211584
-0.020519,0.018764,0.008469,-0.003366,-0.005601,0.004701,-0.080376,-0.138765,-0.018615,-0.171118,0.240289,-0.351589,0.307120,-0.210786
-0.020151,0.019308,0.007671,-0.003532,-0.005418,0.004606,-0.078548,-0.138190,-0.013386,-0.167732,0.242236,-0.351114,0.305664,-0.210198
-0.019797,0.019795,0.006948,-0.003689,-0.005242,0.004510,-0.076758,-0.137734,-0.008471,-0.164209,0.244184,-0.350986,0.304372,-0.209813
-0.019399,0.020304,0.006183,-0.003845,-0.005079,0.004419,-0.074901,-0.137286,-0.003464,-0.160661,0.246161,-0.350741,0.302937,-0.209348
-0.019020,0.020759,0.005491,-0.003986,-0.004912,0.004321,-0.073049,-0.136932,0.000901,-0.157050,0.247814,-0.350344,0.301719,-0.208845
-0.018597,0.021236,0.004758,-0.004124,-0.004756,0.004229,-0.071260,-0.136597,0.006216,-0.153604,0.249550,-0.349931,0.300573,-0.208342
-0.018196,0.021661,0.004096,-0.004248,-0.004601,0.004135,-0.069558,-0.136304,0.010642,-0.150084,0.251024,-0.349756,0.299380,-0.207758
-0.017751,0.022106,0.003395,-0.004371,-0.004455,0.004049,-0.067699,-0.135927,0.015432,-0.146564,0.252980,-0.349449,0.298108,-0.207449
-0.017330,0.022503,0.002762,-0.004476,-0.004305,0.003955,-0.065998,-0.135666,0.019658,-0.143116,0.254446,-0.349195,0.297194,-0.207080
-0.016866,0.022919,0.002091,-0.004581,-0.004165,0.003870,-0.064341,-0.135302,0.024637,-0.139794,0.256013,-0.348806,0.295958,-0.206461
-0.016430,0.023288,0.001486,-0.004670,-0.004020,0.003778,-0.062732,-0.134976,0.028627,-0.136454,0.257450,-0.348493,0.294862,-0.205982
-0.015950,0.023675,0.000846,-0.004762,-0.003887,0.003696,-0.061032,-0.134603,0.033062,-0.133085,0.259198,-0.348303,0.293707,-0.205677
-0.015502,0.024018,0.000270,-0.004824,-0.003739,0.003596,-0.059521,-0.134293,0.036831,-0.129818,0.260476,-0.348160,0.292651,-0.205153
-0.015010,0.024376,-0.000338,-0.004902,-0.003609,0.003512,-0.057979,-0.133915,0.041355,-0.126592,0.261901,-0.347746,0.291529,-0.204585
-0.014552,0.024693,-0.000884,-0.004951,-0.003465,0.003410,-0.056503,-0.133657,0.044378,-0.123368,0.263001,-0.347615,0.290571,-0.204100
-0.014052,0.025022,-0.001458,-0.005005,-0.003329,0.003313,-0.054923,-0.133283,0.048373,-0.120026,0.264565,-0.347487,0.289411,-0.203728
-0.013589,0.025312,-0.001971,-0.005040,-0.003185,0.003205,-0.053589,-0.133066,0.051361,-0.116879,0.265409,-0.347361,0.288593,-0.203160
-0.013084,0.025612,-0.002507,-0.005072,-0.003043,0.003094,-0.052101,-0.132799,0.054660,-0.113579,0.266474,-0.347151,0.287498,-0.202522
-0.012618,0.025874,-0.002983,-0.005088,-0.002895,0.002973,-0.050708,-0.132644,0.056997,-0.110301,0.267326,-0.347114,0.286734,-0.202099
-0.012113,0.026144,-0.003477,-0.005110,-0.002752,0.002853,-0.049278,-0.132502,0.059619,-0.106931,0.268155,-0.347171,0.285839,-0.201556
-0.011648,0.026379,-0.003912,-0.005110,-0.002600,0.002719,-0.047975,-0.132474,0.061405,-0.103644,0.268567,-0.347163,0.285106,-0.200891
-0.011146,0.026618,-0.004360,-0.005113,-0.002449,0.002583,-0.046565,-0.132467,0.063620,-0.100167,0.269075,-0.347092,0.284505,-0.200350
-0.010685,0.026825,-0.004749,-0.005094,-0.002290,0.002433,-0.045267,-0.132602,0.064745,-0.096764,0.269241,-0.347287,0.284047,-0.199813
-0.010190,0.027032,-0.005145,-0.005083,-0.002134,0.002283,-0.043842,-0.132715,0.066035,-0.093124,0.269570,-0.347401,0.283403,-0.199245
-0.009736,0.027208,-0.005485,-0.005050,-0.001969,0.002121,-0.042574,-0.133002,0.066378,-0.089661,0.269366,-0.347531,0.283123,-0.198646
-0.009250,0.027383,-0.005824,-0.005028,-0.001808,0.001959,-0.041237,-0.133314,0.067119,-0.085948,0.269134,-0.347729,0.282786,-0.197946
-0.008807,0.027529,-0.006110,-0.004987,-0.001640,0.001787,-0.040019,-0.133742,0.066863,-0.082368,0.268621,-0.348036,0.282665,-0.197328
-0.008332,0.027671,-0.006389,-0.004943,-0.001471,0.001612,-0.038638,-0.134201,0.066847,-0.078452,0.268223,-0.348307,0.282600,-0.196814
-0.007901,0.027786,-0.006619,-0.004900,-0.001303,0.001436,-0.037424,-0.134780,0.066000,-0.074734,0.267401,-0.348621,0.282751,-0.196231
-0.007441,0.027895,-0.006837,-0.004852,-0.001133,0.001259,-0.036150,-0.135380,0.065169,-0.070844,0.266550,-0.348911,0.282750,-0.195506
-0.007022,0.027980,-0.007010,-0.004795,-0.000962,0.001079,-0.034957,-0.136043,0.064016,-0.066979,0.265534,-0.349247,0.283047,-0.194926
-0.006577,0.028055,-0.007166,-0.004748,-0.000794,0.000903,-0.033741,-0.136751,0.062817,-0.062978,0.264419,-0.349708,0.283390,-0.194331
-0.006172,0.028110,-0.007283,-0.004689,-0.000626,0.000728,-0.032608,-0.137502,0.060981,-0.059148,0.263175,-0.350132,0.283747,-0.193700
-0.005742,0.028154,-0.007379,-0.004637,-0.000459,0.000557,-0.031381,-0.138248,0.059447,-0.055007,0.261956,-0.350440,0.284246,-0.193161
-0.005351,0.028180,-0.007442,-0.004581,-0.000295,0.000391,-0.030345,-0.139027,0.057471,-0.051176,0.260474,-0.350891,0.284851,-0.192565
-0.004936,0.028193,-0.007482,-0.004532,-0.000133,0.000232,-0.029229,-0.139760,0.055639,-0.047079,0.259113,-0.351321,0.285276,-0.191898
-0.004559,0.028191,-0.007495,-0.004476,0.000026,0.000079,-0.028208,-0.140489,0.053460,-0.043191,0.257684,-0.351713,0.285935,-0.191397
-0.004157,0.028174,-0.007484,-0.004424,0.000182,-0.000065,-0.027151,-0.141205,0.051494,-0.039086,0.256209,-0.352177,0.286569,-0.190819
-0.003792,0.028145,-0.007451,-0.004381,0.000335,-0.000201,-0.026253,-0.141854,0.049304,-0.035296,0.254700,-0.352583,0.287153,-0.190190
-0.003402,0.028101,-0.007395,-0.004334,0.000484,-0.000328,-0.025310,-0.142467,0.047265,-0.031346,0.253247,-0.352948,0.287775,-0.189608
-0.003048,0.028047,-0.007323,-0.004286,0.000628,-0.000445,-0.024421,-0.143005,0.045129,-0.027459,0.251832,-0.353399,0.288429,-0.189106
-0.002670,0.027976,-0.007228,-0.004257,0.000771,-0.000552,-0.023557,-0.143463,0.043119,-0.023532,0.250463,-0.353826,0.288975,-0.188538
-0.002325,0.027899,-0.007124,-0.004210,0.000905,-0.000647,-0.022841,-0.143868,0.041110,-0.019954,0.249053,-0.354148,0.289530,-0.187901
-0.001956,0.027804,-0.006997,-0.004180,0.001038,-0.000733,-0.021994,-0.144167,0.039319,-0.015905,0.247768,-0.354508,0.290055,-0.187335
-0.001619,0.027705,-0.006868,-0.004144,0.001165,-0.000806,-0.021385,-0.144369,0.037394,-0.012512,0.246570,-0.354943,0.290543,-0.186825
-0.001258,0.027587,-0.006718,-0.004111,0.001286,-0.000870,-0.020695,-0.144512,0.035822,-0.008740,0.245388,-0.355284,0.290920,-0.186156
-0.000928,0.027469,-0.006570,-0.004079,0.001403,-0.000922,-0.020143,-0.144508,0.034164,-0.005371,0.244308,-0.355552,0.291321,-0.185616
-0.000574,0.027330,-0.006403,-0.004056,0.001518,-0.000966,-0.019581,-0.144447,0.032729,-0.001887,0.243313,-0.355925,0.291654,-0.185045
-0.000249,0.027194,-0.006243,-0.004025,0.001624,-0.000997,-0.019146,-0.144249,0.031353,0.001304,0.242425,-0.356245,0.291845,-0.184436
0.000100,0.027036,-0.006066,-0.004003,0.001729,-0.001020,-0.018628,-0.143944,0.030134,0.004768,0.241634,-0.356503,0.292033,-0.183881
0.000420,0.026883,-0.005901,-0.003973,0.001826,-0.001032,-0.018298,-0.143559,0.029003,0.007720,0.240901,-0.356796,0.292182,-0.183311
0.000764,0.026708,-0.005721,-0.003956,0.001925,-0.001038,-0.017938,-0.143061,0.028100,0.010929,0.240231,-0.357067,0.292159,-0.182610
0.001081,0.026539,-0.005556,-0.003925,0.002013,-0.001031,-0.017710,-0.142446,0.027210,0.013657,0.239727,-0.357288,0.292146,-0.182052
0.001421,0.026348,-0.005380,-0.003900,0.002099,-0.001018,-0.017386,-0.141732,0.026467,0.016776,0.239301,-0.357591,0.292085,-0.181485
0.001733,0.026166,-0.005220,-0.003879,0.002184,-0.000999,-0.017275,-0.140911,0.025819,0.019272,0.238971,-0.357812,0.291890,-0.180877
0.002070,0.025961,-0.005052,-0.003846,0.002259,-0.000969,-0.017162,-0.140019,0.025436,0.021924,0.238640,-0.357953,0.291647,-0.180152
0.002379,0.025766,-0.004903,-0.003822,0.002336,-0.000934,-0.017058,-0.138977,0.024959,0.024443,0.238522,-0.358173,0.291352,-0.179599
0.002711,0.025548,-0.004748,-0.003790,0.002405,-0.000892,-0.017042,-0.137866,0.024672,0.026786,0.238508,-0.358451,0.290992,-0.179033
0.003015,0.025342,-0.004613,-0.003750,0.002468,-0.000842,-0.017098,-0.136674,0.024551,0.028989,0.238472,-0.358580,0.290529,-0.178319
0.003343,0.025113,-0.004477,-0.003721,0.002535,-0.000789,-0.017173,-0.135347,0.024478,0.031139,0.238560,-0.358675,0.290051,-0.177687
0.003642,0.024896,-0.004360,-0.003675,0.002589,-0.000728,-0.017393,-0.134013,0.024518,0.032823,0.238755,-0.358886,0.289525,-0.177075
0.003964,0.024657,-0.004245,-0.003631,0.002642,-0.000663,-0.017526,-0.132465,0.024596,0.034903,0.239084,-0.359075,0.288835,-0.176432
0.004258,0.024432,-0.004150,-0.003594,0.002698,-0.000596,-0.017833,-0.130927,0.024746,0.036279,0.239474,-0.359159,0.288230,-0.175899
0.004574,0.024183,-0.004059,-0.003544,0.002744,-0.000523,-0.018183,-0.129320,0.025151,0.037801,0.239804,-0.359257,0.287484,-0.175120
0.004861,0.023950,-0.003988,-0.003489,0.002786,-0.000446,-0.018495,-0.127523,0.025375,0.039258,0.240405,-0.359361,0.286643,-0.174554
0.005169,0.023694,-0.003924,-0.003439,0.002830,-0.000368,-0.018869,-0.125710,0.025748,0.040536,0.241091,-0.359543,0.285877,-0.174059
0.005450,0.023454,-0.003878,-0.003379,0.002866,-0.000287,-0.019425,-0.123936,0.026318,0.041424,0.241611,-0.359608,0.284918,-0.173237
0.005749,0.023190,-0.003843,-0.003318,0.002901,-0.000205,-0.019896,-0.121934,0.026856,0.042530,0.242334,-0.359586,0.283930,-0.172549
0.006021,0.022944,-0.003823,-0.003255,0.002934,-0.000121,-0.020426,-0.119992,0.027308,0.043230,0.243195,-0.359793,0.283119,-0.172141
0.006311,0.022675,-0.003817,-0.003184,0.002960,-0.000037,-0.021023,-0.117934,0.027949,0.044013,0.244040,-0.359963,0.282005,-0.171426
0.006573,0.022424,-0.003824,-0.003117,0.002990,0.000047,-0.021665,-0.115847,0.028569,0.044484,0.244902,-0.359839,0.280933,-0.170764
0.006852,0.022149,-0.003847,-0.003046,0.003016,0.000131,-0.022330,-0.113746,0.029259,0.044921,0.245800,-0.359908,0.279944,-0.170159
0.007103,0.021893,-0.003881,-0.002969,0.003037,0.000215,-0.023031,-0.111584,0.029857,0.045251,0.246815,-0.360122,0.278746,-0.169531
0.309982,-0.031633,0.822893,0.000000,-0.000000,0.000001,0.000000,0.000000,0.000000,0.000000,0.000000,0.000000,0.000000,0.000000
0.309974,-0.031646,0.822879,0.000100,-0.000015,0.000105,1.000000,-1.000000,-1.000000,1.000000,-0.497516,-1.000000,-0.845733,-0.134587
0.309874,-0.031774,0.822727,0.001007,-0.000235,0.000950,1.000000,-1.000000,-1.000000,1.000000,-0.497515,-1.000000,-0.845733,-0.134587
0.309477,-0.032342,0.822048,0.003610,-0.001021,0.003913,0.716450,-1.000000,-1.000000,1.000000,-1.000000,-0.662981,0.285275,0.080387
0.308677,-0.033673,0.820502,0.007606,-0.002052,0.009666,0.710674,-1.000000,-1.000000,1.000000,-1.000000,-0.661105,0.287121,0.081528
0.307154,-0.036575,0.817175,0.012685,-0.003544,0.019195,0.728021,-0.902259,-1.000000,1.000000,-0.894169,-0.828515,0.019920,-0.088712
0.304931,-0.041200,0.811778,0.018573,-0.006864,0.033752,0.691753,-0.884397,-1.000000,1.000000,-0.898194,-0.814459,0.032856,-0.088237
0.301381,-0.048770,0.802744,0.024795,-0.011724,0.052099,0.600765,-0.891846,-1.000000,1.000000,-1.000000,-0.694964,0.132277,0.022617
0.296798,-0.058200,0.791274,0.031323,-0.016632,0.071711,0.512950,-0.836732,-1.000000,1.000000,-1.000000,-0.658891,0.172761,0.017335
0.290049,-0.071039,0.775202,0.037754,-0.022708,0.092756,0.410789,-0.767855,-1.000000,1.000000,-0.968454,-0.681749,0.226580,-0.048737
0.281720,-0.085251,0.756610,0.043878,-0.030926,0.116150,0.272362,-0.670954,-1.000000,1.000000,-0.928738,-0.632752,0.287930,-0.059692
0.269866,-0.102905,0.732155,0.049211,-0.040836,0.141038,0.098367,-0.529537,-1.000000,1.000000,-0.881582,-0.530240,0.377745,-0.063195
0.255768,-0.120924,0.705378,0.053563,-0.051102,0.167421,-0.102315,-0.391619,-0.993835,1.000000,-0.796271,-0.456170,0.465795,-0.081403
0.236408,-0.141746,0.671507,0.055684,-0.062151,0.195306,-0.333637,-0.236599,-0.448472,0.649682,-0.662623,-0.388512,0.536541,-0.095592
0.214226,-0.161215,0.635748,0.057171,-0.073115,0.223542,-0.582162,-0.053219,0.202925,0.171761,-0.496029,-0.301647,0.640031,-0.121467
0.185651,-0.180799,0.593149,0.056600,-0.083078,0.245840,-0.758857,0.245337,0.729498,-0.317873,-0.116640,-0.184822,0.660388,-0.308169
0.156506,-0.195698,0.552279,0.053162,-0.087918,0.255449,-0.889761,0.684612,1.000000,-0.827641,0.443545,-0.109457,0.551367,-0.532740
0.124094,-0.207359,0.508429,0.044572,-0.087648,0.252952,-0.981773,1.000000,1.000000,-1.000000,0.807640,0.002961,0.194192,-0.469080
0.094637,-0.214079,0.469116,0.035291,-0.083139,0.245543,-0.949448,1.000000,1.000000,-1.000000,0.955258,0.142883,-0.309522,-0.272713
0.063912,-0.217480,0.427986,0.025849,-0.077059,0.237434,-0.968306,1.000000,1.000000,-1.000000,0.910281,0.029830,-0.447465,-0.136325
0.037160,-0.217543,0.391729,0.019277,-0.068939,0.226559,-1.000000,1.000000,1.000000,-1.000000,0.720159,-0.203039,-0.296822,-0.070204
0.010669,-0.214906,0.355261,0.015160,-0.060011,0.210472,-1.000000,1.000000,1.000000,-1.000000,0.717607,-0.228815,-0.129195,-0.134761
-0.010785,-0.210713,0.325390,0.015097,-0.050536,0.186604,-0.952894,1.000000,1.000000,-1.000000,0.846183,-0.128242,-0.020844,-0.271941
-0.030325,-0.205305,0.298405,0.019094,-0.041098,0.155742,-0.896774,1.000000,0.935289,-1.000000,0.918063,-0.083216,-0.091871,-0.278396
-0.044859,-0.200375,0.279256,0.026717,-0.032546,0.119637,-0.825536,1.000000,0.551224,-1.000000,0.891685,-0.126706,-0.280544,-0.176484
-0.056788,-0.195663,0.265169,0.034166,-0.027829,0.081301,-0.740969,1.000000,-0.036790,-0.924245,0.750738,-0.267940,-0.383118,-0.076588
-0.064168,-0.192016,0.258278,0.037596,-0.028229,0.043068,-0.646479,0.882231,-0.824968,-0.732628,0.469238,-0.480145,-0.419584,0.067500
-0.068099,-0.188745,0.257133,0.035614,-0.033394,0.006602,-0.524004,0.584883,-1.000000,-0.510055,0.182081,-0.600859,-0.442691,0.209450
-0.068106,-0.186205,0.261506,0.031025,-0.041171,-0.027327,-0.441144,0.216633,-1.000000,-0.358385,-0.111020,-0.601822,-0.275661,0.215590
-0.064899,-0.183736,0.270956,0.025814,-0.048427,-0.054505,-0.238248,-0.197676,-1.000000,-0.025494,-0.351960,-0.695071,0.040205,0.069392
-0.060040,-0.181519,0.282397,0.021268,-0.052753,-0.071523,0.068963,-0.645800,-1.000000,0.500172,-0.544572,-0.799107,0.298307,-0.082623
-0.054024,-0.179067,0.295818,0.018555,-0.052996,-0.077441,0.303000,-0.976881,-1.000000,0.871351,-0.751532,-0.797567,0.491352,-0.114130
-0.048540,-0.176650,0.307986,0.016655,-0.051798,-0.076053,0.388090,-1.000000,-1.000000,0.933902,-0.906683,-0.752284,0.637667,-0.055375
-0.042990,-0.173718,0.320317,0.014593,-0.051408,-0.071130,0.402263,-1.000000,-1.000000,0.895626,-0.923106,-0.727094,0.682655,-0.040593
-0.038440,-0.170564,0.330448,0.011900,-0.052790,-0.063312,0.427523,-1.000000,-1.000000,0.967410,-0.857906,-0.721474,0.580497,-0.035766
-0.034556,-0.166486,0.339367,0.009992,-0.055901,-0.051450,0.434769,-1.000000,-1.000000,1.000000,-0.818180,-0.720827,0.537407,-0.056024
-0.032478,-0.161990,0.344963,0.010169,-0.060438,-0.034967,0.391358,-1.000000,-1.000000,0.945708,-0.864047,-0.719694,0.573529,-0.034563
-0.032677,-0.155275,0.347450,0.013963,-0.066358,-0.012444,0.328046,-0.983922,-1.000000,0.837432,-0.876509,-0.686668,0.612473,-0.027999
-0.035829,-0.148367,0.344824,0.020572,-0.072873,0.015147,0.247591,-0.938298,-1.000000,0.673535,-0.823455,-0.633790,0.664754,-0.073632
-0.041267,-0.140973,0.338005,0.027015,-0.078524,0.042643,0.102214,-0.865396,-1.000000,0.362122,-0.754875,-0.567024,0.729092,-0.122266
-0.049464,-0.131714,0.325810,0.031056,-0.083212,0.070325,-0.118458,-0.738159,-1.000000,-0.112065,-0.659554,-0.470587,0.792990,-0.161019
-0.058380,-0.121961,0.310572,0.031746,-0.086010,0.095112,-0.343078,-0.582043,-0.628420,-0.603511,-0.500256,-0.378478,0.847723,-0.245278
-0.068550,-0.110139,0.290602,0.029013,-0.087120,0.115303,-0.558859,-0.372545,-0.159517,-1.000000,-0.247207,-0.303534,0.850247,-0.367702
-0.077687,-0.098218,0.269888,0.025240,-0.086103,0.129501,-0.688630,-0.060887,0.190456,-1.000000,0.118153,-0.226476,0.771092,-0.504123
-0.086598,-0.084566,0.246147,0.019879,-0.083425,0.137005,-0.751178,0.271425,0.489783,-1.000000,0.447055,-0.128917,0.612200,-0.541261
-0.093433,-0.071741,0.224027,0.013961,-0.078708,0.138332,-0.793542,0.448723,0.765841,-1.000000,0.609794,-0.034614,0.335942,-0.396904
-0.099100,-0.058146,0.200662,0.007215,-0.071930,0.134696,-0.777137,0.534420,0.877480,-1.000000,0.728783,0.002323,-0.002272,-0.248476
-0.102675,-0.046267,0.180087,0.000314,-0.063737,0.128535,-0.748198,0.519847,0.913836,-1.000000,0.766901,-0.100682,-0.084996,-0.220055
-0.104739,-0.034535,0.159307,-0.008083,-0.054246,0.119915,-0.736095,0.456872,0.929057,-1.000000,0.684279,-0.234982,-0.031575,-0.191191
-0.105023,-0.025176,0.142070,-0.017042,-0.043322,0.107724,-0.692291,0.452766,0.898552,-1.000000,0.674822,-0.228235,0.043551,-0.226210
-0.103802,-0.017170,0.126362,-0.025667,-0.030718,0.090653,-0.613495,0.460010,0.830730,-1.000000,0.735746,-0.178901,0.140053,-0.329914
-0.101635,-0.012140,0.115376,-0.032111,-0.017119,0.068638,-0.509389,0.475543,0.675895,-1.000000,0.777192,-0.166169,0.043728,-0.329209
-0.098560,-0.009300,0.107747,-0.036670,-0.004399,0.044025,-0.368101,0.487909,0.400393,-0.760585,0.787083,-0.164143,-0.167180,-0.261063
-0.095241,-0.008715,0.104468,-0.040602,0.005124,0.020501,-0.220366,0.408745,-0.053514,-0.362318,0.661729,-0.277155,-0.298199,-0.173111
-0.091171,-0.009553,0.104140,-0.044817,0.010291,0.001892,-0.097537,0.219242,-0.528994,0.016928,0.386456,-0.487246,-0.327464,-0.000229
-0.087029,-0.010989,0.105680,-0.048756,0.011844,-0.009628,-0.004365,-0.041110,-0.795428,0.346048,0.048991,-0.596172,-0.153614,0.121892
-0.082292,-0.012735,0.108229,-0.051047,0.011537,-0.014705,0.068863,-0.279812,-0.805074,0.589005,-0.219496,-0.602999,0.205300,0.033533
-0.077841,-0.014318,0.110815,-0.051716,0.010884,-0.016160,0.143126,-0.417064,-0.765122,0.750401,-0.324514,-0.595230,0.492556,-0.107178
-0.073006,-0.015928,0.113603,-0.051733,0.010203,-0.016089,0.198409,-0.477116,-0.721817,0.822867,-0.309562,-0.514608,0.616203,-0.154228
-0.068548,-0.017270,0.116034,-0.051611,0.009355,-0.015194,0.213266,-0.455027,-0.636076,0.814226,-0.254021,-0.408737,0.609498,-0.136180
-0.063764,-0.018485,0.118306,-0.051173,0.007976,-0.013103,0.211303,-0.415406,-0.571545,0.808543,-0.195600,-0.411278,0.539677,-0.118427
-0.059485,-0.019280,0.119782,-0.049930,0.005944,-0.009230,0.218221,-0.395890,-0.571655,0.841872,-0.146167,-0.475527,0.446565,-0.104030
-0.055165,-0.019658,0.120296,-0.047114,0.003104,-0.002962,0.219356,-0.397971,-0.549124,0.849040,-0.148107,-0.487988,0.429159,-0.095651
-0.051647,-0.019481,0.119412,-0.042542,-0.000291,0.005528,0.186793,-0.403143,-0.439946,0.780693,-0.197985,-0.461607,0.484201,-0.082507
-0.048505,-0.018696,0.116728,-0.036312,-0.003831,0.015481,0.130745,-0.376085,-0.284330,0.654053,-0.192648,-0.430308,0.524779,-0.086719
-0.046274,-0.017440,0.112564,-0.029425,-0.007379,0.026025,0.069987,-0.315675,-0.137678,0.485796,-0.101143,-0.391405,0.543801,-0.136809
-0.044513,-0.015536,0.106264,-0.023034,-0.010823,0.036329,-0.003347,-0.226911,-0.003698,0.276611,0.023435,-0.354712,0.535213,-0.194447
-0.043326,-0.013358,0.099041,-0.018176,-0.013838,0.045116,-0.094083,-0.114798,0.130458,0.035268,0.151320,-0.321155,0.480195,-0.221695
-0.042290,-0.010712,0.090175,-0.015303,-0.015778,0.051187,-0.181896,0.006602,0.254942,-0.198336,0.283457,-0.287490,0.394147,-0.236597
-0.041392,-0.008174,0.081514,-0.013968,-0.016473,0.054143,-0.243207,0.123424,0.333561,-0.373396,0.415673,-0.268506,0.291065,-0.256445
-0.040372,-0.005462,0.072000,-0.013692,-0.016161,0.054869,-0.274428,0.221593,0.373336,-0.469487,0.522785,-0.258740,0.174343,-0.260105
-0.039346,-0.003062,0.063278,-0.013821,-0.015386,0.054526,-0.285552,0.280927,0.381475,-0.496934,0.566999,-0.249799,0.065812,-0.225857
-0.038140,-0.000604,0.053978,-0.014052,-0.014371,0.053662,-0.291726,0.306169,0.394822,-0.497235,0.562321,-0.256650,-0.001686,-0.174460
-0.036959,0.001520,0.045593,-0.014087,-0.013313,0.052391,-0.301751,0.304471,0.425182,-0.501917,0.537600,-0.287696,-0.005940,-0.143073
-0.035644,0.003648,0.036824,-0.013838,-0.012212,0.050598,-0.305631,0.296413,0.461115,-0.508580,0.532722,-0.310362,0.027083,-0.150620
-0.034444,0.005445,0.029139,-0.013110,-0.011152,0.048007,-0.295034,0.295331,0.471760,-0.505032,0.557758,-0.300414,0.063813,-0.189139
-0.033221,0.007201,0.021420,-0.011878,-0.010140,0.044552,-0.279369,0.304954,0.470646,-0.495596,0.591568,-0.272497,0.067033,-0.213624
-0.032225,0.008647,0.014998,-0.010049,-0.009250,0.040136,-0.267294,0.312828,0.454972,-0.480322,0.604167,-0.254317,0.025881,-0.194283
-0.031351,0.010047,0.008923,-0.007728,-0.008641,0.035044,-0.257728,0.304816,0.421470,-0.462565,0.592718,-0.263443,-0.024074,-0.154971
-0.030765,0.011228,0.004177,-0.005143,-0.008508,0.029660,-0.248382,0.267050,0.358852,-0.444773,0.554116,-0.304425,-0.035497,-0.126726
-0.030374,0.012420,0.000006,-0.002657,-0.008683,0.024063,-0.237940,0.210662,0.287706,-0.433776,0.502063,-0.347039,-0.002975,-0.118598
-0.030214,0.013431,-0.002897,-0.000539,-0.008748,0.018143,-0.224334,0.148419,0.220569,-0.429008,0.451097,-0.362527,0.060996,-0.132551
-0.030219,0.014391,-0.004970,0.001026,-0.008391,0.011963,-0.204833,0.088806,0.154231,-0.420177,0.413075,-0.357861,0.120199,-0.157392
-0.030343,0.015119,-0.005911,0.001982,-0.007597,0.005876,-0.177327,0.033515,0.068144,-0.391421,0.386005,-0.353522,0.148651,-0.177169
-0.030548,0.015724,-0.005982,0.002288,-0.006570,0.000414,-0.146275,-0.022322,-0.031482,-0.344696,0.350213,-0.360873,0.160339,-0.181342
-0.030749,0.016129,-0.005339,0.002019,-0.005560,-0.004024,-0.120292,-0.084391,-0.122654,-0.291763,0.285678,-0.380879,0.183350,-0.167841
-0.030934,0.016435,-0.004077,0.001332,-0.004705,-0.007279,-0.100236,-0.148071,-0.189102,-0.241988,0.208534,-0.401939,0.230144,-0.156959
-0.031053,0.016624,-0.002547,0.000483,-0.004021,-0.009562,-0.080620,-0.204818,-0.232725,-0.197037,0.148044,-0.412823,0.299865,-0.172329
-0.031124,0.016751,-0.000619,-0.000317,-0.003467,-0.011125,-0.059654,-0.246662,-0.261479,-0.156649,0.114578,-0.409193,0.367811,-0.203539
-0.031145,0.016813,0.001331,-0.000965,-0.003020,-0.012185,-0.040900,-0.270731,-0.279514,-0.121993,0.101133,-0.391590,0.408362,-0.224487
-0.031132,0.016839,0.003565,-0.001441,-0.002693,-0.012892,-0.027661,-0.283153,-0.292769,-0.093292,0.094702,-0.374981,0.417643,-0.225528
-0.031094,0.016838,0.005694,-0.001781,-0.002467,-0.013300,-0.019899,-0.291167,-0.304176,-0.069357,0.088493,-0.375787,0.408413,-0.214638
-0.031032,0.016822,0.008033,-0.002028,-0.002340,-0.013498,-0.014984,-0.301762,-0.316281,-0.049065,0.076827,-0.390108,0.402281,-0.204571
-0.030959,0.016803,0.010187,-0.002215,-0.002276,-0.013467,-0.011660,-0.314548,-0.324328,-0.035560,0.059680,-0.400978,0.412571,-0.202108
-0.030864,0.016785,0.012478,-0.002367,-0.002261,-0.013213,-0.008712,-0.327183,-0.329512,-0.027435,0.042344,-0.401071,0.433840,-0.206625
-0.030760,0.016779,0.014517,-0.002511,-0.002280,-0.012742,-0.006222,-0.333532,-0.332251,-0.023196,0.036101,-0.394655,0.449863,-0.214529
-0.030627,0.016789,0.016600,-0.002661,-0.002328,-0.012020,-0.005046,-0.334262,-0.333786,-0.020666,0.038364,-0.388862,0.455314,-0.220676
-0.030482,0.016820,0.018368,-0.002834,-0.002400,-0.011055,-0.006465,-0.331100,-0.331288,-0.020440,0.041894,-0.386340,0.451517,-0.220245
-0.030295,0.016883,0.020074,-0.003038,-0.002492,-0.009837,-0.009992,-0.326849,-0.324860,-0.022496,0.042907,-0.385926,0.446366,-0.216539
-0.030090,0.016973,0.021420,-0.003280,-0.002596,-0.008410,-0.014559,-0.321530,-0.313551,-0.027391,0.044624,-0.386555,0.445150,-0.215627
-0.029830,0.017108,0.022600,-0.003552,-0.002705,-0.006811,-0.019621,-0.314228,-0.298274,-0.034605,0.049706,-0.385903,0.446883,-0.218720
-0.029551,0.017267,0.023413,-0.003844,-0.002801,-0.005082,-0.025256,-0.302844,-0.278321,-0.044678,0.060158,-0.381052,0.447091,-0.223276
-0.029203,0.017476,0.023986,-0.004158,-0.002879,-0.003304,-0.031438,-0.287955,-0.255429,-0.056052,0.074670,-0.373771,0.442767,-0.226643
-0.028840,0.017699,0.024232,-0.004486,-0.002927,-0.001537,-0.038366,-0.269628,-0.230692,-0.068136,0.092849,-0.367944,0.431699,-0.227450
-0.028399,0.017969,0.024206,-0.004830,-0.002939,0.000150,-0.045446,-0.250140,-0.205199,-0.079515,0.112006,-0.364584,0.416918,-0.226389
-0.027949,0.018237,0.023933,-0.005169,-0.002907,0.001704,-0.052444,-0.230588,-0.179660,-0.090362,0.130124,-0.362496,0.401723,-0.224298
-0.027418,0.018542,0.023399,-0.005500,-0.002834,0.003083,-0.058748,-0.211832,-0.154216,-0.099989,0.147009,-0.360326,0.387985,-0.222271
-0.026891,0.018830,0.022716,-0.005803,-0.002724,0.004266,-0.064189,-0.193691,-0.130692,-0.108246,0.163668,-0.357956,0.374845,-0.220700
-0.026284,0.019142,0.021807,-0.006083,-0.002587,0.005250,-0.068477,-0.176414,-0.108939,-0.114454,0.180426,-0.355513,0.361293,-0.219133
-0.025696,0.019425,0.020842,-0.006309,-0.002426,0.006032,-0.072040,-0.160517,-0.090034,-0.118898,0.195659,-0.353560,0.347152,-0.216404
-0.025033,0.019723,0.019691,-0.006503,-0.002255,0.006640,-0.074920,-0.146316,-0.072299,-0.121694,0.208867,-0.352350,0.333310,-0.212510
-0.024403,0.019987,0.018554,-0.006663,-0.002085,0.007098,-0.077239,-0.134461,-0.057659,-0.123280,0.219393,-0.352387,0.321267,-0.208436
-0.023703,0.020261,0.017265,-0.006795,-0.001917,0.007436,-0.078722,-0.124425,-0.044138,-0.123748,0.228709,-0.352858,0.311388,-0.205210
-0.023046,0.020499,0.016038,-0.006899,-0.001758,0.007676,-0.079720,-0.116231,-0.032377,-0.123696,0.236325,-0.352953,0.304171,-0.202926
-0.022323,0.020744,0.014681,-0.006973,-0.001605,0.007826,-0.080204,-0.108927,-0.020719,-0.123189,0.243463,-0.352268,0.297950,-0.200950
-0.021649,0.020956,0.013413,-0.007040,-0.001466,0.007926,-0.080301,-0.102587,-0.010826,-0.122218,0.250087,-0.351409,0.292219,-0.199280
-0.020912,0.021171,0.012029,-0.007096,-0.001336,0.007983,-0.079991,-0.096802,-0.001477,-0.120718,0.256675,-0.350912,0.286265,-0.197568
-0.020228,0.021357,0.010749,-0.007134,-0.001216,0.007997,-0.079693,-0.091850,0.007185,-0.119110,0.262092,-0.350733,0.280960,-0.195626
-0.019482,0.021545,0.009364,-0.007173,-0.001103,0.007992,-0.079355,-0.087260,0.016773,-0.117540,0.266907,-0.350452,0.276521,-0.193670
-0.018790,0.021707,0.008090,-0.007206,-0.000999,0.007969,-0.078747,-0.083507,0.024663,-0.115759,0.271199,-0.350298,0.272927,-0.192291
-0.018039,0.021869,0.006717,-0.007229,-0.000896,0.007924,-0.077787,-0.079591,0.032921,-0.113685,0.276397,-0.349859,0.269337,-0.191555
-0.017344,0.022008,0.005459,-0.007240,-0.000799,0.007857,-0.076978,-0.076118,0.040792,-0.111800,0.280738,-0.349221,0.266336,-0.190694
-0.016590,0.022145,0.004109,-0.007255,-0.000701,0.007786,-0.076133,-0.072544,0.049058,-0.109771,0.285023,-0.348474,0.262581,-0.189128
-0.015894,0.022260,0.002877,-0.007264,-0.000606,0.007702,-0.075100,-0.069453,0.055682,-0.107491,0.289152,-0.348049,0.258992,-0.187932
-0.015141,0.022371,0.001560,-0.007257,-0.000505,0.007594,-0.074039,-0.066243,0.063114,-0.105109,0.293428,-0.348011,0.255730,-0.186961
-0.014448,0.022462,0.000364,-0.007248,-0.000403,0.007476,-0.073183,-0.063516,0.069998,-0.102907,0.296588,-0.347902,0.253060,-0.185664
-0.013701,0.022546,-0.000908,-0.007231,-0.000293,0.007341,-0.072047,-0.060738,0.076524,-0.100391,0.300105,-0.347341,0.250117,-0.184435
-0.013015,0.022610,-0.002056,-0.007186,-0.000178,0.007171,-0.070765,-0.058316,0.081719,-0.097655,0.303564,-0.347042,0.247618,-0.183793
-0.012279,0.022665,-0.003268,-0.007150,-0.000054,0.006998,-0.069612,-0.055752,0.087514,-0.094834,0.306809,-0.347044,0.244862,-0.182679
-0.011606,0.022700,-0.004355,-0.007087,0.000077,0.006790,-0.068492,-0.053868,0.091587,-0.091975,0.308975,-0.346978,0.242173,-0.181074
-0.010886,0.022721,-0.005492,-0.007016,0.000220,0.006563,-0.067174,-0.051767,0.095912,-0.088730,0.311540,-0.346858,0.239784,-0.179897
-0.010233,0.022725,-0.006502,-0.006922,0.000370,0.006304,-0.065925,-0.050420,0.098678,-0.085499,0.313114,-0.347386,0.238282,-0.178956
-0.009537,0.022709,-0.007546,-0.006822,0.000533,0.006028,-0.064570,-0.048933,0.101261,-0.081882,0.314793,-0.347701,0.236125,-0.177578
-0.008909,0.022678,-0.008462,-0.006706,0.000704,0.005726,-0.063159,-0.048090,0.102220,-0.078256,0.315693,-0.347711,0.234847,-0.176514
-0.008244,0.022623,-0.009398,-0.006568,0.000885,0.005395,-0.061757,-0.047260,0.103174,-0.074315,0.316307,-0.348233,0.233628,-0.175247
-0.007647,0.022554,-0.010205,-0.006417,0.001072,0.005044,-0.060421,-0.046879,0.102811,-0.070301,0.316287,-0.348978,0.232614,-0.173916
-0.007020,0.022458,-0.011017,-0.006269,0.001269,0.004685,-0.058900,-0.046720,0.101677,-0.065966,0.316122,-0.349568,0.231844,-0.172723
-0.006459,0.022350,-0.011705,-0.006099,0.001468,0.004301,-0.057405,-0.047141,0.099239,-0.061587,0.315139,-0.350345,0.231703,-0.171598
-0.005872,0.022211,-0.012383,-0.005928,0.001672,0.003911,-0.055985,-0.047402,0.097167,-0.056979,0.313973,-0.351157,0.231697,-0.170333
-0.005350,0.022064,-0.012945,-0.005749,0.001875,0.003513,-0.054586,-0.048277,0.093721,-0.052452,0.312132,-0.352012,0.232213,-0.169202
-0.004805,0.021884,-0.013485,-0.005571,0.002079,0.003115,-0.052994,-0.049110,0.089773,-0.047428,0.310525,-0.352882,0.232542,-0.168164
-0.004322,0.021699,-0.013920,-0.005390,0.002277,0.002717,-0.051517,-0.050333,0.085121,-0.042584,0.308313,-0.353818,0.233478,-0.167265
-0.003820,0.021480,-0.014324,-0.005217,0.002473,0.002330,-0.050167,-0.051545,0.080782,-0.037630,0.305699,-0.354799,0.234440,-0.165980
-0.003375,0.021260,-0.014636,-0.005050,0.002662,0.001954,-0.048840,-0.053047,0.075723,-0.032811,0.302873,-0.355704,0.235705,-0.164919
-0.002912,0.021004,-0.014912,-0.004880,0.002838,0.001589,-0.047392,-0.054427,0.070618,-0.027674,0.300352,-0.356694,0.237146,-0.164233
-0.002501,0.020753,-0.015111,-0.004736,0.003015,0.001245,-0.046083,-0.055955,0.065361,-0.022771,0.297532,-0.357684,0.238799,-0.163539
-0.002074,0.020465,-0.015270,-0.004589,0.003173,0.000919,-0.044870,-0.057442,0.060343,-0.017904,0.294596,-0.358418,0.240188,-0.162487
-0.001693,0.020187,-0.015369,-0.004456,0.003323,0.000616,-0.043634,-0.058841,0.055287,-0.012959,0.291787,-0.359119,0.241781,-0.161731
-0.001295,0.019872,-0.015427,-0.004333,0.003461,0.000334,-0.042462,-0.060199,0.050422,-0.008092,0.289092,-0.360153,0.243438,-0.161124
-0.000939,0.019571,-0.015439,-0.004222,0.003588,0.000076,-0.041414,-0.061581,0.045733,-0.003462,0.286365,-0.361000,0.244866,-0.160299
-0.000566,0.019234,-0.015412,-0.004119,0.003702,-0.000157,-0.040357,-0.062743,0.041381,0.001231,0.283774,-0.361514,0.246418,-0.159605
-0.000232,0.018914,-0.015353,-0.004025,0.003804,-0.000368,-0.039392,-0.063911,0.037199,0.005623,0.281255,-0.362258,0.248085,-0.159080
0.000121,0.018560,-0.015256,-0.003941,0.003896,-0.000555,-0.038482,-0.064822,0.033361,0.010112,0.279040,-0.363029,0.249288,-0.158405
0.000439,0.018226,-0.015141,-0.003865,0.003976,-0.000720,-0.037658,-0.065707,0.029782,0.014186,0.276932,-0.363490,0.250565,-0.157851
0.000776,0.017858,-0.014992,-0.003794,0.004044,-0.000862,-0.036868,-0.066422,0.026532,0.018375,0.274853,-0.364051,0.251810,-0.157233
0.001080,0.017514,-0.014835,-0.003728,0.004102,-0.000983,-0.036195,-0.067019,0.023553,0.022175,0.273023,-0.364660,0.252831,-0.156654
0.001404,0.017137,-0.014647,-0.003669,0.004152,-0.001084,-0.035552,-0.067441,0.020898,0.025995,0.271392,-0.365145,0.253785,-0.156118
0.001697,0.016786,-0.014460,-0.003609,0.004190,-0.001166,-0.035028,-0.067817,0.018520,0.029366,0.269836,-0.365558,0.254723,-0.155614
0.002009,0.016403,-0.014247,-0.003554,0.004221,-0.001230,-0.034528,-0.067951,0.016366,0.032844,0.268478,-0.365995,0.255436,-0.155054
0.002293,0.016048,-0.014043,-0.003500,0.004243,-0.001276,-0.034155,-0.068017,0.014509,0.035802,0.267335,-0.366366,0.256090,-0.154608
0.002595,0.015662,-0.013816,-0.003446,0.004258,-0.001306,-0.033835,-0.067910,0.012887,0.038826,0.266260,-0.366736,0.256610,-0.154065
0.002869,0.015305,-0.013605,-0.003391,0.004265,-0.001319,-0.033619,-0.067691,0.011484,0.041389,0.265386,-0.367037,0.257024,-0.153595
0.003162,0.014919,-0.013377,-0.003337,0.004267,-0.001319,-0.033455,-0.067303,0.010296,0.043960,0.264644,-0.367349,0.257372,-0.153126
0.003427,0.014563,-0.013168,-0.003278,0.004261,-0.001304,-0.033427,-0.066834,0.009367,0.046034,0.264053,-0.367606,0.257595,-0.152672
0.003710,0.014178,-0.012947,-0.003220,0.004251,-0.001277,-0.033437,-0.066168,0.008578,0.048142,0.263605,-0.367827,0.257695,-0.152193
0.003967,0.013825,-0.012749,-0.003159,0.004236,-0.001238,-0.033571,-0.065432,0.008010,0.049732,0.263329,-0.368019,0.257744,-0.151802
0.004240,0.013444,-0.012543,-0.003095,0.004217,-0.001187,-0.033758,-0.064508,0.007569,0.051366,0.263150,-0.368231,0.257643,-0.151333
0.004486,0.013094,-0.012363,-0.003027,0.004191,-0.001126,-0.034054,-0.063493,0.007304,0.052523,0.263149,-0.368361,0.257459,-0.150938
0.004748,0.012718,-0.012180,-0.002958,0.004164,-0.001057,-0.034410,-0.062322,0.007178,0.053674,0.263228,-0.368500,0.257205,-0.150502
0.004984,0.012373,-0.012023,-0.002885,0.004132,-0.000979,-0.034898,-0.061095,0.007258,0.054317,0.263445,-0.368600,0.256837,-0.150081
0.005234,0.012002,-0.011868,-0.002812,0.004101,-0.000894,-0.035404,-0.059669,0.007379,0.055042,0.263799,-0.368698,0.256378,-0.149662
0.005458,0.011663,-0.011740,-0.002731,0.004061,-0.000802,-0.036008,-0.058206,0.007637,0.055293,0.264293,-0.368776,0.255888,-0.149335
0.005695,0.011299,-0.011618,-0.002651,0.004022,-0.000705,-0.036661,-0.056562,0.007989,0.055615,0.264850,-0.368844,0.255252,-0.148894
0.005908,0.010967,-0.011521,-0.002569,0.003982,-0.000603,-0.037429,-0.054915,0.008521,0.055421,0.265515,-0.368826,0.254560,-0.148496
0.006131,0.010610,-0.011435,-0.002484,0.003939,-0.000498,-0.038221,-0.053112,0.009102,0.055311,0.266267,-0.368867,0.253797,-0.148065
0.006330,0.010284,-0.011373,-0.002398,0.003895,-0.000390,-0.039055,-0.051250,0.009685,0.054883,0.267172,-0.368922,0.252983,-0.147751
0.006539,0.009934,-0.011324,-0.002312,0.003853,-0.000281,-0.039940,-0.049275,0.010400,0.054429,0.268131,-0.368936,0.252110,-0.147370
0.006725,0.009615,-0.011296,-0.002222,0.003806,-0.000171,-0.040897,-0.047309,0.011200,0.053672,0.269099,-0.368863,0.251160,-0.146944
0.006919,0.009273,-0.011286,-0.002134,0.003764,-0.000063,-0.041846,-0.045170,0.011985,0.053007,0.270209,-0.368845,0.250131,-0.146540
0.007091,0.008960,-0.011293,-0.002045,0.003721,0.000044,-0.042848,-0.043121,0.012825,0.052016,0.271363,-0.368882,0.249108,-0.146201
0.007269,0.008625,-0.011319,-0.001958,0.003681,0.000150,-0.043859,-0.040919,0.013662,0.051155,0.272538,-0.368885,0.247966,-0.145740
0.007427,0.008318,-0.011359,-0.001867,0.003635,0.000252,-0.044870,-0.038759,0.014466,0.050070,0.273738,-0.368828,0.246904,-0.145391
0.007591,0.007990,-0.011420,-0.001781,0.003597,0.000352,-0.045898,-0.036500,0.015322,0.049083,0.274980,-0.368847,0.245779,-0.144976
0.007735,0.007689,-0.011491,-0.001693,0.003554,0.000447,-0.046956,-0.034376,0.016217,0.047851,0.276209,-0.368818,0.244579,-0.144533
0.007884,0.007367,-0.011585,-0.001608,0.003515,0.000538,-0.047982,-0.032074,0.017068,0.046798,0.277519,-0.368786,0.243382,-0.144101
0.008014,0.007073,-0.011685,-0.001525,0.003479,0.000625,-0.048999,-0.029937,0.017895,0.045537,0.278775,-0.368830,0.242310,-0.143769
0.008148,0.006756,-0.011807,-0.001441,0.003440,0.000706,-0.050021,-0.027694,0.018743,0.044418,0.280070,-0.368850,0.241059,-0.143285
0.008265,0.006467,-0.011932,-0.001360,0.003403,0.000782,-0.050999,-0.025518,0.019486,0.043217,0.281358,-0.368774,0.239905,-0.142914
0.008384,0.006157,-0.012080,-0.001281,0.003371,0.000852,-0.051977,-0.023346,0.020279,0.042071,0.282625,-0.368816,0.238760,-0.142491
0.008488,0.005873,-0.012227,-0.001203,0.003336,0.000916,-0.052943,-0.021297,0.020997,0.040883,0.283829,-0.368858,0.237530,-0.142004
0.008594,0.005567,-0.012395,-0.001127,0.003307,0.000973,-0.053863,-0.019115,0.021664,0.039813,0.285107,-0.368864,0.236388,-0.141600
0.008685,0.005288,-0.012559,-0.001053,0.003278,0.001023,-0.054750,-0.017166,0.022262,0.038678,0.286232,-0.368945,0.235395,-0.141239
0.008777,0.004987,-0.012743,-0.000979,0.003249,0.001066,-0.055628,-0.015094,0.022809,0.037697,0.287419,-0.368990,0.234185,-0.140732
0.008856,0.004711,-0.012920,-0.000907,0.003221,0.001102,-0.056439,-0.013200,0.023225,0.036679,0.288528,-0.368977,0.233154,-0.140356
0.008936,0.004415,-0.013116,-0.000838,0.003197,0.001133,-0.057252,-0.011315,0.023642,0.035759,0.289565,-0.369109,0.232111,-0.139880
0.009003,0.004143,-0.013301,-0.000771,0.003174,0.001157,-0.058025,-0.009578,0.023957,0.034839,0.290517,-0.369217,0.231080,-0.139404
0.009070,0.003851,-0.013505,-0.000703,0.003147,0.001174,-0.058761,-0.007763,0.024235,0.034006,0.291501,-0.369295,0.230190,-0.139016
0.009126,0.003583,-0.013695,-0.000639,0.003126,0.001187,-0.059454,-0.006146,0.024398,0.033184,0.292344,-0.369424,0.229402,-0.138654
0.009180,0.003295,-0.013902,-0.000575,0.003102,0.001193,-0.060121,-0.004513,0.024530,0.032460,0.293243,-0.369502,0.228435,-0.138185
0.009225,0.003030,-0.014093,-0.000513,0.003083,0.001195,-0.060744,-0.003006,0.024544,0.031748,0.294037,-0.369556,0.227631,-0.137803
0.009268,0.002746,-0.014299,-0.000452,0.003057,0.001189,-0.061368,-0.001505,0.024571,0.031081,0.294753,-0.369757,0.226886,-0.137374
-0.110719,-0.176244,-0.369282,0.000000,0.000000,-0.000001,0.000000,0.000000,0.000000,0.000000,0.000000,0.000000,0.000000,0.000000
-0.110717,-0.176250,-0.369265,0.000107,0.000008,-0.000127,-0.817015,1.000000,1.000000,-1.000000,0.721081,-0.429345,1.000000,-0.184969
-0.110683,-0.176350,-0.369006,0.001197,0.000108,-0.001493,-0.817009,1.000000,1.000000,-1.000000,0.721076,-0.429351,1.000000,-0.184967
-0.110511,-0.176727,-0.368031,0.004395,0.000459,-0.006095,-0.350443,1.000000,0.577890,-0.838063,1.000000,0.255300,-0.352421,-0.358577
-0.110121,-0.177661,-0.365670,0.010157,0.001309,-0.013622,-0.346151,1.000000,0.547491,-0.833290,1.000000,0.250275,-0.357691,-0.355099
-0.109504,-0.179196,-0.361825,0.018293,0.002590,-0.024032,-0.556479,1.000000,0.538981,-0.955588,0.721683,-0.361613,-0.253633,0.314355
-0.108182,-0.181709,-0.355057,0.027606,0.002478,-0.039041,-0.533731,1.000000,0.334390,-0.926046,0.674416,-0.400037,-0.280578,0.341581
-0.105842,-0.184886,-0.345661,0.036546,0.000746,-0.058715,-0.402319,0.801547,0.002162,-0.830557,0.853724,-0.358050,0.028914,-0.122623
-0.101400,-0.189337,-0.331354,0.043659,-0.001286,-0.082558,-0.364221,0.700663,-0.337206,-0.764275,0.737342,-0.429309,-0.001028,-0.054102
-0.095074,-0.194153,-0.314138,0.048295,-0.004637,-0.107577,-0.311142,0.748438,-0.702879,-0.690201,0.624085,-0.362004,-0.218423,0.167957
-0.085558,-0.199628,-0.291276,0.051252,-0.009309,-0.131967,-0.219448,0.527520,-1.000000,-0.496169,0.430159,-0.495721,-0.180829,0.194528
-0.074402,-0.204368,-0.266744,0.053176,-0.014927,-0.153261,-0.123760,0.242359,-1.000000,-0.206532,0.216011,-0.712089,-0.241536,0.254451
-0.060246,-0.208606,-0.237407,0.054599,-0.019156,-0.169269,0.006427,-0.054095,-1.000000,0.058566,-0.000609,-0.759510,-0.074272,0.183596
-0.045955,-0.211418,-0.208895,0.054910,-0.020728,-0.178257,0.189668,-0.399657,-1.000000,0.361196,-0.271364,-0.785944,0.255336,0.065480
-0.029993,-0.213237,-0.177761,0.053838,-0.018205,-0.179456,0.357463,-0.689133,-1.000000,0.671399,-0.485463,-0.806262,0.414885,0.030006
-0.015425,-0.213824,-0.149746,0.051112,-0.014572,-0.175153,0.447438,-0.831726,-1.000000,0.808150,-0.611276,-0.773861,0.544282,0.020505
-0.000213,-0.213309,-0.120827,0.046734,-0.011354,-0.166907,0.469145,-0.835370,-1.000000,0.855619,-0.686803,-0.750264,0.655896,0.017328
0.013005,-0.211792,-0.095886,0.041405,-0.010465,-0.155844,0.482651,-0.781460,-1.000000,0.923367,-0.664861,-0.740648,0.657475,0.001745
0.025945,-0.209105,-0.071294,0.037019,-0.011560,-0.141932,0.502135,-0.719883,-1.000000,1.000000,-0.601052,-0.719650,0.594195,-0.010261
0.036034,-0.205835,-0.051345,0.035201,-0.014695,-0.124691,0.492672,-0.679603,-1.000000,1.000000,-0.581581,-0.695308,0.549269,0.010468
0.044327,-0.201739,-0.033153,0.037424,-0.018697,-0.104952,0.451848,-0.647710,-1.000000,1.000000,-0.591415,-0.677489,0.524734,0.044453
0.049115,-0.197746,-0.019743,0.043658,-0.023179,-0.083770,0.381498,-0.599037,-1.000000,1.000000,-0.574027,-0.654385,0.536327,0.040697
0.050853,-0.193431,-0.009068,0.053479,-0.028101,-0.061610,0.272415,-0.540476,-1.000000,0.855442,-0.548077,-0.619314,0.584501,0.026401
0.049166,-0.189547,-0.002849,0.064955,-0.033971,-0.038869,0.119515,-0.456730,-1.000000,0.565401,-0.507092,-0.566476,0.641464,0.023012
0.043923,-0.185365,0.000002,0.076276,-0.041058,-0.016455,-0.057770,-0.339762,-1.000000,0.194876,-0.418413,-0.511543,0.685770,-0.011881
0.036309,-0.181296,-0.000768,0.085271,-0.049672,0.004807,-0.257547,-0.189963,-0.727450,-0.253215,-0.268048,-0.464535,0.706415,-0.084737
0.025822,-0.176355,-0.004717,0.090465,-0.059065,0.022776,-0.473325,-0.010862,-0.412655,-0.758184,-0.083191,-0.404826,0.690379,-0.155366
0.014857,-0.171087,-0.010508,0.092357,-0.068011,0.036219,-0.628844,0.224088,-0.170076,-1.000000,0.194881,-0.317690,0.606176,-0.250021
0.002207,-0.164477,-0.018543,0.091530,-0.076184,0.046371,-0.701904,0.444039,-0.017387,-1.000000,0.478557,-0.226465,0.428178,-0.329170
-0.009737,-0.157554,-0.027212,0.088768,-0.082323,0.054122,-0.739439,0.531860,0.142424,-1.000000,0.611156,-0.144389,0.187836,-0.233975
-0.022425,-0.149348,-0.037338,0.084418,-0.085899,0.058421,-0.784680,0.508581,0.360466,-1.000000,0.591797,-0.124848,0.041110,-0.052823
-0.033402,-0.141383,-0.046640,0.078870,-0.086284,0.058158,-0.823042,0.443103,0.575112,-1.000000,0.559222,-0.207601,0.075147,-0.017556
-0.044013,-0.132630,-0.055883,0.071614,-0.084846,0.053305,-0.823502,0.366777,0.723873,-1.000000,0.602040,-0.298440,0.223378,-0.142134
-0.052274,-0.124699,-0.062980,0.063280,-0.082343,0.044359,-0.778796,0.349748,0.749745,-1.000000,0.687692,-0.277004,0.332060,-0.274939
-0.059288,-0.116618,-0.068332,0.054120,-0.078951,0.030878,-0.701716,0.371617,0.702525,-1.000000,0.765184,-0.178125,0.326425,-0.330188
-0.063885,-0.109969,-0.070421,0.045661,-0.074535,0.013057,-0.611148,0.359573,0.599931,-1.000000,0.784958,-0.131764,0.189881,-0.284538
-0.066892,-0.103907,-0.069040,0.038266,-0.069611,-0.007960,-0.506366,0.274356,0.419179,-1.000000,0.735494,-0.184039,0.012581,-0.191238
-0.067975,-0.099425,-0.064281,0.031489,-0.065147,-0.029753,-0.387236,0.110243,0.127923,-1.000000,0.601627,-0.322690,-0.047553,-0.127554
-0.067535,-0.095643,-0.055674,0.024968,-0.061337,-0.049641,-0.248942,-0.111435,-0.244898,-0.900708,0.399631,-0.489752,0.026179,-0.113592
-0.065843,-0.092982,-0.045063,0.018249,-0.057846,-0.066324,-0.093335,-0.349064,-0.602836,-0.563320,0.189202,-0.580113,0.163480,-0.155801
-0.062818,-0.090928,-0.031162,0.012072,-0.053231,-0.080264,0.045488,-0.605183,-0.859981,-0.255095,-0.044555,-0.571613,0.338055,-0.214732
-0.059191,-0.089685,-0.016562,0.007230,-0.047933,-0.091218,0.144030,-0.831660,-0.974645,0.000833,-0.296660,-0.539327,0.535376,-0.210969
-0.054751,-0.088732,0.000382,0.004574,-0.043665,-0.097721,0.237242,-0.936873,-1.000000,0.239960,-0.447835,-0.547904,0.690791,-0.216719
-0.050598,-0.087854,0.016106,0.003508,-0.041341,-0.098245,0.333262,-0.972517,-1.000000,0.449358,-0.472034,-0.581463,0.771779,-0.253591
-0.046476,-0.086561,0.032111,0.003939,-0.040958,-0.092397,0.396444,-0.984792,-1.000000,0.598716,-0.476846,-0.571335,0.736425,-0.225396
-0.043328,-0.084871,0.045075,0.004938,-0.041778,-0.080988,0.399745,-0.968337,-1.000000,0.630781,-0.499870,-0.531356,0.675139,-0.157692
-0.040875,-0.082422,0.056414,0.006554,-0.043267,-0.065409,0.355546,-0.958540,-1.000000,0.576606,-0.544033,-0.535802,0.664465,-0.109786
-0.039668,-0.079582,0.063922,0.008913,-0.045020,-0.046931,0.284864,-0.934540,-1.000000,0.469212,-0.552932,-0.554002,0.686294,-0.106777
-0.039636,-0.075901,0.068580,0.012488,-0.046724,-0.026866,0.195182,-0.872154,-0.942295,0.298452,-0.511952,-0.521056,0.749643,-0.156013
-0.040771,-0.071987,0.069620,0.016483,-0.048165,-0.006508,0.076449,-0.767508,-0.675743,0.057803,-0.435953,-0.451195,0.823058,-0.217542
-0.043089,-0.067269,0.067401,0.019953,-0.048679,0.012798,-0.065108,-0.623975,-0.383548,-0.236330,-0.305502,-0.375491,0.844624,-0.269691
-0.045959,-0.062601,0.062662,0.022298,-0.047857,0.029623,-0.189797,-0.443368,-0.137165,-0.542793,-0.083715,-0.308347,0.807537,-0.351284
-0.049485,-0.057312,0.055153,0.022663,-0.046006,0.043315,-0.301475,-0.219900,0.055858,-0.823918,0.165124,-0.268643,0.719045,-0.426415
-0.052781,-0.052260,0.046569,0.021058,-0.044017,0.053656,-0.396729,0.034396,0.204347,-1.000000,0.378873,-0.220374,0.536914,-0.427307
-0.056081,-0.046739,0.036368,0.018177,-0.041829,0.058899,-0.453612,0.269374,0.312000,-1.000000,0.547005,-0.140363,0.286915,-0.370646
-0.058698,-0.041818,0.027029,0.015102,-0.038727,0.058326,-0.486237,0.417976,0.403184,-1.000000,0.643926,-0.110563,0.067323,-0.283918
-0.060940,-0.036944,0.017817,0.011610,-0.034698,0.053142,-0.509559,0.444012,0.472583,-1.000000,0.637284,-0.172912,-0.066753,-0.160869
-0.062363,-0.033055,0.010636,0.007211,-0.029822,0.044881,-0.493792,0.405586,0.427051,-1.000000,0.596930,-0.253686,-0.107988,-0.100219
-0.063103,-0.029622,0.004616,0.001378,-0.024705,0.034730,-0.442509,0.333610,0.318969,-0.978749,0.577388,-0.318785,-0.022010,-0.157612
-0.063000,-0.027235,0.000877,-0.005313,-0.019560,0.023373,-0.376304,0.277267,0.187757,-0.844352,0.548003,-0.350360,0.053877,-0.210133
-0.062074,-0.025557,-0.001045,-0.011978,-0.014266,0.011092,-0.291123,0.255741,0.062126,-0.658124,0.532058,-0.319545,0.051998,-0.222327
-0.060531,-0.024803,-0.000877,-0.018190,-0.009347,-0.001047,-0.200228,0.194993,-0.064554,-0.431151,0.478872,-0.316324,0.043883,-0.189607
-0.058204,-0.024668,0.001117,-0.023870,-0.005659,-0.011519,-0.107861,0.093709,-0.226584,-0.166204,0.375838,-0.383178,0.000030,-0.102726
-0.055577,-0.024917,0.004144,-0.028424,-0.003604,-0.018902,-0.016533,-0.036612,-0.370002,0.092723,0.256090,-0.463265,0.031951,-0.057807
-0.052411,-0.025336,0.008114,-0.031333,-0.002997,-0.022902,0.053636,-0.187849,-0.411883,0.299015,0.094974,-0.523355,0.198746,-0.065898
-0.049360,-0.025720,0.012028,-0.032558,-0.003075,-0.024461,0.105719,-0.299057,-0.378313,0.438991,-0.034950,-0.516490,0.367698,-0.090589
-0.046034,-0.026063,0.016304,-0.032713,-0.003487,-0.024678,0.153314,-0.355852,-0.334323,0.513040,-0.059987,-0.452080,0.491709,-0.146000
-0.042983,-0.026290,0.020200,-0.032449,-0.003985,-0.024322,0.179645,-0.370255,-0.294676,0.536445,-0.029295,-0.406545,0.532657,-0.176853
-0.039710,-0.026429,0.024329,-0.032213,-0.004572,-0.023844,0.183327,-0.354242,-0.261895,0.541751,0.011839,-0.397193,0.481903,-0.160105
-0.036729,-0.026456,0.028021,-0.031822,-0.005151,-0.023086,0.184730,-0.342050,-0.254447,0.548659,0.034415,-0.408427,0.424494,-0.140728
-0.033576,-0.026359,0.031808,-0.031147,-0.005844,-0.021835,0.193830,-0.355155,-0.269868,0.573799,0.022098,-0.435253,0.404534,-0.130432
-0.030788,-0.026133,0.034983,-0.030047,-0.006664,-0.019847,0.195339,-0.371594,-0.268363,0.584252,-0.006638,-0.448053,0.414120,-0.123197
-0.027978,-0.025714,0.037898,-0.028229,-0.007685,-0.016819,0.185621,-0.381977,-0.230101,0.566113,-0.035831,-0.434085,0.450014,-0.124444
-0.025653,-0.025146,0.039932,-0.025712,-0.008885,-0.012715,0.171602,-0.378931,-0.186884,0.531610,-0.037157,-0.416586,0.477702,-0.137134
-0.023494,-0.024310,0.041233,-0.022592,-0.010332,-0.007503,0.153877,-0.357751,-0.148890,0.482315,-0.001086,-0.402975,0.479708,-0.158575
-0.021867,-0.023321,0.041460,-0.019175,-0.011989,-0.001419,0.122224,-0.323935,-0.096268,0.403815,0.039662,-0.387992,0.470136,-0.171582
-0.020498,-0.022018,0.040589,-0.015743,-0.013657,0.005023,0.075481,-0.282016,-0.022246,0.296870,0.073102,-0.372040,0.453591,-0.170467
-0.019558,-0.020635,0.038813,-0.012652,-0.015099,0.011098,0.024377,-0.229702,0.053721,0.174134,0.122143,-0.358502,0.433801,-0.179079
-0.018810,-0.018986,0.035994,-0.010222,-0.016201,0.016266,-0.022936,-0.168195,0.119563,0.049601,0.192618,-0.348670,0.412849,-0.206072
-0.018281,-0.017370,0.032759,-0.008575,-0.016956,0.020214,-0.066037,-0.100499,0.173222,-0.065609,0.267879,-0.335167,0.376658,-0.228398
-0.017795,-0.015565,0.028808,-0.007695,-0.017321,0.022796,-0.102335,-0.033813,0.218311,-0.159474,0.335313,-0.313199,0.320255,-0.232646
-0.017369,-0.013893,0.024945,-0.007301,-0.017314,0.024140,-0.128584,0.022610,0.247737,-0.221953,0.387989,-0.299531,0.254560,-0.223715
-0.016897,-0.012110,0.020684,-0.007217,-0.017031,0.024579,-0.145080,0.063386,0.267040,-0.255434,0.423557,-0.304804,0.193569,-0.207911
-0.016439,-0.010509,0.016775,-0.007210,-0.016583,0.024439,-0.155024,0.085564,0.278591,-0.270302,0.436439,-0.317786,0.155219,-0.190318
-0.015921,-0.008836,0.012628,-0.007178,-0.016014,0.023917,-0.160049,0.093358,0.291436,-0.277726,0.435489,-0.325567,0.145599,-0.179241
-0.015434,-0.007357,0.008923,-0.007008,-0.015404,0.023168,-0.160613,0.094022,0.300285,-0.280244,0.434577,-0.327887,0.152300,-0.179584
-0.014915,-0.005831,0.005082,-0.006670,-0.014713,0.022162,-0.157120,0.095514,0.305757,-0.279587,0.444023,-0.325200,0.156279,-0.187361
-0.014461,-0.004502,0.001738,-0.006128,-0.013951,0.020894,-0.152874,0.097754,0.305946,-0.277536,0.454015,-0.319637,0.153008,-0.191437
-0.014015,-0.003155,-0.001620,-0.005406,-0.013126,0.019369,-0.149836,0.098900,0.302415,-0.275622,0.456690,-0.316702,0.142312,-0.184846
-0.013666,-0.002000,-0.004437,-0.004490,-0.012270,0.017603,-0.147075,0.095845,0.288117,-0.271782,0.452034,-0.321173,0.131505,-0.174702
-0.013370,-0.000846,-0.007147,-0.003432,-0.011399,0.015636,-0.143844,0.087752,0.266753,-0.267730,0.443452,-0.331401,0.129225,-0.169179
-0.013183,0.000129,-0.009310,-0.002288,-0.010532,0.013523,-0.140480,0.074646,0.238503,-0.263672,0.428450,-0.341057,0.137457,-0.166944
-0.013077,0.001089,-0.011268,-0.001149,-0.009649,0.011297,-0.136361,0.059757,0.207029,-0.260046,0.411762,-0.344711,0.149945,-0.166633
-0.013066,0.001884,-0.012715,-0.000082,-0.008766,0.009042,-0.131246,0.043703,0.170067,-0.254554,0.395597,-0.346241,0.162924,-0.168497
-0.013135,0.002653,-0.013903,0.000847,-0.007916,0.006856,-0.125676,0.027216,0.130119,-0.246810,0.379712,-0.350272,0.172100,-0.169179
-0.013263,0.003283,-0.014674,0.001600,-0.007110,0.004813,-0.120426,0.009698,0.089064,-0.237001,0.360255,-0.355780,0.181034,-0.167214
-0.013454,0.003887,-0.015195,0.002156,-0.006400,0.003006,-0.115816,-0.009215,0.051684,-0.227263,0.336996,-0.361392,0.194540,-0.164851
-0.013663,0.004382,-0.015427,0.002518,-0.005779,0.001453,-0.111207,-0.028399,0.017618,-0.216571,0.313681,-0.366925,0.212163,-0.165057
-0.013908,0.004861,-0.015457,0.002701,-0.005257,0.000169,-0.106073,-0.045896,-0.011451,-0.205922,0.295174,-0.370132,0.230878,-0.169352
-0.014140,0.005260,-0.015317,0.002740,-0.004819,-0.000869,-0.100936,-0.060973,-0.034997,-0.195231,0.280127,-0.370261,0.248638,-0.174558
-0.014389,0.005653,-0.015025,0.002676,-0.004463,-0.001685,-0.096306,-0.073319,-0.053155,-0.185055,0.267582,-0.368804,0.261771,-0.177321
-0.014610,0.005988,-0.014654,0.002550,-0.004184,-0.002320,-0.092068,-0.083179,-0.067277,-0.174853,0.257964,-0.368018,0.270617,-0.178559
-0.014836,0.006326,-0.014168,0.002385,-0.003966,-0.002807,-0.088297,-0.091930,-0.078326,-0.165418,0.249943,-0.369285,0.277642,-0.179506
-0.015031,0.006621,-0.013659,0.002197,-0.003790,-0.003176,-0.085066,-0.099810,-0.086312,-0.157037,0.242434,-0.370967,0.284070,-0.179904
-0.015226,0.006926,-0.013059,0.002008,-0.003657,-0.003462,-0.082070,-0.107091,-0.092301,-0.149981,0.235520,-0.371307,0.290971,-0.180813
-0.015391,0.007196,-0.012470,0.001821,-0.003549,-0.003681,-0.079164,-0.113165,-0.096870,-0.143708,0.230400,-0.371121,0.297484,-0.182633
-0.015556,0.007478,-0.011803,0.001643,-0.003463,-0.003853,-0.076396,-0.118495,-0.101134,-0.138003,0.226745,-0.371053,0.302073,-0.184365
-0.015694,0.007732,-0.011166,0.001471,-0.003389,-0.003982,-0.073966,-0.122816,-0.104601,-0.132787,0.223831,-0.370669,0.304791,-0.185127
-0.015831,0.008000,-0.010458,0.001310,-0.003327,-0.004079,-0.071944,-0.127172,-0.107649,-0.128237,0.220141,-0.370645,0.307345,-0.185196
-0.015945,0.008242,-0.009793,0.001160,-0.003279,-0.004155,-0.070259,-0.131081,-0.110046,-0.124113,0.216596,-0.371404,0.309639,-0.185099
-0.016056,0.008500,-0.009064,0.001018,-0.003237,-0.004209,-0.068573,-0.135047,-0.112628,-0.120337,0.213389,-0.372128,0.312516,-0.185858
-0.016149,0.008734,-0.008387,0.000882,-0.003194,-0.004234,-0.066912,-0.138752,-0.114910,-0.116886,0.210570,-0.372289,0.315576,-0.186934
-0.016238,0.008985,-0.007650,0.000755,-0.003163,-0.004253,-0.065418,-0.142290,-0.117095,-0.113758,0.207736,-0.371973,0.318255,-0.187715
-0.016310,0.009213,-0.006970,0.000632,-0.003129,-0.004248,-0.064211,-0.145057,-0.118561,-0.111050,0.205469,-0.371663,0.320318,-0.188275
-0.016378,0.009457,-0.006236,0.000515,-0.003100,-0.004231,-0.063008,-0.148069,-0.120412,-0.108297,0.203155,-0.371877,0.322108,-0.188803
-0.016431,0.009681,-0.005564,0.000401,-0.003073,-0.004201,-0.061920,-0.150540,-0.122048,-0.105685,0.201327,-0.372125,0.323396,-0.189233
-0.016480,0.009921,-0.004844,0.000289,-0.003046,-0.004153,-0.060958,-0.153231,-0.123413,-0.103406,0.198996,-0.372164,0.325405,-0.189781
-0.016523,0.010195,-0.004027,0.000167,-0.003016,-0.004084,-0.060169,-0.155585,-0.124259,-0.101343,0.196829,-0.372184,0.327134,-0.190092
-0.016547,0.010413,-0.003387,0.000050,-0.002990,-0.004005,-0.059328,-0.157766,-0.125291,-0.099323,0.195178,-0.372065,0.328742,-0.190798
-0.016564,0.010647,-0.002708,-0.000057,-0.002961,-0.003912,-0.058311,-0.160079,-0.126865,-0.096895,0.193702,-0.372091,0.329903,-0.191577
-0.016571,0.010862,-0.002098,-0.000163,-0.002936,-0.003814,-0.057753,-0.161538,-0.126734,-0.095242,0.192436,-0.371873,0.331206,-0.192024
-0.016568,0.011093,-0.001456,-0.000268,-0.002908,-0.003703,-0.057537,-0.163080,-0.126059,-0.094106,0.190479,-0.371661,0.332984,-0.192136
-0.016557,0.011305,-0.000884,-0.000374,-0.002878,-0.003580,-0.056934,-0.164236,-0.126233,-0.092487,0.189899,-0.371502,0.333503,-0.192594
-0.016535,0.011533,-0.000286,-0.000478,-0.002848,-0.003449,-0.056126,-0.165269,-0.126847,-0.090707,0.190038,-0.371288,0.334078,-0.193805
-0.016505,0.011742,0.000243,-0.000583,-0.002815,-0.003306,-0.055928,-0.165997,-0.125972,-0.089610,0.189183,-0.371158,0.334701,-0.193881
-0.016462,0.011967,0.000791,-0.000688,-0.002783,-0.003160,-0.055910,-0.166714,-0.124707,-0.088616,0.187916,-0.370758,0.334900,-0.193240
-0.016414,0.012173,0.001271,-0.000793,-0.002746,-0.003002,-0.055567,-0.167018,-0.123944,-0.087433,0.188033,-0.370518,0.335240,-0.193855
-0.016351,0.012394,0.001764,-0.000898,-0.002709,-0.002841,-0.055105,-0.167480,-0.123343,-0.086070,0.188334,-0.370808,0.335785,-0.194880
-0.016283,0.012596,0.002192,-0.001002,-0.002671,-0.002674,-0.055050,-0.167392,-0.121767,-0.085172,0.188328,-0.370385,0.335576,-0.194766
-0.016200,0.012814,0.002625,-0.001107,-0.002632,-0.002505,-0.055023,-0.167360,-0.119859,-0.084408,0.188083,-0.369414,0.335624,-0.194566
-0.016113,0.013012,0.002998,-0.001211,-0.002588,-0.002328,-0.054884,-0.167048,-0.118247,-0.083415,0.188640,-0.369378,0.335338,-0.194831
-0.016008,0.013225,0.003371,-0.001316,-0.002546,-0.002153,-0.054651,-0.166680,-0.116708,-0.082239,0.189587,-0.369620,0.334720,-0.195232
-0.015902,0.013419,0.003687,-0.001417,-0.002498,-0.001974,-0.054672,-0.166033,-0.114451,-0.081516,0.190124,-0.369104,0.334355,-0.195203
-0.015777,0.013626,0.003999,-0.001520,-0.002453,-0.001797,-0.054701,-0.165548,-0.111938,-0.080776,0.190307,-0.368448,0.334103,-0.194939
-0.015652,0.013816,0.004258,-0.001621,-0.002404,-0.001619,-0.054653,-0.164607,-0.109718,-0.079904,0.191466,-0.368245,0.333228,-0.195025
-0.015506,0.014017,0.004508,-0.001722,-0.002355,-0.001444,-0.054483,-0.163745,-0.107433,-0.078894,0.192838,-0.368163,0.332468,-0.195396
-0.015363,0.014201,0.004711,-0.001816,-0.002299,-0.001267,-0.054532,-0.162719,-0.104713,-0.078116,0.193748,-0.367786,0.331590,-0.195130
-0.015197,0.014397,0.004901,-0.001917,-0.002253,-0.001099,-0.054563,-0.161705,-0.101776,-0.077335,0.194579,-0.367187,0.330685,-0.194732
-0.015035,0.014574,0.005050,-0.002011,-0.002198,-0.000930,-0.054567,-0.160439,-0.099070,-0.076561,0.195953,-0.366974,0.329743,-0.194749
-0.014849,0.014763,0.005183,-0.002102,-0.002142,-0.000765,-0.054402,-0.159353,-0.096233,-0.075479,0.197457,-0.366925,0.328684,-0.194834
-0.014670,0.014934,0.005280,-0.002193,-0.002087,-0.000606,-0.054409,-0.157996,-0.093280,-0.074650,0.198809,-0.366466,0.327481,-0.194558
-0.014466,0.015115,0.005358,-0.002284,-0.002034,-0.000451,-0.054411,-0.156705,-0.090028,-0.073888,0.199965,-0.365917,0.326534,-0.194234
-0.014269,0.015279,0.005406,-0.002369,-0.001976,-0.000300,-0.054383,-0.155301,-0.086960,-0.072976,0.201454,-0.365754,0.325280,-0.193990
-0.014047,0.015453,0.005432,-0.002455,-0.001921,-0.000154,-0.054200,-0.153914,-0.083863,-0.071858,0.203249,-0.365552,0.323904,-0.193941
-0.013834,0.015609,0.005435,-0.002535,-0.001863,-0.000014,-0.054154,-0.152451,-0.080710,-0.070991,0.204734,-0.365183,0.322737,-0.193689
-0.013595,0.015775,0.005414,-0.002619,-0.001810,0.000122,-0.054094,-0.151059,-0.077192,-0.070043,0.206053,-0.364782,0.321509,-0.193194
-0.013366,0.015924,0.005373,-0.002694,-0.001752,0.000251,-0.054007,-0.149519,-0.074011,-0.069076,0.207720,-0.364495,0.320119,-0.192910
-0.013111,0.016081,0.005308,-0.002771,-0.001696,0.000376,-0.053765,-0.148073,-0.070637,-0.067902,0.209564,-0.364290,0.318837,-0.192846
-0.012868,0.016222,0.005229,-0.002846,-0.001641,0.000495,-0.053672,-0.146547,-0.067361,-0.066914,0.211130,-0.364019,0.317481,-0.192455
-0.012597,0.016370,0.005123,-0.002917,-0.001586,0.000609,-0.053511,-0.145049,-0.063752,-0.065847,0.212688,-0.363557,0.316100,-0.191971
-0.012340,0.016504,0.005009,-0.002986,-0.001531,0.000718,-0.053337,-0.143537,-0.060382,-0.064747,0.214375,-0.363284,0.314782,-0.191682
-0.012055,0.016644,0.004866,-0.003057,-0.001478,0.000822,-0.053085,-0.142016,-0.056936,-0.063532,0.216210,-0.363143,0.313344,-0.191428
-0.011785,0.016769,0.004719,-0.003124,-0.001426,0.000920,-0.052885,-0.140491,-0.053532,-0.062410,0.217891,-0.362831,0.311956,-0.191041
-0.011485,0.016900,0.004543,-0.003187,-0.001373,0.001014,-0.052638,-0.139007,-0.049804,-0.061199,0.219516,-0.362412,0.310628,-0.190603
-0.011203,0.017018,0.004366,-0.003251,-0.001323,0.001104,-0.052397,-0.137499,-0.046341,-0.060000,0.221229,-0.362171,0.309232,-0.190229
-0.010890,0.017141,0.004160,-0.003312,-0.001273,0.001189,-0.052072,-0.135975,-0.042762,-0.058696,0.223114,-0.361963,0.307775,-0.189926
-0.010596,0.017251,0.003957,-0.003369,-0.001223,0.001268,-0.051791,-0.134488,-0.039237,-0.057459,0.224817,-0.361672,0.306421,-0.189543
-0.010272,0.017365,0.003724,-0.003427,-0.001174,0.001344,-0.051482,-0.132994,-0.035479,-0.056159,0.226508,-0.361319,0.305017,-0.189070
-0.009967,0.017467,0.003498,-0.003481,-0.001126,0.001415,-0.051171,-0.131511,-0.032038,-0.054891,0.228243,-0.361066,0.303607,-0.188674
-0.009631,0.017573,0.003241,-0.003534,-0.001079,0.001483,-0.050783,-0.130014,-0.028347,-0.053481,0.230112,-0.360845,0.302182,-0.188338
-0.009316,0.017667,0.002994,-0.003586,-0.001032,0.001545,-0.050460,-0.128562,-0.024845,-0.052177,0.231784,-0.360593,0.300814,-0.187908
-0.008970,0.017765,0.002716,-0.003633,-0.000985,0.001603,-0.050077,-0.127087,-0.021096,-0.050773,0.233523,-0.360259,0.299392,-0.187434
-0.008646,0.017852,0.002451,-0.003682,-0.000940,0.001658,-0.049700,-0.125653,-0.017618,-0.049392,0.235241,-0.360013,0.298047,-0.187051
-0.008291,0.017941,0.002155,-0.003725,-0.000893,0.001706,-0.049271,-0.124199,-0.014001,-0.047915,0.237052,-0.359813,0.296606,-0.186647
-0.007959,0.018019,0.001875,-0.003763,-0.000847,0.001750,-0.048876,-0.122787,-0.010524,-0.046491,0.238729,-0.359555,0.295236,-0.186202
-0.007595,0.018100,0.001564,-0.003812,-0.000803,0.001794,-0.048445,-0.121372,-0.006885,-0.045000,0.240411,-0.359271,0.293871,-0.185729
-0.007255,0.018171,0.001272,-0.003839,-0.000756,0.001825,-0.048025,-0.120024,-0.003642,-0.043552,0.242033,-0.359090,0.292503,-0.185275
-0.006884,0.018243,0.000949,-0.003884,-0.000712,0.001861,-0.047525,-0.118588,0.000123,-0.041894,0.243837,-0.358849,0.291153,-0.184895
-0.006538,0.018305,0.000648,-0.003912,-0.000666,0.001885,-0.047121,-0.117322,0.003185,-0.040478,0.245299,-0.358675,0.289886,-0.184414
-0.006160,0.018369,0.000317,-0.003947,-0.000620,0.001909,-0.046576,-0.115931,0.006793,-0.038745,0.247044,-0.358398,0.288440,-0.183915
-0.005808,0.018423,0.000009,-0.003969,-0.000572,0.001922,-0.046130,-0.114679,0.009877,-0.037209,0.248519,-0.358220,0.287285,-0.183526
-0.005425,0.018476,-0.000326,-0.003999,-0.000524,0.001935,-0.045589,-0.113373,0.013261,-0.035453,0.250118,-0.358092,0.285889,-0.182995
-0.005069,0.018522,-0.000637,-0.004016,-0.000475,0.001938,-0.045096,-0.112184,0.016071,-0.033827,0.251544,-0.357901,0.284638,-0.182520
-0.004682,0.018566,-0.000973,-0.004044,-0.000425,0.001942,-0.044523,-0.110960,0.019269,-0.032002,0.253024,-0.357728,0.283419,-0.182049
-0.004323,0.018601,-0.001282,-0.004055,-0.000373,0.001933,-0.044035,-0.109860,0.021975,-0.030309,0.254261,-0.357660,0.282276,-0.181532
-0.003934,0.018635,-0.001615,-0.004071,-0.000320,0.001923,-0.043427,-0.108666,0.025023,-0.028354,0.255706,-0.357493,0.281053,-0.181048
-0.003573,0.018661,-0.001920,-0.004076,-0.000265,0.001903,-0.042877,-0.107663,0.027413,-0.026561,0.256872,-0.357395,0.280040,-0.180611
-0.003182,0.018684,-0.002246,-0.004083,-0.000208,0.001880,-0.042254,-0.106598,0.030023,-0.024545,0.258129,-0.357320,0.278808,-0.180034
-0.002821,0.018699,-0.002542,-0.004092,-0.000150,0.001853,-0.041705,-0.105666,0.032192,-0.022674,0.259136,-0.357251,0.277803,-0.179511
-0.002431,0.018710,-0.002857,-0.004087,-0.000089,0.001815,-0.041093,-0.104725,0.034541,-0.020614,0.260146,-0.357245,0.276805,-0.178960
-0.002071,0.018715,-0.003141,-0.004081,-0.000027,0.001773,-0.040491,-0.103851,0.036579,-0.018546,0.261064,-0.357238,0.275946,-0.178496
-0.001683,0.018713,-0.003440,-0.004075,0.000038,0.001726,-0.039841,-0.103029,0.038426,-0.016412,0.261961,-0.357215,0.275029,-0.177987
-0.001326,0.018706,-0.003707,-0.004059,0.000104,0.001672,-0.039215,-0.102316,0.039883,-0.014302,0.262689,-0.357214,0.274129,-0.177418
-0.000942,0.018691,-0.003987,-0.004047,0.000173,0.001615,-0.038579,-0.101557,0.041579,-0.012043,0.263370,-0.357249,0.273332,-0.176853
-0.000589,0.018672,-0.004235,-0.004022,0.000243,0.001549,-0.038003,-0.100979,0.042748,-0.009922,0.263781,-0.357407,0.272674,-0.176277
-0.000210,0.018643,-0.004492,-0.004005,0.000315,0.001483,-0.037312,-0.100339,0.043964,-0.007523,0.264357,-0.357482,0.271946,-0.175747
0.000137,0.018611,-0.004717,-0.003972,0.000388,0.001408,-0.036688,-0.099872,0.044664,-0.005316,0.264671,-0.357569,0.271471,-0.175294
0.000509,0.018569,-0.004948,-0.003941,0.000463,0.001331,-0.036030,-0.099334,0.045636,-0.002855,0.264976,-0.357686,0.270872,-0.174682
0.000849,0.018523,-0.005148,-0.003907,0.000539,0.001250,-0.035452,-0.098956,0.046020,-0.000620,0.265067,-0.357826,0.270394,-0.174101
0.001213,0.018466,-0.005350,-0.003867,0.000616,0.001167,-0.034783,-0.098565,0.046430,0.001862,0.265224,-0.358017,0.269904,-0.173542
0.001544,0.018407,-0.005523,-0.003828,0.000694,0.001082,-0.034190,-0.098268,0.046534,0.004206,0.265170,-0.358250,0.269637,-0.173050
0.001899,0.018336,-0.005696,-0.003782,0.000772,0.000996,-0.033594,-0.097974,0.046682,0.006631,0.265047,-0.358448,0.269335,-0.172454
0.002221,0.018264,-0.005842,-0.003735,0.000850,0.000909,-0.033014,-0.097743,0.046506,0.009001,0.264864,-0.358604,0.269127,-0.171934
0.002564,0.018179,-0.005984,-0.003682,0.000927,0.000822,-0.032420,-0.097500,0.046282,0.011447,0.264697,-0.358834,0.268932,-0.171443
0.002875,0.018094,-0.006102,-0.003627,0.001003,0.000737,-0.031904,-0.097319,0.045854,0.013756,0.264383,-0.359101,0.268768,-0.170896
0.003207,0.017994,-0.006215,-0.003573,0.001079,0.000653,-0.031397,-0.097115,0.045451,0.016108,0.264031,-0.359309,0.268624,-0.170317
0.003507,0.017897,-0.006307,-0.003512,0.001152,0.000571,-0.030938,-0.096990,0.044772,0.018299,0.263591,-0.359561,0.268607,-0.169818
0.003826,0.017784,-0.006392,-0.003456,0.001227,0.000494,-0.030458,-0.096781,0.044164,0.020640,0.263228,-0.359844,0.268559,-0.169342
0.004115,0.017674,-0.006459,-0.003391,0.001296,0.000418,-0.030072,-0.096636,0.043349,0.022711,0.262754,-0.360085,0.268590,-0.168876
0.004421,0.017549,-0.006519,-0.003325,0.001364,0.000348,-0.029662,-0.096401,0.042668,0.024963,0.262314,-0.360282,0.268564,-0.168353
0.004697,0.017429,-0.006564,-0.003260,0.001431,0.000282,-0.029362,-0.096228,0.041748,0.026877,0.261815,-0.360523,0.268598,-0.167884
-0.129156,0.145983,-0.746886,0.000001,0.000000,-0.000003,0.000000,0.000000,0.000000,0.000000,0.000000,0.000000,0.000000,0.000000
-0.129170,0.145976,-0.746870,0.000094,0.000020,-0.000119,-1.000000,0.624776,1.000000,-1.000000,0.791370,0.152028,1.000000,-0.113416
-0.129312,0.145886,-0.746706,0.000789,0.000268,-0.001027,-1.000000,0.624760,1.000000,-1.000000,0.791364,0.152020,1.000000,-0.113411
-0.129932,0.145437,-0.745923,0.002875,0.001442,-0.004514,-0.646582,0.800410,1.000000,-1.000000,1.000000,0.207362,0.085333,-0.393599
-0.131381,0.144288,-0.744019,0.006924,0.004387,-0.011909,-0.644644,0.797240,1.000000,-1.000000,1.000000,0.205753,0.083488,-0.392135
-0.134444,0.141630,-0.739782,0.012676,0.009854,-0.024431,-0.687014,0.591169,1.000000,-1.000000,1.000000,0.195202,0.147548,-0.006120
-0.139034,0.137276,-0.732998,0.019088,0.017343,-0.042419,-0.665661,0.569443,1.000000,-1.000000,1.000000,0.172206,0.138151,0.004493
-0.146242,0.129723,-0.721480,0.025633,0.026747,-0.066463,-0.613291,0.497422,1.000000,-1.000000,1.000000,-0.007614,0.262966,-0.233084
-0.155103,0.119122,-0.705841,0.031737,0.038832,-0.097721,-0.542400,0.439141,1.000000,-1.000000,1.000000,-0.070172,0.238702,-0.221546
-0.166679,0.102846,-0.682768,0.036872,0.051952,-0.133065,-0.433276,0.456944,1.000000,-1.000000,1.000000,-0.006315,0.177738,-0.167668
-0.178247,0.083138,-0.655916,0.041626,0.063114,-0.167903,-0.265724,0.339509,0.774911,-1.000000,1.000000,-0.124682,0.104987,-0.146542
-0.190141,0.057084,-0.621697,0.043965,0.070830,-0.197344,-0.050211,0.162912,-0.236010,-1.000000,0.825393,-0.330571,-0.127672,-0.053003
-0.198704,0.029955,-0.587052,0.041529,0.073088,-0.216568,0.139470,0.008686,-1.000000,-0.678006,0.580435,-0.509360,-0.217347,0.011585
-0.203708,-0.000928,-0.548165,0.031139,0.070787,-0.224272,0.188745,-0.138004,-1.000000,-0.366571,0.140296,-0.726747,-0.080505,0.160776
-0.203831,-0.029441,-0.512108,0.018263,0.065450,-0.225506,0.179102,-0.308109,-1.000000,-0.171536,-0.221751,-0.764479,0.102369,0.209364
-0.199290,-0.059214,-0.473565,0.005573,0.058956,-0.222268,0.315865,-0.451874,-1.000000,0.110500,-0.289448,-0.718262,0.346439,0.036430
-0.191313,-0.085046,-0.438741,-0.003811,0.052717,-0.217748,0.436048,-0.534291,-1.000000,0.396862,-0.302173,-0.726867,0.562355,-0.102160
-0.179290,-0.110683,-0.402113,-0.010907,0.046501,-0.211229,0.522484,-0.563772,-1.000000,0.643423,-0.340428,-0.712494,0.561466,-0.046299
-0.165758,-0.131692,-0.369680,-0.016005,0.039865,-0.202783,0.570471,-0.551266,-1.000000,0.806287,-0.335750,-0.655240,0.508642,0.017014
-0.149279,-0.151158,-0.336500,-0.020614,0.032227,-0.191356,0.586095,-0.541372,-1.000000,0.944832,-0.349374,-0.681308,0.488994,0.043551
-0.133251,-0.165854,-0.308153,-0.023741,0.024042,-0.177254,0.582405,-0.528508,-1.000000,1.000000,-0.356915,-0.727616,0.458886,0.069446
-0.116110,-0.178206,-0.280438,-0.024324,0.015299,-0.159866,0.569200,-0.508356,-1.000000,1.000000,-0.361653,-0.705410,0.477588,0.069624
-0.101523,-0.186519,-0.258000,-0.020792,0.006882,-0.140228,0.536524,-0.473073,-1.000000,1.000000,-0.355211,-0.664376,0.517501,0.049148
-0.088103,-0.192580,-0.237388,-0.012503,-0.001297,-0.118943,0.476463,-0.407593,-1.000000,1.000000,-0.311114,-0.629550,0.528829,0.033131
-0.078606,-0.195882,-0.221868,-0.000073,-0.009088,-0.096999,0.369549,-0.321680,-1.000000,0.878580,-0.254770,-0.583272,0.544299,0.030936
-0.071759,-0.197461,-0.208680,0.014648,-0.016564,-0.076051,0.217178,-0.222296,-0.961857,0.612959,-0.204434,-0.540442,0.566723,0.041507
-0.068505,-0.197430,-0.199531,0.029191,-0.023971,-0.057216,0.032535,-0.093580,-0.657136,0.249028,-0.115590,-0.510037,0.581079,0.031422
-0.067916,-0.196003,-0.192573,0.041116,-0.031608,-0.040133,-0.154208,0.057796,-0.429157,-0.168808,0.025020,-0.481352,0.580049,-0.017140
-0.069532,-0.193512,-0.188579,0.048577,-0.039614,-0.024964,-0.292884,0.249429,-0.326966,-0.591648,0.263262,-0.428723,0.533032,-0.106589
-0.072858,-0.189701,-0.186393,0.051173,-0.047077,-0.012614,-0.409328,0.431664,-0.244698,-0.949487,0.488696,-0.358216,0.414382,-0.180182
-0.076846,-0.185327,-0.185932,0.050733,-0.053316,-0.002878,-0.494886,0.566250,-0.132692,-1.000000,0.628155,-0.256763,0.174018,-0.139799
-0.081748,-0.179870,-0.186680,0.049075,-0.057959,0.004311,-0.530303,0.629024,-0.017167,-1.000000,0.676184,-0.192897,-0.017543,-0.064243
-0.086451,-0.174415,-0.188002,0.047127,-0.060918,0.008274,-0.577174,0.580744,0.167734,-1.000000,0.623561,-0.263640,-0.012421,0.015847
-0.091316,-0.168348,-0.189440,0.044809,-0.062350,0.008292,-0.612507,0.514513,0.334324,-1.000000,0.580621,-0.326158,0.048565,0.038119
-0.095235,-0.162827,-0.190179,0.042004,-0.063197,0.004621,-0.606451,0.479195,0.441502,-1.000000,0.655594,-0.312169,0.182251,-0.100442
-0.098473,-0.157202,-0.189670,0.038453,-0.063493,-0.002940,-0.574171,0.455004,0.455966,-1.000000,0.730403,-0.288722,0.263434,-0.221137
-0.100233,-0.152630,-0.187378,0.034449,-0.062804,-0.014318,-0.517173,0.467196,0.398205,-1.000000,0.783834,-0.220549,0.163558,-0.211453
-0.100603,-0.148655,-0.182347,0.030722,-0.060904,-0.029036,-0.442792,0.432871,0.280539,-1.000000,0.776613,-0.191579,0.049836,-0.161255
-0.099458,-0.145983,-0.175110,0.026880,-0.058504,-0.045169,-0.362395,0.306032,0.078627,-1.000000,0.669317,-0.297530,-0.038425,-0.079060
-0.096646,-0.144007,-0.164605,0.022634,-0.056928,-0.060639,-0.263987,0.146605,-0.202096,-0.899782,0.529366,-0.434869,-0.070733,-0.027682
-0.092703,-0.142831,-0.152774,0.017578,-0.055614,-0.073991,-0.156846,-0.033472,-0.474379,-0.675453,0.371305,-0.539241,0.057745,-0.070833
-0.087099,-0.142128,-0.137983,0.012417,-0.053332,-0.085308,-0.062575,-0.235745,-0.656948,-0.459361,0.173856,-0.589612,0.229488,-0.106522
-0.080876,-0.141885,-0.122864,0.007422,-0.050217,-0.094501,0.031841,-0.429192,-0.777922,-0.230258,-0.007181,-0.556250,0.372935,-0.121873
-0.073333,-0.141826,-0.105447,0.003715,-0.046934,-0.100509,0.146184,-0.592021,-0.937884,0.029919,-0.136121,-0.536916,0.515846,-0.178885
-0.066050,-0.141642,-0.089076,0.001249,-0.044834,-0.102310,0.246132,-0.696365,-1.000000,0.270576,-0.223043,-0.576649,0.622357,-0.214028
-0.058342,-0.140883,-0.071923,0.000186,-0.045183,-0.098966,0.290959,-0.737515,-1.000000,0.427661,-0.310177,-0.575922,0.671103,-0.177579
-0.051812,-0.139373,-0.057366,-0.000339,-0.047973,-0.090978,0.311910,-0.748135,-1.000000,0.505307,-0.356906,-0.532644,0.684877,-0.141700
-0.045729,-0.136703,-0.043609,-0.000145,-0.052516,-0.079379,0.311988,-0.760221,-1.000000,0.535410,-0.360654,-0.523000,0.684286,-0.131440
-0.041257,-0.133272,-0.033146,0.000542,-0.057845,-0.065382,0.273205,-0.753746,-0.864007,0.488341,-0.347884,-0.523082,0.681579,-0.122454
-0.037793,-0.128618,-0.024430,0.002202,-0.063010,-0.050287,0.205967,-0.729396,-0.616221,0.361812,-0.332143,-0.491102,0.717652,-0.130769
-0.035871,-0.123625,-0.018786,0.004338,-0.067183,-0.035281,0.143253,-0.691430,-0.355684,0.193241,-0.263550,-0.439696,0.772515,-0.183091
-0.035007,-0.117701,-0.015040,0.006515,-0.069656,-0.021612,0.086836,-0.624689,-0.121158,0.003183,-0.120821,-0.385611,0.796955,-0.270069
-0.035062,-0.111985,-0.013409,0.007835,-0.070137,-0.010192,0.019595,-0.513909,0.088810,-0.210605,0.052311,-0.335857,0.767256,-0.344972
-0.035692,-0.105727,-0.013184,0.007795,-0.069022,-0.001299,-0.047844,-0.388473,0.239106,-0.406586,0.203751,-0.300121,0.676460,-0.372786
-0.036530,-0.099991,-0.014064,0.006495,-0.067105,0.005502,-0.091850,-0.261855,0.300149,-0.528053,0.335183,-0.277764,0.530244,-0.369833
-0.037507,-0.093881,-0.015845,0.004594,-0.064905,0.010280,-0.118221,-0.149016,0.328633,-0.585947,0.431054,-0.266472,0.392506,-0.356547
-0.038359,-0.088364,-0.017954,0.002754,-0.062692,0.013181,-0.149822,-0.058981,0.390544,-0.620020,0.465483,-0.271217,0.298458,-0.313852
-0.039147,-0.082550,-0.020442,0.001083,-0.060545,0.014348,-0.177498,-0.002721,0.453973,-0.636581,0.469045,-0.279137,0.234160,-0.260190
-0.039688,-0.077364,-0.022684,-0.000474,-0.058478,0.014024,-0.182575,0.024372,0.464736,-0.625724,0.494802,-0.285851,0.197085,-0.249383
-0.040014,-0.071993,-0.024802,-0.002065,-0.056067,0.012211,-0.173709,0.026831,0.451431,-0.602421,0.521498,-0.299331,0.185907,-0.263520
-0.040040,-0.067321,-0.026254,-0.003593,-0.053461,0.009075,-0.164488,0.019996,0.446311,-0.573897,0.516289,-0.306024,0.175773,-0.251389
-0.039758,-0.062627,-0.027069,-0.004988,-0.050416,0.004703,-0.146574,0.003978,0.426176,-0.530119,0.496336,-0.303630,0.170687,-0.233938
-0.039230,-0.058663,-0.026989,-0.006099,-0.047335,-0.000504,-0.115457,-0.028795,0.365518,-0.462569,0.479055,-0.320158,0.173323,-0.234090
-0.038419,-0.054770,-0.025941,-0.006784,-0.044186,-0.006042,-0.077207,-0.075694,0.279046,-0.376627,0.450958,-0.349153,0.174799,-0.231416
-0.037506,-0.051521,-0.024126,-0.007153,-0.041301,-0.011353,-0.040313,-0.134598,0.193454,-0.288600,0.392795,-0.367497,0.196780,-0.216688
-0.036393,-0.048324,-0.021360,-0.007287,-0.038663,-0.015943,-0.007292,-0.205514,0.111846,-0.206440,0.311936,-0.383225,0.244088,-0.201228
-0.035296,-0.045613,-0.018217,-0.007362,-0.036541,-0.019655,0.024911,-0.275617,0.032038,-0.129727,0.242837,-0.401357,0.297075,-0.202072
-0.034078,-0.042873,-0.014360,-0.007283,-0.034753,-0.022240,0.054499,-0.337263,-0.037059,-0.065027,0.189382,-0.410431,0.357001,-0.219917
-0.032961,-0.040474,-0.010550,-0.007166,-0.033395,-0.023827,0.075205,-0.386729,-0.081815,-0.018368,0.137440,-0.406343,0.414755,-0.231463
-0.031786,-0.037971,-0.006319,-0.006960,-0.032278,-0.024402,0.086726,-0.420387,-0.110210,0.011754,0.096349,-0.395440,0.453006,-0.233314
-0.030751,-0.035721,-0.002445,-0.006796,-0.031363,-0.024219,0.094721,-0.440775,-0.132129,0.032350,0.077574,-0.390324,0.475237,-0.239684
-0.029692,-0.033337,0.001601,-0.006618,-0.030448,-0.023331,0.098416,-0.453662,-0.149109,0.045691,0.067758,-0.393668,0.487520,-0.246193
-0.028774,-0.031183,0.005112,-0.006534,-0.029535,-0.021959,0.096417,-0.458647,-0.153022,0.049153,0.057654,-0.392850,0.494206,-0.245645
-0.027841,-0.028907,0.008592,-0.006489,-0.028438,-0.020072,0.090773,-0.458254,-0.149153,0.044844,0.048208,-0.386438,0.503002,-0.245507
-0.027027,-0.026866,0.011447,-0.006586,-0.027271,-0.017848,0.084786,-0.451054,-0.143732,0.039102,0.049762,-0.383547,0.507917,-0.250474
-0.026188,-0.024729,0.014095,-0.006759,-0.025930,-0.015271,0.077087,-0.435646,-0.136765,0.031430,0.061138,-0.381393,0.505826,-0.257119
-0.025439,-0.022832,0.016094,-0.007064,-0.024548,-0.012502,0.066338,-0.413615,-0.120693,0.019903,0.073664,-0.374483,0.500040,-0.258996
-0.024641,-0.020863,0.017757,-0.007446,-0.023083,-0.009586,0.053124,-0.386732,-0.099909,0.006985,0.086734,-0.366720,0.489307,-0.256199
-0.023906,-0.019126,0.018825,-0.007921,-0.021666,-0.006679,0.040316,-0.354979,-0.078232,-0.004274,0.107812,-0.362597,0.472848,-0.254774
-0.023100,-0.017331,0.019495,-0.008416,-0.020274,-0.003866,0.027691,-0.320994,-0.055178,-0.014332,0.132533,-0.360300,0.454637,-0.254439
-0.022339,-0.015751,0.019696,-0.008922,-0.018987,-0.001253,0.014408,-0.285679,-0.027745,-0.024794,0.155678,-0.355820,0.434323,-0.249850
-0.021493,-0.014117,0.019508,-0.009401,-0.017802,0.001081,0.001630,-0.250755,0.000953,-0.034460,0.178463,-0.349751,0.412030,-0.243009
-0.020687,-0.012676,0.019014,-0.009853,-0.016759,0.003090,-0.009284,-0.216900,0.026547,-0.041627,0.203764,-0.346939,0.387865,-0.237473
-0.019788,-0.011182,0.018192,-0.010248,-0.015841,0.004742,-0.018438,-0.186224,0.050222,-0.046434,0.228417,-0.346789,0.362960,-0.231765
-0.018934,-0.009858,0.017224,-0.010567,-0.015043,0.006054,-0.026662,-0.159339,0.072827,-0.050275,0.248147,-0.345622,0.339688,-0.223621
-0.017987,-0.008479,0.016003,-0.010807,-0.014345,0.007035,-0.033220,-0.137407,0.094437,-0.052934,0.263710,-0.344076,0.320209,-0.215476
-0.017096,-0.007252,0.014763,-0.011004,-0.013781,0.007756,-0.037936,-0.119442,0.111323,-0.053869,0.277995,-0.344995,0.303386,-0.209563
-0.016117,-0.005969,0.013340,-0.011114,-0.013253,0.008210,-0.040776,-0.105337,0.126013,-0.053633,0.291156,-0.346283,0.289247,-0.205649
-0.015204,-0.004826,0.011985,-0.011177,-0.012798,0.008469,-0.042867,-0.094867,0.139879,-0.053226,0.300332,-0.345853,0.278683,-0.201520
-0.014209,-0.003631,0.010505,-0.011173,-0.012354,0.008536,-0.043926,-0.087176,0.151905,-0.052237,0.307001,-0.344927,0.269955,-0.197326
-0.013290,-0.002567,0.009153,-0.011123,-0.011940,0.008457,-0.043718,-0.081577,0.160122,-0.050068,0.313584,-0.345374,0.262471,-0.195020
-0.012300,-0.001460,0.007727,-0.011005,-0.011506,0.008225,-0.042674,-0.078008,0.166687,-0.047095,0.318985,-0.346391,0.256572,-0.193551
-0.011395,-0.000481,0.006466,-0.010844,-0.011081,0.007882,-0.041511,-0.076290,0.171109,-0.043949,0.321109,-0.346650,0.252292,-0.191052
-0.010430,0.000532,0.005180,-0.010623,-0.010625,0.007416,-0.039741,-0.076039,0.173661,-0.040166,0.321796,-0.346534,0.249303,-0.188717
-0.009559,0.001420,0.004084,-0.010353,-0.010154,0.006852,-0.037446,-0.077127,0.172660,-0.035478,0.321822,-0.347693,0.247589,-0.187593
-0.008640,0.002332,0.003010,-0.010034,-0.009655,0.006196,-0.034753,-0.079339,0.169780,-0.030033,0.320847,-0.349258,0.246441,-0.186541
-0.007821,0.003124,0.002133,-0.009690,-0.009162,0.005482,-0.032059,-0.082733,0.164039,-0.024274,0.317456,-0.350226,0.246617,-0.184891
-0.006966,0.003930,0.001318,-0.009296,-0.008631,0.004701,-0.029113,-0.087194,0.156802,-0.017965,0.312715,-0.351280,0.247889,-0.183252
-0.006211,0.004625,0.000695,-0.008896,-0.008111,0.003895,-0.026136,-0.092527,0.147429,-0.011181,0.307163,-0.353199,0.250115,-0.182134
-0.005431,0.005327,0.000161,-0.008491,-0.007593,0.003079,-0.022967,-0.098521,0.136264,-0.003959,0.300879,-0.355229,0.253037,-0.181286
-0.004745,0.005928,-0.000203,-0.008093,-0.007090,0.002274,-0.019848,-0.105089,0.123779,0.003354,0.293414,-0.356819,0.257171,-0.180505
-0.004039,0.006533,-0.000462,-0.007698,-0.006601,0.001499,-0.016837,-0.112098,0.111703,0.010809,0.285238,-0.358190,0.261988,-0.179675
-0.003421,0.007051,-0.000586,-0.007336,-0.006150,0.000774,-0.014019,-0.119114,0.098934,0.018156,0.277010,-0.359743,0.267019,-0.179098
-0.002784,0.007572,-0.000605,-0.006992,-0.005722,0.000110,-0.011150,-0.126102,0.086394,0.025488,0.269188,-0.361245,0.272310,-0.179041
-0.002224,0.008020,-0.000528,-0.006687,-0.005336,-0.000482,-0.008597,-0.132889,0.074562,0.032410,0.261243,-0.362481,0.277968,-0.178996
-0.001646,0.008472,-0.000356,-0.006404,-0.004982,-0.000994,-0.006305,-0.139350,0.063950,0.038927,0.253481,-0.363304,0.283389,-0.178790
-0.001135,0.008863,-0.000127,-0.006155,-0.004668,-0.001427,-0.004229,-0.145224,0.054185,0.044937,0.246569,-0.363995,0.288609,-0.178943
-0.000604,0.009261,0.000181,-0.005928,-0.004388,-0.001777,-0.002317,-0.150621,0.045580,0.050583,0.240426,-0.364745,0.293499,-0.179360
-0.000132,0.009608,0.000509,-0.005731,-0.004146,-0.002051,-0.000794,-0.155279,0.038207,0.055441,0.234893,-0.365230,0.297839,-0.179598
0.000361,0.009966,0.000898,-0.005544,-0.003932,-0.002246,0.000478,-0.159435,0.032258,0.059719,0.229895,-0.365320,0.301790,-0.179787
0.000800,0.010281,0.001277,-0.005376,-0.003749,-0.002373,0.001465,-0.162866,0.027340,0.063299,0.225777,-0.365455,0.305215,-0.180099
0.001261,0.010609,0.001699,-0.005215,-0.003590,-0.002432,0.002216,-0.165713,0.023437,0.066290,0.222457,-0.365623,0.308063,-0.180516
0.001674,0.010901,0.002089,-0.005069,-0.003457,-0.002436,0.002599,-0.167831,0.020597,0.068378,0.219772,-0.365545,0.310450,-0.180846
0.002108,0.011207,0.002502,-0.004925,-0.003341,-0.002384,0.002742,-0.169493,0.018749,0.069904,0.217534,-0.365258,0.312426,-0.181114
0.002497,0.011482,0.002868,-0.004785,-0.003239,-0.002285,0.002624,-0.170442,0.017622,0.070743,0.216140,-0.364988,0.313798,-0.181451
0.002907,0.011772,0.003239,-0.004647,-0.003151,-0.002144,0.002307,-0.170939,0.017234,0.071088,0.215310,-0.364713,0.314781,-0.181862
0.003274,0.012033,0.003555,-0.004518,-0.003076,-0.001971,0.001624,-0.170766,0.017524,0.070593,0.214937,-0.364322,0.315324,-0.182104
0.003662,0.012309,0.003861,-0.004381,-0.003003,-0.001765,0.000803,-0.170257,0.018444,0.069751,0.214946,-0.363791,0.315520,-0.182315
0.004009,0.012559,0.004107,-0.004256,-0.002942,-0.001541,-0.000186,-0.169196,0.019673,0.068457,0.215610,-0.363302,0.315252,-0.182610
0.004376,0.012824,0.004332,-0.004124,-0.002882,-0.001296,-0.001358,-0.167777,0.021355,0.066745,0.216601,-0.362828,0.314704,-0.182878
0.004705,0.013064,0.004498,-0.004001,-0.002828,-0.001042,-0.002713,-0.165986,0.023523,0.064645,0.217828,-0.362270,0.313835,-0.182940
0.005052,0.013318,0.004633,-0.003870,-0.002770,-0.000778,-0.004144,-0.163932,0.025901,0.062345,0.219352,-0.361647,0.312704,-0.183016
0.005364,0.013548,0.004716,-0.003751,-0.002719,-0.000514,-0.005629,-0.161579,0.028400,0.059820,0.221267,-0.361132,0.311351,-0.183165
0.005692,0.013791,0.004759,-0.003630,-0.002664,-0.000253,-0.007220,-0.159029,0.031093,0.057109,0.223292,-0.360629,0.309788,-0.183194
0.005987,0.014010,0.004759,-0.003511,-0.002608,0.000003,-0.008844,-0.156313,0.033956,0.054292,0.225424,-0.360033,0.308038,-0.183094
0.006298,0.014241,0.004716,-0.003397,-0.002550,0.000247,-0.010423,-0.153537,0.036876,0.051551,0.227702,-0.359464,0.306192,-0.183032
0.006577,0.014449,0.004640,-0.003284,-0.002489,0.000479,-0.012027,-0.150616,0.039597,0.048715,0.230089,-0.359051,0.304213,-0.182937
0.006872,0.014667,0.004519,-0.003175,-0.002425,0.000694,-0.013553,-0.147746,0.042536,0.046045,0.232466,-0.358597,0.302187,-0.182756
0.007136,0.014862,0.004377,-0.003069,-0.002357,0.000892,-0.015082,-0.144842,0.045148,0.043379,0.234752,-0.358138,0.300132,-0.182494
0.007415,0.015066,0.004191,-0.002965,-0.002286,0.001069,-0.016459,-0.142032,0.047818,0.040960,0.237087,-0.357742,0.298081,-0.182263
0.007665,0.015247,0.003995,-0.002867,-0.002212,0.001228,-0.017817,-0.139268,0.050110,0.038645,0.239300,-0.357463,0.296043,-0.181975
0.007928,0.015435,0.003758,-0.002768,-0.002132,0.001364,-0.019043,-0.136629,0.052446,0.036554,0.241429,-0.357150,0.294034,-0.181627
0.008164,0.015602,0.003521,-0.002673,-0.002050,0.001481,-0.020208,-0.134125,0.054453,0.034630,0.243362,-0.356876,0.292166,-0.181256
0.008412,0.015773,0.003248,-0.002575,-0.001962,0.001576,-0.021239,-0.131749,0.056341,0.032938,0.245240,-0.356676,0.290329,-0.180880
0.008633,0.015923,0.002984,-0.002482,-0.001872,0.001652,-0.022195,-0.129520,0.057840,0.031425,0.246949,-0.356537,0.288609,-0.180499
0.008865,0.016077,0.002688,-0.002388,-0.001777,0.001707,-0.023046,-0.127437,0.059213,0.030112,0.248504,-0.356398,0.286981,-0.180074
0.009072,0.016210,0.002409,-0.002294,-0.001678,0.001743,-0.023835,-0.125529,0.060236,0.028969,0.249830,-0.356310,0.285493,-0.179620
0.009288,0.016345,0.002104,-0.002200,-0.001576,0.001762,-0.024511,-0.123755,0.061111,0.028047,0.251067,-0.356266,0.284092,-0.179176
0.009479,0.016460,0.001821,-0.002107,-0.001473,0.001766,-0.025115,-0.122165,0.061455,0.027297,0.252075,-0.356305,0.282837,-0.178739
0.009678,0.016576,0.001517,-0.002014,-0.001365,0.001755,-0.025642,-0.120696,0.061828,0.026706,0.252974,-0.356323,0.281693,-0.178280
0.009854,0.016673,0.001240,-0.001921,-0.001256,0.001730,-0.026149,-0.119406,0.061836,0.026229,0.253582,-0.356376,0.280750,-0.177794
0.010036,0.016768,0.000946,-0.001829,-0.001146,0.001694,-0.026547,-0.118206,0.061684,0.025938,0.254179,-0.356467,0.279835,-0.177341
0.010196,0.016846,0.000683,-0.001738,-0.001035,0.001650,-0.026889,-0.117167,0.061073,0.025794,0.254605,-0.356616,0.279083,-0.176944
0.010360,0.016922,0.000406,-0.001645,-0.000923,0.001595,-0.027200,-0.116207,0.060555,0.025740,0.254905,-0.356744,0.278405,-0.176482
0.010504,0.016982,0.000161,-0.001554,-0.000812,0.001534,-0.027521,-0.115393,0.059762,0.025736,0.254955,-0.356880,0.277882,-0.175975
0.010651,0.017037,-0.000094,-0.001465,-0.000701,0.001468,-0.027755,-0.114637,0.058779,0.025860,0.255038,-0.357067,0.277385,-0.175540
0.010778,0.017079,-0.000318,-0.001377,-0.000591,0.001399,-0.027959,-0.113990,0.057500,0.026070,0.255019,-0.357311,0.277034,-0.175188
0.010908,0.017115,-0.000547,-0.001288,-0.000480,0.001324,-0.028176,-0.113375,0.056358,0.026299,0.254878,-0.357503,0.276744,-0.174752
0.011019,0.017140,-0.000748,-0.001202,-0.000373,0.001250,-0.028400,-0.112850,0.055013,0.026555,0.254575,-0.357666,0.276545,-0.174287
0.011132,0.017157,-0.000952,-0.001120,-0.000268,0.001179,-0.028557,-0.112347,0.053480,0.026907,0.254359,-0.357897,0.276331,-0.173908
0.011229,0.017165,-0.001128,-0.001037,-0.000165,0.001104,-0.028720,-0.111902,0.051818,0.027279,0.254073,-0.358182,0.276209,-0.173573
0.011326,0.017164,-0.001308,-0.000957,-0.000065,0.001034,-0.028945,-0.111424,0.050478,0.027593,0.253690,-0.358380,0.276164,-0.173151
0.011408,0.017156,-0.001462,-0.000879,0.000032,0.000966,-0.029162,-0.111041,0.048839,0.027912,0.253199,-0.358570,0.276157,-0.172723
0.011489,0.017139,-0.001618,-0.000803,0.000126,0.000901,-0.029316,-0.110580,0.047169,0.028299,0.252960,-0.358797,0.276067,-0.172435
0.011558,0.017116,-0.001753,-0.000730,0.000216,0.000841,-0.029529,-0.110163,0.045518,0.028614,0.252593,-0.359056,0.276112,-0.172155
0.011625,0.017084,-0.001889,-0.000659,0.000302,0.000784,-0.029801,-0.109701,0.044050,0.028869,0.252138,-0.359249,0.276069,-0.171694
0.011681,0.017047,-0.002006,-0.000591,0.000385,0.000734,-0.030053,-0.109246,0.042474,0.029117,0.251751,-0.359398,0.276071,-0.171343
0.011735,0.017000,-0.002125,-0.000525,0.000464,0.000687,-0.030290,-0.108744,0.040916,0.029372,0.251499,-0.359652,0.276087,-0.171110
0.011780,0.016951,-0.002229,-0.000463,0.000539,0.000647,-0.030580,-0.108231,0.039433,0.029555,0.251198,-0.359887,0.276057,-0.170798
0.011822,0.016892,-0.002335,-0.000402,0.000609,0.000611,-0.030907,-0.107660,0.038114,0.029666,0.250893,-0.359988,0.276007,-0.170422
0.011856,0.016832,-0.002428,-0.000345,0.000677,0.000582,-0.031232,-0.107091,0.036772,0.029750,0.250635,-0.360137,0.275991,-0.170123
0.011887,0.016761,-0.002524,-0.000290,0.000740,0.000556,-0.031561,-0.106444,0.035483,0.029824,0.250524,-0.360372,0.275875,-0.169863
0.011912,0.016690,-0.002610,-0.000237,0.000800,0.000536,-0.031924,-0.105776,0.034279,0.029824,0.250401,-0.360531,0.275767,-0.169585
0.011933,0.016609,-0.002700,-0.000186,0.000856,0.000520,-0.032319,-0.105065,0.033208,0.029755,0.250262,-0.360626,0.275654,-0.169253
0.011949,0.016530,-0.002781,-0.000138,0.000910,0.000508,-0.032718,-0.104332,0.032138,0.029664,0.250198,-0.360761,0.275486,-0.168953
0.011962,0.016439,-0.002868,-0.000091,0.000961,0.000499,-0.033119,-0.103532,0.031126,0.029550,0.250260,-0.360932,0.275267,-0.168705
0.011970,0.016351,-0.002947,-0.000047,0.001009,0.000495,-0.033544,-0.102730,0.030172,0.029381,0.250285,-0.361074,0.275060,-0.168429
0.011975,0.016252,-0.003033,-0.000005,0.001054,0.000493,-0.033997,-0.101861,0.029322,0.029164,0.250330,-0.361170,0.274811,-0.168105
0.011976,0.016157,-0.003112,0.000036,0.001095,0.000494,-0.034444,-0.101001,0.028496,0.028928,0.250426,-0.361277,0.274553,-0.167826
0.011974,0.016051,-0.003198,0.000074,0.001135,0.000499,-0.034905,-0.100062,0.027727,0.028668,0.250620,-0.361417,0.274241,-0.167566
0.011968,0.015949,-0.003279,0.000111,0.001172,0.000506,-0.035374,-0.099155,0.027036,0.028359,0.250793,-0.361528,0.273932,-0.167288
0.011959,0.015836,-0.003368,0.000146,0.001206,0.000514,-0.035871,-0.098159,0.026418,0.028010,0.251004,-0.361607,0.273587,-0.166980
0.011949,0.015729,-0.003452,0.000179,0.001240,0.000525,-0.036350,-0.097190,0.025822,0.027649,0.251251,-0.361704,0.273250,-0.166722
0.011934,0.015610,-0.003545,0.000210,0.001270,0.000536,-0.036837,-0.096155,0.025264,0.027286,0.251580,-0.361821,0.272837,-0.166456
0.011918,0.015497,-0.003633,0.000240,0.001300,0.000549,-0.037330,-0.095118,0.024743,0.026891,0.251893,-0.361902,0.272433,-0.166183
0.011899,0.015373,-0.003731,0.000268,0.001328,0.000563,-0.037830,-0.094066,0.024305,0.026484,0.252214,-0.361982,0.272010,-0.165875
0.011878,0.015255,-0.003823,0.000294,0.001356,0.000577,-0.038323,-0.093015,0.023858,0.026084,0.252564,-0.362075,0.271556,-0.165583
0.011854,0.015126,-0.003926,0.000319,0.001380,0.000591,-0.038815,-0.091906,0.023450,0.025667,0.252977,-0.362180,0.271109,-0.165324
0.011830,0.015004,-0.004022,0.000343,0.001406,0.000606,-0.039305,-0.090837,0.023074,0.025250,0.253349,-0.362275,0.270670,-0.165044
0.011802,0.014870,-0.004130,0.000365,0.001428,0.000620,-0.039794,-0.089726,0.022735,0.024835,0.253767,-0.362338,0.270165,-0.164732
0.011774,0.014744,-0.004231,0.000386,0.001451,0.000634,-0.040270,-0.088638,0.022389,0.024424,0.254189,-0.362412,0.269691,-0.164459
0.011743,0.014606,-0.004344,0.000405,0.001472,0.000648,-0.040755,-0.087509,0.022091,0.024006,0.254634,-0.362532,0.269198,-0.164167
0.011712,0.014477,-0.004450,0.000424,0.001493,0.000662,-0.041228,-0.086417,0.021803,0.023602,0.255059,-0.362620,0.268699,-0.163867
0.011677,0.014335,-0.004567,0.000441,0.001513,0.000675,-0.041697,-0.085281,0.021533,0.023193,0.255527,-0.362685,0.268199,-0.163579
0.011644,0.014202,-0.004677,0.000458,0.001533,0.000688,-0.042153,-0.084192,0.021263,0.022799,0.255971,-0.362777,0.267714,-0.163298
0.011606,0.014057,-0.004798,0.000473,0.001551,0.000699,-0.042615,-0.083051,0.021015,0.022407,0.256455,-0.362876,0.267174,-0.162988
0.011570,0.013921,-0.004911,0.000487,0.001570,0.000710,-0.043058,-0.081959,0.020759,0.022033,0.256907,-0.362956,0.266674,-0.162700
0.011530,0.013772,-0.005036,0.000500,0.001587,0.000720,-0.043506,-0.080824,0.020524,0.021661,0.257381,-0.363054,0.266161,-0.162396
0.011492,0.013633,-0.005153,0.000512,0.001604,0.000730,-0.043934,-0.079743,0.020292,0.021317,0.257835,-0.363147,0.265655,-0.162099
0.011427,0.013398,-0.005351,0.000526,0.001625,0.000742,-0.044368,-0.078604,0.020075,0.020970,0.258328,-0.363234,0.265134,-0.161798
0.011383,0.013243,-0.005481,0.000539,0.001648,0.000753,-0.044776,-0.077540,0.019864,0.020653,0.258780,-0.363326,0.264645,-0.161507
0.011342,0.013099,-0.005603,0.000547,0.001662,0.000760,-0.045420,-0.075788,0.019886,0.019950,0.259456,-0.363425,0.264333,-0.161244
0.011290,0.012918,-0.005756,0.000556,0.001678,0.000767,-0.045893,-0.074534,0.019680,0.019525,0.259956,-0.363517,0.263886,-0.160965
0.011244,0.012759,-0.005890,0.000564,0.001695,0.000773,-0.046118,-0.073472,0.018870,0.019663,0.260876,-0.363453,0.262423,-0.160518
0.011202,0.012611,-0.006015,0.000571,0.001708,0.000778,-0.046549,-0.072164,0.018624,0.019362,0.261519,-0.363504,0.261782,-0.160198
0.011154,0.012449,-0.006150,0.000577,0.001722,0.000782,-0.047235,-0.071168,0.019058,0.018802,0.261181,-0.364071,0.261757,-0.159430
0.011110,0.012299,-0.006276,0.000582,0.001736,0.000786,-0.047603,-0.070170,0.018791,0.018663,0.261616,-0.364221,0.261007,-0.158961
0.011062,0.012135,-0.006413,0.000587,0.001748,0.000789,-0.047682,-0.069063,0.018073,0.018603,0.262767,-0.364028,0.260804,-0.159514
0.011017,0.011983,-0.006540,0.000591,0.001762,0.000791,-0.048072,-0.068089,0.017999,0.018323,0.263049,-0.364242,0.260587,-0.159246
0.010969,0.011817,-0.006677,0.000595,0.001774,0.000793,-0.048642,-0.066900,0.018241,0.017962,0.263212,-0.364151,0.259543,-0.158184
0.010923,0.011662,-0.006804,0.000597,0.001786,0.000793,-0.048919,-0.065846,0.017947,0.017797,0.263830,-0.364090,0.259080,-0.158050
0.167646,-0.303438,0.303684,0.000001,-0.000000,0.000001,0.000000,0.000000,0.000000,0.000000,0.000000,0.000000,0.000000,0.000000
0.167632,-0.303442,0.303676,0.000094,-0.000009,0.000061,0.491172,0.459535,-1.000000,1.000000,0.070693,-1.000000,-0.168684,-0.270362
0.167465,-0.303483,0.303575,0.000835,-0.000149,0.000633,0.491163,0.459541,-1.000000,1.000000,0.070693,-1.000000,-0.168682,-0.270360
0.166751,-0.303668,0.303112,0.003002,-0.000632,0.002668,0.196542,0.169591,-1.000000,1.000000,-0.547965,-0.330451,-0.178174,0.242714
0.165305,-0.304087,0.302184,0.006671,-0.000783,0.005795,0.189209,0.173883,-1.000000,1.000000,-0.548545,-0.329342,-0.176498,0.244129
0.162650,-0.304946,0.300526,0.011743,0.000021,0.009572,0.178621,0.111328,-1.000000,1.000000,-0.427138,-0.787381,0.229715,0.015775
0.158827,-0.306261,0.298085,0.017590,0.000915,0.015236,0.136564,0.139856,-1.000000,1.000000,-0.426165,-0.784900,0.241701,0.021439
0.152634,-0.308382,0.293925,0.023951,0.000784,0.024026,0.119221,0.214062,-1.000000,1.000000,-0.355614,-0.511662,0.222521,-0.022149
0.144362,-0.311008,0.288048,0.030385,-0.001655,0.036719,0.050233,0.267200,-1.000000,1.000000,-0.336822,-0.503096,0.241397,-0.020951
0.132180,-0.314415,0.279065,0.036809,-0.005979,0.051853,-0.077191,0.375843,-1.000000,1.000000,-0.299515,-0.586905,0.145533,0.056548
0.118032,-0.317755,0.268466,0.042926,-0.010542,0.066211,-0.218567,0.489062,-1.000000,1.000000,-0.242619,-0.558049,0.183956,0.060565
0.099651,-0.321096,0.254608,0.048807,-0.016425,0.079974,-0.377241,0.610655,-0.846566,0.695380,-0.185059,-0.520287,0.303503,0.031828
0.079868,-0.323353,0.239653,0.054641,-0.024616,0.093415,-0.530335,0.733753,-0.544228,0.359726,-0.068717,-0.495699,0.323903,0.034865
0.055850,-0.324143,0.221493,0.059910,-0.035599,0.104812,-0.647780,0.914321,-0.420769,0.013696,0.169332,-0.429509,0.222045,0.009999
0.032476,-0.322711,0.203794,0.062758,-0.048002,0.110550,-0.741695,1.000000,-0.350603,-0.357842,0.417299,-0.382360,0.128994,-0.029341
0.007937,-0.318536,0.185171,0.061729,-0.060726,0.107519,-0.840798,1.000000,-0.246189,-0.723339,0.528280,-0.346555,-0.039590,0.040375
-0.012104,-0.312552,0.170036,0.058231,-0.071441,0.094589,-0.890837,1.000000,-0.177567,-0.991103,0.562229,-0.313650,-0.137806,0.084036
-0.029712,-0.304386,0.157101,0.054066,-0.081501,0.074630,-0.870909,1.000000,-0.192810,-1.000000,0.550901,-0.359764,-0.088539,0.037162
-0.041594,-0.295845,0.149063,0.050072,-0.091567,0.050219,-0.773883,0.857331,-0.348327,-1.000000,0.520317,-0.411607,-0.109898,0.009299
-0.049515,-0.285976,0.145025,0.045844,-0.102420,0.023307,-0.653533,0.622671,-0.530625,-0.914585,0.464841,-0.399848,-0.179236,0.041866
-0.052362,-0.276556,0.145754,0.041679,-0.113449,-0.004558,-0.544045,0.352194,-0.700765,-0.793178,0.304141,-0.449600,-0.140486,0.063556
-0.051142,-0.266164,0.150975,0.036525,-0.123244,-0.030123,-0.425922,0.001874,-0.819202,-0.645502,0.079435,-0.587128,-0.001889,0.053231
-0.047148,-0.256424,0.158664,0.029150,-0.129687,-0.048042,-0.250722,-0.422387,-0.974050,-0.384406,-0.144097,-0.665230,0.197242,-0.028580
-0.041368,-0.245709,0.168202,0.021145,-0.132034,-0.055036,-0.029166,-0.856052,-1.000000,-0.051900,-0.364111,-0.660441,0.473358,-0.183393
-0.035990,-0.235629,0.176624,0.013530,-0.132040,-0.052651,0.132258,-1.000000,-1.000000,0.193377,-0.549395,-0.632462,0.749279,-0.289843
-0.030908,-0.224388,0.184363,0.007227,-0.132370,-0.044647,0.208583,-1.000000,-1.000000,0.252861,-0.601939,-0.574592,0.932399,-0.331463
-0.027193,-0.213594,0.189786,0.001324,-0.134350,-0.033885,0.224492,-1.000000,-0.899450,0.259600,-0.529497,-0.464009,0.888405,-0.286021
-0.024358,-0.201361,0.193455,-0.004077,-0.137706,-0.021165,0.211057,-1.000000,-0.672538,0.255443,-0.418109,-0.392795,0.763607,-0.259809
-0.022909,-0.189544,0.194477,-0.009545,-0.141600,-0.006389,0.175992,-1.000000,-0.376003,0.194133,-0.365293,-0.430296,0.749641,-0.278879
-0.022562,-0.176275,0.192776,-0.014949,-0.144539,0.009820,0.136700,-1.000000,-0.023426,0.081968,-0.333383,-0.453057,0.818607,-0.316169
-0.023123,-0.163915,0.188744,-0.019883,-0.143580,0.025198,0.112310,-0.996394,0.331384,-0.060536,-0.219595,-0.351784,0.899588,-0.403787
-0.024220,-0.150851,0.182151,-0.025169,-0.137781,0.038002,0.085986,-0.903806,0.659297,-0.222852,-0.035733,-0.231693,0.928480,-0.499707
-0.025278,-0.139380,0.174374,-0.031208,-0.129022,0.048625,0.042376,-0.754261,0.896731,-0.359780,0.140819,-0.214109,0.851636,-0.525272
-0.026152,-0.127703,0.164319,-0.038627,-0.118775,0.058006,0.020248,-0.611290,0.986578,-0.391787,0.283600,-0.230483,0.650977,-0.486093
-0.026494,-0.117641,0.153712,-0.046381,-0.108508,0.066252,0.017229,-0.454915,1.000000,-0.359877,0.407559,-0.210134,0.492668,-0.472565
-0.026134,-0.107610,0.141250,-0.054371,-0.097913,0.071954,-0.007964,-0.277292,1.000000,-0.347375,0.480601,-0.203222,0.454387,-0.470861
-0.024975,-0.099332,0.129567,-0.060563,-0.086212,0.072964,-0.050321,-0.108149,1.000000,-0.326495,0.537566,-0.202502,0.376544,-0.424761
-0.022768,-0.091651,0.117769,-0.064535,-0.073525,0.068093,-0.065191,0.039680,1.000000,-0.239143,0.649545,-0.157576,0.228467,-0.386865
-0.019957,-0.085888,0.108643,-0.064629,-0.060380,0.057031,-0.050538,0.147514,1.000000,-0.098925,0.736887,-0.151810,0.110353,-0.361639
-0.016344,-0.081112,0.101508,-0.060792,-0.047328,0.041161,-0.016736,0.192129,1.000000,0.079899,0.729380,-0.222958,-0.006814,-0.280815
-0.012797,-0.077957,0.097914,-0.053139,-0.035315,0.022472,0.042656,0.164715,1.000000,0.285463,0.657125,-0.296459,-0.101460,-0.186485
-0.009054,-0.075648,0.097337,-0.042670,-0.025108,0.003328,0.123982,0.065641,0.603543,0.495930,0.534773,-0.376176,-0.089815,-0.138173
-0.005917,-0.074224,0.099441,-0.031391,-0.017641,-0.013145,0.217770,-0.081869,0.067294,0.687503,0.362945,-0.471200,-0.036466,-0.101648
-0.002993,-0.073074,0.103583,-0.021510,-0.013418,-0.023899,0.267323,-0.270108,-0.310375,0.845713,0.099091,-0.525555,0.073062,-0.019272
-0.000757,-0.072143,0.108125,-0.014204,-0.011501,-0.028397,0.255342,-0.437404,-0.534022,0.888936,-0.196693,-0.543658,0.231851,0.049812
0.001113,-0.071171,0.112923,-0.008601,-0.010720,-0.027680,0.229422,-0.530279,-0.670647,0.837206,-0.363296,-0.571288,0.415372,0.019258
0.002186,-0.070263,0.116624,-0.002929,-0.010596,-0.023129,0.201228,-0.564094,-0.752802,0.756574,-0.407277,-0.570943,0.566801,-0.056570
0.002446,-0.069227,0.119320,0.003691,-0.011155,-0.015562,0.167774,-0.537151,-0.781455,0.672134,-0.378223,-0.511965,0.623076,-0.110656
0.001727,-0.068170,0.120225,0.010891,-0.012494,-0.005655,0.109026,-0.469770,-0.752194,0.546439,-0.323790,-0.452895,0.623181,-0.133601
-0.000098,-0.066857,0.119275,0.017818,-0.014485,0.005481,0.016325,-0.397368,-0.684957,0.368652,-0.281418,-0.440079,0.593050,-0.120298
-0.002640,-0.065457,0.116662,0.023734,-0.016625,0.016331,-0.091200,-0.318444,-0.602372,0.147286,-0.225410,-0.438333,0.559705,-0.114839
-0.006095,-0.063706,0.112203,0.027886,-0.018762,0.025719,-0.194219,-0.232288,-0.511860,-0.100033,-0.145396,-0.423090,0.567570,-0.159226
-0.009672,-0.061854,0.106928,0.030029,-0.020744,0.032968,-0.287176,-0.125725,-0.422889,-0.340103,-0.039027,-0.399037,0.570058,-0.222548
-0.013701,-0.059610,0.100409,0.030386,-0.022354,0.037624,-0.359565,0.000523,-0.348105,-0.538975,0.097264,-0.352761,0.512143,-0.268213
-0.017400,-0.057346,0.093971,0.029697,-0.023488,0.040219,-0.402614,0.118690,-0.302384,-0.662507,0.225706,-0.299072,0.394498,-0.275661
-0.021301,-0.054704,0.086723,0.028582,-0.024529,0.041822,-0.423799,0.205403,-0.277968,-0.715740,0.307756,-0.276371,0.240690,-0.231622
-0.024768,-0.052099,0.079858,0.027287,-0.025392,0.042916,-0.437916,0.248058,-0.250393,-0.732063,0.327675,-0.297278,0.117276,-0.160406
-0.028329,-0.049127,0.072328,0.025666,-0.026049,0.043427,-0.458141,0.248627,-0.187480,-0.765454,0.304888,-0.341623,0.088841,-0.110998
-0.031371,-0.046296,0.065452,0.023648,-0.026285,0.042966,-0.472807,0.228259,-0.113553,-0.808751,0.287165,-0.372510,0.139384,-0.116424
-0.034710,-0.042747,0.057319,0.020644,-0.026025,0.040681,-0.464450,0.218595,-0.064017,-0.834394,0.322704,-0.362426,0.200598,-0.178666
-0.037072,-0.039807,0.051112,0.016865,-0.024770,0.035795,-0.437053,0.227929,-0.049330,-0.823664,0.386523,-0.323418,0.216814,-0.240623
-0.039088,-0.036773,0.045470,0.012536,-0.022585,0.028213,-0.401178,0.239496,-0.048808,-0.775909,0.428884,-0.284826,0.164382,-0.238203
-0.040122,-0.034716,0.042398,0.008102,-0.019978,0.019202,-0.351197,0.223262,-0.106338,-0.667181,0.422272,-0.286506,0.075050,-0.183003
-0.040655,-0.032858,0.040559,0.003667,-0.017857,0.010610,-0.286897,0.158203,-0.218954,-0.516448,0.374575,-0.347991,0.018388,-0.131345
-0.040635,-0.031424,0.040086,-0.000828,-0.016356,0.002957,-0.225202,0.049446,-0.330689,-0.359505,0.276212,-0.435150,0.051918,-0.100442
-0.040005,-0.029897,0.040786,-0.005338,-0.015399,-0.003503,-0.175446,-0.071665,-0.370899,-0.232624,0.152245,-0.479064,0.171792,-0.099051
-0.039034,-0.028738,0.042217,-0.009188,-0.014698,-0.008249,-0.118313,-0.182228,-0.379763,-0.108870,0.058378,-0.468481,0.320728,-0.143695
-0.037897,-0.027751,0.043949,-0.011657,-0.014277,-0.010829,-0.039961,-0.267431,-0.415555,0.034432,0.035526,-0.442767,0.420313,-0.212296
-0.036518,-0.026701,0.045989,-0.013195,-0.014207,-0.011773,0.022613,-0.317326,-0.430538,0.149627,0.037323,-0.418140,0.461346,-0.241567
-0.035180,-0.025685,0.047814,-0.014106,-0.014588,-0.011405,0.035465,-0.339783,-0.371245,0.186105,0.002660,-0.396038,0.471389,-0.201319
-0.033707,-0.024489,0.049593,-0.014596,-0.015291,-0.010261,0.033666,-0.352925,-0.304593,0.193651,-0.026306,-0.394870,0.466548,-0.161741
-0.032351,-0.023285,0.051008,-0.014856,-0.016115,-0.008845,0.049438,-0.363124,-0.290863,0.210735,0.001327,-0.417932,0.469694,-0.189038
-0.030900,-0.021877,0.052277,-0.014920,-0.016891,-0.007321,0.062917,-0.369866,-0.277472,0.215089,0.029217,-0.426838,0.485618,-0.226619
-0.029257,-0.020134,0.053400,-0.014875,-0.017602,-0.005607,0.054510,-0.367930,-0.220094,0.187980,0.019256,-0.395758,0.493888,-0.216245
-0.027435,-0.018047,0.054238,-0.014890,-0.018217,-0.003703,0.044290,-0.359815,-0.166791,0.160319,0.018931,-0.366081,0.486399,-0.202352
-0.026062,-0.016399,0.054566,-0.014878,-0.018406,-0.001889,0.047684,-0.350921,-0.151121,0.154955,0.059242,-0.377825,0.467045,-0.222548
-0.024806,-0.014857,0.054621,-0.014924,-0.018408,-0.000343,0.048648,-0.341822,-0.127863,0.148653,0.093787,-0.392925,0.449546,-0.238926
-0.023453,-0.013180,0.054408,-0.014982,-0.018252,0.001229,0.036834,-0.330329,-0.080992,0.123168,0.088412,-0.376109,0.447871,-0.226029
-0.022207,-0.011641,0.053961,-0.015049,-0.017939,0.002789,0.029751,-0.319188,-0.046728,0.104760,0.087070,-0.358628,0.447339,-0.218536
-0.020650,-0.009746,0.053073,-0.015141,-0.017457,0.004442,0.031769,-0.303017,-0.037212,0.102684,0.123363,-0.364709,0.431712,-0.236377
-0.019296,-0.008140,0.052012,-0.015240,-0.016889,0.006124,0.028923,-0.284084,-0.019017,0.096074,0.153532,-0.368960,0.414505,-0.245967
-0.018040,-0.006696,0.050802,-0.015310,-0.016317,0.007555,0.016663,-0.265812,0.026668,0.078120,0.154115,-0.353893,0.403684,-0.229255
-0.016670,-0.005176,0.049261,-0.015413,-0.015747,0.008897,0.006696,-0.245039,0.063161,0.063367,0.162190,-0.342946,0.392666,-0.219268
-0.015395,-0.003817,0.047643,-0.015496,-0.015180,0.010121,0.006977,-0.224480,0.071578,0.062338,0.196540,-0.351574,0.375281,-0.232011
-0.014003,-0.002393,0.045700,-0.015543,-0.014605,0.011204,0.005285,-0.204387,0.087163,0.060405,0.225425,-0.354811,0.355526,-0.237320
-0.012708,-0.001124,0.043753,-0.015586,-0.014087,0.012165,-0.004515,-0.186934,0.122304,0.048194,0.227052,-0.341022,0.342214,-0.220563
-0.011294,0.000202,0.041506,-0.015615,-0.013582,0.012961,-0.012022,-0.170378,0.152824,0.039034,0.232838,-0.333891,0.329331,-0.208314
-0.009981,0.001380,0.039331,-0.015620,-0.013112,0.013602,-0.012255,-0.153344,0.164314,0.038996,0.260451,-0.343253,0.314173,-0.216637
-0.008554,0.002605,0.036896,-0.015559,-0.012611,0.014039,-0.012699,-0.138053,0.179037,0.038174,0.283154,-0.346948,0.301244,-0.221937
-0.007235,0.003686,0.034605,-0.015480,-0.012143,0.014325,-0.017746,-0.125840,0.204077,0.031780,0.285608,-0.335405,0.291019,-0.209823
-0.005812,0.004799,0.032114,-0.015320,-0.011617,0.014376,-0.020981,-0.114396,0.224176,0.028177,0.291272,-0.328376,0.278938,-0.200162
-0.004511,0.005770,0.029839,-0.015056,-0.011046,0.014192,-0.019799,-0.103812,0.230807,0.030956,0.309827,-0.336715,0.265776,-0.203990
-0.002914,0.006900,0.027081,-0.014740,-0.010403,0.013804,-0.018565,-0.095740,0.236358,0.034238,0.322403,-0.342824,0.255119,-0.204822
-0.001570,0.007800,0.024810,-0.014224,-0.009655,0.013097,-0.019267,-0.091492,0.242430,0.034942,0.319525,-0.337121,0.249567,-0.195542
-0.000374,0.008560,0.022849,-0.013666,-0.008930,0.012253,-0.018688,-0.088024,0.248769,0.037890,0.318557,-0.333176,0.246015,-0.189305
0.000862,0.009303,0.020903,-0.013024,-0.008156,0.011233,-0.015389,-0.086953,0.236902,0.045904,0.322847,-0.341067,0.240192,-0.190042
0.001940,0.009916,0.019294,-0.012262,-0.007342,0.010055,-0.011146,-0.088053,0.219173,0.055158,0.324751,-0.347574,0.232887,-0.188803
0.003030,0.010500,0.017768,-0.011453,-0.006522,0.008804,-0.009672,-0.092588,0.208276,0.061390,0.312984,-0.346177,0.235739,-0.181655
0.003960,0.010968,0.016566,-0.010613,-0.005710,0.007514,-0.008775,-0.099546,0.192328,0.067435,0.296715,-0.348287,0.240866,-0.173822
0.004886,0.011401,0.015488,-0.009758,-0.004903,0.006219,-0.004683,-0.105774,0.168291,0.077262,0.291427,-0.354882,0.243607,-0.175026
0.005665,0.011737,0.014689,-0.008919,-0.004137,0.004985,-0.000541,-0.113364,0.142154,0.086718,0.284355,-0.359642,0.251233,-0.178658
0.006544,0.012079,0.013928,-0.008116,-0.003395,0.003808,0.000866,-0.121723,0.121446,0.093356,0.268260,-0.359772,0.258628,-0.173456
0.007228,0.012315,0.013454,-0.007323,-0.002700,0.002739,0.001644,-0.129325,0.101171,0.099145,0.253327,-0.359086,0.264884,-0.168262
0.007801,0.012489,0.013141,-0.006670,-0.002163,0.001955,0.004262,-0.136431,0.078517,0.107414,0.244779,-0.363857,0.272561,-0.170361
0.008365,0.012640,0.012905,-0.006093,-0.001722,0.001361,0.006077,-0.143068,0.055132,0.114292,0.236010,-0.369606,0.279613,-0.171965
0.008838,0.012751,0.012753,-0.005571,-0.001370,0.000949,0.005168,-0.148171,0.043393,0.115961,0.224601,-0.367762,0.287615,-0.169485
0.009307,0.012848,0.012631,-0.005098,-0.001096,0.000701,0.003209,-0.152142,0.037327,0.115616,0.214059,-0.364662,0.297215,-0.168027
0.009703,0.012920,0.012536,-0.004663,-0.000889,0.000593,0.002805,-0.153468,0.027534,0.116433,0.212657,-0.366813,0.301302,-0.170996
0.010094,0.012984,0.012430,-0.004258,-0.000744,0.000612,0.002601,-0.152882,0.019120,0.116526,0.215339,-0.368174,0.302856,-0.174967
0.010425,0.013035,0.012313,-0.003880,-0.000648,0.000735,-0.000162,-0.152205,0.017246,0.112738,0.212033,-0.365612,0.304929,-0.173225
0.010752,0.013084,0.012150,-0.003519,-0.000591,0.000936,-0.003960,-0.150495,0.018533,0.107360,0.208631,-0.363267,0.304883,-0.169433
0.011027,0.013124,0.011959,-0.003180,-0.000562,0.001193,-0.006515,-0.147499,0.017570,0.102612,0.211670,-0.364558,0.304522,-0.171304
0.011337,0.013172,0.011656,-0.002835,-0.000555,0.001516,-0.008855,-0.143982,0.016920,0.097434,0.216213,-0.366486,0.304525,-0.174689
0.011612,0.013218,0.011276,-0.002470,-0.000566,0.001901,-0.012511,-0.139991,0.019768,0.090118,0.217731,-0.364040,0.303437,-0.173873
0.011825,0.013257,0.010883,-0.002153,-0.000584,0.002265,-0.016880,-0.134971,0.025225,0.081221,0.219618,-0.360039,0.301764,-0.172304
0.012042,0.013301,0.010360,-0.001866,-0.000604,0.002620,-0.021203,-0.128905,0.029745,0.071930,0.225018,-0.360123,0.299071,-0.173213
0.012197,0.013335,0.009891,-0.001609,-0.000619,0.002932,-0.024508,-0.122799,0.031784,0.064477,0.232061,-0.361657,0.294336,-0.174607
0.012347,0.013371,0.009338,-0.001393,-0.000626,0.003191,-0.027791,-0.116712,0.035044,0.056887,0.237434,-0.359907,0.290226,-0.174674
0.012499,0.013410,0.008649,-0.001176,-0.000626,0.003441,-0.031427,-0.111782,0.038942,0.049324,0.239630,-0.357894,0.287173,-0.172877
0.012607,0.013439,0.008067,-0.000989,-0.000617,0.003641,-0.034332,-0.106833,0.041794,0.043596,0.243556,-0.358216,0.282353,-0.171568
0.012711,0.013467,0.007410,-0.000833,-0.000600,0.003791,-0.037034,-0.101560,0.045310,0.037496,0.248975,-0.358893,0.279360,-0.172539
0.012795,0.013490,0.006785,-0.000693,-0.000574,0.003907,-0.039493,-0.097652,0.048076,0.032082,0.251635,-0.358847,0.277522,-0.172256
0.012876,0.013512,0.006093,-0.000565,-0.000539,0.003987,-0.041223,-0.093586,0.049780,0.028022,0.254954,-0.357394,0.273718,-0.171190
0.012956,0.013530,0.005285,-0.000437,-0.000491,0.004042,-0.042676,-0.089916,0.051276,0.024425,0.258601,-0.356680,0.271100,-0.171404
0.013011,0.013541,0.004635,-0.000325,-0.000436,0.004060,-0.044501,-0.086688,0.053681,0.020973,0.260834,-0.357738,0.268403,-0.170315
0.013051,0.013546,0.004094,-0.000241,-0.000386,0.004057,-0.046338,-0.083181,0.056690,0.017253,0.263056,-0.357573,0.265923,-0.168966
0.013095,0.013547,0.003396,-0.000160,-0.000326,0.004029,-0.047096,-0.080769,0.056868,0.014980,0.265202,-0.357155,0.264745,-0.169192
0.013136,0.013540,0.002602,-0.000067,-0.000248,0.003972,-0.047247,-0.078733,0.055344,0.014214,0.267864,-0.357717,0.262019,-0.169331
0.013166,0.013524,0.001824,0.000025,-0.000158,0.003889,-0.048269,-0.076369,0.056987,0.012270,0.269419,-0.357451,0.260125,-0.168315
0.013183,0.013505,0.001217,0.000103,-0.000073,0.003795,-0.049876,-0.074370,0.060050,0.009483,0.268891,-0.357139,0.260108,-0.166460
0.013195,0.013478,0.000576,0.000172,0.000011,0.003692,-0.050289,-0.072296,0.059659,0.008298,0.270688,-0.357680,0.258738,-0.166226
0.013199,0.013446,0.000004,0.000238,0.000097,0.003580,-0.049596,-0.070609,0.056415,0.008707,0.274237,-0.358215,0.256791,-0.167824
0.013197,0.013404,-0.000596,0.000301,0.000185,0.003460,-0.049985,-0.069254,0.056004,0.008080,0.274789,-0.358034,0.255434,-0.166828
0.013189,0.013359,-0.001129,0.000362,0.000274,0.003330,-0.051224,-0.068293,0.057323,0.006818,0.272700,-0.357588,0.254392,-0.163507
0.013174,0.013303,-0.001683,0.000420,0.000364,0.003195,-0.051476,-0.067222,0.056567,0.006489,0.273153,-0.358318,0.253899,-0.163071
0.013154,0.013244,-0.002172,0.000476,0.000455,0.003057,-0.050853,-0.066491,0.053691,0.007191,0.275177,-0.360056,0.254174,-0.165013
0.013127,0.013174,-0.002678,0.000530,0.000545,0.002915,-0.050879,-0.065656,0.052387,0.007166,0.275459,-0.359926,0.253843,-0.164645
0.013088,0.013083,-0.003229,0.000588,0.000645,0.002762,-0.051412,-0.064991,0.052246,0.006638,0.274043,-0.358252,0.253459,-0.162550
0.013042,0.012983,-0.003747,0.000645,0.000750,0.002589,-0.051526,-0.064252,0.050887,0.006790,0.274092,-0.358706,0.252863,-0.161864
0.013000,0.012897,-0.004137,0.000695,0.000843,0.002438,-0.051345,-0.063243,0.048488,0.007357,0.275452,-0.360782,0.252297,-0.162455
0.012948,0.012796,-0.004536,0.000738,0.000925,0.002302,-0.051232,-0.062714,0.046125,0.007871,0.275189,-0.361259,0.252276,-0.162022
0.012897,0.012698,-0.004883,0.000779,0.001005,0.002168,-0.051290,-0.062587,0.044188,0.008247,0.273775,-0.360273,0.252230,-0.160641
0.012837,0.012585,-0.005237,0.000817,0.001081,0.002039,-0.051472,-0.062185,0.042883,0.008445,0.273284,-0.360390,0.252263,-0.160022
0.012777,0.012476,-0.005543,0.000851,0.001154,0.001916,-0.051536,-0.061823,0.041202,0.008952,0.273304,-0.361834,0.252381,-0.160042
0.012709,0.012352,-0.005855,0.000884,0.001225,0.001799,-0.051445,-0.061358,0.039207,0.009458,0.273311,-0.362313,0.252430,-0.159929
0.012643,0.012232,-0.006125,0.000912,0.001291,0.001684,-0.051354,-0.061127,0.037364,0.009853,0.272696,-0.361752,0.252954,-0.159596
0.012568,0.012098,-0.006398,0.000938,0.001356,0.001577,-0.051497,-0.060687,0.035868,0.010119,0.272182,-0.361805,0.252919,-0.158937
0.012496,0.011970,-0.006634,0.000960,0.001415,0.001474,-0.051542,-0.060252,0.034167,0.010676,0.272134,-0.362477,0.252467,-0.158498
0.012416,0.011826,-0.006873,0.000981,0.001473,0.001380,-0.051552,-0.059790,0.032346,0.011155,0.272033,-0.363015,0.252478,-0.158311
0.012340,0.011690,-0.007079,0.000999,0.001525,0.001289,-0.051587,-0.059598,0.030738,0.011590,0.271319,-0.363245,0.252881,-0.157875
0.012255,0.011539,-0.007288,0.001014,0.001576,0.001205,-0.051733,-0.059153,0.029315,0.011858,0.270858,-0.363286,0.252987,-0.157371
0.012155,0.011359,-0.007512,0.001029,0.001628,0.001118,-0.051750,-0.058779,0.027799,0.012279,0.270739,-0.363502,0.253137,-0.157270
0.012074,0.011212,-0.007678,0.001039,0.001674,0.001040,-0.051808,-0.058269,0.026214,0.012703,0.270702,-0.363922,0.253068,-0.157067
0.011985,0.011050,-0.007847,0.001048,0.001714,0.000975,-0.051950,-0.057611,0.024689,0.012984,0.270448,-0.364137,0.253073,-0.156624
0.011901,0.010897,-0.007994,0.001055,0.001751,0.000914,-0.052027,-0.057257,0.023204,0.013439,0.270024,-0.364281,0.253045,-0.156144
0.011810,0.010729,-0.008142,0.001059,0.001784,0.000859,-0.052180,-0.056734,0.021898,0.013776,0.269925,-0.364529,0.252834,-0.155783
0.011725,0.010572,-0.008272,0.001062,0.001814,0.000809,-0.052354,-0.056285,0.020859,0.014013,0.269694,-0.364869,0.253013,-0.155547
0.011632,0.010400,-0.008404,0.001064,0.001844,0.000765,-0.052546,-0.055738,0.019793,0.014212,0.269459,-0.365148,0.253119,-0.155216
0.011547,0.010238,-0.008520,0.001063,0.001868,0.000723,-0.052624,-0.055200,0.018630,0.014495,0.269484,-0.365195,0.253102,-0.155062
0.011454,0.010062,-0.008639,0.001062,0.001890,0.000687,-0.052780,-0.054539,0.017527,0.014681,0.269571,-0.365306,0.253022,-0.154890
0.011368,0.009898,-0.008744,0.001059,0.001911,0.000654,-0.052985,-0.053967,0.016686,0.014872,0.269469,-0.365526,0.252795,-0.154455
0.011276,0.009718,-0.008852,0.001057,0.001932,0.000626,-0.053221,-0.053286,0.015823,0.015014,0.269439,-0.365713,0.252540,-0.154031
0.011190,0.009551,-0.008949,0.001051,0.001947,0.000601,-0.053384,-0.052702,0.014948,0.015173,0.269445,-0.365957,0.252545,-0.153859
0.011098,0.009369,-0.009049,0.001045,0.001960,0.000578,-0.053616,-0.051982,0.014084,0.015257,0.269507,-0.366211,0.252454,-0.153632
0.011014,0.009200,-0.009138,0.001039,0.001973,0.000559,-0.053814,-0.051335,0.013413,0.015354,0.269575,-0.366245,0.252301,-0.153365
0.010923,0.009016,-0.009232,0.001032,0.001985,0.000543,-0.054042,-0.050616,0.012732,0.015430,0.269694,-0.366303,0.252095,-0.153082
0.010839,0.008846,-0.009317,0.001024,0.001995,0.000529,-0.054260,-0.049907,0.012074,0.015510,0.269842,-0.366530,0.251845,-0.152813
0.010749,0.008661,-0.009407,0.001014,0.002000,0.000517,-0.054522,-0.049109,0.011444,0.015530,0.270011,-0.366755,0.251591,-0.152525
0.010667,0.008490,-0.009488,0.001004,0.002006,0.000507,-0.054753,-0.048416,0.010916,0.015563,0.270117,-0.366859,0.251415,-0.152260
0.010579,0.008303,-0.009574,0.000996,0.002014,0.000500,-0.054994,-0.047660,0.010396,0.015587,0.270301,-0.366958,0.251176,-0.151996
0.010498,0.008131,-0.009653,0.000985,0.002017,0.000493,-0.055217,-0.046926,0.009937,0.015614,0.270530,-0.367096,0.250934,-0.151776
0.010412,0.007945,-0.009738,0.000974,0.002021,0.000489,-0.055500,-0.046064,0.009450,0.015561,0.270769,-0.367259,0.250666,-0.151513
0.010333,0.007772,-0.009816,0.000962,0.002021,0.000485,-0.055737,-0.045313,0.009074,0.015552,0.270982,-0.367363,0.250396,-0.151247
0.010248,0.007585,-0.009899,0.000952,0.002025,0.000484,-0.056002,-0.044473,0.008640,0.015536,0.271265,-0.367459,0.250050,-0.150974
0.010171,0.007413,-0.009977,0.000940,0.002025,0.000483,-0.056232,-0.043718,0.008324,0.015526,0.271533,-0.367589,0.249766,-0.150743
0.010089,0.007226,-0.010060,0.000926,0.002021,0.000482,-0.056533,-0.042835,0.007974,0.015448,0.271795,-0.367750,0.249453,-0.150450
0.010014,0.007054,-0.010137,0.000915,0.002022,0.000483,-0.056774,-0.042053,0.007715,0.015404,0.272068,-0.367844,0.249169,-0.150209
0.009933,0.006868,-0.010221,0.000901,0.002018,0.000484,-0.057020,-0.041233,0.007435,0.015385,0.272408,-0.367932,0.248829,-0.149973
0.009860,0.006696,-0.010299,0.000889,0.002017,0.000486,-0.057268,-0.040405,0.007166,0.015331,0.272734,-0.368040,0.248494,-0.149739
0.009783,0.006510,-0.010384,0.000875,0.002013,0.000488,-0.057537,-0.039556,0.006981,0.015260,0.273042,-0.368167,0.248167,-0.149462
0.009712,0.006339,-0.010462,0.000862,0.002010,0.000490,-0.057786,-0.038747,0.006775,0.015221,0.273349,-0.368265,0.247811,-0.149193
0.009636,0.006154,-0.010548,0.000848,0.002006,0.000493,-0.058023,-0.037890,0.006545,0.015179,0.273732,-0.368363,0.247456,-0.148974
0.009568,0.005983,-0.010627,0.000833,0.001999,0.000495,-0.058262,-0.037089,0.006381,0.015140,0.274057,-0.368481,0.247134,-0.148738
0.009495,0.005799,-0.010713,0.000820,0.001995,0.000498,-0.058528,-0.036224,0.006240,0.015075,0.274389,-0.368578,0.246754,-0.148443
0.009429,0.005630,-0.010793,0.000805,0.001988,0.000501,-0.058739,-0.035465,0.006149,0.015059,0.274731,-0.368650,0.246418,-0.148210
0.009358,0.005447,-0.010881,0.000791,0.001981,0.000504,-0.058987,-0.034591,0.005971,0.015009,0.275118,-0.368777,0.246056,-0.147980
0.009294,0.005279,-0.010962,0.000778,0.001976,0.000507,-0.059203,-0.033810,0.005904,0.014967,0.275465,-0.368884,0.245731,-0.147753
0.009226,0.005097,-0.011050,0.000763,0.001967,0.000510,-0.059447,-0.032978,0.005830,0.014923,0.275820,-0.368951,0.245349,-0.147474
0.009165,0.004930,-0.011132,0.000750,0.001960,0.000512,-0.059662,-0.032175,0.005725,0.014879,0.276190,-0.369025,0.244998,-0.147253
0.009099,0.004750,-0.011221,0.000736,0.001951,0.000514,-0.059886,-0.031355,0.005656,0.014840,0.276577,-0.369155,0.244642,-0.147023
0.009040,0.004584,-0.011304,0.000722,0.001943,0.000516,-0.060102,-0.030587,0.005609,0.014815,0.276924,-0.369245,0.244263,-0.146764
0.008977,0.004406,-0.011393,0.000708,0.001934,0.000517,-0.060320,-0.029773,0.005555,0.014769,0.277296,-0.369310,0.243910,-0.146524
0.008919,0.004242,-0.011476,0.000695,0.001925,0.000519,-0.060516,-0.029030,0.005511,0.014749,0.277639,-0.369416,0.243595,-0.146309
0.008859,0.004065,-0.011567,0.000682,0.001917,0.000519,-0.060725,-0.028229,0.005457,0.014726,0.278025,-0.369523,0.243210,-0.146064
0.008803,0.003902,-0.011650,0.000670,0.001908,0.000520,-0.060912,-0.027493,0.005422,0.014710,0.278377,-0.369585,0.242881,-0.145849
0.008745,0.003727,-0.011740,0.000657,0.001897,0.000519,-0.061123,-0.026703,0.005371,0.014677,0.278726,-0.369680,0.242540,-0.145605
0.008691,0.003566,-0.011823,0.000645,0.001887,0.000519,-0.061306,-0.025984,0.005338,0.014671,0.279068,-0.369775,0.242192,-0.145375
0.008635,0.003393,-0.011913,0.000632,0.001876,0.000518,-0.061496,-0.025230,0.005293,0.014665,0.279439,-0.369861,0.241835,-0.145147
0.008584,0.003234,-0.011995,0.000620,0.001866,0.000517,-0.061670,-0.024541,0.005272,0.014660,0.279758,-0.369948,0.241530,-0.144933
0.008529,0.003063,-0.012084,0.000608,0.001854,0.000515,-0.061860,-0.023804,0.005259,0.014645,0.280095,-0.370044,0.241203,-0.144695
0.008480,0.002906,-0.012167,0.000596,0.001843,0.000513,-0.062022,-0.023130,0.005244,0.014648,0.280426,-0.370120,0.240899,-0.144495
0.071519,0.028849,-0.003336,0.000001,-0.000000,0.000000,0.000000,0.000000,0.000000,0.000000,0.000000,0.000000,0.000000,0.000000
0.071517,0.028849,-0.003338,0.000034,-0.000000,0.000009,0.018327,-0.154584,0.323284,0.404075,0.207940,-0.606127,0.210012,-0.101610
0.071497,0.028847,-0.003348,0.000232,-0.000004,0.000058,0.018319,-0.154582,0.323282,0.404055,0.207938,-0.606127,0.210012,-0.101608
0.071438,0.028842,-0.003373,0.000726,-0.000008,0.000160,0.102914,-0.199664,0.345452,0.307618,0.223391,-0.191113,0.456355,-0.230718
0.071302,0.028831,-0.003420,0.001538,0.000013,0.000270,0.101248,-0.199296,0.344825,0.303388,0.222856,-0.191066,0.456433,-0.230153
0.071080,0.028812,-0.003479,0.002703,0.000061,0.000370,0.072367,-0.114862,0.335880,0.304126,0.390311,-0.346904,0.110458,-0.152515
0.070697,0.028785,-0.003564,0.004304,0.000093,0.000493,0.066730,-0.113523,0.328521,0.289166,0.389106,-0.347599,0.110167,-0.151704
0.070179,0.028748,-0.003642,0.006251,0.000228,0.000487,0.052260,-0.164146,0.308128,0.260593,0.209223,-0.372149,0.258172,-0.106516
0.069417,0.028684,-0.003665,0.008387,0.000651,0.000128,0.041712,-0.162179,0.290813,0.232897,0.206069,-0.374026,0.258657,-0.105930
0.068527,0.028594,-0.003594,0.010523,0.001260,-0.000442,0.050217,-0.150814,0.255480,0.209079,0.290155,-0.326040,0.287330,-0.203194
0.067375,0.028459,-0.003419,0.012488,0.001892,-0.001010,0.040483,-0.150339,0.212162,0.182563,0.284157,-0.330932,0.287337,-0.204927
0.066148,0.028302,-0.003171,0.014345,0.002496,-0.001552,0.016079,-0.137274,0.183695,0.154189,0.261504,-0.335338,0.218109,-0.134792
0.064647,0.028098,-0.002811,0.016137,0.003062,-0.002075,0.003979,-0.138365,0.143324,0.130220,0.244850,-0.338534,0.225232,-0.132032
0.063124,0.027880,-0.002409,0.017708,0.003571,-0.002511,-0.003050,-0.151522,0.087414,0.115302,0.221870,-0.384251,0.260910,-0.152313
0.061358,0.027612,-0.001926,0.018943,0.003990,-0.002784,-0.013844,-0.153304,0.046167,0.092825,0.211175,-0.388136,0.269566,-0.155576
0.059649,0.027340,-0.001462,0.019871,0.004315,-0.002905,-0.024524,-0.155716,0.023265,0.062150,0.194078,-0.347913,0.299944,-0.163777
0.057739,0.027019,-0.000958,0.020503,0.004558,-0.002907,-0.035526,-0.155099,-0.004663,0.040953,0.183809,-0.347880,0.308848,-0.165386
0.055944,0.026705,-0.000509,0.020917,0.004714,-0.002806,-0.043968,-0.144189,-0.035694,0.029703,0.200457,-0.367147,0.286100,-0.166801
0.053981,0.026348,-0.000054,0.021157,0.004795,-0.002623,-0.051739,-0.140965,-0.056432,0.014655,0.198732,-0.367715,0.290264,-0.170754
0.052164,0.026008,0.000330,0.021240,0.004828,-0.002401,-0.061875,-0.143635,-0.065762,-0.001868,0.175638,-0.364397,0.302343,-0.161013
0.050202,0.025628,0.000707,0.021230,0.004848,-0.002175,-0.069275,-0.140086,-0.076384,-0.015609,0.173187,-0.363467,0.303285,-0.160148
0.048403,0.025270,0.001020,0.021109,0.004846,-0.001953,-0.072022,-0.135857,-0.088557,-0.025139,0.184333,-0.366345,0.309900,-0.175765
0.046474,0.024876,0.001322,0.020948,0.004842,-0.001746,-0.076658,-0.132271,-0.098619,-0.035021,0.185780,-0.368255,0.310296,-0.178068
0.044714,0.024507,0.001572,0.020722,0.004830,-0.001558,-0.081939,-0.127369,-0.102718,-0.044713,0.183128,-0.360223,0.303895,-0.169847
0.042832,0.024102,0.001814,0.020462,0.004821,-0.001394,-0.086179,-0.124275,-0.109028,-0.053520,0.182196,-0.358965,0.303714,-0.169042
0.041120,0.023724,0.002014,0.020208,0.004819,-0.001254,-0.089103,-0.121708,-0.116939,-0.058209,0.184877,-0.369276,0.301198,-0.170942
0.039292,0.023311,0.002210,0.019919,0.004815,-0.001130,-0.091886,-0.118863,-0.123800,-0.064165,0.186149,-0.371163,0.300287,-0.171802
0.037632,0.022927,0.002374,0.019628,0.004813,-0.001023,-0.094604,-0.117992,-0.127346,-0.071398,0.181722,-0.365469,0.305817,-0.171595
0.035861,0.022508,0.002535,0.019325,0.004811,-0.000928,-0.097320,-0.115970,-0.132675,-0.077243,0.180500,-0.365060,0.306021,-0.170759
0.034252,0.022119,0.002669,0.019034,0.004812,-0.000843,-0.098829,-0.112369,-0.139239,-0.080755,0.185640,-0.367752,0.302192,-0.172743
0.032539,0.021696,0.002802,0.018743,0.004812,-0.000765,-0.100858,-0.110233,-0.145181,-0.085388,0.186319,-0.369066,0.301951,-0.173435
0.030983,0.021304,0.002913,0.018429,0.004803,-0.000692,-0.103505,-0.108914,-0.148902,-0.090157,0.182555,-0.368575,0.301672,-0.169857
0.029326,0.020878,0.003020,0.018126,0.004795,-0.000621,-0.105713,-0.107080,-0.154048,-0.095029,0.181640,-0.368426,0.301682,-0.169126
0.027823,0.020484,0.003109,0.017823,0.004783,-0.000551,-0.106866,-0.105539,-0.159088,-0.098160,0.183306,-0.370694,0.302943,-0.171858
0.026222,0.020057,0.003192,0.017528,0.004767,-0.000480,-0.108692,-0.103641,-0.164177,-0.102250,0.183626,-0.371807,0.302840,-0.172233
0.024771,0.019664,0.003257,0.017223,0.004744,-0.000406,-0.110451,-0.101800,-0.167353,-0.106314,0.182718,-0.369719,0.302649,-0.170857
0.023228,0.019239,0.003314,0.016925,0.004717,-0.000329,-0.112361,-0.100004,-0.171575,-0.110658,0.182262,-0.369617,0.302778,-0.170457
0.021829,0.018849,0.003353,0.016632,0.004686,-0.000247,-0.113772,-0.098006,-0.175512,-0.113618,0.183626,-0.371966,0.301480,-0.170779
0.020343,0.018428,0.003381,0.016310,0.004640,-0.000158,-0.115479,-0.095999,-0.179415,-0.117568,0.184220,-0.372694,0.301164,-0.170984
0.018998,0.018043,0.003391,0.016008,0.004593,-0.000065,-0.117158,-0.094518,-0.181750,-0.121520,0.183240,-0.371915,0.302003,-0.170378
0.017570,0.017630,0.003385,0.015686,0.004534,0.000036,-0.118772,-0.092574,-0.184328,-0.125266,0.183486,-0.371860,0.301852,-0.170146
0.016279,0.017253,0.003362,0.015385,0.004475,0.000143,-0.119990,-0.090363,-0.186770,-0.128431,0.185396,-0.372540,0.301151,-0.170987
0.014910,0.016850,0.003318,0.015074,0.004405,0.000257,-0.121460,-0.088235,-0.188831,-0.132082,0.186488,-0.372910,0.300616,-0.171089
0.013674,0.016484,0.003257,0.014742,0.004323,0.000376,-0.123015,-0.086155,-0.189835,-0.135684,0.186798,-0.372469,0.299837,-0.170155
0.012366,0.016094,0.003171,0.014427,0.004240,0.000501,-0.124566,-0.083911,-0.191101,-0.139625,0.187783,-0.372415,0.299219,-0.169952
0.011187,0.015742,0.003070,0.014108,0.004151,0.000630,-0.125623,-0.081782,-0.191497,-0.142457,0.189652,-0.373087,0.298576,-0.170514
0.009940,0.015369,0.002938,0.013769,0.004051,0.000762,-0.127032,-0.079372,-0.192115,-0.146200,0.191282,-0.373225,0.297703,-0.170610
0.008818,0.015032,0.002794,0.013439,0.003950,0.000897,-0.128232,-0.077145,-0.191535,-0.149581,0.192594,-0.372515,0.296940,-0.170234
0.007634,0.014678,0.002616,0.013098,0.003843,0.001030,-0.129445,-0.074731,-0.191014,-0.152945,0.194344,-0.372301,0.295942,-0.170139
0.006571,0.014359,0.002429,0.012766,0.003738,0.001164,-0.130376,-0.072295,-0.190129,-0.155758,0.196778,-0.372643,0.294508,-0.170347
0.005450,0.014024,0.002205,0.012421,0.003626,0.001293,-0.131404,-0.069849,-0.189084,-0.158902,0.198946,-0.372621,0.293243,-0.170306
0.004445,0.013725,0.001979,0.012084,0.003518,0.001418,-0.132314,-0.067589,-0.187365,-0.161730,0.200694,-0.372188,0.292113,-0.169934
0.003389,0.013411,0.001712,0.011741,0.003408,0.001536,-0.133181,-0.065199,-0.185764,-0.164619,0.202876,-0.372009,0.290806,-0.169812
0.002443,0.013132,0.001449,0.011387,0.003298,0.001643,-0.133768,-0.062916,-0.183886,-0.166901,0.205446,-0.372088,0.289404,-0.169988
0.001451,0.012839,0.001147,0.011047,0.003193,0.001744,-0.134433,-0.060596,-0.182041,-0.169430,0.207796,-0.371985,0.287974,-0.169895
0.000564,0.012578,0.000854,0.010697,0.003090,0.001833,-0.134781,-0.058551,-0.179585,-0.171149,0.209915,-0.371605,0.286585,-0.169595
-0.000365,0.012305,0.000523,0.010348,0.002990,0.001909,-0.135266,-0.056381,-0.177574,-0.173285,0.212155,-0.371473,0.285152,-0.169401
-0.001193,0.012062,0.000207,0.009996,0.002894,0.001974,-0.135379,-0.054522,-0.175147,-0.174555,0.214480,-0.371559,0.283741,-0.169302
-0.002058,0.011808,-0.000144,0.009655,0.002805,0.002027,-0.135539,-0.052611,-0.172983,-0.175956,0.216700,-0.371494,0.282362,-0.169163
-0.002827,0.011582,-0.000475,0.009312,0.002721,0.002068,-0.135408,-0.051023,-0.170484,-0.176716,0.218693,-0.371288,0.281183,-0.168969
-0.003630,0.011345,-0.000838,0.008959,0.002638,0.002092,-0.135395,-0.049366,-0.168316,-0.177731,0.220655,-0.371217,0.279934,-0.168696
-0.004342,0.011133,-0.001175,0.008622,0.002567,0.002106,-0.135075,-0.047976,-0.165998,-0.178019,0.222619,-0.371229,0.278712,-0.168506
-0.005083,0.010911,-0.001539,0.008280,0.002498,0.002105,-0.134669,-0.046645,-0.163910,-0.178130,0.224543,-0.371251,0.277577,-0.168390
-0.005739,0.010712,-0.001874,0.007946,0.002436,0.002094,-0.134141,-0.045553,-0.161790,-0.177883,0.226157,-0.371247,0.276573,-0.168136
-0.006419,0.010502,-0.002233,0.007610,0.002377,0.002070,-0.133615,-0.044517,-0.159758,-0.177633,0.227638,-0.371237,0.275619,-0.167770
-0.007020,0.010313,-0.002559,0.007290,0.002328,0.002039,-0.132871,-0.043717,-0.157786,-0.176814,0.229065,-0.371301,0.274794,-0.167557
-0.007643,0.010113,-0.002905,0.006954,0.002277,0.001993,-0.132090,-0.042953,-0.156051,-0.175978,0.230507,-0.371454,0.274029,-0.167423
-0.008190,0.009933,-0.003216,0.006639,0.002236,0.001944,-0.131240,-0.042378,-0.154283,-0.174854,0.231658,-0.371524,0.273395,-0.167157
-0.008756,0.009741,-0.003543,0.006329,0.002198,0.001888,-0.130263,-0.041903,-0.152548,-0.173438,0.232732,-0.371538,0.272800,-0.166866
-0.009253,0.009568,-0.003835,0.006019,0.002161,0.001824,-0.129221,-0.041549,-0.151006,-0.171792,0.233760,-0.371661,0.272283,-0.166680
-0.009764,0.009383,-0.004140,0.005718,0.002128,0.001758,-0.128251,-0.041210,-0.149529,-0.170325,0.234680,-0.371863,0.271838,-0.166410
-0.010211,0.009215,-0.004410,0.005426,0.002100,0.001689,-0.127105,-0.041100,-0.147971,-0.168313,0.235415,-0.371966,0.271484,-0.166118
-0.010671,0.009036,-0.004690,0.005135,0.002070,0.001616,-0.125992,-0.040915,-0.146681,-0.166450,0.236223,-0.372065,0.271179,-0.165956
-0.011072,0.008872,-0.004937,0.004860,0.002046,0.001544,-0.124813,-0.040910,-0.145276,-0.164341,0.236880,-0.372241,0.271006,-0.165768
-0.011482,0.008697,-0.005192,0.004584,0.002019,0.001469,-0.123679,-0.040861,-0.143939,-0.162260,0.237485,-0.372364,0.270732,-0.165464
-0.011838,0.008538,-0.005415,0.004317,0.001995,0.001396,-0.122488,-0.040907,-0.142672,-0.160053,0.238049,-0.372444,0.270577,-0.165263
-0.012202,0.008367,-0.005645,0.004062,0.001973,0.001325,-0.121314,-0.040961,-0.141436,-0.157853,0.238600,-0.372635,0.270464,-0.165077
-0.012517,0.008210,-0.005846,0.003812,0.001951,0.001256,-0.120087,-0.041102,-0.140147,-0.155427,0.239078,-0.372787,0.270318,-0.164852
-0.012836,0.008043,-0.006051,0.003569,0.001929,0.001188,-0.118978,-0.041136,-0.138947,-0.153295,0.239540,-0.372865,0.270247,-0.164634
-0.013112,0.007890,-0.006231,0.003333,0.001907,0.001123,-0.117809,-0.041306,-0.137644,-0.150955,0.239909,-0.372994,0.270251,-0.164419
-0.013390,0.007726,-0.006415,0.003107,0.001887,0.001062,-0.116679,-0.041354,-0.136496,-0.148671,0.240414,-0.373132,0.270097,-0.164231
-0.013628,0.007576,-0.006576,0.002887,0.001867,0.001003,-0.115496,-0.041505,-0.135254,-0.146268,0.240877,-0.373221,0.270053,-0.164106
-0.013868,0.007415,-0.006740,0.002671,0.001844,0.000947,-0.114465,-0.041553,-0.134022,-0.144102,0.241223,-0.373330,0.269987,-0.163831
-0.014071,0.007268,-0.006883,0.002466,0.001824,0.000897,-0.113382,-0.041670,-0.132708,-0.141803,0.241571,-0.373412,0.269905,-0.163572
-0.014274,0.007111,-0.007031,0.002268,0.001802,0.000850,-0.112315,-0.041718,-0.131492,-0.139547,0.242062,-0.373521,0.269828,-0.163453
-0.014446,0.006967,-0.007159,0.002074,0.001779,0.000805,-0.111277,-0.041792,-0.130198,-0.137319,0.242488,-0.373639,0.269781,-0.163311
-0.014614,0.006813,-0.007292,0.001887,0.001755,0.000763,-0.110332,-0.041771,-0.128857,-0.135240,0.242868,-0.373677,0.269670,-0.163040
-0.014755,0.006673,-0.007408,0.001708,0.001733,0.000725,-0.109315,-0.041846,-0.127487,-0.133013,0.243280,-0.373693,0.269562,-0.162847
-0.014893,0.006523,-0.007527,0.001533,0.001710,0.000688,-0.108348,-0.041821,-0.126227,-0.130872,0.243800,-0.373810,0.269393,-0.162711
-0.015005,0.006386,-0.007632,0.001366,0.001689,0.000655,-0.107412,-0.041831,-0.124849,-0.128770,0.244217,-0.373912,0.269276,-0.162516
-0.015112,0.006239,-0.007740,0.001203,0.001667,0.000624,-0.106529,-0.041789,-0.123440,-0.126732,0.244588,-0.373933,0.269143,-0.162253
-0.015198,0.006106,-0.007835,0.001044,0.001644,0.000595,-0.105615,-0.041758,-0.122110,-0.124649,0.245036,-0.373961,0.269008,-0.162096
-0.015278,0.005963,-0.007934,0.000893,0.001624,0.000569,-0.104728,-0.041661,-0.120796,-0.122597,0.245563,-0.374056,0.268832,-0.161968
-0.015339,0.005832,-0.008021,0.000745,0.001602,0.000544,-0.103855,-0.041636,-0.119364,-0.120527,0.245986,-0.374095,0.268633,-0.161743
-0.015392,0.005693,-0.008111,0.000603,0.001581,0.000521,-0.103050,-0.041497,-0.117960,-0.118561,0.246402,-0.374088,0.268421,-0.161479
-0.015429,0.005566,-0.008191,0.000466,0.001560,0.000501,-0.102209,-0.041442,-0.116528,-0.116558,0.246839,-0.374154,0.268284,-0.161312
-0.015458,0.005430,-0.008275,0.000332,0.001538,0.000482,-0.101399,-0.041301,-0.115148,-0.114560,0.247355,-0.374245,0.268041,-0.161137
-0.015474,0.005306,-0.008349,0.000204,0.001516,0.000464,-0.100590,-0.041193,-0.113720,-0.112598,0.247826,-0.374234,0.267844,-0.160964
-0.015480,0.005174,-0.008426,0.000079,0.001496,0.000447,-0.099821,-0.041061,-0.112238,-0.110662,0.248253,-0.374230,0.267641,-0.160727
-0.015475,0.005053,-0.008495,-0.000041,0.001475,0.000432,-0.099047,-0.040949,-0.110791,-0.108721,0.248712,-0.374268,0.267378,-0.160506
-0.015460,0.004924,-0.008568,-0.000157,0.001454,0.000418,-0.098281,-0.040769,-0.109362,-0.106787,0.249240,-0.374321,0.267132,-0.160344
-0.015436,0.004807,-0.008633,-0.000270,0.001434,0.000405,-0.097528,-0.040659,-0.107893,-0.104882,0.249677,-0.374356,0.266937,-0.160160
-0.015401,0.004682,-0.008701,-0.000380,0.001413,0.000393,-0.096800,-0.040477,-0.106404,-0.102975,0.250134,-0.374341,0.266663,-0.159914
-0.015359,0.004568,-0.008762,-0.000486,0.001394,0.000382,-0.096059,-0.040327,-0.104938,-0.101082,0.250614,-0.374332,0.266437,-0.159746
-0.015304,0.004446,-0.008826,-0.000589,0.001374,0.000371,-0.095334,-0.040149,-0.103451,-0.099168,0.251113,-0.374386,0.266167,-0.159554
-0.015246,0.004335,-0.008884,-0.000689,0.001355,0.000361,-0.094618,-0.039998,-0.101963,-0.097285,0.251578,-0.374393,0.265880,-0.159335
-0.015173,0.004216,-0.008945,-0.000786,0.001336,0.000352,-0.093909,-0.039797,-0.100442,-0.095386,0.252050,-0.374377,0.265632,-0.159129
-0.015099,0.004108,-0.009000,-0.000880,0.001317,0.000344,-0.093204,-0.039654,-0.098939,-0.093519,0.252498,-0.374404,0.265393,-0.158938
-0.015010,0.003992,-0.009058,-0.000971,0.001300,0.000336,-0.092499,-0.039443,-0.097426,-0.091598,0.253012,-0.374414,0.265075,-0.158729
-0.014920,0.003887,-0.009111,-0.001060,0.001281,0.000328,-0.091798,-0.039285,-0.095917,-0.089734,0.253482,-0.374396,0.264830,-0.158553
-0.014815,0.003775,-0.009166,-0.001146,0.001262,0.000321,-0.091109,-0.039076,-0.094361,-0.087815,0.253945,-0.374406,0.264543,-0.158321
-0.014711,0.003673,-0.009217,-0.001229,0.001244,0.000314,-0.090422,-0.038919,-0.092847,-0.085953,0.254407,-0.374403,0.264249,-0.158112
-0.014591,0.003564,-0.009270,-0.001311,0.001226,0.000308,-0.089727,-0.038728,-0.091294,-0.084029,0.254901,-0.374402,0.263956,-0.157911
-0.014474,0.003465,-0.009318,-0.001392,0.001209,0.000302,-0.089051,-0.038578,-0.089744,-0.082179,0.255344,-0.374408,0.263704,-0.157718
-0.014340,0.003358,-0.009370,-0.001468,0.001190,0.000295,-0.088368,-0.038373,-0.088138,-0.080256,0.255820,-0.374400,0.263416,-0.157502
-0.014210,0.003262,-0.009416,-0.001544,0.001174,0.000290,-0.087676,-0.038196,-0.086593,-0.078361,0.256301,-0.374376,0.263154,-0.157337
-0.014062,0.003159,-0.009465,-0.001618,0.001158,0.000284,-0.086988,-0.038024,-0.085015,-0.076440,0.256787,-0.374367,0.262836,-0.157124
-0.013919,0.003065,-0.009510,-0.001691,0.001142,0.000279,-0.086310,-0.037855,-0.083448,-0.074532,0.257243,-0.374346,0.262514,-0.156894
-0.013759,0.002964,-0.009557,-0.001760,0.001126,0.000273,-0.085624,-0.037656,-0.081820,-0.072579,0.257705,-0.374346,0.262244,-0.156695
-0.013605,0.002873,-0.009600,-0.001829,0.001110,0.000268,-0.084947,-0.037503,-0.080242,-0.070666,0.258147,-0.374361,0.261972,-0.156496
-0.013432,0.002775,-0.009646,-0.001896,0.001095,0.000263,-0.084252,-0.037319,-0.078631,-0.068691,0.258636,-0.374322,0.261649,-0.156285
-0.013267,0.002686,-0.009687,-0.001960,0.001079,0.000258,-0.083569,-0.037167,-0.077047,-0.066774,0.259085,-0.374285,0.261383,-0.156098
-0.013082,0.002591,-0.009731,-0.002024,0.001064,0.000253,-0.082883,-0.036981,-0.075389,-0.064778,0.259540,-0.374290,0.261074,-0.155869
-0.012907,0.002505,-0.009770,-0.002085,0.001049,0.000248,-0.082212,-0.036840,-0.073803,-0.062871,0.259982,-0.374276,0.260768,-0.155656
-0.012711,0.002413,-0.009813,-0.002146,0.001035,0.000243,-0.081510,-0.036669,-0.072157,-0.060851,0.260452,-0.374248,0.260473,-0.155455
-0.012526,0.002328,-0.009851,-0.002205,0.001020,0.000239,-0.080837,-0.036537,-0.070561,-0.058935,0.260875,-0.374239,0.260211,-0.155265
-0.012320,0.002239,-0.009891,-0.002260,0.001005,0.000234,-0.080138,-0.036358,-0.068870,-0.056892,0.261336,-0.374215,0.259899,-0.155042
-0.012125,0.002157,-0.009928,-0.002316,0.000990,0.000229,-0.079457,-0.036218,-0.067260,-0.054949,0.261777,-0.374174,0.259626,-0.154859
-0.011909,0.002069,-0.009967,-0.002372,0.000977,0.000225,-0.078771,-0.036077,-0.065589,-0.052953,0.262222,-0.374155,0.259307,-0.154627
-0.011705,0.001990,-0.010003,-0.002426,0.000963,0.000221,-0.078096,-0.035940,-0.063961,-0.051000,0.262653,-0.374130,0.259006,-0.154416
-0.011479,0.001905,-0.010040,-0.002477,0.000949,0.000217,-0.077390,-0.035770,-0.062252,-0.048941,0.263111,-0.374113,0.258739,-0.154239
-0.011266,0.001827,-0.010074,-0.002528,0.000935,0.000213,-0.076708,-0.035640,-0.060612,-0.046968,0.263538,-0.374093,0.258463,-0.154046
-0.011032,0.001745,-0.010111,-0.002579,0.000923,0.000210,-0.076011,-0.035490,-0.058903,-0.044922,0.263993,-0.374025,0.258123,-0.153809
-0.010811,0.001670,-0.010144,-0.002628,0.000909,0.000206,-0.075336,-0.035367,-0.057251,-0.042964,0.264416,-0.373983,0.257838,-0.153606
-0.010567,0.001589,-0.010179,-0.002671,0.000895,0.000202,-0.074630,-0.035206,-0.055504,-0.040867,0.264868,-0.373991,0.257534,-0.153400
-0.010339,0.001516,-0.010210,-0.002720,0.000883,0.000199,-0.073948,-0.035082,-0.053851,-0.038885,0.265297,-0.373967,0.257246,-0.153209
-0.010087,0.001438,-0.010244,-0.002765,0.000870,0.000196,-0.073262,-0.034969,-0.052138,-0.036874,0.265717,-0.373900,0.256936,-0.152973
-0.009851,0.001367,-0.010275,-0.002807,0.000857,0.000193,-0.072572,-0.034841,-0.050447,-0.034851,0.266139,-0.373853,0.256653,-0.152777
-0.009592,0.001291,-0.010308,-0.002851,0.000844,0.000190,-0.071866,-0.034683,-0.048687,-0.032761,0.266601,-0.373848,0.256374,-0.152609
-0.009349,0.001223,-0.010338,-0.002890,0.000830,0.000188,-0.071202,-0.034579,-0.046999,-0.030811,0.267012,-0.373809,0.256066,-0.152387
-0.009082,0.001149,-0.010371,-0.002931,0.000818,0.000187,-0.070495,-0.034429,-0.045200,-0.028707,0.267464,-0.373711,0.255738,-0.152158
-0.008832,0.001082,-0.010400,-0.002968,0.000804,0.000186,-0.069837,-0.034316,-0.043504,-0.026784,0.267882,-0.373683,0.255477,-0.151985
-0.008559,0.001011,-0.010432,-0.003007,0.000792,0.000185,-0.069143,-0.034168,-0.041685,-0.024698,0.268342,-0.373677,0.255134,-0.151759
-0.008303,0.000947,-0.010462,-0.003042,0.000779,0.000184,-0.068486,-0.034041,-0.039985,-0.022775,0.268778,-0.373601,0.254841,-0.151578
-0.008023,0.000878,-0.010494,-0.003078,0.000766,0.000184,-0.067787,-0.033897,-0.038157,-0.020700,0.269228,-0.373534,0.254548,-0.151381
-0.007762,0.000815,-0.010523,-0.003108,0.000752,0.000185,-0.067143,-0.033762,-0.036429,-0.018781,0.269660,-0.373493,0.254228,-0.151176
-0.007476,0.000749,-0.010556,-0.003141,0.000740,0.000185,-0.066457,-0.033598,-0.034579,-0.016722,0.270140,-0.373429,0.253882,-0.150965
-0.007209,0.000688,-0.010585,-0.003170,0.000726,0.000186,-0.065835,-0.033479,-0.032862,-0.014875,0.270558,-0.373375,0.253586,-0.150769
-0.006918,0.000624,-0.010618,-0.003184,0.000710,0.000187,-0.065161,-0.033319,-0.031006,-0.012843,0.271023,-0.373323,0.253240,-0.150548
-0.006647,0.000566,-0.010648,-0.003243,0.000704,0.000191,-0.064539,-0.033176,-0.029276,-0.010999,0.271470,-0.373264,0.252949,-0.150386
-0.006351,0.000504,-0.010682,-0.003249,0.000687,0.000193,-0.063969,-0.033071,-0.027527,-0.009276,0.271870,-0.373210,0.252603,-0.150128
-0.006076,0.000448,-0.010713,-0.003274,0.000674,0.000196,-0.063172,-0.032792,-0.025522,-0.006893,0.272470,-0.373106,0.252308,-0.150051
-0.005776,0.000389,-0.010748,-0.003295,0.000661,0.000200,-0.062633,-0.032651,-0.023853,-0.005286,0.272904,-0.373080,0.252056,-0.149931
-0.005498,0.000335,-0.010781,-0.003317,0.000648,0.000205,-0.062069,-0.032558,-0.022001,-0.003512,0.273282,-0.372952,0.251476,-0.149423
-0.005195,0.000278,-0.010817,-0.003331,0.000635,0.000209,-0.061442,-0.032310,-0.020183,-0.001612,0.273816,-0.372804,0.251175,-0.149326
-0.004913,0.000226,-0.010851,-0.003348,0.000622,0.000215,-0.060851,-0.032154,-0.018426,0.000121,0.274286,-0.372980,0.251035,-0.149320
-0.004608,0.000171,-0.010890,-0.003362,0.000609,0.000221,-0.060297,-0.031948,-0.016571,0.001902,0.274761,-0.372884,0.250542,-0.148997
-0.004324,0.000122,-0.010926,-0.003371,0.000595,0.000228,-0.059727,-0.031745,-0.014815,0.003553,0.275244,-0.372524,0.250227,-0.148828
-0.004016,0.000069,-0.010967,-0.003384,0.000582,0.000235,-0.059162,-0.031535,-0.012959,0.005309,0.275734,-0.372541,0.249938,-0.148689
-0.003732,0.000022,-0.011006,-0.003391,0.000569,0.000243,-0.058683,-0.031295,-0.011230,0.006874,0.276257,-0.372626,0.249405,-0.148424
-0.003423,-0.000028,-0.011050,-0.003391,0.000555,0.000251,-0.058120,-0.031048,-0.009355,0.008587,0.276795,-0.372429,0.249049,-0.148257
-0.003137,-0.000073,-0.011091,-0.003397,0.000542,0.000260,-0.057635,-0.030864,-0.007639,0.010071,0.277189,-0.372329,0.248837,-0.148117
-0.002828,-0.000121,-0.011138,-0.003396,0.000529,0.000269,-0.057166,-0.030611,-0.005837,0.011591,0.277710,-0.372295,0.248347,-0.147854
-0.002543,-0.000164,-0.011182,-0.003395,0.000516,0.000279,-0.056689,-0.030336,-0.004104,0.013057,0.278289,-0.372158,0.247968,-0.147739
-0.002235,-0.000209,-0.011232,-0.003388,0.000502,0.000289,-0.056222,-0.030075,-0.002320,0.014531,0.278784,-0.372094,0.247661,-0.147605
-0.001951,-0.000250,-0.011280,-0.003385,0.000490,0.000300,-0.055813,-0.029804,-0.000621,0.015873,0.279269,-0.372017,0.247205,-0.147355
-0.001644,-0.000293,-0.011334,-0.003369,0.000476,0.000310,-0.055390,-0.029506,0.001134,0.017229,0.279820,-0.371860,0.246788,-0.147176
-0.001362,-0.000331,-0.011386,-0.003359,0.000464,0.000321,-0.054990,-0.029228,0.002809,0.018513,0.280326,-0.371811,0.246455,-0.147049
-0.001058,-0.000372,-0.011443,-0.003346,0.000452,0.000332,-0.054637,-0.028922,0.004476,0.019714,0.280843,-0.371767,0.246002,-0.146836
-0.000778,-0.000409,-0.011498,-0.003326,0.000439,0.000343,-0.054284,-0.028619,0.006094,0.020859,0.281360,-0.371618,0.245607,-0.146666
-0.000478,-0.000448,-0.011559,-0.003304,0.000427,0.000354,-0.053919,-0.028285,0.007775,0.022071,0.281892,-0.371519,0.245264,-0.146549
-0.000202,-0.000483,-0.011618,-0.003283,0.000416,0.000365,-0.053638,-0.027977,0.009279,0.023049,0.282390,-0.371475,0.244827,-0.146361
0.000094,-0.000519,-0.011683,-0.003254,0.000404,0.000375,-0.053333,-0.027637,0.010880,0.024109,0.282931,-0.371340,0.244359,-0.146154
0.000365,-0.000552,-0.011744,-0.003226,0.000393,0.000385,-0.053062,-0.027312,0.012353,0.025042,0.283411,-0.371252,0.244027,-0.146037
0.000656,-0.000587,-0.011813,-0.003195,0.000383,0.000395,-0.052809,-0.026970,0.013862,0.025971,0.283911,-0.371224,0.243610,-0.145861
0.000921,-0.000619,-0.011878,-0.003159,0.000372,0.000404,-0.052588,-0.026633,0.015236,0.026777,0.284408,-0.371109,0.243191,-0.145697
0.001205,-0.000652,-0.011949,-0.003122,0.000363,0.000412,-0.052347,-0.026278,0.016672,0.027645,0.284911,-0.370990,0.242828,-0.145570
0.001464,-0.000682,-0.012016,-0.003084,0.000354,0.000420,-0.052183,-0.025952,0.017920,0.028311,0.285348,-0.370955,0.242433,-0.145402
0.001740,-0.000714,-0.012090,-0.003041,0.000345,0.000427,-0.051992,-0.025585,0.019260,0.029075,0.285845,-0.370869,0.241986,-0.145219
0.001992,-0.000742,-0.012159,-0.002995,0.000337,0.000432,-0.051841,-0.025253,0.020427,0.029687,0.286272,-0.370789,0.241667,-0.145112
0.002260,-0.000773,-0.012235,-0.002949,0.000330,0.000437,-0.051691,-0.024910,0.021635,0.030336,0.286704,-0.370747,0.241282,-0.144946
0.002503,-0.000801,-0.012306,-0.002900,0.000323,0.000441,-0.051593,-0.024586,0.022656,0.030817,0.287106,-0.370668,0.240897,-0.144785
0.002762,-0.000830,-0.012382,-0.002845,0.000316,0.000443,-0.051465,-0.024246,0.023762,0.031391,0.287524,-0.370591,0.240557,-0.144657
0.002996,-0.000857,-0.012453,-0.002792,0.000311,0.000444,-0.051394,-0.023935,0.024685,0.031811,0.287875,-0.370573,0.240241,-0.144530
0.003245,-0.000885,-0.012530,-0.002735,0.000306,0.000444,-0.051326,-0.023619,0.025606,0.032225,0.288241,-0.370518,0.239864,-0.144358
0.003470,-0.000911,-0.012601,-0.002676,0.000301,0.000442,-0.051274,-0.023324,0.026402,0.032573,0.288566,-0.370447,0.239576,-0.144242
0.003708,-0.000939,-0.012677,-0.002616,0.000298,0.000439,-0.051224,-0.023018,0.027213,0.032946,0.288885,-0.370432,0.239291,-0.144127
0.003922,-0.000965,-0.012747,-0.002553,0.000294,0.000435,-0.051218,-0.022748,0.027845,0.033183,0.289157,-0.370413,0.238985,-0.143984
0.004148,-0.000992,-0.012821,-0.002490,0.000292,0.000430,-0.051186,-0.022462,0.028521,0.033496,0.289445,-0.370346,0.238701,-0.143857
0.004352,-0.001017,-0.012889,-0.002425,0.000290,0.000423,-0.051205,-0.022222,0.029015,0.033659,0.289649,-0.370339,0.238484,-0.143750
0.004566,-0.001045,-0.012961,-0.002356,0.000288,0.000415,-0.051212,-0.021961,0.029560,0.033889,0.289881,-0.370339,0.238208,-0.143608
0.004758,-0.001070,-0.013026,-0.002291,0.000287,0.000406,-0.051245,-0.021735,0.029930,0.034009,0.290065,-0.370310,0.238010,-0.143516
0.004960,-0.001097,-0.013094,-0.002221,0.000286,0.000395,-0.051278,-0.021522,0.030286,0.034139,0.290225,-0.370306,0.237807,-0.143400
0.005140,-0.001122,-0.013156,-0.002151,0.000286,0.000384,-0.051328,-0.021314,0.030559,0.034236,0.290363,-0.370304,0.237615,-0.143293
0.005330,-0.001149,-0.013220,-0.002081,0.000287,0.000371,-0.051384,-0.021115,0.030807,0.034311,0.290485,-0.370302,0.237454,-0.143199
0.005498,-0.001174,-0.013277,-0.002010,0.000287,0.000357,-0.051465,-0.020962,0.030906,0.034305,0.290549,-0.370318,0.237299,-0.143085
0.005674,-0.001201,-0.013337,-0.001938,0.000288,0.000342,-0.051523,-0.020784,0.031035,0.034378,0.290642,-0.370319,0.237150,-0.142995
0.005831,-0.001227,-0.013389,-0.001868,0.000290,0.000327,-0.051617,-0.020656,0.031018,0.034328,0.290660,-0.370349,0.237072,-0.142928
0.005994,-0.001254,-0.013443,-0.001795,0.000291,0.000310,-0.051704,-0.020526,0.031022,0.034329,0.290675,-0.370372,0.236945,-0.142811
0.006139,-0.001279,-0.013490,-0.001724,0.000293,0.000294,-0.051801,-0.020414,0.030914,0.034272,0.290668,-0.370376,0.236880,-0.142746
0.006289,-0.001307,-0.013538,-0.001652,0.000294,0.000276,-0.051900,-0.020317,0.030802,0.034221,0.290642,-0.370418,0.236832,-0.142678
0.073344,0.250723,-0.456864,0.000000,0.000000,-0.000001,0.000000,0.000000,0.000000,0.000000,0.000000,0.000000,0.000000,0.000000
0.073333,0.250724,-0.456854,0.000045,0.000011,-0.000074,-0.585847,0.089235,1.000000,-1.000000,0.682010,0.079751,0.880162,-0.136055
0.073172,0.250738,-0.456713,0.000548,0.000208,-0.000815,-0.585841,0.089228,1.000000,-1.000000,0.682008,0.079749,0.880160,-0.136054
0.072544,0.250782,-0.456138,0.002083,0.001040,-0.003595,-0.208044,0.268892,1.000000,-0.993582,1.000000,0.092763,-0.034003,-0.559552
0.070809,0.250910,-0.454528,0.005121,0.002590,-0.009281,-0.205120,0.264188,1.000000,-0.990254,1.000000,0.090872,-0.036543,-0.558119
0.067727,0.251143,-0.451650,0.009644,0.004728,-0.017992,-0.295249,0.234659,1.000000,-1.000000,0.924183,0.138794,-0.012918,-0.064212
0.062336,0.251549,-0.446567,0.015077,0.007068,-0.029327,-0.270446,0.199476,1.000000,-1.000000,0.901328,0.116939,-0.024892,-0.053562
0.055077,0.252014,-0.439640,0.021086,0.009903,-0.043284,-0.202944,0.053604,1.000000,-1.000000,1.000000,-0.121849,0.010622,-0.298892
0.042133,0.252365,-0.427082,0.028195,0.015484,-0.062787,-0.148450,-0.034811,1.000000,-0.971029,0.997788,-0.169841,0.006865,-0.291072
0.026881,0.251885,-0.412019,0.035918,0.024082,-0.086949,-0.088753,-0.079791,1.000000,-0.959868,0.858066,-0.072364,0.087454,-0.250393
0.009262,0.250114,-0.394259,0.041976,0.034212,-0.110863,0.020656,-0.238786,1.000000,-0.831739,0.732893,-0.164156,0.071847,-0.234439
-0.013152,0.246131,-0.371154,0.046760,0.043960,-0.133436,0.178327,-0.450658,0.405325,-0.571880,0.621384,-0.308012,-0.091932,-0.193922
-0.035838,0.240205,-0.347115,0.049446,0.050395,-0.150255,0.321053,-0.683705,-0.424398,-0.362529,0.384371,-0.421196,-0.040289,-0.173578
-0.060923,0.231148,-0.319257,0.046425,0.054975,-0.160656,0.382651,-1.000000,-1.000000,-0.194541,-0.107182,-0.570239,0.185702,-0.057262
-0.083022,0.220517,-0.292968,0.038550,0.057359,-0.164339,0.341916,-1.000000,-1.000000,-0.141329,-0.542883,-0.594463,0.379750,0.030284
-0.104706,0.207024,-0.264915,0.028544,0.058560,-0.161824,0.325619,-1.000000,-1.000000,-0.129724,-0.686756,-0.564442,0.666230,-0.111279
-0.122170,0.193219,-0.240089,0.019669,0.059739,-0.155185,0.399080,-1.000000,-1.000000,0.033259,-0.632386,-0.545470,0.705370,-0.181087
-0.138058,0.177422,-0.215070,0.012027,0.061656,-0.144403,0.442215,-1.000000,-1.000000,0.156121,-0.541565,-0.497476,0.640061,-0.186701
-0.149821,0.162732,-0.194372,0.006260,0.063586,-0.129287,0.420728,-1.000000,-1.000000,0.167513,-0.557680,-0.496086,0.595932,-0.116030
-0.159498,0.147477,-0.175197,0.001671,0.065268,-0.110614,0.365312,-1.000000,-1.000000,0.123078,-0.586309,-0.542968,0.601377,-0.072464
-0.165877,0.134626,-0.160913,-0.000912,0.066053,-0.089287,0.296156,-0.959466,-1.000000,0.038867,-0.551699,-0.564309,0.664968,-0.122202
-0.170428,0.122593,-0.149445,-0.002100,0.065634,-0.066176,0.207746,-0.788598,-1.000000,-0.094976,-0.477236,-0.533599,0.757176,-0.207879
-0.172783,0.113590,-0.142741,-0.002244,0.064094,-0.041882,0.081632,-0.575941,-1.000000,-0.298842,-0.368730,-0.462708,0.809543,-0.260170
-0.173688,0.106290,-0.139664,-0.002029,0.061811,-0.017757,-0.077563,-0.337944,-1.000000,-0.535105,-0.209085,-0.369532,0.727100,-0.245654
-0.173332,0.101710,-0.140320,-0.001626,0.058779,0.004099,-0.254445,-0.068025,-0.920940,-0.808315,-0.000834,-0.286774,0.591491,-0.231966
-0.171947,0.098764,-0.144048,-0.002008,0.054615,0.021515,-0.433576,0.236079,-0.517419,-1.000000,0.203386,-0.250190,0.467147,-0.215639
-0.169942,0.097414,-0.149305,-0.004161,0.049699,0.032843,-0.566023,0.538468,-0.162521,-1.000000,0.413647,-0.211245,0.302000,-0.185279
-0.167208,0.096661,-0.155782,-0.007884,0.046063,0.037378,-0.582954,0.723903,-0.013498,-1.000000,0.660681,-0.142515,0.099712,-0.188150
-0.164306,0.095941,-0.161601,-0.013176,0.044747,0.036351,-0.564067,0.726708,0.119270,-1.000000,0.762965,-0.111255,-0.061959,-0.111217
-0.160830,0.094613,-0.167058,-0.019867,0.045434,0.031512,-0.545726,0.685577,0.231299,-1.000000,0.726520,-0.150448,-0.187554,0.017677
-0.157358,0.092667,-0.170950,-0.027422,0.046477,0.024314,-0.511195,0.636109,0.290934,-1.000000,0.701764,-0.234203,-0.160388,0.007741
-0.153384,0.089645,-0.173584,-0.035174,0.047478,0.015197,-0.447758,0.565558,0.271827,-1.000000,0.695915,-0.312466,-0.054818,-0.082732
-0.149645,0.085823,-0.174147,-0.042638,0.048734,0.003516,-0.355814,0.546392,0.206660,-0.834916,0.727039,-0.289357,-0.033114,-0.144828
-0.145638,0.080405,-0.172319,-0.049417,0.050083,-0.010545,-0.250244,0.555448,0.121604,-0.617449,0.759382,-0.225149,-0.071707,-0.170464
-0.141982,0.074311,-0.168270,-0.055573,0.050425,-0.025311,-0.150412,0.497599,0.008189,-0.361872,0.703719,-0.259427,-0.155049,-0.081017
-0.137939,0.066940,-0.161626,-0.061087,0.048222,-0.038303,-0.042894,0.385169,-0.176212,-0.056312,0.588096,-0.356965,-0.265089,0.058349
-0.134026,0.059899,-0.153954,-0.065307,0.044012,-0.047947,0.061109,0.203607,-0.333519,0.218384,0.441500,-0.478636,-0.195585,0.093411
-0.129551,0.052441,-0.144666,-0.067790,0.038721,-0.053607,0.139485,-0.008275,-0.357348,0.432016,0.247347,-0.574055,0.012234,0.075080
-0.125204,0.045913,-0.135687,-0.068709,0.033962,-0.056094,0.222428,-0.173342,-0.330041,0.601238,0.113842,-0.549051,0.206103,0.018752
-0.120269,0.039310,-0.125873,-0.069141,0.029910,-0.056631,0.305825,-0.290349,-0.304967,0.706938,0.075263,-0.465379,0.372679,-0.073051
-0.115512,0.033672,-0.116905,-0.069234,0.026587,-0.056040,0.339937,-0.347234,-0.238722,0.732163,0.069689,-0.421947,0.439447,-0.098494
-0.110171,0.028072,-0.107400,-0.069182,0.023481,-0.054842,0.342316,-0.349077,-0.155257,0.732172,0.087280,-0.406937,0.415780,-0.080251
-0.105134,0.023396,-0.098936,-0.068388,0.020677,-0.052900,0.355553,-0.344638,-0.134413,0.748091,0.117057,-0.413398,0.390997,-0.093328
-0.099686,0.018932,-0.090319,-0.066438,0.017706,-0.049736,0.378195,-0.354895,-0.157492,0.789339,0.129888,-0.436384,0.372834,-0.108177
-0.094818,0.015441,-0.083145,-0.062685,0.014738,-0.044812,0.372768,-0.361761,-0.132721,0.788729,0.108400,-0.432826,0.367011,-0.091903
-0.089919,0.012389,-0.076503,-0.057165,0.011768,-0.038329,0.340564,-0.363854,-0.054597,0.736623,0.065838,-0.411183,0.391530,-0.068804
-0.085905,0.010240,-0.071609,-0.049916,0.009109,-0.030577,0.299603,-0.347027,0.011291,0.646414,0.068793,-0.403315,0.415333,-0.077157
-0.082213,0.008639,-0.067856,-0.041836,0.006454,-0.021652,0.253289,-0.305218,0.053611,0.525543,0.123802,-0.396166,0.425339,-0.115808
-0.079424,0.007834,-0.065964,-0.033795,0.003765,-0.011829,0.183011,-0.241055,0.102994,0.351034,0.182681,-0.373921,0.420537,-0.143266
-0.076995,0.007615,-0.065553,-0.026805,0.001280,-0.002372,0.090638,-0.158924,0.176181,0.138826,0.237969,-0.344655,0.393596,-0.147310
-0.075168,0.007871,-0.066404,-0.021502,-0.000597,0.005318,-0.006139,-0.057659,0.249794,-0.086806,0.320801,-0.324147,0.351392,-0.163260
-0.073465,0.008450,-0.068204,-0.018214,-0.001694,0.010388,-0.086886,0.051928,0.301194,-0.284560,0.428257,-0.315327,0.298611,-0.198995
-0.072021,0.009103,-0.070277,-0.016512,-0.002077,0.012951,-0.143841,0.152493,0.318594,-0.423265,0.526288,-0.298542,0.219397,-0.220114
-0.070522,0.009807,-0.072638,-0.015715,-0.001877,0.013629,-0.174120,0.226359,0.310027,-0.485402,0.586116,-0.270005,0.119838,-0.205464
-0.069183,0.010397,-0.074763,-0.015144,-0.001417,0.013279,-0.188858,0.264971,0.292003,-0.494614,0.597583,-0.265879,0.035353,-0.164366
-0.067789,0.010950,-0.076925,-0.014517,-0.000914,0.012470,-0.200271,0.269125,0.284149,-0.487013,0.571549,-0.299885,-0.004392,-0.118829
-0.066575,0.011380,-0.078748,-0.013696,-0.000496,0.011397,-0.208604,0.251167,0.281474,-0.483267,0.537103,-0.337144,0.012055,-0.100386
-0.065357,0.011760,-0.080491,-0.012687,-0.000174,0.010050,-0.207883,0.229947,0.276307,-0.483370,0.522319,-0.348899,0.066417,-0.123054
-0.064332,0.012020,-0.081819,-0.011614,0.000143,0.008308,-0.199922,0.220386,0.261994,-0.482173,0.530558,-0.335642,0.107566,-0.158242
-0.063335,0.012180,-0.082861,-0.010529,0.000558,0.006010,-0.190379,0.223799,0.242306,-0.476020,0.548095,-0.310561,0.104269,-0.172050
-0.062517,0.012199,-0.083382,-0.009498,0.001006,0.003254,-0.182625,0.224278,0.211387,-0.462122,0.550101,-0.299219,0.071381,-0.155889
-0.061731,0.012084,-0.083423,-0.008611,0.001357,0.000236,-0.175601,0.209319,0.164862,-0.439551,0.528059,-0.317767,0.038455,-0.124862
-0.061078,0.011864,-0.082964,-0.007983,0.001551,-0.002868,-0.168353,0.176900,0.111338,-0.415461,0.488588,-0.353175,0.038840,-0.104666
-0.060415,0.011514,-0.081927,-0.007707,0.001660,-0.005984,-0.159429,0.133407,0.064140,-0.393758,0.441856,-0.381345,0.080384,-0.105660
-0.059814,0.011088,-0.080478,-0.007770,0.001803,-0.009053,-0.145184,0.091203,0.021943,-0.369340,0.404809,-0.387459,0.134225,-0.123049
-0.059146,0.010512,-0.078400,-0.008120,0.002037,-0.011988,-0.123317,0.056410,-0.023716,-0.333459,0.386320,-0.377882,0.172641,-0.146923
-0.058497,0.009881,-0.076059,-0.008635,0.002328,-0.014636,-0.099598,0.026358,-0.071128,-0.287967,0.371870,-0.371039,0.187524,-0.158091
-0.057745,0.009111,-0.073143,-0.009229,0.002570,-0.016815,-0.079534,-0.004279,-0.113526,-0.237733,0.343812,-0.375416,0.188708,-0.147056
-0.057000,0.008345,-0.070184,-0.009848,0.002719,-0.018505,-0.064001,-0.038251,-0.145640,-0.191442,0.303925,-0.388700,0.199865,-0.131680
-0.056140,0.007483,-0.066775,-0.010397,0.002757,-0.019661,-0.050164,-0.074796,-0.169144,-0.150576,0.263787,-0.405719,0.232468,-0.130840
-0.055302,0.006676,-0.063504,-0.010852,0.002741,-0.020434,-0.035658,-0.106578,-0.186156,-0.115653,0.235663,-0.413208,0.273943,-0.144618
-0.054356,0.005803,-0.059881,-0.011198,0.002674,-0.020913,-0.021354,-0.129716,-0.199347,-0.086112,0.219399,-0.404800,0.309558,-0.161585
-0.053456,0.005009,-0.056500,-0.011408,0.002573,-0.021128,-0.010240,-0.144181,-0.208433,-0.062036,0.210208,-0.392311,0.327299,-0.169234
-0.052460,0.004171,-0.052827,-0.011546,0.002425,-0.021196,-0.002446,-0.153829,-0.218541,-0.038784,0.203349,-0.389023,0.326868,-0.166209
-0.051526,0.003424,-0.049445,-0.011596,0.002247,-0.021102,0.001927,-0.161768,-0.226681,-0.020573,0.195449,-0.394907,0.323406,-0.160538
-0.050502,0.002650,-0.045809,-0.011658,0.002041,-0.021011,0.004990,-0.172939,-0.234070,-0.004390,0.180272,-0.403466,0.329540,-0.156724
-0.049549,0.001971,-0.042487,-0.011645,0.001815,-0.020764,0.007348,-0.183141,-0.239497,0.006825,0.166104,-0.406715,0.341919,-0.157676
-0.048509,0.001276,-0.038937,-0.011632,0.001562,-0.020478,0.011807,-0.193208,-0.247355,0.019954,0.156295,-0.404968,0.356187,-0.163879
-0.047544,0.000675,-0.035714,-0.011600,0.001302,-0.020113,0.014593,-0.198888,-0.252651,0.029125,0.152197,-0.401957,0.364061,-0.168969
-0.046492,0.000071,-0.032291,-0.011623,0.001021,-0.019776,0.015943,-0.203687,-0.255426,0.038158,0.146644,-0.399878,0.366768,-0.168545
-0.045516,-0.000441,-0.029206,-0.011599,0.000730,-0.019284,0.016441,-0.207193,-0.257665,0.045765,0.141544,-0.400032,0.366490,-0.166298
-0.044454,-0.000944,-0.025957,-0.011592,0.000417,-0.018736,0.018742,-0.212831,-0.262666,0.056833,0.136088,-0.403218,0.368593,-0.166704
-0.043469,-0.001357,-0.023056,-0.011608,0.000100,-0.018137,0.019086,-0.216950,-0.262776,0.062845,0.130940,-0.405215,0.373095,-0.167969
-0.042397,-0.001748,-0.020034,-0.011609,-0.000238,-0.017428,0.018467,-0.221285,-0.258249,0.067009,0.123542,-0.403498,0.380224,-0.168311
-0.041405,-0.002055,-0.017368,-0.011628,-0.000577,-0.016671,0.018725,-0.223400,-0.254747,0.071106,0.121488,-0.400878,0.384313,-0.170637
-0.040328,-0.002327,-0.014627,-0.011620,-0.000929,-0.015805,0.019476,-0.223974,-0.251980,0.075446,0.124014,-0.399836,0.386170,-0.175131
-0.039332,-0.002521,-0.012244,-0.011626,-0.001276,-0.014898,0.018463,-0.223379,-0.244779,0.077255,0.125109,-0.398794,0.385699,-0.175803
-0.038255,-0.002672,-0.009830,-0.011624,-0.001623,-0.013929,0.016099,-0.222108,-0.234781,0.077128,0.124277,-0.396220,0.384316,-0.173794
-0.037261,-0.002756,-0.007763,-0.011618,-0.001952,-0.012926,0.014286,-0.220085,-0.224853,0.076296,0.126449,-0.394938,0.383947,-0.174873
-0.036187,-0.002791,-0.005702,-0.011594,-0.002267,-0.011890,0.013024,-0.217623,-0.215885,0.076231,0.131006,-0.395432,0.383382,-0.178122
-0.035201,-0.002774,-0.003966,-0.011559,-0.002555,-0.010847,0.010700,-0.213525,-0.204086,0.073484,0.135862,-0.393200,0.381525,-0.179712
-0.034137,-0.002705,-0.002264,-0.011518,-0.002820,-0.009820,0.007726,-0.209151,-0.190497,0.069779,0.139328,-0.388952,0.379556,-0.179624
-0.033161,-0.002600,-0.000853,-0.011476,-0.003053,-0.008824,0.004822,-0.203502,-0.178034,0.065789,0.145450,-0.386966,0.375323,-0.180156
-0.032111,-0.002446,0.000509,-0.011400,-0.003252,-0.007850,0.002634,-0.197754,-0.167098,0.063237,0.153317,-0.386813,0.370115,-0.181838
-0.031150,-0.002270,0.001620,-0.011353,-0.003426,-0.006948,-0.000104,-0.191837,-0.155269,0.059518,0.159632,-0.385454,0.365296,-0.182193
-0.030116,-0.002049,0.002675,-0.011263,-0.003562,-0.006082,-0.003369,-0.186233,-0.142477,0.055115,0.163795,-0.382844,0.361180,-0.181020
-0.029171,-0.001821,0.003521,-0.011195,-0.003676,-0.005292,-0.005897,-0.180519,-0.131070,0.051742,0.169612,-0.381318,0.356563,-0.181022
-0.028155,-0.001551,0.004311,-0.011107,-0.003761,-0.004558,-0.007906,-0.174733,-0.121529,0.049136,0.176880,-0.380993,0.351740,-0.182452
-0.027227,-0.001285,0.004933,-0.011021,-0.003825,-0.003888,-0.010079,-0.169260,-0.111439,0.046301,0.182626,-0.379849,0.347040,-0.182419
-0.026230,-0.000981,0.005501,-0.010925,-0.003871,-0.003275,-0.012348,-0.164275,-0.101172,0.043789,0.186663,-0.377676,0.342401,-0.180976
-0.025320,-0.000689,0.005936,-0.010826,-0.003901,-0.002719,-0.014239,-0.159383,-0.092214,0.041528,0.191533,-0.376624,0.337947,-0.180528
-0.024343,-0.000363,0.006320,-0.010722,-0.003918,-0.002214,-0.015581,-0.155043,-0.084096,0.040394,0.196816,-0.376820,0.333837,-0.180927
-0.023451,-0.000055,0.006600,-0.010619,-0.003927,-0.001754,-0.017085,-0.150860,-0.076155,0.038790,0.201113,-0.376087,0.329975,-0.180576
-0.022494,0.000286,0.006832,-0.010513,-0.003929,-0.001336,-0.018406,-0.147266,-0.067795,0.037506,0.204340,-0.374322,0.326851,-0.179760
-0.021620,0.000605,0.006984,-0.010405,-0.003925,-0.000953,-0.019573,-0.143707,-0.060416,0.036376,0.208074,-0.373465,0.323577,-0.179410
-0.020682,0.000954,0.007089,-0.010302,-0.003919,-0.000603,-0.020304,-0.140399,-0.053331,0.036039,0.212402,-0.373285,0.320103,-0.179540
-0.019826,0.001280,0.007134,-0.010192,-0.003909,-0.000281,-0.021200,-0.137280,-0.046466,0.035234,0.215901,-0.372563,0.317093,-0.179241
-0.018907,0.001635,0.007131,-0.010098,-0.003902,0.000018,-0.021915,-0.134612,-0.038965,0.034816,0.218637,-0.371343,0.314474,-0.178506
-0.018068,0.001965,0.007084,-0.009994,-0.003891,0.000296,-0.022620,-0.131875,-0.032348,0.034197,0.221800,-0.370603,0.311792,-0.178192
-0.017168,0.002323,0.006988,-0.009882,-0.003874,0.000554,-0.022878,-0.129387,-0.025385,0.034321,0.225467,-0.370178,0.309202,-0.178382
-0.016345,0.002654,0.006860,-0.009789,-0.003864,0.000797,-0.023373,-0.126909,-0.018820,0.033923,0.228576,-0.369453,0.306755,-0.178194
-0.015462,0.003013,0.006683,-0.009680,-0.003846,0.001023,-0.023780,-0.124599,-0.011838,0.033574,0.231347,-0.368331,0.304330,-0.177629
-0.014655,0.003345,0.006485,-0.009587,-0.003834,0.001237,-0.024099,-0.122309,-0.005231,0.033354,0.234398,-0.367548,0.301968,-0.177424
-0.013790,0.003704,0.006236,-0.009485,-0.003817,0.001437,-0.024267,-0.120064,0.001314,0.033342,0.237731,-0.367111,0.299506,-0.177456
-0.012998,0.004034,0.005976,-0.009387,-0.003800,0.001625,-0.024493,-0.117893,0.007806,0.033140,0.240735,-0.366403,0.297182,-0.177235
-0.012149,0.004391,0.005663,-0.009290,-0.003781,0.001801,-0.024662,-0.115826,0.014699,0.033051,0.243493,-0.365376,0.295005,-0.176847
-0.011372,0.004719,0.005349,-0.009189,-0.003759,0.001963,-0.024832,-0.113746,0.020955,0.032823,0.246402,-0.364676,0.292763,-0.176629
-0.010539,0.005072,0.004983,-0.009095,-0.003737,0.002115,-0.024802,-0.111693,0.027501,0.032967,0.249651,-0.364120,0.290410,-0.176591
-0.009778,0.005395,0.004622,-0.008985,-0.003707,0.002250,-0.024921,-0.109697,0.033511,0.032778,0.252475,-0.363451,0.288213,-0.176362
-0.008962,0.005743,0.004211,-0.008896,-0.003681,0.002377,-0.024887,-0.107792,0.040119,0.032898,0.255231,-0.362590,0.286013,-0.175974
-0.008217,0.006060,0.003813,-0.008780,-0.003641,0.002482,-0.024962,-0.105907,0.045674,0.032746,0.257894,-0.361991,0.283867,-0.175698
-0.007419,0.006399,0.003367,-0.008681,-0.003604,0.002577,-0.024749,-0.104088,0.051884,0.033144,0.260873,-0.361457,0.281667,-0.175575
-0.006690,0.006708,0.002942,-0.008559,-0.003553,0.002650,-0.024765,-0.102359,0.056960,0.033119,0.263307,-0.360935,0.279649,-0.175274
-0.005912,0.007037,0.002472,-0.008458,-0.003505,0.002714,-0.024538,-0.100723,0.062659,0.033533,0.265801,-0.360249,0.277540,-0.174850
-0.005203,0.007334,0.002032,-0.008324,-0.003439,0.002750,-0.024469,-0.099191,0.067149,0.033701,0.267975,-0.359798,0.275676,-0.174526
-0.004446,0.007648,0.001552,-0.008200,-0.003371,0.002771,-0.024129,-0.097745,0.072214,0.034400,0.270340,-0.359429,0.273719,-0.174241
-0.003758,0.007931,0.001109,-0.008051,-0.003289,0.002766,-0.023978,-0.096460,0.075858,0.034783,0.272152,-0.359100,0.272002,-0.173853
-0.003026,0.008228,0.000633,-0.007909,-0.003202,0.002745,-0.023589,-0.095305,0.079774,0.035589,0.273951,-0.358696,0.270242,-0.173380
-0.002363,0.008493,0.000201,-0.007764,-0.003110,0.002706,-0.023374,-0.094338,0.082437,0.036195,0.275261,-0.358516,0.268788,-0.172928
-0.001660,0.008770,-0.000257,-0.007598,-0.003003,0.002642,-0.022969,-0.093498,0.085307,0.037205,0.276558,-0.358407,0.267312,-0.172448
-0.001025,0.009015,-0.000667,-0.007422,-0.002889,0.002558,-0.022625,-0.092861,0.087404,0.038226,0.277447,-0.358288,0.266270,-0.172055
-0.000354,0.009268,-0.001092,-0.007247,-0.002769,0.002457,-0.022167,-0.092396,0.089017,0.039421,0.278140,-0.358221,0.265222,-0.171566
0.000250,0.009490,-0.001466,-0.007055,-0.002639,0.002335,-0.021751,-0.092117,0.089522,0.040576,0.278534,-0.358261,0.264281,-0.171055
0.000886,0.009718,-0.001847,-0.006864,-0.002505,0.002201,-0.021253,-0.091988,0.090214,0.042050,0.278721,-0.358329,0.263577,-0.170566
0.001455,0.009915,-0.002175,-0.006647,-0.002361,0.002049,-0.020900,-0.092091,0.089832,0.043342,0.278325,-0.358579,0.263156,-0.169979
0.002051,0.010116,-0.002503,-0.006446,-0.002220,0.001892,-0.020360,-0.092308,0.089413,0.045000,0.277992,-0.358755,0.262796,-0.169477
0.002583,0.010288,-0.002779,-0.006222,-0.002070,0.001722,-0.019976,-0.092732,0.087762,0.046349,0.277211,-0.359034,0.262826,-0.169075
0.003138,0.010460,-0.003047,-0.006002,-0.001921,0.001549,-0.019485,-0.093240,0.086562,0.048051,0.276370,-0.359297,0.262848,-0.168573
0.003630,0.010607,-0.003267,-0.005776,-0.001770,0.001372,-0.019196,-0.093861,0.084414,0.049427,0.275127,-0.359584,0.263152,-0.168089
0.004142,0.010752,-0.003474,-0.005549,-0.001621,0.001197,-0.018763,-0.094568,0.082229,0.051046,0.273939,-0.359922,0.263464,-0.167662
0.004594,0.010874,-0.003638,-0.005317,-0.001473,0.001023,-0.018477,-0.095340,0.079453,0.052459,0.272534,-0.360314,0.264019,-0.167320
0.005062,0.010992,-0.003786,-0.005089,-0.001328,0.000856,-0.018200,-0.096152,0.076869,0.053904,0.271005,-0.360650,0.264608,-0.166892
0.005474,0.011090,-0.003898,-0.004861,-0.001188,0.000698,-0.018068,-0.096981,0.073816,0.055073,0.269326,-0.360971,0.265337,-0.166488
0.005899,0.011185,-0.003993,-0.004637,-0.001054,0.000551,-0.017883,-0.097782,0.070877,0.056354,0.267778,-0.361319,0.266092,-0.166210
0.006273,0.011261,-0.004060,-0.004414,-0.000927,0.000416,-0.017856,-0.098541,0.067709,0.057331,0.266171,-0.361694,0.266940,-0.165979
0.006656,0.011334,-0.004111,-0.004195,-0.000807,0.000297,-0.017862,-0.099247,0.064879,0.058281,0.264587,-0.361948,0.267733,-0.165669
0.006991,0.011391,-0.004142,-0.003979,-0.000695,0.000192,-0.018019,-0.099866,0.061909,0.058877,0.263026,-0.362168,0.268572,-0.165413
0.007335,0.011445,-0.004160,-0.003770,-0.000592,0.000104,-0.018189,-0.100389,0.059183,0.059433,0.261656,-0.362441,0.269336,-0.165231
0.007634,0.011486,-0.004165,-0.003561,-0.000496,0.000031,-0.018507,-0.100783,0.056438,0.059642,0.260374,-0.362698,0.270065,-0.165085
0.007940,0.011524,-0.004160,-0.003362,-0.000408,-0.000027,-0.018850,-0.101072,0.054078,0.059804,0.259199,-0.362838,0.270735,-0.164927
0.008206,0.011551,-0.004149,-0.003172,-0.000327,-0.000070,-0.019356,-0.101222,0.051659,0.059557,0.258108,-0.362969,0.271344,-0.164779
0.008477,0.011575,-0.004132,-0.002977,-0.000253,-0.000099,-0.019841,-0.101247,0.049556,0.059357,0.257246,-0.363110,0.271804,-0.164667
0.008711,0.011591,-0.004114,-0.002796,-0.000187,-0.000115,-0.020426,-0.101130,0.047552,0.058919,0.256516,-0.363233,0.272225,-0.164618
0.008948,0.011603,-0.004093,-0.002620,-0.000127,-0.000118,-0.021122,-0.100914,0.045769,0.058208,0.255824,-0.363312,0.272537,-0.164464
0.009153,0.011610,-0.004076,-0.002446,-0.000073,-0.000110,-0.021869,-0.100577,0.044173,0.057355,0.255280,-0.363338,0.272759,-0.164316
0.009360,0.011613,-0.004060,-0.002283,-0.000025,-0.000093,-0.022611,-0.100113,0.042755,0.056483,0.254955,-0.363395,0.272937,-0.164313
0.009538,0.011611,-0.004049,-0.002122,0.000019,-0.000068,-0.023459,-0.099546,0.041393,0.055302,0.254725,-0.363471,0.273002,-0.164270
0.009717,0.011606,-0.004042,-0.001968,0.000058,-0.000036,-0.024304,-0.098887,0.040343,0.054160,0.254577,-0.363421,0.272944,-0.164140
0.009870,0.011598,-0.004042,-0.001820,0.000094,0.000001,-0.025213,-0.098134,0.039301,0.052801,0.254523,-0.363378,0.272862,-0.164071
0.010023,0.011587,-0.004050,-0.001678,0.000127,0.000042,-0.026114,-0.097316,0.038415,0.051452,0.254606,-0.363429,0.272661,-0.163997
0.010153,0.011573,-0.004063,-0.001542,0.000157,0.000086,-0.027048,-0.096423,0.037586,0.049999,0.254764,-0.363433,0.272395,-0.163918
0.010282,0.011555,-0.004086,-0.001412,0.000186,0.000131,-0.027974,-0.095488,0.036920,0.048537,0.254948,-0.363378,0.272133,-0.163832
0.010392,0.011536,-0.004114,-0.001288,0.000214,0.000177,-0.028921,-0.094515,0.036279,0.047000,0.255184,-0.363355,0.271807,-0.163727
0.010499,0.011513,-0.004153,-0.001169,0.000241,0.000222,-0.029836,-0.093485,0.035716,0.045523,0.255535,-0.363342,0.271392,-0.163636
0.010590,0.011490,-0.004195,-0.001056,0.000266,0.000266,-0.030745,-0.092452,0.035113,0.044017,0.255894,-0.363335,0.270976,-0.163553
0.010678,0.011461,-0.004249,-0.000948,0.000292,0.000309,-0.031635,-0.091398,0.034612,0.042572,0.256250,-0.363325,0.270518,-0.163411
0.010751,0.011433,-0.004305,-0.000846,0.000316,0.000350,-0.032528,-0.090352,0.034122,0.041098,0.256599,-0.363309,0.270061,-0.163260
0.010822,0.011400,-0.004372,-0.000749,0.000341,0.000389,-0.033386,-0.089293,0.033699,0.039690,0.256997,-0.363312,0.269605,-0.163130
0.010879,0.011367,-0.004440,-0.000657,0.000364,0.000426,-0.034215,-0.088247,0.033236,0.038313,0.257410,-0.363331,0.269150,-0.163020
0.010934,0.011329,-0.004520,-0.000570,0.000388,0.000460,-0.035014,-0.087187,0.032832,0.036995,0.257846,-0.363323,0.268671,-0.162889
0.010978,0.011291,-0.004599,-0.000489,0.000411,0.000492,-0.035800,-0.086162,0.032427,0.035693,0.258243,-0.363307,0.268199,-0.162731
0.011018,0.011249,-0.004689,-0.000411,0.000434,0.000521,-0.036561,-0.085123,0.032076,0.034448,0.258667,-0.363315,0.267701,-0.162560
0.011050,0.011207,-0.004777,-0.000338,0.000457,0.000547,-0.037289,-0.084110,0.031689,0.033257,0.259090,-0.363349,0.267232,-0.162419
0.011078,0.011160,-0.004875,-0.000269,0.000480,0.000570,-0.037980,-0.083110,0.031313,0.032126,0.259518,-0.363380,0.266758,-0.162266
0.011098,0.011115,-0.004970,-0.000205,0.000504,0.000590,-0.038645,-0.082153,0.030909,0.031048,0.259906,-0.363390,0.266290,-0.162094
0.011115,0.011063,-0.005075,-0.000144,0.000528,0.000608,-0.039289,-0.081185,0.030554,0.030018,0.260300,-0.363409,0.265835,-0.161916
0.011126,0.011013,-0.005175,-0.000087,0.000551,0.000622,-0.039904,-0.080265,0.030159,0.029047,0.260660,-0.363465,0.265403,-0.161743
0.011133,0.010957,-0.005285,-0.000033,0.000576,0.000635,-0.040488,-0.079330,0.029770,0.028136,0.261054,-0.363513,0.264954,-0.161570
0.011135,0.010903,-0.005388,0.000016,0.000600,0.000644,-0.041034,-0.078467,0.029334,0.027290,0.261393,-0.363550,0.264548,-0.161402
0.011142,0.010859,-0.005522,-0.000032,0.000431,0.000775,-0.041577,-0.077571,0.028948,0.026475,0.261739,-0.363594,0.264126,-0.161202
0.011145,0.010731,-0.005712,0.000044,0.001439,0.001188,-0.042078,-0.076744,0.028522,0.025743,0.262037,-0.363656,0.263742,-0.161013
0.011135,0.010433,-0.005983,0.000215,0.003173,0.001560,-0.043146,-0.076348,0.035395,0.023347,0.263076,-0.362644,0.264291,-0.161102
0.011126,0.010163,-0.006237,0.000202,0.003111,0.001589,-0.047698,-0.059933,0.030476,0.019853,0.266944,-0.363056,0.265256,-0.162555
0.011122,0.009946,-0.006548,0.000154,0.002258,0.001796,-0.051018,-0.034744,0.008479,0.020278,0.274799,-0.365976,0.263715,-0.166441
0.011107,0.009806,-0.006804,0.000279,0.001564,0.001600,-0.051280,-0.034399,0.004989,0.026174,0.279220,-0.361953,0.246948,-0.158320
0.011080,0.009584,-0.007122,0.000397,0.002313,0.001833,-0.056910,-0.042475,0.025586,0.024985,0.276510,-0.351628,0.225393,-0.138599
0.011052,0.009322,-0.007422,0.000448,0.002999,0.001875,-0.059063,-0.053452,0.037646,0.019718,0.265683,-0.362076,0.233666,-0.134454
0.011031,0.008929,-0.007658,0.000308,0.004227,0.001363,-0.059551,-0.042039,0.027537,0.016656,0.269085,-0.385704,0.253290,-0.149572
0.010968,0.008415,-0.008061,0.000875,0.005950,0.002519,-0.055965,-0.031104,0.013654,0.016530,0.278930,-0.380952,0.267520,-0.168131
0.010884,0.007822,-0.008535,0.001070,0.006338,0.002732,-0.049255,-0.022543,-0.020189,0.037261,0.283553,-0.357043,0.250509,-0.163619
0.010806,0.007284,-0.008935,0.001034,0.006236,0.002500,-0.067478,0.014215,-0.018902,0.017281,0.291192,-0.346076,0.229771,-0.147495
0.010719,0.006680,-0.009385,0.001078,0.006477,0.002598,-0.084378,0.020069,0.005465,0.006211,0.273708,-0.365575,0.224358,-0.122154
0.010635,0.005991,-0.009817,0.001108,0.008032,0.002699,-0.079210,0.016768,-0.021727,0.029089,0.283893,-0.380683,0.192828,-0.114068
0.010552,0.005260,-0.010261,0.001001,0.007870,0.002562,-0.070672,0.020164,-0.043676,0.036216,0.302506,-0.379396,0.209317,-0.142620
0.010473,0.004585,-0.010672,0.001021,0.007871,0.002571,-0.082582,0.032736,-0.036497,0.028162,0.273570,-0.386509,0.241109,-0.134033
0.010389,0.003915,-0.011150,0.001001,0.007196,0.002759,-0.087909,0.036657,-0.021939,0.026703,0.266631,-0.372039,0.222936,-0.111349
0.010310,0.003500,-0.011589,0.001000,0.004767,0.002742,-0.080493,0.040323,-0.039206,0.038790,0.297720,-0.357508,0.207358,-0.127530
0.010224,0.003025,-0.012058,0.001007,0.005055,0.002703,-0.081178,0.037981,-0.030615,0.035293,0.304027,-0.377624,0.211903,-0.134979
0.010152,0.002502,-0.012423,0.000890,0.006084,0.002280,-0.091259,0.015852,0.025416,0.015506,0.280631,-0.381739,0.206150,-0.104685
0.010075,0.001948,-0.012788,0.000883,0.005957,0.002108,-0.088323,0.021889,0.016816,0.015023,0.282753,-0.367018,0.213001,-0.110493
0.010004,0.001460,-0.013113,0.000872,0.005691,0.002032,-0.069294,0.034095,-0.036040,0.031978,0.308225,-0.385602,0.241095,-0.159488
0.029257,-0.194781,0.816641,-0.000071,-0.000058,0.000072,0.000000,0.000000,0.000000,0.000000,0.000000,0.000000,0.000000,0.000000
0.029251,-0.194803,0.816630,-0.000011,0.000294,0.000080,0.777034,-0.736395,-1.000000,1.000000,-0.632362,-1.000000,-0.766524,-0.001131
0.029108,-0.194866,0.816506,0.000794,0.000613,0.000773,0.776991,-0.736402,-1.000000,1.000000,-0.632173,-1.000000,-0.766420,-0.001273
0.028567,-0.194989,0.816079,0.003084,0.000931,0.002474,0.469874,-0.843334,-1.000000,1.000000,-1.000000,-0.788554,0.379677,0.165305
0.027624,-0.195433,0.815379,0.006114,0.004537,0.004373,0.463808,-0.838570,-1.000000,1.000000,-1.000000,-0.787318,0.381231,0.166306
0.025637,-0.196058,0.813684,0.010397,0.005287,0.009778,0.525534,-0.648761,-1.000000,1.000000,-0.948581,-0.956043,0.192548,-0.061734
0.022338,-0.196643,0.810507,0.015961,0.004034,0.019852,0.506046,-0.621593,-1.000000,1.000000,-0.949706,-0.956903,0.194838,-0.059476
0.016589,-0.197093,0.804499,0.022358,0.000701,0.034665,0.419947,-0.609111,-1.000000,1.000000,-1.000000,-0.802871,0.176367,0.123951
0.009139,-0.197294,0.796456,0.029343,-0.001854,0.050262,0.346360,-0.576037,-1.000000,1.000000,-1.000000,-0.774472,0.191664,0.136763
-0.001232,-0.197151,0.785091,0.036522,-0.003774,0.065594,0.258814,-0.570594,-1.000000,1.000000,-1.000000,-0.852443,0.244631,0.082696
-0.013028,-0.196315,0.771998,0.043899,-0.007363,0.081788,0.137335,-0.519121,-1.000000,1.000000,-1.000000,-0.830838,0.296701,0.081074
-0.028310,-0.194170,0.754811,0.051738,-0.012699,0.099177,0.002510,-0.437621,-1.000000,0.788628,-1.000000,-0.748465,0.396090,0.070401
-0.044759,-0.190530,0.736077,0.060415,-0.019509,0.117063,-0.143557,-0.379680,-1.000000,0.474858,-1.000000,-0.711278,0.470203,0.062430
-0.065066,-0.184132,0.712486,0.069493,-0.028146,0.136132,-0.299932,-0.304010,-1.000000,0.127754,-0.937958,-0.675396,0.470450,0.019099
-0.091069,-0.172440,0.680966,0.077268,-0.041470,0.157515,-0.470106,-0.220352,-1.000000,-0.295664,-0.826376,-0.612931,0.495122,-0.067574
-0.112636,-0.159215,0.652810,0.079614,-0.053622,0.175905,-0.683939,-0.125966,-1.000000,-0.829786,-0.727966,-0.531866,0.541556,-0.129956
-0.135140,-0.141073,0.620309,0.075484,-0.064149,0.187692,-0.926363,-0.002816,-1.000000,-1.000000,-0.575277,-0.429611,0.540190,-0.171014
-0.154119,-0.121106,0.588974,0.068632,-0.071423,0.195748,-1.000000,0.167401,-1.000000,-1.000000,-0.343750,-0.351306,0.463895,-0.236800
-0.172029,-0.096009,0.553516,0.059370,-0.079276,0.204559,-1.000000,0.244623,-1.000000,-1.000000,-0.201789,-0.321191,0.470864,-0.224118
-0.185484,-0.069772,0.519162,0.048983,-0.085096,0.214728,-1.000000,0.278699,-0.670186,-1.000000,-0.163205,-0.274537,0.397233,-0.093925
-0.193889,-0.046090,0.489323,0.038397,-0.085900,0.223762,-1.000000,0.286145,-0.096402,-1.000000,-0.065265,-0.213044,0.355909,-0.060779
-0.200742,-0.008379,0.442619,0.020937,-0.084468,0.233501,-1.000000,0.305769,0.373483,-1.000000,0.116793,-0.227693,0.402532,-0.170538
-0.200507,0.024423,0.401402,0.003995,-0.074852,0.237840,-1.000000,0.414788,0.682503,-1.000000,0.360599,-0.220613,0.417585,-0.301112
-0.195403,0.052665,0.364176,-0.010538,-0.059671,0.232632,-1.000000,0.543436,1.000000,-1.000000,0.609039,-0.057827,0.405227,-0.372211
-0.185495,0.079448,0.325800,-0.023681,-0.040270,0.221410,-1.000000,0.663742,1.000000,-1.000000,0.779423,0.081589,0.254901,-0.357007
-0.175546,0.096919,0.298087,-0.033431,-0.023480,0.207965,-1.000000,0.727907,1.000000,-1.000000,0.902879,0.089437,-0.000894,-0.299694
-0.158275,0.117619,0.260123,-0.042770,-0.004768,0.189804,-0.946187,0.734631,1.000000,-1.000000,0.909262,0.019051,-0.130150,-0.237264
-0.143712,0.129339,0.233425,-0.049423,0.013391,0.166775,-0.872879,0.691633,1.000000,-1.000000,0.832918,-0.078056,-0.114324,-0.208043
-0.128721,0.137342,0.209300,-0.052589,0.027557,0.139198,-0.770004,0.673502,1.000000,-1.000000,0.819937,-0.116078,-0.090264,-0.231455
-0.116808,0.140760,0.192302,-0.052362,0.038769,0.106235,-0.623999,0.664138,0.932552,-1.000000,0.841646,-0.129934,-0.107468,-0.285304
-0.106813,0.140809,0.180152,-0.049881,0.047331,0.070107,-0.445591,0.604904,0.495639,-0.752153,0.817425,-0.161618,-0.233888,-0.270194
-0.100271,0.138336,0.174679,-0.048866,0.051047,0.034203,-0.242432,0.474690,-0.130216,-0.290054,0.695010,-0.240303,-0.428998,-0.180794
-0.095372,0.133798,0.174240,-0.051746,0.051387,0.002530,-0.080770,0.195729,-0.776355,0.141878,0.365336,-0.442900,-0.493976,0.013739
-0.091917,0.128722,0.177403,-0.056898,0.049069,-0.019765,0.040678,-0.247561,-1.000000,0.513491,-0.132051,-0.614798,-0.330426,0.216365
-0.088467,0.122931,0.182681,-0.061220,0.046694,-0.030447,0.177206,-0.630584,-1.000000,0.868513,-0.502701,-0.665326,0.115688,0.106464
-0.085171,0.117776,0.187948,-0.063355,0.043773,-0.032946,0.331276,-0.853770,-1.000000,1.000000,-0.653792,-0.698376,0.566427,-0.117773
-0.081365,0.112482,0.193574,-0.064509,0.041407,-0.032436,0.403771,-0.926635,-1.000000,1.000000,-0.669201,-0.612763,0.723341,-0.146460
-0.077580,0.108046,0.198472,-0.065492,0.037716,-0.030584,0.426919,-0.828667,-1.000000,1.000000,-0.556345,-0.446152,0.656949,-0.137745
-0.072932,0.103922,0.202715,-0.066886,0.033880,-0.024503,0.433686,-0.773227,-1.000000,1.000000,-0.476503,-0.447162,0.564181,-0.150427
-0.067975,0.100979,0.204788,-0.067059,0.029353,-0.012957,0.420435,-0.796905,-1.000000,1.000000,-0.483227,-0.530431,0.441499,-0.076509
-0.061822,0.098951,0.204039,-0.064999,0.024041,0.004323,0.387749,-0.794261,-0.924558,1.000000,-0.511362,-0.523746,0.446048,-0.047121
-0.055420,0.098338,0.199713,-0.060118,0.017182,0.027027,0.321384,-0.773747,-0.676576,0.990783,-0.534429,-0.488916,0.586357,-0.099384
-0.047767,0.098946,0.190513,-0.052632,0.010469,0.053086,0.209727,-0.688868,-0.304944,0.760647,-0.465354,-0.423388,0.672275,-0.141175
-0.040079,0.100332,0.177884,-0.044351,0.005131,0.078942,0.057810,-0.534205,0.209048,0.405313,-0.284977,-0.276158,0.736668,-0.196388
-0.031170,0.102175,0.160567,-0.037304,0.002071,0.099914,-0.111976,-0.312400,0.706143,-0.018713,-0.012909,-0.152818,0.748178,-0.313234
-0.022533,0.103667,0.142441,-0.032985,0.001380,0.113274,-0.267592,-0.005581,1.000000,-0.435921,0.369662,-0.127594,0.599618,-0.418741
-0.012958,0.104723,0.121904,-0.031257,0.001986,0.118481,-0.370841,0.296375,1.000000,-0.725552,0.708629,-0.096782,0.308242,-0.429016
-0.004160,0.105051,0.102997,-0.030458,0.003059,0.118176,-0.398205,0.531773,1.000000,-0.796123,0.915363,-0.005650,-0.026114,-0.377353
0.005043,0.104516,0.083195,-0.029280,0.006485,0.114248,-0.415856,0.663478,1.000000,-0.767031,0.957606,0.024804,-0.246190,-0.280729
0.012902,0.103203,0.066048,-0.026650,0.010598,0.107158,-0.448750,0.660992,1.000000,-0.741580,0.861553,-0.062764,-0.342744,-0.140637
0.020274,0.100977,0.049397,-0.021902,0.015499,0.096062,-0.462729,0.619666,1.000000,-0.698936,0.787234,-0.141758,-0.320302,-0.080935
0.025605,0.098212,0.036411,-0.014643,0.022076,0.081173,-0.439555,0.564190,1.000000,-0.638177,0.773103,-0.193667,-0.170920,-0.159920
0.029373,0.094706,0.025491,-0.004558,0.028243,0.063009,-0.388969,0.533412,1.000000,-0.546606,0.782568,-0.213726,-0.095228,-0.222822
0.030780,0.091252,0.018572,0.007671,0.033245,0.043239,-0.317089,0.538897,0.832490,-0.427150,0.796620,-0.183805,-0.152864,-0.218462
0.030117,0.087583,0.014308,0.020685,0.035688,0.024593,-0.246913,0.485181,0.416035,-0.311157,0.733656,-0.210210,-0.236542,-0.156796
0.027786,0.084473,0.012852,0.032504,0.035355,0.009094,-0.211776,0.352180,-0.042211,-0.226769,0.544579,-0.334927,-0.313791,-0.009268
0.023995,0.081511,0.013191,0.040687,0.032896,-0.001957,-0.218433,0.163391,-0.418961,-0.213389,0.271925,-0.470169,-0.265650,0.129724
0.019932,0.078963,0.014487,0.044443,0.031498,-0.008102,-0.244561,-0.056418,-0.634926,-0.277573,0.008202,-0.555483,-0.033103,0.122526
0.015363,0.076338,0.016564,0.044536,0.030253,-0.011982,-0.260572,-0.209587,-0.717066,-0.362632,-0.139495,-0.560259,0.243662,-0.013220
0.011210,0.073997,0.018848,0.042918,0.029167,-0.014282,-0.248825,-0.270891,-0.784123,-0.407189,-0.168856,-0.492370,0.473735,-0.184593
0.006850,0.071354,0.021672,0.040682,0.030090,-0.016284,-0.207853,-0.295082,-0.878760,-0.372639,-0.139134,-0.410809,0.556158,-0.274809
0.002991,0.068808,0.024529,0.038310,0.031007,-0.017857,-0.182527,-0.283780,-0.937020,-0.322319,-0.096108,-0.348505,0.485079,-0.251043
-0.000945,0.065927,0.027701,0.035720,0.031948,-0.018299,-0.182331,-0.265794,-0.968689,-0.283158,-0.112954,-0.353739,0.404255,-0.174521
-0.004270,0.063392,0.030474,0.032750,0.030070,-0.017339,-0.184898,-0.275361,-0.987614,-0.240273,-0.164534,-0.429456,0.379277,-0.122834
-0.007394,0.060969,0.032801,0.029231,0.026247,-0.013417,-0.180742,-0.292020,-1.000000,-0.199324,-0.195472,-0.482723,0.416027,-0.133305
-0.009782,0.059115,0.033908,0.025919,0.021775,-0.006924,-0.175843,-0.322239,-0.937101,-0.194475,-0.212125,-0.460506,0.501322,-0.175168
-0.011798,0.057704,0.033613,0.022745,0.015591,0.001702,-0.191647,-0.323801,-0.780095,-0.236975,-0.200734,-0.399094,0.558743,-0.194520
-0.013231,0.056976,0.031956,0.020632,0.009387,0.010356,-0.216828,-0.281080,-0.587469,-0.314479,-0.126445,-0.349332,0.573578,-0.218648
-0.014431,0.056758,0.028750,0.019499,0.003834,0.018499,-0.245030,-0.217354,-0.360606,-0.419140,0.002522,-0.323466,0.556970,-0.261953
-0.015276,0.056846,0.024713,0.018631,0.001072,0.025202,-0.274091,-0.142741,-0.157642,-0.532290,0.137982,-0.295154,0.493926,-0.288030
-0.015963,0.057225,0.019815,0.017205,-0.001656,0.028295,-0.296032,-0.057721,0.000772,-0.641820,0.266957,-0.253689,0.403080,-0.297964
-0.016406,0.057656,0.015293,0.014959,-0.002499,0.028252,-0.310068,0.034091,0.093161,-0.710754,0.367128,-0.236439,0.306043,-0.294333
-0.016769,0.058107,0.010989,0.012579,-0.002574,0.024833,-0.299685,0.077739,0.127399,-0.711074,0.426675,-0.246146,0.187500,-0.265900
-0.017014,0.058357,0.007878,0.009676,-0.001064,0.019446,-0.271786,0.085770,0.101346,-0.645930,0.444390,-0.260530,0.084313,-0.223807
-0.017185,0.058339,0.005490,0.006695,0.001585,0.013769,-0.237953,0.039587,0.052540,-0.566959,0.396629,-0.304479,0.072350,-0.190260
-0.017263,0.058053,0.004169,0.003814,0.004253,0.008256,-0.201551,-0.029350,-0.010055,-0.467161,0.316632,-0.365545,0.106927,-0.159982
-0.017204,0.057264,0.003541,0.000612,0.009035,0.003624,-0.157447,-0.085496,-0.075829,-0.364913,0.265297,-0.386306,0.180413,-0.181596
-0.017018,0.056301,0.003777,-0.002715,0.011313,-0.001474,-0.111136,-0.141563,-0.131257,-0.265713,0.223151,-0.381334,0.272314,-0.223219
-0.016714,0.055012,0.004796,-0.005324,0.013560,-0.005877,-0.070459,-0.150280,-0.202134,-0.149298,0.197153,-0.368017,0.300981,-0.227170
-0.016359,0.053701,0.006180,-0.007083,0.014760,-0.008657,-0.022200,-0.183216,-0.256438,-0.025553,0.174424,-0.356036,0.302328,-0.215803
-0.015903,0.052207,0.007939,-0.008265,0.015410,-0.010143,0.007976,-0.224007,-0.304638,0.086586,0.129732,-0.372773,0.282348,-0.170889
-0.015424,0.050853,0.009644,-0.009028,0.015091,-0.010654,0.016591,-0.257901,-0.294324,0.138379,0.073098,-0.399088,0.306258,-0.138017
-0.014849,0.049437,0.011447,-0.009477,0.014592,-0.010400,0.017409,-0.288504,-0.257547,0.159005,0.019587,-0.420562,0.382886,-0.141498
-0.014281,0.048175,0.013035,-0.009692,0.014133,-0.009928,0.031954,-0.304924,-0.249138,0.174461,0.023120,-0.411723,0.431079,-0.177053
-0.013626,0.046865,0.014644,-0.009876,0.013597,-0.009281,0.048070,-0.299878,-0.250438,0.182476,0.064665,-0.376011,0.445356,-0.216468
-0.012982,0.045714,0.015998,-0.010036,0.012992,-0.008461,0.045583,-0.286798,-0.231892,0.176983,0.078325,-0.357388,0.428677,-0.208434
-0.012251,0.044553,0.017341,-0.010155,0.012167,-0.007753,0.035497,-0.272121,-0.210566,0.174239,0.079290,-0.363302,0.383062,-0.171669
-0.011533,0.043525,0.018417,-0.010342,0.011735,-0.006726,0.034647,-0.267056,-0.205868,0.179461,0.087816,-0.379963,0.364898,-0.167076
-0.010694,0.042497,0.019351,-0.010614,0.010923,-0.005386,0.038165,-0.275551,-0.203912,0.186255,0.085172,-0.397937,0.378481,-0.178706
-0.009877,0.041603,0.019997,-0.010752,0.010386,-0.004036,0.033409,-0.271129,-0.180082,0.178653,0.079030,-0.389940,0.392681,-0.179723
-0.008971,0.040656,0.020514,-0.010703,0.010236,-0.002982,0.025855,-0.261010,-0.133346,0.159534,0.082935,-0.364705,0.410100,-0.185505
-0.008139,0.039835,0.020858,-0.010423,0.009652,-0.002149,0.022985,-0.245180,-0.111865,0.152536,0.108725,-0.358996,0.401086,-0.194349
-0.007237,0.039037,0.021084,-0.010227,0.008703,-0.001308,0.026224,-0.223071,-0.121250,0.157690,0.147729,-0.364937,0.368181,-0.201496
-0.006416,0.038379,0.021197,-0.009940,0.007811,-0.000701,0.022395,-0.215056,-0.113226,0.151483,0.155414,-0.364631,0.347593,-0.190717
-0.005549,0.037763,0.021211,-0.009550,0.006763,-0.000081,0.010166,-0.217007,-0.078077,0.137316,0.136389,-0.361635,0.336974,-0.163165
-0.004770,0.037305,0.021127,-0.009146,0.005461,0.000519,0.006199,-0.218741,-0.060444,0.127971,0.135637,-0.367229,0.339719,-0.163748
-0.003953,0.036891,0.020916,-0.008716,0.004595,0.001221,0.010322,-0.220269,-0.055614,0.120802,0.155007,-0.377691,0.354772,-0.190999
-0.003235,0.036585,0.020646,-0.008166,0.003680,0.001686,0.008758,-0.222605,-0.034151,0.104571,0.163644,-0.368664,0.360767,-0.199606
-0.002461,0.036288,0.020211,-0.007950,0.003310,0.002509,0.001534,-0.215769,-0.006581,0.082746,0.166224,-0.344966,0.354754,-0.191925
-0.001749,0.036111,0.019687,-0.007769,0.002150,0.003279,-0.000446,-0.211513,0.002795,0.068234,0.178349,-0.344093,0.345988,-0.194976
-0.000987,0.035914,0.018934,-0.007432,0.002209,0.004342,-0.001939,-0.198107,0.008054,0.063302,0.200927,-0.359356,0.330849,-0.202581
-0.000283,0.035737,0.018099,-0.007266,0.002137,0.005226,-0.007248,-0.196465,0.038997,0.046450,0.205138,-0.355428,0.329664,-0.202185
0.000498,0.035542,0.017058,-0.007302,0.002152,0.006002,-0.017642,-0.182264,0.061763,0.027302,0.203264,-0.341417,0.329248,-0.193731
0.001225,0.035327,0.015951,-0.007178,0.002536,0.006919,-0.018963,-0.165324,0.070036,0.017011,0.223091,-0.340400,0.326591,-0.204917
0.001987,0.034824,0.014316,-0.006386,0.005453,0.009433,-0.018754,-0.148994,0.074873,0.019113,0.250499,-0.346153,0.309352,-0.213359
0.002665,0.034207,0.012498,-0.005693,0.007207,0.011356,-0.026413,-0.128054,0.088219,0.010631,0.261474,-0.337526,0.288769,-0.202783
0.003386,0.033683,0.010498,-0.005564,0.005567,0.011537,-0.056487,-0.063505,0.109437,-0.029985,0.269698,-0.329373,0.287089,-0.190762
0.004022,0.033285,0.008666,-0.005273,0.004498,0.011454,-0.077474,-0.016504,0.123396,-0.058106,0.287718,-0.336484,0.279302,-0.188403
0.004654,0.032817,0.006672,-0.004654,0.004860,0.011508,-0.068334,-0.023017,0.111635,-0.034960,0.329694,-0.330288,0.211748,-0.180264
0.005221,0.032296,0.004905,-0.004576,0.005887,0.011039,-0.061825,-0.029116,0.100001,-0.020446,0.350364,-0.318823,0.168824,-0.170170
0.005782,0.031922,0.003165,-0.004227,0.003784,0.010042,-0.080978,-0.024793,0.136069,-0.050190,0.305293,-0.350042,0.205827,-0.147346
0.006248,0.031749,0.001732,-0.003838,0.001748,0.008960,-0.088552,-0.017013,0.144558,-0.052304,0.278445,-0.378900,0.227776,-0.135688
0.006716,0.031604,0.000273,-0.003541,0.001282,0.008411,-0.063143,-0.042141,0.120152,-0.036546,0.322104,-0.351159,0.226825,-0.181616
0.007125,0.031461,-0.001076,-0.003286,0.001357,0.008429,-0.048868,-0.074696,0.118342,-0.029674,0.334760,-0.325523,0.226372,-0.197013
0.007535,0.031239,-0.002529,-0.002924,0.002080,0.008388,-0.062472,-0.073160,0.160379,-0.051454,0.301276,-0.332940,0.225561,-0.159551
0.007869,0.031115,-0.003730,-0.002574,0.001129,0.007502,-0.072441,-0.060723,0.192664,-0.074879,0.290070,-0.349263,0.244624,-0.156252
0.008190,0.031085,-0.004898,-0.002274,0.000010,0.006744,-0.061192,-0.049062,0.153803,-0.067301,0.324599,-0.356421,0.252304,-0.196976
0.008420,0.031050,-0.005869,-0.001604,0.000125,0.006069,-0.043423,-0.062593,0.117637,-0.050779,0.349273,-0.338857,0.230840,-0.212493
0.008604,0.030926,-0.006869,-0.000959,0.001071,0.005764,-0.049893,-0.078798,0.143976,-0.055864,0.322793,-0.315854,0.208342,-0.170688
0.008730,0.030799,-0.007680,-0.000555,0.001241,0.005070,-0.064657,-0.083033,0.165089,-0.075212,0.282724,-0.332917,0.217473,-0.140026
0.008802,0.030691,-0.008371,-0.000058,0.000982,0.003989,-0.062597,-0.074938,0.137347,-0.078519,0.293067,-0.374547,0.242659,-0.170216
0.008814,0.030579,-0.008852,0.000405,0.001176,0.003004,-0.047789,-0.079781,0.096497,-0.065893,0.316150,-0.373013,0.259389,-0.209853
0.008794,0.030492,-0.009257,0.000651,0.000834,0.002336,-0.042993,-0.093843,0.079675,-0.060039,0.303497,-0.330165,0.250462,-0.196363
0.008732,0.030410,-0.009521,0.001038,0.000885,0.001650,-0.049530,-0.098976,0.081301,-0.062229,0.276711,-0.317374,0.236739,-0.162463
0.008598,0.030376,-0.009604,0.001556,0.000345,0.000480,-0.053711,-0.107244,0.090018,-0.064220,0.267805,-0.355568,0.240581,-0.158764
0.008433,0.030306,-0.009605,0.001967,0.000835,0.000005,-0.049198,-0.117189,0.068889,-0.058054,0.269970,-0.382860,0.254943,-0.176812
0.008216,0.030074,-0.009705,0.002490,0.002523,0.000576,-0.036004,-0.139907,0.037213,-0.052526,0.261829,-0.364058,0.277218,-0.193150
0.007999,0.029778,-0.009795,0.002683,0.003499,0.000565,-0.037582,-0.141386,0.028748,-0.058390,0.246753,-0.340850,0.292051,-0.190400
0.007741,0.029431,-0.009820,0.002864,0.003801,0.000143,-0.056201,-0.110412,0.039974,-0.083290,0.243117,-0.344308,0.299215,-0.185745
0.007485,0.029099,-0.009773,0.003001,0.003963,-0.000289,-0.059022,-0.095335,0.022974,-0.079279,0.256002,-0.357484,0.286458,-0.188470
0.007203,0.028717,-0.009683,0.003001,0.004231,-0.000522,-0.047674,-0.095576,-0.028501,-0.052744,0.277591,-0.352912,0.251577,-0.190461
0.006945,0.028364,-0.009574,0.002953,0.004225,-0.000679,-0.048172,-0.102808,-0.041460,-0.045684,0.262520,-0.348464,0.246943,-0.175827
0.006676,0.028118,-0.009464,0.002857,0.002724,-0.000638,-0.064545,-0.108848,-0.012247,-0.056560,0.217510,-0.363971,0.264108,-0.144459
0.006429,0.027927,-0.009369,0.002836,0.002305,-0.000592,-0.066398,-0.112385,-0.006797,-0.057673,0.212963,-0.375157,0.280229,-0.151570
0.006162,0.027673,-0.009268,0.002838,0.002809,-0.000580,-0.052777,-0.128762,-0.007852,-0.056092,0.242566,-0.367806,0.302000,-0.194824
0.005889,0.027310,-0.009311,0.003302,0.004323,0.000269,-0.050123,-0.130895,-0.005890,-0.059037,0.249026,-0.353206,0.304860,-0.201091
0.005578,0.026886,-0.009382,0.003476,0.004634,0.000405,-0.054463,-0.115184,-0.004660,-0.066910,0.242929,-0.342272,0.293800,-0.184007
0.005283,0.026471,-0.009430,0.003562,0.004931,0.000300,-0.066878,-0.084355,-0.012723,-0.083331,0.249747,-0.349861,0.286204,-0.180210
0.004961,0.025967,-0.009537,0.003638,0.005519,0.000616,-0.068912,-0.079483,-0.029042,-0.080412,0.257267,-0.363365,0.270109,-0.179069
0.004670,0.025604,-0.009626,0.003551,0.004306,0.000562,-0.066535,-0.078559,-0.056711,-0.065299,0.262603,-0.358977,0.244280,-0.170253
0.004360,0.025215,-0.009746,0.003504,0.004259,0.000690,-0.074395,-0.070813,-0.052013,-0.073461,0.249480,-0.355976,0.258501,-0.165213
0.004068,0.024848,-0.009862,0.003590,0.004345,0.000727,-0.083859,-0.088301,-0.012501,-0.086443,0.223916,-0.367832,0.276577,-0.151593
0.003726,0.024537,-0.009888,0.003783,0.003412,0.000149,-0.081074,-0.084353,-0.021439,-0.081273,0.242037,-0.365197,0.265605,-0.159537
0.003380,0.024366,-0.009771,0.004007,0.002056,-0.000730,-0.069371,-0.078136,-0.045265,-0.080698,0.268851,-0.360741,0.286496,-0.199275
0.003016,0.024242,-0.009653,0.003906,0.001375,-0.000684,-0.070201,-0.094458,-0.042188,-0.082506,0.251675,-0.364714,0.281089,-0.182011
0.002708,0.024260,-0.009623,0.003641,-0.000206,-0.000186,-0.070742,-0.113040,-0.038544,-0.082054,0.235820,-0.347307,0.245146,-0.146496
0.002386,0.024271,-0.009553,0.003469,-0.000116,-0.000406,-0.069883,-0.120545,-0.024884,-0.092001,0.235208,-0.353743,0.273892,-0.166859
0.002103,0.024245,-0.009464,0.003299,0.000312,-0.000557,-0.075996,-0.134089,0.022451,-0.114349,0.225636,-0.385925,0.315829,-0.185832
0.001800,0.024218,-0.009357,0.003232,0.000304,-0.000616,-0.067882,-0.129701,0.005429,-0.107209,0.238664,-0.368331,0.306704,-0.192123
0.001523,0.024187,-0.009275,0.003233,0.000377,-0.000510,-0.048571,-0.119182,-0.037527,-0.094855,0.269489,-0.332667,0.307985,-0.223925
0.001224,0.024145,-0.009197,0.003221,0.000465,-0.000451,-0.055543,-0.120043,-0.028299,-0.097464,0.256861,-0.343981,0.294400,-0.203021
0.000920,0.024167,-0.009024,0.003455,-0.000251,-0.001081,-0.073327,-0.113736,-0.002354,-0.106926,0.234957,-0.352071,0.252071,-0.151166
0.000568,0.024201,-0.008785,0.003669,-0.000361,-0.001380,-0.070518,-0.116770,-0.010266,-0.107240,0.236766,-0.356971,0.272335,-0.168430
0.000249,0.024179,-0.008626,0.003656,0.000258,-0.000992,-0.058170,-0.141764,-0.040141,-0.096433,0.236001,-0.384338,0.300105,-0.197091
-0.000075,0.024126,-0.008438,0.003406,0.000581,-0.001088,-0.057644,-0.144731,-0.047710,-0.098112,0.234928,-0.370910,0.291903,-0.191403
-0.000351,0.024009,-0.008169,0.003036,0.001393,-0.001679,-0.067745,-0.132042,-0.021719,-0.120616,0.221539,-0.337962,0.319401,-0.191783
-0.000660,0.023910,-0.007829,0.003121,0.001091,-0.001965,-0.068499,-0.129459,-0.024274,-0.115649,0.218325,-0.353026,0.321050,-0.191460
-0.000942,0.023828,-0.007502,0.003062,0.000963,-0.002044,-0.051591,-0.119636,-0.082347,-0.076107,0.255467,-0.367628,0.273285,-0.198620
-0.001236,0.023746,-0.007156,0.002940,0.000888,-0.001993,-0.049027,-0.130049,-0.089230,-0.074943,0.249873,-0.358069,0.277464,-0.198448
-0.001503,0.023712,-0.006823,0.002890,0.000396,-0.002080,-0.069275,-0.145688,-0.045181,-0.092457,0.188400,-0.359972,0.294199,-0.151512
-0.001832,0.023777,-0.006328,0.003211,-0.000748,-0.002859,-0.071408,-0.144521,-0.037334,-0.096284,0.187229,-0.366657,0.300841,-0.154511
-0.002140,0.023783,-0.005903,0.003283,-0.000099,-0.002655,-0.052671,-0.151857,-0.065306,-0.085469,0.228534,-0.378054,0.329233,-0.216206
-0.002474,0.023829,-0.005430,0.003279,-0.000541,-0.002729,-0.044075,-0.174543,-0.082966,-0.080701,0.225896,-0.372441,0.322754,-0.216106
-0.002824,0.023923,-0.004944,0.003735,-0.001163,-0.003039,-0.055878,-0.159512,-0.069261,-0.095554,0.205636,-0.338481,0.305369,-0.179553
-0.003193,0.024027,-0.004435,0.003634,-0.001194,-0.002936,-0.061913,-0.165285,-0.047173,-0.110656,0.187680,-0.347613,0.330895,-0.181765
-0.003526,0.024109,-0.003996,0.003575,-0.001025,-0.002743,-0.057523,-0.178810,-0.075295,-0.101782,0.201540,-0.385675,0.311050,-0.189597
-0.003885,0.024141,-0.003554,0.003574,-0.000411,-0.002553,-0.048290,-0.175696,-0.095308,-0.096826,0.223295,-0.371522,0.310065,-0.210644
-0.004214,0.024018,-0.003213,0.003613,0.001412,-0.002126,-0.056321,-0.178894,-0.072231,-0.114591,0.189414,-0.353677,0.354666,-0.209335
-0.004561,0.023737,-0.002958,0.003600,0.003052,-0.001473,-0.066230,-0.168819,-0.068125,-0.119697,0.176157,-0.356762,0.337269,-0.183617
-0.004872,0.023461,-0.002746,0.003515,0.003250,-0.001327,-0.060236,-0.137313,-0.113653,-0.106784,0.220875,-0.356735,0.315334,-0.208138
-0.005212,0.023210,-0.002484,0.003527,0.002717,-0.001509,-0.063352,-0.117256,-0.136189,-0.103512,0.229910,-0.368631,0.323706,-0.222137
-0.005516,0.022985,-0.002253,0.003423,0.002632,-0.001448,-0.078130,-0.117416,-0.120093,-0.104404,0.198636,-0.362962,0.292593,-0.169529
-0.005839,0.022827,-0.001992,0.003338,0.001687,-0.001503,-0.079678,-0.127512,-0.118496,-0.100007,0.191973,-0.344429,0.272985,-0.149583
-0.006133,0.022658,-0.001765,0.003307,0.001967,-0.001418,-0.074934,-0.135810,-0.127009,-0.094741,0.199753,-0.376888,0.303640,-0.180864
-0.006449,0.022440,-0.001563,0.003314,0.002352,-0.001164,-0.076422,-0.147744,-0.109251,-0.101202,0.193315,-0.403268,0.322192,-0.188098
-0.006751,0.022110,-0.001551,0.003584,0.003917,-0.000078,-0.076681,-0.141886,-0.107211,-0.107938,0.190635,-0.364324,0.327866,-0.185737
-0.007078,0.021675,-0.001619,0.003641,0.004800,0.000390,-0.071902,-0.132671,-0.119631,-0.112975,0.201185,-0.341841,0.342931,-0.205183
-0.007368,0.021242,-0.001709,0.003525,0.005185,0.000568,-0.085345,-0.096939,-0.126795,-0.123189,0.221194,-0.364082,0.317960,-0.200172
-0.007687,0.020826,-0.001747,0.003536,0.004578,0.000218,-0.094603,-0.074270,-0.130971,-0.125952,0.228689,-0.365012,0.284383,-0.180242
-0.007995,0.020513,-0.001717,0.003640,0.003724,-0.000190,-0.094163,-0.073077,-0.148700,-0.113508,0.224494,-0.356136,0.269309,-0.167885
-0.008347,0.020130,-0.001732,0.003882,0.004203,0.000086,-0.092571,-0.088807,-0.157265,-0.104413,0.214044,-0.370815,0.264522,-0.159702
-0.008698,0.019799,-0.001705,0.004158,0.003932,-0.000169,-0.096380,-0.106072,-0.142967,-0.108257,0.198790,-0.385655,0.272805,-0.152206
-0.009091,0.019476,-0.001619,0.004266,0.003524,-0.000494,-0.103465,-0.099885,-0.133483,-0.126119,0.189598,-0.383853,0.307325,-0.164671
-0.009448,0.019137,-0.001557,0.004205,0.004022,-0.000386,-0.097757,-0.104301,-0.144399,-0.132165,0.194539,-0.379152,0.332663,-0.188492
-0.009818,0.018729,-0.001509,0.004025,0.004459,-0.000279,-0.088762,-0.105230,-0.169572,-0.121122,0.217725,-0.365207,0.306312,-0.193935
-0.010162,0.018375,-0.001429,0.004044,0.004197,-0.000496,-0.091706,-0.090912,-0.173688,-0.122630,0.223067,-0.353150,0.290691,-0.186290
-0.010585,0.018085,-0.001174,0.004482,0.003090,-0.001475,-0.103557,-0.084562,-0.156940,-0.129837,0.197606,-0.370130,0.294286,-0.163508
-0.010973,0.017726,-0.001006,0.004518,0.004208,-0.001046,-0.104166,-0.090655,-0.164981,-0.123607,0.193145,-0.383964,0.280138,-0.152375
-0.011390,0.017087,-0.000995,0.004566,0.007013,-0.000068,-0.089584,-0.118541,-0.199413,-0.111997,0.201565,-0.381439,0.284174,-0.172446
-0.011761,0.016475,-0.001010,0.004436,0.007307,0.000097,-0.096351,-0.105583,-0.200493,-0.121571,0.193149,-0.383527,0.310565,-0.181067
-0.012147,0.015860,-0.001040,0.004250,0.006762,0.000170,-0.118371,-0.058395,-0.187441,-0.146645,0.177045,-0.384118,0.339393,-0.176540
-0.012496,0.015429,-0.001034,0.004151,0.005129,-0.000032,-0.115558,-0.048511,-0.202742,-0.137252,0.197202,-0.369207,0.316528,-0.177237
-0.012878,0.014965,-0.001104,0.004236,0.005132,0.000400,-0.103391,-0.050982,-0.237049,-0.108787,0.238753,-0.351067,0.257124,-0.176709
-0.013211,0.014510,-0.001209,0.004021,0.005461,0.000656,-0.109067,-0.070773,-0.208018,-0.114832,0.219284,-0.364516,0.249156,-0.152479
-0.013545,0.014026,-0.001349,0.003743,0.005388,0.000810,-0.133453,-0.069198,-0.160131,-0.142896,0.169334,-0.396472,0.272090,-0.116253
-0.013843,0.013591,-0.001501,0.003633,0.005253,0.000950,-0.127309,-0.062113,-0.167257,-0.146526,0.181010,-0.403609,0.311992,-0.154053
-0.014166,0.013228,-0.001600,0.003594,0.004030,0.000573,-0.105427,-0.060659,-0.205355,-0.129322,0.229600,-0.387647,0.328673,-0.214215
-0.014492,0.013050,-0.001535,0.003844,0.002090,-0.000406,-0.106211,-0.052064,-0.203875,-0.129684,0.239841,-0.354703,0.296353,-0.197426
-0.014825,0.012929,-0.001507,0.003650,0.001316,-0.000165,-0.118072,-0.059845,-0.167583,-0.141353,0.209661,-0.336995,0.260227,-0.139425
-0.015116,0.012910,-0.001505,0.003456,0.000217,-0.000011,-0.115304,-0.091979,-0.167419,-0.136554,0.194181,-0.373991,0.246267,-0.123620
-0.015412,0.012914,-0.001520,0.003268,-0.000030,0.000088,-0.109233,-0.101031,-0.167188,-0.138192,0.209510,-0.417147,0.277412,-0.163441
0.372203,-0.271068,0.945096,0.000001,0.000683,0.000001,0.000000,0.000000,0.000000,0.000000,0.000000,0.000000,0.000000,0.000000
0.372181,-0.271131,0.945075,0.000080,0.000807,0.000221,1.000000,-0.387696,-1.000000,1.000000,-0.381969,-1.000000,-0.788888,-0.280521
0.371960,-0.271332,0.944924,0.001012,0.000260,0.000873,1.000000,-0.383511,-1.000000,1.000000,-0.381249,-1.000000,-0.789012,-0.281133
0.371187,-0.271864,0.944404,0.003925,-0.000884,0.003246,0.775840,-0.641182,-1.000000,1.000000,-1.000000,-0.621478,-0.105977,0.222735
0.369380,-0.272911,0.943288,0.009358,-0.002790,0.006441,0.771518,-0.641936,-1.000000,1.000000,-1.000000,-0.619184,-0.107519,0.226064
0.366576,-0.274311,0.941681,0.016926,-0.005480,0.010042,0.778169,-0.533257,-1.000000,1.000000,-0.869510,-0.949180,-0.091711,-0.048908
0.361886,-0.276647,0.938966,0.025681,-0.008595,0.015669,0.753379,-0.535369,-1.000000,1.000000,-0.883073,-0.944497,-0.083242,-0.040858
0.355922,-0.279379,0.935528,0.035163,-0.013806,0.021479,0.691218,-0.491875,-1.000000,1.000000,-0.970036,-0.755208,-0.106445,0.085627
0.348156,-0.282347,0.931331,0.044549,-0.018686,0.024224,0.646658,-0.488494,-1.000000,1.000000,-0.987164,-0.749058,-0.082538,0.092578
0.340373,-0.284645,0.927594,0.052882,-0.021066,0.023346,0.613341,-0.539538,-1.000000,1.000000,-0.985005,-0.825412,-0.072108,0.090757
0.331674,-0.286467,0.924004,0.060112,-0.021976,0.020722,0.573343,-0.556267,-1.000000,1.000000,-1.000000,-0.829639,-0.046800,0.100970
0.323809,-0.287282,0.921393,0.065506,-0.022560,0.016311,0.545189,-0.562715,-1.000000,1.000000,-1.000000,-0.822431,0.016196,0.089431
0.315413,-0.287299,0.919122,0.069633,-0.025108,0.013098,0.531381,-0.578499,-1.000000,1.000000,-1.000000,-0.841104,0.043332,0.087832
0.307772,-0.286599,0.917465,0.073149,-0.027859,0.010365,0.531510,-0.591156,-1.000000,1.000000,-1.000000,-0.857885,0.034163,0.093700
0.299741,-0.285087,0.916203,0.075761,-0.030002,0.007280,0.526361,-0.615781,-1.000000,1.000000,-1.000000,-0.861990,0.042913,0.097934
0.292630,-0.283041,0.915557,0.077691,-0.031570,0.004038,0.519244,-0.648974,-1.000000,1.000000,-1.000000,-0.863395,0.056074,0.107541
0.285288,-0.280267,0.915428,0.079410,-0.031786,0.000742,0.518017,-0.677602,-1.000000,1.000000,-1.000000,-0.873099,0.069645,0.107688
0.278800,-0.277287,0.915780,0.080955,-0.031724,-0.002201,0.521376,-0.703225,-1.000000,1.000000,-1.000000,-0.887459,0.085636,0.099342
0.271995,-0.273854,0.916571,0.082331,-0.030091,-0.004563,0.524343,-0.721621,-1.000000,1.000000,-1.000000,-0.895935,0.096067,0.096021
0.265648,-0.270772,0.917398,0.084021,-0.028272,-0.005166,0.526264,-0.735431,-1.000000,1.000000,-1.000000,-0.898680,0.102114,0.096147
0.258468,-0.267689,0.918132,0.085735,-0.027140,-0.004233,0.526676,-0.742063,-1.000000,1.000000,-1.000000,-0.903667,0.105111,0.096948
0.251390,-0.265360,0.918444,0.087406,-0.024711,-0.001956,0.519369,-0.742284,-1.000000,1.000000,-1.000000,-0.907267,0.109130,0.097937
0.243022,-0.263589,0.918152,0.089302,-0.022009,0.001690,0.504618,-0.742015,-1.000000,1.000000,-1.000000,-0.905479,0.113670,0.101638
0.234564,-0.262747,0.917210,0.091369,-0.018552,0.005881,0.485144,-0.728217,-1.000000,1.000000,-1.000000,-0.903233,0.120268,0.103360
0.224492,-0.262664,0.915392,0.094124,-0.015585,0.010490,0.458497,-0.707723,-1.000000,1.000000,-1.000000,-0.902420,0.132616,0.102252
0.214247,-0.263344,0.912874,0.097200,-0.012960,0.015745,0.428607,-0.679478,-1.000000,1.000000,-1.000000,-0.899720,0.140068,0.105209
0.202050,-0.264863,0.909196,0.100439,-0.010315,0.021219,0.392704,-0.650817,-1.000000,1.000000,-1.000000,-0.894783,0.147569,0.111337
0.189665,-0.266871,0.904853,0.104147,-0.008622,0.027133,0.351459,-0.621920,-1.000000,1.000000,-1.000000,-0.889192,0.155378,0.119626
0.174948,-0.269570,0.899088,0.108286,-0.007607,0.033263,0.305616,-0.590892,-1.000000,1.000000,-1.000000,-0.886018,0.167891,0.126279
0.160050,-0.272419,0.892740,0.112975,-0.006979,0.039684,0.254267,-0.562208,-1.000000,1.000000,-1.000000,-0.882544,0.184725,0.132155
0.142345,-0.275829,0.884674,0.118078,-0.006121,0.046508,0.195387,-0.533829,-1.000000,1.000000,-1.000000,-0.876930,0.204186,0.139681
0.124429,-0.279130,0.876084,0.124151,-0.005240,0.053720,0.130871,-0.504703,-1.000000,1.000000,-1.000000,-0.871047,0.228090,0.145589
0.103026,-0.282759,0.865339,0.130908,-0.004521,0.061997,0.056951,-0.470875,-1.000000,0.935133,-1.000000,-0.866752,0.258397,0.149960
0.081202,-0.285815,0.853952,0.138504,-0.005321,0.071110,-0.025311,-0.434515,-1.000000,0.736015,-1.000000,-0.861246,0.291116,0.154835
0.055155,-0.288336,0.839923,0.147046,-0.008567,0.080966,-0.117938,-0.386796,-1.000000,0.503323,-1.000000,-0.850703,0.318039,0.146473
0.028603,-0.289410,0.825138,0.156051,-0.014011,0.092435,-0.211763,-0.332997,-1.000000,0.245463,-1.000000,-0.832065,0.324679,0.107532
-0.003301,-0.288493,0.806622,0.165199,-0.022974,0.106848,-0.326130,-0.288612,-1.000000,-0.078008,-1.000000,-0.800038,0.330528,0.072277
-0.035613,-0.284740,0.786888,0.171832,-0.035612,0.123246,-0.463084,-0.248117,-1.000000,-0.457337,-1.000000,-0.747602,0.343506,0.050904
-0.072799,-0.276525,0.762738,0.172787,-0.051675,0.139469,-0.630292,-0.201652,-1.000000,-0.927440,-1.000000,-0.688183,0.365044,0.012887
-0.107922,-0.264503,0.738172,0.166859,-0.066477,0.153515,-0.798528,-0.145913,-1.000000,-1.000000,-0.903263,-0.637627,0.378609,-0.042463
-0.145506,-0.246280,0.709490,0.156145,-0.081686,0.165328,-0.940948,-0.076384,-1.000000,-1.000000,-0.758824,-0.584686,0.379836,-0.102087
-0.178947,-0.224451,0.681206,0.144818,-0.094613,0.176855,-1.000000,-0.047698,-1.000000,-1.000000,-0.687682,-0.552373,0.447609,-0.097242
-0.213022,-0.195326,0.648592,0.132467,-0.105977,0.188107,-1.000000,-0.046610,-1.000000,-1.000000,-0.633041,-0.516039,0.502161,-0.063327
-0.241728,-0.163423,0.616608,0.121286,-0.113690,0.199931,-1.000000,-0.059082,-1.000000,-1.000000,-0.543568,-0.478557,0.519236,-0.065518
-0.268778,-0.123627,0.579933,0.108362,-0.119976,0.211504,-1.000000,-0.087047,-1.000000,-1.000000,-0.453239,-0.444943,0.534590,-0.074861
-0.288986,-0.082521,0.544181,0.095853,-0.121549,0.223609,-1.000000,-0.085306,-0.958547,-1.000000,-0.380075,-0.404027,0.578211,-0.075206
-0.304494,-0.034175,0.503690,0.080963,-0.120968,0.233414,-1.000000,-0.094265,-0.310182,-1.000000,-0.300284,-0.349939,0.644778,-0.086484
-0.311977,0.012733,0.465089,0.066514,-0.116978,0.241360,-1.000000,-0.066236,0.284152,-1.000000,-0.178067,-0.282036,0.676050,-0.111587
-0.312105,0.064070,0.422713,0.050309,-0.110281,0.244405,-1.000000,0.037635,0.681093,-1.000000,0.114389,-0.226740,0.708961,-0.251460
-0.304974,0.109433,0.384039,0.034959,-0.095404,0.241871,-1.000000,0.162420,1.000000,-1.000000,0.366423,-0.163705,0.674534,-0.322935
-0.290269,0.154286,0.343367,0.018958,-0.075618,0.234569,-1.000000,0.246267,1.000000,-1.000000,0.545722,-0.041276,0.509667,-0.307635
-0.271479,0.190744,0.307404,0.005423,-0.056179,0.224947,-1.000000,0.313918,1.000000,-1.000000,0.680178,0.032716,0.327181,-0.293724
-0.246864,0.224235,0.270373,-0.007024,-0.035916,0.213561,-1.000000,0.331177,1.000000,-1.000000,0.714823,0.020833,0.249563,-0.277703
-0.221553,0.249202,0.238306,-0.017943,-0.015181,0.200313,-1.000000,0.332988,1.000000,-1.000000,0.716363,-0.004910,0.210472,-0.262196
-0.193005,0.269706,0.206391,-0.027395,0.004626,0.184223,-1.000000,0.349612,1.000000,-1.000000,0.758600,-0.003897,0.213453,-0.294120
-0.167475,0.282456,0.180377,-0.034139,0.025071,0.162582,-0.942796,0.376810,1.000000,-1.000000,0.807947,-0.009366,0.214818,-0.338214
-0.142831,0.289745,0.156945,-0.037541,0.046823,0.135116,-0.817745,0.400349,1.000000,-1.000000,0.859001,-0.009271,0.147758,-0.354990
-0.124451,0.290985,0.140495,-0.038360,0.068476,0.102838,-0.667498,0.407930,1.000000,-1.000000,0.875619,-0.023306,0.012715,-0.338169
-0.110345,0.287334,0.128879,-0.037451,0.087933,0.067046,-0.497199,0.385949,0.782897,-1.000000,0.826603,-0.090690,-0.157162,-0.289398
-0.102785,0.280314,0.124010,-0.037497,0.103178,0.030405,-0.303545,0.309320,0.069140,-0.747986,0.691664,-0.226050,-0.309828,-0.226654
-0.099230,0.269913,0.124317,-0.042039,0.113239,-0.001769,-0.101070,0.161053,-0.802294,-0.201981,0.452406,-0.406603,-0.413375,-0.149906
-0.098306,0.258822,0.128384,-0.052016,0.116774,-0.025443,0.064219,-0.135647,-1.000000,0.332267,0.028343,-0.590209,-0.381015,0.021897
-0.097982,0.246193,0.135054,-0.062862,0.115423,-0.038447,0.145068,-0.462271,-1.000000,0.730962,-0.463174,-0.599656,-0.071548,0.143124
-0.097321,0.234628,0.141835,-0.070059,0.112224,-0.042400,0.311332,-0.675846,-1.000000,1.000000,-0.677177,-0.634681,0.363921,0.006621
-0.095958,0.222473,0.149127,-0.073716,0.108341,-0.042044,0.435242,-0.795658,-1.000000,1.000000,-0.670002,-0.680233,0.592473,-0.099665
-0.094039,0.211787,0.155536,-0.075961,0.103693,-0.040069,0.483643,-0.755757,-1.000000,1.000000,-0.588872,-0.553603,0.543302,-0.075593
-0.091153,0.201065,0.161898,-0.078014,0.096704,-0.036698,0.502377,-0.661248,-1.000000,1.000000,-0.504369,-0.467254,0.463060,-0.101088
-0.087374,0.192095,0.166502,-0.079535,0.090882,-0.028795,0.495098,-0.662262,-1.000000,1.000000,-0.501020,-0.532884,0.371539,-0.063737
-0.081859,0.183680,0.169267,-0.078858,0.084007,-0.015937,0.476820,-0.683383,-1.000000,1.000000,-0.526917,-0.561811,0.299399,0.004223
-0.075406,0.177229,0.169041,-0.075313,0.077530,0.001408,0.438861,-0.670643,-1.000000,1.000000,-0.548681,-0.533180,0.389992,-0.022297
-0.066952,0.171917,0.164969,-0.067918,0.068810,0.023496,0.358717,-0.627882,-0.998261,1.000000,-0.541006,-0.506507,0.503293,-0.068609
-0.057819,0.168458,0.156984,-0.057106,0.060500,0.049873,0.231291,-0.511566,-0.619372,0.944433,-0.449607,-0.425135,0.546985,-0.088154
-0.046761,0.166106,0.143711,-0.043814,0.050756,0.076629,0.044955,-0.367804,-0.086992,0.581765,-0.325067,-0.306555,0.611346,-0.104863
-0.035818,0.164708,0.127741,-0.030411,0.042060,0.099795,-0.158193,-0.169267,0.459778,0.110431,-0.105480,-0.199205,0.646173,-0.147147
-0.023590,0.163311,0.107739,-0.019935,0.036496,0.115398,-0.340082,0.141579,0.877713,-0.397432,0.305893,-0.127617,0.569506,-0.309555
-0.012372,0.161660,0.088213,-0.013832,0.033215,0.122042,-0.477200,0.475092,1.000000,-0.842406,0.737745,-0.095629,0.333879,-0.423664
-0.000609,0.159217,0.066959,-0.010432,0.031960,0.122616,-0.521791,0.696270,1.000000,-1.000000,0.977850,0.012544,-0.061518,-0.358091
0.009730,0.156294,0.047640,-0.008089,0.031743,0.120727,-0.508637,0.810387,1.000000,-0.962256,1.000000,0.104305,-0.364393,-0.237440
0.020067,0.152412,0.027487,-0.005152,0.032454,0.116281,-0.554313,0.785700,1.000000,-0.971989,0.888405,-0.014924,-0.412168,-0.112615
0.028458,0.148248,0.010151,-0.001473,0.033859,0.108302,-0.601664,0.706630,1.000000,-1.000000,0.756983,-0.140625,-0.353479,-0.028625
0.035643,0.143165,-0.006173,0.004135,0.037682,0.094164,-0.586989,0.668613,1.000000,-0.980206,0.779657,-0.145641,-0.188917,-0.135139
0.039960,0.137988,-0.018034,0.011819,0.044649,0.074145,-0.543899,0.648894,1.000000,-0.923097,0.837004,-0.131086,-0.051168,-0.269660
0.041594,0.132167,-0.026422,0.021850,0.051892,0.048413,-0.476687,0.681648,0.996233,-0.808916,0.877991,-0.088603,-0.152323,-0.251382
0.040111,0.126823,-0.029614,0.033390,0.058536,0.019940,-0.381390,0.680619,0.584331,-0.630919,0.855693,-0.084035,-0.312895,-0.171726
0.035596,0.121273,-0.028440,0.044495,0.062638,-0.006776,-0.287453,0.535443,-0.019504,-0.429739,0.683271,-0.245123,-0.422784,-0.047157
0.029496,0.116443,-0.023877,0.051908,0.063455,-0.028530,-0.223992,0.307593,-0.683445,-0.244305,0.366402,-0.474848,-0.466305,0.157002
0.021872,0.111517,-0.016341,0.053372,0.061425,-0.043462,-0.186455,0.024011,-1.000000,-0.141016,0.013172,-0.620910,-0.283276,0.234779
0.014599,0.107168,-0.007934,0.051408,0.058156,-0.052518,-0.181686,-0.234048,-1.000000,-0.116238,-0.279221,-0.650623,0.072459,0.123107
0.006885,0.102457,0.001950,0.048159,0.056215,-0.057054,-0.118583,-0.410028,-1.000000,-0.045026,-0.419675,-0.616389,0.381970,-0.045526
0.000102,0.097982,0.011317,0.044800,0.055124,-0.058511,-0.009069,-0.562706,-1.000000,0.088011,-0.452603,-0.556565,0.561520,-0.164534
-0.006804,0.093038,0.021455,0.041618,0.053838,-0.058511,0.056334,-0.612919,-1.000000,0.173251,-0.452349,-0.505240,0.586442,-0.174182
-0.012622,0.088493,0.030469,0.037929,0.051383,-0.056342,0.072641,-0.596557,-1.000000,0.178794,-0.458468,-0.492528,0.577677,-0.141900
-0.018117,0.083777,0.039332,0.033376,0.047599,-0.051152,0.074857,-0.598039,-1.000000,0.187429,-0.477155,-0.526069,0.551661,-0.111364
-0.022341,0.079696,0.046253,0.028628,0.043626,-0.043216,0.077982,-0.607744,-1.000000,0.204365,-0.469838,-0.541367,0.518523,-0.109209
-0.025929,0.075871,0.051857,0.024055,0.037565,-0.032333,0.065000,-0.606477,-1.000000,0.181287,-0.468648,-0.523754,0.557346,-0.131939
-0.028340,0.073059,0.054907,0.020058,0.030479,-0.019059,0.024862,-0.575825,-1.000000,0.112812,-0.466653,-0.498289,0.618649,-0.146859
-0.030097,0.070810,0.055680,0.017360,0.023955,-0.004459,-0.034286,-0.521040,-1.000000,0.001309,-0.406037,-0.450105,0.645977,-0.169457
-0.031047,0.069589,0.053916,0.015990,0.016515,0.011028,-0.110002,-0.448680,-0.927787,-0.146056,-0.298907,-0.386316,0.652595,-0.206154
-0.031495,0.069286,0.049411,0.015784,0.008079,0.026002,-0.210408,-0.344197,-0.566066,-0.338482,-0.181819,-0.336513,0.645879,-0.234573
-0.031537,0.069895,0.043182,0.016716,-0.000068,0.038943,-0.319330,-0.215568,-0.178174,-0.573772,-0.038892,-0.289428,0.620610,-0.259644
-0.031230,0.071404,0.034680,0.017253,-0.007593,0.049023,-0.374961,-0.068970,0.102766,-0.787195,0.198075,-0.236723,0.555891,-0.338110
-0.030654,0.073241,0.025882,0.016775,-0.011917,0.054974,-0.403346,0.079350,0.290919,-0.953458,0.441719,-0.184236,0.423434,-0.400573
-0.029794,0.075209,0.016168,0.015269,-0.011725,0.056036,-0.424566,0.196795,0.465106,-1.000000,0.588725,-0.115174,0.203003,-0.349602
-0.028910,0.076729,0.007832,0.013043,-0.009122,0.052127,-0.424128,0.273449,0.562803,-1.000000,0.642537,-0.087927,0.001743,-0.259852
-0.027902,0.077991,0.000088,0.009524,-0.006391,0.044674,-0.414170,0.279773,0.570212,-1.000000,0.628583,-0.172444,-0.068842,-0.203573
-0.026919,0.078630,-0.005520,0.004703,-0.001894,0.035034,-0.384259,0.232674,0.479755,-0.953941,0.575280,-0.273849,-0.069231,-0.176618
-0.025767,0.078690,-0.009691,-0.001307,0.003147,0.024076,-0.317381,0.168816,0.356796,-0.815224,0.545864,-0.293550,-0.016058,-0.210627
-0.024675,0.078237,-0.011611,-0.007348,0.007228,0.012007,-0.236411,0.103571,0.220059,-0.635456,0.504104,-0.296464,0.057663,-0.249309
-0.023497,0.077193,-0.011639,-0.012866,0.011493,0.000159,-0.150569,0.041670,0.103049,-0.417961,0.444853,-0.314375,0.068159,-0.223870
-0.022377,0.075765,-0.010068,-0.017855,0.015605,-0.009817,-0.052981,-0.057390,-0.031806,-0.166173,0.365511,-0.335759,0.059680,-0.177070
-0.021064,0.073924,-0.007155,-0.022046,0.017955,-0.016811,0.041165,-0.188993,-0.182243,0.084256,0.252064,-0.391689,0.097524,-0.140828
-0.019739,0.072190,-0.003891,-0.024773,0.018008,-0.020390,0.108954,-0.311677,-0.255135,0.282693,0.109201,-0.452527,0.205187,-0.118076
-0.018230,0.070376,-0.000101,-0.025991,0.017279,-0.021848,0.149120,-0.404806,-0.221634,0.401682,-0.019657,-0.453988,0.362237,-0.125912
-0.016798,0.068787,0.003438,-0.026381,0.016470,-0.022141,0.176093,-0.457874,-0.155742,0.445000,-0.065206,-0.405039,0.483344,-0.163205
-0.015175,0.067190,0.007149,-0.026632,0.015349,-0.021407,0.199643,-0.467989,-0.129002,0.461467,-0.024437,-0.361478,0.514813,-0.201974
-0.013628,0.065726,0.010518,-0.026866,0.015468,-0.021056,0.211179,-0.449979,-0.125833,0.469920,0.033230,-0.352129,0.478632,-0.214550
-0.011889,0.064250,0.013990,-0.026983,0.014551,-0.020032,0.206618,-0.436169,-0.103183,0.470003,0.048005,-0.363727,0.427946,-0.189749
-0.010222,0.062981,0.016925,-0.026895,0.013769,-0.018349,0.207046,-0.433745,-0.115881,0.490726,0.028318,-0.381411,0.397525,-0.159930
-0.008370,0.061646,0.019723,-0.026438,0.013660,-0.016141,0.212561,-0.444377,-0.118805,0.503521,0.014697,-0.392503,0.407855,-0.163262
-0.006631,0.060530,0.021814,-0.025525,0.012607,-0.013072,0.202079,-0.448645,-0.079340,0.489900,-0.002710,-0.388820,0.439347,-0.168073
-0.004714,0.059384,0.023342,-0.024224,0.012225,-0.008800,0.184524,-0.427049,-0.036879,0.459931,-0.001362,-0.370935,0.458458,-0.173302
-0.002942,0.058383,0.023947,-0.022459,0.011815,-0.003785,0.168275,-0.398198,0.007619,0.417112,0.036746,-0.352228,0.461884,-0.194162
-0.001041,0.057409,0.023589,-0.020188,0.010753,0.002066,0.141087,-0.349649,0.053501,0.365879,0.086688,-0.341456,0.440492,-0.204640
0.000781,0.056744,0.022090,-0.018454,0.007961,0.009362,0.102393,-0.289465,0.114960,0.290523,0.132169,-0.330596,0.411149,-0.202909
0.002747,0.056033,0.019387,-0.016309,0.007719,0.015592,0.055097,-0.229094,0.196632,0.195589,0.176919,-0.317632,0.383420,-0.197402
0.004535,0.055365,0.016054,-0.014299,0.007572,0.020827,0.003112,-0.164821,0.330703,0.080399,0.243800,-0.297256,0.356902,-0.204637
0.006401,0.054680,0.011889,-0.012556,0.006821,0.024025,-0.037459,-0.075543,0.389283,-0.009786,0.326881,-0.288796,0.319449,-0.225783
0.008048,0.054020,0.007706,-0.011067,0.006804,0.026169,-0.060131,0.013734,0.394338,-0.076599,0.423901,-0.285596,0.251787,-0.248078
0.009733,0.053255,0.003078,-0.009887,0.007053,0.026682,-0.082081,0.067274,0.410241,-0.116590,0.476208,-0.269514,0.164550,-0.223208
0.011158,0.052408,-0.001061,-0.008733,0.008525,0.025886,-0.109510,0.110397,0.432146,-0.148636,0.482336,-0.260240,0.088526,-0.168788
0.012473,0.051416,-0.005215,-0.006945,0.009248,0.023952,-0.124539,0.130612,0.436529,-0.164493,0.476239,-0.293002,0.069761,-0.146703
0.013472,0.050413,-0.008686,-0.005224,0.010295,0.021698,-0.124214,0.139878,0.384810,-0.150629,0.477574,-0.336612,0.070193,-0.152810
0.014305,0.049202,-0.011960,-0.003462,0.011749,0.018881,-0.115978,0.132274,0.325894,-0.140038,0.475992,-0.332733,0.078431,-0.162747
0.014817,0.047914,-0.014505,-0.001419,0.013960,0.015913,-0.116406,0.121474,0.291432,-0.134563,0.448259,-0.311360,0.092760,-0.147759
0.015090,0.046501,-0.016820,0.000822,0.014322,0.013351,-0.117717,0.116432,0.246300,-0.123775,0.420788,-0.320520,0.091491,-0.127111
0.015085,0.045139,-0.018590,0.003143,0.015222,0.011070,-0.112384,0.115652,0.160323,-0.102513,0.413700,-0.350764,0.086015,-0.128338
0.014845,0.043573,-0.020190,0.005125,0.016352,0.009227,-0.113325,0.093568,0.110609,-0.104433,0.389869,-0.363638,0.103974,-0.127584
0.014462,0.042092,-0.021395,0.006522,0.016967,0.007532,-0.126327,0.075187,0.077204,-0.118252,0.339567,-0.357595,0.127529,-0.103259
0.013907,0.040480,-0.022433,0.007602,0.017190,0.005987,-0.131370,0.075145,0.031241,-0.129399,0.321816,-0.358547,0.154547,-0.111461
0.013334,0.039100,-0.023296,0.008128,0.015981,0.005397,-0.127584,0.071532,-0.017989,-0.124801,0.328877,-0.374767,0.176629,-0.140829
0.012693,0.037727,-0.024203,0.008266,0.014670,0.005230,-0.127573,0.067106,-0.055260,-0.118685,0.324485,-0.369846,0.168765,-0.137255
0.012068,0.036468,-0.024912,0.008439,0.014654,0.004431,-0.136583,0.056579,-0.029919,-0.136053,0.305099,-0.343771,0.173526,-0.118428
0.011388,0.035143,-0.025631,0.008375,0.014253,0.004146,-0.147986,0.046676,0.009181,-0.155172,0.288127,-0.349646,0.192949,-0.111196
0.010769,0.034017,-0.026299,0.008262,0.013124,0.004182,-0.137311,0.049672,-0.028821,-0.142112,0.309190,-0.377724,0.192852,-0.135070
0.010070,0.032898,-0.026894,0.008373,0.012063,0.003429,-0.123641,0.054499,-0.055501,-0.134965,0.338371,-0.374270,0.200432,-0.167815
0.009423,0.031940,-0.027404,0.008339,0.011225,0.003187,-0.134787,0.046184,-0.013446,-0.155367,0.311984,-0.345521,0.208487,-0.143497
0.008743,0.031034,-0.027985,0.008105,0.009758,0.003355,-0.139599,0.035923,-0.003220,-0.160145,0.291015,-0.334176,0.183681,-0.107883
0.008141,0.030358,-0.028566,0.007841,0.007859,0.003630,-0.128230,0.035653,-0.024184,-0.153273,0.323898,-0.359672,0.181389,-0.138868
0.007485,0.029622,-0.029107,0.007774,0.007934,0.003118,-0.129888,0.024916,0.002849,-0.167611,0.325832,-0.385415,0.212670,-0.161472
0.006872,0.028940,-0.029559,0.007807,0.007999,0.002830,-0.139265,0.012744,0.056991,-0.193339,0.301407,-0.354910,0.219061,-0.137193
0.006233,0.028241,-0.030043,0.007502,0.007560,0.002788,-0.125721,0.018258,0.025303,-0.185209,0.317181,-0.326309,0.218899,-0.153066
0.005662,0.027648,-0.030464,0.007243,0.006968,0.002633,-0.112081,0.027432,-0.016845,-0.174255,0.353025,-0.355754,0.214013,-0.188562
0.005029,0.027076,-0.030805,0.007285,0.006218,0.001972,-0.123206,0.029795,0.009647,-0.180177,0.340449,-0.365071,0.188508,-0.156507
0.004449,0.026591,-0.031060,0.007155,0.005723,0.001592,-0.132805,0.023124,0.039311,-0.191086,0.305905,-0.333212,0.184558,-0.119159
0.003825,0.026050,-0.031314,0.007084,0.005907,0.001466,-0.122147,0.004429,0.016437,-0.183816,0.307258,-0.349415,0.204973,-0.140514
0.003282,0.025561,-0.031582,0.006729,0.005774,0.001674,-0.112501,-0.001236,-0.003141,-0.173344,0.331132,-0.385024,0.208792,-0.169719
0.002730,0.025120,-0.031915,0.006361,0.004816,0.001919,-0.117353,0.004521,0.010008,-0.185712,0.320944,-0.364964,0.224239,-0.167817
0.002260,0.024832,-0.032282,0.005945,0.003385,0.002294,-0.123358,0.006970,0.036145,-0.199323,0.300098,-0.331834,0.240299,-0.153987
0.001754,0.024556,-0.032591,0.005819,0.003012,0.001786,-0.120173,0.007703,0.044190,-0.196713,0.322885,-0.335333,0.220470,-0.159221
0.001296,0.024238,-0.032833,0.005682,0.003777,0.001509,-0.115532,0.005574,0.058914,-0.195977,0.355562,-0.349316,0.200108,-0.173495
0.000812,0.023850,-0.033010,0.005466,0.004253,0.001022,-0.112596,-0.003426,0.052515,-0.193545,0.340314,-0.354728,0.201983,-0.163178
0.000373,0.023466,-0.033100,0.005298,0.004568,0.000565,-0.110237,0.003069,0.032018,-0.190340,0.324353,-0.353244,0.207436,-0.153761
-0.000102,0.023078,-0.033118,0.005247,0.004262,0.000099,-0.106636,0.002669,0.019044,-0.183720,0.323134,-0.356535,0.219863,-0.164657
-0.000551,0.022808,-0.032994,0.005232,0.003215,-0.000769,-0.105779,-0.000215,0.008192,-0.173442,0.323152,-0.358402,0.211200,-0.162559
-0.001044,0.022486,-0.032840,0.005297,0.003532,-0.000892,-0.104753,-0.007181,0.006800,-0.170424,0.317711,-0.349710,0.206398,-0.154440
-0.001493,0.022171,-0.032671,0.005194,0.003747,-0.001055,-0.101263,-0.031053,0.009215,-0.166535,0.300278,-0.355003,0.216729,-0.148433
-0.001971,0.021905,-0.032390,0.005038,0.002909,-0.001619,-0.102842,-0.028830,0.001787,-0.168691,0.297908,-0.368178,0.224072,-0.152397
-0.002430,0.021797,-0.031991,0.005145,0.001258,-0.002500,-0.100537,-0.026720,0.000007,-0.173340,0.299765,-0.369326,0.250332,-0.172682
-0.002922,0.021700,-0.031495,0.005031,0.001021,-0.002861,-0.094253,-0.042658,-0.004922,-0.165959,0.295883,-0.358022,0.249549,-0.172458
-0.003361,0.021583,-0.030998,0.004823,0.001345,-0.003105,-0.085412,-0.066522,-0.012630,-0.158633,0.296724,-0.342014,0.226620,-0.162845
-0.003817,0.021330,-0.030399,0.004569,0.002704,-0.003456,-0.085337,-0.073122,-0.010156,-0.160513,0.287336,-0.354019,0.237931,-0.163753
-0.004228,0.021033,-0.029853,0.004449,0.003460,-0.003409,-0.088911,-0.073472,-0.004656,-0.165749,0.267345,-0.381882,0.266011,-0.167372
-0.004639,0.020645,-0.029212,0.004051,0.004164,-0.003697,-0.081420,-0.063760,-0.041260,-0.149417,0.271951,-0.376341,0.270354,-0.178883
-0.004960,0.020401,-0.028746,0.003465,0.002828,-0.002913,-0.074358,-0.055948,-0.067882,-0.141051,0.287227,-0.349367,0.271956,-0.195740
-0.005284,0.020138,-0.028253,0.003219,0.002808,-0.002844,-0.079000,-0.054752,-0.069767,-0.128491,0.272764,-0.348068,0.255782,-0.171147
-0.005570,0.019861,-0.027780,0.003050,0.003207,-0.002959,-0.092066,-0.056586,-0.013880,-0.140774,0.265214,-0.351150,0.235818,-0.142275
-0.005864,0.019575,-0.027272,0.002877,0.003041,-0.002932,-0.092401,-0.063160,-0.009673,-0.138062,0.262093,-0.366209,0.253336,-0.150791
-0.006119,0.019315,-0.026746,0.002651,0.002978,-0.003289,-0.076376,-0.061981,-0.054360,-0.121039,0.280354,-0.385531,0.266172,-0.182293
-0.006360,0.018965,-0.026072,0.002196,0.003697,-0.003885,-0.072434,-0.062747,-0.055986,-0.120193,0.285153,-0.369454,0.271960,-0.189633
-0.006564,0.018607,-0.025412,0.001965,0.004112,-0.004125,-0.078960,-0.069236,-0.039905,-0.121718,0.258089,-0.342637,0.263828,-0.159548
-0.006780,0.018283,-0.024638,0.001873,0.003386,-0.004466,-0.071861,-0.065677,-0.067422,-0.097553,0.258764,-0.353481,0.245874,-0.152420
-0.006970,0.018044,-0.023895,0.001753,0.002658,-0.004648,-0.064702,-0.065044,-0.090943,-0.081070,0.271675,-0.387265,0.252720,-0.172721
-0.007170,0.017707,-0.023141,0.001728,0.003514,-0.004351,-0.069492,-0.086186,-0.072631,-0.083975,0.243671,-0.387903,0.265334,-0.157497
-0.007347,0.017365,-0.022484,0.001679,0.003890,-0.004101,-0.071529,-0.101266,-0.054907,-0.089365,0.221431,-0.357091,0.273728,-0.142563
-0.007531,0.016985,-0.021823,0.001628,0.004016,-0.003816,-0.067072,-0.087947,-0.072277,-0.089131,0.238267,-0.363465,0.299221,-0.175063
-0.007690,0.016715,-0.021273,0.001544,0.003060,-0.003439,-0.065154,-0.076333,-0.083556,-0.086820,0.257407,-0.388865,0.302042,-0.194472
-0.007856,0.016710,-0.020666,0.001470,-0.000109,-0.003502,-0.069527,-0.068652,-0.083409,-0.085784,0.258264,-0.363156,0.270714,-0.171126
-0.008000,0.016911,-0.020111,0.001368,-0.002560,-0.003465,-0.073407,-0.076454,-0.062896,-0.095006,0.247577,-0.334974,0.264773,-0.155248
-0.008159,0.017245,-0.019462,0.001368,-0.003847,-0.003744,-0.074882,-0.114981,-0.020164,-0.104601,0.236245,-0.363012,0.265885,-0.147952
-0.008302,0.017601,-0.018847,0.001304,-0.004429,-0.003846,-0.070592,-0.138828,0.005465,-0.111715,0.244601,-0.385391,0.267625,-0.158738
-0.008449,0.017965,-0.018210,0.001230,-0.004182,-0.003671,-0.055912,-0.155912,0.003397,-0.121914,0.245858,-0.376821,0.319297,-0.200641
-0.008580,0.018280,-0.017621,0.001157,-0.003938,-0.003681,-0.047975,-0.162571,0.000521,-0.129361,0.240494,-0.363033,0.344364,-0.216772
-0.008712,0.018591,-0.016963,0.001040,-0.003606,-0.003801,-0.048571,-0.148096,-0.000818,-0.134276,0.253420,-0.339430,0.319517,-0.211047
-0.008832,0.018874,-0.016344,0.000997,-0.003572,-0.003866,-0.048111,-0.141638,-0.008667,-0.131891,0.261354,-0.335139,0.299920,-0.207277
-0.008956,0.019215,-0.015671,0.000923,-0.003954,-0.003882,-0.048401,-0.143213,-0.024871,-0.119290,0.253634,-0.359391,0.279265,-0.191107
-0.009042,0.019581,-0.015110,0.000628,-0.004543,-0.003503,-0.050332,-0.149364,-0.027067,-0.116376,0.239940,-0.369432,0.278493,-0.180778
-0.009126,0.019978,-0.014500,0.000508,-0.004558,-0.003523,-0.052476,-0.165915,-0.012384,-0.122552,0.219446,-0.365184,0.309250,-0.185088
-0.009186,0.020288,-0.013876,0.000252,-0.003909,-0.003902,-0.052636,-0.173290,0.008590,-0.128922,0.219327,-0.360146,0.328730,-0.197193
-0.009253,0.020618,-0.013223,0.000271,-0.003824,-0.003766,-0.045031,-0.171332,-0.000676,-0.124698,0.238248,-0.354606,0.332111,-0.216893
-0.009309,0.020916,-0.012620,0.000205,-0.003764,-0.003772,-0.033637,-0.166224,-0.032884,-0.105911,0.251038,-0.352830,0.320304,-0.223821
-0.009368,0.021290,-0.011955,0.000165,-0.004326,-0.003835,-0.038482,-0.164445,-0.028215,-0.109489,0.241716,-0.348836,0.304878,-0.204481
0.479933,0.147532,-0.191583,-0.000012,0.000053,-0.000036,0.000000,0.000000,0.000000,0.000000,0.000000,0.000000,0.000000,0.000000
0.479928,0.147532,-0.191583,0.000076,0.000011,-0.000005,0.385770,0.124511,1.000000,1.000000,0.822782,-0.072797,0.468331,-0.442309
0.479841,0.147511,-0.191628,0.001183,-0.000522,0.000261,0.386166,0.124556,1.000000,1.000000,0.822797,-0.072967,0.468154,-0.442370
0.479446,0.147427,-0.191721,0.005209,-0.000659,0.000580,0.353545,0.100269,1.000000,1.000000,0.894780,0.121232,-0.306360,-0.056526
0.478331,0.147052,-0.192051,0.013942,-0.001342,0.001905,0.346280,0.098724,1.000000,1.000000,0.892121,0.121657,-0.307174,-0.052637
0.476314,0.146200,-0.192765,0.027925,-0.002651,0.004466,0.281372,0.068850,1.000000,1.000000,0.640000,-0.203790,0.017579,-0.051807
0.472605,0.144740,-0.194004,0.046989,-0.004342,0.007150,0.232219,0.072823,1.000000,1.000000,0.622772,-0.210444,0.020599,-0.031375
0.467448,0.142753,-0.195609,0.069984,-0.004729,0.010027,0.214060,0.097386,1.000000,1.000000,0.756855,0.023130,0.066661,-0.139205
0.459785,0.139975,-0.197873,0.095200,-0.006051,0.013056,0.104931,0.103582,1.000000,0.745081,0.728524,0.013372,0.092133,-0.108647
0.450637,0.137207,-0.200197,0.120908,-0.007055,0.014525,-0.055250,0.127753,1.000000,0.366117,0.682687,-0.105657,-0.050141,0.035983
0.438397,0.134597,-0.202637,0.145951,-0.009314,0.014076,-0.185002,0.170783,1.000000,-0.013273,0.719953,-0.125814,-0.047562,0.009246
0.425047,0.133165,-0.204390,0.167658,-0.011724,0.010956,-0.302863,0.183264,1.000000,-0.406969,0.721338,-0.151349,0.084300,-0.101846
0.408457,0.133431,-0.204939,0.184872,-0.010988,0.003173,-0.414424,0.169459,1.000000,-0.796608,0.721145,-0.156219,0.063950,-0.133518
0.391261,0.135778,-0.203682,0.198262,-0.008749,-0.007852,-0.471535,0.153215,1.000000,-1.000000,0.745771,-0.091459,-0.005610,-0.173622
0.370656,0.140311,-0.200377,0.210883,-0.005253,-0.019086,-0.486606,0.105894,1.000000,-1.000000,0.683329,-0.114215,-0.003122,-0.219850
0.349897,0.145921,-0.195771,0.222469,-0.003110,-0.028781,-0.483453,0.027192,0.720105,-1.000000,0.557962,-0.205262,-0.016392,-0.183698
0.325426,0.153278,-0.188996,0.233892,0.000613,-0.039082,-0.480721,-0.084669,0.283637,-1.000000,0.424428,-0.254215,0.016886,-0.140791
0.294387,0.163116,-0.178268,0.244676,0.009926,-0.053648,-0.521607,-0.240751,-0.029657,-1.000000,0.240870,-0.298861,0.130536,-0.116800
0.272069,0.170176,-0.169108,0.249957,0.019171,-0.068675,-0.591883,-0.412397,-0.329066,-1.000000,0.023465,-0.370760,0.229315,-0.074692
0.236974,0.180441,-0.152665,0.247075,0.033862,-0.082209,-0.599849,-0.588752,-0.865754,-1.000000,-0.163957,-0.453227,0.326879,-0.091642
0.208294,0.187481,-0.137682,0.237247,0.046560,-0.093646,-0.550808,-0.750161,-1.000000,-1.000000,-0.318092,-0.518064,0.495500,-0.166036
0.177040,0.193510,-0.119738,0.223765,0.059442,-0.103536,-0.523869,-0.835371,-1.000000,-1.000000,-0.518205,-0.544993,0.640892,-0.163940
0.148208,0.197228,-0.101618,0.208704,0.071909,-0.113230,-0.399260,-0.865237,-1.000000,-1.000000,-0.570806,-0.524349,0.687246,-0.217156
0.117227,0.198838,-0.080396,0.192441,0.086000,-0.122434,-0.249943,-0.891087,-1.000000,-1.000000,-0.566346,-0.538418,0.679017,-0.291748
0.089319,0.197738,-0.059792,0.176187,0.098401,-0.128766,-0.135672,-0.899553,-1.000000,-0.873749,-0.617852,-0.564957,0.566921,-0.256840
0.060632,0.193638,-0.037277,0.159277,0.109029,-0.129941,-0.030204,-0.886835,-1.000000,-0.625410,-0.695932,-0.583833,0.461325,-0.201875
0.036094,0.187281,-0.016936,0.143461,0.117087,-0.127160,0.054894,-0.893854,-1.000000,-0.391229,-0.792313,-0.638937,0.460459,-0.167295
0.012141,0.178117,0.003751,0.128651,0.122050,-0.119282,0.101570,-0.879177,-1.000000,-0.212776,-0.879020,-0.688625,0.486302,-0.110669
-0.007382,0.168221,0.020955,0.117671,0.122537,-0.107534,0.128865,-0.824088,-1.000000,-0.085422,-0.905337,-0.692345,0.514840,-0.082831
-0.025867,0.156653,0.037034,0.109886,0.120660,-0.092758,0.128185,-0.748534,-1.000000,-0.020803,-0.886765,-0.686661,0.530770,-0.080484
-0.040668,0.145758,0.049128,0.105615,0.116683,-0.075596,0.085451,-0.676524,-1.000000,-0.052121,-0.859298,-0.672413,0.509919,-0.054162
-0.054468,0.134234,0.058930,0.102538,0.112106,-0.056549,0.008590,-0.595542,-1.000000,-0.165064,-0.829935,-0.646981,0.486400,-0.024755
-0.065431,0.124273,0.064904,0.100653,0.106162,-0.037347,-0.097069,-0.504768,-1.000000,-0.355914,-0.784665,-0.627218,0.495410,-0.033842
-0.075721,0.114449,0.068173,0.099096,0.100502,-0.018863,-0.221887,-0.383131,-1.000000,-0.587970,-0.707964,-0.606835,0.510110,-0.071678
-0.083977,0.106405,0.068437,0.097135,0.095000,-0.001649,-0.352317,-0.240308,-1.000000,-0.837963,-0.597170,-0.559464,0.509279,-0.121881
-0.091767,0.098774,0.066211,0.093833,0.090306,0.012847,-0.483630,-0.070710,-1.000000,-1.000000,-0.463641,-0.494904,0.471302,-0.156724
-0.097969,0.092697,0.062376,0.088028,0.085377,0.023957,-0.604698,0.118267,-1.000000,-1.000000,-0.315634,-0.428231,0.390046,-0.164806
-0.103611,0.087104,0.056868,0.079793,0.079940,0.031779,-0.698948,0.291652,-1.000000,-1.000000,-0.186195,-0.378334,0.295750,-0.131736
-0.107728,0.082853,0.050806,0.069001,0.073921,0.037895,-0.760289,0.400406,-1.000000,-1.000000,-0.097899,-0.360635,0.227256,-0.062276
-0.110838,0.079349,0.043305,0.055944,0.066135,0.043269,-0.784422,0.467852,-1.000000,-1.000000,-0.010436,-0.363024,0.160894,-0.017834
-0.112252,0.076936,0.035472,0.040484,0.060922,0.048962,-0.781698,0.505113,-1.000000,-1.000000,0.086119,-0.369380,0.137552,-0.029602
-0.112088,0.075030,0.026126,0.023554,0.056812,0.053940,-0.768836,0.519269,-1.000000,-1.000000,0.160064,-0.356902,0.142853,-0.042918
-0.110338,0.073713,0.017115,0.004994,0.053110,0.056334,-0.745045,0.563897,-0.823725,-1.000000,0.237449,-0.317624,0.139228,-0.052084
-0.106759,0.072428,0.007502,-0.014314,0.050323,0.055418,-0.707667,0.620280,-0.476375,-1.000000,0.331951,-0.281568,0.134125,-0.076047
-0.102039,0.071050,-0.000584,-0.033878,0.048412,0.050542,-0.610545,0.657428,-0.262461,-0.945826,0.466713,-0.262243,0.056343,-0.105805
-0.095656,0.069033,-0.007677,-0.052492,0.046974,0.040942,-0.452209,0.671897,-0.172331,-0.614908,0.626460,-0.239459,-0.072170,-0.148459
-0.088937,0.066422,-0.011899,-0.068950,0.046100,0.026374,-0.295738,0.640030,-0.082782,-0.257233,0.676856,-0.245526,-0.186992,-0.123799
-0.081127,0.062764,-0.013433,-0.082308,0.044900,0.008848,-0.161947,0.535583,0.053385,0.101654,0.590936,-0.305797,-0.246409,0.014396
-0.073723,0.058942,-0.012280,-0.090841,0.041993,-0.007203,0.000284,0.359916,0.077753,0.508010,0.476505,-0.388361,-0.231335,0.084232
-0.065731,0.054775,-0.009072,-0.094389,0.037632,-0.018522,0.200896,0.118250,-0.013170,0.939182,0.394150,-0.489754,-0.101326,0.012808
-0.058445,0.051236,-0.005051,-0.094841,0.032170,-0.025117,0.357795,-0.118757,-0.048943,1.000000,0.244526,-0.511895,0.057392,-0.019995
-0.050613,0.047827,-0.000144,-0.094656,0.027486,-0.028304,0.421627,-0.279048,0.080129,1.000000,0.073419,-0.432548,0.225302,0.000991
-0.043411,0.044991,0.004433,-0.093854,0.025034,-0.028600,0.476335,-0.350554,0.116862,1.000000,0.031306,-0.385838,0.294335,-0.046371
-0.035726,0.042153,0.008977,-0.091454,0.024334,-0.026216,0.534486,-0.373050,0.102494,1.000000,0.109758,-0.393222,0.294676,-0.131952
-0.028886,0.039912,0.012512,-0.086998,0.021925,-0.022102,0.539007,-0.366985,0.137084,1.000000,0.119453,-0.386094,0.283515,-0.137703
-0.021921,0.037855,0.014909,-0.079867,0.020211,-0.013831,0.504002,-0.331154,0.207477,1.000000,0.084319,-0.358528,0.263533,-0.094591
-0.016098,0.036399,0.015480,-0.070093,0.016852,-0.003571,0.464538,-0.312198,0.271551,1.000000,0.084571,-0.347099,0.261918,-0.082662
-0.010674,0.035264,0.013950,-0.057724,0.013324,0.008833,0.389768,-0.255236,0.361972,1.000000,0.122546,-0.343452,0.274244,-0.086901
-0.006598,0.034497,0.010243,-0.043591,0.010582,0.023155,0.275544,-0.182393,0.525029,0.848604,0.159402,-0.318454,0.310115,-0.086225
-0.003264,0.033890,0.003777,-0.028922,0.008066,0.037298,0.131029,-0.081575,0.707509,0.526304,0.225964,-0.278924,0.328333,-0.076848
-0.001151,0.033393,-0.004084,-0.015174,0.006750,0.049121,-0.013654,0.076212,0.814419,0.172596,0.379698,-0.252412,0.295195,-0.121551
0.000199,0.032863,-0.013925,-0.003490,0.006036,0.056803,-0.147619,0.266155,0.845599,-0.183473,0.590062,-0.248012,0.202347,-0.204428
0.000672,0.032216,-0.023251,0.005830,0.007463,0.058272,-0.277296,0.434838,0.853855,-0.497036,0.737938,-0.221219,0.068899,-0.222260
0.000275,0.031225,-0.032490,0.014643,0.010545,0.053346,-0.371293,0.553873,0.818768,-0.707490,0.792854,-0.164867,-0.071235,-0.179195
-0.000989,0.030184,-0.039429,0.023130,0.012213,0.043333,-0.407431,0.603144,0.657417,-0.778634,0.785969,-0.165114,-0.173610,-0.139368
-0.003374,0.029109,-0.045093,0.032107,0.011961,0.032670,-0.414156,0.580118,0.405994,-0.776417,0.722645,-0.236935,-0.229991,-0.097656
-0.006456,0.028213,-0.048818,0.040738,0.011110,0.023278,-0.407440,0.491833,0.142707,-0.756899,0.601665,-0.312917,-0.224374,-0.035795
-0.010542,0.027437,-0.051564,0.047636,0.009129,0.015858,-0.415512,0.376935,-0.060523,-0.795630,0.460382,-0.364014,-0.136695,0.006924
-0.014746,0.026976,-0.053040,0.051527,0.006070,0.009221,-0.441208,0.270392,-0.194246,-0.884518,0.344728,-0.403108,-0.009947,-0.004791
-0.019461,0.026813,-0.053538,0.052291,0.002043,0.002874,-0.459072,0.196021,-0.287404,-0.971624,0.297869,-0.410783,0.095719,-0.073703
-0.023764,0.026823,-0.052782,0.050448,-0.000667,-0.004721,-0.443643,0.133061,-0.375795,-0.996411,0.288550,-0.385730,0.166729,-0.154136
-0.028195,0.026686,-0.050384,0.046460,-0.000473,-0.013832,-0.406326,0.065716,-0.448742,-0.961848,0.267291,-0.355563,0.185359,-0.180435
-0.031961,0.026182,-0.046549,0.041073,0.001934,-0.023996,-0.353719,-0.013655,-0.538937,-0.868865,0.213813,-0.353662,0.171962,-0.157922
-0.035600,0.025260,-0.040564,0.034642,0.003477,-0.034528,-0.283151,-0.109922,-0.685781,-0.719887,0.138651,-0.402532,0.178348,-0.143788
-0.038491,0.024020,-0.033462,0.027793,0.005226,-0.044358,-0.202363,-0.225431,-0.853207,-0.532496,0.038914,-0.473048,0.236331,-0.151029
-0.041064,0.022211,-0.024430,0.020958,0.007775,-0.052099,-0.120779,-0.370302,-0.973061,-0.335153,-0.094614,-0.504003,0.335948,-0.156180
-0.042898,0.020436,-0.015425,0.014554,0.007196,-0.056310,-0.040186,-0.500302,-1.000000,-0.135693,-0.221871,-0.495151,0.448550,-0.165348
-0.044335,0.018511,-0.005678,0.009130,0.006613,-0.056198,0.039137,-0.582042,-1.000000,0.052144,-0.301862,-0.501023,0.560065,-0.194986
-0.045237,0.017069,0.002624,0.005170,0.003334,-0.051931,0.102794,-0.645433,-1.000000,0.181511,-0.332202,-0.506097,0.630753,-0.209655
-0.045879,0.016231,0.010145,0.002761,-0.002592,-0.043367,0.127384,-0.657363,-1.000000,0.238983,-0.335548,-0.473468,0.646651,-0.191997
-0.046287,0.016209,0.015246,0.001830,-0.008504,-0.031874,0.109690,-0.648261,-0.917760,0.198993,-0.325174,-0.435782,0.662199,-0.181918
-0.046680,0.017124,0.018598,0.002475,-0.015427,-0.019345,0.053344,-0.637478,-0.662744,0.085975,-0.299593,-0.419491,0.669524,-0.174914
-0.047065,0.018728,0.019813,0.003813,-0.021220,-0.007593,-0.013809,-0.593619,-0.402168,-0.075940,-0.223086,-0.392124,0.681951,-0.206532
-0.047529,0.021044,0.019255,0.005460,-0.024535,0.003215,-0.062018,-0.539684,-0.178086,-0.270133,-0.090585,-0.350434,0.718671,-0.300244
-0.047963,0.023534,0.017411,0.006620,-0.026372,0.011525,-0.107970,-0.454615,-0.004579,-0.455207,0.063666,-0.309011,0.698598,-0.373951
-0.048334,0.026435,0.014358,0.006592,-0.026842,0.017615,-0.158537,-0.324947,0.117032,-0.622945,0.215357,-0.259015,0.599176,-0.397448
-0.048505,0.029146,0.010876,0.005507,-0.025992,0.021765,-0.192205,-0.211602,0.184108,-0.723910,0.324435,-0.227042,0.463083,-0.381904
-0.048457,0.031953,0.006894,0.003518,-0.024201,0.022963,-0.209477,-0.118683,0.218185,-0.755077,0.399124,-0.224992,0.306237,-0.339599
-0.048217,0.034271,0.003478,0.001261,-0.021446,0.021374,-0.224486,-0.051978,0.257553,-0.760841,0.427467,-0.243778,0.213438,-0.298232
-0.047783,0.036379,0.000448,-0.001158,-0.018133,0.017469,-0.226390,-0.034043,0.269924,-0.730755,0.408828,-0.280937,0.185196,-0.260502
-0.047231,0.037877,-0.001521,-0.003886,-0.014325,0.012312,-0.198398,-0.042681,0.203771,-0.647860,0.401781,-0.304484,0.165626,-0.249376
-0.046476,0.038961,-0.002643,-0.006817,-0.010081,0.006474,-0.152399,-0.074647,0.107194,-0.540569,0.395104,-0.315530,0.177494,-0.266038
-0.045648,0.039487,-0.002745,-0.009715,-0.006089,0.000633,-0.114064,-0.119011,0.032211,-0.427385,0.340759,-0.337794,0.197220,-0.245597
-0.044612,0.039606,-0.001923,-0.012499,-0.002604,-0.004739,-0.075548,-0.162905,-0.038172,-0.303752,0.271577,-0.354994,0.212052,-0.209001
-0.043540,0.039357,-0.000557,-0.014782,0.000683,-0.008538,-0.028750,-0.217215,-0.121434,-0.174743,0.217778,-0.375441,0.258791,-0.211643
-0.042284,0.038931,0.001451,-0.016519,0.001653,-0.011584,0.015282,-0.274078,-0.191180,-0.050820,0.164803,-0.401602,0.311018,-0.218341
-0.041068,0.038484,0.003628,-0.017644,0.001869,-0.013610,0.038892,-0.303986,-0.212374,0.032797,0.112716,-0.396902,0.359460,-0.209202
-0.039695,0.037933,0.006101,-0.018358,0.002538,-0.014269,0.056098,-0.345117,-0.193690,0.085398,0.063846,-0.378093,0.411938,-0.201436
-0.038414,0.037405,0.008407,-0.018513,0.002854,-0.014411,0.075179,-0.375454,-0.196261,0.133749,0.055945,-0.378705,0.422266,-0.201620
-0.037066,0.036922,0.010964,-0.018094,0.001899,-0.014745,0.089792,-0.375026,-0.202932,0.161929,0.074490,-0.386561,0.433518,-0.222429
-0.035795,0.036462,0.013180,-0.018184,0.002397,-0.013856,0.089199,-0.376741,-0.186895,0.163599,0.059426,-0.389424,0.455595,-0.221864
-0.034391,0.035999,0.015375,-0.018178,0.002364,-0.012660,0.088671,-0.393622,-0.182182,0.164976,0.041753,-0.376328,0.437577,-0.196794
-0.033062,0.035618,0.017171,-0.018231,0.002225,-0.011225,0.091366,-0.379376,-0.189371,0.173030,0.061565,-0.367156,0.430233,-0.208431
-0.031584,0.035054,0.018606,-0.018008,0.004548,-0.008278,0.086383,-0.370922,-0.167614,0.166451,0.061832,-0.387600,0.458282,-0.227900
-0.030175,0.034430,0.019578,-0.018037,0.006278,-0.006074,0.073982,-0.359477,-0.135092,0.159303,0.058623,-0.386201,0.443370,-0.208063
-0.028609,0.033684,0.020208,-0.017965,0.007549,-0.003638,0.058326,-0.300439,-0.125694,0.138752,0.090818,-0.351907,0.438495,-0.218108
-0.027127,0.032878,0.020336,-0.017804,0.009451,-0.000801,0.052088,-0.260252,-0.125799,0.136921,0.117000,-0.358700,0.443887,-0.237087
-0.025485,0.031942,0.020148,-0.017826,0.010465,0.001086,0.036915,-0.216258,-0.122555,0.145360,0.152507,-0.366813,0.371877,-0.207968
-0.023959,0.031066,0.019742,-0.017681,0.010808,0.002538,0.014352,-0.162536,-0.097333,0.129497,0.175822,-0.341769,0.335715,-0.186722
-0.022296,0.030149,0.019069,-0.017562,0.010637,0.003885,-0.000068,-0.140474,-0.072295,0.128548,0.166843,-0.358133,0.339492,-0.172053
-0.020782,0.029345,0.018340,-0.017196,0.010184,0.004554,-0.004891,-0.119410,-0.075420,0.142794,0.192936,-0.381545,0.295223,-0.158717
-0.019151,0.028350,0.017417,-0.016980,0.011595,0.005323,-0.006262,-0.103756,-0.055461,0.140183,0.222544,-0.364794,0.291488,-0.172309
-0.017653,0.027425,0.016422,-0.016795,0.011725,0.006224,-0.015456,-0.105766,-0.023289,0.128830,0.203901,-0.361796,0.306549,-0.160301
-0.016048,0.026453,0.015180,-0.016457,0.011437,0.007166,-0.020642,-0.070844,-0.029656,0.135266,0.220065,-0.368169,0.277720,-0.147040
-0.014607,0.025517,0.013878,-0.015866,0.011920,0.008133,-0.018732,-0.048276,-0.021574,0.132552,0.255378,-0.365510,0.280783,-0.173231
-0.013092,0.024410,0.012256,-0.015210,0.012968,0.009353,-0.030673,-0.040672,0.009958,0.124728,0.254692,-0.363370,0.266344,-0.155398
-0.011734,0.023316,0.010672,-0.014722,0.013796,0.009902,-0.042772,-0.013596,0.024001,0.112508,0.263906,-0.349038,0.231985,-0.130358
-0.010316,0.022130,0.008877,-0.014132,0.013766,0.010356,-0.050085,0.020318,0.027513,0.099437,0.287251,-0.357320,0.240839,-0.147144
-0.009042,0.021105,0.007118,-0.013717,0.012880,0.010998,-0.055415,0.041313,0.018026,0.103446,0.299416,-0.380641,0.226588,-0.145667
-0.007712,0.019969,0.005082,-0.013120,0.013108,0.011746,-0.059784,0.057373,0.019840,0.103712,0.316707,-0.359100,0.186531,-0.127830
-0.006575,0.018968,0.003233,-0.012159,0.012448,0.011551,-0.069752,0.058705,0.060808,0.086938,0.312881,-0.340226,0.191358,-0.118325
-0.005425,0.017896,0.001202,-0.011304,0.012235,0.011722,-0.085236,0.077313,0.087202,0.070390,0.310114,-0.366654,0.190850,-0.107193
-0.004416,0.016908,-0.000715,-0.010735,0.012145,0.011983,-0.080275,0.082937,0.072394,0.066686,0.336854,-0.379966,0.179164,-0.121746
-0.003369,0.015878,-0.002801,-0.010279,0.011625,0.012024,-0.076873,0.090273,0.059814,0.062399,0.357948,-0.362982,0.177939,-0.137021
-0.002437,0.014897,-0.004759,-0.009930,0.011927,0.012244,-0.088505,0.101976,0.085393,0.043052,0.346209,-0.350492,0.179501,-0.121934
-0.001472,0.013699,-0.006898,-0.009500,0.013349,0.012340,-0.098185,0.111245,0.112890,0.031991,0.344881,-0.352424,0.162059,-0.102445
-0.000621,0.012634,-0.008881,-0.009117,0.012782,0.012398,-0.095564,0.128915,0.100830,0.036717,0.373987,-0.360832,0.149615,-0.117062
0.000188,0.011544,-0.010949,-0.007993,0.012013,0.011926,-0.094146,0.153749,0.074244,0.042112,0.390237,-0.372062,0.153333,-0.131884
0.000813,0.010625,-0.012673,-0.006695,0.010931,0.010773,-0.103265,0.156093,0.101098,0.030898,0.378819,-0.360643,0.142309,-0.107283
0.001419,0.009524,-0.014583,-0.005960,0.012048,0.011023,-0.112549,0.149273,0.112431,0.019076,0.368720,-0.342103,0.118024,-0.078429
0.001919,0.008408,-0.016366,-0.005318,0.013182,0.011147,-0.105317,0.132495,0.082664,0.017703,0.376519,-0.363480,0.116745,-0.090996
0.002388,0.007188,-0.018239,-0.004613,0.013282,0.010802,-0.112686,0.156285,0.073844,0.005407,0.385012,-0.394924,0.138679,-0.110192
0.002747,0.006219,-0.019704,-0.003872,0.011408,0.009160,-0.126117,0.179835,0.088290,-0.018066,0.370151,-0.381713,0.168368,-0.110831
0.003086,0.005305,-0.021117,-0.003427,0.009900,0.008148,-0.124747,0.186092,0.071287,-0.015110,0.380232,-0.345987,0.145831,-0.102460
0.003356,0.004531,-0.022267,-0.002983,0.009085,0.007189,-0.106525,0.159911,0.031903,0.011058,0.405928,-0.341919,0.098101,-0.101952
0.003616,0.003614,-0.023261,-0.002707,0.009968,0.005730,-0.110099,0.140279,0.045921,0.010727,0.390300,-0.373212,0.086023,-0.081536
0.003811,0.002835,-0.023984,-0.002224,0.009170,0.004523,-0.124627,0.122834,0.086855,-0.014717,0.332949,-0.398411,0.132392,-0.060695
0.003975,0.002132,-0.024527,-0.001748,0.007661,0.003135,-0.109443,0.116912,0.040462,0.002267,0.326007,-0.401851,0.174461,-0.090539
0.004076,0.001580,-0.024791,-0.001183,0.006527,0.001648,-0.082208,0.104411,-0.011435,0.021815,0.367859,-0.383753,0.187722,-0.146799
0.004157,0.001003,-0.024883,-0.000883,0.006325,0.000528,-0.082542,0.079580,0.004371,0.022048,0.354257,-0.359299,0.170384,-0.124170
0.004197,0.000489,-0.024843,-0.000477,0.006126,-0.000245,-0.091714,0.060653,0.023106,0.014463,0.310176,-0.352708,0.146740,-0.070347
0.004217,-0.000048,-0.024720,-0.000223,0.005919,-0.000713,-0.083547,0.049738,-0.000491,0.022412,0.304125,-0.391137,0.171671,-0.088385
0.004236,-0.000447,-0.024580,-0.000220,0.004769,-0.000878,-0.073572,0.036501,-0.029194,0.028023,0.308228,-0.427051,0.212355,-0.129425
0.004228,-0.000954,-0.024438,0.000087,0.005590,-0.000818,-0.072823,0.029528,-0.026920,0.022315,0.297002,-0.391594,0.226385,-0.130271
0.004209,-0.001379,-0.024254,0.000237,0.005095,-0.001146,-0.074478,0.020075,0.003541,0.009627,0.286537,-0.342190,0.234627,-0.122753
0.004182,-0.001808,-0.023986,0.000304,0.004757,-0.001548,-0.077497,0.037423,-0.013782,0.011692,0.300450,-0.362519,0.220355,-0.124485
0.004154,-0.002171,-0.023694,0.000355,0.004365,-0.001824,-0.070766,0.038970,-0.034060,0.020567,0.321816,-0.396377,0.200111,-0.133185
0.004104,-0.002516,-0.023324,0.000580,0.003843,-0.002136,-0.069891,0.025955,-0.040836,0.027952,0.305594,-0.386986,0.195850,-0.119199
0.004043,-0.002830,-0.022969,0.000756,0.003794,-0.002219,-0.073172,0.013587,-0.030894,0.020989,0.274713,-0.370333,0.213084,-0.105947
0.003983,-0.003034,-0.022615,0.000692,0.002291,-0.002045,-0.074063,0.003577,-0.025393,0.016310,0.268066,-0.385118,0.231348,-0.113863
0.003921,-0.003167,-0.022248,0.000784,0.001641,-0.002290,-0.069942,0.005990,-0.038124,0.018717,0.285826,-0.396511,0.235400,-0.134237
0.003846,-0.003327,-0.021824,0.000868,0.001808,-0.002446,-0.066889,-0.005172,-0.016329,0.008459,0.291302,-0.377120,0.246348,-0.145144
0.003768,-0.003541,-0.021475,0.000970,0.002606,-0.002186,-0.067987,-0.014876,-0.009843,0.005753,0.277738,-0.362203,0.240643,-0.129764
0.003656,-0.003723,-0.021014,0.001293,0.002058,-0.002658,-0.063111,-0.007436,-0.030738,0.010235,0.287742,-0.371606,0.228621,-0.133075
0.003546,-0.003894,-0.020590,0.001360,0.002088,-0.002649,-0.065160,0.004912,-0.041376,0.008278,0.293742,-0.390795,0.238842,-0.146070
0.003432,-0.004114,-0.020127,0.001315,0.002483,-0.002670,-0.068085,-0.010603,-0.042969,0.005824,0.272194,-0.387449,0.235234,-0.129407
0.003328,-0.004361,-0.019715,0.001310,0.002990,-0.002578,-0.067725,-0.012211,-0.050718,0.009244,0.270427,-0.366254,0.223950,-0.120845
0.003210,-0.004625,-0.019282,0.001359,0.002948,-0.002497,-0.066447,-0.009022,-0.056445,0.009903,0.271297,-0.378972,0.249340,-0.140473
0.003104,-0.004879,-0.018883,0.001333,0.003077,-0.002494,-0.071068,-0.002789,-0.058767,0.011335,0.267479,-0.400721,0.249773,-0.137141
0.002995,-0.005164,-0.018458,0.001272,0.003177,-0.002455,-0.070634,-0.000735,-0.061842,0.011578,0.272324,-0.377328,0.237880,-0.131807
0.002905,-0.005463,-0.018042,0.001148,0.003599,-0.002596,-0.067991,-0.003529,-0.070491,0.015670,0.271336,-0.364682,0.243988,-0.136248
0.002813,-0.005816,-0.017564,0.001100,0.003928,-0.002760,-0.070910,-0.000847,-0.072424,0.018964,0.268737,-0.385968,0.236082,-0.129195
0.002720,-0.006060,-0.017064,0.001218,0.002961,-0.003127,-0.071501,0.003745,-0.078633,0.025937,0.268128,-0.392960,0.229640,-0.124293
0.002608,-0.006242,-0.016456,0.001359,0.002062,-0.003506,-0.068153,0.000559,-0.092269,0.032234,0.261643,-0.386412,0.242051,-0.129697
0.002499,-0.006333,-0.015847,0.001431,0.001139,-0.003804,-0.066481,-0.018067,-0.089052,0.032938,0.251514,-0.385311,0.244218,-0.125004
0.002379,-0.006331,-0.015152,0.001481,0.000039,-0.004011,-0.066563,-0.032148,-0.082450,0.032307,0.246561,-0.384097,0.239044,-0.118569
0.002272,-0.006367,-0.014493,0.001423,0.000485,-0.004122,-0.063239,-0.044982,-0.075864,0.027121,0.242034,-0.389105,0.259029,-0.130648
0.002187,-0.006577,-0.013640,0.001118,0.002370,-0.004920,-0.059962,-0.059989,-0.067904,0.021776,0.236179,-0.396032,0.277071,-0.140460
0.002113,-0.006765,-0.012839,0.001078,0.002304,-0.005001,-0.055030,-0.053749,-0.084527,0.026119,0.242299,-0.386542,0.278243,-0.148892
0.002027,-0.006870,-0.011920,0.001168,0.001221,-0.005302,-0.041430,-0.040548,-0.140331,0.054891,0.247433,-0.383828,0.278910,-0.161570
0.001932,-0.006874,-0.011000,0.001360,0.000125,-0.005753,-0.044789,-0.043351,-0.140381,0.058744,0.239249,-0.386108,0.263307,-0.145104
0.001819,-0.006866,-0.010005,0.001477,-0.000023,-0.005740,-0.057785,-0.066594,-0.105916,0.051632,0.207444,-0.378254,0.247190,-0.105563
0.001701,-0.006885,-0.009142,0.001632,0.000278,-0.005394,-0.053926,-0.089982,-0.107058,0.052349,0.195736,-0.388856,0.262333,-0.110858
0.001583,-0.006972,-0.008187,0.001528,0.001013,-0.005512,-0.044148,-0.094999,-0.125172,0.053946,0.206841,-0.418461,0.304544,-0.153409
0.001467,-0.007063,-0.007305,0.001608,0.001137,-0.005507,-0.046537,-0.087464,-0.120896,0.040251,0.206328,-0.408914,0.329233,-0.168827
0.001312,-0.007104,-0.006318,0.001945,0.000508,-0.005698,-0.045138,-0.079137,-0.133597,0.043984,0.204022,-0.365939,0.316007,-0.158267
0.001160,-0.007128,-0.005420,0.002044,0.000321,-0.005610,-0.041283,-0.074102,-0.157094,0.054070,0.219342,-0.359289,0.286134,-0.154013
0.000995,-0.007110,-0.004477,0.002042,-0.000156,-0.005440,-0.047272,-0.085120,-0.158061,0.055272,0.212546,-0.393306,0.263899,-0.135956
0.000844,-0.006993,-0.003643,0.002026,-0.001361,-0.005215,-0.056864,-0.092806,-0.144675,0.048211,0.185982,-0.408394,0.269078,-0.117387
0.000663,-0.006771,-0.002680,0.002215,-0.002406,-0.005560,-0.055321,-0.105250,-0.135962,0.038611,0.170122,-0.401911,0.315250,-0.137762
0.000465,-0.006410,-0.001656,0.002619,-0.004270,-0.006392,-0.048785,-0.120025,-0.128709,0.033441,0.179793,-0.395148,0.338287,-0.164155
0.000210,-0.005931,-0.000440,0.003072,-0.005248,-0.007019,-0.040925,-0.130075,-0.137696,0.034722,0.196856,-0.379609,0.322978,-0.171138
-0.000042,-0.005535,0.000600,0.003236,-0.004706,-0.006503,-0.034007,-0.155667,-0.140793,0.030597,0.191071,-0.371811,0.312010,-0.163831
-0.000321,-0.005143,0.001641,0.003259,-0.004310,-0.006000,-0.035911,-0.176287,-0.142588,0.023524,0.166378,-0.388770,0.311755,-0.148949
-0.000592,-0.004794,0.002563,0.003409,-0.004169,-0.005762,-0.043390,-0.166377,-0.135866,0.004812,0.156840,-0.403712,0.339609,-0.161760
-0.000929,-0.004501,0.003389,0.003837,-0.003238,-0.004772,-0.044434,-0.162009,-0.134365,-0.007518,0.156005,-0.399686,0.377048,-0.189312
-0.001255,-0.004269,0.004067,0.003991,-0.002786,-0.004233,-0.039288,-0.159037,-0.159285,-0.002743,0.173151,-0.375199,0.358918,-0.195020
-0.001623,-0.004053,0.004709,0.004148,-0.002403,-0.003704,-0.047504,-0.134292,-0.169984,-0.016073,0.192653,-0.354813,0.333447,-0.189755
-0.001984,-0.003807,0.005320,0.004378,-0.002956,-0.003822,-0.062964,-0.125634,-0.154188,-0.029434,0.175610,-0.373765,0.326938,-0.167265
-0.002372,-0.003592,0.005914,0.004348,-0.002406,-0.003428,-0.071037,-0.118881,-0.162925,-0.028564,0.172442,-0.393710,0.301662,-0.149005
-0.002732,-0.003363,0.006469,0.004363,-0.002778,-0.003465,-0.061870,-0.133766,-0.185613,-0.023404,0.181360,-0.390743,0.311494,-0.170021
-0.003126,-0.003104,0.007032,0.004390,-0.002895,-0.003248,-0.065252,-0.133981,-0.187807,-0.026927,0.170242,-0.391669,0.334256,-0.176955
-0.003480,-0.002851,0.007519,0.004282,-0.003069,-0.003049,-0.072147,-0.137089,-0.167540,-0.040017,0.154477,-0.385698,0.341153,-0.165936
-0.003862,-0.002590,0.007964,0.004235,-0.002929,-0.002566,-0.071877,-0.136514,-0.169087,-0.042393,0.165143,-0.374783,0.334823,-0.169706
-0.004203,-0.002329,0.008339,0.004093,-0.003162,-0.002345,-0.065731,-0.136076,-0.181191,-0.039165,0.182675,-0.380121,0.335041,-0.187850
-0.004556,-0.001885,0.008696,0.003907,-0.004932,-0.002059,-0.071596,-0.129486,-0.173854,-0.046990,0.180895,-0.387526,0.331278,-0.181712
-0.004858,-0.001409,0.008854,0.003612,-0.005682,-0.000988,-0.077044,-0.130424,-0.158392,-0.055631,0.168627,-0.376725,0.327642,-0.166538
-0.005198,-0.000916,0.008958,0.003741,-0.005438,-0.000597,-0.074786,-0.149842,-0.135638,-0.063391,0.171475,-0.369557,0.328955,-0.170777
-0.005503,-0.000514,0.008999,0.003631,-0.004795,-0.000259,-0.078715,-0.146660,-0.106542,-0.078372,0.187131,-0.376513,0.335643,-0.184943
-0.005835,-0.000097,0.009019,0.003648,-0.004584,-0.000113,-0.079642,-0.136412,-0.107091,-0.092458,0.192228,-0.382557,0.349275,-0.197495
-0.006146,0.000353,0.009075,0.003705,-0.005375,-0.000350,-0.074133,-0.122879,-0.129517,-0.088687,0.206006,-0.372221,0.337324,-0.201590
-0.367280,-0.438945,0.768279,0.000059,-0.000170,-0.000132,0.000000,0.000000,0.000000,0.000000,0.000000,0.000000,0.000000,0.000000
-0.367272,-0.438830,0.768294,0.000141,-0.001559,-0.000088,0.249594,-0.282512,-1.000000,0.866869,-0.744247,-1.000000,-0.612263,0.204144
-0.367486,-0.438492,0.768180,0.000625,-0.002279,0.000655,0.250024,-0.284199,-1.000000,0.866999,-0.744766,-1.000000,-0.612397,0.204450
-0.367787,-0.438104,0.768052,0.001480,-0.002856,0.000803,0.030070,-0.363770,-1.000000,0.477243,-1.000000,-1.000000,0.515840,0.230332
-0.368307,-0.437507,0.767773,0.001499,-0.003012,0.001609,0.023284,-0.364011,-1.000000,0.459951,-1.000000,-1.000000,0.518941,0.231151
-0.369216,-0.436591,0.767158,0.000774,-0.002429,0.003838,0.171165,-0.332503,-1.000000,0.676217,-0.897583,-1.000000,0.226905,-0.050154
-0.371370,-0.434524,0.765574,-0.000149,-0.002466,0.009140,0.168175,-0.329959,-1.000000,0.665957,-0.893447,-1.000000,0.228553,-0.056836
-0.375071,-0.430946,0.762788,-0.001059,-0.003696,0.017414,0.081390,-0.341906,-1.000000,0.551323,-1.000000,-0.957398,0.320818,0.178451
-0.381141,-0.424966,0.758115,-0.002362,-0.004699,0.026948,0.052994,-0.319435,-1.000000,0.493397,-1.000000,-0.943017,0.331271,0.175696
-0.389002,-0.416883,0.751962,-0.003362,-0.007585,0.038470,0.048747,-0.290731,-1.000000,0.453266,-0.989186,-1.000000,0.330640,0.027051
-0.400476,-0.404382,0.742830,-0.003564,-0.012865,0.052701,-0.004288,-0.258699,-1.000000,0.335627,-0.968600,-0.989225,0.340339,0.012360
-0.413725,-0.388922,0.731979,-0.003581,-0.018779,0.067865,-0.089643,-0.232153,-1.000000,0.150474,-1.000000,-0.880859,0.385417,0.063024
-0.430386,-0.367704,0.717682,-0.004221,-0.024707,0.082441,-0.190335,-0.201801,-1.000000,-0.101559,-0.989672,-0.828309,0.410610,0.042444
-0.447147,-0.343821,0.702304,-0.005883,-0.031767,0.096091,-0.292197,-0.171524,-1.000000,-0.361922,-0.903306,-0.827976,0.411557,-0.021375
-0.465749,-0.313387,0.683601,-0.008982,-0.039359,0.107883,-0.403053,-0.143621,-1.000000,-0.662710,-0.829791,-0.775788,0.427415,-0.075742
-0.482579,-0.281132,0.664544,-0.012929,-0.045555,0.119106,-0.514399,-0.115522,-1.000000,-0.967222,-0.766929,-0.693376,0.448184,-0.114310
-0.499622,-0.241726,0.642044,-0.017660,-0.050769,0.129791,-0.609752,-0.095916,-1.000000,-1.000000,-0.676919,-0.634083,0.432925,-0.149659
-0.513383,-0.201396,0.619726,-0.023172,-0.056379,0.139506,-0.691597,-0.055263,-1.000000,-1.000000,-0.569083,-0.593529,0.389709,-0.177183
-0.525240,-0.153741,0.593895,-0.030547,-0.059099,0.149094,-0.787228,-0.055474,-1.000000,-1.000000,-0.529956,-0.568890,0.432392,-0.158924
-0.532558,-0.106729,0.568645,-0.038257,-0.058437,0.157809,-0.879269,-0.072531,-1.000000,-1.000000,-0.506609,-0.539786,0.474943,-0.127026
-0.535742,-0.053396,0.539956,-0.046793,-0.054539,0.165438,-0.942301,-0.102221,-1.000000,-1.000000,-0.427021,-0.509209,0.535963,-0.158761
-0.533672,-0.002173,0.512182,-0.055778,-0.051585,0.173578,-0.988034,-0.115945,-1.000000,-1.000000,-0.336716,-0.488133,0.608886,-0.210477
-0.525514,0.053455,0.481290,-0.064359,-0.042905,0.178208,-1.000000,-0.106954,-1.000000,-1.000000,-0.246319,-0.437963,0.656249,-0.239747
-0.512534,0.103313,0.452500,-0.071513,-0.031100,0.180052,-1.000000,-0.089082,-0.875366,-1.000000,-0.145266,-0.358459,0.680441,-0.258681
-0.492887,0.154490,0.421369,-0.078096,-0.017853,0.179501,-1.000000,-0.065033,-0.470437,-1.000000,-0.047375,-0.299451,0.651869,-0.263588
-0.470024,0.198354,0.392914,-0.084561,-0.005690,0.177858,-1.000000,-0.012639,-0.215079,-1.000000,0.075380,-0.275990,0.593147,-0.284478
-0.440742,0.241596,0.362611,-0.091229,0.005915,0.174888,-0.977706,0.033876,-0.070042,-1.000000,0.249730,-0.258608,0.559822,-0.361394
-0.410553,0.276609,0.335680,-0.097595,0.016294,0.168352,-0.905687,0.063251,0.097872,-1.000000,0.364705,-0.217300,0.511254,-0.394588
-0.375707,0.308240,0.308210,-0.104081,0.029945,0.158397,-0.822693,0.086925,0.327556,-1.000000,0.451391,-0.144628,0.419044,-0.388785
-0.343088,0.330904,0.285125,-0.110674,0.044648,0.144301,-0.715586,0.071617,0.454035,-1.000000,0.519591,-0.110034,0.297532,-0.380236
-0.308639,0.348556,0.263026,-0.117241,0.058802,0.127510,-0.573033,0.049391,0.466976,-1.000000,0.581898,-0.125516,0.164813,-0.377407
-0.278951,0.358694,0.245799,-0.123547,0.071960,0.107627,-0.417239,0.009300,0.362759,-1.000000,0.573232,-0.173883,0.077341,-0.370974
-0.249940,0.363813,0.230768,-0.129322,0.084054,0.086720,-0.250237,-0.044490,0.219298,-0.799199,0.515919,-0.219998,-0.005382,-0.350837
-0.226416,0.364036,0.220225,-0.135026,0.093535,0.065912,-0.069265,-0.133764,-0.042896,-0.322917,0.419111,-0.265653,-0.078305,-0.334515
-0.204252,0.360608,0.212037,-0.139951,0.100420,0.047277,0.102047,-0.282533,-0.284813,0.157723,0.256157,-0.332400,-0.073504,-0.293776
-0.186103,0.355224,0.206662,-0.143225,0.104537,0.033593,0.224903,-0.499560,-0.356989,0.586444,-0.032998,-0.395763,0.070373,-0.187956
-0.167621,0.348264,0.201809,-0.143199,0.107094,0.027967,0.327412,-0.655676,-0.325221,0.923639,-0.262274,-0.411094,0.280324,-0.139435
-0.150840,0.341590,0.197331,-0.141283,0.107140,0.027994,0.421674,-0.716880,-0.291933,1.000000,-0.307277,-0.411549,0.486323,-0.209005
-0.132748,0.334238,0.192200,-0.138087,0.107022,0.029603,0.443216,-0.675305,-0.189537,1.000000,-0.256502,-0.364159,0.538231,-0.229435
-0.115919,0.327300,0.186981,-0.134953,0.108008,0.032628,0.428922,-0.575679,-0.070994,1.000000,-0.163952,-0.282977,0.448259,-0.224323
-0.097260,0.319753,0.180443,-0.130847,0.108294,0.037705,0.426075,-0.496959,-0.018051,1.000000,-0.078116,-0.275654,0.343965,-0.214967
-0.079345,0.312842,0.173123,-0.125451,0.107902,0.045750,0.419586,-0.434838,0.011208,1.000000,-0.037246,-0.318683,0.265486,-0.175118
-0.058999,0.305569,0.163263,-0.116714,0.105308,0.056904,0.386873,-0.364040,0.125791,1.000000,-0.023496,-0.315588,0.247384,-0.144818
-0.039099,0.299101,0.151786,-0.105303,0.099940,0.071722,0.324492,-0.272762,0.310688,1.000000,0.006523,-0.271301,0.271591,-0.144994
-0.016499,0.291913,0.136540,-0.090527,0.095826,0.087984,0.229157,-0.143951,0.556677,0.962015,0.103410,-0.218738,0.272317,-0.154191
0.005093,0.284807,0.119798,-0.074033,0.090057,0.104580,0.093196,0.013046,0.872849,0.683265,0.251619,-0.160767,0.243512,-0.153374
0.028557,0.276111,0.099262,-0.056179,0.085447,0.118479,-0.059388,0.218288,1.000000,0.363724,0.432726,-0.122660,0.175133,-0.150140
0.049501,0.266981,0.078798,-0.038872,0.080067,0.127917,-0.193153,0.448755,1.000000,0.034296,0.678815,-0.111477,0.029780,-0.202028
0.070174,0.255731,0.056318,-0.021494,0.077873,0.129598,-0.338323,0.657540,1.000000,-0.276716,0.866575,-0.082209,-0.104311,-0.218690
0.086510,0.244423,0.036315,-0.004937,0.076207,0.125118,-0.463380,0.778419,1.000000,-0.532901,0.915933,-0.022161,-0.220382,-0.156759
0.100661,0.231752,0.016172,0.012457,0.073760,0.116231,-0.525899,0.834603,1.000000,-0.660136,0.920735,-0.001022,-0.316577,-0.102416
0.110294,0.220132,-0.000774,0.030421,0.070652,0.105901,-0.554422,0.821428,1.000000,-0.724903,0.900369,-0.051549,-0.342036,-0.098375
0.117128,0.208235,-0.017477,0.050114,0.063839,0.096370,-0.575705,0.772493,1.000000,-0.791751,0.840021,-0.108283,-0.321494,-0.085012
0.120369,0.198379,-0.031583,0.069892,0.053145,0.088187,-0.591981,0.724676,1.000000,-0.890360,0.781125,-0.124056,-0.268069,-0.085108
0.120841,0.189259,-0.045530,0.088982,0.040156,0.080416,-0.620327,0.663371,0.909062,-1.000000,0.739883,-0.126572,-0.200291,-0.109414
0.118696,0.182645,-0.057063,0.106216,0.025163,0.072090,-0.653896,0.586018,0.781172,-1.000000,0.708588,-0.118747,-0.175246,-0.122623
0.113563,0.177670,-0.067619,0.122240,0.010316,0.060902,-0.697599,0.501302,0.712123,-1.000000,0.664937,-0.105833,-0.141841,-0.118055
0.106001,0.175169,-0.074792,0.137347,-0.001228,0.044829,-0.749068,0.355385,0.706527,-1.000000,0.575341,-0.133499,-0.051298,-0.088054
0.094500,0.174720,-0.078814,0.150621,-0.009943,0.023209,-0.769710,0.174163,0.628891,-1.000000,0.492713,-0.182043,0.033522,-0.079295
0.080683,0.176108,-0.078287,0.161089,-0.014667,-0.003297,-0.741695,-0.032202,0.388162,-1.000000,0.435874,-0.248981,0.139553,-0.141119
0.062181,0.178797,-0.072459,0.167655,-0.013627,-0.033606,-0.684523,-0.285404,0.009486,-1.000000,0.317068,-0.336070,0.238881,-0.181801
0.042269,0.181285,-0.062270,0.168583,-0.007017,-0.063694,-0.602616,-0.588885,-0.474206,-1.000000,0.108586,-0.408597,0.303816,-0.166914
0.018716,0.182839,-0.046905,0.162149,0.003005,-0.088637,-0.488790,-0.943314,-1.000000,-1.000000,-0.185300,-0.496965,0.402638,-0.155789
-0.003936,0.182519,-0.029610,0.151183,0.012711,-0.108139,-0.355729,-1.000000,-1.000000,-1.000000,-0.487334,-0.598981,0.554183,-0.182044
-0.028897,0.179654,-0.008018,0.138365,0.023925,-0.124490,-0.216085,-1.000000,-1.000000,-1.000000,-0.690680,-0.638006,0.737102,-0.253483
-0.051874,0.174184,0.014120,0.125843,0.036063,-0.138472,-0.014398,-1.000000,-1.000000,-0.905629,-0.752560,-0.583682,0.668667,-0.259841
-0.075951,0.164982,0.039724,0.112584,0.049109,-0.147662,0.134818,-1.000000,-1.000000,-0.602637,-0.776781,-0.562068,0.519869,-0.220746
-0.096644,0.153592,0.063985,0.099430,0.061063,-0.151658,0.228544,-1.000000,-1.000000,-0.347299,-0.882867,-0.634860,0.399694,-0.132101
-0.116592,0.138874,0.089822,0.085825,0.070043,-0.148999,0.298883,-1.000000,-1.000000,-0.100068,-1.000000,-0.726264,0.390359,-0.044584
-0.132362,0.124106,0.112231,0.074878,0.074079,-0.140064,0.346913,-1.000000,-1.000000,0.119130,-1.000000,-0.771450,0.436303,-0.016182
-0.146654,0.108068,0.133964,0.067416,0.073844,-0.125389,0.369842,-1.000000,-1.000000,0.269403,-1.000000,-0.782823,0.465460,-0.011681
-0.157776,0.093920,0.151291,0.064999,0.071541,-0.108310,0.358313,-1.000000,-1.000000,0.302888,-1.000000,-0.778823,0.467095,0.004409
-0.168142,0.079897,0.166901,0.065410,0.067864,-0.090062,0.303081,-1.000000,-1.000000,0.230560,-1.000000,-0.765618,0.490505,0.018335
-0.176626,0.068531,0.178340,0.068127,0.062787,-0.071515,0.216682,-1.000000,-1.000000,0.069370,-1.000000,-0.753202,0.533236,0.005736
-0.185090,0.058184,0.187525,0.072059,0.057368,-0.052963,0.120428,-0.915033,-1.000000,-0.135469,-0.980695,-0.739972,0.581371,-0.041505
-0.192599,0.050463,0.193170,0.077525,0.052787,-0.035314,0.015930,-0.820693,-1.000000,-0.376591,-0.919655,-0.711363,0.635345,-0.108154
-0.200644,0.044269,0.196192,0.083161,0.047902,-0.017421,-0.108047,-0.726214,-1.000000,-0.638808,-0.855126,-0.659638,0.629673,-0.134126
-0.208042,0.040618,0.196084,0.088280,0.044284,0.000679,-0.242854,-0.621200,-1.000000,-0.925108,-0.775370,-0.606583,0.591539,-0.151140
-0.215934,0.038927,0.192867,0.091336,0.041653,0.018553,-0.389513,-0.509181,-1.000000,-1.000000,-0.689961,-0.578601,0.567763,-0.176301
-0.222970,0.039354,0.187282,0.092293,0.039948,0.034906,-0.540303,-0.361038,-1.000000,-1.000000,-0.591280,-0.554155,0.538720,-0.197522
-0.230114,0.041855,0.178769,0.090945,0.037897,0.049119,-0.685084,-0.212646,-1.000000,-1.000000,-0.507855,-0.518602,0.563158,-0.189285
-0.236089,0.045928,0.169043,0.087680,0.034988,0.060816,-0.816265,-0.068049,-1.000000,-1.000000,-0.425700,-0.476893,0.578258,-0.155688
-0.241599,0.052557,0.156691,0.082057,0.027405,0.071233,-0.915070,0.065791,-1.000000,-1.000000,-0.298507,-0.437326,0.549868,-0.140994
-0.245554,0.060594,0.143936,0.074462,0.019048,0.079735,-0.984879,0.171888,-1.000000,-1.000000,-0.165063,-0.412261,0.508861,-0.135837
-0.248387,0.070902,0.129058,0.065179,0.012076,0.085820,-1.000000,0.229482,-1.000000,-1.000000,-0.061716,-0.380719,0.478534,-0.108174
-0.249369,0.081963,0.114428,0.053611,0.003287,0.091465,-1.000000,0.253726,-1.000000,-1.000000,0.019533,-0.344109,0.463478,-0.084061
-0.248200,0.095405,0.097396,0.039245,-0.002452,0.098260,-1.000000,0.259893,-0.688834,-1.000000,0.097496,-0.318742,0.447587,-0.082893
-0.244815,0.108734,0.080757,0.023092,-0.005847,0.104010,-1.000000,0.243664,-0.245363,-1.000000,0.175972,-0.288304,0.451342,-0.097863
-0.238643,0.123476,0.062258,0.006119,-0.007742,0.106676,-1.000000,0.279858,0.108907,-1.000000,0.347284,-0.247625,0.474305,-0.194757
-0.231003,0.136223,0.045669,-0.010519,-0.005752,0.103684,-0.974620,0.340677,0.402542,-1.000000,0.563354,-0.197933,0.492599,-0.330106
-0.221475,0.147658,0.029638,-0.026129,0.000224,0.092480,-0.862292,0.387363,0.670293,-1.000000,0.733388,-0.105681,0.398095,-0.365718
-0.212279,0.155436,0.017517,-0.040678,0.006511,0.075814,-0.717154,0.407979,0.771887,-1.000000,0.840023,-0.030031,0.208990,-0.334976
-0.202706,0.160375,0.008075,-0.053489,0.014159,0.054451,-0.550494,0.356299,0.699717,-1.000000,0.863038,-0.065389,0.000318,-0.282936
-0.194579,0.161997,0.002975,-0.065889,0.019116,0.031889,-0.386962,0.243783,0.536062,-1.000000,0.792147,-0.177059,-0.137276,-0.220549
-0.186697,0.160863,0.001432,-0.077925,0.022800,0.008899,-0.218724,0.101684,0.263062,-0.812370,0.645528,-0.304561,-0.151724,-0.186932
-0.180290,0.157543,0.003480,-0.088518,0.025173,-0.012797,-0.026540,-0.085713,-0.040539,-0.370076,0.486092,-0.406389,-0.082287,-0.206184
-0.174031,0.152077,0.008923,-0.098068,0.025934,-0.031392,0.174408,-0.339644,-0.293465,0.107446,0.294545,-0.457614,0.026532,-0.213342
-0.168490,0.146191,0.015974,-0.105588,0.023733,-0.044081,0.342802,-0.645241,-0.402228,0.537900,0.019642,-0.458528,0.196428,-0.160796
-0.162446,0.139625,0.024616,-0.109375,0.021322,-0.049871,0.470566,-0.867342,-0.380017,0.856183,-0.221840,-0.462320,0.410419,-0.138711
-0.156695,0.133894,0.032682,-0.109912,0.018679,-0.050395,0.551283,-0.971400,-0.268576,0.991061,-0.311265,-0.477548,0.614833,-0.189586
-0.150182,0.128320,0.041017,-0.109557,0.015665,-0.048109,0.575720,-0.981394,-0.171031,1.000000,-0.297361,-0.428563,0.679875,-0.215278
-0.143800,0.123830,0.048004,-0.108997,0.013832,-0.043633,0.574319,-0.934525,-0.103165,0.978809,-0.225913,-0.352352,0.638071,-0.229445
-0.136306,0.119901,0.054206,-0.108631,0.012142,-0.035803,0.572713,-0.901835,-0.066553,0.985839,-0.173104,-0.353512,0.576733,-0.231357
-0.128677,0.117461,0.057863,-0.107059,0.010307,-0.022846,0.561609,-0.875250,-0.024871,0.997803,-0.154152,-0.393588,0.523306,-0.205849
-0.119632,0.116145,0.058874,-0.103538,0.009967,-0.005835,0.526402,-0.834778,0.108173,0.951799,-0.152382,-0.383041,0.538749,-0.195788
-0.110574,0.116150,0.056549,-0.097691,0.010307,0.014528,0.450668,-0.759241,0.347926,0.808615,-0.128578,-0.328748,0.601479,-0.211681
-0.099869,0.117471,0.050064,-0.091382,0.009975,0.037417,0.347457,-0.608343,0.613017,0.611996,-0.017702,-0.268228,0.624916,-0.252860
-0.089026,0.119672,0.040364,-0.085952,0.009374,0.060640,0.224068,-0.392210,0.850680,0.360706,0.182705,-0.215049,0.585263,-0.313689
-0.076274,0.122446,0.026566,-0.082178,0.010665,0.079548,0.081941,-0.145565,1.000000,0.077820,0.413494,-0.169233,0.470932,-0.340670
-0.064004,0.124471,0.012248,-0.079626,0.015254,0.089524,-0.067390,0.126078,1.000000,-0.203113,0.648968,-0.122006,0.289672,-0.336278
-0.050974,0.125307,-0.003064,-0.076619,0.023063,0.088353,-0.185680,0.400706,1.000000,-0.394332,0.863370,-0.079694,0.104646,-0.334128
-0.039993,0.124408,-0.015535,-0.071796,0.033303,0.077905,-0.245089,0.596049,1.000000,-0.429338,0.987943,-0.053396,-0.075020,-0.298432
-0.029928,0.121524,-0.026098,-0.065045,0.045554,0.060986,-0.231445,0.669789,1.000000,-0.301891,1.000000,-0.052939,-0.272746,-0.202293
-0.022741,0.117275,-0.032572,-0.056018,0.057481,0.040428,-0.186056,0.647106,1.000000,-0.117486,0.933626,-0.120726,-0.385648,-0.100356
-0.017384,0.111253,-0.035898,-0.045401,0.068740,0.019192,-0.132086,0.560687,0.933174,0.071885,0.784305,-0.269725,-0.368410,-0.026347
-0.014628,0.104718,-0.035709,-0.033547,0.077574,-0.001178,-0.048290,0.446425,0.403488,0.274846,0.633461,-0.410223,-0.293771,-0.005518
-0.013601,0.097047,-0.032633,-0.022432,0.082806,-0.017774,0.061975,0.341661,-0.194958,0.501044,0.509193,-0.474520,-0.203279,-0.022624
-0.013761,0.089812,-0.028190,-0.014208,0.083730,-0.027759,0.108533,0.205913,-0.627819,0.670265,0.266931,-0.500470,-0.115514,0.067331
-0.014387,0.082101,-0.022804,-0.009798,0.082034,-0.031074,0.083013,0.061588,-0.878467,0.731647,-0.003271,-0.520580,-0.079553,0.178662
-0.015078,0.075194,-0.017893,-0.006827,0.079467,-0.030693,0.050893,-0.047341,-0.980816,0.707209,-0.159103,-0.572555,0.065934,0.149614
-0.015902,0.067890,-0.012884,-0.003923,0.077534,-0.028890,0.020155,-0.104542,-0.971335,0.636836,-0.246318,-0.614230,0.311461,0.052179
-0.016788,0.061196,-0.008600,-0.000319,0.077121,-0.026789,0.001841,-0.118394,-0.960168,0.573290,-0.258141,-0.559565,0.447304,-0.015097
-0.017783,0.054601,-0.005159,0.003680,0.070413,-0.019850,0.001943,-0.095811,-1.000000,0.534644,-0.182659,-0.459145,0.444430,-0.057753
-0.018796,0.049077,-0.003328,0.008321,0.064522,-0.011439,-0.021017,-0.044304,-1.000000,0.485160,-0.118968,-0.443957,0.386396,-0.060646
-0.019995,0.043701,-0.003048,0.012700,0.058907,-0.001618,-0.116989,0.004425,-0.900332,0.305849,-0.105049,-0.465394,0.339942,-0.011316
-0.021126,0.039273,-0.004488,0.015829,0.053786,0.009005,-0.217736,0.061129,-0.734212,0.093900,-0.097406,-0.456108,0.340142,0.013485
-0.022350,0.035107,-0.007809,0.017965,0.048175,0.019159,-0.292653,0.155728,-0.613291,-0.118903,-0.000754,-0.433940,0.390338,-0.060166
-0.023439,0.031913,-0.012383,0.019002,0.041820,0.028598,-0.354606,0.285781,-0.489903,-0.315905,0.160130,-0.398076,0.393303,-0.145814
-0.024521,0.029071,-0.018654,0.018831,0.036218,0.036160,-0.413305,0.421402,-0.345494,-0.487588,0.322376,-0.309879,0.275937,-0.156027
-0.025377,0.026983,-0.025313,0.017512,0.030906,0.041641,-0.455942,0.534568,-0.198494,-0.615733,0.455142,-0.222285,0.099054,-0.109249
-0.026220,0.025185,-0.032922,0.016421,0.026333,0.043878,-0.481619,0.612592,-0.080996,-0.679666,0.533904,-0.232077,-0.043503,-0.053410
-0.027013,0.023914,-0.039804,0.016002,0.021816,0.043025,-0.493003,0.630273,0.027383,-0.707727,0.558890,-0.292212,-0.116146,-0.013907
-0.027923,0.023231,-0.046777,0.015825,0.013950,0.040234,-0.489290,0.593926,0.106477,-0.730398,0.555024,-0.312736,-0.106983,-0.008556
-0.028875,0.022912,-0.052117,0.016020,0.009323,0.033368,-0.470505,0.534335,0.146864,-0.750337,0.553243,-0.306514,-0.051319,-0.042083
-0.030103,0.022734,-0.056129,0.016692,0.005942,0.023141,-0.446163,0.458856,0.223645,-0.777890,0.568735,-0.293054,-0.012502,-0.083790
-0.031388,0.022652,-0.057879,0.016783,0.002944,0.010938,-0.397653,0.394958,0.172351,-0.738978,0.574890,-0.291563,-0.024815,-0.106081
-0.032913,0.022639,-0.057562,0.016514,-0.000202,-0.001832,-0.319836,0.307598,0.003120,-0.650250,0.557929,-0.318246,-0.047442,-0.126686
-0.034375,0.022679,-0.055284,0.015489,-0.003296,-0.014236,-0.248773,0.169711,-0.165966,-0.539593,0.460961,-0.373859,-0.047053,-0.092863
-0.035905,0.022720,-0.050926,0.013436,-0.005643,-0.025148,-0.194871,-0.001794,-0.287803,-0.442434,0.299213,-0.424337,-0.000005,-0.033656
-0.037166,0.022757,-0.045620,0.010559,-0.007594,-0.033143,-0.134137,-0.199851,-0.380714,-0.341863,0.143683,-0.472310,0.136813,-0.052712
-0.038291,0.022803,-0.039056,0.007293,-0.008980,-0.037867,-0.054009,-0.381023,-0.482095,-0.216903,0.032471,-0.510916,0.309310,-0.143014
-0.039144,0.022737,-0.032484,0.004654,-0.008692,-0.041080,0.021690,-0.510827,-0.535332,-0.112363,-0.046006,-0.486625,0.474998,-0.232258
-0.039894,0.022630,-0.025187,0.002619,-0.008743,-0.042098,0.062558,-0.582474,-0.512339,-0.059501,-0.114353,-0.416712,0.597407,-0.263597
-0.040424,0.022702,-0.018614,0.000848,-0.010725,-0.041082,0.089202,-0.598948,-0.520538,-0.014057,-0.130219,-0.382005,0.622369,-0.260127
-0.040859,0.022968,-0.011820,-0.000440,-0.012458,-0.039212,0.113156,-0.597046,-0.549052,0.029013,-0.090689,-0.396299,0.589146,-0.269122
-0.041151,0.023410,-0.005983,-0.001455,-0.014236,-0.036477,0.111959,-0.616105,-0.501173,0.035310,-0.090595,-0.408904,0.565140,-0.253510
-0.041336,0.024085,-0.000283,-0.002494,-0.015552,-0.032878,0.096787,-0.635645,-0.437309,0.017576,-0.134179,-0.401781,0.566214,-0.219238
-0.041376,0.024927,0.004214,-0.003533,-0.016999,-0.028105,0.095618,-0.644140,-0.390264,-0.004510,-0.135119,-0.399863,0.604770,-0.244643
-0.041305,0.025905,0.008287,-0.004247,-0.016584,-0.023492,0.096717,-0.637808,-0.350532,-0.023732,-0.099433,-0.403399,0.640061,-0.296476
-0.041143,0.026911,0.011114,-0.004650,-0.016364,-0.017677,0.078170,-0.603566,-0.264349,-0.074878,-0.055893,-0.369452,0.638007,-0.314883
-0.040780,0.028127,0.013085,-0.005804,-0.016165,-0.011371,0.054704,-0.549736,-0.205303,-0.120369,-0.021130,-0.330968,0.615456,-0.310269
-0.040251,0.029370,0.013874,-0.007133,-0.016008,-0.004929,0.030515,-0.488099,-0.150255,-0.168621,0.038561,-0.328729,0.573736,-0.314783
-0.039429,0.030859,0.013588,-0.008732,-0.015955,0.001649,0.001803,-0.426824,-0.062703,-0.209198,0.097997,-0.332990,0.529252,-0.314429
-0.038460,0.032193,0.012501,-0.010295,-0.014293,0.006792,-0.027777,-0.361694,0.039710,-0.255311,0.145903,-0.314134,0.497281,-0.310462
-0.037185,0.033484,0.010658,-0.011946,-0.011737,0.010637,-0.051987,-0.292570,0.150393,-0.299642,0.205710,-0.291096,0.473016,-0.315372
-0.035754,0.034677,0.008323,-0.014105,-0.010976,0.014593,-0.062162,-0.214134,0.195307,-0.307498,0.281136,-0.285967,0.416608,-0.319991
-0.033964,0.035978,0.005254,-0.015977,-0.010517,0.017697,-0.060529,-0.134925,0.196959,-0.286643,0.358425,-0.282503,0.329969,-0.314254
-0.032189,0.037099,0.002171,-0.016961,-0.009459,0.019280,-0.075210,-0.080837,0.281954,-0.284973,0.392003,-0.269375,0.265275,-0.277112
-0.030171,0.038142,-0.001252,-0.017762,-0.007671,0.019737,-0.099349,-0.046999,0.390732,-0.291074,0.386677,-0.268513,0.220021,-0.217594
-0.028244,0.038966,-0.004383,-0.018470,-0.006306,0.019571,-0.096031,-0.021066,0.401404,-0.274233,0.419537,-0.291767,0.186515,-0.213683
-0.026126,0.039725,-0.007666,-0.018841,-0.005165,0.018943,-0.075786,-0.000419,0.362926,-0.237893,0.470488,-0.317266,0.178230,-0.250487
-0.024162,0.040325,-0.010559,-0.019071,-0.004324,0.018082,-0.072030,0.009635,0.372403,-0.216070,0.465409,-0.309355,0.171553,-0.235849
-0.022016,0.041113,-0.013687,-0.019212,-0.006079,0.018047,-0.077680,0.015574,0.407996,-0.202922,0.436724,-0.280327,0.152298,-0.187475
-0.020110,0.041768,-0.016349,-0.018587,-0.005619,0.016641,-0.070625,0.014704,0.409469,-0.179235,0.443482,-0.289592,0.142486,-0.183958
-0.018212,0.042263,-0.018842,-0.017253,-0.003727,0.014373,-0.066535,-0.003542,0.457350,-0.180194,0.466322,-0.318675,0.147584,-0.202174
-0.016664,0.042515,-0.020647,-0.015576,-0.001780,0.011287,-0.061201,-0.015516,0.450273,-0.169896,0.453399,-0.320356,0.153408,-0.194602
-0.015261,0.042553,-0.021979,-0.013454,0.000349,0.007682,-0.040526,-0.013906,0.365126,-0.147368,0.449192,-0.310777,0.158054,-0.204700
-0.014235,0.042430,-0.022624,-0.011194,0.001831,0.004034,-0.024439,-0.028552,0.276862,-0.115785,0.435415,-0.326087,0.156361,-0.206485
-0.013404,0.042166,-0.022740,-0.008952,0.002956,0.000668,-0.023634,-0.050878,0.204256,-0.087331,0.388011,-0.341267,0.133273,-0.165136
-0.012868,0.041815,-0.022369,-0.006978,0.004000,-0.002317,-0.022890,-0.086670,0.140043,-0.070789,0.326967,-0.349874,0.152044,-0.138786
-0.012490,0.041295,-0.021535,-0.005347,0.005335,-0.004812,-0.019146,-0.130293,0.074452,-0.057040,0.272096,-0.379780,0.208511,-0.145406
-0.012236,0.040809,-0.020528,-0.004582,0.005322,-0.006295,-0.011677,-0.161822,0.009385,-0.043139,0.242220,-0.396195,0.254060,-0.166633
-0.012012,0.040278,-0.019235,-0.004290,0.005282,-0.007459,-0.004083,-0.179065,-0.048831,-0.032804,0.221924,-0.376770,0.296347,-0.189621
-0.011809,0.039961,-0.018004,-0.004268,0.003217,-0.007695,-0.004606,-0.196560,-0.054886,-0.032069,0.198548,-0.355872,0.324054,-0.191992
-0.011552,0.039787,-0.016759,-0.004536,0.001398,-0.007180,-0.006385,-0.207070,-0.058876,-0.019965,0.186239,-0.355402,0.318335,-0.179499
-0.011300,0.039857,-0.015660,-0.004631,-0.001313,-0.006872,-0.003198,-0.227919,-0.034147,-0.022894,0.193313,-0.360019,0.322119,-0.187977
-0.011008,0.040029,-0.014515,-0.004790,-0.002337,-0.006602,-0.005787,-0.246258,0.011557,-0.035156,0.187250,-0.363165,0.348180,-0.196544
-0.010740,0.040176,-0.013435,-0.004807,-0.002196,-0.006753,-0.001763,-0.269018,0.051096,-0.053801,0.184990,-0.354995,0.366674,-0.206759
-0.010412,0.040373,-0.012332,-0.005128,-0.002580,-0.006364,0.010955,-0.271746,0.045800,-0.053114,0.208455,-0.344167,0.369296,-0.230757
-0.010065,0.040700,-0.011448,-0.005462,-0.004234,-0.005522,0.023068,-0.264857,0.015001,-0.045477,0.224577,-0.346661,0.366095,-0.249864
-0.009652,0.041232,-0.010633,-0.005689,-0.006130,-0.004705,0.018582,-0.262777,0.034414,-0.048704,0.215668,-0.344071,0.349160,-0.230386
-0.009178,0.042029,-0.010209,-0.006304,-0.009649,-0.002651,0.005133,-0.274265,0.097214,-0.068628,0.195980,-0.327388,0.342025,-0.203488
-0.008604,0.043065,-0.009946,-0.006676,-0.011459,-0.001515,0.005388,-0.291165,0.133651,-0.080230,0.200044,-0.332341,0.353217,-0.213759
-0.008044,0.043962,-0.009712,-0.007055,-0.010769,-0.001464,0.007085,-0.302778,0.210336,-0.110984,0.234750,-0.340049,0.376201,-0.251046
-0.007422,0.044833,-0.009462,-0.007209,-0.009638,-0.001443,0.008598,-0.305794,0.257210,-0.132487,0.249366,-0.324335,0.389181,-0.267343
-0.006814,0.045629,-0.009303,-0.007512,-0.009512,-0.000993,0.028678,-0.287110,0.209447,-0.114118,0.276163,-0.306886,0.362493,-0.278940
-0.006143,0.046484,-0.009157,-0.007595,-0.009429,-0.000844,0.039962,-0.269459,0.168052,-0.095751,0.297723,-0.311262,0.331574,-0.282853
-0.005523,0.047201,-0.009013,-0.007642,-0.008583,-0.000900,0.022737,-0.270445,0.213297,-0.102237,0.267038,-0.318787,0.307567,-0.237704
-0.004847,0.047896,-0.008815,-0.007746,-0.007669,-0.001138,0.010589,-0.278993,0.245575,-0.106311,0.233613,-0.317836,0.302971,-0.203999
-0.004227,0.048464,-0.008574,-0.007804,-0.006804,-0.001509,0.025749,-0.279792,0.206727,-0.087569,0.251578,-0.335629,0.330473,-0.242713
-0.003537,0.048917,-0.008157,-0.008286,-0.005036,-0.002404,0.039863,-0.278163,0.173037,-0.067620,0.270730,-0.350607,0.350137,-0.276773
-0.002916,0.049219,-0.007688,-0.008256,-0.003659,-0.002936,0.035442,-0.276345,0.181364,-0.062396,0.253649,-0.320985,0.336692,-0.251190
-0.002269,0.049421,-0.007142,-0.008033,-0.002278,-0.003146,0.039235,-0.271528,0.162992,-0.033693,0.235958,-0.300463,0.319781,-0.226304
-0.001684,0.049484,-0.006561,-0.008040,-0.000796,-0.003633,0.046043,-0.268137,0.126316,-0.007792,0.242089,-0.336130,0.313624,-0.232321
-0.001049,0.049393,-0.005805,-0.008266,0.000948,-0.004363,0.040828,-0.266675,0.116925,0.002514,0.231834,-0.363570,0.315158,-0.224087
-0.000432,0.049239,-0.005101,-0.008646,0.001803,-0.004401,0.039063,-0.267547,0.106801,0.014136,0.204578,-0.343856,0.331192,-0.211918
0.000241,0.049032,-0.004388,-0.008612,0.002267,-0.004110,0.050598,-0.265103,0.065085,0.045953,0.200998,-0.334800,0.344148,-0.222598
0.000869,0.048827,-0.003774,-0.008603,0.002449,-0.003837,0.053331,-0.258283,0.059612,0.066448,0.214268,-0.347324,0.338401,-0.228678
0.001614,0.048668,-0.003312,-0.008965,0.001752,-0.002668,0.039474,-0.254521,0.090475,0.061611,0.200587,-0.343624,0.331527,-0.204485
0.002337,0.048515,-0.003042,-0.009094,0.001841,-0.001688,0.035617,-0.254621,0.101417,0.061177,0.189792,-0.334525,0.333059,-0.191954
0.003125,0.048237,-0.002854,-0.008973,0.003074,-0.001083,0.038476,-0.249561,0.122613,0.060306,0.214148,-0.341167,0.343449,-0.215117
-0.023500,-0.019685,-0.281652,0.000327,-0.001772,-0.001021,0.000000,0.000000,0.000000,0.000000,0.000000,0.000000,0.000000,0.000000
-0.023544,-0.019441,-0.281298,0.000947,-0.003862,-0.002655,-0.570329,0.669554,1.000000,-1.000000,0.591828,-0.364321,0.807512,-0.144636
-0.023672,-0.019147,-0.280622,0.001862,-0.003778,-0.003896,-0.564390,0.642240,1.000000,-1.000000,0.584105,-0.365014,0.804895,-0.140196
-0.023983,-0.018989,-0.279533,0.004484,-0.002842,-0.006813,-0.154352,0.716647,0.767042,-0.517020,1.000000,0.182564,-0.385292,-0.399221
-0.024702,-0.018938,-0.277418,0.009298,-0.002315,-0.012204,-0.151928,0.707619,0.741686,-0.522335,1.000000,0.169712,-0.370405,-0.407769
-0.025903,-0.018949,-0.274359,0.016487,-0.002683,-0.019125,-0.363960,0.516031,0.945582,-0.748907,0.545784,-0.326702,-0.272980,0.346320
-0.027939,-0.018814,-0.269553,0.025536,-0.005749,-0.027714,-0.347193,0.479623,0.786148,-0.737773,0.512403,-0.344940,-0.294154,0.364473
-0.030494,-0.018676,-0.263695,0.034583,-0.007733,-0.036607,-0.195784,0.255710,0.365967,-0.671704,0.787104,-0.422848,0.141504,-0.334064
-0.033833,-0.018771,-0.255332,0.042207,-0.007686,-0.048254,-0.192968,0.148055,0.186471,-0.719501,0.682779,-0.473111,0.164458,-0.295384
-0.037225,-0.019404,-0.245454,0.047516,-0.004852,-0.061736,-0.236933,0.281773,0.184227,-0.870460,0.563411,-0.168243,0.051251,-0.021033
-0.040957,-0.020698,-0.232183,0.050229,-0.002647,-0.076532,-0.200194,0.138841,-0.131440,-0.846394,0.441912,-0.229604,0.133947,-0.056250
-0.044140,-0.022509,-0.218062,0.049324,0.000181,-0.088312,-0.106797,-0.021339,-0.697939,-0.582185,0.431719,-0.545539,-0.152832,-0.052292
-0.047039,-0.025041,-0.201495,0.045373,0.002921,-0.095555,-0.040632,-0.172803,-1.000000,-0.435617,0.270238,-0.588677,-0.080496,-0.051489
-0.049106,-0.027801,-0.185513,0.040276,0.005130,-0.099877,-0.083951,-0.384849,-0.978084,-0.413728,-0.215062,-0.577514,0.348360,0.035076
-0.050690,-0.031006,-0.167727,0.035294,0.005564,-0.102586,-0.049991,-0.469887,-1.000000,-0.269199,-0.362050,-0.581879,0.493488,-0.007905
-0.051596,-0.034188,-0.151260,0.030700,0.007165,-0.102984,0.085339,-0.545234,-1.000000,-0.072372,-0.203337,-0.558677,0.636816,-0.266634
-0.052055,-0.037809,-0.133804,0.026480,0.009285,-0.100677,0.155681,-0.609016,-1.000000,0.090803,-0.229350,-0.538802,0.673735,-0.274646
-0.052048,-0.041096,-0.118501,0.022258,0.009858,-0.095599,0.172815,-0.576564,-1.000000,0.158048,-0.294537,-0.472864,0.579023,-0.123037
-0.051664,-0.044179,-0.103259,0.018053,0.007030,-0.087961,0.178489,-0.552511,-1.000000,0.213305,-0.316991,-0.491544,0.585874,-0.101007
-0.051117,-0.046293,-0.090897,0.014374,0.001681,-0.077244,0.175096,-0.559523,-1.000000,0.277022,-0.316041,-0.587903,0.570353,-0.113053
-0.050551,-0.047700,-0.079980,0.011561,-0.003505,-0.062997,0.155910,-0.547162,-1.000000,0.273417,-0.297739,-0.558581,0.566628,-0.113268
-0.050235,-0.047949,-0.072214,0.010271,-0.011554,-0.048538,0.105613,-0.527222,-1.000000,0.173277,-0.307144,-0.466644,0.660932,-0.130260
-0.050220,-0.047126,-0.066420,0.009515,-0.019003,-0.033424,0.019136,-0.457119,-0.739699,0.022662,-0.257472,-0.434907,0.702403,-0.145379
-0.050563,-0.045550,-0.063405,0.009417,-0.024390,-0.018840,-0.070904,-0.383389,-0.392179,-0.161047,-0.124531,-0.399137,0.681881,-0.179367
-0.051340,-0.043023,-0.062348,0.010203,-0.029620,-0.006100,-0.123621,-0.286310,-0.127574,-0.343725,0.069856,-0.336296,0.655698,-0.261335
-0.052404,-0.040285,-0.063098,0.011470,-0.031161,0.004690,-0.167454,-0.139919,0.069286,-0.528749,0.276194,-0.299594,0.615751,-0.349129
-0.053813,-0.037226,-0.065355,0.012361,-0.029525,0.013024,-0.223063,-0.001511,0.241779,-0.706201,0.435271,-0.257751,0.466343,-0.341865
-0.055108,-0.034407,-0.067965,0.011804,-0.028292,0.016312,-0.268349,0.147706,0.313810,-0.816371,0.557674,-0.186556,0.237481,-0.278060
-0.056364,-0.031511,-0.070743,0.010518,-0.026512,0.016014,-0.301108,0.272973,0.322402,-0.876769,0.627935,-0.191866,0.095772,-0.245104
-0.057306,-0.029152,-0.072886,0.008719,-0.023571,0.013407,-0.317443,0.295650,0.300966,-0.862442,0.603159,-0.277044,0.001019,-0.174959
-0.057987,-0.027015,-0.074412,0.005952,-0.020458,0.008803,-0.306318,0.277519,0.232724,-0.795492,0.564842,-0.303521,-0.057558,-0.116126
-0.058229,-0.025476,-0.074996,0.002287,-0.017051,0.003649,-0.284929,0.228684,0.165769,-0.740523,0.519736,-0.326029,0.034040,-0.142358
-0.057998,-0.024248,-0.074505,-0.002098,-0.014478,-0.002835,-0.257516,0.173116,0.112501,-0.661901,0.464077,-0.379156,0.107070,-0.150184
-0.057334,-0.023486,-0.072825,-0.006375,-0.012713,-0.010494,-0.205526,0.160989,0.043572,-0.539053,0.472521,-0.360139,0.109241,-0.169486
-0.056144,-0.023139,-0.069763,-0.010564,-0.009857,-0.017666,-0.134345,0.108690,-0.043904,-0.386171,0.461305,-0.342852,0.142453,-0.201186
-0.054682,-0.023219,-0.065971,-0.014076,-0.006990,-0.023705,-0.067680,0.023033,-0.145078,-0.205352,0.388829,-0.381977,0.105146,-0.137310
-0.052829,-0.023603,-0.061224,-0.016496,-0.004720,-0.027379,-0.008866,-0.050409,-0.229271,-0.034617,0.307574,-0.413210,0.096662,-0.082392
-0.050979,-0.024138,-0.056593,-0.017872,-0.002744,-0.028962,0.030487,-0.142986,-0.258452,0.085246,0.192346,-0.467390,0.227688,-0.093492
-0.048867,-0.024872,-0.051397,-0.018795,-0.001051,-0.029962,0.053934,-0.206220,-0.257320,0.167299,0.105060,-0.494427,0.331546,-0.103839
-0.046902,-0.025753,-0.046717,-0.018984,0.001972,-0.029259,0.081325,-0.221848,-0.263106,0.213036,0.105110,-0.435083,0.407779,-0.153429
-0.044774,-0.026681,-0.041707,-0.018877,0.002126,-0.028910,0.107093,-0.227383,-0.290535,0.260056,0.117640,-0.397107,0.445762,-0.189187
-0.042830,-0.027583,-0.037253,-0.018652,0.003308,-0.027851,0.100307,-0.181478,-0.316395,0.287975,0.141075,-0.405274,0.386547,-0.158997
-0.040733,-0.028506,-0.032547,-0.018497,0.003211,-0.027136,0.090412,-0.177451,-0.304012,0.300042,0.131108,-0.409752,0.341181,-0.116925
-0.038816,-0.029274,-0.028322,-0.018288,0.002744,-0.026417,0.081816,-0.178801,-0.322349,0.324424,0.103813,-0.430116,0.323605,-0.089031
-0.036802,-0.030059,-0.024012,-0.017726,0.002875,-0.024849,0.087466,-0.190056,-0.338957,0.344938,0.090342,-0.456801,0.348405,-0.103512
-0.034994,-0.030680,-0.020224,-0.017245,0.002204,-0.023688,0.086576,-0.205865,-0.327672,0.352481,0.072041,-0.457398,0.383929,-0.114743
-0.033103,-0.031229,-0.016386,-0.016679,0.001421,-0.022133,0.075194,-0.195987,-0.305174,0.335439,0.065090,-0.426832,0.400776,-0.116347
-0.031440,-0.031652,-0.013164,-0.016005,0.001065,-0.020134,0.073366,-0.191843,-0.291399,0.327083,0.078477,-0.412021,0.406662,-0.127433
-0.029771,-0.032015,-0.010104,-0.014983,0.000682,-0.017655,0.071003,-0.183104,-0.292486,0.329034,0.105489,-0.421904,0.379815,-0.130732
-0.028349,-0.032240,-0.007677,-0.014018,-0.000005,-0.015169,0.058366,-0.164877,-0.273790,0.309480,0.117793,-0.421973,0.364593,-0.126516
-0.026940,-0.032392,-0.005458,-0.012997,-0.000496,-0.012801,0.035236,-0.149929,-0.234332,0.269763,0.105126,-0.416754,0.375055,-0.116779
-0.025786,-0.032454,-0.003798,-0.011731,-0.000932,-0.010382,0.019350,-0.134254,-0.210167,0.238429,0.116920,-0.413566,0.369314,-0.118151
-0.024762,-0.032501,-0.002638,-0.009950,-0.000512,-0.006690,0.013507,-0.112772,-0.211483,0.217599,0.157439,-0.408639,0.357518,-0.141661
-0.024041,-0.032579,-0.002230,-0.008096,0.000554,-0.002550,-0.002651,-0.089877,-0.196698,0.180809,0.178139,-0.404090,0.348443,-0.147683
-0.023411,-0.032737,-0.002231,-0.006921,0.001732,0.000006,-0.044514,-0.042205,-0.146158,0.107389,0.184703,-0.391075,0.333233,-0.126715
-0.022934,-0.032805,-0.002538,-0.006056,0.001088,0.001919,-0.084863,0.020157,-0.108261,0.031472,0.212365,-0.380878,0.323443,-0.126768
-0.022543,-0.032876,-0.003251,-0.005101,0.001343,0.004114,-0.091837,0.068834,-0.149167,0.018890,0.271359,-0.390661,0.284642,-0.149430
-0.022372,-0.033176,-0.004529,-0.003601,0.004652,0.007987,-0.094524,0.092833,-0.172498,0.013497,0.321044,-0.385089,0.220217,-0.148890
-0.022403,-0.034185,-0.006719,-0.002160,0.012788,0.012635,-0.129932,0.118549,-0.123829,-0.031192,0.299961,-0.368157,0.191694,-0.098416
-0.022581,-0.035600,-0.009244,-0.001109,0.018970,0.015780,-0.187216,0.198446,-0.072747,-0.113013,0.281805,-0.380964,0.205003,-0.069108
-0.022883,-0.037531,-0.012277,-0.000394,0.023612,0.017505,-0.224851,0.344655,-0.132359,-0.156947,0.352098,-0.412885,0.216473,-0.116034
-0.023347,-0.039672,-0.015535,0.000967,0.028297,0.020366,-0.232193,0.452228,-0.239552,-0.147197,0.448394,-0.395886,0.153912,-0.151482
-0.023995,-0.042161,-0.019292,0.001990,0.030411,0.021668,-0.247598,0.515148,-0.310579,-0.115602,0.475451,-0.330251,0.001800,-0.067152
-0.024653,-0.044407,-0.022559,0.002698,0.029699,0.020425,-0.304646,0.589827,-0.296532,-0.149656,0.436263,-0.325666,-0.093078,0.047770
-0.025448,-0.046910,-0.025782,0.003804,0.030258,0.018586,-0.357379,0.614939,-0.252508,-0.191278,0.380393,-0.426908,-0.077277,0.097085
-0.026221,-0.049306,-0.028273,0.004850,0.030921,0.015569,-0.345291,0.575600,-0.302186,-0.166475,0.389779,-0.484564,-0.057836,0.070101
-0.026971,-0.051715,-0.029998,0.005305,0.028040,0.009952,-0.313838,0.553768,-0.391095,-0.142673,0.429338,-0.447394,-0.009557,-0.001105
-0.027531,-0.053740,-0.030545,0.005615,0.024668,0.003418,-0.311033,0.546041,-0.424143,-0.148166,0.394480,-0.426621,0.035394,-0.004874
-0.027965,-0.055740,-0.029902,0.005959,0.021364,-0.003706,-0.291656,0.493475,-0.466837,-0.100372,0.347910,-0.429618,-0.029431,0.055929
-0.028133,-0.057355,-0.028028,0.005917,0.017271,-0.011710,-0.242153,0.406600,-0.570378,-0.013710,0.335432,-0.443910,-0.075107,0.062424
-0.028000,-0.058819,-0.024680,0.005178,0.012878,-0.019317,-0.208338,0.298014,-0.634623,0.039529,0.253628,-0.512472,0.008583,0.044801
-0.027547,-0.059928,-0.020726,0.003331,0.009110,-0.024704,-0.177338,0.172277,-0.658095,0.093465,0.125103,-0.557913,0.100947,0.054342
-0.026720,-0.060936,-0.016054,0.000614,0.006711,-0.026964,-0.113637,0.038343,-0.718838,0.181932,0.059900,-0.529369,0.188490,0.008688
-0.025662,-0.061655,-0.011769,-0.002803,0.004339,-0.026775,-0.051585,-0.071247,-0.745177,0.262298,0.022610,-0.509967,0.304280,-0.065497
-0.024266,-0.062095,-0.007623,-0.006495,0.001213,-0.023918,-0.030773,-0.122486,-0.677281,0.304785,-0.030520,-0.511116,0.391647,-0.082691
-0.022831,-0.061983,-0.004458,-0.009717,-0.004163,-0.019784,-0.019510,-0.139797,-0.564313,0.324232,-0.044961,-0.474772,0.438962,-0.086766
-0.021240,-0.061318,-0.002041,-0.012296,-0.009190,-0.013943,-0.001277,-0.142835,-0.443365,0.335876,0.005426,-0.428953,0.466337,-0.121378
-0.019849,-0.060418,-0.000939,-0.014041,-0.011601,-0.006893,0.007149,-0.146118,-0.284690,0.320829,0.074812,-0.407199,0.456805,-0.141936
-0.018457,-0.059406,-0.000743,-0.014883,-0.011244,-0.001130,-0.008438,-0.117877,-0.089265,0.262719,0.143379,-0.382087,0.422747,-0.136700
-0.017316,-0.058382,-0.001296,-0.014817,-0.011809,0.003458,-0.031275,-0.047480,0.072432,0.180069,0.219534,-0.361195,0.412132,-0.155840
-0.016229,-0.057132,-0.002436,-0.014239,-0.013044,0.006578,-0.034284,0.037959,0.104902,0.141563,0.317740,-0.367716,0.365561,-0.190850
-0.015336,-0.055871,-0.003796,-0.013534,-0.014187,0.008502,-0.036173,0.100936,0.100432,0.114343,0.415098,-0.351198,0.252561,-0.192671
-0.014458,-0.054571,-0.005503,-0.012938,-0.013372,0.009846,-0.061402,0.122606,0.148392,0.074186,0.423860,-0.320078,0.157738,-0.128582
-0.013755,-0.053487,-0.007321,-0.012074,-0.011912,0.011361,-0.093094,0.126558,0.204201,0.032234,0.380865,-0.344453,0.118760,-0.061725
-0.013062,-0.052467,-0.009384,-0.011430,-0.010216,0.011903,-0.102563,0.143824,0.198850,0.013650,0.386089,-0.407793,0.139602,-0.081892
-0.012487,-0.051663,-0.011383,-0.010757,-0.008580,0.012493,-0.102613,0.169623,0.175405,-0.007837,0.420991,-0.421715,0.191634,-0.146677
-0.011910,-0.050844,-0.013562,-0.010231,-0.008051,0.012574,-0.104664,0.192214,0.162376,-0.016604,0.432857,-0.364888,0.194213,-0.153255
-0.011422,-0.050259,-0.015592,-0.009661,-0.006042,0.012687,-0.114447,0.227528,0.157798,-0.022770,0.450988,-0.312132,0.137252,-0.121724
-0.010954,-0.049880,-0.017812,-0.008999,-0.003281,0.012810,-0.125237,0.241564,0.165315,-0.024510,0.462763,-0.335713,0.084389,-0.092726
-0.010576,-0.049638,-0.019829,-0.008260,-0.002040,0.012611,-0.138511,0.259546,0.144021,-0.020267,0.456012,-0.391536,0.053473,-0.067034
-0.010174,-0.049496,-0.021775,-0.007744,-0.000846,0.011221,-0.145834,0.280249,0.113160,-0.025773,0.442658,-0.406666,0.084016,-0.073870
-0.009802,-0.049449,-0.023295,-0.007246,0.000033,0.009503,-0.150532,0.278110,0.103532,-0.033338,0.426084,-0.391208,0.122711,-0.082426
-0.009435,-0.049576,-0.024727,-0.006468,0.001876,0.008260,-0.141965,0.277248,0.062731,-0.005868,0.436329,-0.371496,0.094399,-0.076505
-0.009123,-0.049720,-0.025757,-0.005624,0.002086,0.006433,-0.128424,0.276602,0.014616,0.023881,0.453835,-0.372371,0.068158,-0.080332
-0.008783,-0.049933,-0.026434,-0.004905,0.002553,0.003907,-0.139061,0.279350,-0.003852,0.026767,0.419400,-0.403108,0.073876,-0.054292
-0.008449,-0.050160,-0.026635,-0.004352,0.002770,0.001256,-0.145437,0.257183,-0.012012,0.027672,0.371484,-0.416926,0.080543,-0.021849
-0.008065,-0.050432,-0.026404,-0.003820,0.002926,-0.001330,-0.124814,0.226508,-0.078772,0.064229,0.365287,-0.416262,0.094451,-0.040112
-0.007771,-0.050833,-0.026049,-0.002833,0.004661,-0.002216,-0.101442,0.196010,-0.142446,0.098975,0.359979,-0.431144,0.126332,-0.072960
-0.007519,-0.051436,-0.025565,-0.001914,0.006498,-0.002794,-0.098991,0.168169,-0.156522,0.115269,0.314729,-0.436404,0.144450,-0.054025
-0.007312,-0.052008,-0.024921,-0.001231,0.006625,-0.004024,-0.112366,0.176998,-0.161812,0.102864,0.281557,-0.418009,0.162926,-0.037655
-0.007103,-0.052767,-0.024009,-0.000656,0.008121,-0.005262,-0.113339,0.187497,-0.196793,0.101597,0.280719,-0.426074,0.197725,-0.062780
-0.006960,-0.053608,-0.023098,0.000095,0.009762,-0.005693,-0.101196,0.175100,-0.252836,0.129655,0.295513,-0.441762,0.177561,-0.072125
-0.006763,-0.054599,-0.021766,0.000307,0.010578,-0.007685,-0.094630,0.176697,-0.312998,0.159103,0.293185,-0.425847,0.144925,-0.057285
-0.006574,-0.055544,-0.020317,0.000706,0.010891,-0.009053,-0.110739,0.183515,-0.318635,0.147514,0.247442,-0.429382,0.172873,-0.038568
-0.006417,-0.056694,-0.018710,0.001358,0.012280,-0.009274,-0.110608,0.161434,-0.352438,0.178382,0.201472,-0.465019,0.178825,-0.016360
-0.006310,-0.057823,-0.017212,0.001905,0.013091,-0.009368,-0.091403,0.145121,-0.420078,0.217089,0.218359,-0.467043,0.168905,-0.036370
-0.006200,-0.059008,-0.015512,0.002187,0.012664,-0.009805,-0.096300,0.145264,-0.433031,0.210678,0.199175,-0.459541,0.225195,-0.059532
-0.006169,-0.060168,-0.014088,0.002768,0.013489,-0.008903,-0.117967,0.149499,-0.410473,0.192212,0.151551,-0.462336,0.246236,-0.032985
-0.006173,-0.061504,-0.012642,0.003053,0.014369,-0.008337,-0.110324,0.143550,-0.436819,0.209926,0.169755,-0.445895,0.217704,-0.032228
-0.006197,-0.062658,-0.011387,0.003168,0.013457,-0.007846,-0.107516,0.160353,-0.471120,0.210406,0.204020,-0.446330,0.226096,-0.065284
-0.006235,-0.063740,-0.010151,0.003089,0.011632,-0.007130,-0.124671,0.177225,-0.462537,0.197239,0.179347,-0.469834,0.238712,-0.050326
-0.006232,-0.064754,-0.009041,0.002613,0.011819,-0.006935,-0.135402,0.176656,-0.441267,0.189505,0.167786,-0.453640,0.208362,-0.020068
-0.006257,-0.065838,-0.008087,0.002413,0.011713,-0.005505,-0.130484,0.161429,-0.427595,0.187160,0.186598,-0.433244,0.210021,-0.036695
-0.006322,-0.066617,-0.007408,0.002446,0.009118,-0.004244,-0.124994,0.167449,-0.443057,0.202287,0.191676,-0.464076,0.227912,-0.053044
-0.006436,-0.067255,-0.007002,0.002184,0.006922,-0.002345,-0.136481,0.193893,-0.414351,0.181985,0.197340,-0.470554,0.233985,-0.051231
-0.006619,-0.067774,-0.007055,0.002038,0.006190,0.000335,-0.148880,0.178284,-0.342660,0.146456,0.192382,-0.430776,0.237275,-0.041975
-0.006870,-0.068257,-0.007473,0.001790,0.005397,0.002409,-0.153513,0.179676,-0.298811,0.125148,0.221562,-0.410505,0.214504,-0.043568
-0.007191,-0.068655,-0.008211,0.001936,0.004934,0.004614,-0.162456,0.221396,-0.262153,0.088828,0.270484,-0.428735,0.225401,-0.073735
-0.007584,-0.068947,-0.009199,0.001972,0.003462,0.005699,-0.174561,0.249654,-0.220697,0.056558,0.288564,-0.439592,0.226369,-0.076553
-0.007935,-0.069119,-0.010144,0.001745,0.002321,0.005906,-0.182880,0.278223,-0.206349,0.031422,0.322204,-0.399976,0.169506,-0.059743
-0.008381,-0.069460,-0.011320,0.002102,0.004073,0.006787,-0.180790,0.281607,-0.196619,0.017924,0.350954,-0.380331,0.139118,-0.061274
-0.008795,-0.069718,-0.012320,0.002330,0.003384,0.006250,-0.184764,0.278239,-0.189665,0.018278,0.345584,-0.419440,0.112039,-0.040183
-0.009219,-0.069934,-0.013211,0.002514,0.002654,0.005141,-0.199696,0.314766,-0.198550,-0.001557,0.342299,-0.439795,0.106910,-0.029530
-0.009542,-0.070008,-0.013713,0.002530,0.001051,0.003138,-0.196416,0.296734,-0.197300,-0.012141,0.327227,-0.433990,0.147531,-0.045914
-0.009830,-0.069954,-0.013877,0.002769,-0.000544,0.000944,-0.184275,0.272189,-0.231378,0.009906,0.330253,-0.422765,0.119800,-0.040301
-0.010037,-0.069765,-0.013655,0.003037,-0.002332,-0.001383,-0.164145,0.243157,-0.256904,0.032710,0.337599,-0.414769,0.107081,-0.047724
-0.010192,-0.069437,-0.013037,0.003193,-0.003812,-0.003566,-0.161487,0.201060,-0.250259,0.035700,0.290918,-0.441983,0.137633,-0.036005
-0.010268,-0.069055,-0.012150,0.003216,-0.004889,-0.005546,-0.155310,0.156552,-0.249505,0.040384,0.246277,-0.458654,0.156619,-0.021337
-0.010296,-0.068579,-0.010936,0.003199,-0.005650,-0.007001,-0.130416,0.113372,-0.277557,0.057505,0.242290,-0.449390,0.200766,-0.060370
-0.010273,-0.068104,-0.009640,0.003049,-0.006149,-0.008101,-0.109405,0.076338,-0.301580,0.073456,0.231473,-0.450230,0.247057,-0.095588
-0.010250,-0.067520,-0.008167,0.003219,-0.006930,-0.008498,-0.103646,0.055563,-0.299684,0.078877,0.210685,-0.439935,0.252979,-0.087589
-0.010237,-0.066914,-0.006784,0.003330,-0.007735,-0.008645,-0.097474,0.038980,-0.297399,0.084748,0.195949,-0.421255,0.260231,-0.084220
-0.010239,-0.066218,-0.005363,0.003316,-0.008145,-0.008202,-0.093645,0.021434,-0.298390,0.083032,0.189961,-0.431770,0.275157,-0.094277
-0.010247,-0.065522,-0.004115,0.003184,-0.008752,-0.007793,-0.092573,0.007920,-0.292639,0.079403,0.186881,-0.443865,0.280597,-0.097972
-0.010242,-0.064860,-0.002805,0.002902,-0.007733,-0.007560,-0.093509,0.004811,-0.278903,0.067336,0.184602,-0.430074,0.296429,-0.106915
-0.010279,-0.064235,-0.001784,0.002926,-0.007833,-0.006381,-0.092133,-0.001345,-0.265482,0.058271,0.182743,-0.419678,0.313290,-0.117616
-0.010344,-0.063544,-0.000861,0.002757,-0.007920,-0.005326,-0.086255,0.011712,-0.292881,0.073199,0.197768,-0.422846,0.297164,-0.122269
-0.010429,-0.062896,-0.000200,0.002588,-0.007969,-0.004132,-0.092231,0.025017,-0.277179,0.056329,0.212617,-0.416713,0.290654,-0.126235
-0.010581,-0.062209,0.000247,0.002633,-0.007705,-0.002577,-0.108491,0.025889,-0.237444,0.038197,0.194402,-0.411011,0.287086,-0.103425
-0.010724,-0.061562,0.000525,0.002351,-0.007820,-0.001740,-0.112908,0.037944,-0.228076,0.029954,0.206608,-0.409487,0.270848,-0.100249
-0.010978,-0.061067,0.000411,0.002547,-0.005391,0.000661,-0.114603,0.055856,-0.223564,0.015189,0.237105,-0.417337,0.283432,-0.129445
-0.011354,-0.060874,-0.000192,0.003100,-0.002044,0.003766,-0.118320,0.060598,-0.210269,0.009319,0.240082,-0.419129,0.277606,-0.125932
-0.011776,-0.060660,-0.000982,0.002982,-0.002044,0.004559,-0.138655,0.116341,-0.203416,-0.018674,0.259626,-0.393245,0.250994,-0.112730
-0.012154,-0.060414,-0.001733,0.002803,-0.002601,0.004693,-0.168683,0.187753,-0.187822,-0.066928,0.281859,-0.388593,0.261380,-0.121641
-0.012583,-0.060240,-0.002649,0.002800,-0.001519,0.005282,-0.172478,0.196443,-0.198475,-0.056577,0.301693,-0.404557,0.203895,-0.099739
-0.013000,-0.060306,-0.003611,0.002797,0.001240,0.006014,-0.158877,0.193997,-0.240620,-0.022204,0.340531,-0.386099,0.113258,-0.078497
-0.013439,-0.060428,-0.004635,0.002696,0.001809,0.005912,-0.172940,0.203175,-0.223832,-0.040274,0.314248,-0.402208,0.147965,-0.073573
-0.013885,-0.060646,-0.005679,0.002943,0.003112,0.006523,-0.206075,0.233237,-0.193329,-0.069494,0.256313,-0.452872,0.190034,-0.043053
-0.014424,-0.060900,-0.006856,0.003462,0.003368,0.006789,-0.194049,0.240796,-0.223349,-0.054720,0.291878,-0.432839,0.178575,-0.066454
-0.014924,-0.061182,-0.007911,0.003556,0.003931,0.006592,-0.179375,0.254618,-0.271485,-0.041312,0.350663,-0.392989,0.173789,-0.115658
-0.015421,-0.061471,-0.008870,0.003429,0.003665,0.005534,-0.199680,0.265604,-0.247492,-0.066231,0.328949,-0.398656,0.154587,-0.076270
-0.015843,-0.061858,-0.009590,0.003378,0.005032,0.004496,-0.217596,0.280456,-0.231330,-0.071556,0.300407,-0.405959,0.104512,-0.012562
-0.016328,-0.062446,-0.010344,0.003712,0.006869,0.004354,-0.199831,0.264622,-0.273241,-0.047209,0.315747,-0.424665,0.114296,-0.040933
-0.016709,-0.062947,-0.010746,0.003595,0.006212,0.002512,-0.188116,0.256911,-0.328335,-0.020956,0.315952,-0.462373,0.140925,-0.068450
-0.017011,-0.063486,-0.010811,0.003186,0.005958,0.000374,-0.203060,0.277594,-0.324344,-0.038152,0.289896,-0.445467,0.154899,-0.050830
-0.017223,-0.063905,-0.010571,0.003087,0.004839,-0.001502,-0.197267,0.247624,-0.321649,-0.025194,0.259655,-0.412012,0.162010,-0.035567
-0.017456,-0.064494,-0.010239,0.003300,0.006282,-0.001916,-0.169495,0.221776,-0.390323,0.033653,0.278331,-0.427220,0.125254,-0.041830
-0.017647,-0.065095,-0.009856,0.003196,0.006908,-0.002393,-0.155739,0.194222,-0.407823,0.055090,0.272604,-0.460654,0.142288,-0.054745
-0.017807,-0.065675,-0.009353,0.002886,0.006064,-0.002900,-0.180036,0.197057,-0.373779,0.030437,0.205926,-0.470475,0.193173,-0.028930
-0.017982,-0.066248,-0.009033,0.002865,0.006610,-0.002001,-0.179529,0.197111,-0.373110,0.026953,0.188716,-0.449460,0.226148,-0.037647
-0.018106,-0.066846,-0.008645,0.002254,0.006323,-0.002238,-0.152990,0.181687,-0.412318,0.058814,0.239860,-0.436068,0.223355,-0.084239
-0.018137,-0.067383,-0.008217,0.001441,0.006115,-0.002675,-0.158923,0.203265,-0.408894,0.053919,0.263791,-0.432459,0.203982,-0.085945
-0.018086,-0.067773,-0.007646,0.000763,0.003926,-0.003291,-0.170524,0.204667,-0.369522,0.049113,0.225446,-0.430112,0.196399,-0.043251
-0.017971,-0.068070,-0.007125,-0.000053,0.003179,-0.003257,-0.160647,0.197977,-0.384694,0.079273,0.222522,-0.437059,0.173581,-0.029469
-0.017787,-0.068273,-0.006643,-0.000883,0.001933,-0.002787,-0.139750,0.164658,-0.387636,0.102314,0.241763,-0.453033,0.187401,-0.059987
-0.017591,-0.068328,-0.006303,-0.001470,0.000438,-0.002126,-0.142792,0.150813,-0.347216,0.102152,0.220121,-0.459158,0.214062,-0.057182
-0.017362,-0.068173,-0.005939,-0.001649,-0.001923,-0.002098,-0.146547,0.147767,-0.287174,0.085152,0.203288,-0.436701,0.242744,-0.054405
-0.017116,-0.067989,-0.005615,-0.002109,-0.002406,-0.002024,-0.136889,0.141728,-0.260661,0.082571,0.229839,-0.422057,0.256358,-0.079250
-0.016833,-0.067667,-0.005346,-0.002478,-0.003691,-0.001553,-0.120010,0.124766,-0.261124,0.090191,0.267394,-0.422803,0.232269,-0.095766
-0.016554,-0.067289,-0.005167,-0.002869,-0.004617,-0.001117,-0.113792,0.128241,-0.259149,0.097473,0.276583,-0.419642,0.207504,-0.086117
-0.016269,-0.066826,-0.005098,-0.002973,-0.005124,-0.000396,-0.122164,0.123217,-0.208638,0.075319,0.251115,-0.419951,0.223384,-0.071860
-0.016012,-0.066376,-0.005118,-0.003105,-0.005355,0.000124,-0.126517,0.114677,-0.175558,0.067442,0.240471,-0.427375,0.227729,-0.064874
-0.015728,-0.065763,-0.005121,-0.003130,-0.006727,0.000014,-0.116370,0.119973,-0.181249,0.066075,0.276229,-0.422569,0.230003,-0.096451
-0.015453,-0.065118,-0.005120,-0.003265,-0.007687,-0.000006,-0.110886,0.123709,-0.177104,0.061667,0.292372,-0.417329,0.244062,-0.117644
-0.015164,-0.064448,-0.005142,-0.003225,-0.007342,0.000131,-0.113219,0.110738,-0.153264,0.055534,0.279775,-0.405317,0.218449,-0.089472
-0.014946,-0.063937,-0.005275,-0.002918,-0.006021,0.000832,-0.110939,0.102946,-0.140335,0.055979,0.282855,-0.393303,0.194048,-0.076016
-0.014726,-0.063512,-0.005431,-0.002767,-0.004582,0.000895,-0.108896,0.105598,-0.145957,0.053288,0.285029,-0.420225,0.218463,-0.096672
-0.014539,-0.063224,-0.005589,-0.002594,-0.003343,0.000993,-0.117896,0.125752,-0.147718,0.038714,0.282077,-0.440918,0.233673,-0.101996
-0.014347,-0.062944,-0.005752,-0.002467,-0.002994,0.000940,-0.116497,0.140174,-0.168547,0.042860,0.287248,-0.410603,0.225743,-0.101244
-0.014178,-0.062692,-0.005876,-0.002304,-0.002930,0.000776,-0.112321,0.151298,-0.200790,0.055617,0.301633,-0.389394,0.205138,-0.102714
-0.014024,-0.062462,-0.006019,-0.002005,-0.002462,0.000824,-0.119665,0.153542,-0.198959,0.060083,0.296984,-0.407920,0.179447,-0.081105
-0.013896,-0.062338,-0.006129,-0.001785,-0.001419,0.000684,-0.130576,0.149133,-0.183935,0.057834,0.275291,-0.425089,0.167597,-0.053535
-0.013748,-0.062461,-0.006167,-0.001703,0.001369,0.000219,-0.132103,0.146352,-0.188358,0.052775,0.265931,-0.430548,0.195039,-0.064196
-0.013682,-0.062846,-0.006349,-0.001215,0.004685,0.001142,-0.125997,0.149695,-0.215199,0.058605,0.271506,-0.437126,0.223842,-0.090679
-0.013605,-0.063348,-0.006474,-0.001110,0.005567,0.000720,-0.119221,0.175784,-0.272030,0.083220,0.285241,-0.429689,0.212289,-0.098190
-0.013541,-0.063905,-0.006555,-0.000959,0.006678,0.000503,-0.134960,0.223568,-0.292092,0.074203,0.291800,-0.409839,0.195770,-0.086228
-0.013449,-0.064528,-0.006521,-0.000936,0.006828,-0.000193,-0.147209,0.222020,-0.289629,0.083021,0.265781,-0.413420,0.168625,-0.046566
-0.013332,-0.065071,-0.006358,-0.001004,0.006384,-0.001021,-0.147692,0.227234,-0.328230,0.110660,0.271694,-0.430057,0.118892,-0.023247
-0.013212,-0.065665,-0.006146,-0.000838,0.006433,-0.001224,-0.141224,0.214829,-0.344379,0.124253,0.266089,-0.454675,0.153541,-0.043956
-0.013124,-0.066200,-0.005960,-0.000589,0.006270,-0.001158,-0.145766,0.190455,-0.326559,0.126781,0.223771,-0.470335,0.188627,-0.034350
-0.013033,-0.066748,-0.005757,-0.000542,0.005942,-0.001174,-0.145440,0.189509,-0.322132,0.123812,0.222092,-0.441928,0.195382,-0.036303
-0.012940,-0.067174,-0.005526,-0.000523,0.004956,-0.001439,-0.138797,0.189876,-0.325170,0.118394,0.241955,-0.428497,0.226209,-0.070646
-0.012821,-0.067528,-0.005211,-0.000581,0.003747,-0.001819,-0.139190,0.192916,-0.327168,0.122258,0.250287,-0.443116,0.211274,-0.066488
-0.012701,-0.067799,-0.004899,-0.000640,0.003082,-0.001949,-0.136732,0.188978,-0.324650,0.126427,0.256298,-0.430212,0.176057,-0.048355
-0.012539,-0.068028,-0.004473,-0.000781,0.002325,-0.002456,-0.133318,0.169677,-0.315276,0.127731,0.243220,-0.427323,0.184711,-0.046038
-0.012378,-0.068280,-0.004077,-0.000909,0.002817,-0.002475,-0.135674,0.161266,-0.304527,0.124500,0.227581,-0.452608,0.199840,-0.044543
-0.012203,-0.068570,-0.003685,-0.001001,0.003019,-0.002267,-0.127955,0.150494,-0.304657,0.129845,0.227967,-0.456252,0.215166,-0.057087
-0.012052,-0.068740,-0.003332,-0.000894,0.001859,-0.002202,-0.120044,0.153926,-0.320158,0.136795,0.236493,-0.439276,0.230394,-0.076191
-0.011958,-0.068892,-0.003150,-0.000601,0.001602,-0.001050,-0.121187,0.161007,-0.314743,0.133716,0.237537,-0.429456,0.232338,-0.076702
-0.011889,-0.068852,-0.002972,-0.000363,-0.000554,-0.001113,-0.126999,0.152669,-0.290909,0.127079,0.233986,-0.425063,0.209039,-0.056172
-0.011852,-0.068715,-0.002863,-0.000147,-0.001556,-0.000632,-0.137888,0.164698,-0.269258,0.106802,0.243768,-0.424056,0.199935,-0.052365
-0.168103,0.480878,0.173214,0.000186,0.000610,0.000450,0.000000,0.000000,0.000000,0.000000,0.000000,0.000000,0.000000,0.000000
-0.168112,0.480873,0.173202,0.000387,0.000157,0.000090,-0.006831,-1.000000,-0.923807,-0.884796,-0.695508,-0.540458,-0.445470,0.419550
-0.168138,0.480882,0.173195,0.000410,-0.000058,0.000042,-0.011168,-1.000000,-0.923292,-0.892025,-0.694143,-0.540100,-0.444531,0.419132
-0.167955,0.480924,0.173092,-0.000325,0.000142,0.000643,-0.048867,-1.000000,-0.588012,-0.872580,-0.933463,-0.493459,0.746074,-0.241058
-0.166923,0.481049,0.172601,-0.003201,0.001464,0.002828,-0.047630,-1.000000,-0.589675,-0.871196,-0.931938,-0.493712,0.745956,-0.242572
-0.164797,0.481334,0.171666,-0.008480,0.002420,0.005846,0.074316,-1.000000,-0.709757,-0.953787,-0.528565,-0.141978,0.535136,-0.296094
-0.160723,0.481839,0.170011,-0.017223,0.003797,0.009549,0.073538,-1.000000,-0.652284,-0.939392,-0.512276,-0.131020,0.546111,-0.307658
-0.154838,0.482359,0.167713,-0.028611,0.007481,0.014365,-0.016072,-1.000000,-0.499571,-1.000000,-0.589380,-0.327124,0.334610,-0.153430
-0.145861,0.482801,0.164269,-0.041231,0.013242,0.019878,0.012001,-1.000000,-0.349770,-0.969689,-0.534878,-0.300760,0.350964,-0.187741
-0.135129,0.482848,0.160195,-0.054031,0.021196,0.025456,0.105219,-1.000000,-0.282954,-0.757948,-0.522463,-0.236721,0.594584,-0.343299
-0.121129,0.482172,0.154927,-0.065835,0.031277,0.030395,0.155412,-1.000000,-0.093197,-0.627110,-0.425060,-0.195187,0.594475,-0.391609
-0.106772,0.480667,0.149705,-0.076569,0.040800,0.032634,0.166728,-1.000000,0.241386,-0.519980,-0.271373,-0.097169,0.499999,-0.385516
-0.090171,0.477874,0.143900,-0.085947,0.051225,0.033504,0.207208,-1.000000,0.455288,-0.352059,-0.178786,-0.076940,0.483341,-0.402689
-0.073957,0.474251,0.138367,-0.093928,0.060908,0.034569,0.285491,-1.000000,0.534645,-0.128622,-0.090232,-0.152576,0.468721,-0.416604
-0.055032,0.469396,0.131790,-0.100131,0.069032,0.037945,0.353121,-1.000000,0.603727,0.107635,-0.016143,-0.173088,0.445615,-0.418934
-0.035707,0.464126,0.124662,-0.104759,0.075997,0.044546,0.394490,-1.000000,0.716363,0.292968,0.008788,-0.136036,0.443067,-0.412505
-0.012661,0.457523,0.115617,-0.108102,0.081594,0.052140,0.402354,-0.968172,0.897109,0.427379,0.036832,-0.129100,0.448935,-0.394475
0.010167,0.450338,0.106174,-0.110166,0.087632,0.059035,0.384989,-0.802578,1.000000,0.508815,0.101062,-0.142987,0.453244,-0.386410
0.035733,0.440994,0.095207,-0.110644,0.095996,0.063340,0.379021,-0.636321,1.000000,0.593032,0.204721,-0.135555,0.435022,-0.397239
0.064719,0.427946,0.082546,-0.109258,0.107354,0.063267,0.379465,-0.498964,1.000000,0.720932,0.332134,-0.100828,0.297180,-0.373791
0.086432,0.415820,0.073017,-0.106336,0.119006,0.059559,0.373843,-0.345857,1.000000,0.872727,0.431689,-0.087604,0.156631,-0.334965
0.107868,0.401230,0.063482,-0.099144,0.129858,0.055020,0.380982,-0.182050,1.000000,1.000000,0.466637,-0.134059,0.084143,-0.290556
0.125612,0.386581,0.055162,-0.086799,0.139116,0.051966,0.390432,-0.074034,1.000000,1.000000,0.461970,-0.172178,0.012694,-0.223114
0.142573,0.369654,0.046248,-0.067995,0.145723,0.051435,0.381583,0.023629,1.000000,1.000000,0.465383,-0.155365,-0.077199,-0.154304
0.156103,0.353291,0.037709,-0.043635,0.147665,0.053363,0.347124,0.132605,0.879179,1.000000,0.469717,-0.159283,-0.143986,-0.121309
0.168559,0.334707,0.027537,-0.013720,0.147489,0.058708,0.255203,0.246955,0.707560,1.000000,0.454240,-0.202327,-0.193941,-0.065612
0.177774,0.316970,0.017175,0.018921,0.143732,0.064759,0.096061,0.338543,0.655910,0.914173,0.397990,-0.216029,-0.210460,0.034431
0.184852,0.297528,0.005099,0.052915,0.137018,0.069654,-0.120864,0.456498,0.671981,0.518882,0.349878,-0.216654,-0.161963,0.113800
0.188510,0.279696,-0.006556,0.084672,0.129381,0.072867,-0.322951,0.561477,0.612666,0.064439,0.370959,-0.251287,-0.098004,0.115845
0.189379,0.261086,-0.019313,0.111910,0.119028,0.073584,-0.481796,0.672639,0.382687,-0.373972,0.502308,-0.275709,-0.132701,0.035596
0.187754,0.245056,-0.031026,0.132202,0.105792,0.073224,-0.624402,0.736686,0.137975,-0.800135,0.578317,-0.242568,-0.171588,-0.033051
0.184033,0.229126,-0.043643,0.145988,0.091193,0.072794,-0.758958,0.747281,-0.044350,-1.000000,0.508028,-0.198179,-0.209068,0.016448
0.179036,0.215924,-0.054997,0.155382,0.077305,0.070968,-0.842154,0.723973,-0.144733,-1.000000,0.431567,-0.174751,-0.233478,0.065084
0.171867,0.203520,-0.066446,0.162750,0.063990,0.066017,-0.908023,0.643467,-0.073217,-1.000000,0.384799,-0.199894,-0.131039,0.053577
0.163484,0.194056,-0.075572,0.168496,0.053059,0.057067,-0.961512,0.534975,0.064255,-1.000000,0.336212,-0.229758,0.005032,0.049414
0.152503,0.186080,-0.083282,0.171752,0.043492,0.044472,-0.968908,0.453979,0.116102,-1.000000,0.369516,-0.214101,0.106412,-0.017751
0.140522,0.181180,-0.087597,0.172423,0.033499,0.026958,-0.936381,0.367402,0.044948,-1.000000,0.427766,-0.218377,0.180340,-0.121524
0.125687,0.178361,-0.088730,0.170111,0.025479,0.006537,-0.888606,0.262467,-0.098836,-1.000000,0.420877,-0.236976,0.165263,-0.129564
0.110480,0.177694,-0.086217,0.164244,0.019690,-0.015712,-0.816156,0.083435,-0.298373,-1.000000,0.331782,-0.255874,0.125594,-0.078461
0.092719,0.178401,-0.079633,0.154616,0.016928,-0.038004,-0.726499,-0.170428,-0.556471,-1.000000,0.175950,-0.344606,0.144913,-0.048398
0.075559,0.179690,-0.070306,0.141574,0.016082,-0.058287,-0.613828,-0.464698,-0.818285,-1.000000,-0.015399,-0.478212,0.244586,-0.073682
0.056405,0.181279,-0.056944,0.126810,0.015638,-0.077040,-0.467973,-0.756642,-1.000000,-1.000000,-0.224406,-0.553210,0.425605,-0.155778
0.038345,0.182294,-0.041844,0.111936,0.017330,-0.094402,-0.286862,-0.992628,-1.000000,-1.000000,-0.405018,-0.539610,0.620476,-0.264687
0.018633,0.182275,-0.022986,0.097274,0.021650,-0.108804,-0.087173,-1.000000,-1.000000,-0.766051,-0.513002,-0.506917,0.722650,-0.346648
0.000759,0.180807,-0.004104,0.083710,0.026800,-0.117953,0.113389,-1.000000,-1.000000,-0.448722,-0.553705,-0.503599,0.698199,-0.380698
-0.017692,0.177498,0.016837,0.072130,0.032613,-0.120836,0.243895,-1.000000,-1.000000,-0.177527,-0.644358,-0.510274,0.547563,-0.254165
-0.033209,0.173146,0.035301,0.062615,0.036070,-0.115458,0.320166,-1.000000,-1.000000,0.029688,-0.768242,-0.533682,0.459133,-0.113623
-0.047854,0.167674,0.053013,0.055693,0.036891,-0.102199,0.356105,-1.000000,-1.000000,0.185481,-0.878040,-0.610960,0.469084,-0.051398
-0.059291,0.162545,0.066453,0.052364,0.035215,-0.083945,0.342220,-1.000000,-1.000000,0.229866,-0.913625,-0.646537,0.506550,-0.037914
-0.069552,0.157385,0.077346,0.052053,0.033372,-0.062872,0.279491,-1.000000,-1.000000,0.141072,-0.902418,-0.597980,0.562232,-0.040931
-0.077313,0.153341,0.083953,0.053651,0.030541,-0.041273,0.177281,-1.000000,-1.000000,-0.058487,-0.859298,-0.540307,0.622456,-0.065202
-0.084006,0.149891,0.087294,0.055905,0.028899,-0.019276,0.045087,-1.000000,-1.000000,-0.332021,-0.773521,-0.512657,0.671422,-0.121907
-0.088822,0.147615,0.087054,0.058691,0.027854,0.001498,-0.100772,-0.956092,-1.000000,-0.646281,-0.654902,-0.480747,0.726035,-0.208163
-0.092794,0.146144,0.083575,0.061436,0.026737,0.020072,-0.256732,-0.762973,-1.000000,-0.973966,-0.515595,-0.430713,0.798340,-0.310602
-0.095463,0.145590,0.077872,0.063122,0.026104,0.035644,-0.413002,-0.536971,-1.000000,-1.000000,-0.352548,-0.371497,0.818970,-0.385727
-0.097472,0.145434,0.069677,0.063591,0.028185,0.047268,-0.556608,-0.296184,-1.000000,-1.000000,-0.158557,-0.282291,0.670424,-0.372033
-0.098573,0.145670,0.060730,0.062237,0.029129,0.055925,-0.688278,-0.109980,-0.689194,-1.000000,-0.030066,-0.204624,0.563016,-0.282875
-0.098967,0.146368,0.050077,0.058501,0.027672,0.061459,-0.800266,0.046931,-0.429898,-1.000000,0.024060,-0.221669,0.486242,-0.174971
-0.098490,0.147304,0.039602,0.052295,0.026679,0.065476,-0.817953,0.173071,-0.341639,-1.000000,0.201662,-0.276226,0.410952,-0.212626
-0.097109,0.148596,0.027992,0.044566,0.024191,0.066977,-0.793789,0.222489,-0.244447,-1.000000,0.365694,-0.277342,0.379251,-0.286849
-0.095188,0.149807,0.017609,0.035457,0.022362,0.064930,-0.779469,0.271832,-0.080434,-1.000000,0.418867,-0.204502,0.304339,-0.240035
-0.092686,0.150980,0.007583,0.024867,0.019230,0.057834,-0.745121,0.306510,0.100462,-1.000000,0.465682,-0.147854,0.231206,-0.197829
-0.090228,0.151686,0.000138,0.013075,0.016903,0.046510,-0.673391,0.284826,0.171614,-1.000000,0.529221,-0.190500,0.160569,-0.211061
-0.087701,0.151462,-0.005385,0.001302,0.019415,0.031865,-0.555147,0.200334,0.166417,-1.000000,0.568733,-0.241281,0.078928,-0.224299
-0.085669,0.150240,-0.007860,-0.010153,0.022619,0.015472,-0.414980,0.084889,0.107273,-1.000000,0.534611,-0.258678,0.055028,-0.225961
-0.083921,0.147886,-0.007558,-0.020774,0.024973,-0.001742,-0.264893,-0.020784,-0.062476,-0.795761,0.446613,-0.312012,0.062521,-0.229896
-0.082777,0.144680,-0.004561,-0.030144,0.028673,-0.018725,-0.099756,-0.142008,-0.298614,-0.434790,0.356449,-0.378956,0.051016,-0.247283
-0.081918,0.140204,0.001350,-0.038806,0.032033,-0.034108,0.049294,-0.344819,-0.485347,-0.077685,0.190108,-0.420634,0.102861,-0.215779
-0.081241,0.135508,0.008762,-0.046640,0.032736,-0.046311,0.165182,-0.571996,-0.605083,0.253236,-0.074147,-0.448997,0.231818,-0.127319
-0.080211,0.130336,0.017657,-0.052584,0.031307,-0.051317,0.280416,-0.738801,-0.686419,0.544613,-0.266506,-0.492957,0.423642,-0.137063
-0.078745,0.125905,0.025619,-0.055957,0.028386,-0.049766,0.383875,-0.850648,-0.708546,0.751412,-0.341528,-0.522765,0.599881,-0.207734
-0.076457,0.121698,0.033186,-0.057791,0.025272,-0.043654,0.415744,-0.874459,-0.609468,0.810657,-0.358136,-0.455356,0.660642,-0.202970
-0.073607,0.118449,0.038768,-0.059192,0.022495,-0.034889,0.390658,-0.832335,-0.423013,0.754422,-0.337252,-0.364644,0.659779,-0.172896
-0.069650,0.115496,0.042885,-0.060248,0.021883,-0.023753,0.364472,-0.787076,-0.272584,0.709064,-0.273426,-0.362149,0.628732,-0.178673
-0.065230,0.113193,0.044803,-0.060901,0.022393,-0.011988,0.348593,-0.732062,-0.157880,0.680360,-0.169277,-0.384647,0.583905,-0.216070
-0.059728,0.111081,0.044789,-0.060401,0.023241,0.000079,0.308514,-0.637338,-0.002097,0.603019,-0.091577,-0.355764,0.590998,-0.248386
-0.054090,0.109453,0.042903,-0.059266,0.023574,0.011788,0.248632,-0.520992,0.187917,0.496581,-0.034860,-0.307320,0.601605,-0.253144
-0.047346,0.107877,0.038751,-0.058403,0.024979,0.023966,0.192813,-0.378333,0.332930,0.409867,0.093507,-0.271780,0.533038,-0.263983
-0.040643,0.106559,0.033175,-0.057189,0.025354,0.034831,0.145613,-0.234183,0.436041,0.331614,0.260707,-0.250888,0.425137,-0.287062
-0.033006,0.105246,0.025541,-0.055725,0.024801,0.044050,0.081173,-0.072160,0.584185,0.243142,0.389937,-0.237805,0.318912,-0.271929
-0.025782,0.104000,0.017372,-0.053711,0.024499,0.051044,0.009298,0.074208,0.760108,0.139231,0.476228,-0.221735,0.219066,-0.227890
-0.018038,0.102452,0.007899,-0.050950,0.024927,0.054639,-0.043741,0.202187,0.890108,0.058002,0.586958,-0.204772,0.106192,-0.204431
-0.011249,0.100709,-0.000784,-0.047506,0.026172,0.054303,-0.079757,0.305790,0.948013,-0.004928,0.696681,-0.204554,0.009259,-0.209014
-0.004677,0.098355,-0.009331,-0.042444,0.028778,0.049291,-0.108611,0.373043,0.971161,-0.045272,0.745184,-0.217147,-0.071798,-0.186244
0.000347,0.095678,-0.015866,-0.035774,0.032778,0.040857,-0.122279,0.401308,0.934155,-0.051544,0.740910,-0.225248,-0.133676,-0.143561
0.004330,0.092332,-0.021014,-0.026757,0.036564,0.029692,-0.110863,0.389426,0.790453,-0.014888,0.711563,-0.254587,-0.158188,-0.119502
0.006619,0.088951,-0.024031,-0.016843,0.039719,0.018864,-0.087789,0.347632,0.561321,0.044516,0.651761,-0.311805,-0.159291,-0.097235
0.007723,0.085091,-0.025757,-0.006830,0.041999,0.009953,-0.067370,0.275993,0.296041,0.095989,0.545862,-0.362882,-0.139386,-0.051379
0.007729,0.081566,-0.026343,0.001792,0.041808,0.003667,-0.064237,0.188839,0.053326,0.112662,0.408236,-0.397139,-0.083661,-0.001150
0.006987,0.077905,-0.026323,0.008100,0.040229,-0.000117,-0.083506,0.108698,-0.135193,0.080074,0.275028,-0.430196,0.005048,0.019286
0.005837,0.074685,-0.025797,0.012153,0.038467,-0.003288,-0.112232,0.039791,-0.244003,0.009834,0.183365,-0.449871,0.107609,-0.003703
0.004336,0.071525,-0.024889,0.014161,0.034911,-0.005240,-0.136941,-0.001969,-0.301187,-0.064659,0.142145,-0.438124,0.205421,-0.056880
0.002771,0.068859,-0.023655,0.015318,0.031929,-0.007710,-0.138115,-0.029778,-0.373640,-0.099566,0.134879,-0.414038,0.269362,-0.113829
0.001040,0.066094,-0.022166,0.015481,0.030506,-0.008587,-0.132282,-0.056334,-0.404657,-0.116284,0.147908,-0.388982,0.281258,-0.142429
-0.000480,0.063681,-0.020902,0.014979,0.028784,-0.007905,-0.129165,-0.091682,-0.428708,-0.116084,0.128144,-0.378524,0.268175,-0.127025
-0.002074,0.061209,-0.019577,0.014599,0.027128,-0.007640,-0.132126,-0.096756,-0.437826,-0.122078,0.108553,-0.391992,0.273074,-0.117316
-0.003543,0.058997,-0.018276,0.014516,0.026239,-0.008135,-0.144815,-0.098254,-0.384497,-0.152438,0.093068,-0.411522,0.330377,-0.137983
-0.005141,0.056724,-0.016742,0.014433,0.024773,-0.008844,-0.145795,-0.107755,-0.371433,-0.162733,0.092860,-0.404174,0.348469,-0.151785
-0.006573,0.054757,-0.015344,0.014087,0.023159,-0.008745,-0.120663,-0.108346,-0.437207,-0.141214,0.134280,-0.372746,0.325163,-0.178650
-0.008036,0.052774,-0.013972,0.013477,0.021459,-0.007910,-0.110848,-0.120122,-0.465255,-0.133400,0.137297,-0.373872,0.318082,-0.181432
-0.009320,0.051082,-0.012797,0.012973,0.019790,-0.007346,-0.135369,-0.128502,-0.412082,-0.156988,0.088591,-0.390119,0.302046,-0.124577
-0.010632,0.049390,-0.011659,0.012401,0.018217,-0.006560,-0.149607,-0.131915,-0.359331,-0.183998,0.070674,-0.388415,0.322383,-0.118648
-0.011762,0.047932,-0.010775,0.011819,0.016995,-0.005524,-0.134236,-0.145040,-0.367983,-0.183076,0.100308,-0.403181,0.370420,-0.181944
-0.012943,0.046593,-0.009877,0.011503,0.014359,-0.005184,-0.121912,-0.141820,-0.376214,-0.181979,0.138272,-0.398463,0.370460,-0.214339
-0.013946,0.045596,-0.009278,0.010888,0.011577,-0.003743,-0.130873,-0.127456,-0.334374,-0.207127,0.138975,-0.350265,0.357319,-0.193709
-0.014961,0.044729,-0.008812,0.010426,0.009302,-0.002693,-0.138791,-0.141923,-0.292933,-0.228190,0.122122,-0.337448,0.337126,-0.161744
-0.015820,0.044065,-0.008562,0.009810,0.007771,-0.001562,-0.140810,-0.144314,-0.254531,-0.242025,0.154647,-0.367548,0.309022,-0.167375
-0.016672,0.043569,-0.008447,0.009184,0.005385,-0.000658,-0.139664,-0.151128,-0.219656,-0.264192,0.172648,-0.389558,0.338939,-0.202942
-0.017405,0.043262,-0.008438,0.008719,0.003648,-0.000057,-0.139390,-0.151376,-0.188014,-0.285247,0.168631,-0.374069,0.363167,-0.212109
-0.018202,0.043302,-0.008338,0.008607,-0.000497,-0.000577,-0.133949,-0.153595,-0.153190,-0.303063,0.186821,-0.332303,0.357740,-0.218662
-0.018932,0.043398,-0.008208,0.008475,-0.001235,-0.000813,-0.129033,-0.153692,-0.136789,-0.309810,0.215315,-0.324540,0.333850,-0.226374
-0.019674,0.043526,-0.008061,0.007935,-0.001498,-0.000852,-0.120910,-0.192961,-0.108640,-0.318901,0.218770,-0.345308,0.302858,-0.214137
-0.020311,0.043709,-0.007909,0.007338,-0.002301,-0.000951,-0.118848,-0.201598,-0.111752,-0.321073,0.205103,-0.356565,0.296682,-0.201613
-0.020939,0.043929,-0.007741,0.006644,-0.002527,-0.000969,-0.113098,-0.205416,-0.104101,-0.333781,0.188557,-0.365680,0.357361,-0.233506
-0.021481,0.044096,-0.007512,0.006076,-0.002175,-0.001431,-0.109517,-0.218724,-0.088811,-0.335032,0.184047,-0.363468,0.377690,-0.246641
-0.022031,0.044237,-0.007180,0.005547,-0.001789,-0.001914,-0.099215,-0.212991,-0.097063,-0.323591,0.211103,-0.324156,0.349801,-0.251693
-0.022517,0.044379,-0.006727,0.005038,-0.002070,-0.002830,-0.088614,-0.211041,-0.115771,-0.308306,0.218929,-0.319299,0.348077,-0.258979
-0.022991,0.044565,-0.006148,0.004321,-0.002487,-0.003341,-0.090647,-0.212979,-0.120784,-0.294190,0.199215,-0.354027,0.324706,-0.227669
-0.023371,0.044752,-0.005561,0.003537,-0.002737,-0.003666,-0.086423,-0.230077,-0.125026,-0.278378,0.181728,-0.357356,0.311797,-0.208180
-0.023737,0.044915,-0.004819,0.002879,-0.002387,-0.004285,-0.077452,-0.255872,-0.123618,-0.266702,0.167025,-0.354253,0.350455,-0.227567
-0.024037,0.045015,-0.004050,0.002280,-0.001876,-0.004804,-0.072600,-0.270042,-0.110324,-0.259878,0.155650,-0.365818,0.383306,-0.241850
-0.024334,0.045026,-0.003191,0.001928,-0.000837,-0.004957,-0.062553,-0.270447,-0.119908,-0.244683,0.161475,-0.356314,0.388520,-0.250140
-0.024619,0.045059,-0.002205,0.001741,-0.001297,-0.006161,-0.049266,-0.270260,-0.143619,-0.225175,0.171647,-0.339211,0.388152,-0.260885
-0.024917,0.045087,-0.001018,0.001422,-0.001319,-0.006848,-0.050170,-0.263299,-0.156762,-0.214447,0.165882,-0.344053,0.373716,-0.246953
-0.025174,0.045030,0.000047,0.001265,-0.000315,-0.006658,-0.047132,-0.285137,-0.166087,-0.198157,0.143147,-0.355745,0.353389,-0.219390
-0.025423,0.044923,0.001175,0.000985,0.000188,-0.006508,-0.040868,-0.303503,-0.183347,-0.178757,0.129263,-0.364133,0.355892,-0.215864
-0.025594,0.044795,0.002169,0.000366,0.000583,-0.006208,-0.044218,-0.301218,-0.182074,-0.184777,0.114156,-0.377483,0.404616,-0.237587
-0.025736,0.044643,0.003191,-0.000011,0.000763,-0.005899,-0.048194,-0.299988,-0.170400,-0.189635,0.101636,-0.376097,0.433468,-0.244297
-0.025830,0.044544,0.004076,-0.000363,0.000325,-0.005535,-0.040546,-0.289130,-0.182207,-0.174056,0.126372,-0.344175,0.415996,-0.251484
-0.025893,0.044473,0.004980,-0.000699,-0.000033,-0.005217,-0.034455,-0.281707,-0.194361,-0.162764,0.147949,-0.333732,0.401755,-0.259922
-0.025905,0.044442,0.005727,-0.001099,-0.000355,-0.004666,-0.043398,-0.283740,-0.170072,-0.163464,0.134933,-0.354755,0.378548,-0.228679
-0.025863,0.044407,0.006406,-0.001498,-0.000217,-0.003915,-0.049675,-0.286561,-0.150071,-0.164743,0.120228,-0.361283,0.367496,-0.206086
-0.025758,0.044346,0.006905,-0.002077,0.000234,-0.003120,-0.043494,-0.292864,-0.145828,-0.163831,0.124976,-0.364230,0.399653,-0.234264
-0.025602,0.044274,0.007329,-0.002364,0.000420,-0.002445,-0.040882,-0.287858,-0.140920,-0.163741,0.135716,-0.369091,0.419121,-0.256320
-0.025422,0.044207,0.007614,-0.002619,0.000523,-0.001783,-0.042737,-0.267865,-0.126128,-0.165279,0.149435,-0.346416,0.408746,-0.253781
-0.025194,0.044249,0.007865,-0.002885,-0.000681,-0.001445,-0.044878,-0.254881,-0.117168,-0.166598,0.158799,-0.327103,0.392476,-0.245536
-0.024956,0.044484,0.008059,-0.003156,-0.002988,-0.001215,-0.047131,-0.245887,-0.115462,-0.160556,0.169871,-0.340647,0.361752,-0.232104
-0.024672,0.044858,0.008231,-0.003379,-0.004255,-0.000990,-0.047625,-0.255735,-0.094698,-0.159326,0.172364,-0.355381,0.345884,-0.222867
-0.024449,0.045443,0.008557,-0.003203,-0.007267,-0.002039,-0.047981,-0.285506,-0.050521,-0.169138,0.156596,-0.353818,0.360991,-0.218908
-0.024198,0.046252,0.008922,-0.003336,-0.009201,-0.002110,-0.043793,-0.300143,-0.026555,-0.177628,0.151705,-0.350744,0.386860,-0.232299
-0.023930,0.047094,0.009185,-0.003639,-0.010256,-0.001639,-0.023850,-0.340408,-0.022763,-0.178905,0.159847,-0.351713,0.405039,-0.259476
-0.023573,0.047965,0.009305,-0.004117,-0.009666,-0.000693,-0.015680,-0.357815,-0.003421,-0.184967,0.171891,-0.338991,0.399833,-0.267688
-0.023185,0.048761,0.009261,-0.004550,-0.009446,0.000277,-0.020417,-0.356663,0.045799,-0.212470,0.163640,-0.325069,0.422587,-0.272820
-0.022687,0.049543,0.008992,-0.005016,-0.008370,0.001548,-0.024294,-0.336861,0.067224,-0.222732,0.167659,-0.332073,0.430466,-0.278023
-0.022172,0.050256,0.008606,-0.005420,-0.008175,0.002415,-0.016671,-0.317116,0.059139,-0.217620,0.207020,-0.326834,0.406727,-0.295090
-0.021582,0.051061,0.008106,-0.005611,-0.008456,0.002882,-0.017816,-0.292679,0.060858,-0.213835,0.230968,-0.309456,0.383857,-0.295746
-0.021007,0.051863,0.007611,-0.005901,-0.009140,0.003096,-0.028181,-0.282981,0.093684,-0.219165,0.218174,-0.307502,0.362384,-0.264571
-0.020345,0.052769,0.007007,-0.006194,-0.009523,0.003486,-0.032983,-0.284323,0.114925,-0.216845,0.215166,-0.318085,0.336331,-0.240709
-0.019699,0.053548,0.006311,-0.006308,-0.008747,0.004349,-0.024484,-0.295155,0.119296,-0.209208,0.229589,-0.330093,0.342526,-0.258483
-0.018976,0.054336,0.005449,-0.006358,-0.008080,0.004972,-0.021290,-0.301181,0.139331,-0.212399,0.230882,-0.335225,0.367253,-0.274629
-0.018297,0.055104,0.004672,-0.006502,-0.008595,0.004862,-0.029176,-0.282089,0.167664,-0.229343,0.229837,-0.318431,0.377956,-0.272873
-0.017559,0.056075,0.003918,-0.006669,-0.010194,0.004346,-0.029476,-0.263563,0.175738,-0.235313,0.248319,-0.300006,0.370863,-0.278778
-0.016805,0.057036,0.003100,-0.007267,-0.010894,0.005112,-0.019230,-0.266944,0.163586,-0.217271,0.274955,-0.301954,0.332498,-0.278585
-0.015921,0.057999,0.002140,-0.007820,-0.010034,0.005540,-0.012539,-0.288906,0.176698,-0.204378,0.276038,-0.308037,0.297872,-0.259144
-0.015028,0.059018,0.001109,-0.008401,-0.011529,0.006444,-0.023937,-0.292639,0.245475,-0.223011,0.250260,-0.313339,0.321943,-0.244321
-0.014017,0.060222,-0.000033,-0.008770,-0.012631,0.006586,-0.025906,-0.283427,0.274200,-0.230406,0.238033,-0.327463,0.368364,-0.260563
-0.013074,0.061406,-0.001015,-0.009028,-0.013594,0.006139,-0.011383,-0.283619,0.293399,-0.231174,0.286768,-0.311155,0.367753,-0.298157
-0.012047,0.062616,-0.001977,-0.009238,-0.012864,0.005552,-0.000091,-0.290273,0.306572,-0.222299,0.319791,-0.273337,0.338965,-0.304931
-0.011131,0.063616,-0.002681,-0.009262,-0.011595,0.004402,0.004525,-0.298682,0.323502,-0.216314,0.310762,-0.272338,0.304945,-0.275539
-0.010215,0.064498,-0.003243,-0.008829,-0.009474,0.003243,0.006416,-0.296516,0.323953,-0.204072,0.295585,-0.308108,0.291123,-0.254962
-0.009465,0.065160,-0.003498,-0.008314,-0.007788,0.001592,0.018093,-0.303249,0.287782,-0.182386,0.284711,-0.333124,0.309658,-0.266670
-0.008746,0.065626,-0.003470,-0.007960,-0.005124,-0.000161,0.028673,-0.306191,0.232846,-0.160487,0.274489,-0.324777,0.327315,-0.278177
-0.008174,0.065828,-0.003143,-0.007616,-0.002508,-0.002046,0.034451,-0.315817,0.195053,-0.140353,0.253428,-0.306875,0.331903,-0.270128
-0.007593,0.066130,-0.002659,-0.007484,-0.003457,-0.002790,0.036644,-0.314501,0.149786,-0.107598,0.233545,-0.313809,0.320300,-0.251623
-0.007073,0.066576,-0.002155,-0.007435,-0.005450,-0.003154,0.043242,-0.315112,0.091583,-0.071033,0.217103,-0.339544,0.320856,-0.246377
-0.006529,0.066892,-0.001574,-0.007307,-0.003616,-0.003349,0.040202,-0.347403,0.119811,-0.068592,0.190003,-0.342914,0.343802,-0.237820
-0.006042,0.067005,-0.001010,-0.007218,-0.001484,-0.003530,0.031836,-0.386868,0.181895,-0.082511,0.157145,-0.321408,0.371868,-0.224444
-0.005520,0.067001,-0.000384,-0.007173,-0.000093,-0.003609,0.042338,-0.368726,0.143798,-0.072399,0.175525,-0.325482,0.399535,-0.260593
-0.005018,0.066831,0.000159,-0.007342,0.001916,-0.003392,0.059352,-0.339452,0.082014,-0.054470,0.214006,-0.348368,0.418180,-0.309237
-0.004423,0.066478,0.000659,-0.007690,0.003785,-0.002884,0.052596,-0.326916,0.071620,-0.041924,0.208199,-0.326915,0.377782,-0.276479
-0.003821,0.066246,0.000991,-0.007995,0.002706,-0.002078,0.038574,-0.306079,0.071754,-0.031906,0.186868,-0.288997,0.333434,-0.225184
-0.003140,0.066030,0.001280,-0.008147,0.002344,-0.001665,0.033761,-0.289024,0.064462,-0.014516,0.182057,-0.325493,0.342752,-0.224649
-0.002443,0.065817,0.001341,-0.008446,0.002522,-0.000383,0.028348,-0.300374,0.100373,-0.010755,0.186265,-0.370418,0.348406,-0.227050
-0.001635,0.065514,0.001220,-0.008610,0.003339,0.000701,0.028760,-0.306903,0.116793,-0.008372,0.188280,-0.337588,0.351489,-0.225726
-0.000859,0.065145,0.000989,-0.008669,0.004413,0.001443,0.030924,-0.289930,0.136437,-0.022583,0.201564,-0.304359,0.385771,-0.252394
0.000029,0.064677,0.000596,-0.008872,0.005147,0.002262,0.023488,-0.261853,0.155025,-0.027939,0.220217,-0.324836,0.380003,-0.255837
0.000886,0.064193,0.000130,-0.009079,0.005769,0.002914,0.021218,-0.229333,0.140266,-0.016739,0.254808,-0.324625,0.317976,-0.240196
0.001870,0.063651,-0.000542,-0.009319,0.005930,0.003878,0.022579,-0.211341,0.132342,-0.006416,0.269754,-0.306072,0.297581,-0.235917
0.002778,0.063166,-0.001189,-0.009273,0.005729,0.004048,0.012103,-0.204103,0.151037,-0.002183,0.246944,-0.323899,0.294704,-0.209630
0.003629,0.062942,-0.001554,-0.008554,0.002422,0.002102,0.000046,-0.189483,0.187750,-0.006488,0.246553,-0.336130,0.281467,-0.191124
0.004348,0.062818,-0.001736,-0.008134,0.001458,0.001136,0.006221,-0.191143,0.187091,-0.000461,0.262660,-0.329928,0.295682,-0.212676
0.005081,0.062621,-0.001864,-0.007777,0.002147,0.000742,0.030860,-0.249776,0.158428,0.020585,0.261120,-0.331952,0.285180,-0.217322
0.005704,0.062399,-0.001899,-0.007336,0.002634,0.000218,0.035697,-0.266431,0.154474,0.027027,0.254259,-0.327944,0.266317,-0.200979
0.006320,0.062180,-0.001819,-0.006940,0.002415,-0.000460,0.024977,-0.260427,0.187000,-0.000142,0.215688,-0.339655,0.331302,-0.210541
0.006818,0.062072,-0.001579,-0.006482,0.001351,-0.001504,0.024972,-0.262168,0.177503,-0.001081,0.201308,-0.358493,0.355206,-0.218540
0.007293,0.062116,-0.001165,-0.006114,-0.000389,-0.002384,0.045552,-0.263638,0.121628,0.023744,0.248104,-0.327190,0.320193,-0.243006
0.007736,0.062331,-0.000826,-0.006051,-0.002462,-0.002121,0.054405,-0.286996,0.108588,0.031770,0.245217,-0.306218,0.317884,-0.244895
0.008196,0.062412,-0.000558,-0.005642,-0.000829,-0.001547,0.038910,-0.318090,0.158729,0.019109,0.187177,-0.331269,0.311107,-0.189378
0.008531,0.062450,-0.000208,-0.004806,-0.000339,-0.002189,0.030151,-0.334826,0.219541,-0.006234,0.173033,-0.343056,0.331858,-0.186976
0.008826,0.062471,0.000274,-0.004275,-0.000090,-0.002776,0.041473,-0.314629,0.178539,-0.010203,0.201247,-0.350348,0.394934,-0.258685
0.009097,0.062359,0.000657,-0.004124,0.001462,-0.002398,0.060422,-0.310340,0.107428,-0.001388,0.226731,-0.345062,0.396124,-0.291867
0.009412,0.062145,0.000988,-0.004172,0.002455,-0.001910,0.055252,-0.308773,0.092944,0.006272,0.225056,-0.300431,0.331659,-0.247044
0.009772,0.062055,0.001081,-0.004503,0.001100,-0.000580,0.032819,-0.288097,0.116792,-0.005122,0.194474,-0.292751,0.317221,-0.207209
0.010182,0.061964,0.001100,-0.004549,0.001011,-0.000109,0.021855,-0.279257,0.128585,-0.003891,0.177264,-0.356690,0.339697,-0.206144
0.010590,0.061891,0.001006,-0.004639,0.000830,0.000586,0.022599,-0.282692,0.156748,-0.006131,0.206140,-0.365937,0.345985,-0.229367
0.011025,0.061877,0.000867,-0.004483,0.000107,0.000802,0.030123,-0.283679,0.153574,-0.006469,0.220463,-0.312544,0.364208,-0.251712
0.011432,0.061811,0.000692,-0.004436,0.000706,0.001093,0.029724,-0.271777,0.165532,-0.015836,0.227518,-0.298012,0.360880,-0.249837
0.011879,0.061678,0.000493,-0.004481,0.001383,0.001153,0.021181,-0.266915,0.190923,-0.022368,0.235909,-0.319176,0.322881,-0.226179
0.012289,0.061517,0.000300,-0.004444,0.001832,0.001204,0.020929,-0.254295,0.177392,-0.015792,0.247847,-0.328225,0.298010,-0.221387
0.012703,0.061294,0.000142,-0.004210,0.002382,0.000909,0.028229,-0.250390,0.154312,-0.006852,0.244988,-0.335121,0.319926,-0.237661
0.013031,0.060994,-0.000011,-0.003557,0.003502,0.000959,0.024140,-0.249620,0.157096,-0.004150,0.229766,-0.336657,0.324282,-0.226482
0.081565,-0.173579,-0.403183,0.000063,-0.000650,-0.000238,0.000000,0.000000,0.000000,0.000000,0.000000,0.000000,0.000000,0.000000
0.081603,-0.173429,-0.403073,0.000313,-0.001736,-0.000830,-0.564338,1.000000,1.000000,-0.658808,0.950503,-0.302111,1.000000,-0.359359
0.081696,-0.173043,-0.402639,0.001704,-0.003266,-0.002711,-0.563171,1.000000,1.000000,-0.659696,0.948801,-0.301823,1.000000,-0.358316
0.081864,-0.172328,-0.401345,0.005881,-0.004191,-0.007471,-0.202278,1.000000,1.000000,-0.202100,1.000000,0.337288,-0.514359,-0.246296
0.081942,-0.171322,-0.398966,0.014373,-0.004629,-0.014859,-0.195845,1.000000,1.000000,-0.199088,1.000000,0.333722,-0.521619,-0.241613
0.081624,-0.169814,-0.394808,0.028013,-0.004660,-0.023992,-0.423595,1.000000,1.000000,-0.351855,0.826735,-0.343338,-0.213035,0.271704
0.080806,-0.167688,-0.389049,0.046144,-0.007388,-0.035983,-0.411202,0.991053,1.000000,-0.368285,0.779263,-0.376592,-0.235678,0.300667
0.079277,-0.164273,-0.380225,0.067534,-0.012210,-0.050908,-0.282006,0.824909,0.977259,-0.286881,1.000000,-0.263598,-0.016347,-0.155769
0.077506,-0.159940,-0.368771,0.090837,-0.016362,-0.071591,-0.270282,0.689473,0.619398,-0.364858,0.951060,-0.316563,-0.043602,-0.115544
0.075294,-0.153985,-0.352458,0.113293,-0.019515,-0.094175,-0.293198,0.696402,0.303631,-0.568057,0.832747,-0.258073,-0.238458,0.117128
0.072948,-0.147450,-0.334074,0.132217,-0.023001,-0.114872,-0.274899,0.468806,-0.243014,-0.658780,0.597984,-0.391102,-0.182246,0.178012
0.070249,-0.139567,-0.310973,0.145035,-0.024229,-0.133271,-0.227485,0.140529,-0.946545,-0.630474,0.326002,-0.648239,-0.226189,0.231203
0.067726,-0.132263,-0.287470,0.150239,-0.020722,-0.146808,-0.220978,-0.111835,-1.000000,-0.700093,0.091784,-0.710518,-0.088927,0.191525
0.065010,-0.124841,-0.260489,0.150338,-0.013339,-0.155776,-0.257946,-0.363593,-1.000000,-0.799438,-0.270162,-0.681526,0.296501,0.085772
0.062484,-0.118784,-0.234956,0.146551,-0.005315,-0.159450,-0.148837,-0.535373,-1.000000,-0.650927,-0.411245,-0.676628,0.466908,-0.035900
0.059791,-0.113284,-0.207078,0.141146,0.004622,-0.160842,-0.002532,-0.642786,-1.000000,-0.415926,-0.414205,-0.659137,0.594468,-0.208778
0.057395,-0.109347,-0.181511,0.134430,0.014594,-0.159793,0.074254,-0.685735,-1.000000,-0.256003,-0.503062,-0.650233,0.636236,-0.199941
0.054988,-0.106266,-0.154362,0.126484,0.024230,-0.156578,0.124283,-0.676158,-1.000000,-0.109842,-0.597305,-0.633856,0.592005,-0.095750
0.052971,-0.104338,-0.130247,0.117877,0.030217,-0.150721,0.165306,-0.645994,-1.000000,0.045962,-0.622313,-0.660608,0.569615,-0.077333
0.050930,-0.103015,-0.105751,0.108888,0.033624,-0.141366,0.197926,-0.622917,-1.000000,0.213481,-0.637829,-0.721589,0.545599,-0.073570
0.049041,-0.102304,-0.085139,0.100572,0.033330,-0.128815,0.211949,-0.597592,-1.000000,0.332092,-0.658239,-0.718899,0.525217,-0.037037
0.046786,-0.101934,-0.065427,0.093327,0.031443,-0.113728,0.204069,-0.566877,-1.000000,0.394629,-0.680117,-0.683963,0.540350,-0.005823
0.044354,-0.101780,-0.049880,0.087526,0.026810,-0.097163,0.170688,-0.531069,-1.000000,0.393334,-0.665852,-0.671401,0.552680,0.004431
0.041176,-0.101802,-0.035940,0.083465,0.022660,-0.080466,0.119135,-0.477176,-1.000000,0.346591,-0.617025,-0.657324,0.552537,-0.001645
0.037638,-0.101860,-0.025654,0.081005,0.017161,-0.064273,0.047773,-0.414407,-1.000000,0.234860,-0.557184,-0.618235,0.572597,-0.024643
0.033020,-0.101839,-0.017228,0.080234,0.011109,-0.048618,-0.038368,-0.333700,-1.000000,0.090112,-0.492541,-0.578788,0.587856,-0.047980
0.027964,-0.101636,-0.011819,0.080684,0.004441,-0.033784,-0.133815,-0.243498,-1.000000,-0.087093,-0.400381,-0.539554,0.584358,-0.078759
0.021625,-0.101135,-0.008372,0.081750,-0.002111,-0.019890,-0.239979,-0.150399,-1.000000,-0.298262,-0.298702,-0.497029,0.565201,-0.105262
0.015042,-0.100212,-0.007310,0.082417,-0.010128,-0.006640,-0.353533,-0.048529,-1.000000,-0.538571,-0.193842,-0.452268,0.534839,-0.122840
0.007203,-0.098492,-0.008405,0.082318,-0.019454,0.006316,-0.463902,0.065296,-1.000000,-0.783822,-0.083865,-0.411573,0.493271,-0.136902
-0.000531,-0.096063,-0.011365,0.081171,-0.029669,0.018499,-0.561310,0.174714,-0.796512,-1.000000,0.033694,-0.366466,0.433043,-0.144539
-0.009178,-0.092482,-0.016655,0.077532,-0.039133,0.030539,-0.645133,0.266369,-0.488325,-1.000000,0.143254,-0.312092,0.356526,-0.134490
-0.017070,-0.088325,-0.023289,0.070973,-0.046934,0.041431,-0.681992,0.337452,-0.261635,-1.000000,0.279869,-0.273057,0.275205,-0.148968
-0.025036,-0.083035,-0.031918,0.061360,-0.052745,0.049825,-0.711052,0.365746,0.018824,-1.000000,0.404833,-0.261695,0.273845,-0.165424
-0.031419,-0.077855,-0.040409,0.049705,-0.053340,0.053044,-0.731583,0.391491,0.336190,-1.000000,0.490893,-0.230951,0.264375,-0.158296
-0.036939,-0.072403,-0.048855,0.038091,-0.050476,0.048754,-0.705672,0.428694,0.605027,-1.000000,0.634323,-0.177108,0.244329,-0.215545
-0.041234,-0.066923,-0.055706,0.026129,-0.044413,0.034220,-0.632370,0.456108,0.699263,-1.000000,0.766754,-0.163235,0.194006,-0.283716
-0.042874,-0.063938,-0.057875,0.016943,-0.038650,0.016284,-0.523032,0.454036,0.620447,-1.000000,0.821667,-0.167139,0.049545,-0.264889
-0.043675,-0.060479,-0.057278,0.008763,-0.033689,-0.002982,-0.368806,0.388700,0.356464,-0.953075,0.781226,-0.202226,-0.103891,-0.199814
-0.043021,-0.058473,-0.053521,0.000757,-0.029964,-0.023477,-0.229409,0.259952,0.026427,-0.618763,0.644577,-0.316801,-0.175855,-0.128486
-0.041177,-0.056883,-0.046583,-0.006156,-0.027628,-0.040039,-0.105058,0.079561,-0.276975,-0.306434,0.438120,-0.462950,-0.161550,-0.056907
-0.039080,-0.055877,-0.039689,-0.012211,-0.026916,-0.051703,0.021338,-0.201639,-0.471648,0.019722,0.173241,-0.565046,0.021889,-0.003650
-0.035265,-0.054458,-0.027938,-0.016441,-0.026891,-0.058758,0.137413,-0.463792,-0.565685,0.312476,-0.068059,-0.574525,0.259202,-0.036902
-0.031998,-0.053236,-0.018061,-0.018589,-0.027283,-0.061764,0.242322,-0.642979,-0.566329,0.512459,-0.200239,-0.544565,0.511395,-0.152446
-0.029313,-0.052133,-0.009847,-0.018559,-0.027269,-0.061548,0.306237,-0.735204,-0.533135,0.614012,-0.264860,-0.504708,0.673946,-0.204881
-0.025949,-0.050593,0.000563,-0.018068,-0.027154,-0.060069,0.323169,-0.734598,-0.466855,0.619165,-0.249846,-0.432620,0.694616,-0.190721
-0.022289,-0.048718,0.011913,-0.017526,-0.026356,-0.056742,0.315931,-0.702676,-0.423147,0.591720,-0.204833,-0.400299,0.657196,-0.184671
-0.019528,-0.047060,0.020351,-0.017397,-0.026571,-0.052738,0.323999,-0.698616,-0.463029,0.618151,-0.173174,-0.445581,0.581530,-0.179190
-0.016779,-0.045111,0.028515,-0.016885,-0.026750,-0.047106,0.324496,-0.692561,-0.503548,0.639857,-0.169017,-0.478357,0.536178,-0.170866
-0.014547,-0.043258,0.034837,-0.015859,-0.025921,-0.039503,0.297724,-0.699543,-0.438153,0.601809,-0.229675,-0.463643,0.582636,-0.155044
-0.012558,-0.041218,0.040015,-0.014110,-0.024974,-0.029894,0.257319,-0.687363,-0.345659,0.540833,-0.264595,-0.440713,0.624310,-0.147190
-0.011195,-0.039349,0.042923,-0.011730,-0.023583,-0.018166,0.222721,-0.625101,-0.274488,0.467022,-0.195534,-0.415345,0.644060,-0.197043
-0.010199,-0.037297,0.043979,-0.009521,-0.022958,-0.006093,0.172774,-0.538196,-0.181802,0.360073,-0.105138,-0.388444,0.655792,-0.249868
-0.009642,-0.035284,0.043104,-0.007843,-0.023617,0.005464,0.087131,-0.414394,-0.039915,0.202715,-0.021598,-0.350586,0.620435,-0.248651
-0.009285,-0.033143,0.040443,-0.007157,-0.022627,0.015354,0.003864,-0.284598,0.104809,0.042627,0.083317,-0.309973,0.559352,-0.247243
-0.009061,-0.031224,0.036790,-0.007195,-0.021556,0.022829,-0.055271,-0.165289,0.210474,-0.084331,0.224159,-0.297126,0.476796,-0.273012
-0.008896,-0.029684,0.033123,-0.007477,-0.020482,0.027502,-0.100031,-0.030478,0.274532,-0.172077,0.362441,-0.296343,0.371388,-0.288664
-0.008712,-0.027640,0.026747,-0.007401,-0.017705,0.031879,-0.136082,0.083018,0.335576,-0.235181,0.445824,-0.279443,0.270180,-0.266541
-0.008565,-0.026050,0.020821,-0.007260,-0.015640,0.034188,-0.159781,0.155769,0.360265,-0.254709,0.483299,-0.266277,0.157927,-0.208655
-0.008366,-0.024676,0.015359,-0.007667,-0.014563,0.034145,-0.193210,0.239160,0.392143,-0.291389,0.524202,-0.274672,0.079796,-0.171532
-0.008088,-0.023318,0.009585,-0.007960,-0.013217,0.033310,-0.222423,0.275954,0.428815,-0.324239,0.526387,-0.312982,0.072793,-0.152935
-0.007791,-0.022154,0.004430,-0.008021,-0.012253,0.032215,-0.217288,0.277712,0.403022,-0.297044,0.535336,-0.326456,0.036513,-0.136419
-0.007479,-0.020988,-0.000901,-0.007497,-0.011343,0.030755,-0.198691,0.283270,0.366663,-0.266781,0.568244,-0.304938,0.030590,-0.160848
-0.007236,-0.019989,-0.005505,-0.006488,-0.010586,0.028775,-0.205223,0.276223,0.394617,-0.274249,0.542937,-0.315601,0.063697,-0.150432
-0.007073,-0.019048,-0.010161,-0.004999,-0.009151,0.026864,-0.216711,0.278592,0.419369,-0.284659,0.517400,-0.321291,0.042294,-0.103751
-0.007046,-0.018323,-0.014116,-0.003129,-0.007570,0.024715,-0.200285,0.274006,0.372779,-0.272728,0.546588,-0.312929,0.037745,-0.131552
-0.007168,-0.017587,-0.017926,-0.001064,-0.007146,0.021983,-0.192217,0.264460,0.312738,-0.270243,0.553930,-0.337635,0.054647,-0.158927
-0.007436,-0.016952,-0.020945,0.001206,-0.006737,0.018873,-0.203289,0.266161,0.285005,-0.285706,0.517687,-0.343693,0.042411,-0.118647
-0.007899,-0.016291,-0.023620,0.003525,-0.006576,0.015431,-0.205860,0.249319,0.255519,-0.297649,0.485608,-0.324629,0.047786,-0.096167
-0.008474,-0.015624,-0.025482,0.005710,-0.007385,0.011635,-0.197421,0.214746,0.179249,-0.291555,0.471756,-0.348810,0.060206,-0.110056
-0.009213,-0.014852,-0.026911,0.007351,-0.008059,0.008245,-0.189192,0.182210,0.105836,-0.288013,0.457292,-0.380462,0.063534,-0.118123
-0.009992,-0.014186,-0.027744,0.008810,-0.007649,0.005208,-0.185730,0.133591,0.068333,-0.297775,0.405799,-0.377253,0.100226,-0.109570
-0.010909,-0.013535,-0.028180,0.009875,-0.007001,0.002517,-0.182142,0.086050,0.037748,-0.305358,0.352488,-0.371907,0.143862,-0.105400
-0.011782,-0.012960,-0.028147,0.010401,-0.006855,-0.000206,-0.169904,0.060448,-0.023886,-0.299459,0.342431,-0.384924,0.175477,-0.136145
-0.012710,-0.012368,-0.027744,0.010379,-0.006671,-0.002329,-0.156543,0.040882,-0.084105,-0.289181,0.338506,-0.394355,0.203537,-0.168023
-0.013553,-0.011992,-0.027131,0.010322,-0.004774,-0.003830,-0.148036,0.011673,-0.122212,-0.272924,0.303227,-0.380204,0.212424,-0.155021
-0.014419,-0.011659,-0.026179,0.009912,-0.004103,-0.005494,-0.142041,-0.012123,-0.144915,-0.255502,0.269851,-0.365289,0.215541,-0.136551
-0.015176,-0.011411,-0.025108,0.009470,-0.003528,-0.006689,-0.138859,-0.015398,-0.183434,-0.238009,0.252885,-0.389824,0.241048,-0.147612
-0.015945,-0.011200,-0.023776,0.008979,-0.003018,-0.007687,-0.128326,-0.035145,-0.215675,-0.212314,0.238195,-0.416650,0.262696,-0.159691
-0.016610,-0.011112,-0.022420,0.008475,-0.001845,-0.008464,-0.119961,-0.052111,-0.239183,-0.188643,0.223475,-0.395320,0.267377,-0.155538
-0.017297,-0.011096,-0.020895,0.008149,-0.001048,-0.008811,-0.114160,-0.067716,-0.249916,-0.175950,0.201594,-0.376053,0.290741,-0.156344
-0.017910,-0.011278,-0.019505,0.007870,0.001259,-0.008679,-0.112015,-0.069917,-0.268493,-0.156800,0.188545,-0.398845,0.299157,-0.153612
-0.018527,-0.011491,-0.017977,0.007379,0.001402,-0.008823,-0.108982,-0.067759,-0.287723,-0.144008,0.191899,-0.409798,0.297700,-0.157950
-0.019070,-0.011721,-0.016565,0.007070,0.001757,-0.008823,-0.110496,-0.052078,-0.316664,-0.133669,0.186146,-0.399506,0.310603,-0.162459
-0.019626,-0.011983,-0.015030,0.006742,0.001870,-0.008854,-0.109831,-0.059447,-0.320056,-0.124188,0.171731,-0.393846,0.312840,-0.153625
-0.020103,-0.012204,-0.013642,0.006299,0.001611,-0.008671,-0.112363,-0.060978,-0.327658,-0.110465,0.170739,-0.393461,0.288553,-0.136547
-0.020605,-0.012376,-0.012123,0.006163,0.000838,-0.008768,-0.110259,-0.065128,-0.334820,-0.103464,0.168973,-0.402831,0.297262,-0.142876
-0.021073,-0.012603,-0.010863,0.006146,0.001739,-0.007872,-0.112102,-0.074398,-0.323274,-0.101585,0.154756,-0.418606,0.318156,-0.144640
-0.021567,-0.012914,-0.009644,0.005963,0.002530,-0.007038,-0.110250,-0.088166,-0.320523,-0.101980,0.147131,-0.409258,0.321685,-0.142654
-0.022008,-0.013255,-0.008671,0.005724,0.003273,-0.006080,-0.111925,-0.071005,-0.328690,-0.110923,0.160933,-0.393960,0.333811,-0.159925
-0.022448,-0.013614,-0.007730,0.005263,0.003238,-0.005426,-0.117800,-0.052305,-0.326966,-0.119903,0.166072,-0.401929,0.346347,-0.170095
-0.022821,-0.013940,-0.007015,0.004816,0.003272,-0.004470,-0.125328,-0.029912,-0.330583,-0.118887,0.177929,-0.397915,0.311345,-0.152849
-0.023180,-0.014206,-0.006435,0.004219,0.002472,-0.003348,-0.123952,-0.023177,-0.334272,-0.111571,0.190826,-0.380459,0.287899,-0.147118
-0.023471,-0.014451,-0.006072,0.003655,0.002596,-0.002266,-0.131828,-0.018068,-0.318512,-0.113298,0.186066,-0.394277,0.285292,-0.138188
-0.023743,-0.014700,-0.005871,0.003095,0.002578,-0.001161,-0.143270,-0.014621,-0.273440,-0.127151,0.180243,-0.408345,0.286552,-0.126397
-0.023976,-0.014736,-0.005696,0.002867,0.000272,-0.001095,-0.144060,-0.003489,-0.258351,-0.131292,0.193942,-0.399839,0.298446,-0.140543
-0.024225,-0.014713,-0.005682,0.002750,-0.000260,-0.000083,-0.137231,0.010114,-0.258230,-0.131417,0.222726,-0.391434,0.306375,-0.167234
-0.024432,-0.014645,-0.005803,0.002390,-0.000707,0.000755,-0.132796,-0.009575,-0.235461,-0.133173,0.231459,-0.381844,0.279059,-0.154727
-0.024623,-0.014499,-0.006009,0.001998,-0.001424,0.001192,-0.143234,0.001231,-0.206954,-0.149654,0.234369,-0.367335,0.246794,-0.128091
-0.024791,-0.014300,-0.006270,0.001861,-0.002127,0.001632,-0.149011,0.008875,-0.173773,-0.170650,0.231033,-0.386930,0.277603,-0.141705
-0.024969,-0.014099,-0.006727,0.001727,-0.001822,0.002638,-0.145388,0.005871,-0.168668,-0.167814,0.241564,-0.411442,0.277924,-0.152687
-0.025108,-0.013928,-0.007215,0.001401,-0.001575,0.003047,-0.135611,0.008367,-0.175756,-0.167229,0.270992,-0.378919,0.258916,-0.165797
-0.025234,-0.013685,-0.007722,0.001144,-0.002236,0.002925,-0.143695,0.022505,-0.149755,-0.188888,0.269673,-0.356100,0.274050,-0.167230
-0.025330,-0.013426,-0.008172,0.000912,-0.002660,0.002814,-0.154070,0.035852,-0.128701,-0.195320,0.258999,-0.375491,0.255873,-0.141019
-0.025409,-0.013138,-0.008677,0.000626,-0.002718,0.002912,-0.143284,0.034894,-0.144375,-0.178528,0.287537,-0.379826,0.217512,-0.142943
-0.025454,-0.012851,-0.009152,0.000301,-0.002966,0.002972,-0.134483,0.022203,-0.153057,-0.169948,0.294975,-0.379487,0.226965,-0.159711
-0.025469,-0.012517,-0.009687,-0.000065,-0.003203,0.003083,-0.144649,0.018004,-0.121428,-0.182658,0.262203,-0.387835,0.243973,-0.138705
-0.025465,-0.012312,-0.010192,-0.000285,-0.001959,0.003157,-0.147913,0.019167,-0.094645,-0.190468,0.255410,-0.379358,0.250965,-0.132545
-0.025467,-0.012128,-0.010732,-0.000210,-0.001543,0.003114,-0.135223,0.018197,-0.102625,-0.181738,0.287145,-0.374094,0.260592,-0.168466
-0.025484,-0.011934,-0.011173,0.000008,-0.001896,0.002758,-0.128189,0.035306,-0.130899,-0.167845,0.308878,-0.380456,0.249625,-0.181258
-0.025534,-0.011881,-0.011792,0.000287,-0.000036,0.003570,-0.134075,0.044910,-0.124508,-0.173477,0.297472,-0.368789,0.229277,-0.152645
-0.025579,-0.012036,-0.012426,0.000256,0.002452,0.003970,-0.141331,0.033022,-0.112305,-0.177471,0.273865,-0.360310,0.212646,-0.119945
-0.025637,-0.012352,-0.013186,0.000325,0.004149,0.004378,-0.150370,0.059625,-0.126857,-0.184472,0.285857,-0.382116,0.214169,-0.130093
-0.025697,-0.012861,-0.013979,0.000352,0.006816,0.004954,-0.152503,0.090098,-0.152036,-0.181786,0.298679,-0.409826,0.243900,-0.160362
-0.025758,-0.013415,-0.014776,0.000313,0.006794,0.004601,-0.156788,0.112224,-0.171679,-0.174915,0.302907,-0.388848,0.227005,-0.148808
-0.025810,-0.013972,-0.015499,0.000260,0.007321,0.004518,-0.163266,0.148440,-0.197667,-0.164895,0.313526,-0.347446,0.190331,-0.126578
-0.025868,-0.014611,-0.016215,0.000289,0.007668,0.004132,-0.166986,0.144451,-0.196832,-0.154474,0.308611,-0.366633,0.169586,-0.107327
-0.025910,-0.015174,-0.016763,0.000209,0.007222,0.003421,-0.176576,0.147010,-0.197645,-0.141065,0.300596,-0.405884,0.135253,-0.075516
-0.025924,-0.015733,-0.017306,-0.000136,0.006641,0.003134,-0.175513,0.142949,-0.201265,-0.140943,0.290850,-0.412122,0.167489,-0.087992
-0.025918,-0.016204,-0.017778,-0.000350,0.006063,0.002954,-0.169523,0.119772,-0.200959,-0.136654,0.272956,-0.413543,0.212650,-0.104894
-0.025893,-0.016722,-0.018206,-0.000514,0.006068,0.002468,-0.163258,0.117373,-0.193808,-0.128743,0.286241,-0.394841,0.205283,-0.109905
-0.025866,-0.017212,-0.018514,-0.000514,0.006133,0.001920,-0.158785,0.119108,-0.178260,-0.130910,0.301942,-0.376255,0.211446,-0.123823
-0.025832,-0.017767,-0.018755,-0.000508,0.006319,0.001394,-0.156580,0.119262,-0.184009,-0.121848,0.296941,-0.391140,0.201974,-0.112676
-0.025794,-0.018262,-0.018898,-0.000558,0.006030,0.000895,-0.150424,0.122131,-0.206318,-0.108114,0.301596,-0.398264,0.175626,-0.101042
-0.025730,-0.018776,-0.018924,-0.000718,0.005670,0.000150,-0.147973,0.115482,-0.215322,-0.102493,0.292686,-0.398616,0.187402,-0.104251
-0.025653,-0.019315,-0.018867,-0.000876,0.006361,-0.000359,-0.151810,0.102639,-0.205270,-0.102862,0.268215,-0.407257,0.199770,-0.093952
-0.025553,-0.019882,-0.018725,-0.001004,0.006105,-0.000821,-0.145724,0.092923,-0.209977,-0.090885,0.265722,-0.405299,0.201885,-0.095386
-0.025452,-0.020365,-0.018521,-0.001044,0.005554,-0.001271,-0.135449,0.095644,-0.235512,-0.075140,0.275891,-0.405546,0.220041,-0.119132
-0.025336,-0.020905,-0.018273,-0.001108,0.005716,-0.001433,-0.133346,0.089391,-0.232900,-0.070428,0.268359,-0.408937,0.227709,-0.118120
-0.025217,-0.021425,-0.018023,-0.001213,0.005953,-0.001564,-0.135460,0.080529,-0.221658,-0.067012,0.256665,-0.394483,0.209436,-0.094706
-0.025089,-0.021923,-0.017673,-0.001154,0.005179,-0.002018,-0.132432,0.081810,-0.228492,-0.061932,0.259167,-0.392795,0.214306,-0.100825
-0.024982,-0.022312,-0.017261,-0.000936,0.004237,-0.002576,-0.130160,0.083041,-0.235901,-0.055979,0.259587,-0.419443,0.231881,-0.114336
-0.024862,-0.022635,-0.016771,-0.000934,0.003125,-0.002825,-0.127815,0.071004,-0.235224,-0.051003,0.253737,-0.417376,0.224098,-0.106000
-0.024848,-0.023126,-0.016708,-0.000118,0.005791,-0.000392,-0.122483,0.052909,-0.237740,-0.048979,0.247178,-0.391317,0.222441,-0.102271
-0.024865,-0.024057,-0.016841,0.000076,0.010337,0.000769,-0.121085,0.038075,-0.223556,-0.053235,0.238572,-0.399614,0.240437,-0.108478
-0.024837,-0.024981,-0.016858,-0.000347,0.011024,0.000104,-0.152665,0.100661,-0.201724,-0.102029,0.249470,-0.417069,0.260111,-0.116241
-0.024784,-0.025952,-0.016855,-0.000572,0.010666,-0.000019,-0.160134,0.169208,-0.250276,-0.103838,0.271401,-0.412105,0.272502,-0.137341
-0.024717,-0.026864,-0.016843,-0.000788,0.010843,-0.000073,-0.133017,0.172891,-0.337672,-0.040582,0.313089,-0.387274,0.195315,-0.133540
-0.024614,-0.027859,-0.016794,-0.001084,0.010892,-0.000284,-0.135618,0.165584,-0.345277,-0.011745,0.315390,-0.364512,0.107179,-0.078019
-0.024491,-0.028784,-0.016726,-0.001400,0.010950,-0.000425,-0.170601,0.158895,-0.272828,-0.034348,0.234143,-0.405450,0.129146,-0.015103
-0.024326,-0.029681,-0.016559,-0.001650,0.009717,-0.000960,-0.180491,0.149979,-0.247205,-0.037878,0.195757,-0.471706,0.188822,-0.019538
-0.024129,-0.030477,-0.016346,-0.002105,0.009281,-0.001331,-0.148276,0.143941,-0.299878,-0.008447,0.255074,-0.464898,0.237134,-0.106042
-0.023885,-0.031300,-0.016109,-0.002433,0.008853,-0.001367,-0.124106,0.124706,-0.313735,0.006492,0.283961,-0.405793,0.254101,-0.146485
-0.023634,-0.032012,-0.015868,-0.002706,0.008257,-0.001510,-0.133853,0.127984,-0.277320,0.007319,0.258764,-0.367794,0.206543,-0.085110
-0.023348,-0.032719,-0.015616,-0.002859,0.007569,-0.001452,-0.143077,0.141166,-0.249839,0.005445,0.249722,-0.386356,0.174518,-0.049374
-0.023099,-0.033344,-0.015441,-0.002749,0.007289,-0.001097,-0.136327,0.131429,-0.258811,0.020220,0.259664,-0.446150,0.189908,-0.071512
-0.022815,-0.033887,-0.015140,-0.002776,0.005722,-0.001737,-0.128604,0.118933,-0.265812,0.027409,0.262696,-0.454272,0.205536,-0.088573
-0.022538,-0.034346,-0.014836,-0.002919,0.005200,-0.001899,-0.131483,0.117301,-0.242549,0.008966,0.249004,-0.405953,0.233715,-0.091661
-0.022194,-0.034792,-0.014456,-0.003325,0.004611,-0.002192,-0.126776,0.097453,-0.226454,0.009194,0.239086,-0.392038,0.238368,-0.087542
-0.021850,-0.035167,-0.014078,-0.003602,0.004146,-0.002361,-0.117524,0.102815,-0.244867,0.028135,0.271460,-0.411471,0.201728,-0.092224
-0.021437,-0.035550,-0.013604,-0.003960,0.003853,-0.002733,-0.109774,0.099213,-0.241602,0.036873,0.276729,-0.423503,0.213201,-0.105711
-0.021039,-0.035775,-0.013124,-0.004104,0.002297,-0.003005,-0.114804,0.086697,-0.219056,0.034836,0.240648,-0.421440,0.225991,-0.083703
-0.020602,-0.035843,-0.012480,-0.004004,0.000280,-0.003712,-0.107717,0.080163,-0.220850,0.047145,0.237302,-0.407079,0.221712,-0.079673
-0.020184,-0.035806,-0.011768,-0.004025,-0.000986,-0.004453,-0.095659,0.060602,-0.214909,0.053552,0.253903,-0.411138,0.238030,-0.107499
-0.019711,-0.035749,-0.010990,-0.004233,-0.001174,-0.004487,-0.092094,0.029996,-0.196693,0.054707,0.241371,-0.422322,0.237682,-0.100048
-0.019294,-0.035740,-0.010395,-0.004170,-0.000542,-0.003715,-0.084460,0.012151,-0.190764,0.057417,0.229644,-0.410017,0.238275,-0.092935
-0.018894,-0.035751,-0.009871,-0.003750,-0.000226,-0.003025,-0.077401,0.009669,-0.186387,0.055771,0.227866,-0.411192,0.277267,-0.119417
-0.018566,-0.035877,-0.009552,-0.003483,0.001281,-0.001994,-0.084348,0.026638,-0.174588,0.042358,0.232090,-0.421411,0.291542,-0.130378
-0.018274,-0.036042,-0.009361,-0.002968,0.001688,-0.001104,-0.089351,0.042396,-0.173273,0.030238,0.247662,-0.396868,0.270144,-0.125514
-0.017993,-0.036215,-0.009169,-0.003085,0.001927,-0.001201,-0.092822,0.070983,-0.194828,0.029707,0.267802,-0.378932,0.249021,-0.125579
-0.017688,-0.036372,-0.008943,-0.003072,0.001579,-0.001301,-0.104831,0.087658,-0.193975,0.018044,0.270407,-0.398796,0.230578,-0.113150
-0.017419,-0.036471,-0.008737,-0.002916,0.001041,-0.001288,-0.108801,0.086813,-0.199484,0.033607,0.261009,-0.413097,0.198322,-0.085050
-0.017152,-0.036618,-0.008625,-0.002800,0.001559,-0.000647,-0.103564,0.077021,-0.209811,0.043171,0.258634,-0.409015,0.201990,-0.089630
-0.016902,-0.036701,-0.008537,-0.002853,0.000927,-0.000551,-0.106924,0.061768,-0.191618,0.034540,0.240703,-0.419558,0.237320,-0.097554
-0.016629,-0.036684,-0.008406,-0.002834,-0.000264,-0.000756,-0.117134,0.075639,-0.171101,0.019777,0.237414,-0.419125,0.249021,-0.096485
-0.016368,-0.036640,-0.008304,-0.002972,-0.000580,-0.000638,-0.108529,0.075287,-0.168421,0.019441,0.259150,-0.399681,0.256695,-0.118863
-0.016064,-0.036582,-0.008193,-0.003200,-0.000700,-0.000636,-0.097560,0.061845,-0.179193,0.031966,0.277573,-0.393358,0.235121,-0.123538
-0.015781,-0.036558,-0.008078,-0.003205,-0.000355,-0.000720,-0.099630,0.066229,-0.169407,0.032043,0.277844,-0.394243,0.211109,-0.105582
-0.015474,-0.036510,-0.007947,-0.003207,-0.000607,-0.000758,-0.105882,0.065151,-0.144291,0.024468,0.254798,-0.405666,0.228147,-0.095227
-0.015195,-0.036463,-0.007811,-0.003143,-0.000631,-0.000846,-0.103603,0.063773,-0.156185,0.030787,0.250464,-0.419395,0.234968,-0.099461
-0.014911,-0.036344,-0.007600,-0.002852,-0.001426,-0.001218,-0.092678,0.060098,-0.171565,0.039313,0.271536,-0.409454,0.236619,-0.121406
-0.014648,-0.036197,-0.007398,-0.002850,-0.001853,-0.001264,-0.093305,0.056106,-0.165921,0.038307,0.265866,-0.397030,0.242465,-0.120337
-0.014370,-0.036005,-0.007150,-0.002747,-0.002236,-0.001429,-0.098160,0.045502,-0.151176,0.031414,0.247895,-0.395905,0.230811,-0.096972
-0.014114,-0.035818,-0.006886,-0.002691,-0.002378,-0.001654,-0.096000,0.041776,-0.147667,0.033627,0.253537,-0.402065,0.227851,-0.099745
-0.013836,-0.035599,-0.006618,-0.002719,-0.002528,-0.001546,-0.090277,0.033697,-0.153203,0.034706,0.256830,-0.416226,0.249356,-0.121398
-0.013581,-0.035334,-0.006382,-0.002729,-0.003281,-0.001475,-0.087531,0.027968,-0.156326,0.036610,0.250933,-0.414062,0.253296,-0.120971
-0.013327,-0.035054,-0.006178,-0.002549,-0.003171,-0.001173,-0.087533,0.028904,-0.146137,0.032050,0.249963,-0.390951,0.254153,-0.118986
-0.013118,-0.034844,-0.006091,-0.002364,-0.002543,-0.000548,-0.088353,0.020921,-0.128476,0.026370,0.248523,-0.389408,0.258667,-0.120562
-0.012891,-0.034602,-0.005996,-0.002380,-0.002707,-0.000547,-0.090533,0.027451,-0.130708,0.024605,0.257637,-0.403031,0.245270,-0.118855
-0.012701,-0.034458,-0.005980,-0.002244,-0.001719,-0.000099,-0.092752,0.043290,-0.133044,0.015416,0.267994,-0.402505,0.251374,-0.129145
-0.012529,-0.034451,-0.006093,-0.002030,-0.000022,0.000654,-0.092106,0.037457,-0.130961,0.016312,0.259765,-0.397681,0.255647,-0.126451
-0.012389,-0.034470,-0.006222,-0.001830,0.000277,0.000802,-0.095468,0.053794,-0.145085,0.019427,0.268284,-0.389995,0.230681,-0.116445
-0.012247,-0.034509,-0.006347,-0.001711,0.000482,0.000724,-0.103302,0.081473,-0.151099,0.010773,0.277107,-0.393444,0.237232,-0.123973
-0.012148,-0.034548,-0.006502,-0.001382,0.000541,0.000970,-0.110719,0.082094,-0.148662,0.009562,0.266201,-0.407023,0.231468,-0.110051
-0.012035,-0.034530,-0.006675,-0.001438,-0.000128,0.000998,-0.108461,0.082397,-0.167317,0.023165,0.274186,-0.396280,0.197469,-0.095775
-0.011925,-0.034427,-0.006848,-0.001542,-0.001144,0.001076,-0.110108,0.082445,-0.166145,0.014919,0.276336,-0.394060,0.215076,-0.108445
-0.011810,-0.034329,-0.007046,-0.001495,-0.001001,0.001147,-0.119140,0.071567,-0.133855,0.004836,0.253350,-0.414907,0.232193,-0.097704
-0.011704,-0.034190,-0.007186,-0.001441,-0.001597,0.000870,-0.116990,0.066279,-0.118473,0.003055,0.262309,-0.403741,0.221996,-0.096843
-0.011592,-0.034068,-0.007333,-0.001400,-0.001272,0.000850,-0.105746,0.069192,-0.135646,0.005783,0.284997,-0.391085,0.241185,-0.130272
-0.011488,-0.033924,-0.007447,-0.001386,-0.001665,0.000711,-0.102692,0.062014,-0.135892,0.005699,0.282102,-0.402875,0.241142,-0.129360
-0.011368,-0.033718,-0.007525,-0.001412,-0.002236,0.000454,-0.108528,0.071091,-0.131062,0.004723,0.278098,-0.392595,0.209977,-0.102554
-0.011266,-0.033467,-0.007543,-0.001235,-0.002982,0.000108,-0.107091,0.064613,-0.124201,0.000247,0.273646,-0.385824,0.221744,-0.108159
-0.011175,-0.033193,-0.007572,-0.001031,-0.002997,0.000170,-0.104986,0.050373,-0.124427,0.005891,0.267671,-0.409545,0.226684,-0.110101
-0.011093,-0.032922,-0.007572,-0.000984,-0.003228,-0.000001,-0.100869,0.041133,-0.125391,0.005769,0.271464,-0.408563,0.222104,-0.112227
-0.011018,-0.032621,-0.007551,-0.000801,-0.003312,-0.000119,-0.101603,0.038802,-0.116430,-0.006579,0.265269,-0.393448,0.248767,-0.123506
-0.010956,-0.032348,-0.007528,-0.000708,-0.003267,-0.000144,-0.101809,0.034662,-0.111155,-0.010737,0.257632,-0.396363,0.257106,-0.123808
-0.010928,-0.032077,-0.007507,-0.000279,-0.002978,-0.000121,-0.097537,0.038113,-0.124520,-0.006255,0.275519,-0.393732,0.235559,-0.126357
-0.010913,-0.031799,-0.007412,-0.000076,-0.003353,-0.000593,-0.095242,0.038309,-0.129719,-0.006720,0.280815,-0.389348,0.237138,-0.133264
-0.010889,-0.031424,-0.007306,-0.000138,-0.004159,-0.000612,-0.104189,0.038342,-0.126819,-0.017665,0.260995,-0.397431,0.238074,-0.116996
-0.010869,-0.031026,-0.007157,-0.000065,-0.004796,-0.000932,-0.102678,0.028682,-0.132177,-0.015377,0.254340,-0.398378,0.230096,-0.108756
-0.010863,-0.030674,-0.007015,0.000085,-0.003925,-0.000818,-0.097349,0.016582,-0.127753,-0.014188,0.262374,-0.396407,0.241840,-0.126529
0.230281,-0.079286,0.169138,0.000034,-0.000271,-0.000164,0.000000,0.000000,0.000000,0.000000,0.000000,0.000000,0.000000,0.000000
0.230276,-0.079258,0.169151,0.000112,-0.000263,-0.000097,0.496247,-0.042372,-0.705274,1.000000,0.189214,-0.768795,-0.074732,-0.258601
0.230171,-0.079298,0.169033,0.000832,-0.000504,0.000681,0.497459,-0.046949,-0.705520,1.000000,0.187941,-0.768947,-0.075252,-0.258018
0.229790,-0.079479,0.168554,0.003106,-0.001970,0.002996,0.232420,-0.213501,-0.013415,1.000000,-0.419279,-0.223076,0.191886,0.113391
0.228788,-0.079863,0.167430,0.007918,-0.004690,0.006486,0.222767,-0.207615,0.001491,1.000000,-0.419997,-0.221168,0.199281,0.113164
0.227017,-0.080720,0.165517,0.015313,-0.006146,0.011953,0.328724,-0.221026,-0.147102,1.000000,-0.052200,-0.516510,0.316554,-0.132462
0.223799,-0.082554,0.161924,0.025198,-0.007940,0.020726,0.277565,-0.209654,-0.078848,1.000000,-0.047175,-0.502131,0.328496,-0.122833
0.219333,-0.085197,0.156789,0.036959,-0.011395,0.032096,0.165118,-0.096684,0.141303,1.000000,-0.080349,-0.268661,0.259896,-0.037593
0.212682,-0.089012,0.149192,0.050065,-0.015328,0.043831,0.049964,-0.017966,0.257395,0.937090,-0.039494,-0.254029,0.309908,-0.040411
0.204811,-0.093258,0.140399,0.063468,-0.018987,0.054958,-0.089801,0.071903,0.340860,0.632536,0.066073,-0.379660,0.270109,-0.008152
0.194509,-0.098401,0.129229,0.075886,-0.021819,0.064463,-0.238852,0.200838,0.466546,0.255421,0.193787,-0.348349,0.261810,-0.019138
0.183585,-0.103295,0.117652,0.085906,-0.025157,0.072332,-0.362905,0.353574,0.479274,-0.114133,0.329884,-0.290503,0.270647,-0.113167
0.170654,-0.108287,0.104108,0.091954,-0.029921,0.078117,-0.481051,0.520780,0.401836,-0.452493,0.516655,-0.295731,0.144028,-0.174297
0.158245,-0.112115,0.091175,0.093715,-0.035893,0.080851,-0.591882,0.646269,0.368233,-0.733005,0.621238,-0.245580,-0.021627,-0.143866
0.144831,-0.115103,0.077792,0.094117,-0.039175,0.077234,-0.671829,0.704199,0.372103,-0.934604,0.603840,-0.194355,-0.108147,-0.069043
0.132703,-0.116564,0.066548,0.094855,-0.042629,0.070235,-0.702449,0.689268,0.378602,-1.000000,0.575117,-0.226006,-0.133207,-0.036928
0.119971,-0.116723,0.055825,0.095954,-0.046644,0.061872,-0.683083,0.639048,0.274378,-1.000000,0.574207,-0.278989,-0.134954,-0.065744
0.108769,-0.115443,0.047660,0.097250,-0.051413,0.051032,-0.654198,0.558460,0.175195,-1.000000,0.551637,-0.298963,-0.082610,-0.099074
0.097472,-0.112551,0.041120,0.097857,-0.056093,0.037745,-0.647904,0.471265,0.121916,-1.000000,0.475399,-0.300448,-0.024934,-0.074711
0.088037,-0.108510,0.037542,0.097178,-0.061058,0.022359,-0.623232,0.363844,0.032565,-1.000000,0.412367,-0.311740,0.000949,-0.064393
0.079106,-0.102884,0.036586,0.094578,-0.064729,0.005514,-0.563634,0.209083,-0.129258,-1.000000,0.369773,-0.359819,0.035121,-0.102861
0.072171,-0.096470,0.038325,0.089205,-0.071165,-0.010866,-0.482520,0.010883,-0.313487,-1.000000,0.276189,-0.421716,0.088467,-0.126653
0.066123,-0.088793,0.043132,0.082387,-0.072272,-0.027732,-0.386990,-0.206240,-0.497125,-0.872015,0.125974,-0.460236,0.171807,-0.137179
0.061739,-0.081357,0.050042,0.074944,-0.071192,-0.043191,-0.270535,-0.470855,-0.598801,-0.705266,-0.035101,-0.478722,0.302541,-0.187809
0.058009,-0.073384,0.059824,0.068144,-0.066359,-0.056435,-0.137754,-0.727615,-0.767325,-0.471481,-0.203984,-0.510126,0.455918,-0.241821
0.055205,-0.066475,0.070635,0.062645,-0.058290,-0.067567,0.009984,-0.919666,-0.966495,-0.219614,-0.336707,-0.528080,0.615389,-0.308353
0.052473,-0.059470,0.083501,0.059071,-0.051881,-0.074249,0.112335,-1.000000,-1.000000,-0.026620,-0.448314,-0.522085,0.746154,-0.334551
0.049940,-0.053392,0.095562,0.056497,-0.048168,-0.075351,0.170807,-1.000000,-1.000000,0.121791,-0.527248,-0.509502,0.773294,-0.291674
0.046927,-0.047215,0.107679,0.055062,-0.046576,-0.069930,0.225188,-1.000000,-1.000000,0.241389,-0.544957,-0.507086,0.716380,-0.244999
0.043747,-0.041935,0.116942,0.053977,-0.046376,-0.057896,0.245296,-1.000000,-1.000000,0.307836,-0.566792,-0.523282,0.665447,-0.202508
0.039747,-0.036663,0.124056,0.054126,-0.047062,-0.041033,0.205495,-1.000000,-1.000000,0.249483,-0.616076,-0.531954,0.665917,-0.162589
0.035510,-0.032050,0.127537,0.055167,-0.049702,-0.021753,0.120925,-1.000000,-1.000000,0.094148,-0.631357,-0.504958,0.717026,-0.158106
0.030381,-0.027292,0.127584,0.056432,-0.052249,-0.000274,0.012154,-0.932854,-0.959532,-0.129024,-0.576932,-0.456090,0.792484,-0.213478
0.025245,-0.023056,0.124307,0.057773,-0.054133,0.020483,-0.117637,-0.816020,-0.644675,-0.410684,-0.459949,-0.399638,0.864936,-0.299674
0.019423,-0.018588,0.117421,0.058470,-0.055074,0.039748,-0.272723,-0.652218,-0.286088,-0.737664,-0.293170,-0.320291,0.874375,-0.362660
0.014062,-0.014475,0.108484,0.057456,-0.055310,0.055800,-0.387158,-0.443926,-0.016073,-1.000000,-0.039878,-0.237324,0.814372,-0.446086
0.008600,-0.010106,0.096972,0.054199,-0.053522,0.066453,-0.477338,-0.191003,0.202175,-1.000000,0.228722,-0.188803,0.691630,-0.501946
0.004116,-0.006332,0.085663,0.049035,-0.048477,0.070671,-0.549737,0.054884,0.417324,-1.000000,0.422606,-0.131842,0.468500,-0.452867
-0.000049,-0.002589,0.073895,0.043168,-0.042764,0.067889,-0.585391,0.198991,0.589356,-1.000000,0.530708,-0.084621,0.261107,-0.341239
-0.003234,0.000364,0.064393,0.036999,-0.035118,0.059390,-0.569265,0.274710,0.578398,-1.000000,0.593366,-0.120139,0.089733,-0.260170
-0.005988,0.002958,0.056190,0.030379,-0.027598,0.047331,-0.517622,0.270424,0.464762,-1.000000,0.614445,-0.218191,0.007945,-0.238664
-0.007873,0.004853,0.050807,0.023037,-0.021351,0.033628,-0.450921,0.228061,0.268124,-1.000000,0.556129,-0.297935,-0.009453,-0.215825
-0.009173,0.006348,0.047378,0.014872,-0.015508,0.019791,-0.361527,0.167317,0.042934,-0.828485,0.471367,-0.330679,0.011858,-0.205226
-0.009717,0.007108,0.046518,0.006679,-0.008739,0.005375,-0.257364,0.077458,-0.179105,-0.567646,0.382067,-0.359469,0.032713,-0.208080
-0.009649,0.007316,0.047891,-0.001085,-0.002755,-0.007923,-0.162801,-0.045304,-0.331628,-0.303925,0.262796,-0.402035,0.068755,-0.170750
-0.009038,0.007109,0.050869,-0.008085,0.001389,-0.018617,-0.065020,-0.190433,-0.478433,-0.012840,0.094703,-0.448208,0.152578,-0.117950
-0.007928,0.006661,0.055266,-0.013258,0.003545,-0.025362,0.046032,-0.335817,-0.617976,0.280749,-0.043669,-0.495185,0.281494,-0.130714
-0.006676,0.006192,0.059777,-0.016021,0.004236,-0.028191,0.136500,-0.457421,-0.665016,0.510639,-0.150677,-0.514534,0.427400,-0.164706
-0.005188,0.005746,0.064629,-0.017385,0.003776,-0.028004,0.175816,-0.523577,-0.605720,0.618330,-0.239524,-0.475782,0.533119,-0.151402
-0.003758,0.005446,0.068766,-0.017910,0.002760,-0.025855,0.185948,-0.538418,-0.522803,0.633116,-0.263039,-0.425480,0.580425,-0.132461
-0.002167,0.005271,0.072684,-0.018214,0.001419,-0.022607,0.197389,-0.534425,-0.479022,0.639238,-0.218191,-0.419667,0.572517,-0.144984
-0.000687,0.005301,0.075672,-0.018215,-0.000610,-0.018673,0.201090,-0.517355,-0.452440,0.635738,-0.160409,-0.432888,0.534533,-0.163048
0.000894,0.005574,0.078053,-0.017804,-0.003061,-0.013730,0.186407,-0.499953,-0.388456,0.601823,-0.147615,-0.425755,0.519406,-0.156963
0.002294,0.006055,0.079304,-0.016918,-0.005682,-0.007818,0.162116,-0.490135,-0.298794,0.549210,-0.155795,-0.408293,0.524906,-0.143218
0.003704,0.006751,0.079479,-0.015531,-0.007634,-0.001010,0.140597,-0.472931,-0.212159,0.490987,-0.123740,-0.395311,0.527810,-0.159201
0.004895,0.007400,0.078402,-0.013906,-0.007874,0.006732,0.114500,-0.440224,-0.114112,0.410444,-0.061571,-0.380587,0.534251,-0.197214
0.006085,0.008145,0.075868,-0.012440,-0.008627,0.014631,0.072891,-0.384002,0.002379,0.301955,-0.000582,-0.356066,0.532585,-0.220018
0.007114,0.008840,0.072373,-0.011190,-0.009069,0.021835,0.022713,-0.290758,0.104770,0.183997,0.077806,-0.327027,0.507730,-0.236562
0.008203,0.009526,0.067556,-0.010504,-0.008727,0.027779,-0.021249,-0.194642,0.197745,0.076255,0.180966,-0.305269,0.457794,-0.259663
0.009210,0.010085,0.062417,-0.010168,-0.008251,0.032121,-0.061050,-0.100375,0.266164,-0.006738,0.283644,-0.290685,0.369265,-0.261270
0.010310,0.010651,0.056314,-0.009983,-0.008177,0.035201,-0.093660,-0.006651,0.321216,-0.067663,0.364943,-0.278240,0.277085,-0.245445
0.011337,0.011149,0.050398,-0.009890,-0.008239,0.036997,-0.120133,0.065528,0.368012,-0.108217,0.411150,-0.282540,0.208095,-0.219993
0.012450,0.011612,0.043923,-0.009766,-0.007641,0.037343,-0.142484,0.116155,0.415788,-0.138324,0.444011,-0.291399,0.146555,-0.190452
0.013467,0.012035,0.037993,-0.009558,-0.007815,0.037060,-0.154602,0.145641,0.449502,-0.156348,0.471189,-0.292853,0.112200,-0.178321
0.014544,0.012441,0.031701,-0.009250,-0.007420,0.036309,-0.155771,0.164487,0.453265,-0.157840,0.490272,-0.301535,0.098658,-0.178719
0.015471,0.012751,0.026111,-0.008458,-0.006749,0.034944,-0.155192,0.170688,0.466778,-0.161808,0.502373,-0.305519,0.086872,-0.175250
0.016345,0.012995,0.020425,-0.007127,-0.005742,0.032795,-0.157418,0.178331,0.486207,-0.165955,0.506265,-0.297392,0.079536,-0.164959
0.016981,0.013143,0.015587,-0.005250,-0.004740,0.030233,-0.155133,0.181760,0.474940,-0.167744,0.507812,-0.299561,0.076685,-0.162569
0.017431,0.013269,0.010850,-0.002816,-0.004170,0.027328,-0.148082,0.180172,0.431594,-0.160344,0.512986,-0.313540,0.062788,-0.161475
0.017592,0.013440,0.006976,-0.000003,-0.004575,0.024211,-0.144649,0.171431,0.381777,-0.158024,0.501864,-0.320525,0.054932,-0.152210
0.017440,0.013692,0.003464,0.003290,-0.004914,0.020265,-0.148811,0.150276,0.344083,-0.170783,0.465997,-0.326033,0.065630,-0.132705
0.017017,0.013868,0.000864,0.006353,-0.003793,0.016251,-0.152316,0.114894,0.306556,-0.189301,0.430046,-0.337579,0.081884,-0.120740
0.016278,0.013959,-0.001238,0.009126,-0.002247,0.012129,-0.144474,0.072297,0.228146,-0.197674,0.408026,-0.353833,0.101067,-0.132582
0.015356,0.014007,-0.002592,0.011681,-0.001387,0.008462,-0.133020,0.044047,0.122409,-0.196446,0.384791,-0.369433,0.131198,-0.154058
0.014173,0.014037,-0.003538,0.013456,-0.000839,0.005457,-0.129380,0.018291,0.032996,-0.198193,0.337185,-0.375954,0.166897,-0.155323
0.012968,0.014077,-0.004061,0.014614,-0.000749,0.003273,-0.133742,-0.013146,-0.029577,-0.204747,0.284325,-0.369160,0.185830,-0.137760
0.011604,0.014147,-0.004356,0.015132,-0.000900,0.001698,-0.134403,-0.042059,-0.080883,-0.205052,0.253457,-0.368192,0.206484,-0.139708
0.010344,0.014356,-0.004580,0.015122,-0.002592,0.001403,-0.133914,-0.066991,-0.112596,-0.207926,0.233910,-0.385696,0.244570,-0.160139
0.008987,0.014632,-0.004732,0.014992,-0.003087,0.000876,-0.134353,-0.086242,-0.123569,-0.212578,0.213795,-0.389889,0.277671,-0.170197
0.007747,0.014881,-0.004787,0.014792,-0.002983,0.000340,-0.136921,-0.104398,-0.086673,-0.235180,0.207846,-0.360876,0.305909,-0.180569
0.006453,0.015232,-0.004876,0.014266,-0.003879,0.000516,-0.132848,-0.112673,-0.087065,-0.239832,0.213277,-0.348293,0.317787,-0.194231
0.005282,0.015575,-0.004904,0.013956,-0.004093,0.000178,-0.119259,-0.105840,-0.125220,-0.228057,0.240359,-0.361189,0.301559,-0.211827
0.004047,0.015983,-0.004904,0.013564,-0.004483,-0.000002,-0.120805,-0.108834,-0.103489,-0.237726,0.243034,-0.359536,0.296391,-0.207936
0.002980,0.016415,-0.004947,0.012736,-0.005151,0.000268,-0.129634,-0.120258,-0.086715,-0.246170,0.208102,-0.349396,0.292076,-0.175285
0.001892,0.016853,-0.004901,0.011926,-0.004802,-0.000265,-0.122563,-0.126610,-0.098345,-0.243713,0.212953,-0.354760,0.291943,-0.183370
0.000920,0.017247,-0.004781,0.011496,-0.004679,-0.000749,-0.116366,-0.133528,-0.084371,-0.243007,0.230499,-0.372181,0.317486,-0.216840
-0.000105,0.017794,-0.004565,0.011139,-0.006012,-0.001246,-0.111705,-0.137975,-0.089713,-0.231665,0.219527,-0.369122,0.320599,-0.212469
-0.001031,0.018288,-0.004315,0.010857,-0.005883,-0.001565,-0.101999,-0.139418,-0.108596,-0.222809,0.220041,-0.342650,0.309993,-0.206410
-0.001997,0.018803,-0.003994,0.010410,-0.005662,-0.001852,-0.099180,-0.164775,-0.093304,-0.225258,0.212375,-0.343918,0.313827,-0.204065
-0.002837,0.019327,-0.003711,0.009805,-0.006259,-0.001770,-0.104186,-0.170384,-0.089960,-0.225254,0.200151,-0.367030,0.303290,-0.189279
-0.003657,0.020049,-0.003556,0.008908,-0.007951,-0.000890,-0.096909,-0.171730,-0.099209,-0.224216,0.201064,-0.372860,0.327278,-0.209470
-0.004373,0.020772,-0.003400,0.008407,-0.008637,-0.000979,-0.092077,-0.185443,-0.086901,-0.225788,0.196648,-0.365583,0.357522,-0.227337
-0.005124,0.021539,-0.003160,0.008080,-0.008459,-0.001381,-0.097164,-0.192705,-0.028960,-0.243434,0.201743,-0.337979,0.351039,-0.220153
-0.005779,0.022228,-0.002893,0.007583,-0.008259,-0.001668,-0.091086,-0.197414,-0.020615,-0.243254,0.213575,-0.327529,0.343643,-0.224191
-0.006428,0.023048,-0.002651,0.006948,-0.009056,-0.001397,-0.074569,-0.197197,-0.063203,-0.224929,0.233476,-0.354997,0.330101,-0.239690
-0.006996,0.023732,-0.002412,0.006549,-0.008205,-0.001494,-0.070211,-0.199930,-0.071649,-0.216888,0.228510,-0.365334,0.323429,-0.234379
-0.007558,0.024458,-0.002133,0.005951,-0.008040,-0.001611,-0.081808,-0.214757,-0.019262,-0.235297,0.192570,-0.341769,0.337403,-0.209607
-0.008027,0.025179,-0.001878,0.005353,-0.008657,-0.001592,-0.081524,-0.214679,-0.025216,-0.231338,0.183630,-0.340169,0.348069,-0.210989
-0.008467,0.026047,-0.001652,0.004637,-0.009598,-0.001303,-0.062813,-0.212855,-0.057026,-0.211403,0.221477,-0.362031,0.352380,-0.251993
-0.008811,0.026892,-0.001509,0.003957,-0.010107,-0.000899,-0.060317,-0.223000,-0.040195,-0.207710,0.224461,-0.356369,0.350422,-0.252059
-0.009143,0.027881,-0.001353,0.003499,-0.010914,-0.000899,-0.069570,-0.233732,0.012417,-0.221891,0.194585,-0.322649,0.344024,-0.215179
-0.009414,0.028764,-0.001173,0.003040,-0.010579,-0.001125,-0.067439,-0.236484,0.035923,-0.225650,0.198159,-0.325854,0.353049,-0.221319
-0.009690,0.029736,-0.000891,0.002750,-0.010770,-0.001625,-0.053092,-0.246576,0.025582,-0.215757,0.228015,-0.361234,0.356634,-0.255264
-0.009899,0.030743,-0.000673,0.002254,-0.012069,-0.001364,-0.042709,-0.247057,0.006373,-0.202445,0.237136,-0.355722,0.346720,-0.260261
-0.010056,0.031889,-0.000537,0.001573,-0.012647,-0.000785,-0.039993,-0.259282,0.013006,-0.204713,0.209751,-0.323988,0.355534,-0.244216
-0.010142,0.033011,-0.000490,0.000968,-0.013365,-0.000296,-0.047227,-0.276299,0.062128,-0.217537,0.191859,-0.323272,0.356961,-0.226650
-0.010130,0.034363,-0.000654,0.000055,-0.014796,0.000948,-0.048126,-0.277296,0.094140,-0.222544,0.208814,-0.341302,0.358303,-0.240356
-0.010064,0.035555,-0.000805,-0.000593,-0.014133,0.000943,-0.036344,-0.280515,0.102245,-0.223250,0.232326,-0.345507,0.379546,-0.275368
-0.009934,0.036876,-0.001033,-0.001151,-0.014440,0.001314,-0.034610,-0.283013,0.152372,-0.237339,0.242150,-0.320325,0.386858,-0.280822
-0.009764,0.038038,-0.001199,-0.001792,-0.013771,0.001040,-0.030153,-0.273821,0.151112,-0.227516,0.244391,-0.300276,0.364162,-0.267062
-0.009526,0.039194,-0.001328,-0.002446,-0.012663,0.000745,-0.021035,-0.268815,0.149130,-0.220663,0.268723,-0.309800,0.337351,-0.271543
-0.009275,0.040198,-0.001389,-0.002902,-0.011919,0.000378,-0.018200,-0.272904,0.147254,-0.202588,0.262864,-0.332271,0.325840,-0.261143
-0.008977,0.041224,-0.001432,-0.003212,-0.011261,0.000249,-0.014560,-0.272042,0.139335,-0.186417,0.243897,-0.334033,0.324852,-0.247574
-0.008677,0.042101,-0.001477,-0.003494,-0.010435,0.000284,-0.008861,-0.279656,0.136318,-0.175168,0.232553,-0.327909,0.347723,-0.253962
-0.008326,0.043071,-0.001537,-0.003771,-0.010641,0.000346,-0.007641,-0.284002,0.139000,-0.167197,0.230699,-0.329150,0.353545,-0.256241
-0.007995,0.043941,-0.001576,-0.003889,-0.010350,0.000242,-0.007030,-0.277032,0.142066,-0.161963,0.239082,-0.324464,0.348206,-0.257438
-0.007599,0.044776,-0.001605,-0.004305,-0.009164,0.000170,-0.005135,-0.282447,0.157698,-0.160932,0.240223,-0.319974,0.352330,-0.258834
-0.007153,0.045525,-0.001715,-0.005125,-0.008878,0.000686,-0.003236,-0.285122,0.154743,-0.152836,0.238642,-0.323606,0.341683,-0.250751
-0.006580,0.046402,-0.002024,-0.005808,-0.009568,0.001780,0.003360,-0.274843,0.138393,-0.137583,0.246827,-0.327578,0.337721,-0.256433
-0.006027,0.047106,-0.002261,-0.006169,-0.008321,0.001483,0.002866,-0.270911,0.166166,-0.133903,0.245709,-0.327965,0.352206,-0.261282
-0.005415,0.047713,-0.002481,-0.006366,-0.006622,0.001268,-0.007788,-0.271059,0.229173,-0.146786,0.241130,-0.313973,0.350055,-0.246153
-0.004845,0.048089,-0.002619,-0.006549,-0.004453,0.000861,0.004030,-0.262375,0.197007,-0.121937,0.257971,-0.309505,0.332235,-0.250106
-0.004230,0.048390,-0.002720,-0.006579,-0.003292,0.000583,0.022036,-0.245319,0.137008,-0.091872,0.288465,-0.328936,0.319652,-0.273193
-0.003670,0.048639,-0.002779,-0.006562,-0.002954,0.000372,0.016511,-0.234354,0.125913,-0.075283,0.266118,-0.339516,0.310821,-0.247823
-0.003070,0.048915,-0.002828,-0.006518,-0.003022,0.000280,0.003320,-0.234095,0.143687,-0.072823,0.226724,-0.321734,0.299320,-0.203444
-0.002518,0.049118,-0.002854,-0.006519,-0.002410,0.000164,0.005170,-0.243344,0.141274,-0.062283,0.225386,-0.322982,0.309768,-0.208970
-0.001928,0.049271,-0.002867,-0.006463,-0.001683,0.000075,0.012333,-0.250816,0.132545,-0.050462,0.242729,-0.350734,0.324044,-0.235144
-0.001380,0.049431,-0.002903,-0.006461,-0.001910,0.000228,0.013184,-0.245955,0.132896,-0.046614,0.243010,-0.348330,0.330894,-0.237526
-0.000756,0.049672,-0.003034,-0.006629,-0.002639,0.000755,0.012465,-0.239653,0.134500,-0.047755,0.232350,-0.321172,0.338391,-0.230516
-0.000111,0.050095,-0.003376,-0.007042,-0.005024,0.002134,0.011911,-0.240476,0.143808,-0.046807,0.237288,-0.317281,0.328471,-0.226440
0.000618,0.050568,-0.003801,-0.007285,-0.005196,0.002457,0.008615,-0.240101,0.170382,-0.048287,0.252838,-0.328257,0.310294,-0.224126
0.001287,0.050910,-0.004130,-0.007347,-0.004086,0.002053,-0.000147,-0.248757,0.249611,-0.076274,0.256738,-0.323637,0.322743,-0.225849
0.001986,0.051218,-0.004403,-0.007193,-0.003400,0.001575,0.004269,-0.247854,0.257804,-0.075168,0.257365,-0.321601,0.333576,-0.231899
0.002600,0.051487,-0.004576,-0.006972,-0.003211,0.001081,0.027937,-0.231235,0.188796,-0.047361,0.293710,-0.327388,0.316902,-0.260561
0.003242,0.051784,-0.004720,-0.006798,-0.003272,0.000835,0.033336,-0.228399,0.166566,-0.034669,0.298865,-0.325202,0.300802,-0.257721
0.003806,0.052123,-0.004803,-0.006563,-0.004046,0.000517,0.016564,-0.238943,0.198469,-0.040095,0.250443,-0.314325,0.281852,-0.201725
0.004398,0.052550,-0.004861,-0.006397,-0.004699,0.000335,0.011284,-0.247344,0.213869,-0.041700,0.231285,-0.320365,0.286713,-0.187867
0.004965,0.053088,-0.005004,-0.006466,-0.006435,0.000895,0.023616,-0.264504,0.201313,-0.034470,0.248333,-0.350824,0.320634,-0.230300
0.005539,0.053540,-0.004964,-0.006384,-0.004959,-0.000230,0.030733,-0.275067,0.201276,-0.033617,0.256794,-0.349161,0.335035,-0.249078
0.006015,0.053785,-0.004712,-0.006171,-0.002862,-0.001575,0.023904,-0.283425,0.263461,-0.062520,0.248092,-0.301888,0.346517,-0.241118
0.006463,0.053920,-0.004238,-0.005806,-0.001391,-0.002738,0.033472,-0.279068,0.221674,-0.038820,0.243599,-0.302124,0.336374,-0.236851
0.006806,0.053956,-0.003604,-0.005355,-0.000276,-0.003961,0.058291,-0.263101,0.116715,0.008400,0.277698,-0.344722,0.298240,-0.256204
0.007139,0.053967,-0.002837,-0.005095,0.000066,-0.004427,0.056956,-0.270497,0.089872,0.026694,0.250733,-0.354200,0.296890,-0.237469
0.007452,0.053954,-0.002155,-0.005099,0.000326,-0.004260,0.038726,-0.292235,0.104173,0.026003,0.167902,-0.333915,0.311274,-0.178231
0.007779,0.053790,-0.001433,-0.004939,0.001985,-0.004167,0.038343,-0.303356,0.101412,0.030255,0.155283,-0.336593,0.336836,-0.186173
0.008077,0.053521,-0.000762,-0.004895,0.003400,-0.004191,0.047420,-0.302739,0.090504,0.039917,0.189334,-0.364668,0.375247,-0.242433
0.008399,0.053133,-0.000053,-0.004848,0.004459,-0.004093,0.047724,-0.282997,0.067336,0.046373,0.199203,-0.358418,0.378889,-0.251935
0.008724,0.052733,0.000509,-0.004996,0.004943,-0.003508,0.045824,-0.264231,0.050717,0.051112,0.194257,-0.317197,0.358944,-0.229707
0.009095,0.052159,0.001070,-0.005099,0.006474,-0.003238,0.040776,-0.254091,0.037568,0.064065,0.191883,-0.316833,0.332180,-0.208537
0.009464,0.051568,0.001490,-0.005212,0.007180,-0.002625,0.031693,-0.244947,0.045971,0.072149,0.195966,-0.352326,0.308980,-0.194750
0.009892,0.050874,0.001807,-0.005258,0.007727,-0.001827,0.027899,-0.232720,0.033867,0.084386,0.187861,-0.369076,0.319973,-0.193876
0.010322,0.050249,0.001936,-0.005368,0.007487,-0.000806,0.028437,-0.225532,0.029927,0.086155,0.182462,-0.356601,0.345976,-0.204001
0.010806,0.049549,0.001956,-0.005358,0.007697,-0.000119,0.021967,-0.213006,0.042555,0.083579,0.189407,-0.338372,0.345850,-0.202812
0.011300,0.048937,0.001807,-0.005598,0.007230,0.000930,0.013408,-0.197646,0.070644,0.074846,0.209171,-0.329183,0.325610,-0.197493
0.011857,0.048219,0.001551,-0.005687,0.007789,0.001478,0.010187,-0.182688,0.073024,0.077493,0.225452,-0.339205,0.307110,-0.193910
0.012388,0.047445,0.001300,-0.005877,0.009101,0.001569,0.008253,-0.171581,0.088715,0.074949,0.238470,-0.348066,0.297278,-0.193274
0.012986,0.046615,0.000901,-0.005917,0.008952,0.002301,0.004658,-0.159254,0.091887,0.077048,0.237296,-0.346129,0.295340,-0.187525
0.013529,0.045823,0.000482,-0.005738,0.009223,0.002617,0.009052,-0.141412,0.064815,0.093689,0.243609,-0.345192,0.286105,-0.187611
0.014116,0.044992,-0.000055,-0.005600,0.008878,0.003100,0.003882,-0.131252,0.083009,0.089858,0.254056,-0.343247,0.279491,-0.186154
0.014660,0.044278,-0.000655,-0.005471,0.008193,0.003753,-0.008142,-0.125921,0.102814,0.085239,0.243180,-0.341492,0.268831,-0.163714
0.015226,0.043406,-0.001347,-0.005155,0.009225,0.003988,-0.009439,-0.118333,0.109402,0.082089,0.253248,-0.342329,0.261088,-0.163256
0.015725,0.042543,-0.002019,-0.004849,0.009894,0.004208,-0.010044,-0.114888,0.124858,0.075072,0.269057,-0.349822,0.272063,-0.179889
0.016235,0.041587,-0.002757,-0.004518,0.010094,0.004254,-0.013247,-0.095898,0.110651,0.075968,0.273536,-0.352546,0.265610,-0.177753
0.016670,0.040673,-0.003430,-0.004136,0.010478,0.004203,-0.013439,-0.077060,0.096536,0.075115,0.284405,-0.340416,0.253526,-0.176348
0.017104,0.039738,-0.004142,-0.003770,0.009867,0.004111,-0.018704,-0.071778,0.096388,0.076804,0.283271,-0.338054,0.241205,-0.164585
0.017490,0.038922,-0.004836,-0.003568,0.009272,0.004336,-0.025410,-0.064372,0.090769,0.079565,0.279820,-0.347835,0.219889,-0.146485
0.017918,0.038171,-0.005718,-0.003517,0.007710,0.005085,-0.027455,-0.068532,0.098358,0.075632,0.278439,-0.356009,0.225772,-0.147295
0.018304,0.037526,-0.006584,-0.003357,0.007094,0.005412,-0.031811,-0.072507,0.116928,0.067452,0.272671,-0.359057,0.243695,-0.151130
0.018703,0.036808,-0.007494,-0.003213,0.007319,0.005255,-0.036828,-0.072534,0.161552,0.045253,0.281645,-0.345822,0.256021,-0.159799
0.019051,0.036128,-0.008289,-0.003051,0.007532,0.004969,-0.035220,-0.065852,0.171676,0.037478,0.300946,-0.335154,0.256333,-0.172540
0.019416,0.035457,-0.009147,-0.002941,0.006815,0.004950,-0.024972,-0.050833,0.138938,0.048592,0.328074,-0.339585,0.233803,-0.183218
0.019743,0.034835,-0.009922,-0.002868,0.006830,0.004838,-0.023338,-0.042884,0.124184,0.055484,0.332279,-0.343430,0.211589,-0.172673
0.020054,0.034135,-0.010657,-0.002532,0.007197,0.004244,-0.035710,-0.049667,0.158852,0.043937,0.304843,-0.338851,0.204221,-0.139950
0.020303,0.033422,-0.011200,-0.002269,0.008072,0.003393,-0.040757,-0.051241,0.169435,0.042137,0.291479,-0.344848,0.211378,-0.131892
0.020536,0.032660,-0.011730,-0.001947,0.008003,0.003060,-0.027812,-0.049778,0.128778,0.056209,0.310870,-0.365503,0.226427,-0.164772
0.020741,0.032045,-0.012270,-0.001775,0.006907,0.003373,-0.017611,-0.046722,0.087223,0.075134,0.319286,-0.367677,0.227895,-0.177539
0.020978,0.031563,-0.012998,-0.001801,0.004781,0.004198,-0.027064,-0.047769,0.106551,0.065245,0.296939,-0.339257,0.223328,-0.150479
0.021187,0.031130,-0.013637,-0.001740,0.004653,0.003993,-0.043405,-0.054511,0.162110,0.042174,0.276797,-0.327438,0.225785,-0.126090
0.021391,0.030730,-0.014312,-0.001514,0.003894,0.003898,-0.046850,-0.060524,0.206907,0.024364,0.299300,-0.347568,0.231320,-0.143870
0.021521,0.030390,-0.014801,-0.000990,0.003653,0.003055,-0.030332,-0.055526,0.170829,0.038507,0.334022,-0.365586,0.235123,-0.181357
0.021611,0.030033,-0.015208,-0.000562,0.003624,0.002348,-0.020473,-0.054975,0.156111,0.034220,0.344428,-0.347762,0.235348,-0.192246
0.021647,0.029642,-0.015447,-0.000159,0.004466,0.001491,-0.027572,-0.065885,0.162161,0.027266,0.311451,-0.324777,0.221504,-0.154098
0.021650,0.029308,-0.015664,0.000192,0.003511,0.001255,-0.030124,-0.068459,0.150987,0.028458,0.301402,-0.334181,0.200633,-0.136090
0.021633,0.029095,-0.015870,0.000421,0.002368,0.001284,-0.023061,-0.068862,0.110799,0.042857,0.307832,-0.372445,0.215705,-0.160257
0.021604,0.028961,-0.016112,0.000569,0.001292,0.001400,-0.025520,-0.084776,0.123666,0.032229,0.292669,-0.377840,0.241027,-0.165575
0.021555,0.028923,-0.016292,0.000774,0.000302,0.001125,-0.034813,-0.099101,0.165537,0.011220,0.270020,-0.337020,0.256225,-0.150002
0.021463,0.028840,-0.016316,0.001034,0.000891,0.000134,-0.031263,-0.102311,0.177782,-0.000247,0.284966,-0.323705,0.266988,-0.168999
0.021325,0.028796,-0.016154,0.001465,0.000653,-0.001011,-0.020224,-0.105579,0.160401,0.004634,0.317400,-0.352768,0.257622,-0.195285
0.021131,0.028576,-0.015739,0.001728,0.002732,-0.002394,-0.011392,-0.104148,0.115909,0.021571,0.319155,-0.359032,0.233252,-0.187889
0.020921,0.028359,-0.015257,0.001985,0.002961,-0.003013,-0.009126,-0.121959,0.099017,0.021680,0.284129,-0.341141,0.237311,-0.166612
0.020704,0.028245,-0.014786,0.001924,0.001592,-0.002720,-0.010148,-0.125167,0.055450,0.042410,0.247620,-0.356151,0.245810,-0.149270
0.020486,0.028110,-0.014241,0.002017,0.002025,-0.003402,-0.008981,-0.130545,0.042023,0.045777,0.245770,-0.377858,0.261327,-0.164244
0.020233,0.027933,-0.013546,0.002099,0.002441,-0.004008,-0.018096,-0.150699,0.093077,0.028985,0.234756,-0.364826,0.290952,-0.169195
0.019994,0.027798,-0.012872,0.002138,0.002117,-0.004213,-0.012948,-0.155952,0.071361,0.038208,0.225390,-0.346297,0.297462,-0.168486
0.019763,0.027848,-0.012275,0.001967,-0.000139,-0.003444,0.006453,-0.149664,0.016118,0.057891,0.255866,-0.354656,0.293243,-0.197809
0.019570,0.027874,-0.011673,0.001673,0.000136,-0.003763,0.001980,-0.156473,0.025936,0.056284,0.249252,-0.365701,0.290115,-0.190052
0.019385,0.027863,-0.010970,0.001358,0.000594,-0.004057,-0.020701,-0.175328,0.112598,0.019699,0.212501,-0.341973,0.284977,-0.146700
0.019260,0.027896,-0.010387,0.000877,0.000031,-0.003644,-0.011506,-0.179114,0.093637,0.032522,0.213073,-0.342664,0.299943,-0.161230
0.019116,0.027952,-0.009722,0.000945,-0.000178,-0.003838,0.017796,-0.171920,0.021693,0.064136,0.260057,-0.381975,0.313846,-0.223743
0.018971,0.028018,-0.009089,0.001057,-0.000338,-0.003951,0.011732,-0.174090,0.056847,0.056719,0.254874,-0.368854,0.312177,-0.212905
0.018817,0.028170,-0.008403,0.001037,-0.001215,-0.003959,-0.007304,-0.184257,0.098647,0.036673,0.201455,-0.316446,0.298635,-0.152397
-0.028770,0.491844,0.123185,-0.000040,-0.000141,0.000007,0.000000,0.000000,0.000000,0.000000,0.000000,0.000000,0.000000,0.000000
-0.028667,0.491910,0.123129,-0.000234,-0.000861,0.000420,0.164766,-1.000000,-0.045666,-0.293190,-0.494517,-0.392408,-0.347239,0.285037
-0.028211,0.492214,0.122874,-0.000683,-0.003087,0.001471,0.164918,-1.000000,-0.043474,-0.293225,-0.494482,-0.392067,-0.346923,0.284987
-0.027583,0.492535,0.122541,-0.001341,-0.003478,0.002085,0.171102,-1.000000,0.233944,-0.481849,-0.752469,-0.326651,0.767409,-0.280040
-0.026312,0.492841,0.121875,-0.002643,-0.002738,0.003839,0.166077,-1.000000,0.287008,-0.497182,-0.747625,-0.317472,0.773808,-0.281151
-0.024039,0.493112,0.120676,-0.004944,-0.002089,0.007498,0.249414,-1.000000,0.221724,-0.536396,-0.266911,0.019309,0.402340,-0.336644
-0.019969,0.493330,0.118574,-0.008954,-0.000769,0.012129,0.250218,-1.000000,0.247687,-0.532096,-0.242224,0.024195,0.399151,-0.345686
-0.014420,0.493408,0.115781,-0.014521,0.000924,0.017455,0.164511,-1.000000,0.418941,-0.633219,-0.373279,-0.233616,0.292003,-0.170256
-0.006110,0.493152,0.111648,-0.020890,0.004415,0.023845,0.154167,-1.000000,0.567082,-0.626038,-0.333837,-0.215268,0.310290,-0.186338
0.003676,0.492435,0.106832,-0.027674,0.008967,0.030102,0.233443,-1.000000,0.560605,-0.530527,-0.264022,-0.073113,0.517930,-0.367149
0.015741,0.490885,0.101055,-0.034374,0.015407,0.033311,0.240111,-1.000000,0.725882,-0.484412,-0.164352,-0.049111,0.527128,-0.402338
0.027140,0.488653,0.095878,-0.040669,0.022739,0.032357,0.192517,-1.000000,1.000000,-0.458779,-0.057368,-0.037166,0.381479,-0.335234
0.038262,0.485455,0.091355,-0.045984,0.030387,0.026113,0.225135,-1.000000,1.000000,-0.330892,0.022742,-0.045993,0.351162,-0.340498
0.046278,0.481866,0.088839,-0.049773,0.038940,0.015718,0.311256,-1.000000,1.000000,-0.127479,0.077260,-0.120819,0.392069,-0.381793
0.052393,0.477058,0.087960,-0.052565,0.051412,0.005074,0.388327,-1.000000,0.945687,0.102657,0.069539,-0.156959,0.367380,-0.375348
0.055766,0.471725,0.088719,-0.053679,0.064924,-0.004745,0.476458,-1.000000,0.758562,0.337385,0.024517,-0.142750,0.288750,-0.330277
0.057057,0.464997,0.091075,-0.052598,0.078372,-0.013600,0.545961,-1.000000,0.531132,0.565294,-0.053005,-0.175726,0.264150,-0.289931
0.056536,0.458081,0.094301,-0.049956,0.088960,-0.020171,0.577241,-1.000000,0.344530,0.750981,-0.176767,-0.251915,0.271361,-0.235272
0.055149,0.449917,0.098235,-0.046996,0.096972,-0.022686,0.583079,-1.000000,0.146537,0.877758,-0.297301,-0.292582,0.293544,-0.185451
0.053899,0.441931,0.101721,-0.043801,0.101916,-0.021780,0.575863,-1.000000,-0.045436,0.937382,-0.387124,-0.295663,0.343436,-0.162108
0.053665,0.432826,0.104533,-0.040344,0.105078,-0.016220,0.542543,-1.000000,-0.156271,0.946514,-0.443773,-0.308543,0.393628,-0.146788
0.055090,0.424208,0.105671,-0.035409,0.104888,-0.007117,0.491220,-1.000000,-0.186668,0.915353,-0.462458,-0.320794,0.420784,-0.136060
0.059422,0.414673,0.104421,-0.029282,0.102322,0.007212,0.425619,-1.000000,-0.149766,0.833192,-0.439480,-0.308965,0.464866,-0.154987
0.066435,0.405690,0.100495,-0.022669,0.097888,0.024548,0.342420,-0.962779,-0.033469,0.680807,-0.398089,-0.281194,0.530335,-0.191672
0.077337,0.395632,0.093054,-0.015799,0.092249,0.042933,0.223962,-0.820283,0.208349,0.443512,-0.306669,-0.233220,0.602327,-0.248815
0.090433,0.385682,0.083176,-0.010212,0.087630,0.061743,0.096492,-0.650816,0.506415,0.172907,-0.153669,-0.166320,0.637341,-0.319501
0.110236,0.371784,0.067287,-0.006395,0.084801,0.079433,-0.010336,-0.458650,0.752115,-0.060082,0.083430,-0.099253,0.553251,-0.372458
0.129145,0.358178,0.051462,-0.006266,0.084273,0.091302,-0.109352,-0.223080,0.971345,-0.267643,0.347136,-0.059278,0.407573,-0.398875
0.146333,0.344351,0.036597,-0.007232,0.088182,0.092907,-0.205345,0.071164,1.000000,-0.419840,0.579750,-0.041108,0.247469,-0.393616
0.162626,0.328486,0.021864,-0.005684,0.095861,0.084971,-0.240514,0.329996,1.000000,-0.418477,0.773408,-0.020756,0.033551,-0.368519
0.174051,0.313790,0.010746,-0.000628,0.105047,0.069546,-0.220902,0.495943,1.000000,-0.242719,0.886227,0.001342,-0.210172,-0.300913
0.181694,0.298573,0.002187,0.008015,0.114466,0.049339,-0.180821,0.563358,1.000000,-0.009074,0.856402,-0.047287,-0.389294,-0.171786
0.184296,0.285572,-0.002244,0.018308,0.124393,0.027712,-0.142067,0.516600,0.874603,0.201789,0.700520,-0.186316,-0.448154,-0.023242
0.182700,0.272731,-0.003410,0.029009,0.133591,0.006723,-0.078686,0.403039,0.384183,0.413746,0.528752,-0.337741,-0.403871,0.047745
0.178171,0.261850,-0.001933,0.038818,0.139599,-0.009232,0.018851,0.267117,-0.209442,0.641120,0.364460,-0.439061,-0.294456,0.044167
0.171800,0.250895,0.000780,0.045437,0.137022,-0.015658,0.074893,0.112218,-0.697114,0.822171,0.115209,-0.481044,-0.187981,0.102002
0.165688,0.240962,0.003241,0.049586,0.133908,-0.015376,0.050645,-0.027206,-0.951719,0.863383,-0.147525,-0.488254,-0.094985,0.171600
0.159219,0.230104,0.005382,0.053247,0.131536,-0.012354,-0.026993,-0.116296,-0.899984,0.733835,-0.314830,-0.511919,0.103113,0.151114
0.153201,0.219877,0.007036,0.057370,0.131527,-0.010334,-0.100829,-0.133090,-0.811339,0.568450,-0.374398,-0.529676,0.329648,0.075418
0.146571,0.208742,0.008414,0.062399,0.129671,-0.007950,-0.122033,-0.081848,-0.868033,0.463983,-0.291884,-0.470158,0.426840,-0.020721
0.140516,0.198452,0.008971,0.067742,0.125553,-0.003484,-0.121596,0.004303,-1.000000,0.415002,-0.156478,-0.395454,0.385125,-0.095419
0.134441,0.187216,0.008182,0.072150,0.119626,0.004551,-0.182909,0.077208,-1.000000,0.308171,-0.103921,-0.384649,0.260036,-0.056614
0.129388,0.176774,0.006030,0.075127,0.113345,0.013443,-0.293097,0.134189,-1.000000,0.130693,-0.134449,-0.400222,0.154652,0.047701
0.124499,0.165401,0.002279,0.076535,0.108119,0.021641,-0.397349,0.220458,-0.906777,-0.094045,-0.123446,-0.420863,0.194094,0.047350
0.120629,0.154987,-0.002545,0.075772,0.101321,0.030163,-0.484937,0.320073,-0.737017,-0.314308,-0.051185,-0.432365,0.298810,-0.036400
0.117179,0.143983,-0.009300,0.073734,0.092388,0.038963,-0.527861,0.441337,-0.662651,-0.453791,0.103091,-0.361751,0.252786,-0.096390
0.114561,0.134186,-0.016719,0.070764,0.083704,0.046388,-0.538560,0.559470,-0.577446,-0.539070,0.291455,-0.239573,0.117726,-0.125150
0.112164,0.124104,-0.025661,0.067265,0.074846,0.051595,-0.580361,0.653337,-0.364753,-0.632841,0.382846,-0.198592,-0.014749,-0.057327
0.110105,0.115491,-0.034222,0.063722,0.066056,0.053471,-0.616654,0.718991,-0.152682,-0.688513,0.415741,-0.232794,-0.138882,0.048383
0.107534,0.107144,-0.042813,0.062070,0.058617,0.049568,-0.605862,0.727218,-0.006796,-0.704277,0.486823,-0.263117,-0.157942,0.037065
0.104549,0.100569,-0.049335,0.061402,0.051782,0.040769,-0.572894,0.667346,0.103200,-0.700468,0.535030,-0.279802,-0.106185,-0.021358
0.100509,0.094925,-0.054257,0.061338,0.044120,0.028390,-0.529300,0.611530,0.111085,-0.677148,0.551601,-0.268740,-0.119287,-0.029595
0.095949,0.091124,-0.056337,0.061631,0.037390,0.013002,-0.466147,0.541832,0.030535,-0.624285,0.555139,-0.260889,-0.141996,-0.040159
0.090201,0.088530,-0.055800,0.061496,0.030294,-0.003100,-0.399184,0.401803,-0.099029,-0.548910,0.488520,-0.316376,-0.150759,-0.020155
0.084279,0.087376,-0.052761,0.060378,0.023947,-0.018999,-0.323396,0.217094,-0.287994,-0.442381,0.365193,-0.391172,-0.158810,0.029516
0.077424,0.087218,-0.047126,0.058237,0.017998,-0.032535,-0.243306,-0.016016,-0.452572,-0.347819,0.211913,-0.454805,-0.054108,0.018631
0.071013,0.087689,-0.040506,0.054496,0.013316,-0.041336,-0.162329,-0.278319,-0.572570,-0.243140,0.020815,-0.511694,0.126587,-0.024981
0.064232,0.088357,-0.032438,0.049831,0.012129,-0.046546,-0.072838,-0.514074,-0.674073,-0.132956,-0.140542,-0.513846,0.311993,-0.098242
0.058274,0.088802,-0.024673,0.045055,0.013041,-0.048539,0.002565,-0.676074,-0.696061,-0.061569,-0.246961,-0.469518,0.524827,-0.199219
0.052289,0.089046,-0.016415,0.040229,0.013605,-0.047633,0.047736,-0.735780,-0.699915,-0.017273,-0.305617,-0.435344,0.675352,-0.259325
0.047273,0.089035,-0.009230,0.035648,0.013913,-0.044930,0.078528,-0.710873,-0.718263,0.016982,-0.272043,-0.399433,0.700618,-0.286858
0.042540,0.089018,-0.002453,0.031058,0.011017,-0.039076,0.091077,-0.675196,-0.711759,0.044588,-0.218343,-0.368077,0.656799,-0.288486
0.038860,0.088969,0.002687,0.026639,0.008635,-0.032144,0.081356,-0.652789,-0.670385,0.062693,-0.206296,-0.367641,0.585031,-0.243868
0.035686,0.089022,0.006688,0.022568,0.004709,-0.023096,0.050731,-0.648165,-0.518181,0.025085,-0.208848,-0.372291,0.563414,-0.208336
0.033470,0.089190,0.008841,0.019196,0.000852,-0.013449,0.025050,-0.638201,-0.350809,-0.018061,-0.200453,-0.375934,0.609424,-0.225335
0.031760,0.089359,0.009612,0.016412,-0.000978,-0.004446,0.008897,-0.601381,-0.163887,-0.094778,-0.116742,-0.351436,0.661361,-0.300350
0.030794,0.089506,0.008969,0.013644,-0.002512,0.004019,-0.016693,-0.531181,0.042271,-0.194998,0.003552,-0.288228,0.672652,-0.360554
0.030336,0.089692,0.006973,0.011198,-0.004185,0.011507,-0.043346,-0.425614,0.183993,-0.278932,0.130467,-0.234368,0.603991,-0.376155
0.030312,0.089735,0.004372,0.009003,-0.003496,0.016266,-0.061209,-0.319360,0.288333,-0.330271,0.260887,-0.219794,0.477661,-0.368604
0.030586,0.089674,0.001050,0.007257,-0.002865,0.019158,-0.083773,-0.236016,0.401399,-0.370005,0.348393,-0.222961,0.351549,-0.334967
0.031102,0.089596,-0.002422,0.005478,-0.003101,0.021712,-0.094453,-0.164891,0.449068,-0.371674,0.385405,-0.235977,0.262472,-0.294312
0.031938,0.089621,-0.006607,0.003727,-0.004852,0.024141,-0.093774,-0.116384,0.462136,-0.362645,0.413734,-0.255960,0.220961,-0.281190
0.032827,0.089549,-0.010550,0.002606,-0.003940,0.024638,-0.104738,-0.088349,0.526717,-0.367702,0.431383,-0.258706,0.203761,-0.267713
0.033821,0.089323,-0.014693,0.001853,-0.002291,0.023899,-0.120517,-0.072303,0.642281,-0.389810,0.446164,-0.234399,0.193488,-0.251127
0.034662,0.088955,-0.018162,0.001558,-0.000072,0.021681,-0.110694,-0.046280,0.639853,-0.368078,0.481807,-0.233322,0.171693,-0.259641
0.035401,0.088480,-0.021428,0.001881,0.001265,0.018842,-0.084958,-0.019333,0.571613,-0.324107,0.531016,-0.256366,0.132377,-0.279761
0.035796,0.088002,-0.023835,0.003252,0.002476,0.015052,-0.072845,-0.015661,0.521412,-0.277620,0.517286,-0.266468,0.097262,-0.248962
0.035788,0.087354,-0.025645,0.005576,0.004864,0.010435,-0.073125,-0.034808,0.501495,-0.249810,0.457813,-0.264627,0.081591,-0.189109
0.035310,0.086623,-0.026524,0.008562,0.007507,0.005488,-0.065418,-0.076328,0.439776,-0.222503,0.408200,-0.293280,0.100686,-0.168843
0.034284,0.085791,-0.026626,0.011597,0.009039,0.000588,-0.044782,-0.114563,0.305612,-0.184444,0.382353,-0.342684,0.131139,-0.189704
0.032899,0.085037,-0.025922,0.014198,0.009859,-0.004390,-0.028121,-0.152644,0.168527,-0.159927,0.337783,-0.357715,0.175412,-0.204889
0.031051,0.084178,-0.024452,0.016008,0.011106,-0.008487,-0.027395,-0.205768,0.079785,-0.155212,0.254381,-0.340324,0.219974,-0.182788
0.029143,0.083325,-0.022601,0.016855,0.012271,-0.011558,-0.024289,-0.264164,-0.008172,-0.140589,0.183706,-0.339781,0.245546,-0.163807
0.026922,0.082333,-0.020176,0.017456,0.013343,-0.014012,-0.012576,-0.302896,-0.110155,-0.116755,0.153165,-0.373226,0.286132,-0.190841
0.024833,0.081373,-0.017734,0.017307,0.013830,-0.015230,-0.006482,-0.332911,-0.170596,-0.101659,0.111505,-0.397479,0.354649,-0.218893
0.022678,0.080353,-0.015124,0.016364,0.013438,-0.015086,-0.008553,-0.356862,-0.214828,-0.096058,0.057432,-0.375157,0.397663,-0.212531
0.020805,0.079424,-0.012810,0.015310,0.012981,-0.014439,-0.006003,-0.365656,-0.242052,-0.089579,0.046244,-0.341508,0.416785,-0.219399
0.018905,0.078425,-0.010478,0.014498,0.012647,-0.013472,-0.009185,-0.366914,-0.228200,-0.087138,0.055722,-0.348997,0.433885,-0.237025
0.017244,0.077431,-0.008449,0.013823,0.013250,-0.012682,-0.017027,-0.361174,-0.204396,-0.087890,0.059535,-0.364186,0.428056,-0.230556
0.015564,0.076295,-0.006447,0.013104,0.013650,-0.011546,-0.017302,-0.352511,-0.201963,-0.092305,0.068463,-0.350224,0.426172,-0.231473
0.014133,0.075163,-0.004759,0.012215,0.014451,-0.010554,-0.012986,-0.341497,-0.226232,-0.086065,0.077131,-0.347144,0.431056,-0.243050
0.012713,0.073829,-0.003105,0.011315,0.015466,-0.009552,-0.019249,-0.323133,-0.229834,-0.087813,0.085891,-0.356109,0.414375,-0.237790
0.011529,0.072512,-0.001755,0.010365,0.016305,-0.008430,-0.029456,-0.303306,-0.222356,-0.087309,0.084175,-0.351240,0.399283,-0.221452
0.010412,0.071069,-0.000603,0.009394,0.016307,-0.006648,-0.032705,-0.284995,-0.234342,-0.077794,0.084776,-0.351279,0.395849,-0.218328
0.009506,0.069693,0.000220,0.008596,0.016702,-0.005144,-0.034510,-0.266484,-0.241701,-0.065554,0.097072,-0.361923,0.389740,-0.221193
0.008642,0.068167,0.000876,0.007912,0.016980,-0.003782,-0.048089,-0.247410,-0.204185,-0.075700,0.104490,-0.355650,0.385117,-0.213066
0.007943,0.066767,0.001275,0.007309,0.016798,-0.002492,-0.059510,-0.227247,-0.177962,-0.083452,0.107263,-0.343866,0.380781,-0.202061
0.007329,0.065336,0.001388,0.006477,0.015741,-0.000657,-0.058131,-0.203361,-0.185046,-0.077822,0.136852,-0.348774,0.365634,-0.211132
0.006885,0.064029,0.001290,0.005537,0.015544,0.000618,-0.059815,-0.185348,-0.178700,-0.076356,0.163639,-0.355673,0.347959,-0.215946
0.006492,0.062551,0.001026,0.004898,0.016174,0.001521,-0.076024,-0.171822,-0.117552,-0.097586,0.163641,-0.342313,0.334885,-0.193938
0.006224,0.061078,0.000802,0.003720,0.017494,0.001402,-0.082700,-0.154846,-0.085610,-0.101590,0.166962,-0.335281,0.328332,-0.183121
0.005994,0.059491,0.000437,0.003288,0.017352,0.002101,-0.072535,-0.127913,-0.114151,-0.084756,0.206584,-0.354331,0.316944,-0.208046
0.005819,0.057978,0.000072,0.002904,0.017926,0.002285,-0.057532,-0.108396,-0.154333,-0.043014,0.230115,-0.366247,0.295228,-0.215211
0.005680,0.056338,-0.000371,0.002411,0.017931,0.002553,-0.071672,-0.098837,-0.121020,-0.051707,0.210780,-0.341785,0.273444,-0.174492
0.005586,0.054783,-0.000770,0.001956,0.018443,0.002496,-0.087500,-0.094420,-0.091522,-0.055670,0.178833,-0.334678,0.267918,-0.134313
0.005510,0.053093,-0.001235,0.001714,0.018464,0.002682,-0.080226,-0.084908,-0.105563,-0.038266,0.205148,-0.370253,0.268946,-0.157664
0.005485,0.051554,-0.001723,0.001274,0.018229,0.003054,-0.068222,-0.075673,-0.132852,-0.014553,0.234694,-0.392069,0.278505,-0.191022
0.005481,0.049856,-0.002237,0.000951,0.018561,0.002965,-0.073479,-0.069508,-0.116606,-0.019572,0.219437,-0.359906,0.280033,-0.171669
0.005507,0.048171,-0.002578,0.000328,0.019999,0.002129,-0.083933,-0.062103,-0.078789,-0.027878,0.202977,-0.328252,0.272063,-0.140933
0.005564,0.046301,-0.002892,-0.000099,0.020487,0.001810,-0.078928,-0.048301,-0.097237,-0.008655,0.227583,-0.355499,0.254208,-0.149958
0.005642,0.044567,-0.003191,-0.000408,0.020563,0.001869,-0.059606,-0.032960,-0.162243,0.040178,0.257500,-0.395651,0.235191,-0.170092
0.005768,0.042679,-0.003507,-0.000910,0.020697,0.001823,-0.060816,-0.030362,-0.162995,0.052325,0.235588,-0.382359,0.238220,-0.150178
0.005910,0.040941,-0.003815,-0.001198,0.020628,0.001925,-0.080237,-0.034832,-0.112778,0.039722,0.185125,-0.352103,0.249386,-0.104785
0.006102,0.039094,-0.004201,-0.001563,0.020216,0.002228,-0.078075,-0.027694,-0.110781,0.054662,0.198021,-0.366053,0.249358,-0.112834
0.006312,0.037441,-0.004598,-0.001916,0.019569,0.002482,-0.062796,-0.016165,-0.138317,0.076965,0.248272,-0.398542,0.254356,-0.159433
0.006612,0.035868,-0.005277,-0.002416,0.017144,0.003917,-0.064717,-0.010876,-0.118756,0.076998,0.247120,-0.385064,0.255079,-0.151387
0.006897,0.034476,-0.005952,-0.002491,0.016403,0.004216,-0.074786,-0.008494,-0.078157,0.066867,0.221528,-0.344334,0.242917,-0.111573
0.007203,0.033002,-0.006695,-0.002481,0.016034,0.004295,-0.082440,-0.006084,-0.008635,0.044257,0.242467,-0.343546,0.240973,-0.116000
0.007495,0.031733,-0.007447,-0.002540,0.014901,0.004699,-0.077507,0.000088,-0.011596,0.050422,0.274279,-0.383689,0.235506,-0.139170
0.007824,0.030443,-0.008346,-0.002630,0.013935,0.005181,-0.063158,0.013096,-0.043743,0.060020,0.302326,-0.385508,0.221024,-0.154916
0.008145,0.029353,-0.009276,-0.002763,0.012688,0.005807,-0.068152,0.010719,-0.008609,0.042903,0.287560,-0.350286,0.230603,-0.141605
0.008520,0.028178,-0.010295,-0.003090,0.012636,0.005883,-0.084604,0.012639,0.042021,0.023753,0.266483,-0.340496,0.218090,-0.108667
0.008881,0.027083,-0.011230,-0.003316,0.012732,0.005848,-0.082817,0.022273,0.060007,0.018440,0.301021,-0.358815,0.204320,-0.125342
0.009279,0.025777,-0.012098,-0.003562,0.014094,0.005004,-0.069135,0.031770,0.037848,0.035699,0.332611,-0.379671,0.213502,-0.160133
0.009645,0.024510,-0.012872,-0.003606,0.014807,0.004836,-0.065706,0.040159,0.031560,0.041570,0.328311,-0.367035,0.206391,-0.150032
0.010035,0.023171,-0.013718,-0.003580,0.014438,0.004884,-0.064448,0.051210,0.012615,0.061944,0.311158,-0.343490,0.186184,-0.119961
0.010391,0.021913,-0.014500,-0.003559,0.014676,0.004887,-0.066785,0.062379,0.004552,0.071530,0.313300,-0.356328,0.175115,-0.113915
0.010766,0.020596,-0.015309,-0.003513,0.014186,0.004674,-0.076148,0.059978,0.029986,0.069663,0.308970,-0.382805,0.175857,-0.106303
0.011110,0.019490,-0.016064,-0.003508,0.012869,0.004714,-0.079032,0.064239,0.034278,0.072113,0.303898,-0.378863,0.181564,-0.101887
0.011492,0.018308,-0.016939,-0.003606,0.012642,0.005045,-0.069467,0.062291,0.026704,0.076641,0.313754,-0.366695,0.201652,-0.122341
0.011836,0.017172,-0.017698,-0.003572,0.013190,0.004747,-0.069212,0.055902,0.048734,0.073449,0.322607,-0.365175,0.198581,-0.124022
0.012203,0.015863,-0.018422,-0.003607,0.014104,0.004180,-0.076144,0.070303,0.073988,0.066071,0.329821,-0.357074,0.181400,-0.111651
0.012543,0.014472,-0.018917,-0.003751,0.016311,0.003085,-0.070830,0.082204,0.054167,0.073862,0.335856,-0.363217,0.183663,-0.118537
0.012934,0.012766,-0.019181,-0.004167,0.018644,0.001524,-0.061330,0.091553,0.010025,0.099600,0.345106,-0.380950,0.168441,-0.120584
0.013313,0.011040,-0.019197,-0.004502,0.020533,0.000100,-0.055526,0.106183,-0.040693,0.134424,0.338640,-0.380470,0.148791,-0.106624
0.013715,0.009176,-0.019198,-0.004420,0.020494,0.000008,-0.050957,0.111074,-0.083201,0.175155,0.308519,-0.382752,0.148521,-0.085672
0.014081,0.007389,-0.019114,-0.004389,0.021321,-0.000524,-0.050232,0.109353,-0.113693,0.214078,0.280106,-0.400222,0.146909,-0.064024
0.014463,0.005530,-0.019004,-0.004232,0.020469,-0.000637,-0.060753,0.104226,-0.086011,0.213160,0.266560,-0.403757,0.162652,-0.057141
0.014798,0.003929,-0.019018,-0.003974,0.019054,0.000091,-0.062708,0.101745,-0.086769,0.224159,0.252847,-0.404498,0.190524,-0.061487
0.015115,0.002331,-0.019116,-0.003477,0.017511,0.000563,-0.053306,0.100556,-0.095956,0.230990,0.272606,-0.402422,0.198596,-0.080993
0.015363,0.000924,-0.019284,-0.002936,0.016658,0.001049,-0.059906,0.101891,-0.057574,0.212882,0.287538,-0.387573,0.200742,-0.085312
0.015566,-0.000564,-0.019536,-0.002223,0.016218,0.001455,-0.071846,0.101340,-0.019774,0.187179,0.281593,-0.376992,0.192085,-0.068656
0.015715,-0.001960,-0.019757,-0.001776,0.016489,0.001382,-0.071404,0.111719,-0.026341,0.176524,0.301551,-0.384102,0.178601,-0.074051
0.015847,-0.003359,-0.020171,-0.001481,0.015147,0.002386,-0.069696,0.123232,-0.046749,0.166997,0.322041,-0.399324,0.181288,-0.094383
0.015916,-0.004546,-0.020668,-0.000885,0.013826,0.003102,-0.073613,0.131420,-0.062767,0.164883,0.314387,-0.398852,0.171776,-0.084201
0.015930,-0.005778,-0.021252,-0.000244,0.013230,0.003377,-0.088338,0.137371,-0.018274,0.136446,0.309848,-0.374366,0.165215,-0.068883
0.015885,-0.006927,-0.021762,0.000424,0.013375,0.003187,-0.102284,0.135334,0.018247,0.108911,0.306385,-0.374120,0.173358,-0.065816
0.015783,-0.008128,-0.022319,0.000986,0.012898,0.003216,-0.098728,0.144650,-0.005978,0.104526,0.332963,-0.395518,0.162302,-0.081611
0.015645,-0.009264,-0.022762,0.001516,0.013262,0.002764,-0.090030,0.155533,-0.048168,0.107266,0.356039,-0.398774,0.160212,-0.103022
0.015467,-0.010527,-0.023098,0.001847,0.013704,0.001938,-0.100037,0.155424,-0.037337,0.089526,0.336581,-0.383104,0.158936,-0.084508
0.015273,-0.011620,-0.023389,0.002192,0.012827,0.001822,-0.110787,0.159093,-0.041300,0.084478,0.314428,-0.376023,0.140646,-0.054434
0.015046,-0.012686,-0.023727,0.002352,0.011533,0.001946,-0.101695,0.162055,-0.087935,0.102511,0.326960,-0.397605,0.137821,-0.069962
0.014812,-0.013630,-0.023950,0.002683,0.011115,0.001396,-0.103503,0.152641,-0.084603,0.097238,0.326729,-0.416546,0.154955,-0.082030
0.014515,-0.014655,-0.024133,0.003177,0.011171,0.001058,-0.118133,0.141018,-0.034937,0.073543,0.298701,-0.395390,0.166361,-0.059848
0.014253,-0.015680,-0.024057,0.003167,0.012251,-0.000480,-0.112365,0.136807,-0.048835,0.072951,0.299952,-0.379289,0.174927,-0.067899
0.013957,-0.016673,-0.023932,0.003311,0.010965,-0.000716,-0.099297,0.144575,-0.096970,0.081529,0.333549,-0.401792,0.177994,-0.102942
0.013663,-0.017493,-0.023755,0.003619,0.009868,-0.001109,-0.089939,0.145220,-0.148990,0.112240,0.327678,-0.416264,0.159770,-0.094654
0.013323,-0.018324,-0.023454,0.003921,0.009267,-0.001739,-0.100747,0.131811,-0.117143,0.097304,0.296356,-0.387887,0.148525,-0.059361
0.013006,-0.019086,-0.023051,0.004046,0.009270,-0.002520,-0.114097,0.108319,-0.079688,0.079702,0.258394,-0.386266,0.171766,-0.041785
0.012640,-0.019887,-0.022515,0.004376,0.009047,-0.003092,-0.103440,0.099890,-0.112158,0.088298,0.272487,-0.424180,0.187343,-0.070236
0.012298,-0.020582,-0.021940,0.004497,0.008537,-0.003587,-0.083631,0.098064,-0.159811,0.106400,0.299613,-0.433051,0.208462,-0.113755
0.011959,-0.021393,-0.021121,0.004303,0.009269,-0.004728,-0.086148,0.089301,-0.160445,0.098082,0.275302,-0.400174,0.217466,-0.101488
0.011692,-0.022282,-0.020087,0.004003,0.011035,-0.006456,-0.095594,0.081209,-0.142494,0.090274,0.247370,-0.375345,0.198476,-0.064714
0.011416,-0.023237,-0.018860,0.003975,0.011000,-0.007087,-0.083469,0.081058,-0.192657,0.122905,0.256355,-0.405302,0.188656,-0.074596
0.011161,-0.024065,-0.017715,0.004038,0.010349,-0.007158,-0.061096,0.079541,-0.281520,0.175825,0.260870,-0.453303,0.196083,-0.098664
0.010873,-0.024911,-0.016503,0.004167,0.009766,-0.006991,-0.067700,0.062680,-0.271349,0.175788,0.219303,-0.438218,0.212857,-0.076500
0.010596,-0.025722,-0.015359,0.004364,0.010130,-0.007149,-0.088574,0.042065,-0.211846,0.151552,0.164918,-0.396345,0.235613,-0.042993
0.010279,-0.026528,-0.014197,0.004511,0.009275,-0.006703,-0.085467,0.038987,-0.214950,0.149341,0.181309,-0.409889,0.254321,-0.068587
0.009976,-0.027105,-0.013336,0.004462,0.007203,-0.005385,-0.067040,0.049812,-0.273208,0.170622,0.229063,-0.447522,0.263559,-0.117717
0.009633,-0.027702,-0.012464,0.004592,0.006867,-0.005027,-0.070577,0.049578,-0.261705,0.157170,0.227571,-0.425347,0.258103,-0.110674
0.009304,-0.028256,-0.011712,0.004695,0.006866,-0.004701,-0.096568,0.040332,-0.172082,0.111458,0.192933,-0.373117,0.249827,-0.066427
0.008922,-0.028928,-0.010966,0.004918,0.007627,-0.004303,-0.098137,0.045400,-0.180112,0.108192,0.201164,-0.391071,0.242392,-0.069581
0.008599,-0.029610,-0.010215,0.004660,0.008356,-0.004695,-0.078747,0.060883,-0.241298,0.126308,0.255528,-0.445012,0.242263,-0.120583
0.008252,-0.030366,-0.009421,0.004628,0.008559,-0.004583,-0.083934,0.071512,-0.254089,0.119963,0.248185,-0.436628,0.247299,-0.118469
0.007915,-0.031020,-0.008793,0.004714,0.007973,-0.003922,-0.092950,0.069420,-0.249525,0.121029,0.202207,-0.388120,0.231522,-0.072066
0.007558,-0.031765,-0.008144,0.004625,0.008363,-0.003746,-0.094255,0.073444,-0.262228,0.128621,0.207303,-0.392015,0.217611,-0.068754
0.007236,-0.032454,-0.007607,0.004472,0.008352,-0.003354,-0.101729,0.074521,-0.247504,0.120647,0.221524,-0.438435,0.229717,-0.085686
0.006889,-0.033046,-0.007277,0.004178,0.006592,-0.001903,-0.106497,0.078249,-0.248024,0.120331,0.210363,-0.443001,0.237666,-0.080519
0.006550,-0.033497,-0.007133,0.004215,0.005410,-0.000902,-0.100380,0.082788,-0.255864,0.118532,0.215145,-0.406784,0.249935,-0.091394
0.006179,-0.033846,-0.007193,0.004011,0.003814,0.000351,-0.110193,0.081868,-0.198366,0.091906,0.227086,-0.393364,0.258629,-0.098057
0.005839,-0.034094,-0.007386,0.003802,0.002915,0.001204,-0.124622,0.089030,-0.158169,0.069693,0.236763,-0.400692,0.231836,-0.081056
0.005464,-0.034282,-0.007701,0.003749,0.002001,0.001815,-0.121429,0.098915,-0.139614,0.053483,0.270329,-0.398490,0.222099,-0.095821
0.005109,-0.034425,-0.008027,0.003801,0.001631,0.002040,-0.118274,0.101575,-0.132338,0.044265,0.283261,-0.404313,0.234993,-0.113657
0.004725,-0.034463,-0.008501,0.003659,0.000340,0.002736,-0.121920,0.105858,-0.119500,0.030151,0.286075,-0.398993,0.213464,-0.100736
0.004378,-0.034398,-0.009027,0.003454,-0.000863,0.003285,-0.122733,0.110045,-0.116945,0.022005,0.292040,-0.383087,0.198579,-0.094982
0.004005,-0.034191,-0.009660,0.003347,-0.002378,0.003651,-0.127491,0.106753,-0.088281,0.004103,0.294407,-0.390884,0.205426,-0.099553
0.003671,-0.033942,-0.010249,0.003221,-0.003046,0.003685,-0.133879,0.103590,-0.055485,-0.010850,0.294979,-0.401204,0.203440,-0.095394
0.003349,-0.033591,-0.010862,0.002823,-0.003930,0.003538,-0.129401,0.097261,-0.038217,-0.023682,0.309180,-0.388469,0.206713,-0.107963
0.003080,-0.033191,-0.011416,0.002505,-0.004836,0.003460,-0.121054,0.093200,-0.042750,-0.025677,0.321194,-0.383511,0.214591,-0.124754
0.002825,-0.032709,-0.011985,0.002157,-0.005350,0.003283,-0.116276,0.089850,-0.034263,-0.025717,0.326630,-0.385132,0.203445,-0.122901
0.002617,-0.032218,-0.012470,0.001886,-0.005901,0.003029,-0.117226,0.083841,-0.011125,-0.031804,0.323326,-0.377338,0.193894,-0.112406
0.002418,-0.031341,-0.013194,0.001373,-0.009705,0.004175,-0.114805,0.075854,-0.000748,-0.033373,0.317675,-0.379168,0.199145,-0.112077
0.002278,-0.030320,-0.014034,0.000685,-0.012221,0.005251,-0.107854,0.067802,-0.001957,-0.030161,0.322384,-0.390712,0.205020,-0.122620
0.002143,-0.029194,-0.014894,0.000585,-0.012451,0.004967,-0.114396,0.042345,0.095178,-0.069264,0.328747,-0.373852,0.221395,-0.129513
0.002034,-0.028086,-0.015670,0.000448,-0.013245,0.004847,-0.122306,0.028586,0.182142,-0.102026,0.327809,-0.349573,0.237249,-0.129179
0.001957,-0.026862,-0.016460,0.000079,-0.013504,0.004560,-0.097682,0.036777,0.136151,-0.092322,0.369763,-0.358853,0.229786,-0.168225
0.001992,-0.025955,-0.016836,-0.000797,-0.010831,0.002348,-0.077095,0.037874,0.105223,-0.084276,0.411890,-0.370075,0.211562,-0.199820
0.002071,-0.025019,-0.017107,-0.001110,-0.010303,0.001567,-0.087928,0.029746,0.141692,-0.093151,0.374981,-0.348452,0.190044,-0.151591
0.002161,-0.024173,-0.017282,-0.001228,-0.010083,0.001092,-0.074554,0.029084,0.081885,-0.042310,0.333842,-0.348372,0.171149,-0.115666
0.002286,-0.023275,-0.017374,-0.001458,-0.009874,0.000531,-0.057576,0.019075,0.043462,-0.016540,0.350040,-0.389114,0.188304,-0.151257
0.002443,-0.022395,-0.017490,-0.001964,-0.010488,0.000725,-0.069941,-0.003884,0.082708,-0.021560,0.317321,-0.403444,0.218827,-0.140010
-0.340466,0.166499,0.009297,-0.000121,-0.000088,0.000023,0.000000,0.000000,0.000000,0.000000,0.000000,0.000000,0.000000,0.000000
-0.340402,0.166670,0.009223,-0.000360,-0.001313,0.000558,-0.596280,-1.000000,-1.000000,-1.000000,-0.435688,-0.721963,0.083292,0.369368
-0.340239,0.167024,0.009054,-0.000882,-0.002057,0.001058,-0.595865,-1.000000,-1.000000,-1.000000,-0.435323,-0.721648,0.083606,0.369119
-0.339836,0.167645,0.008715,-0.002480,-0.002854,0.001954,-0.476117,-0.780610,-0.728394,-1.000000,-0.357019,-0.586482,1.000000,-0.662147
-0.338912,0.168867,0.007965,-0.006272,-0.005012,0.004689,-0.477411,-0.782933,-0.705087,-1.000000,-0.354764,-0.583257,1.000000,-0.662825
-0.337042,0.170879,0.006607,-0.012618,-0.006248,0.007834,-0.438116,-0.642189,-0.853720,-1.000000,-0.128660,-0.116097,0.910752,-0.325880
-0.334266,0.173340,0.004842,-0.021674,-0.007070,0.011020,-0.437147,-0.635756,-0.733606,-1.000000,-0.102705,-0.101871,0.931263,-0.342631
-0.329999,0.176403,0.002507,-0.032837,-0.006761,0.013482,-0.496524,-0.611045,-0.551432,-1.000000,0.031674,-0.436247,0.515754,-0.267567
-0.325000,0.179102,0.000239,-0.044435,-0.004186,0.014174,-0.457247,-0.576696,-0.412718,-1.000000,0.112842,-0.412106,0.508545,-0.305228
-0.318634,0.181479,-0.002083,-0.055514,-0.000118,0.013398,-0.400397,-0.629705,-0.228994,-1.000000,0.007352,-0.358060,0.908375,-0.454359
-0.312160,0.182715,-0.003813,-0.065254,0.005860,0.010806,-0.321444,-0.583656,-0.168324,-1.000000,0.083691,-0.337677,0.837749,-0.463603
-0.304989,0.182510,-0.004765,-0.072766,0.012505,0.005494,-0.206104,-0.482380,-0.214416,-1.000000,0.307232,-0.213590,0.647327,-0.501224
-0.298417,0.180569,-0.004636,-0.079132,0.021638,-0.000807,-0.124649,-0.453604,-0.258504,-1.000000,0.324572,-0.218522,0.536840,-0.480680
-0.291382,0.176674,-0.003432,-0.084821,0.030385,-0.006949,-0.052621,-0.430251,-0.358150,-0.799812,0.254364,-0.311372,0.277043,-0.331816
-0.284871,0.171627,-0.001414,-0.090758,0.038039,-0.012613,0.024774,-0.419206,-0.551370,-0.554267,0.194256,-0.358013,0.209493,-0.300513
-0.277633,0.164964,0.001581,-0.097203,0.043715,-0.017287,0.061861,-0.498313,-0.650502,-0.366398,0.016020,-0.447799,0.382201,-0.298276
-0.270515,0.158236,0.004677,-0.103693,0.047856,-0.019352,0.084927,-0.530398,-0.668384,-0.171025,-0.124396,-0.461396,0.447310,-0.231458
-0.262104,0.150941,0.007801,-0.109275,0.050878,-0.018010,0.161199,-0.524953,-0.708726,0.039268,-0.100071,-0.382148,0.545505,-0.301589
-0.253580,0.144842,0.009838,-0.112889,0.052585,-0.012732,0.225026,-0.516135,-0.689998,0.239179,-0.066692,-0.388764,0.610383,-0.347749
-0.243487,0.139463,0.010537,-0.114421,0.052998,-0.004032,0.224671,-0.434870,-0.546490,0.357330,-0.039463,-0.385260,0.517150,-0.248766
-0.233349,0.135956,0.009421,-0.114842,0.051908,0.006978,0.192613,-0.345545,-0.324485,0.368644,-0.008666,-0.328306,0.484097,-0.185684
-0.221514,0.133662,0.006262,-0.115142,0.050592,0.018230,0.164258,-0.271635,-0.122720,0.360266,0.058748,-0.342676,0.485593,-0.191561
-0.209922,0.132698,0.001738,-0.115112,0.048792,0.028271,0.130191,-0.150272,0.085064,0.310223,0.216979,-0.348266,0.427150,-0.224104
-0.196889,0.132391,-0.004427,-0.114548,0.047768,0.035563,0.090006,-0.010849,0.329218,0.231177,0.365887,-0.277333,0.389388,-0.255754
-0.184589,0.132578,-0.010936,-0.113632,0.045347,0.040655,0.055827,0.116132,0.523092,0.169989,0.490714,-0.223173,0.287066,-0.240146
-0.171283,0.132716,-0.018312,-0.111983,0.045122,0.042584,0.047744,0.228605,0.610027,0.173803,0.638162,-0.215447,0.088822,-0.208279
-0.159135,0.132505,-0.025201,-0.109907,0.046245,0.043037,0.038928,0.281025,0.704400,0.168896,0.716954,-0.231492,-0.045774,-0.175536
-0.146196,0.131989,-0.032700,-0.107396,0.046461,0.043261,0.016171,0.299537,0.795150,0.165728,0.677311,-0.269074,-0.084963,-0.105670
-0.134452,0.131321,-0.039697,-0.104872,0.045826,0.043737,0.007357,0.318086,0.820470,0.166689,0.653262,-0.294399,-0.069615,-0.092230
-0.122273,0.130150,-0.046932,-0.100706,0.046097,0.041759,0.016380,0.331000,0.842401,0.182004,0.693878,-0.290985,-0.025582,-0.148733
-0.111816,0.128402,-0.052969,-0.094791,0.048116,0.037716,0.014153,0.350544,0.908501,0.185919,0.731541,-0.257214,-0.021210,-0.167770
-0.101676,0.125689,-0.058479,-0.086803,0.050859,0.031782,0.015382,0.367999,0.916788,0.199969,0.746143,-0.226719,-0.073279,-0.138683
-0.093519,0.122818,-0.062779,-0.076816,0.050423,0.026886,0.026458,0.369330,0.801737,0.225150,0.746894,-0.250332,-0.136999,-0.114102
-0.086086,0.119540,-0.066659,-0.065166,0.048453,0.022386,0.030363,0.345917,0.644029,0.242049,0.700425,-0.310860,-0.161174,-0.082082
-0.080413,0.116612,-0.069782,-0.053511,0.044821,0.019513,-0.000411,0.297145,0.575077,0.181125,0.601601,-0.340229,-0.118057,-0.029633
-0.075499,0.113702,-0.072748,-0.042043,0.040182,0.017125,-0.040305,0.238511,0.524336,0.081903,0.507236,-0.340847,-0.037910,-0.001131
-0.072244,0.111040,-0.074673,-0.030533,0.037089,0.012023,-0.064622,0.196315,0.444854,-0.036356,0.502442,-0.343476,0.024024,-0.050842
-0.070113,0.108026,-0.075572,-0.019972,0.035367,0.005189,-0.088157,0.163829,0.372522,-0.168034,0.527704,-0.342650,0.063477,-0.115228
-0.069336,0.105051,-0.075203,-0.010735,0.034420,-0.002302,-0.103989,0.119514,0.214095,-0.265938,0.496922,-0.337341,0.055684,-0.117222
-0.069568,0.101581,-0.073571,-0.003363,0.034229,-0.009424,-0.100973,0.070169,-0.023070,-0.311954,0.444343,-0.345753,0.025048,-0.102506
-0.070436,0.098292,-0.071243,0.001510,0.033059,-0.014546,-0.106856,-0.002714,-0.238433,-0.346459,0.346410,-0.395136,0.050967,-0.091609
-0.071734,0.094660,-0.068178,0.003899,0.032376,-0.017668,-0.130763,-0.081083,-0.392718,-0.379755,0.205402,-0.447576,0.114659,-0.063711
-0.073001,0.091396,-0.065177,0.004494,0.030787,-0.018772,-0.149148,-0.148416,-0.466537,-0.417788,0.104663,-0.445339,0.224017,-0.089141
-0.074297,0.087909,-0.061884,0.003903,0.029959,-0.018994,-0.152355,-0.187637,-0.515505,-0.432912,0.064428,-0.427572,0.350822,-0.167095
-0.075420,0.084761,-0.058829,0.003360,0.028939,-0.019095,-0.146096,-0.197626,-0.531661,-0.433661,0.077611,-0.402653,0.410981,-0.224618
-0.076541,0.081420,-0.055510,0.002660,0.028030,-0.019148,-0.138977,-0.182338,-0.543631,-0.415230,0.101591,-0.359070,0.403067,-0.230587
-0.077447,0.078390,-0.052451,0.001505,0.027256,-0.019116,-0.134536,-0.172799,-0.558765,-0.398482,0.109258,-0.342140,0.364834,-0.206542
-0.078232,0.075318,-0.049276,0.000084,0.025242,-0.018325,-0.135267,-0.174162,-0.572524,-0.376831,0.101487,-0.371918,0.320795,-0.171462
-0.078682,0.072914,-0.046717,-0.001821,0.021094,-0.015985,-0.135100,-0.183192,-0.571477,-0.355378,0.083271,-0.405472,0.319713,-0.160416
-0.078935,0.070653,-0.044223,-0.003474,0.018048,-0.014390,-0.137825,-0.204762,-0.524596,-0.355418,0.059135,-0.412961,0.371190,-0.175181
-0.079009,0.068139,-0.041449,-0.005131,0.017365,-0.013873,-0.145438,-0.225984,-0.404768,-0.384043,0.059321,-0.383817,0.422221,-0.195055
-0.078901,0.066187,-0.039305,-0.006732,0.016876,-0.013391,-0.132509,-0.229637,-0.351823,-0.384035,0.098530,-0.354204,0.437991,-0.227760
-0.078707,0.064713,-0.037580,-0.007884,0.014948,-0.012950,-0.093231,-0.205507,-0.406215,-0.333346,0.169573,-0.359022,0.410333,-0.271483
-0.078230,0.062805,-0.035165,-0.009195,0.012465,-0.012074,-0.077418,-0.187200,-0.416140,-0.300373,0.191809,-0.364133,0.366941,-0.259469
-0.077575,0.061379,-0.033333,-0.011155,0.010711,-0.010573,-0.096391,-0.204282,-0.340502,-0.308796,0.134158,-0.344051,0.325367,-0.174254
-0.076694,0.060473,-0.032090,-0.013329,0.007171,-0.007763,-0.103104,-0.228781,-0.274942,-0.308715,0.105609,-0.348559,0.324146,-0.146751
-0.075498,0.059868,-0.031123,-0.015154,0.004092,-0.005578,-0.084409,-0.237054,-0.238287,-0.289122,0.147017,-0.400796,0.386181,-0.225038
-0.074267,0.059442,-0.030359,-0.016355,0.002900,-0.004773,-0.078760,-0.239639,-0.122901,-0.308110,0.185802,-0.393875,0.441375,-0.279234
-0.072839,0.059127,-0.029584,-0.017304,0.001481,-0.004473,-0.076132,-0.235319,-0.016170,-0.325965,0.203386,-0.301110,0.433026,-0.265002
-0.071468,0.058817,-0.028802,-0.018045,0.001550,-0.004891,-0.046912,-0.215463,-0.030837,-0.295767,0.262353,-0.267916,0.373744,-0.271588
-0.069906,0.058470,-0.027889,-0.019017,0.001568,-0.005265,-0.024415,-0.211051,-0.046361,-0.259531,0.313286,-0.330022,0.302388,-0.274395
-0.068392,0.058133,-0.026982,-0.020006,0.001633,-0.005669,-0.028212,-0.219101,-0.031639,-0.236620,0.271025,-0.365759,0.260207,-0.214622
-0.066659,0.057940,-0.026068,-0.020866,-0.000043,-0.005272,-0.026975,-0.239131,-0.005691,-0.222941,0.206093,-0.349133,0.302190,-0.189185
-0.064990,0.057854,-0.025267,-0.021600,-0.000969,-0.005006,-0.010660,-0.262228,-0.006129,-0.194100,0.196287,-0.359735,0.365961,-0.229790
-0.063128,0.057788,-0.024418,-0.022164,-0.001180,-0.004899,0.002710,-0.275061,0.031126,-0.181382,0.234916,-0.358655,0.377374,-0.267664
-0.061341,0.057699,-0.023613,-0.023007,-0.000843,-0.005035,0.007050,-0.276382,0.078004,-0.177236,0.246279,-0.317160,0.375692,-0.265639
-0.059338,0.057414,-0.022552,-0.024115,0.000874,-0.006117,0.016530,-0.270176,0.087238,-0.161320,0.246327,-0.305865,0.362239,-0.253135
-0.057450,0.057076,-0.021504,-0.024733,0.001697,-0.006556,0.032415,-0.262856,0.070879,-0.122700,0.267221,-0.336375,0.329939,-0.252398
-0.055385,0.056752,-0.020404,-0.024846,0.001374,-0.006343,0.052595,-0.261339,0.027496,-0.060163,0.266626,-0.356828,0.309795,-0.248440
-0.053411,0.056612,-0.019595,-0.025229,-0.000015,-0.005057,0.056202,-0.269895,0.031601,-0.034688,0.231594,-0.348422,0.322286,-0.228254
-0.051210,0.056583,-0.018939,-0.025466,-0.000887,-0.003783,0.042670,-0.286956,0.091280,-0.041284,0.189225,-0.336996,0.347650,-0.200340
-0.049089,0.056727,-0.018619,-0.025925,-0.002327,-0.002003,0.037038,-0.291043,0.159720,-0.053248,0.203772,-0.334625,0.364983,-0.214066
-0.046724,0.056914,-0.018422,-0.026355,-0.002387,-0.001138,0.048153,-0.281114,0.180717,-0.050834,0.254718,-0.338335,0.380926,-0.263147
-0.044509,0.057124,-0.018380,-0.026477,-0.002573,-0.000261,0.053345,-0.266292,0.221549,-0.058783,0.292435,-0.322655,0.371864,-0.279952
-0.042031,0.057536,-0.018615,-0.026758,-0.004168,0.001354,0.053091,-0.249469,0.247681,-0.050697,0.298173,-0.296490,0.333809,-0.253114
-0.039584,0.058236,-0.019296,-0.027673,-0.007265,0.004260,0.054693,-0.235340,0.257305,-0.043300,0.311094,-0.298557,0.294554,-0.237099
-0.036882,0.059149,-0.020243,-0.027783,-0.008737,0.005462,0.046701,-0.236657,0.324850,-0.054894,0.319534,-0.320006,0.288064,-0.231774
-0.034306,0.060293,-0.021409,-0.028101,-0.012029,0.007293,0.027688,-0.238502,0.465562,-0.094954,0.320880,-0.310743,0.307966,-0.227586
-0.031441,0.061688,-0.022858,-0.028457,-0.013621,0.008357,0.036091,-0.236040,0.498043,-0.103141,0.346208,-0.291653,0.319482,-0.252053
-0.028891,0.062840,-0.023959,-0.027801,-0.012412,0.006879,0.054828,-0.232685,0.524391,-0.113295,0.416347,-0.279530,0.296763,-0.292811
-0.026290,0.064000,-0.024798,-0.026766,-0.011912,0.004838,0.053058,-0.228255,0.585628,-0.120535,0.433680,-0.270064,0.266078,-0.281246
-0.024131,0.064966,-0.025079,-0.025054,-0.011236,0.001757,0.062978,-0.225226,0.538131,-0.094673,0.410558,-0.280809,0.221440,-0.245697
-0.022238,0.065762,-0.024509,-0.022058,-0.009213,-0.003286,0.086058,-0.242959,0.458489,-0.059442,0.406525,-0.306649,0.201949,-0.245223
-0.020904,0.066341,-0.023252,-0.018982,-0.007956,-0.007862,0.095651,-0.288545,0.405627,-0.033029,0.356194,-0.329936,0.225111,-0.232820
-0.019926,0.066710,-0.021018,-0.015851,-0.005679,-0.012879,0.108774,-0.344655,0.293110,0.001500,0.274838,-0.343466,0.244440,-0.204109
-0.019395,0.066698,-0.018181,-0.013397,-0.002002,-0.017739,0.127922,-0.399132,0.180261,0.025061,0.225935,-0.351344,0.286694,-0.216389
-0.019093,0.066350,-0.014511,-0.011753,0.001315,-0.021169,0.139694,-0.454789,0.068525,0.052229,0.156608,-0.374316,0.350924,-0.229608
-0.018937,0.065827,-0.010888,-0.010830,0.003583,-0.022651,0.150659,-0.482792,-0.063003,0.092577,0.094230,-0.388202,0.383477,-0.227829
-0.018796,0.065046,-0.006943,-0.010482,0.005949,-0.022724,0.156133,-0.495540,-0.157796,0.121667,0.050820,-0.378806,0.429619,-0.240739
-0.018587,0.064231,-0.003586,-0.010655,0.007296,-0.020997,0.141315,-0.503253,-0.179739,0.129273,0.002206,-0.373227,0.470445,-0.233343
-0.018130,0.063401,-0.000663,-0.011499,0.007226,-0.016874,0.124269,-0.485609,-0.194123,0.137936,-0.013864,-0.370691,0.475758,-0.220463
-0.017519,0.062670,0.001364,-0.012080,0.007308,-0.012666,0.114544,-0.456552,-0.187618,0.137161,0.011500,-0.364813,0.491814,-0.242426
-0.016621,0.062008,0.002715,-0.012795,0.006454,-0.007798,0.088275,-0.421488,-0.101323,0.107809,0.036790,-0.353134,0.505696,-0.251004
-0.015517,0.061730,0.003015,-0.013829,0.003118,-0.001871,0.059939,-0.373802,-0.022538,0.072377,0.069076,-0.330413,0.482350,-0.238150
-0.014001,0.061943,0.002277,-0.015089,-0.001949,0.004256,0.047085,-0.322213,0.041782,0.041972,0.141195,-0.312313,0.450342,-0.254154
-0.012377,0.062261,0.000877,-0.016087,-0.003054,0.008754,0.023380,-0.286859,0.179896,-0.013720,0.207295,-0.304499,0.424266,-0.264561
-0.010445,0.062614,-0.001189,-0.016766,-0.003008,0.011904,-0.009563,-0.261852,0.375048,-0.090245,0.253369,-0.280842,0.384585,-0.244314
-0.008547,0.062862,-0.003432,-0.017359,-0.002104,0.014039,-0.011033,-0.205181,0.428547,-0.115883,0.326239,-0.270568,0.344320,-0.262910
-0.006433,0.063046,-0.006038,-0.017582,-0.001267,0.015036,0.007846,-0.146622,0.399774,-0.113084,0.415512,-0.292004,0.302629,-0.309121
-0.004521,0.063166,-0.008373,-0.017243,-0.000893,0.014578,0.000178,-0.102408,0.416796,-0.109539,0.439372,-0.287379,0.231532,-0.275774
-0.002503,0.063440,-0.010825,-0.016845,-0.002648,0.014162,-0.018162,-0.076440,0.460510,-0.111216,0.412606,-0.254965,0.172400,-0.205148
-0.000753,0.063660,-0.012875,-0.015953,-0.002441,0.012805,-0.017388,-0.081161,0.448425,-0.094262,0.401265,-0.281590,0.157491,-0.185695
0.000914,0.063980,-0.014728,-0.014250,-0.003481,0.010689,-0.010450,-0.106242,0.457838,-0.085842,0.415059,-0.331546,0.161312,-0.201205
0.002134,0.064236,-0.015875,-0.011777,-0.003092,0.007173,-0.005471,-0.123066,0.448838,-0.080643,0.398949,-0.328652,0.191166,-0.208816
0.003088,0.064463,-0.016454,-0.009199,-0.002536,0.003340,0.006280,-0.155050,0.423586,-0.088912,0.372136,-0.301398,0.224283,-0.215241
0.003711,0.064904,-0.016599,-0.007073,-0.005274,0.000907,0.023258,-0.189049,0.333802,-0.068411,0.358192,-0.308210,0.211482,-0.212484
0.004092,0.065444,-0.016264,-0.004932,-0.005888,-0.001932,0.038565,-0.221994,0.237968,-0.048791,0.340062,-0.333038,0.197678,-0.211360
0.004191,0.065904,-0.015467,-0.003131,-0.005356,-0.004983,0.028326,-0.287119,0.272654,-0.081571,0.270667,-0.341313,0.248263,-0.194114
0.004000,0.066397,-0.014003,-0.001231,-0.005215,-0.008448,0.021443,-0.340348,0.262507,-0.098068,0.194247,-0.342519,0.304748,-0.180096
0.003648,0.066844,-0.012275,-0.000103,-0.005074,-0.010795,0.056393,-0.363963,0.142240,-0.076121,0.211353,-0.351200,0.348282,-0.249755
0.003125,0.067269,-0.010066,0.000651,-0.004409,-0.012754,0.083666,-0.403334,0.036458,-0.053194,0.211091,-0.358859,0.380771,-0.295993
0.002592,0.067679,-0.007906,0.000915,-0.004645,-0.013497,0.069555,-0.433533,0.034596,-0.060155,0.143580,-0.332423,0.371602,-0.241858
0.002003,0.068042,-0.005529,0.000914,-0.003800,-0.013706,0.057511,-0.452846,0.031427,-0.067648,0.082513,-0.319067,0.392207,-0.211619
0.001485,0.068208,-0.003371,0.000672,-0.001839,-0.013499,0.067918,-0.473960,0.001747,-0.056870,0.085188,-0.362831,0.438616,-0.255776
0.001051,0.068268,-0.001310,-0.000085,-0.000562,-0.011881,0.076350,-0.475135,-0.036521,-0.041885,0.101601,-0.379538,0.460622,-0.291522
0.000805,0.068336,0.000179,-0.000872,-0.000763,-0.009311,0.072846,-0.454079,-0.052389,-0.044545,0.092047,-0.332435,0.474692,-0.291299
0.000741,0.068546,0.001246,-0.001809,-0.002280,-0.006152,0.055206,-0.426012,-0.016163,-0.058636,0.083874,-0.303095,0.476098,-0.274094
0.000951,0.069074,0.001507,-0.003167,-0.006281,-0.001630,0.033931,-0.400599,0.044090,-0.074573,0.110282,-0.315912,0.442352,-0.259629
0.001372,0.069576,0.001292,-0.004122,-0.005525,0.001241,0.022942,-0.383818,0.110635,-0.093624,0.155602,-0.320864,0.418609,-0.267467
0.001959,0.069996,0.000599,-0.005182,-0.005036,0.004333,0.007374,-0.378848,0.252157,-0.148151,0.187952,-0.299357,0.436607,-0.283138
0.002842,0.070559,-0.000733,-0.006492,-0.006283,0.007678,0.002608,-0.335215,0.282207,-0.161346,0.218283,-0.292622,0.428547,-0.290738
0.003891,0.071107,-0.002461,-0.007915,-0.006724,0.010794,0.012723,-0.274591,0.277235,-0.166094,0.299628,-0.288714,0.385572,-0.322631
0.005158,0.071593,-0.004552,-0.008799,-0.005627,0.012063,-0.003061,-0.244924,0.369750,-0.188271,0.336390,-0.267315,0.342278,-0.307042
0.006404,0.071939,-0.006559,-0.009455,-0.004526,0.012552,-0.028022,-0.209465,0.469786,-0.207403,0.336665,-0.246413,0.281463,-0.249280
0.007799,0.072406,-0.008822,-0.009711,-0.005651,0.013049,-0.017999,-0.175281,0.453636,-0.186642,0.373993,-0.270586,0.249758,-0.255800
0.009025,0.072836,-0.010778,-0.009296,-0.005707,0.012225,-0.000820,-0.156450,0.408068,-0.153934,0.414227,-0.311796,0.232928,-0.280179
0.010196,0.073232,-0.012558,-0.008397,-0.004919,0.010276,-0.010948,-0.164361,0.468111,-0.164293,0.396421,-0.290216,0.218943,-0.246881
0.010971,0.073494,-0.013595,-0.006390,-0.003529,0.006485,-0.018998,-0.179701,0.496260,-0.168423,0.355612,-0.258573,0.217008,-0.206350
0.011470,0.073909,-0.014117,-0.004166,-0.004757,0.003006,0.003801,-0.189137,0.416174,-0.139084,0.372694,-0.296459,0.213840,-0.231812
0.011576,0.074197,-0.013946,-0.001729,-0.003348,-0.001067,0.031560,-0.218547,0.284581,-0.096225,0.374490,-0.348346,0.207737,-0.253152
0.011366,0.074413,-0.013145,0.000259,-0.002054,-0.004616,0.032283,-0.281333,0.258499,-0.100493,0.301578,-0.329638,0.220962,-0.213913
0.010904,0.074542,-0.011895,0.002023,-0.001022,-0.007813,0.026133,-0.332869,0.209501,-0.101117,0.200441,-0.313484,0.270676,-0.177582
0.010302,0.074827,-0.010377,0.002700,-0.002563,-0.008761,0.044814,-0.364260,0.108289,-0.083129,0.179505,-0.359776,0.326244,-0.222247
0.009701,0.075313,-0.008913,0.003061,-0.005232,-0.009156,0.061102,-0.395817,0.020481,-0.062157,0.175547,-0.386511,0.369458,-0.268454
0.009069,0.075801,-0.007318,0.002797,-0.004841,-0.009197,0.047578,-0.429886,0.066672,-0.093396,0.130527,-0.328753,0.404156,-0.254599
0.008495,0.076113,-0.005799,0.002520,-0.003209,-0.009499,0.029790,-0.465510,0.146453,-0.134445,0.086979,-0.284509,0.437362,-0.234233
0.007909,0.076305,-0.004136,0.002068,-0.001633,-0.009587,0.044905,-0.452870,0.105662,-0.117615,0.131637,-0.325639,0.439079,-0.277434
0.007442,0.076448,-0.002729,0.001544,-0.001301,-0.008795,0.070512,-0.428469,0.019939,-0.086286,0.186684,-0.363557,0.439963,-0.334192
0.007085,0.076839,-0.001549,0.000808,-0.003998,-0.006811,0.065892,-0.421758,0.005159,-0.076710,0.154505,-0.328682,0.425887,-0.300237
0.006892,0.077123,-0.000767,0.000056,-0.003177,-0.004886,0.040479,-0.418591,0.059820,-0.094511,0.105097,-0.280161,0.402736,-0.235760
0.006884,0.077373,-0.000365,-0.000982,-0.002646,-0.002315,0.023575,-0.434076,0.155774,-0.124522,0.112654,-0.300191,0.413746,-0.238151
0.007115,0.077645,-0.000522,-0.002303,-0.003283,0.000982,0.026281,-0.408851,0.155070,-0.117542,0.161393,-0.351908,0.427829,-0.284184
0.007616,0.077862,-0.001204,-0.003681,-0.002555,0.003931,0.034775,-0.365813,0.163596,-0.129712,0.212341,-0.331755,0.450081,-0.332009
0.008316,0.077936,-0.002202,-0.005419,-0.001165,0.006239,0.014922,-0.335730,0.262461,-0.164481,0.222059,-0.263169,0.442520,-0.312874
0.009392,0.078072,-0.003859,-0.007374,-0.001990,0.009560,-0.003631,-0.284280,0.322295,-0.171731,0.255763,-0.236992,0.363128,-0.272007
0.010746,0.078690,-0.006175,-0.009351,-0.008189,0.014476,0.005723,-0.230123,0.314560,-0.140299,0.331630,-0.278370,0.299346,-0.286479
0.012388,0.079510,-0.009026,-0.010312,-0.010102,0.016451,-0.003300,-0.200390,0.399027,-0.144128,0.362293,-0.306684,0.284414,-0.283551
0.013894,0.080298,-0.011598,-0.010283,-0.010608,0.016080,-0.044256,-0.211340,0.656454,-0.227723,0.344116,-0.250088,0.292539,-0.234063
0.015354,0.081029,-0.013956,-0.009510,-0.009189,0.013597,-0.039832,-0.201191,0.712348,-0.239160,0.381674,-0.218822,0.276638,-0.242331
0.016325,0.081444,-0.015309,-0.007453,-0.005728,0.008457,0.013978,-0.180196,0.573429,-0.196341,0.495675,-0.271284,0.224174,-0.323282
0.016823,0.081619,-0.015705,-0.004366,-0.002143,0.002284,0.035021,-0.184285,0.482706,-0.154757,0.496538,-0.302439,0.169775,-0.304550
0.016841,0.081754,-0.015351,-0.001288,-0.001390,-0.002210,0.033388,-0.215510,0.393969,-0.115945,0.368475,-0.285473,0.139994,-0.199642
0.016364,0.081822,-0.014186,0.001949,-0.000076,-0.006723,0.047963,-0.272064,0.233807,-0.068032,0.269637,-0.317912,0.165653,-0.163123
0.015572,0.081848,-0.012528,0.004346,0.000698,-0.010362,0.056394,-0.346185,0.142771,-0.051542,0.217013,-0.386561,0.240471,-0.192804
0.014419,0.081781,-0.010239,0.006194,0.001937,-0.013191,0.051754,-0.412356,0.081007,-0.056412,0.135178,-0.393132,0.327726,-0.204804
0.013146,0.081477,-0.007676,0.007313,0.004977,-0.016033,0.060512,-0.453795,0.012903,-0.065948,0.084475,-0.344587,0.405579,-0.232677
0.011755,0.081003,-0.004821,0.007251,0.006470,-0.016468,0.070679,-0.471805,-0.069538,-0.061380,0.077100,-0.336255,0.453611,-0.273588
0.010625,0.080641,-0.002521,0.006482,0.005287,-0.014372,0.075926,-0.463235,-0.178209,-0.028457,0.074599,-0.363308,0.435997,-0.275474
0.009634,0.080323,-0.000568,0.005450,0.004197,-0.011270,0.063078,-0.449352,-0.192214,-0.026290,0.056457,-0.353780,0.429319,-0.256157
0.009144,0.080337,0.000265,0.003328,0.000139,-0.005213,0.025974,-0.455496,-0.078148,-0.070432,0.010738,-0.327932,0.468634,-0.228671
0.009039,0.080613,0.000178,0.001395,-0.003066,0.000502,0.004549,-0.441419,0.004552,-0.101504,0.026198,-0.326728,0.483508,-0.235665
0.009276,0.081025,-0.000671,-0.000253,-0.005199,0.005311,-0.003444,-0.404398,0.153781,-0.159387,0.135715,-0.310533,0.507856,-0.311784
0.009906,0.081686,-0.002408,-0.002068,-0.007824,0.010018,-0.021893,-0.363105,0.305934,-0.220929,0.207406,-0.275873,0.510804,-0.341183
0.010738,0.082170,-0.004373,-0.003901,-0.006506,0.012276,-0.025167,-0.303541,0.376744,-0.252869,0.287074,-0.236957,0.417910,-0.324234
0.011956,0.082775,-0.007047,-0.005810,-0.007675,0.015427,-0.025376,-0.254116,0.453324,-0.276043,0.373743,-0.223205,0.333784,-0.324021
0.013226,0.083409,-0.009692,-0.006935,-0.008764,0.016531,-0.025924,-0.206585,0.466639,-0.254823,0.396420,-0.262317,0.267712,-0.297340
0.014638,0.084179,-0.012525,-0.007372,-0.009806,0.016359,-0.035321,-0.170340,0.549556,-0.268862,0.412218,-0.271695,0.227505,-0.270786
0.015793,0.084794,-0.014749,-0.006749,-0.008548,0.013890,-0.040664,-0.175871,0.614169,-0.272157,0.403354,-0.253893,0.237213,-0.256595
0.016768,0.085457,-0.016563,-0.005408,-0.008302,0.010476,-0.023680,-0.182935,0.596395,-0.252106,0.426874,-0.255797,0.210370,-0.261698
0.017183,0.085845,-0.017295,-0.002597,-0.005070,0.004569,0.004518,-0.191634,0.503362,-0.208885,0.448036,-0.279074,0.185510,-0.276556
0.017033,0.086053,-0.017023,0.000844,-0.002131,-0.001572,0.017209,-0.229664,0.447480,-0.187030,0.402347,-0.298342,0.184068,-0.251385
0.016368,0.086109,-0.015863,0.004168,0.000068,-0.007248,0.030105,-0.280342,0.308626,-0.142680,0.310338,-0.317640,0.187071,-0.203051
0.015259,0.086158,-0.013963,0.006541,0.000514,-0.010956,0.055233,-0.337257,0.125918,-0.101156,0.247413,-0.348711,0.220392,-0.208603
0.014018,0.086301,-0.011886,0.008079,-0.000538,-0.012982,0.063121,-0.408970,0.007473,-0.080129,0.162574,-0.381476,0.296838,-0.219272
0.012459,0.086268,-0.009223,0.009190,0.001617,-0.015361,0.046597,-0.468631,-0.007127,-0.100129,0.067260,-0.370369,0.371310,-0.206480
0.010971,0.086087,-0.006652,0.009409,0.003316,-0.016073,0.036994,-0.510099,0.009495,-0.135051,0.027073,-0.336659,0.453409,-0.234435
0.009470,0.085985,-0.004081,0.008860,0.002068,-0.014830,0.058816,-0.512012,-0.107587,-0.108188,0.047882,-0.350973,0.494457,-0.296385
0.008455,0.086315,-0.002545,0.007134,-0.003395,-0.009600,0.071852,-0.486303,-0.187414,-0.090155,0.088362,-0.358504,0.486164,-0.330175
0.007777,0.086845,-0.001753,0.005094,-0.005600,-0.004568,0.036096,-0.487631,-0.091006,-0.132687,0.050142,-0.313918,0.479493,-0.279249
0.007626,0.087596,-0.002024,0.002680,-0.009019,0.001691,-0.021663,-0.492554,0.160775,-0.233240,0.028704,-0.263544,0.482224,-0.228153
0.007812,0.088501,-0.003001,0.000906,-0.010202,0.005635,-0.027283,-0.457690,0.266978,-0.267810,0.113287,-0.288287,0.510090,-0.295787
0.008291,0.089221,-0.004411,-0.001036,-0.008990,0.008817,-0.007189,-0.398718,0.339970,-0.299962,0.265513,-0.308468,0.516861,-0.404105
0.009081,0.089804,-0.006326,-0.002784,-0.006976,0.011052,-0.009255,-0.352073,0.403353,-0.320528,0.321752,-0.247120,0.453124,-0.389293
0.010021,0.090229,-0.008344,-0.004422,-0.005769,0.012604,-0.013779,-0.284265,0.427960,-0.311506,0.347940,-0.186629,0.328655,-0.321707
0.011293,0.090683,-0.010812,-0.006287,-0.005873,0.014244,-0.017590,-0.229660,0.442623,-0.291624,0.379783,-0.232691,0.259918,-0.297527
0.012432,0.090907,-0.012833,-0.006712,-0.003548,0.012628,-0.028098,-0.205292,0.478739,-0.272604,0.381259,-0.305751,0.225496,-0.267721
0.013504,0.090921,-0.014558,-0.006361,-0.000900,0.009957,-0.032062,-0.194756,0.542854,-0.263740,0.379354,-0.283108,0.233213,-0.255600
0.014240,0.090748,-0.015575,-0.005301,0.001532,0.006354,-0.005731,-0.199886,0.465562,-0.212235,0.377476,-0.260144,0.256356,-0.275041
0.014639,0.090373,-0.015869,-0.003468,0.003980,0.001689,0.025192,-0.198485,0.342795,-0.147092,0.400387,-0.288441,0.209494,-0.277828
0.014662,0.090011,-0.015519,-0.001462,0.004498,-0.002189,0.030564,-0.220368,0.282038,-0.104838,0.360668,-0.307636,0.179783,-0.234823
0.014316,0.089522,-0.014506,0.000655,0.005888,-0.005843,0.029644,-0.269789,0.206296,-0.071778,0.254674,-0.325727,0.199002,-0.174547
0.013818,0.089064,-0.013286,0.001848,0.006091,-0.007625,0.039377,-0.329058,0.132542,-0.053244,0.192211,-0.355601,0.253580,-0.176433
0.013210,0.088461,-0.011683,0.001745,0.007379,-0.009248,0.051316,-0.374833,0.048400,-0.036715,0.157135,-0.378306,0.330483,-0.219563
0.012622,0.087801,-0.010018,0.001489,0.008662,-0.010405,0.050210,-0.396715,0.037718,-0.052346,0.130306,-0.356320,0.395297,-0.248234
0.012042,0.087097,-0.008316,0.001214,0.008463,-0.009814,0.051244,-0.398598,0.025670,-0.040202,0.110695,-0.321275,0.427037,-0.254395
0.011659,0.086466,-0.007022,0.000341,0.008087,-0.008095,0.064493,-0.386435,-0.032082,-0.006880,0.132573,-0.321027,0.408486,-0.266093
0.011382,0.085676,-0.005812,-0.000562,0.009168,-0.006978,0.057012,-0.379183,-0.017535,-0.008179,0.147418,-0.331905,0.389460,-0.259012
0.011263,0.084911,-0.004966,-0.001300,0.009458,-0.005288,0.029747,-0.371291,0.066866,-0.033360,0.118107,-0.324649,0.394639,-0.222632
0.011307,0.083950,-0.004309,-0.002402,0.010815,-0.003790,0.030872,-0.349586,0.063661,-0.022759,0.124568,-0.326478,0.403802,-0.231379
0.011473,0.082936,-0.003922,-0.003197,0.012233,-0.002419,0.045926,-0.323678,0.038516,-0.008442,0.186579,-0.336788,0.403979,-0.281684
0.011806,0.081736,-0.003809,-0.003987,0.013231,-0.000656,0.038808,-0.291722,0.054459,0.001734,0.202866,-0.323592,0.381774,-0.270617
0.332286,-0.203978,0.064455,-0.000218,-0.000561,0.000405,0.000000,0.000000,0.000000,0.000000,0.000000,0.000000,0.000000,0.000000
0.332246,-0.203996,0.064357,-0.000327,-0.001204,0.000732,0.451009,0.762450,0.232903,1.000000,0.575954,-0.651532,0.224385,-0.432007
0.331976,-0.204016,0.063959,0.000161,-0.004350,0.002297,0.448944,0.761946,0.253090,1.000000,0.577833,-0.649098,0.227223,-0.432579
0.331191,-0.204101,0.063148,0.003145,-0.009049,0.005068,0.311293,0.523992,0.385951,1.000000,0.433354,0.030980,-0.603767,0.189003
0.329338,-0.204659,0.061590,0.009340,-0.011650,0.008989,0.299537,0.517503,0.453976,1.000000,0.442329,0.040138,-0.596779,0.190479
0.326364,-0.205640,0.059508,0.019386,-0.013909,0.013010,0.235102,0.461151,0.609027,1.000000,0.239599,-0.608677,-0.149048,0.095994
0.321556,-0.207068,0.056707,0.032811,-0.015786,0.016163,0.179371,0.484608,0.663084,1.000000,0.252357,-0.612371,-0.136288,0.104464
0.315598,-0.208493,0.053963,0.049537,-0.015947,0.017150,0.216746,0.533963,0.554816,1.000000,0.424868,-0.193484,-0.013967,-0.051666
0.307080,-0.210094,0.050563,0.068952,-0.019313,0.019617,0.131423,0.559041,0.518144,1.000000,0.434428,-0.203010,-0.007913,-0.033931
0.297205,-0.211294,0.047106,0.090136,-0.025272,0.021599,-0.050755,0.624201,0.511893,1.000000,0.444884,-0.376913,-0.304923,0.161424
0.284796,-0.211494,0.043727,0.111557,-0.032334,0.019494,-0.181714,0.619572,0.447343,0.724744,0.409097,-0.405627,-0.271773,0.200485
0.272365,-0.210052,0.041670,0.131680,-0.039039,0.012863,-0.290875,0.523549,0.328132,0.387698,0.247802,-0.470082,0.000171,0.177620
0.258605,-0.206388,0.041371,0.149034,-0.043076,0.001726,-0.373818,0.453163,0.033043,0.064474,0.233460,-0.520488,0.016218,0.158850
0.246082,-0.201149,0.043102,0.162349,-0.045574,-0.010815,-0.406743,0.356144,-0.363404,-0.203066,0.289163,-0.482928,-0.004420,0.063022
0.232714,-0.193927,0.046419,0.169897,-0.051099,-0.019150,-0.448167,0.198163,-0.786726,-0.433669,0.141686,-0.525562,0.030936,0.046861
0.220726,-0.186333,0.050500,0.172028,-0.054668,-0.025500,-0.499965,0.056991,-1.000000,-0.606781,-0.077278,-0.590621,0.063454,0.104041
0.207983,-0.177450,0.055279,0.170499,-0.060973,-0.027570,-0.543763,-0.089725,-1.000000,-0.786830,-0.246638,-0.563517,0.264561,0.037483
0.196379,-0.169087,0.059726,0.167323,-0.064722,-0.027781,-0.523067,-0.213597,-1.000000,-0.843788,-0.317265,-0.537203,0.472865,-0.090422
0.183849,-0.160117,0.064230,0.163918,-0.067928,-0.026005,-0.472848,-0.310972,-1.000000,-0.849284,-0.279415,-0.493618,0.546935,-0.198258
0.172247,-0.152040,0.067770,0.159019,-0.071612,-0.022106,-0.446224,-0.355972,-1.000000,-0.861004,-0.253141,-0.433846,0.550490,-0.230295
0.159624,-0.143321,0.070568,0.153459,-0.079185,-0.016155,-0.460083,-0.377169,-1.000000,-0.938818,-0.272431,-0.412713,0.552431,-0.206270
0.147997,-0.135636,0.071917,0.145499,-0.083333,-0.008425,-0.485325,-0.391835,-1.000000,-1.000000,-0.274852,-0.421818,0.557119,-0.191650
0.135633,-0.127576,0.072119,0.136863,-0.087580,-0.001164,-0.507913,-0.431412,-0.788318,-1.000000,-0.238249,-0.411895,0.581249,-0.227170
0.124588,-0.120083,0.071181,0.126977,-0.093936,0.005861,-0.530806,-0.414241,-0.548893,-1.000000,-0.181539,-0.382987,0.628579,-0.277018
0.113250,-0.111579,0.069378,0.117093,-0.101177,0.010401,-0.520746,-0.399944,-0.368586,-1.000000,-0.093658,-0.359482,0.692174,-0.347543
0.103641,-0.103205,0.068003,0.108628,-0.105486,0.008593,-0.497068,-0.396142,-0.154517,-1.000000,0.025975,-0.311526,0.679726,-0.387018
0.094280,-0.093584,0.067482,0.101018,-0.107606,0.003009,-0.467061,-0.416416,0.052603,-1.000000,0.121539,-0.250065,0.615814,-0.388051
0.086642,-0.084469,0.068183,0.093377,-0.106020,-0.004386,-0.389159,-0.492714,0.068003,-1.000000,0.158909,-0.262508,0.533379,-0.378003
0.079465,-0.074770,0.070863,0.086654,-0.098548,-0.015462,-0.286616,-0.610448,-0.029335,-1.000000,0.149067,-0.328794,0.474653,-0.372311
0.073696,-0.066004,0.074867,0.079798,-0.092385,-0.025021,-0.200739,-0.715571,-0.143390,-0.923217,0.064303,-0.381767,0.501077,-0.377166
0.068146,-0.057086,0.080875,0.074568,-0.082619,-0.034674,-0.101963,-0.810538,-0.403962,-0.723915,-0.065662,-0.421176,0.549598,-0.393252
0.063470,-0.049750,0.087697,0.070040,-0.069786,-0.042638,-0.015644,-0.905942,-0.599353,-0.546343,-0.161105,-0.422678,0.596896,-0.408163
0.058758,-0.042995,0.095950,0.065681,-0.055943,-0.047591,0.020100,-0.973006,-0.767755,-0.409706,-0.301790,-0.425576,0.653379,-0.368686
0.054585,-0.037701,0.103422,0.061509,-0.046466,-0.046707,0.049834,-0.957429,-0.965408,-0.272200,-0.398607,-0.456505,0.684765,-0.333550
0.050072,-0.033042,0.110712,0.058949,-0.037361,-0.042073,0.080565,-0.910041,-1.000000,-0.127606,-0.436608,-0.490965,0.724421,-0.341868
0.045715,-0.029641,0.116124,0.058449,-0.030297,-0.033811,0.060164,-0.861378,-1.000000,-0.065658,-0.471990,-0.476670,0.729366,-0.302699
0.040709,-0.026634,0.119705,0.058638,-0.027365,-0.020653,0.023983,-0.788367,-1.000000,-0.070166,-0.476030,-0.435011,0.702282,-0.249267
0.035810,-0.024292,0.120462,0.059085,-0.026727,-0.004735,-0.035867,-0.707182,-1.000000,-0.137913,-0.447255,-0.434910,0.705295,-0.242160
0.030204,-0.021929,0.118308,0.059800,-0.028638,0.012431,-0.142237,-0.618698,-0.964805,-0.309979,-0.400154,-0.435874,0.705152,-0.239812
0.024829,-0.019925,0.113683,0.060130,-0.029034,0.028888,-0.270814,-0.493549,-0.701519,-0.546570,-0.317023,-0.378628,0.712638,-0.252555
0.018982,-0.017754,0.106045,0.058921,-0.030337,0.044066,-0.398290,-0.348583,-0.398614,-0.812386,-0.186186,-0.313445,0.728810,-0.305766
0.013745,-0.015544,0.097242,0.056425,-0.032494,0.055038,-0.481429,-0.141336,-0.211682,-1.000000,0.044398,-0.276854,0.659808,-0.386248
0.008487,-0.012807,0.086715,0.052041,-0.034966,0.060715,-0.537997,0.097044,-0.031861,-1.000000,0.298702,-0.213556,0.516511,-0.433471
0.004163,-0.010245,0.077206,0.046895,-0.033470,0.059457,-0.576013,0.261198,0.137584,-1.000000,0.438287,-0.132246,0.295511,-0.355940
0.000237,-0.007580,0.067952,0.039843,-0.030548,0.053368,-0.577175,0.309389,0.265404,-1.000000,0.496835,-0.113062,0.074478,-0.211757
-0.002594,-0.005266,0.060936,0.031727,-0.027617,0.043882,-0.534144,0.285250,0.208936,-1.000000,0.499969,-0.216104,-0.040843,-0.143584
-0.004672,-0.002601,0.054911,0.021753,-0.028737,0.034770,-0.460242,0.208599,0.096540,-0.959203,0.470759,-0.355486,-0.016380,-0.168333
-0.005709,-0.000447,0.051241,0.011986,-0.024976,0.022915,-0.372841,0.113796,-0.014353,-0.773499,0.397063,-0.399600,0.068260,-0.199913
-0.005955,0.001451,0.049482,0.002672,-0.020516,0.010148,-0.279596,0.006105,0.008589,-0.595747,0.336954,-0.342314,0.155672,-0.230397
-0.005414,0.002801,0.049873,-0.006460,-0.016162,-0.002447,-0.170810,-0.101793,-0.064979,-0.341389,0.269120,-0.333939,0.211176,-0.232196
-0.004147,0.003960,0.052169,-0.014144,-0.013155,-0.013242,-0.024443,-0.207844,-0.249349,-0.019869,0.234343,-0.392980,0.201713,-0.237560
-0.002548,0.004932,0.055447,-0.019519,-0.012086,-0.020488,0.102810,-0.348206,-0.370690,0.289374,0.135282,-0.447129,0.250249,-0.218723
-0.000589,0.005865,0.059662,-0.022233,-0.010633,-0.024314,0.167784,-0.494646,-0.344140,0.495463,-0.067508,-0.454094,0.354688,-0.137463
0.001339,0.006947,0.063375,-0.023781,-0.012965,-0.023210,0.205504,-0.590224,-0.250633,0.590827,-0.195004,-0.437055,0.482388,-0.116648
0.003514,0.008528,0.066743,-0.024706,-0.017224,-0.019431,0.247895,-0.627002,-0.236381,0.638721,-0.191815,-0.439090,0.587994,-0.183689
0.005636,0.010405,0.068965,-0.025980,-0.022056,-0.013888,0.258690,-0.625725,-0.141458,0.607386,-0.127044,-0.401097,0.614937,-0.234515
0.008014,0.012744,0.070539,-0.026690,-0.025391,-0.009080,0.227522,-0.610811,0.045730,0.523097,-0.091776,-0.328549,0.591042,-0.218145
0.010279,0.014971,0.071281,-0.027329,-0.026310,-0.004638,0.206098,-0.591726,0.214712,0.454006,-0.037724,-0.305031,0.553190,-0.215991
0.012871,0.017479,0.071071,-0.028366,-0.027623,0.001212,0.217840,-0.576719,0.265619,0.437529,0.048408,-0.341635,0.518171,-0.260630
0.015412,0.019880,0.069687,-0.029343,-0.029244,0.008649,0.227307,-0.543926,0.283127,0.421716,0.111797,-0.353847,0.491984,-0.293083
0.018337,0.022367,0.066860,-0.030213,-0.028844,0.016312,0.196654,-0.505722,0.434935,0.347835,0.118033,-0.305451,0.498384,-0.281693
0.021204,0.024564,0.063037,-0.030947,-0.028797,0.023894,0.144566,-0.452179,0.642903,0.251430,0.137762,-0.258281,0.491586,-0.261076
0.024535,0.026813,0.057659,-0.032072,-0.028690,0.031026,0.121753,-0.358652,0.733477,0.198657,0.254793,-0.256679,0.442866,-0.298184
0.027826,0.028629,0.051892,-0.033446,-0.026967,0.036041,0.108506,-0.261645,0.782050,0.152430,0.391168,-0.261525,0.377526,-0.341964
0.031468,0.030141,0.045483,-0.033767,-0.022849,0.036994,0.071613,-0.172909,0.912166,0.098422,0.457723,-0.230649,0.295046,-0.313713
0.034726,0.031173,0.040012,-0.032664,-0.018766,0.034183,0.042855,-0.085694,1.000000,0.078566,0.498097,-0.204719,0.207236,-0.270166
0.037819,0.031975,0.035330,-0.029006,-0.014469,0.027021,0.053545,-0.016879,0.924349,0.124083,0.559790,-0.239693,0.119589,-0.264785
0.039952,0.032380,0.032797,-0.022371,-0.008408,0.015828,0.076590,0.000181,0.779388,0.196050,0.579596,-0.287500,0.042875,-0.244886
0.041296,0.032599,0.032018,-0.013897,-0.003484,0.004496,0.094395,-0.045372,0.619654,0.270555,0.495031,-0.308765,0.008981,-0.173192
0.041594,0.032830,0.032738,-0.004425,-0.001644,-0.004503,0.121478,-0.138452,0.344690,0.356238,0.347345,-0.354352,0.024717,-0.100072
0.041011,0.033245,0.034429,0.004485,-0.002137,-0.009755,0.147827,-0.255011,0.052314,0.413582,0.206452,-0.428241,0.090414,-0.076046
0.039770,0.033706,0.036520,0.012159,-0.002293,-0.013070,0.132927,-0.384856,-0.098268,0.379601,0.038457,-0.462181,0.224114,-0.065212
0.037911,0.034304,0.038931,0.017613,-0.003265,-0.013912,0.080249,-0.478851,-0.121131,0.251859,-0.113351,-0.434464,0.381391,-0.069626
0.035887,0.034857,0.041046,0.021369,-0.003595,-0.013218,0.052536,-0.512966,-0.203467,0.135058,-0.146107,-0.410529,0.506457,-0.149718
0.033562,0.035488,0.042861,0.023356,-0.004688,-0.010470,0.048238,-0.506170,-0.308603,0.056881,-0.074320,-0.404152,0.562038,-0.263797
0.031463,0.036169,0.043802,0.023746,-0.006934,-0.005882,0.016715,-0.474171,-0.348263,-0.018848,-0.037798,-0.374385,0.549388,-0.287365
0.029358,0.036897,0.044062,0.022800,-0.007714,-0.001499,-0.039798,-0.435238,-0.290414,-0.117724,-0.048418,-0.327489,0.513444,-0.238995
0.027602,0.037723,0.043489,0.021695,-0.010465,0.003578,-0.085782,-0.405316,-0.188240,-0.200298,-0.031275,-0.323134,0.501293,-0.227039
0.025895,0.038624,0.042204,0.020438,-0.011125,0.007418,-0.095324,-0.366865,-0.153916,-0.224084,0.041099,-0.360411,0.495249,-0.278216
0.024582,0.039630,0.040189,0.018528,-0.013932,0.012588,-0.103980,-0.331480,-0.068755,-0.278346,0.119897,-0.345419,0.494991,-0.326186
0.023423,0.040760,0.037314,0.016668,-0.014884,0.016599,-0.125178,-0.291192,0.017368,-0.327126,0.139978,-0.286693,0.475365,-0.304144
0.022541,0.041673,0.034386,0.014937,-0.013458,0.018288,-0.145358,-0.240672,0.150704,-0.387532,0.199150,-0.249817,0.422259,-0.289675
0.021824,0.042654,0.030842,0.012972,-0.013565,0.020456,-0.156590,-0.190210,0.232786,-0.414495,0.276913,-0.272224,0.369059,-0.301589
0.021466,0.044136,0.026800,0.010687,-0.020977,0.025259,-0.138417,-0.141112,0.192829,-0.383212,0.338602,-0.301838,0.295250,-0.306716
0.021450,0.046100,0.021696,0.007924,-0.025441,0.029453,-0.134276,-0.109016,0.230488,-0.380663,0.364370,-0.280442,0.261349,-0.292830
0.021691,0.047975,0.016768,0.005590,-0.026329,0.030783,-0.186035,-0.135061,0.536379,-0.490120,0.332410,-0.232856,0.283133,-0.235804
0.022146,0.050145,0.011371,0.003903,-0.027960,0.031139,-0.212002,-0.123431,0.751967,-0.552479,0.366567,-0.219699,0.273272,-0.223986
0.022542,0.052035,0.006908,0.003630,-0.026241,0.027889,-0.147724,-0.080036,0.676277,-0.508460,0.526722,-0.252613,0.251677,-0.353261
0.022783,0.053841,0.003133,0.004123,-0.022829,0.021778,-0.108816,-0.067653,0.641469,-0.481295,0.600668,-0.251772,0.205718,-0.387208
0.022712,0.055247,0.000885,0.005367,-0.018682,0.014058,-0.105939,-0.073875,0.625507,-0.441372,0.517828,-0.206688,0.106832,-0.262035
0.022171,0.056629,-0.000201,0.008005,-0.016029,0.006265,-0.077538,-0.106089,0.494058,-0.365136,0.446054,-0.234341,0.055147,-0.194908
0.021191,0.057822,-0.000014,0.011282,-0.014058,-0.001169,-0.036352,-0.184476,0.288437,-0.268182,0.390023,-0.362983,0.093443,-0.211450
0.019757,0.059026,0.001201,0.013334,-0.012342,-0.007009,-0.013939,-0.288764,0.140312,-0.212181,0.277095,-0.421604,0.167781,-0.199888
0.018182,0.060157,0.002970,0.014826,-0.012163,-0.011052,-0.002618,-0.400788,0.046953,-0.198036,0.131305,-0.366545,0.289541,-0.187017
0.016332,0.061478,0.005323,0.015440,-0.013061,-0.013581,0.014612,-0.478160,-0.033841,-0.183049,0.052618,-0.345760,0.404956,-0.228394
0.014580,0.062593,0.007825,0.015100,-0.011770,-0.015639,0.026992,-0.520826,-0.083483,-0.179958,0.051333,-0.377250,0.469891,-0.288625
0.012743,0.063770,0.010530,0.014341,-0.011603,-0.015611,0.029066,-0.554695,-0.090138,-0.190631,0.040456,-0.360625,0.499223,-0.303609
0.011136,0.064749,0.012925,0.013415,-0.010539,-0.014967,0.040840,-0.562042,-0.141190,-0.170734,0.017819,-0.323377,0.512295,-0.301804
0.009655,0.065672,0.015162,0.011265,-0.009289,-0.012896,0.044285,-0.559206,-0.148833,-0.170393,0.022614,-0.330405,0.523278,-0.315979
0.008591,0.066542,0.016608,0.009119,-0.009845,-0.009040,0.029256,-0.550245,-0.127719,-0.173383,0.015205,-0.350859,0.514564,-0.300890
0.007922,0.067927,0.016967,0.006523,-0.015114,-0.002073,0.023366,-0.521702,-0.094934,-0.169727,0.026652,-0.333271,0.512330,-0.301566
0.007741,0.069547,0.016240,0.004001,-0.019502,0.004545,0.011465,-0.497522,-0.001667,-0.195174,0.054037,-0.309560,0.544379,-0.327405
0.007968,0.071204,0.014595,0.001450,-0.018668,0.009495,-0.030919,-0.480922,0.251021,-0.288818,0.099010,-0.275584,0.545274,-0.322194
0.008602,0.072592,0.012359,-0.001587,-0.017215,0.013974,-0.056046,-0.442074,0.451832,-0.362331,0.180893,-0.235419,0.513912,-0.329268
0.009744,0.073979,0.009222,-0.004695,-0.016211,0.018103,-0.028212,-0.355709,0.440365,-0.350693,0.314060,-0.244875,0.465249,-0.393851
0.011111,0.075026,0.005983,-0.007323,-0.013681,0.020234,-0.012476,-0.270287,0.446465,-0.329474,0.408658,-0.258512,0.386327,-0.408475
0.012776,0.075854,0.002436,-0.009114,-0.010514,0.020463,-0.038557,-0.206255,0.575167,-0.330734,0.411881,-0.215688,0.285185,-0.325305
0.014336,0.076312,-0.000513,-0.010209,-0.006903,0.018428,-0.048633,-0.155961,0.627374,-0.300734,0.408338,-0.199951,0.213948,-0.262117
0.015877,0.076505,-0.003046,-0.010272,-0.003399,0.014629,-0.026290,-0.123600,0.560030,-0.235564,0.454697,-0.268753,0.177797,-0.275386
0.017061,0.076520,-0.004717,-0.009314,-0.001183,0.010436,-0.000810,-0.119160,0.469036,-0.153952,0.464103,-0.318946,0.151495,-0.272263
0.018026,0.076427,-0.005791,-0.007765,0.000385,0.006194,0.016324,-0.141435,0.395463,-0.083853,0.402710,-0.297196,0.147395,-0.225825
0.018603,0.076420,-0.006243,-0.005577,-0.000223,0.002828,0.024857,-0.188213,0.343254,-0.040505,0.324758,-0.291873,0.173674,-0.184447
0.018824,0.076298,-0.005933,-0.003249,0.001534,-0.001791,0.034487,-0.238657,0.284197,-0.003154,0.278260,-0.339073,0.200949,-0.175478
0.018718,0.076180,-0.005107,-0.001101,0.001981,-0.005160,0.043078,-0.293878,0.249749,-0.001973,0.250732,-0.363070,0.251234,-0.198043
0.018285,0.075883,-0.003544,0.000647,0.004269,-0.009021,0.063466,-0.341372,0.142083,0.023800,0.198862,-0.355998,0.310650,-0.216144
0.017836,0.075714,-0.002002,0.000967,0.003058,-0.009632,0.078254,-0.373158,0.060637,0.028123,0.169878,-0.343251,0.345333,-0.233727
0.017361,0.075498,-0.000248,0.000631,0.003447,-0.010127,0.080918,-0.397203,-0.019448,0.050359,0.125737,-0.350530,0.363718,-0.226527
0.016978,0.075267,0.001323,0.000125,0.003754,-0.009810,0.067280,-0.415322,0.021616,0.030382,0.099362,-0.346265,0.383601,-0.219012
0.016622,0.074978,0.002908,-0.000215,0.004090,-0.009148,0.059499,-0.425224,0.045427,0.032370,0.074204,-0.342655,0.427084,-0.225747
0.016356,0.074572,0.004252,-0.000598,0.005659,-0.008395,0.074375,-0.414674,0.014782,0.047734,0.103752,-0.346879,0.442035,-0.263201
0.016194,0.073988,0.005477,-0.001372,0.007103,-0.007066,0.078976,-0.400757,0.005053,0.051958,0.134409,-0.336145,0.439771,-0.282236
0.016277,0.073483,0.006100,-0.002712,0.006393,-0.003896,0.065243,-0.376208,0.010810,0.050195,0.123401,-0.318429,0.412856,-0.249139
0.016666,0.073109,0.006049,-0.004148,0.004079,0.000292,0.054659,-0.344734,0.021286,0.054108,0.126256,-0.319636,0.388707,-0.228672
0.017477,0.073266,0.004881,-0.006461,-0.002603,0.007305,0.038297,-0.321989,0.102903,0.037788,0.151149,-0.330715,0.394718,-0.237677
0.018585,0.073501,0.003056,-0.007566,-0.003704,0.010526,0.012980,-0.303121,0.240269,-0.005949,0.175986,-0.314792,0.402256,-0.238449
0.019735,0.073653,0.001121,-0.008374,-0.003163,0.012104,-0.017320,-0.281625,0.494245,-0.102904,0.243467,-0.256863,0.412610,-0.257013
0.021132,0.073751,-0.001195,-0.009475,-0.002681,0.013356,-0.007953,-0.236868,0.524176,-0.112139,0.328182,-0.250837,0.378959,-0.291600
0.022575,0.073958,-0.003604,-0.010541,-0.004396,0.015066,0.032985,-0.177168,0.409070,-0.071698,0.444166,-0.280116,0.265335,-0.325545
0.024348,0.074485,-0.006645,-0.011721,-0.008186,0.017532,0.028851,-0.147144,0.436582,-0.060025,0.450313,-0.272289,0.200142,-0.282841
0.025955,0.075000,-0.009347,-0.011627,-0.008626,0.016892,-0.016666,-0.150895,0.607043,-0.103209,0.355608,-0.249997,0.192184,-0.176836
0.027489,0.075633,-0.011888,-0.010288,-0.009261,0.014662,-0.033922,-0.160661,0.749063,-0.142184,0.361757,-0.258508,0.211305,-0.173488
0.028506,0.076209,-0.013501,-0.007540,-0.008537,0.010088,0.011483,-0.161208,0.649115,-0.101267,0.458851,-0.304505,0.223403,-0.276559
0.028977,0.076651,-0.013987,-0.003900,-0.005331,0.002803,0.050532,-0.174790,0.529547,-0.074550,0.499872,-0.303300,0.193385,-0.310098
0.028752,0.076887,-0.013224,0.000492,-0.001988,-0.004773,0.049286,-0.222047,0.476646,-0.065694,0.403742,-0.263786,0.160887,-0.222817
0.027820,0.077027,-0.011219,0.004908,0.000431,-0.011557,0.061729,-0.283603,0.315405,-0.017930,0.288489,-0.298825,0.143579,-0.150863
0.026383,0.077087,-0.008425,0.009051,0.002162,-0.017470,0.095940,-0.356167,0.076975,0.042822,0.228767,-0.402427,0.187407,-0.178279
0.024389,0.077018,-0.004684,0.011934,0.004115,-0.021589,0.106358,-0.447158,-0.075716,0.064070,0.116345,-0.443498,0.295227,-0.196332
0.022382,0.076949,-0.000999,0.013245,0.004104,-0.023001,0.091008,-0.530073,-0.149177,0.039684,-0.032862,-0.388059,0.400483,-0.173208
0.020253,0.076830,0.002822,0.013243,0.004214,-0.022074,0.087747,-0.562452,-0.237445,0.024038,-0.084837,-0.356861,0.481404,-0.206346
0.018630,0.076934,0.005527,0.011546,0.000767,-0.016908,0.086781,-0.568820,-0.276074,0.012217,-0.057564,-0.386716,0.538550,-0.275079
0.017316,0.077234,0.007398,0.009460,-0.002096,-0.010792,0.063755,-0.549532,-0.250919,-0.013550,-0.046581,-0.378666,0.545964,-0.280562
0.016467,0.077544,0.008262,0.007613,-0.003134,-0.005403,0.022547,-0.520432,-0.068745,-0.100778,-0.027758,-0.301116,0.561975,-0.271977
0.015896,0.077860,0.008374,0.005972,-0.003417,-0.000641,-0.008640,-0.485658,0.094981,-0.166430,0.021614,-0.274222,0.573037,-0.288388
0.015677,0.077966,0.007831,0.004191,-0.001580,0.003392,-0.001456,-0.419072,0.123945,-0.178155,0.150085,-0.303971,0.511593,-0.338096
0.015836,0.078043,0.006375,0.002163,-0.001650,0.008398,0.003485,-0.353867,0.144251,-0.191381,0.248363,-0.296640,0.451434,-0.363912
0.016414,0.078327,0.004074,-0.000165,-0.004768,0.014384,-0.017700,-0.289888,0.197850,-0.206206,0.248208,-0.263390,0.394415,-0.309883
0.017368,0.078664,0.000918,-0.001960,-0.005530,0.018225,-0.051138,-0.228102,0.321865,-0.243505,0.262219,-0.247012,0.337419,-0.258609
0.018511,0.079165,-0.002508,-0.003543,-0.008240,0.021395,-0.082648,-0.190516,0.506626,-0.297867,0.323963,-0.254122,0.319281,-0.263938
0.019876,0.079578,-0.006330,-0.004569,-0.007049,0.022067,-0.081736,-0.145029,0.560174,-0.302002,0.401596,-0.266584,0.287316,-0.290405
0.021130,0.079794,-0.009664,-0.005013,-0.005103,0.020813,-0.064095,-0.112489,0.595357,-0.308380,0.483141,-0.243626,0.241288,-0.315848
0.022350,0.079857,-0.012791,-0.004799,-0.003008,0.018045,-0.059863,-0.080357,0.597021,-0.287037,0.496141,-0.227842,0.188060,-0.285239
0.023246,0.079886,-0.015189,-0.003523,-0.002380,0.014981,-0.051304,-0.059650,0.552130,-0.250574,0.483831,-0.248604,0.118888,-0.237824
0.023848,0.080021,-0.017161,-0.001180,-0.003083,0.011386,-0.037380,-0.071738,0.483218,-0.200270,0.464876,-0.288357,0.093041,-0.214293
0.024040,0.080337,-0.018501,0.001728,-0.004960,0.008372,-0.033881,-0.115308,0.439841,-0.180815,0.410318,-0.316530,0.121047,-0.194704
0.023762,0.080616,-0.019090,0.004693,-0.003562,0.003400,-0.032878,-0.179614,0.413623,-0.186777,0.343784,-0.319541,0.170668,-0.178911
0.023026,0.080703,-0.018603,0.007283,-0.000603,-0.003043,-0.027787,-0.239776,0.389663,-0.213431,0.313969,-0.312278,0.226110,-0.201466
0.021694,0.080636,-0.017007,0.010183,0.001995,-0.009204,0.000156,-0.282426,0.250597,-0.189872,0.297390,-0.332054,0.264204,-0.242626
0.020145,0.080586,-0.014886,0.012035,0.002288,-0.013257,0.042641,-0.319763,0.038742,-0.123695,0.270443,-0.356927,0.266015,-0.263177
0.018368,0.080726,-0.012375,0.012548,0.000186,-0.014497,0.052846,-0.376356,-0.105942,-0.088823,0.177887,-0.358808,0.280590,-0.228490
0.016719,0.081134,-0.010056,0.012615,-0.003293,-0.014486,0.026946,-0.445627,-0.104890,-0.105438,0.045714,-0.354439,0.334056,-0.168299
0.014922,0.081480,-0.007454,0.012457,-0.002327,-0.015015,0.004620,-0.500221,-0.033497,-0.144410,-0.016074,-0.364237,0.428823,-0.184659
0.013382,0.081769,-0.005268,0.011659,-0.002242,-0.013654,0.017062,-0.540240,0.000303,-0.171164,0.017742,-0.370518,0.523905,-0.281254
0.011888,0.082064,-0.003253,0.010731,-0.002330,-0.011630,0.049589,-0.523854,-0.089640,-0.151154,0.079072,-0.347292,0.548556,-0.355208
0.010751,0.082324,-0.001900,0.009385,-0.002508,-0.008458,0.047482,-0.484155,-0.079838,-0.174355,0.111205,-0.295609,0.528054,-0.356414
0.009886,0.082798,-0.001220,0.007576,-0.004952,-0.003923,0.006850,-0.459276,0.009361,-0.212885,0.083499,-0.273682,0.471254,-0.280013
0.009422,0.083265,-0.001253,0.005624,-0.005579,0.000205,-0.012827,-0.426697,0.062448,-0.227721,0.108536,-0.295329,0.412127,-0.253107
0.009393,0.083947,-0.002241,0.003157,-0.007814,0.005704,-0.016923,-0.412320,0.153344,-0.256353,0.168690,-0.323665,0.446118,-0.311112
0.009654,0.084477,-0.003675,0.001392,-0.006818,0.008958,-0.028770,-0.380552,0.241320,-0.282776,0.193086,-0.313187,0.470394,-0.328771
0.010276,0.084901,-0.005681,-0.000983,-0.005346,0.011572,-0.043222,-0.323615,0.383212,-0.335039,0.256838,-0.240773,0.448215,-0.334241
0.011163,0.085299,-0.007977,-0.003274,-0.005651,0.014355,-0.042909,-0.263871,0.411524,-0.331979,0.328093,-0.218193,0.392994,-0.341164
0.012466,0.085890,-0.010984,-0.005467,-0.007698,0.017346,-0.028459,-0.197678,0.391852,-0.288891,0.409467,-0.250811,0.273981,-0.327295
0.013818,0.086525,-0.013906,-0.006715,-0.008967,0.018264,-0.039999,-0.162430,0.479456,-0.284187,0.426610,-0.255179,0.216663,-0.286398
0.015275,0.087100,-0.016830,-0.007278,-0.007743,0.016858,-0.069901,-0.157540,0.644078,-0.317201,0.386206,-0.242995,0.226123,-0.230216
0.016579,0.087673,-0.019285,-0.007534,-0.008256,0.015349,-0.059696,-0.158367,0.671215,-0.306776,0.411974,-0.255090,0.220004,-0.240415
0.017664,0.088137,-0.021130,-0.006346,-0.006177,0.010644,-0.011036,-0.149449,0.549640,-0.241825,0.493634,-0.278755,0.192814,-0.305886
0.018103,0.088296,-0.021709,-0.003319,-0.002277,0.003615,0.004446,-0.165243,0.538696,-0.220398,0.487440,-0.272847,0.181924,-0.297682
0.017843,0.088141,-0.020953,0.000556,0.002170,-0.004356,0.005217,-0.206344,0.495726,-0.181301,0.381616,-0.267228,0.157417,-0.204279
0.016908,0.087723,-0.019060,0.004892,0.006225,-0.011840,0.043275,-0.255014,0.267565,-0.103961,0.328641,-0.314736,0.137113,-0.186466
0.015378,0.087195,-0.016204,0.008160,0.007437,-0.016484,0.085916,-0.329249,0.004901,-0.023737,0.270536,-0.399014,0.188464,-0.219738
0.013753,0.086724,-0.013257,0.009724,0.007261,-0.018415,0.081981,-0.414720,-0.144615,0.003000,0.111755,-0.425211,0.269327,-0.178777
0.012042,0.086446,-0.010257,0.009804,0.004431,-0.017301,0.050479,-0.485788,-0.152092,-0.037337,-0.036226,-0.372169,0.374548,-0.143220
0.010754,0.086713,-0.008190,0.008662,-0.002274,-0.012921,0.038890,-0.521936,-0.144516,-0.068754,-0.066858,-0.358396,0.492800,-0.207370
0.009647,0.087325,-0.006639,0.007509,-0.006152,-0.008948,0.040836,-0.526504,-0.105700,-0.099897,0.004382,-0.372658,0.554234,-0.302407
0.008948,0.088145,-0.005927,0.006007,-0.009513,-0.004453,0.014524,-0.524534,0.090337,-0.192918,0.068178,-0.304045,0.569491,-0.328216
0.008544,0.088985,-0.005784,0.003994,-0.009180,-0.000825,-0.006565,-0.501289,0.219113,-0.262385,0.101860,-0.235822,0.544464,-0.311979
0.008442,0.089608,-0.006072,0.002177,-0.007517,0.001801,0.004689,-0.458122,0.264099,-0.291096,0.205374,-0.257101,0.483528,-0.346262
0.008836,0.090522,-0.007310,-0.000496,-0.010406,0.007140,0.011283,-0.402070,0.274565,-0.284146,0.282032,-0.298635,0.425674,-0.367333
0.009571,0.091423,-0.009081,-0.002762,-0.011325,0.011063,0.006838,-0.352161,0.290468,-0.278918,0.282099,-0.281602,0.378469,-0.334813
0.010608,0.092191,-0.011240,-0.004587,-0.009179,0.012468,-0.024971,-0.324639,0.482460,-0.333028,0.283471,-0.226933,0.370796,-0.299703
0.011657,0.092625,-0.013154,-0.005881,-0.005952,0.011954,-0.047357,-0.293968,0.611351,-0.356153,0.312253,-0.226516,0.357587,-0.290338
0.012827,0.092946,-0.015041,-0.006831,-0.004299,0.010885,-0.011774,-0.238015,0.527438,-0.297926,0.415412,-0.266021,0.288531,-0.332726
0.014013,0.093456,-0.016860,-0.007800,-0.006958,0.011370,0.023870,-0.202774,0.416010,-0.225251,0.466202,-0.274833,0.237620,-0.348605
0.015182,0.094095,-0.018542,-0.007413,-0.007856,0.009707,0.015057,-0.206425,0.442050,-0.193781,0.395871,-0.256116,0.200163,-0.263180
0.015875,0.094379,-0.019201,-0.005932,-0.003752,0.004118,-0.017012,-0.240684,0.601237,-0.221914,0.325668,-0.241473,0.196929,-0.182201
0.016069,0.094360,-0.018826,-0.003357,0.000406,-0.002165,-0.002636,-0.282052,0.586927,-0.205200,0.330240,-0.289732,0.235809,-0.215560
0.015662,0.094066,-0.017396,-0.000201,0.004350,-0.008940,0.074444,-0.299821,0.297116,-0.094964,0.377038,-0.359298,0.242138,-0.301328
0.014645,0.093404,-0.014772,0.002646,0.008657,-0.015137,0.115511,-0.334368,0.080819,-0.025956,0.330610,-0.350328,0.247542,-0.301934
0.013377,0.092534,-0.011704,0.004365,0.011987,-0.019165,0.092232,-0.406760,0.012924,-0.005904,0.141739,-0.315184,0.263407,-0.178677
0.011967,0.091517,-0.008288,0.004577,0.012697,-0.019714,0.080415,-0.458885,-0.108092,0.029699,0.015423,-0.353777,0.286872,-0.118977
0.010733,0.090490,-0.005276,0.004377,0.013523,-0.018816,0.104440,-0.489807,-0.254073,0.081079,0.007948,-0.441995,0.394439,-0.214774
0.009638,0.089257,-0.002408,0.003066,0.014569,-0.016546,0.093741,-0.509591,-0.236784,0.070127,-0.026088,-0.434536,0.510856,-0.268806
-0.008201,-0.475350,-0.726679,-0.000367,-0.001045,0.000746,0.000000,0.000000,0.000000,0.000000,0.000000,0.000000,0.000000,0.000000
-0.008414,-0.475193,-0.726848,-0.000587,-0.002174,0.001272,-0.927184,1.000000,1.000000,-1.000000,1.000000,-0.231488,1.000000,-0.478603
-0.008612,-0.474892,-0.726978,0.000055,-0.003274,0.000747,-0.929625,1.000000,1.000000,-1.000000,1.000000,-0.227784,1.000000,-0.478758
-0.008184,-0.474469,-0.726548,0.002545,-0.005167,-0.002686,-0.609690,1.000000,1.000000,-0.981442,1.000000,0.301685,0.076476,-0.386365
-0.006192,-0.473811,-0.724699,0.008393,-0.007664,-0.010667,-0.609641,1.000000,1.000000,-0.985805,1.000000,0.299426,0.075852,-0.384692
-0.001358,-0.473351,-0.720434,0.018023,-0.005964,-0.026648,-0.728403,1.000000,1.000000,-0.974993,1.000000,-0.086832,0.115268,-0.116397
0.009230,-0.472964,-0.711433,0.030732,-0.002592,-0.051930,-0.708277,1.000000,1.000000,-0.958143,1.000000,-0.102516,0.102166,-0.103159
0.025637,-0.472362,-0.697803,0.045607,0.002699,-0.085193,-0.622625,1.000000,1.000000,-0.884193,1.000000,-0.038258,0.244414,-0.256283
0.052118,-0.470620,-0.676093,0.062120,0.012132,-0.125298,-0.522319,1.000000,1.000000,-0.704026,1.000000,-0.107883,0.183165,-0.220038
0.084756,-0.466285,-0.649382,0.078866,0.020113,-0.166933,-0.370309,1.000000,0.355369,-0.415757,1.000000,-0.163534,-0.043428,-0.106130
0.127194,-0.456496,-0.614132,0.094254,0.026755,-0.203449,-0.158732,1.000000,-0.528371,0.025568,1.000000,-0.314222,-0.187099,-0.011103
0.170255,-0.441240,-0.577205,0.106149,0.030157,-0.230600,0.050097,1.000000,-1.000000,0.575379,0.766540,-0.638333,-0.274701,0.192072
0.217668,-0.416962,-0.534288,0.113810,0.028704,-0.247681,0.221933,0.993731,-1.000000,1.000000,0.401609,-0.838723,-0.403877,0.351681
0.260665,-0.386902,-0.492216,0.119650,0.026936,-0.262844,0.355239,0.600169,-1.000000,1.000000,0.134391,-0.839118,-0.370595,0.327156
0.304601,-0.345881,-0.444244,0.123132,0.027493,-0.276911,0.505173,0.213062,-1.000000,1.000000,-0.059995,-0.781219,-0.306179,0.286976
0.340950,-0.300484,-0.398019,0.124968,0.027642,-0.288902,0.672975,-0.100531,-1.000000,1.000000,-0.258163,-0.802113,-0.143513,0.229707
0.373585,-0.244789,-0.346554,0.124005,0.034163,-0.296780,0.818287,-0.416645,-1.000000,1.000000,-0.455298,-0.854851,-0.036962,0.205494
0.395660,-0.189951,-0.298972,0.121604,0.042010,-0.297403,0.916007,-0.680649,-1.000000,1.000000,-0.600288,-0.858969,-0.000170,0.210303
0.409899,-0.130477,-0.248724,0.117621,0.055902,-0.289909,0.978809,-0.856944,-1.000000,1.000000,-0.719615,-0.865533,0.080836,0.194070
0.414335,-0.078321,-0.204613,0.115066,0.068112,-0.275908,1.000000,-0.968527,-1.000000,1.000000,-0.800028,-0.886171,0.161803,0.165085
0.410794,-0.026861,-0.160055,0.114358,0.078131,-0.256841,1.000000,-0.999322,-1.000000,1.000000,-0.825715,-0.882037,0.188697,0.138053
0.401184,0.014346,-0.122683,0.118305,0.084567,-0.233792,0.993175,-0.988823,-1.000000,1.000000,-0.832320,-0.854864,0.210031,0.114849
0.385423,0.052200,-0.086236,0.126265,0.086660,-0.210197,0.949959,-0.991972,-1.000000,1.000000,-0.854826,-0.822717,0.205370,0.121534
0.367200,0.080745,-0.056319,0.138301,0.087998,-0.186882,0.868809,-0.979875,-1.000000,1.000000,-0.880575,-0.782927,0.190975,0.147069
0.344561,0.105467,-0.027403,0.151779,0.090805,-0.166964,0.762592,-1.000000,-1.000000,1.000000,-0.927939,-0.754613,0.217324,0.167844
0.321705,0.123242,-0.003473,0.166138,0.092898,-0.149500,0.628787,-1.000000,-1.000000,1.000000,-0.976685,-0.738505,0.266671,0.185958
0.295214,0.138177,0.020162,0.180850,0.094370,-0.136312,0.491509,-1.000000,-1.000000,1.000000,-1.000000,-0.730407,0.340160,0.185244
0.262956,0.150214,0.044754,0.197257,0.098439,-0.122960,0.354448,-0.992353,-1.000000,0.905989,-1.000000,-0.719934,0.413713,0.180978
0.236377,0.155881,0.062282,0.213235,0.102108,-0.109539,0.232050,-0.990787,-1.000000,0.562138,-1.000000,-0.711787,0.469945,0.180469
0.213804,0.158431,0.075684,0.225875,0.103778,-0.100572,0.098445,-0.952719,-1.000000,0.185288,-1.000000,-0.713025,0.502222,0.166090
0.184195,0.159131,0.091433,0.236372,0.106379,-0.090854,-0.024617,-0.861486,-1.000000,-0.178426,-1.000000,-0.715904,0.507263,0.083421
0.150477,0.156609,0.106602,0.246851,0.105818,-0.075815,-0.108550,-0.797108,-1.000000,-0.440269,-0.985777,-0.713285,0.491703,-0.000846
0.124520,0.152515,0.116053,0.253023,0.101163,-0.059103,-0.209799,-0.730669,-1.000000,-0.703297,-0.972655,-0.683239,0.457202,-0.021662
0.098033,0.146402,0.123211,0.253003,0.097515,-0.041296,-0.365565,-0.653510,-1.000000,-1.000000,-0.972786,-0.641402,0.445925,-0.002373
0.075308,0.139633,0.126679,0.251350,0.093142,-0.021664,-0.511282,-0.572546,-1.000000,-1.000000,-0.926317,-0.618424,0.441476,-0.016006
0.052602,0.131464,0.126596,0.250008,0.089586,0.000479,-0.629649,-0.445428,-1.000000,-1.000000,-0.814557,-0.609776,0.444483,-0.080886
0.033124,0.124008,0.123214,0.248389,0.081988,0.021130,-0.760716,-0.328825,-1.000000,-1.000000,-0.746857,-0.590179,0.511917,-0.085857
0.013350,0.116690,0.116232,0.247207,0.072145,0.040304,-0.926681,-0.157758,-1.000000,-1.000000,-0.672705,-0.532303,0.532191,-0.042125
-0.003858,0.111277,0.107111,0.244488,0.059291,0.056977,-1.000000,-0.014197,-1.000000,-1.000000,-0.544644,-0.481295,0.535127,-0.042562
-0.021279,0.106863,0.094135,0.241388,0.049231,0.074887,-1.000000,0.105522,-1.000000,-1.000000,-0.405574,-0.455552,0.518761,-0.032175
-0.036172,0.104712,0.079648,0.235377,0.035802,0.090520,-1.000000,0.186078,-1.000000,-1.000000,-0.303112,-0.406344,0.471924,0.016713
-0.050788,0.105074,0.061542,0.226583,0.016760,0.104416,-1.000000,0.293595,-1.000000,-1.000000,-0.206393,-0.343038,0.424069,0.061536
-0.062378,0.107999,0.042104,0.215528,-0.000266,0.121534,-1.000000,0.337421,-1.000000,-1.000000,-0.120965,-0.308576,0.429009,0.074905
-0.072269,0.114113,0.017846,0.201002,-0.018435,0.139924,-1.000000,0.302329,-0.451657,-1.000000,-0.040097,-0.254891,0.418366,0.103672
-0.078438,0.122428,-0.007344,0.183513,-0.035217,0.157422,-1.000000,0.310396,0.247001,-1.000000,0.072799,-0.168426,0.464888,0.089115
-0.081816,0.133776,-0.036660,0.164636,-0.051177,0.169265,-1.000000,0.396158,0.862438,-1.000000,0.336455,-0.114893,0.566319,-0.077124
-0.082369,0.145218,-0.063726,0.145270,-0.059210,0.169068,-1.000000,0.513206,1.000000,-1.000000,0.646285,-0.033664,0.550421,-0.229682
-0.080632,0.157517,-0.091738,0.124673,-0.061776,0.161608,-1.000000,0.570464,1.000000,-1.000000,0.857784,0.118595,0.370115,-0.243473
-0.077315,0.168076,-0.115804,0.104890,-0.058555,0.150409,-1.000000,0.544433,1.000000,-1.000000,0.903199,0.207047,0.200834,-0.171677
-0.072757,0.178492,-0.138931,0.086226,-0.057662,0.133418,-1.000000,0.455461,1.000000,-1.000000,0.868918,0.174624,0.155294,-0.120197
-0.068586,0.187239,-0.156645,0.069840,-0.059223,0.110673,-1.000000,0.378118,1.000000,-1.000000,0.852304,0.092095,0.209325,-0.140694
-0.064944,0.195690,-0.171195,0.054804,-0.060592,0.083961,-1.000000,0.289531,1.000000,-1.000000,0.877792,0.036624,0.301999,-0.214261
-0.063407,0.201973,-0.179510,0.042844,-0.055431,0.052002,-0.931542,0.171488,1.000000,-1.000000,0.911258,0.019811,0.336255,-0.273629
-0.064862,0.206651,-0.182049,0.033697,-0.045896,0.014639,-0.755970,0.022263,1.000000,-1.000000,0.926803,-0.000495,0.316950,-0.310142
-0.070196,0.208687,-0.177470,0.028194,-0.035598,-0.028619,-0.546458,-0.161277,1.000000,-1.000000,0.877513,-0.077354,0.266300,-0.320563
-0.080869,0.207656,-0.164647,0.025548,-0.021602,-0.073980,-0.293813,-0.404013,1.000000,-1.000000,0.749100,-0.195963,0.179536,-0.303284
-0.094998,0.203135,-0.145873,0.024169,-0.007225,-0.117391,0.017281,-0.755654,0.345143,-1.000000,0.520019,-0.344458,0.121109,-0.285809
-0.113650,0.194386,-0.119304,0.022484,0.001335,-0.153205,0.340314,-1.000000,-0.848827,-0.418660,0.178380,-0.507680,0.117599,-0.266485
-0.131803,0.183124,-0.091208,0.017384,0.005798,-0.175629,0.564269,-1.000000,-1.000000,0.080011,-0.330607,-0.649955,0.230913,-0.236664
-0.150926,0.168126,-0.058488,0.011291,0.005569,-0.188734,0.540692,-1.000000,-1.000000,0.296508,-0.895202,-0.676242,0.373504,-0.028649
-0.166902,0.152464,-0.027876,0.006309,0.004679,-0.191371,0.619246,-1.000000,-1.000000,0.506307,-1.000000,-0.599497,0.387255,0.125796
-0.181659,0.134435,0.004147,0.003166,0.005435,-0.184710,0.712511,-1.000000,-1.000000,0.794280,-1.000000,-0.662584,0.441344,0.067923
-0.192776,0.117531,0.031767,0.001790,0.007808,-0.172589,0.721854,-1.000000,-1.000000,0.888883,-1.000000,-0.755208,0.370408,0.094457
-0.202245,0.099713,0.059060,0.001235,0.009650,-0.157573,0.680859,-1.000000,-1.000000,0.849097,-1.000000,-0.720351,0.352942,0.174876
-0.208802,0.084409,0.081207,0.001356,0.011923,-0.138388,0.616834,-1.000000,-1.000000,0.756064,-1.000000,-0.704485,0.411212,0.179462
-0.214153,0.069684,0.101633,0.004040,0.012763,-0.117813,0.556372,-1.000000,-1.000000,0.662569,-1.000000,-0.744987,0.431731,0.135724
-0.218070,0.058180,0.117034,0.009495,0.012682,-0.096319,0.481977,-1.000000,-1.000000,0.522650,-0.995714,-0.740256,0.460732,0.079904
-0.221847,0.048135,0.130433,0.016727,0.008982,-0.077293,0.376941,-1.000000,-1.000000,0.314531,-0.976097,-0.696395,0.533850,0.039716
-0.225287,0.041256,0.139229,0.026110,0.008693,-0.054954,0.247591,-1.000000,-1.000000,0.045089,-0.946836,-0.657741,0.608299,-0.003151
-0.229220,0.036396,0.145289,0.035057,0.006204,-0.034971,0.128474,-1.000000,-1.000000,-0.237677,-0.879164,-0.636128,0.652245,-0.070406
-0.233152,0.034206,0.147962,0.043240,0.003129,-0.016703,-0.028427,-0.995640,-1.000000,-0.595485,-0.781232,-0.604375,0.709959,-0.159067
-0.237701,0.034226,0.147618,0.050404,0.002559,0.001987,-0.184289,-0.851757,-1.000000,-0.952461,-0.695816,-0.561627,0.761376,-0.228552
-0.242147,0.036380,0.144398,0.057202,0.002959,0.020129,-0.323416,-0.696343,-1.000000,-1.000000,-0.575228,-0.520667,0.793710,-0.307662
-0.247095,0.041061,0.137927,0.063060,0.002575,0.037340,-0.475006,-0.506355,-1.000000,-1.000000,-0.428116,-0.466017,0.703970,-0.322843
-0.251479,0.047651,0.129152,0.066753,0.002439,0.054822,-0.643296,-0.329533,-1.000000,-1.000000,-0.329595,-0.402803,0.660612,-0.268309
-0.255702,0.057135,0.117119,0.068185,-0.000156,0.069430,-0.816574,-0.176084,-1.000000,-1.000000,-0.273166,-0.379941,0.653440,-0.190107
-0.258732,0.067795,0.104015,0.066664,-0.002195,0.081923,-0.960778,-0.013325,-1.000000,-1.000000,-0.151568,-0.372937,0.644162,-0.164319
-0.260873,0.080841,0.088575,0.062974,-0.006381,0.089053,-1.000000,0.089199,-0.770277,-1.000000,-0.009418,-0.350963,0.656348,-0.181436
-0.261779,0.093661,0.073898,0.058435,-0.010498,0.091718,-1.000000,0.186326,-0.400470,-1.000000,0.119375,-0.299594,0.628427,-0.169086
-0.261495,0.107958,0.058177,0.051211,-0.016343,0.090718,-1.000000,0.244984,-0.163874,-1.000000,0.273559,-0.242743,0.547210,-0.185003
-0.259855,0.121097,0.043948,0.041020,-0.018590,0.088920,-1.000000,0.259967,-0.063214,-1.000000,0.427468,-0.217448,0.426892,-0.217938
-0.256605,0.134526,0.029331,0.028389,-0.017891,0.084357,-1.000000,0.197031,0.107837,-1.000000,0.483315,-0.206714,0.362808,-0.210093
-0.252515,0.145371,0.017216,0.014469,-0.014031,0.075733,-0.963597,0.140333,0.301821,-1.000000,0.476128,-0.206406,0.375056,-0.194959
-0.247458,0.154520,0.006550,-0.000504,-0.008472,0.061498,-0.875034,0.092452,0.418660,-1.000000,0.518178,-0.229240,0.443917,-0.267923
-0.242875,0.159985,-0.000269,-0.014474,-0.002370,0.042639,-0.745703,0.051620,0.374896,-1.000000,0.590787,-0.241095,0.441911,-0.348242
-0.238696,0.162428,-0.003677,-0.026939,0.001624,0.019654,-0.573476,-0.007976,0.214218,-1.000000,0.626136,-0.211333,0.339214,-0.365616
-0.235872,0.161425,-0.003028,-0.037560,0.006142,-0.004061,-0.387508,-0.125754,-0.043166,-1.000000,0.560950,-0.225034,0.210097,-0.321910
-0.234029,0.156993,0.001811,-0.046932,0.009092,-0.027924,-0.195684,-0.332237,-0.368276,-1.000000,0.390166,-0.335065,0.099622,-0.243219
-0.233078,0.150275,0.009596,-0.056219,0.011296,-0.048682,-0.022198,-0.566970,-0.738098,-0.624392,0.148716,-0.482999,0.101906,-0.200351
-0.232373,0.140792,0.021040,-0.065409,0.011069,-0.065984,0.137941,-0.832740,-1.000000,-0.233727,-0.142456,-0.581074,0.260615,-0.241465
-0.231455,0.130733,0.033346,-0.073671,0.011583,-0.076935,0.247182,-1.000000,-1.000000,0.064530,-0.441035,-0.573736,0.538201,-0.260001
-0.229532,0.119674,0.046940,-0.080172,0.011631,-0.078452,0.360708,-1.000000,-1.000000,0.320590,-0.601082,-0.517571,0.744616,-0.270296
-0.226561,0.110712,0.058100,-0.083663,0.010042,-0.069774,0.487908,-1.000000,-1.000000,0.557648,-0.552237,-0.495814,0.762738,-0.285162
-0.222130,0.103502,0.067592,-0.083811,0.004448,-0.054736,0.529245,-1.000000,-1.000000,0.716082,-0.485609,-0.477285,0.626304,-0.211616
-0.216863,0.099721,0.072828,-0.082568,0.001348,-0.032709,0.460245,-1.000000,-1.000000,0.640311,-0.496528,-0.450789,0.563645,-0.122195
-0.209914,0.098758,0.074221,-0.081178,0.000149,-0.008038,0.345749,-1.000000,-0.755634,0.441853,-0.543833,-0.462081,0.636713,-0.089267
-0.202479,0.100400,0.071609,-0.078774,0.000918,0.016324,0.208057,-0.955342,-0.375739,0.189350,-0.477996,-0.449247,0.764557,-0.171648
-0.193474,0.104221,0.065204,-0.076281,0.002556,0.036936,0.095870,-0.764387,0.011521,-0.085223,-0.257934,-0.340326,0.889755,-0.353567
-0.184340,0.108890,0.056696,-0.074801,0.005532,0.053207,-0.022316,-0.484665,0.372987,-0.387303,0.042987,-0.213986,0.952611,-0.517284
-0.173465,0.114392,0.045114,-0.074586,0.012422,0.066779,-0.132982,-0.183028,0.607609,-0.608739,0.349465,-0.145568,0.744911,-0.518389
-0.162662,0.119360,0.032746,-0.074162,0.020058,0.077303,-0.186373,0.094503,0.663773,-0.678030,0.627641,-0.077680,0.318804,-0.431006
-0.150619,0.124188,0.018760,-0.072993,0.024189,0.080689,-0.211574,0.365469,0.742224,-0.670866,0.824979,-0.043009,0.006014,-0.369350
-0.139674,0.127917,0.006378,-0.071484,0.024234,0.077422,-0.284959,0.551713,0.922878,-0.712297,0.833352,-0.117850,-0.120173,-0.254851
-0.128155,0.130877,-0.006195,-0.069840,0.026966,0.072501,-0.321850,0.575510,0.985770,-0.679294,0.772723,-0.167344,-0.245852,-0.105454
-0.118176,0.132458,-0.016376,-0.068204,0.029179,0.063640,-0.270530,0.488824,0.885990,-0.556454,0.802225,-0.159632,-0.275503,-0.129417
-0.108575,0.132917,-0.024868,-0.066235,0.029089,0.049012,-0.241540,0.408738,0.837455,-0.486431,0.784219,-0.228781,-0.158553,-0.196432
-0.101022,0.132027,-0.030044,-0.064027,0.031410,0.032347,-0.218402,0.370936,0.837362,-0.430599,0.703849,-0.285639,-0.092066,-0.158320
-0.094515,0.129447,-0.032534,-0.060120,0.036992,0.014370,-0.109927,0.284280,0.666035,-0.241453,0.689339,-0.253829,-0.096147,-0.166286
-0.090113,0.125818,-0.031979,-0.055063,0.041210,-0.003470,0.025697,0.149787,0.323501,0.014163,0.669924,-0.279087,-0.124472,-0.200188
-0.086742,0.121156,-0.028946,-0.050179,0.041744,-0.017502,0.110156,0.011991,-0.000767,0.225682,0.502241,-0.392361,-0.143750,-0.104672
-0.084668,0.116701,-0.024375,-0.045303,0.038063,-0.028574,0.152045,-0.178157,-0.231911,0.376464,0.204685,-0.474806,-0.050836,0.037054
-0.082993,0.111989,-0.018417,-0.042253,0.034152,-0.034378,0.188597,-0.385404,-0.375115,0.475113,-0.037886,-0.504730,0.151329,0.041082
-0.081758,0.107873,-0.012302,-0.040106,0.029753,-0.038196,0.235659,-0.565012,-0.471694,0.513748,-0.160880,-0.518428,0.366607,-0.065756
-0.080696,0.103760,-0.005120,-0.038188,0.024630,-0.041440,0.250606,-0.645444,-0.468479,0.483150,-0.206500,-0.477838,0.533671,-0.151522
-0.079696,0.100202,0.001486,-0.037356,0.022167,-0.041314,0.250967,-0.676997,-0.433290,0.430627,-0.227214,-0.406004,0.621949,-0.186499
-0.078676,0.096657,0.008567,-0.035482,0.019199,-0.040843,0.271953,-0.703586,-0.478798,0.433266,-0.189488,-0.384971,0.587288,-0.202640
-0.077815,0.093883,0.015044,-0.033469,0.013726,-0.040486,0.279588,-0.688259,-0.518700,0.443276,-0.135090,-0.406469,0.535536,-0.221293
-0.076866,0.091492,0.021583,-0.031422,0.008490,-0.037708,0.256983,-0.707347,-0.504256,0.400966,-0.189124,-0.433791,0.546219,-0.194788
-0.076066,0.089785,0.027040,-0.028068,0.004478,-0.034101,0.239717,-0.766697,-0.468899,0.355301,-0.256567,-0.428429,0.549088,-0.150998
-0.075220,0.088397,0.031880,-0.024199,0.002423,-0.027919,0.229552,-0.798462,-0.430669,0.293849,-0.248386,-0.404122,0.592438,-0.195028
-0.074335,0.087679,0.035153,-0.021285,-0.000707,-0.020441,0.203064,-0.804978,-0.386679,0.189784,-0.235275,-0.408662,0.664516,-0.259531
-0.073105,0.087369,0.037094,-0.019400,-0.001601,-0.011211,0.143108,-0.748228,-0.312518,0.042127,-0.201018,-0.388837,0.683296,-0.280505
-0.071764,0.087561,0.037634,-0.017724,-0.003757,-0.003373,0.086445,-0.684533,-0.205389,-0.106631,-0.134582,-0.328334,0.685892,-0.311673
-0.069949,0.088241,0.036847,-0.017564,-0.005529,0.004534,0.035996,-0.594680,-0.125026,-0.217796,-0.035294,-0.301284,0.656966,-0.351470
-0.067704,0.088888,0.034356,-0.018475,-0.001211,0.015575,-0.004335,-0.517757,-0.048616,-0.313363,0.064581,-0.301942,0.591826,-0.368434
-0.064858,0.089815,0.030558,-0.019582,-0.001383,0.021920,-0.044043,-0.440359,0.073715,-0.388473,0.141553,-0.278410,0.522713,-0.356349
-0.061916,0.091045,0.026420,-0.021047,-0.004695,0.025855,-0.108745,-0.261145,0.222494,-0.483296,0.228162,-0.248991,0.500698,-0.367536
-0.058505,0.092841,0.021595,-0.022251,-0.009538,0.027837,-0.127366,-0.175018,0.330290,-0.518498,0.309652,-0.247944,0.451580,-0.374233
-0.055127,0.094681,0.016797,-0.023471,-0.011526,0.029986,-0.107368,-0.143018,0.361454,-0.465768,0.432256,-0.205128,0.245412,-0.329051
-0.051290,0.096626,0.011399,-0.024434,-0.011251,0.031144,-0.093457,-0.153859,0.456055,-0.453248,0.477896,-0.177049,0.157291,-0.298106
-0.047609,0.098262,0.006305,-0.025335,-0.009864,0.031842,-0.125146,-0.157426,0.627410,-0.501511,0.407825,-0.265386,0.194868,-0.238414
-0.043589,0.099712,0.000818,-0.025494,-0.007075,0.031659,-0.128697,-0.132195,0.700023,-0.518071,0.408022,-0.311884,0.223245,-0.243702
-0.040082,0.100717,-0.003752,-0.024634,-0.004628,0.028539,-0.084982,-0.100361,0.638548,-0.482428,0.516942,-0.249522,0.257851,-0.356296
-0.036923,0.101539,-0.007337,-0.022234,-0.004150,0.020691,-0.065313,-0.062849,0.597025,-0.443404,0.566718,-0.199207,0.223231,-0.374682
-0.034610,0.101892,-0.009431,-0.019570,-0.001330,0.013095,-0.062900,-0.050348,0.577507,-0.386901,0.533892,-0.200163,0.085314,-0.263636
-0.032803,0.101773,-0.010496,-0.016111,0.002564,0.006139,-0.024427,-0.131254,0.434311,-0.286640,0.467005,-0.254884,-0.008057,-0.178874
-0.031793,0.101378,-0.010331,-0.012654,0.004505,-0.001032,0.008987,-0.223335,0.243014,-0.206912,0.376487,-0.365080,0.048678,-0.173585
-0.031352,0.100733,-0.009086,-0.009200,0.005717,-0.007188,0.014037,-0.306957,0.131743,-0.186560,0.227279,-0.434995,0.214561,-0.183120
-0.031508,0.100011,-0.006967,-0.006110,0.006080,-0.013228,0.030558,-0.402103,0.039099,-0.162701,0.111879,-0.389130,0.340029,-0.202129
-0.032163,0.099222,-0.003732,-0.003953,0.005087,-0.018663,0.065430,-0.468329,-0.107275,-0.130459,0.100733,-0.323569,0.394390,-0.265298
-0.032998,0.098649,-0.000217,-0.003090,0.002533,-0.021984,0.084607,-0.525075,-0.224559,-0.105463,0.075963,-0.348145,0.425264,-0.289798
-0.034005,0.098128,0.003836,-0.002701,0.001014,-0.023369,0.079077,-0.585202,-0.274064,-0.091371,-0.010311,-0.390748,0.424212,-0.233700
-0.034941,0.097754,0.007560,-0.002493,-0.000365,-0.023286,0.078962,-0.647861,-0.269678,-0.096831,-0.081256,-0.376965,0.474331,-0.223354
-0.035885,0.097540,0.011383,-0.002501,-0.002339,-0.022060,0.089237,-0.694209,-0.281127,-0.101439,-0.112849,-0.377178,0.574357,-0.282522
-0.036769,0.097673,0.014829,-0.002021,-0.006270,-0.021526,0.093255,-0.701179,-0.280094,-0.120344,-0.097058,-0.380713,0.620876,-0.328712
-0.037440,0.097858,0.017816,-0.002683,-0.005871,-0.017236,0.081688,-0.689889,-0.235747,-0.161769,-0.073207,-0.335770,0.624458,-0.337392
-0.037893,0.098283,0.020131,-0.003076,-0.008334,-0.014472,0.076736,-0.715752,-0.203226,-0.195814,-0.069264,-0.305164,0.598232,-0.322882
-0.037895,0.098668,0.021508,-0.004639,-0.006038,-0.007942,0.056138,-0.664671,-0.163199,-0.229557,-0.025578,-0.321045,0.570767,-0.329602
-0.037363,0.098904,0.021568,-0.006559,-0.002890,-0.000371,0.042815,-0.659816,-0.090129,-0.276265,-0.015891,-0.343650,0.601522,-0.353292
-0.036260,0.099116,0.020451,-0.008302,-0.000900,0.006441,0.011995,-0.577748,-0.012325,-0.314371,0.027641,-0.316122,0.590087,-0.358682
-0.034720,0.099213,0.018301,-0.010352,0.001735,0.013440,-0.020450,-0.453041,0.087931,-0.372303,0.109901,-0.263324,0.603754,-0.400837
-0.032574,0.099217,0.015022,-0.012333,0.003830,0.018914,-0.048906,-0.354924,0.177017,-0.396876,0.194966,-0.248316,0.537564,-0.394025
-0.030150,0.099023,0.011093,-0.014251,0.007001,0.024556,-0.072798,-0.230693,0.238478,-0.393712,0.310106,-0.220877,0.373137,-0.349418
-0.027236,0.098756,0.006434,-0.016057,0.007672,0.026880,-0.089050,-0.137895,0.312872,-0.391894,0.377827,-0.214777,0.296385,-0.326850
-0.024391,0.098455,0.002021,-0.017540,0.007966,0.027583,-0.122553,-0.040964,0.404286,-0.398517,0.403319,-0.255388,0.235972,-0.275002
-0.021339,0.098012,-0.002539,-0.018020,0.008600,0.026316,-0.122194,0.000762,0.451066,-0.367437,0.441894,-0.259172,0.167295,-0.243623
-0.018729,0.097515,-0.006232,-0.017505,0.008780,0.023067,-0.099243,0.011170,0.435479,-0.307743,0.494035,-0.243546,0.122089,-0.251303
-0.016320,0.096943,-0.009352,-0.015976,0.008259,0.018017,-0.086047,0.004451,0.424546,-0.266819,0.487861,-0.268727,0.105617,-0.232330
-0.014585,0.096595,-0.011118,-0.014238,0.005191,0.011030,-0.077568,-0.027995,0.410844,-0.232131,0.436557,-0.301130,0.088505,-0.178169
-0.013153,0.096363,-0.012036,-0.012671,0.003015,0.005296,-0.048539,-0.092950,0.334975,-0.183468,0.396077,-0.314850,0.101460,-0.169567
-0.012305,0.096364,-0.011908,-0.010552,-0.000075,-0.000798,0.001382,-0.214639,0.236494,-0.121681,0.344940,-0.342133,0.148677,-0.192365
-0.011835,0.096579,-0.010884,-0.008580,-0.002811,-0.005910,0.026552,-0.309564,0.203739,-0.092771,0.272753,-0.357740,0.208152,-0.193057
-0.011678,0.096736,-0.009433,-0.007108,-0.002521,-0.009073,0.044544,-0.416244,0.202702,-0.099831,0.172822,-0.350831,0.313726,-0.201411
-0.011813,0.096775,-0.007380,-0.005372,-0.001270,-0.011838,0.074548,-0.504244,0.152092,-0.092179,0.127458,-0.347521,0.382586,-0.235763
-0.012270,0.096811,-0.004915,-0.003468,-0.001561,-0.015404,0.099302,-0.523805,0.078010,-0.089294,0.138679,-0.342065,0.437371,-0.300869
-0.013027,0.096914,-0.001759,-0.002231,-0.002517,-0.018216,0.100937,-0.533348,0.023302,-0.101806,0.106128,-0.339318,0.481419,-0.317799
-0.013864,0.097244,0.001457,-0.001681,-0.005560,-0.020092,0.103714,-0.572695,-0.050088,-0.090061,0.059285,-0.328286,0.442961,-0.273263
-0.014883,0.097742,0.005071,-0.000926,-0.007268,-0.020846,0.115996,-0.617024,-0.123425,-0.067092,0.039247,-0.324604,0.422190,-0.264010
-0.015743,0.098111,0.008032,-0.000578,-0.006094,-0.018511,0.116198,-0.684734,-0.102117,-0.075719,-0.019169,-0.361887,0.489782,-0.276320
-0.016333,0.098262,0.010322,-0.001270,-0.002924,-0.013213,0.100916,-0.721371,-0.069146,-0.107324,-0.078611,-0.380416,0.548461,-0.272806
-0.016625,0.098330,0.011754,-0.001780,-0.001697,-0.008948,0.089126,-0.678226,-0.053663,-0.162676,-0.048937,-0.335655,0.616484,-0.332950
-0.016722,0.098526,0.012726,-0.002232,-0.002716,-0.005608,0.064037,-0.584790,-0.010309,-0.217440,0.017996,-0.299133,0.667448,-0.399936
-0.016416,0.098598,0.012691,-0.003515,-0.000838,0.000217,0.036766,-0.512130,0.022410,-0.241934,0.086803,-0.280174,0.576907,-0.378343
-0.015740,0.098720,0.011936,-0.004854,-0.000914,0.004355,0.025838,-0.477048,0.038141,-0.239003,0.153649,-0.249021,0.431511,-0.325525
-0.014721,0.098726,0.010361,-0.006319,0.000843,0.009846,-0.005987,-0.405537,0.119224,-0.267936,0.180484,-0.266564,0.410336,-0.310516
-0.013341,0.098962,0.008193,-0.007770,-0.001522,0.012508,-0.037415,-0.371954,0.241171,-0.307119,0.159594,-0.326783,0.447472,-0.297686
-0.011951,0.099452,0.006017,-0.008492,-0.004777,0.013604,-0.053558,-0.290104,0.299868,-0.324443,0.237122,-0.295179,0.411412,-0.311304
-0.010402,0.100055,0.003604,-0.008741,-0.005667,0.013922,-0.031527,-0.275062,0.337076,-0.320871,0.326340,-0.222739,0.399403,-0.365250
-0.008955,0.100678,0.001477,-0.009258,-0.006617,0.013297,-0.025987,-0.287418,0.381392,-0.302561,0.355320,-0.225814,0.297441,-0.315141
-0.007347,0.101280,-0.000754,-0.009923,-0.005945,0.012872,-0.031622,-0.272433,0.421752,-0.302097,0.353456,-0.254142,0.209025,-0.249800
-0.005990,0.101832,-0.002429,-0.009792,-0.006133,0.010461,-0.024510,-0.292902,0.449739,-0.303721,0.321085,-0.301890,0.269039,-0.261815
-0.004835,0.102456,-0.003539,-0.008797,-0.006633,0.006405,-0.011862,-0.297294,0.436062,-0.282518,0.312116,-0.325082,0.311448,-0.285999
-0.004008,0.102836,-0.004054,-0.007869,-0.004430,0.003221,0.020838,-0.322579,0.379937,-0.245737,0.330105,-0.277687,0.310652,-0.313341
-0.003418,0.103120,-0.003924,-0.006947,-0.003136,-0.000754,0.050244,-0.377396,0.305020,-0.197336,0.310827,-0.254766,0.285138,-0.298597
-0.003240,0.103417,-0.003009,-0.005644,-0.003666,-0.005717,0.051520,-0.392196,0.256748,-0.169108,0.259575,-0.297614,0.266686,-0.254557
-0.003416,0.103754,-0.001278,-0.004244,-0.003914,-0.009987,0.057648,-0.434006,0.218566,-0.146314,0.185689,-0.350231,0.319916,-0.243099
-0.004156,0.104333,0.001406,-0.001603,-0.007277,-0.016776,0.089957,-0.518244,0.118114,-0.095087,0.131476,-0.357652,0.364391,-0.256836
-0.005293,0.105001,0.004879,-0.000014,-0.007909,-0.020038,0.120643,-0.583323,0.021614,-0.062685,0.103472,-0.328722,0.404775,-0.286534
-0.006492,0.105741,0.008351,0.000641,-0.009560,-0.021693,0.139822,-0.701611,-0.037160,-0.057125,0.010802,-0.337562,0.459475,-0.276467
-0.007619,0.106504,0.011736,0.000034,-0.009217,-0.019534,0.131447,-0.743782,-0.059065,-0.071361,-0.050509,-0.358861,0.483375,-0.254745
-0.008384,0.107100,0.014219,-0.000781,-0.007837,-0.015522,0.130017,-0.768579,-0.038282,-0.111906,-0.076483,-0.355017,0.588769,-0.313414
-0.008769,0.107569,0.015889,-0.001941,-0.005660,-0.009634,0.119821,-0.749114,-0.003920,-0.142544,-0.063188,-0.336406,0.651976,-0.363601
-0.008718,0.108039,0.016569,-0.003339,-0.005810,-0.004244,0.098110,-0.676466,0.039329,-0.186702,0.003154,-0.287838,0.637970,-0.387966
-0.008154,0.108575,0.016317,-0.005261,-0.005821,0.001452,0.063402,-0.585337,0.111239,-0.232422,0.071075,-0.254479,0.599615,-0.388517
-0.007098,0.109198,0.015183,-0.007968,-0.007083,0.007088,0.037796,-0.530857,0.193071,-0.255008,0.123693,-0.258487,0.519569,-0.358531
-0.005309,0.109861,0.012904,-0.011066,-0.006757,0.013153,0.021999,-0.473468,0.271864,-0.261228,0.189650,-0.259246,0.441144,-0.339904
-0.003067,0.110199,0.009814,-0.013987,-0.003464,0.019304,0.009511,-0.429222,0.404044,-0.283797,0.232838,-0.255391,0.445506,-0.351781
-0.000156,0.110170,0.005603,-0.015971,0.000657,0.024292,-0.010537,-0.356737,0.547226,-0.305144,0.278311,-0.249819,0.437975,-0.350771
0.002770,0.109795,0.001385,-0.017451,0.004369,0.026369,-0.021897,-0.236923,0.616734,-0.309463,0.376178,-0.220779,0.384389,-0.364682
0.005850,0.109114,-0.002805,-0.017973,0.006980,0.024181,-0.027815,-0.121944,0.629089,-0.293922,0.475957,-0.199356,0.298840,-0.367025
0.008227,0.108326,-0.005652,-0.016678,0.008703,0.017786,-0.028487,-0.046604,0.606532,-0.234966,0.525347,-0.202719,0.154473,-0.304932
0.073561,0.322906,0.060106,-0.000367,-0.001348,0.000840,0.000000,0.000000,0.000000,0.000000,0.000000,0.000000,0.000000,0.000000
0.073961,0.323060,0.059792,-0.000965,-0.002696,0.001960,0.209173,-1.000000,0.506727,0.275745,-0.162971,-0.404358,-0.129859,0.088867
0.074852,0.323373,0.059075,-0.001797,-0.005288,0.004143,0.203674,-1.000000,0.548514,0.261417,-0.159554,-0.397627,-0.123339,0.087661
0.076356,0.323943,0.057810,-0.002611,-0.010356,0.007897,0.226218,-1.000000,0.811018,-0.111947,-0.362758,-0.238771,0.931902,-0.398676
0.078571,0.324631,0.055903,-0.003035,-0.012648,0.011005,0.220215,-1.000000,0.880497,-0.138031,-0.334783,-0.225338,0.934901,-0.408155
0.080998,0.325173,0.053747,-0.002735,-0.012875,0.013474,0.233252,-1.000000,0.845114,-0.194909,0.137237,0.009794,0.402000,-0.384859
0.083962,0.325658,0.051091,-0.002786,-0.012885,0.015322,0.221242,-1.000000,0.916282,-0.226776,0.163072,0.013050,0.394155,-0.382291
0.086603,0.325867,0.048729,-0.002698,-0.010008,0.014769,0.198070,-1.000000,1.000000,-0.252447,0.023830,-0.280249,0.451602,-0.301029
0.088826,0.325571,0.046682,-0.001417,-0.002939,0.011803,0.198483,-1.000000,1.000000,-0.258843,0.056329,-0.281363,0.448186,-0.313410
0.090178,0.324904,0.045395,-0.000441,0.003625,0.008043,0.247028,-1.000000,0.938662,-0.241254,0.105085,-0.079396,0.539444,-0.430869
0.089907,0.323463,0.045653,0.000096,0.016641,-0.001486,0.265537,-1.000000,0.804710,-0.183145,0.101879,-0.103362,0.519036,-0.431436
0.088141,0.321339,0.047472,-0.001008,0.031364,-0.011379,0.255138,-1.000000,0.725827,-0.112820,0.093176,-0.218894,0.363673,-0.334014
0.084958,0.317995,0.050879,-0.002875,0.046874,-0.019640,0.305819,-1.000000,0.440921,0.048770,0.029889,-0.260970,0.357392,-0.330499
0.081312,0.313800,0.054914,-0.004659,0.062475,-0.025225,0.389871,-1.000000,0.064182,0.257370,-0.062756,-0.301916,0.458389,-0.381559
0.077901,0.308111,0.059103,-0.007966,0.073950,-0.024155,0.410073,-1.000000,-0.157062,0.428323,-0.176499,-0.332038,0.483809,-0.352827
0.076206,0.301936,0.061861,-0.011640,0.081412,-0.017244,0.372815,-0.924240,-0.273777,0.527357,-0.276980,-0.315425,0.462640,-0.271869
0.076664,0.294502,0.062789,-0.014708,0.084123,-0.005353,0.329152,-0.815256,-0.281583,0.580233,-0.318344,-0.312457,0.527066,-0.248125
0.079309,0.286807,0.061475,-0.017042,0.087865,0.008216,0.280893,-0.711091,-0.204877,0.617339,-0.295761,-0.327058,0.566444,-0.241454
0.084780,0.277657,0.057269,-0.018542,0.088721,0.024257,0.211444,-0.570512,-0.003245,0.573983,-0.182706,-0.268817,0.537225,-0.239616
0.092199,0.268322,0.050656,-0.019876,0.089491,0.041352,0.136542,-0.387873,0.211219,0.499111,-0.049607,-0.201080,0.519286,-0.252258
0.102152,0.256985,0.041117,-0.021481,0.092862,0.055010,0.059490,-0.174632,0.454828,0.403349,0.133587,-0.184512,0.452092,-0.266462
0.112738,0.245568,0.030168,-0.021534,0.092300,0.068444,-0.024238,0.078849,0.703526,0.304251,0.363075,-0.159111,0.307787,-0.262878
0.124576,0.232435,0.016900,-0.018697,0.090325,0.076527,-0.071788,0.344515,0.826844,0.280375,0.582565,-0.125948,0.125337,-0.251640
0.134486,0.219846,0.004692,-0.012975,0.090981,0.076307,-0.137275,0.559650,1.000000,0.206542,0.755166,-0.105970,-0.074120,-0.200882
0.143080,0.206200,-0.007378,-0.003915,0.092193,0.069633,-0.214159,0.680817,1.000000,0.130990,0.805962,-0.100285,-0.249930,-0.077290
0.148577,0.193942,-0.016700,0.005707,0.094954,0.058236,-0.236128,0.717823,1.000000,0.126180,0.806156,-0.150361,-0.360670,-0.014993
0.151381,0.181299,-0.024104,0.018325,0.100463,0.042752,-0.243613,0.690020,0.887782,0.147921,0.756220,-0.248544,-0.352261,-0.005847
0.151123,0.170363,-0.028353,0.031735,0.105985,0.026564,-0.218908,0.636822,0.577849,0.202642,0.667847,-0.318932,-0.311554,0.007367
0.148225,0.159347,-0.030510,0.044460,0.109676,0.012435,-0.176438,0.595201,0.136988,0.283471,0.574568,-0.355112,-0.273367,0.023264
0.143762,0.149903,-0.030821,0.054989,0.110733,0.001945,-0.159207,0.530865,-0.297853,0.342908,0.428225,-0.407677,-0.254846,0.084239
0.137798,0.140358,-0.030123,0.061919,0.108330,-0.004026,-0.187026,0.445723,-0.634916,0.345785,0.242167,-0.466435,-0.262057,0.178339
0.131774,0.132059,-0.028643,0.063910,0.106383,-0.009246,-0.233259,0.354343,-0.835856,0.285449,0.074570,-0.511883,-0.183590,0.197551
0.124903,0.123539,-0.026099,0.063892,0.105202,-0.014684,-0.280360,0.292617,-0.887186,0.173425,-0.035070,-0.542710,0.004287,0.131637
0.118422,0.116091,-0.023143,0.063414,0.102395,-0.018475,-0.277842,0.250018,-0.959692,0.154736,-0.074178,-0.533289,0.154051,0.045676
0.111441,0.108443,-0.019565,0.062315,0.098611,-0.020643,-0.227211,0.208010,-1.000000,0.228129,-0.046332,-0.484422,0.170526,-0.016735
0.105235,0.101753,-0.016272,0.060473,0.093330,-0.020592,-0.202379,0.156226,-1.000000,0.272212,-0.054034,-0.451002,0.142080,-0.012299
0.098833,0.094729,-0.012747,0.057854,0.089857,-0.020319,-0.206963,0.117160,-1.000000,0.273777,-0.121044,-0.474111,0.138773,0.042640
0.093438,0.088401,-0.010011,0.054526,0.085472,-0.017114,-0.217861,0.090179,-1.000000,0.239735,-0.163808,-0.511244,0.206045,0.045959
0.088458,0.081742,-0.008316,0.049509,0.078572,-0.009770,-0.211560,0.073110,-1.000000,0.227306,-0.162651,-0.522636,0.286386,-0.004024
0.084884,0.075889,-0.008700,0.043714,0.068406,0.002396,-0.215841,0.084750,-1.000000,0.192387,-0.118567,-0.477516,0.324278,-0.052035
0.081841,0.069826,-0.011161,0.039857,0.059387,0.014198,-0.252248,0.126290,-0.822799,0.108763,-0.063386,-0.403632,0.345482,-0.068651
0.079680,0.064551,-0.015307,0.036494,0.050061,0.025930,-0.331144,0.207797,-0.390305,-0.049972,0.022109,-0.339159,0.356032,-0.069215
0.077881,0.059243,-0.021450,0.033294,0.041299,0.035440,-0.386550,0.323044,-0.069428,-0.198840,0.180335,-0.303556,0.322175,-0.088494
0.076522,0.054684,-0.027831,0.030127,0.035557,0.039880,-0.383752,0.462063,0.118149,-0.303005,0.446639,-0.263560,0.231219,-0.163308
0.075178,0.050232,-0.034965,0.028016,0.029914,0.041141,-0.380622,0.553079,0.289968,-0.377279,0.634421,-0.213136,0.088908,-0.182658
0.073858,0.046752,-0.041361,0.027543,0.023314,0.039969,-0.366982,0.589360,0.361072,-0.372848,0.685976,-0.180189,-0.129990,-0.076225
0.072092,0.043535,-0.047157,0.028627,0.020492,0.033438,-0.355553,0.579594,0.403174,-0.374377,0.675741,-0.211006,-0.232456,-0.005597
0.070192,0.041277,-0.051497,0.029617,0.015129,0.027132,-0.371390,0.484208,0.481355,-0.427492,0.588019,-0.321235,-0.162699,0.017122
0.067842,0.039610,-0.054753,0.030436,0.010412,0.018788,-0.340157,0.389002,0.380659,-0.405872,0.526526,-0.383451,-0.098588,-0.001254
0.065429,0.038777,-0.056301,0.030998,0.005983,0.009674,-0.274744,0.308338,0.293142,-0.381184,0.562124,-0.345250,0.000336,-0.128135
0.062636,0.038619,-0.056635,0.031143,0.000984,0.001926,-0.232945,0.208801,0.249133,-0.354693,0.513065,-0.324663,0.067572,-0.151953
0.059882,0.039018,-0.055785,0.031575,-0.002769,-0.005315,-0.190183,0.122206,0.176781,-0.300362,0.448144,-0.311871,0.010365,-0.082854
0.056759,0.039751,-0.053587,0.031310,-0.003512,-0.012666,-0.141717,0.005521,0.117881,-0.257336,0.402415,-0.331701,0.035051,-0.094432
0.053828,0.040695,-0.050870,0.030838,-0.005494,-0.016985,-0.112075,-0.137665,0.065835,-0.233066,0.293716,-0.418345,0.131721,-0.107384
0.050711,0.041938,-0.047575,0.029585,-0.007552,-0.019003,-0.064359,-0.239882,-0.042115,-0.174993,0.203211,-0.443105,0.214522,-0.127976
0.047898,0.043100,-0.044257,0.028259,-0.007572,-0.020751,-0.023480,-0.321865,-0.071080,-0.166726,0.157912,-0.386286,0.357116,-0.214886
0.044895,0.044266,-0.040419,0.027253,-0.006500,-0.022141,-0.022695,-0.383290,-0.006258,-0.189038,0.101559,-0.348621,0.447163,-0.236787
0.042183,0.045282,-0.036800,0.026257,-0.006050,-0.022617,-0.009571,-0.387891,-0.025065,-0.173663,0.116075,-0.330960,0.426962,-0.238097
0.039359,0.046344,-0.032908,0.024919,-0.006048,-0.022458,0.025886,-0.385518,-0.126357,-0.134507,0.162426,-0.341834,0.421943,-0.289301
0.036901,0.047309,-0.029392,0.023150,-0.006343,-0.021987,0.027879,-0.402732,-0.153307,-0.120196,0.132843,-0.366955,0.412981,-0.268451
0.034356,0.048324,-0.025658,0.021825,-0.006428,-0.021525,0.004465,-0.418236,-0.108706,-0.133904,0.063617,-0.346003,0.396918,-0.198013
0.032121,0.049235,-0.022327,0.020562,-0.006600,-0.020811,0.007791,-0.437408,-0.089068,-0.129012,0.044966,-0.339604,0.441725,-0.217505
0.029988,0.050435,-0.019345,0.018361,-0.009902,-0.017209,0.028899,-0.453582,-0.128008,-0.103842,0.072842,-0.383077,0.478307,-0.278864
0.028323,0.051789,-0.017300,0.015951,-0.013843,-0.012777,0.035081,-0.452029,-0.130182,-0.101650,0.091152,-0.369553,0.474637,-0.289717
0.026715,0.053297,-0.015510,0.014470,-0.014829,-0.010334,0.004542,-0.452631,0.037753,-0.172127,0.075000,-0.293107,0.500221,-0.266807
0.025458,0.054745,-0.014327,0.012609,-0.016069,-0.007394,-0.024549,-0.449796,0.215837,-0.236146,0.086646,-0.273653,0.509273,-0.258334
0.024308,0.056227,-0.013298,0.010693,-0.015382,-0.005935,0.003049,-0.421975,0.180344,-0.220411,0.193556,-0.317505,0.458607,-0.316850
0.023428,0.057595,-0.012753,0.009325,-0.015780,-0.003405,0.028903,-0.393636,0.166941,-0.215930,0.280170,-0.319220,0.430916,-0.368861
0.022804,0.059349,-0.012969,0.007280,-0.019454,0.001245,0.015460,-0.381973,0.219942,-0.220993,0.229193,-0.283854,0.411727,-0.308844
0.022523,0.060992,-0.013627,0.004809,-0.020124,0.004118,-0.009332,-0.359680,0.302421,-0.252299,0.205782,-0.260502,0.365623,-0.248160
0.022481,0.062678,-0.014650,0.002614,-0.019325,0.005896,-0.029436,-0.353317,0.461699,-0.309908,0.259924,-0.272344,0.387073,-0.283215
0.022648,0.064160,-0.015847,0.000820,-0.018655,0.007479,-0.022208,-0.330754,0.512286,-0.304070,0.314997,-0.297863,0.395042,-0.325221
0.022958,0.065437,-0.016869,-0.001145,-0.014837,0.005899,0.009528,-0.285554,0.470266,-0.270839,0.386766,-0.270216,0.349498,-0.353843
0.023305,0.066422,-0.017623,-0.002289,-0.012372,0.004712,0.012973,-0.259245,0.495906,-0.260410,0.404433,-0.230876,0.311725,-0.334728
0.023655,0.067254,-0.018008,-0.002962,-0.009453,0.002221,0.019729,-0.245005,0.459941,-0.188984,0.368818,-0.254789,0.233653,-0.261689
0.023820,0.067767,-0.017777,-0.002547,-0.005913,-0.001440,0.035477,-0.237825,0.402751,-0.132374,0.371650,-0.298760,0.187978,-0.242418
0.023779,0.068039,-0.016815,-0.001801,-0.002191,-0.005547,0.048973,-0.268492,0.351196,-0.078335,0.323856,-0.336613,0.240800,-0.241853
0.023594,0.068189,-0.015564,-0.000983,-0.000688,-0.007821,0.064980,-0.300337,0.251859,-0.020473,0.256185,-0.346271,0.265940,-0.217781
0.023275,0.068297,-0.013958,-0.000276,0.000110,-0.009267,0.091769,-0.326116,0.130751,0.041310,0.230624,-0.332598,0.284967,-0.227432
0.022946,0.068374,-0.012371,-0.000144,0.000456,-0.009921,0.088603,-0.356506,0.114583,0.052146,0.188230,-0.337894,0.331327,-0.228886
0.022581,0.068274,-0.010452,-0.000522,0.002613,-0.011069,0.066435,-0.379617,0.146095,0.040894,0.128343,-0.346728,0.356197,-0.192639
0.022257,0.067929,-0.008418,-0.001333,0.005803,-0.012708,0.073007,-0.385354,0.129919,0.046929,0.135692,-0.337793,0.381484,-0.217113
0.021963,0.067419,-0.006272,-0.001817,0.007232,-0.012385,0.103338,-0.379506,0.035301,0.096971,0.167120,-0.350211,0.409947,-0.275987
0.021817,0.066887,-0.004531,-0.002655,0.007753,-0.010882,0.120326,-0.363979,-0.049536,0.157035,0.164544,-0.359186,0.384437,-0.267073
0.021782,0.066172,-0.002876,-0.003439,0.009096,-0.009548,0.094093,-0.351126,-0.007495,0.148814,0.120799,-0.325844,0.363855,-0.204948
0.021980,0.065496,-0.001805,-0.005003,0.008919,-0.006694,0.062947,-0.347675,0.076270,0.129372,0.077593,-0.318772,0.382506,-0.165875
0.022507,0.065184,-0.001481,-0.006523,0.003673,-0.001872,0.072201,-0.325506,0.046154,0.159312,0.120487,-0.364194,0.387471,-0.205490
0.023144,0.064978,-0.001628,-0.007231,0.002332,0.000923,0.083757,-0.290392,0.066946,0.168203,0.197434,-0.364592,0.399438,-0.266939
0.023919,0.064560,-0.001992,-0.007696,0.004300,0.002097,0.041425,-0.294327,0.300349,0.079050,0.189435,-0.286507,0.416616,-0.233248
0.024717,0.064027,-0.002476,-0.008337,0.005911,0.003027,0.019205,-0.268810,0.386835,0.045402,0.200862,-0.247904,0.359161,-0.182500
0.025681,0.063382,-0.003192,-0.009010,0.006475,0.004132,0.066665,-0.204349,0.239785,0.100150,0.335801,-0.314678,0.294613,-0.268141
0.026689,0.062931,-0.004245,-0.009506,0.004353,0.006582,0.080941,-0.170928,0.184837,0.133251,0.376954,-0.369431,0.269575,-0.292904
0.027951,0.062669,-0.005912,-0.010251,0.001333,0.009618,0.034109,-0.165628,0.302132,0.106200,0.268878,-0.303886,0.238390,-0.161692
0.029097,0.062416,-0.007507,-0.009912,0.001336,0.009964,-0.000423,-0.166394,0.442556,0.053268,0.232404,-0.243126,0.252270,-0.115564
0.030244,0.062112,-0.009093,-0.009192,0.001740,0.009153,0.008117,-0.156355,0.502749,0.038479,0.333317,-0.312602,0.285454,-0.212133
0.031143,0.061682,-0.010111,-0.008327,0.003965,0.006357,0.035409,-0.129865,0.427438,0.062601,0.424767,-0.361758,0.250143,-0.274203
0.032000,0.061311,-0.011011,-0.007514,0.003112,0.005196,0.049427,-0.120253,0.371728,0.067864,0.421921,-0.288841,0.205730,-0.245935
0.032685,0.061175,-0.011763,-0.006424,0.000708,0.004699,0.047696,-0.133100,0.320578,0.096787,0.342012,-0.261454,0.181681,-0.170505
0.033152,0.061004,-0.012126,-0.004366,0.001478,0.002093,0.033953,-0.154265,0.342544,0.095256,0.310366,-0.326041,0.157771,-0.133181
0.033352,0.060858,-0.012088,-0.002466,0.001776,-0.000233,0.021508,-0.195641,0.402500,0.068968,0.293927,-0.366329,0.208959,-0.150670
0.033238,0.060606,-0.011413,-0.000168,0.003555,-0.003896,0.044891,-0.226592,0.298500,0.081047,0.270231,-0.359423,0.272750,-0.192172
0.032899,0.060371,-0.010357,0.001642,0.004101,-0.006602,0.075669,-0.239549,0.185777,0.091781,0.288224,-0.334323,0.293076,-0.238766
0.032317,0.060012,-0.008696,0.002921,0.005821,-0.009580,0.074622,-0.263436,0.111527,0.105560,0.246497,-0.328743,0.282036,-0.212197
0.031674,0.059571,-0.006790,0.003372,0.007538,-0.011915,0.059214,-0.289207,0.081883,0.102731,0.183075,-0.338451,0.254444,-0.152785
0.031020,0.059220,-0.004879,0.003255,0.005942,-0.011027,0.065537,-0.317664,0.003373,0.130965,0.136834,-0.374082,0.293082,-0.157224
0.030421,0.058793,-0.002959,0.002866,0.007300,-0.012000,0.086088,-0.340449,-0.087675,0.172904,0.113041,-0.412343,0.354948,-0.200529
0.029855,0.058295,-0.000985,0.002206,0.007530,-0.011383,0.066400,-0.355658,-0.002475,0.131909,0.090821,-0.370528,0.411263,-0.209533
0.029479,0.058059,0.000354,0.001554,0.004299,-0.008370,0.058107,-0.357168,0.006680,0.136568,0.058597,-0.320903,0.429020,-0.190258
0.029223,0.057854,0.001382,0.000759,0.003289,-0.005929,0.081130,-0.330277,-0.048557,0.164186,0.131123,-0.336315,0.400270,-0.233326
0.029153,0.057825,0.001822,-0.000124,0.000826,-0.002754,0.059409,-0.328124,0.066427,0.118645,0.165976,-0.350423,0.401333,-0.243337
0.029225,0.057854,0.001840,-0.000826,-0.000295,-0.000103,0.023068,-0.318294,0.176074,0.073422,0.124150,-0.321447,0.384793,-0.179222
0.029414,0.057945,0.001432,-0.001366,-0.001538,0.002550,0.030496,-0.296605,0.220289,0.043563,0.181438,-0.299008,0.385167,-0.218170
0.029748,0.058200,0.000538,-0.001886,-0.003707,0.005154,0.042203,-0.272976,0.225705,0.039413,0.259049,-0.329032,0.390275,-0.284015
0.030254,0.058625,-0.000815,-0.003089,-0.006566,0.008460,0.026781,-0.242749,0.282337,0.006726,0.285158,-0.317736,0.335898,-0.259599
0.030936,0.059085,-0.002535,-0.004007,-0.006872,0.009926,0.004122,-0.228717,0.384306,-0.042593,0.279856,-0.260052,0.307258,-0.217364
0.031550,0.059372,-0.003983,-0.004119,-0.005093,0.009042,-0.007109,-0.215631,0.482690,-0.077157,0.308274,-0.266400,0.304811,-0.225968
0.032147,0.059531,-0.005256,-0.003958,-0.003143,0.007347,0.005571,-0.187223,0.473829,-0.063928,0.372280,-0.315976,0.274453,-0.261112
0.032605,0.059556,-0.006067,-0.003648,-0.001277,0.005075,0.034014,-0.167977,0.371938,-0.022167,0.405946,-0.316110,0.234063,-0.275534
0.032890,0.059413,-0.006400,-0.002440,0.001207,0.001919,0.042817,-0.170760,0.314063,0.009245,0.367349,-0.289239,0.212503,-0.235789
0.033002,0.059237,-0.006393,-0.001354,0.002101,-0.000043,0.032174,-0.188858,0.305301,0.032823,0.294826,-0.301627,0.200265,-0.170079
0.032955,0.059050,-0.006083,-0.000111,0.002407,-0.001789,0.038212,-0.211368,0.225421,0.071734,0.259346,-0.351701,0.204540,-0.157755
0.032818,0.059007,-0.005691,0.000760,0.000996,-0.002452,0.052240,-0.238091,0.165114,0.090855,0.251328,-0.377621,0.257610,-0.197337
0.032536,0.058845,-0.004879,0.001437,0.002692,-0.004684,0.047364,-0.270931,0.161813,0.081319,0.200785,-0.356089,0.319594,-0.199497
0.032256,0.058629,-0.003916,0.001218,0.003739,-0.006021,0.036401,-0.292765,0.202576,0.050767,0.176787,-0.314023,0.338388,-0.187597
0.031939,0.058255,-0.002553,0.000720,0.005624,-0.007859,0.057155,-0.293234,0.112721,0.087332,0.199208,-0.327654,0.334827,-0.217292
0.031651,0.057885,-0.001254,0.000599,0.005949,-0.008120,0.082280,-0.287110,0.031567,0.130665,0.230134,-0.367496,0.323108,-0.249918
0.031359,0.057634,0.000023,0.000654,0.004147,-0.007367,0.079362,-0.297919,0.013084,0.163077,0.173474,-0.362489,0.323344,-0.206273
0.031235,0.057737,0.000722,-0.000036,-0.000411,-0.004372,0.060074,-0.310041,0.050410,0.149669,0.110681,-0.328816,0.334162,-0.156296
0.031112,0.057837,0.001435,-0.000070,-0.000332,-0.004110,0.050440,-0.332477,0.105774,0.125409,0.108751,-0.337537,0.372283,-0.173792
0.031072,0.057906,0.001903,-0.000534,-0.000270,-0.002928,0.040718,-0.344192,0.224414,0.076904,0.158124,-0.349460,0.403063,-0.221380
0.031094,0.057846,0.002316,-0.001072,0.001102,-0.002379,0.055397,-0.330088,0.193984,0.078977,0.192642,-0.334310,0.406447,-0.254468
0.031217,0.057825,0.002440,-0.001730,0.000397,-0.000775,0.075152,-0.296844,0.150600,0.080656,0.242963,-0.309878,0.380318,-0.280476
0.031489,0.057960,0.002236,-0.002580,-0.001704,0.001175,0.063499,-0.274322,0.160797,0.086237,0.234304,-0.307751,0.343787,-0.245438
0.031955,0.058487,0.001377,-0.003685,-0.007301,0.005370,0.037711,-0.263505,0.233167,0.066437,0.213465,-0.308238,0.295975,-0.188082
0.032548,0.059194,0.000145,-0.004037,-0.009127,0.007107,0.028286,-0.271127,0.311871,0.047806,0.221845,-0.313251,0.311443,-0.193481
0.033059,0.059800,-0.000920,-0.003720,-0.008513,0.006652,0.015360,-0.282112,0.467987,-0.018030,0.260571,-0.312494,0.359298,-0.236991
0.033564,0.060219,-0.001703,-0.003942,-0.005496,0.004522,0.019282,-0.270327,0.507955,-0.044158,0.302399,-0.294635,0.359930,-0.263726
0.033980,0.060455,-0.002105,-0.004051,-0.003318,0.002508,0.055529,-0.244298,0.391855,-0.018347,0.369015,-0.280118,0.299911,-0.295176
0.034394,0.060576,-0.002198,-0.004345,-0.001439,0.000540,0.081229,-0.229065,0.276449,0.044998,0.377336,-0.297460,0.238669,-0.280602
0.034684,0.060591,-0.001980,-0.003947,0.000104,-0.001363,0.067429,-0.237553,0.273708,0.073223,0.294894,-0.319730,0.207465,-0.198080
0.034851,0.060506,-0.001394,-0.003065,0.001637,-0.003382,0.055295,-0.264153,0.287841,0.098126,0.209311,-0.332957,0.236002,-0.144762
0.034856,0.060283,-0.000472,-0.002148,0.003848,-0.005760,0.075326,-0.290080,0.218958,0.135931,0.200496,-0.359831,0.297591,-0.189906
0.034719,0.059885,0.000863,-0.001281,0.005973,-0.007703,0.099158,-0.305925,0.134044,0.167849,0.216846,-0.370862,0.335013,-0.240663
0.034597,0.059554,0.002028,-0.001152,0.005448,-0.007278,0.100435,-0.313368,0.086332,0.184034,0.185640,-0.339340,0.338218,-0.220927
0.034433,0.059132,0.003274,-0.000768,0.006121,-0.007186,0.091271,-0.315199,0.052970,0.192757,0.140532,-0.321863,0.329812,-0.180785
0.034261,0.058626,0.004414,-0.000474,0.007486,-0.007129,0.076513,-0.320215,0.092607,0.180157,0.133180,-0.344958,0.341310,-0.177431
0.034149,0.058124,0.005349,-0.000663,0.006628,-0.005395,0.070202,-0.320895,0.085462,0.182807,0.131118,-0.371855,0.361420,-0.190758
0.034076,0.057632,0.005990,-0.000529,0.006666,-0.004004,0.083075,-0.305296,0.025495,0.195422,0.151188,-0.362540,0.371657,-0.219108
0.034085,0.057109,0.006339,-0.000786,0.006155,-0.002014,0.071176,-0.294949,0.076941,0.166569,0.159196,-0.328377,0.389980,-0.225929
0.034187,0.056568,0.006376,-0.001297,0.006494,-0.000231,0.041763,-0.279142,0.134894,0.136812,0.143795,-0.314748,0.367768,-0.186048
0.034423,0.055943,0.006077,-0.002005,0.006510,0.001726,0.038179,-0.249329,0.149040,0.125647,0.192433,-0.323242,0.333597,-0.196445
0.034811,0.055472,0.005315,-0.003034,0.004630,0.004763,0.044026,-0.222802,0.140299,0.132744,0.237682,-0.345246,0.338915,-0.234717
0.035304,0.054970,0.004166,-0.003213,0.004135,0.006629,0.032739,-0.198108,0.177031,0.121501,0.240616,-0.337363,0.323247,-0.217367
0.035821,0.054513,0.002869,-0.003498,0.003721,0.008102,0.007194,-0.178068,0.297075,0.077829,0.246233,-0.288720,0.307404,-0.187157
0.036431,0.054088,0.001223,-0.003604,0.002622,0.009487,-0.000616,-0.156908,0.328506,0.061996,0.275975,-0.290901,0.293529,-0.193335
0.037045,0.053726,-0.000448,-0.003936,0.002023,0.010463,0.013156,-0.127236,0.298602,0.071416,0.346827,-0.330270,0.251509,-0.225946
0.037879,0.053536,-0.002671,-0.005049,-0.000765,0.012820,0.006554,-0.113558,0.335709,0.052795,0.364294,-0.320941,0.235353,-0.221230
0.038777,0.053494,-0.004958,-0.006125,-0.002758,0.014300,-0.012480,-0.108215,0.400761,0.028362,0.326349,-0.287445,0.230567,-0.174461
0.039739,0.053625,-0.007506,-0.005888,-0.004875,0.014691,-0.021960,-0.096946,0.501457,-0.002047,0.354518,-0.280500,0.227448,-0.180854
0.040392,0.053737,-0.009395,-0.003990,-0.004147,0.011810,-0.014760,-0.087548,0.549984,-0.004157,0.412804,-0.302762,0.226828,-0.223155
0.040723,0.053724,-0.010556,-0.001480,-0.001479,0.006701,-0.002685,-0.087564,0.544516,-0.013617,0.449555,-0.299332,0.193938,-0.234106
0.040601,0.053413,-0.010489,0.001313,0.003802,-0.000419,0.015834,-0.105607,0.437556,0.005841,0.430336,-0.287566,0.152930,-0.206545
0.040001,0.052918,-0.009385,0.004559,0.006983,-0.006369,0.039454,-0.134874,0.266840,0.054174,0.379866,-0.323297,0.123921,-0.177094
0.039087,0.052470,-0.007766,0.007659,0.007744,-0.010111,0.062709,-0.177437,0.056466,0.134468,0.291188,-0.392111,0.134120,-0.149505
0.037907,0.052160,-0.005825,0.009441,0.006020,-0.011199,0.063566,-0.242335,-0.070507,0.166028,0.171480,-0.419222,0.197709,-0.120967
0.036775,0.052071,-0.004118,0.010146,0.003462,-0.010673,0.038576,-0.313621,-0.077960,0.137153,0.051116,-0.396137,0.301796,-0.102413
0.035549,0.052221,-0.002435,0.010444,0.000483,-0.009714,0.020069,-0.356629,-0.030227,0.086235,0.015906,-0.374343,0.399416,-0.141164
0.034507,0.052691,-0.001230,0.010046,-0.003999,-0.007526,0.022908,-0.365040,0.003933,0.048501,0.071908,-0.367480,0.463380,-0.226433
0.033414,0.053198,-0.000021,0.009805,-0.004134,-0.006974,0.030369,-0.363034,0.023051,0.016537,0.134027,-0.342670,0.467205,-0.274617
0.032455,0.053703,0.000949,0.009486,-0.004794,-0.006066,0.019318,-0.365187,0.113676,-0.038970,0.163536,-0.293285,0.430064,-0.258647
0.031543,0.054270,0.001734,0.008569,-0.005356,-0.004525,0.016730,-0.350809,0.102141,-0.045251,0.165967,-0.298103,0.385136,-0.233738
0.030834,0.054834,0.002157,0.007585,-0.006217,-0.002644,0.029493,-0.339727,0.065534,-0.042308,0.196803,-0.348674,0.359884,-0.254844
0.030350,0.055557,0.002099,0.005424,-0.008002,0.000335,0.019076,-0.339700,0.110293,-0.057210,0.186215,-0.355743,0.377495,-0.255229
0.030120,0.056224,0.001718,0.003525,-0.008383,0.002380,-0.000738,-0.336834,0.190880,-0.093254,0.154276,-0.309548,0.400116,-0.234689
0.029989,0.056898,0.001096,0.002655,-0.008052,0.003591,-0.002209,-0.318118,0.282300,-0.112118,0.199000,-0.281898,0.412752,-0.263356
0.029991,0.057506,0.000309,0.001640,-0.008126,0.004918,0.010250,-0.287805,0.303091,-0.096597,0.274282,-0.300076,0.391023,-0.304338
0.030088,0.058077,-0.000611,0.000763,-0.007234,0.005311,0.019237,-0.259775,0.285493,-0.085815,0.317513,-0.301117,0.325695,-0.293852
0.030217,0.058510,-0.001404,0.000184,-0.006043,0.004956,0.011618,-0.246240,0.325145,-0.092614,0.306945,-0.274932,0.289784,-0.250828
0.030396,0.059003,-0.002324,-0.000112,-0.006376,0.005304,0.003536,-0.239721,0.347781,-0.086018,0.279000,-0.290660,0.282403,-0.220361
0.030692,0.059620,-0.003440,-0.001064,-0.008627,0.006976,0.016205,-0.233457,0.307379,-0.055763,0.296847,-0.331369,0.270364,-0.234371
0.031058,0.060460,-0.004783,-0.001256,-0.010653,0.007746,0.020878,-0.238185,0.317003,-0.055969,0.311858,-0.325509,0.287515,-0.255422
0.031365,0.061217,-0.005853,-0.001239,-0.010259,0.006688,-0.000083,-0.249449,0.443450,-0.097400,0.286057,-0.281635,0.318939,-0.235446
0.031620,0.062021,-0.006719,-0.000976,-0.009770,0.004993,-0.006638,-0.255151,0.507076,-0.123287,0.294135,-0.266209,0.311719,-0.228296
0.031673,0.062809,-0.007051,0.000148,-0.009780,0.002076,0.030595,-0.247783,0.405917,-0.081652,0.365159,-0.299249,0.271165,-0.275699
0.031505,0.063613,-0.006855,0.001419,-0.008621,-0.001129,0.055691,-0.255856,0.325758,-0.049651,0.379269,-0.322259,0.250751,-0.289543
0.031093,0.064048,-0.005784,0.002358,-0.003919,-0.006696,0.046614,-0.302787,0.321547,-0.048430,0.279570,-0.309838,0.248195,-0.213723
0.030388,0.064305,-0.003918,0.003604,-0.000829,-0.010761,0.046756,-0.343094,0.273971,-0.034627,0.205129,-0.310228,0.260616,-0.174127
0.029528,0.064287,-0.001555,0.004555,0.002874,-0.014777,0.097609,-0.371898,0.059722,0.063790,0.195308,-0.377971,0.306365,-0.236467
0.028464,0.064039,0.001390,0.005135,0.005694,-0.016981,0.122826,-0.400416,-0.077649,0.117209,0.166380,-0.412797,0.347470,-0.267450
0.027586,0.063900,0.003850,0.004561,0.004256,-0.015386,0.102543,-0.433713,-0.104407,0.131897,0.044135,-0.358968,0.382914,-0.195870
0.026767,0.063642,0.006297,0.003591,0.005149,-0.014116,0.088176,-0.441833,-0.135910,0.139146,-0.021752,-0.331227,0.412353,-0.166079
0.026175,0.063394,0.008171,0.002575,0.004809,-0.011705,0.078811,-0.446904,-0.071044,0.122384,0.016835,-0.370776,0.465102,-0.223222
0.025713,0.063083,0.009706,0.001712,0.004795,-0.008858,0.072504,-0.429653,-0.052814,0.132003,0.042932,-0.386578,0.481957,-0.249128
0.025527,0.062944,0.010406,0.000572,0.002323,-0.004377,0.075895,-0.395204,-0.029923,0.113401,0.084996,-0.327572,0.475659,-0.265296
0.025570,0.062762,0.010523,-0.000733,0.002102,-0.000671,0.060832,-0.365368,0.023674,0.088920,0.105567,-0.295752,0.466553,-0.257228
0.025879,0.062651,0.009923,-0.002264,0.000748,0.003747,0.028061,-0.333655,0.149079,0.038505,0.142035,-0.305207,0.407883,-0.226695
0.026479,0.062576,0.008570,-0.003676,-0.000392,0.007804,0.015994,-0.288754,0.207942,0.022590,0.195600,-0.314485,0.374433,-0.233679
0.027177,0.062406,0.006942,-0.004507,0.000407,0.010174,0.018121,-0.248416,0.262846,0.000051,0.255091,-0.314866,0.381857,-0.275284
0.028048,0.062150,0.004862,-0.005092,0.000843,0.012007,0.001863,-0.209061,0.355667,-0.031361,0.290016,-0.292511,0.358134,-0.266332
0.028913,0.061863,0.002771,-0.005448,0.001207,0.013058,-0.005298,-0.159695,0.374701,-0.036354,0.327719,-0.263297,0.289306,-0.241213
0.029881,0.061378,0.000662,-0.006135,0.003209,0.012171,-0.000812,-0.120801,0.364754,-0.028671,0.380113,-0.275821,0.235706,-0.245197
0.318192,-0.235886,0.831671,-0.000180,-0.000827,0.000345,0.000000,0.000000,0.000000,0.000000,0.000000,0.000000,0.000000,0.000000
0.318127,-0.235905,0.831550,-0.000354,-0.001470,0.000911,1.000000,-0.429380,-1.000000,1.000000,-0.372374,-1.000000,-0.748677,-0.251893
0.317750,-0.236066,0.831093,0.000417,-0.003245,0.002636,1.000000,-0.433095,-1.000000,1.000000,-0.372305,-1.000000,-0.748179,-0.251764
0.316761,-0.236517,0.830134,0.003281,-0.006005,0.005990,0.695991,-0.661839,-1.000000,1.000000,-1.000000,-0.596563,-0.012245,0.223010
0.314560,-0.237539,0.828171,0.008106,-0.010191,0.011334,0.687385,-0.664057,-1.000000,1.000000,-1.000000,-0.593048,-0.006181,0.223060
0.311218,-0.239218,0.825327,0.014363,-0.013362,0.017774,0.698246,-0.567008,-1.000000,1.000000,-0.853962,-0.922902,0.008335,-0.058829
0.305548,-0.242147,0.820405,0.021254,-0.020369,0.028388,0.662019,-0.569167,-1.000000,1.000000,-0.864124,-0.911334,0.022952,-0.053318
0.298236,-0.245849,0.814090,0.029140,-0.027525,0.039474,0.583647,-0.496895,-1.000000,1.000000,-0.945357,-0.701715,0.017542,0.060434
0.288176,-0.250651,0.805494,0.036411,-0.034742,0.049593,0.511933,-0.484074,-1.000000,1.000000,-0.951616,-0.679437,0.061595,0.057835
0.277132,-0.255526,0.796193,0.042812,-0.040896,0.058100,0.445827,-0.520616,-1.000000,1.000000,-0.934735,-0.747701,0.066231,0.062724
0.263397,-0.261006,0.784740,0.047993,-0.047555,0.066129,0.360439,-0.500656,-1.000000,1.000000,-0.928528,-0.732605,0.115667,0.058650
0.248967,-0.266156,0.772690,0.051893,-0.055099,0.075250,0.274287,-0.471086,-1.000000,1.000000,-0.936396,-0.698578,0.226800,0.027280
0.231051,-0.271940,0.757559,0.054831,-0.063163,0.087331,0.191373,-0.449559,-1.000000,1.000000,-0.920553,-0.683188,0.283300,0.017619
0.211956,-0.277376,0.741180,0.057147,-0.072435,0.102320,0.101588,-0.415623,-1.000000,1.000000,-0.877867,-0.653021,0.311956,0.012968
0.188130,-0.283175,0.720479,0.058835,-0.081256,0.119494,-0.019945,-0.368092,-1.000000,1.000000,-0.841355,-0.612920,0.384295,-0.002730
0.162835,-0.288080,0.698279,0.060740,-0.089427,0.138664,-0.172525,-0.310151,-1.000000,0.896158,-0.800289,-0.570059,0.472781,-0.017518
0.131508,-0.292246,0.670495,0.061470,-0.098157,0.160296,-0.351281,-0.223399,-1.000000,0.514283,-0.721149,-0.513838,0.569010,-0.039065
0.099036,-0.294219,0.641420,0.062689,-0.104809,0.181714,-0.541646,-0.104503,-0.671175,0.090716,-0.594376,-0.445884,0.659471,-0.093571
0.060373,-0.293050,0.606212,0.061358,-0.113284,0.203238,-0.749502,0.084995,-0.248344,-0.416343,-0.370514,-0.356378,0.684252,-0.212341
0.022936,-0.287723,0.570917,0.055196,-0.121449,0.220457,-0.920290,0.353355,0.043579,-0.933853,-0.032941,-0.276987,0.619838,-0.354135
-0.016431,-0.277325,0.531788,0.043022,-0.121359,0.225846,-1.000000,0.694781,0.328768,-1.000000,0.343033,-0.183580,0.452880,-0.425171
-0.050105,-0.264003,0.495829,0.029954,-0.115475,0.224689,-1.000000,0.936656,0.575441,-1.000000,0.583172,-0.056204,0.154551,-0.356822
-0.082898,-0.246469,0.457627,0.016981,-0.105914,0.220444,-1.000000,0.986268,0.696290,-1.000000,0.681480,-0.033512,-0.130469,-0.194472
-0.109454,-0.228257,0.423388,0.006838,-0.093885,0.213965,-1.000000,0.966171,0.714176,-1.000000,0.675103,-0.130116,-0.274234,-0.072078
-0.133898,-0.207566,0.388009,-0.002181,-0.078468,0.204050,-1.000000,0.917966,0.734800,-1.000000,0.635797,-0.233752,-0.184790,-0.077135
-0.152581,-0.188258,0.357242,-0.008615,-0.064533,0.192413,-1.000000,0.889856,0.693330,-1.000000,0.620180,-0.267185,-0.032097,-0.140077
-0.168402,-0.168230,0.326989,-0.014891,-0.051593,0.174443,-0.968013,0.942380,0.579243,-1.000000,0.694087,-0.217191,0.027254,-0.217789
-0.178987,-0.151895,0.302998,-0.019110,-0.037839,0.149979,-0.918199,0.999287,0.436645,-1.000000,0.765374,-0.164245,-0.012378,-0.241264
-0.186664,-0.137171,0.281936,-0.021693,-0.028094,0.121493,-0.843254,0.978113,0.189234,-1.000000,0.745689,-0.179845,-0.171497,-0.147855
-0.190616,-0.126974,0.267558,-0.024421,-0.019385,0.089865,-0.734451,0.883707,-0.260650,-1.000000,0.644298,-0.281678,-0.335002,-0.028104
-0.191758,-0.119665,0.257748,-0.029464,-0.015114,0.056613,-0.616228,0.692063,-0.753368,-0.820986,0.454928,-0.443972,-0.366173,0.055944
-0.190093,-0.116300,0.253974,-0.036527,-0.012892,0.023574,-0.494049,0.477947,-1.000000,-0.564326,0.222115,-0.574742,-0.307562,0.101491
-0.185416,-0.115699,0.255444,-0.045472,-0.016235,-0.008483,-0.369877,0.203313,-1.000000,-0.299456,-0.015139,-0.608861,-0.111109,0.066152
-0.178690,-0.117350,0.261113,-0.055212,-0.019449,-0.035437,-0.156385,-0.131317,-1.000000,0.142063,-0.226307,-0.633854,0.099330,-0.024334
-0.169531,-0.120387,0.270089,-0.063514,-0.021476,-0.051791,0.157712,-0.530553,-1.000000,0.750761,-0.391567,-0.697592,0.256855,-0.119237
-0.160264,-0.123216,0.279030,-0.069269,-0.022444,-0.055882,0.399139,-0.816911,-1.000000,1.000000,-0.582770,-0.754608,0.429655,-0.117610
-0.150015,-0.125621,0.288015,-0.073720,-0.022731,-0.051840,0.483676,-0.915665,-1.000000,1.000000,-0.754577,-0.739531,0.589580,-0.044370
-0.140600,-0.126926,0.295116,-0.078284,-0.023932,-0.044384,0.512600,-0.883817,-1.000000,1.000000,-0.746062,-0.680557,0.607885,-0.064003
-0.130716,-0.126948,0.300993,-0.082589,-0.028042,-0.033895,0.539886,-0.821249,-1.000000,1.000000,-0.641632,-0.657784,0.555619,-0.129142
-0.122229,-0.125656,0.304248,-0.085472,-0.031208,-0.020339,0.528813,-0.775545,-1.000000,1.000000,-0.604266,-0.645518,0.508322,-0.118209
-0.114396,-0.122227,0.304467,-0.085170,-0.038626,-0.001264,0.486388,-0.738928,-1.000000,1.000000,-0.604873,-0.604527,0.483463,-0.081348
-0.108830,-0.117377,0.301104,-0.081560,-0.043266,0.021018,0.425362,-0.692157,-1.000000,1.000000,-0.579541,-0.569226,0.507474,-0.085875
-0.104821,-0.110327,0.293248,-0.075505,-0.047557,0.045309,0.312498,-0.647229,-0.832811,1.000000,-0.529701,-0.522345,0.572565,-0.104673
-0.103118,-0.101811,0.281576,-0.067561,-0.054731,0.072925,0.147477,-0.535724,-0.347345,0.818790,-0.448974,-0.443808,0.643797,-0.116468
-0.103131,-0.090528,0.264150,-0.059374,-0.060305,0.100537,-0.034970,-0.392948,0.199586,0.413070,-0.303166,-0.345623,0.747480,-0.157218
-0.104075,-0.078772,0.244530,-0.052818,-0.062282,0.122618,-0.211224,-0.203686,0.747846,-0.076590,-0.015392,-0.229310,0.790141,-0.271740
-0.104965,-0.065629,0.221186,-0.050594,-0.058323,0.134743,-0.376313,0.108470,1.000000,-0.591303,0.416472,-0.150823,0.672309,-0.433823
-0.104923,-0.053872,0.199161,-0.051504,-0.051682,0.137591,-0.486471,0.425876,1.000000,-0.962003,0.784886,-0.106266,0.374626,-0.477981
-0.103743,-0.042053,0.175562,-0.053656,-0.042845,0.136151,-0.494564,0.670638,1.000000,-0.993818,0.986344,-0.000326,-0.036464,-0.398870
-0.101667,-0.032147,0.154388,-0.055272,-0.034741,0.132386,-0.476562,0.795093,1.000000,-0.883057,1.000000,0.032857,-0.302127,-0.283665
-0.098561,-0.022874,0.132403,-0.055850,-0.023957,0.126846,-0.514388,0.776818,1.000000,-0.847618,0.869965,-0.102923,-0.371174,-0.130341
-0.095200,-0.016098,0.113525,-0.054109,-0.010646,0.118019,-0.539041,0.711040,1.000000,-0.831102,0.758043,-0.202240,-0.322215,-0.048446
-0.091391,-0.010980,0.095766,-0.050072,0.002369,0.102406,-0.513046,0.686728,1.000000,-0.770983,0.777440,-0.224145,-0.140851,-0.161166
-0.088109,-0.008476,0.082895,-0.043488,0.014281,0.080479,-0.466828,0.717761,0.951597,-0.674697,0.828691,-0.232974,-0.036704,-0.272414
-0.085214,-0.008275,0.073661,-0.034097,0.025914,0.053267,-0.382050,0.774710,0.623446,-0.499496,0.870787,-0.186695,-0.166448,-0.244498
-0.083397,-0.009999,0.069471,-0.022830,0.033865,0.026175,-0.268326,0.740353,0.114238,-0.248083,0.813757,-0.192884,-0.349248,-0.132739
-0.082281,-0.013028,0.068929,-0.012446,0.034856,0.003128,-0.192569,0.577178,-0.517467,0.002657,0.546054,-0.388871,-0.483833,0.100186
-0.081688,-0.016341,0.071260,-0.005909,0.032285,-0.014571,-0.159935,0.335134,-1.000000,0.159712,0.184054,-0.610241,-0.464663,0.298053
-0.081176,-0.020079,0.075863,-0.002930,0.028110,-0.026556,-0.161970,0.055542,-1.000000,0.186994,-0.129069,-0.697986,-0.122635,0.234630
-0.080665,-0.023616,0.081367,-0.001804,0.025428,-0.034401,-0.132280,-0.135623,-1.000000,0.201178,-0.312723,-0.686173,0.272881,0.040605
-0.079966,-0.027566,0.088078,-0.002012,0.024775,-0.038702,-0.020196,-0.334527,-1.000000,0.326156,-0.369596,-0.624448,0.483871,-0.098496
-0.079142,-0.031289,0.094417,-0.003087,0.025433,-0.039638,0.068244,-0.447552,-1.000000,0.448368,-0.370013,-0.548181,0.511879,-0.127843
-0.078085,-0.035251,0.100680,-0.004685,0.026484,-0.036120,0.101052,-0.455902,-1.000000,0.479747,-0.398210,-0.537213,0.533205,-0.105765
-0.076935,-0.038745,0.105539,-0.007176,0.027456,-0.030366,0.097135,-0.433720,-1.000000,0.481934,-0.433476,-0.584270,0.553517,-0.078779
-0.075537,-0.042317,0.109362,-0.010182,0.029138,-0.022059,0.083737,-0.392192,-1.000000,0.481874,-0.412467,-0.584315,0.531673,-0.081067
-0.074219,-0.044777,0.111166,-0.012830,0.024198,-0.011279,0.067673,-0.340466,-1.000000,0.476234,-0.372581,-0.543665,0.534297,-0.107885
-0.072967,-0.046323,0.110784,-0.014344,0.017965,0.002207,0.022958,-0.252731,-1.000000,0.445460,-0.338989,-0.522573,0.543742,-0.112850
-0.072166,-0.046908,0.107955,-0.014408,0.014699,0.017679,-0.050788,-0.189791,-1.000000,0.337132,-0.287363,-0.485353,0.534508,-0.096585
-0.071871,-0.046634,0.101964,-0.012795,0.012013,0.034567,-0.147640,-0.117643,-0.839800,0.170419,-0.202011,-0.423796,0.517292,-0.090839
-0.072064,-0.045485,0.094182,-0.011023,0.007405,0.048652,-0.268048,0.028002,-0.484434,-0.055388,-0.080836,-0.388780,0.536475,-0.131645
-0.072688,-0.043086,0.083612,-0.009299,0.000208,0.060958,-0.390462,0.239899,-0.157411,-0.332358,0.109587,-0.362423,0.538498,-0.194712
-0.073436,-0.040114,0.072389,-0.008641,-0.004562,0.070161,-0.442287,0.440775,0.014791,-0.534501,0.387862,-0.283129,0.407776,-0.256798
-0.074180,-0.036463,0.059287,-0.009278,-0.006545,0.075577,-0.465746,0.590312,0.154336,-0.684915,0.647071,-0.164393,0.150202,-0.259924
-0.074717,-0.032859,0.046781,-0.009982,-0.007875,0.078186,-0.496102,0.681775,0.296710,-0.766397,0.729707,-0.121958,-0.105083,-0.140796
-0.075073,-0.029028,0.033507,-0.010426,-0.007554,0.076549,-0.523606,0.717707,0.399696,-0.803246,0.690588,-0.200038,-0.239579,-0.016777
-0.075189,-0.025775,0.022087,-0.010436,-0.006454,0.071407,-0.537959,0.668786,0.469409,-0.847160,0.646016,-0.294054,-0.196290,-0.010174
-0.075093,-0.022720,0.011004,-0.010421,-0.004640,0.063947,-0.518741,0.596523,0.466533,-0.851179,0.638364,-0.319262,-0.079547,-0.082295
-0.074747,-0.020459,0.002508,-0.011013,-0.002963,0.053064,-0.473985,0.577061,0.404022,-0.816799,0.678619,-0.278768,-0.012476,-0.170532
-0.074075,-0.018720,-0.004151,-0.011914,-0.001879,0.038433,-0.429672,0.588552,0.336243,-0.762887,0.713085,-0.234541,-0.027538,-0.196224
-0.073221,-0.017717,-0.007534,-0.012486,-0.002548,0.021146,-0.368066,0.556365,0.197290,-0.634379,0.683110,-0.237695,-0.132446,-0.123704
-0.072098,-0.017279,-0.008207,-0.012741,-0.003115,0.003882,-0.278055,0.443341,-0.038532,-0.435388,0.599932,-0.304588,-0.237246,-0.033554
-0.070921,-0.017358,-0.006464,-0.012877,-0.003760,-0.010899,-0.189916,0.232347,-0.278191,-0.246240,0.435430,-0.438038,-0.209839,0.029813
-0.069439,-0.017586,-0.002355,-0.013759,-0.007534,-0.023701,-0.123879,-0.003110,-0.434446,-0.099513,0.212978,-0.553907,-0.051215,0.057802
-0.067911,-0.017845,0.002763,-0.014723,-0.010178,-0.031997,-0.056074,-0.208850,-0.522236,0.022590,0.025612,-0.575246,0.195603,-0.015946
-0.066126,-0.018155,0.009101,-0.015551,-0.011412,-0.036549,0.045888,-0.417042,-0.609123,0.164874,-0.089908,-0.536770,0.412028,-0.139847
-0.064375,-0.018654,0.015371,-0.016447,-0.009526,-0.039201,0.121127,-0.541209,-0.665951,0.262318,-0.137038,-0.479589,0.529040,-0.206109
-0.062442,-0.019250,0.022046,-0.016781,-0.008235,-0.038493,0.138985,-0.576665,-0.623836,0.272018,-0.185338,-0.437215,0.613284,-0.205764
-0.060643,-0.019797,0.027828,-0.017136,-0.006959,-0.036162,0.144234,-0.556782,-0.629687,0.297023,-0.204028,-0.446790,0.623014,-0.189169
-0.058656,-0.020265,0.033571,-0.017787,-0.006843,-0.033107,0.158916,-0.528282,-0.675031,0.327277,-0.149264,-0.457834,0.581176,-0.212501
-0.056787,-0.020639,0.038159,-0.018708,-0.005580,-0.028681,0.151666,-0.510830,-0.673422,0.338384,-0.139552,-0.447732,0.558656,-0.207577
-0.054726,-0.020861,0.042197,-0.019725,-0.005458,-0.023301,0.123127,-0.495677,-0.608571,0.322535,-0.178002,-0.436039,0.548112,-0.161928
-0.052843,-0.020663,0.044895,-0.020281,-0.007876,-0.016861,0.098727,-0.453824,-0.545816,0.308503,-0.169955,-0.437685,0.557364,-0.159466
-0.050863,-0.020158,0.046602,-0.020533,-0.008650,-0.009841,0.088397,-0.417552,-0.481564,0.295325,-0.117167,-0.441181,0.580485,-0.204161
-0.049156,-0.019464,0.046924,-0.020088,-0.008878,-0.002016,0.060703,-0.386100,-0.349785,0.236807,-0.059976,-0.405554,0.568680,-0.215350
-0.047399,-0.018570,0.046292,-0.019732,-0.008753,0.003644,0.018969,-0.317713,-0.211160,0.155119,-0.003323,-0.353291,0.542232,-0.206196
-0.045874,-0.017667,0.044825,-0.019163,-0.008154,0.009166,-0.020016,-0.225924,-0.102626,0.062622,0.084587,-0.347979,0.520247,-0.230579
-0.044349,-0.016811,0.042192,-0.018344,-0.005224,0.015191,-0.034309,-0.151081,-0.075549,0.028952,0.185781,-0.367551,0.444439,-0.248203
-0.042979,-0.015977,0.039240,-0.018142,-0.005029,0.018454,-0.052663,-0.070059,-0.059305,-0.009133,0.272774,-0.340440,0.345060,-0.240332
-0.041525,-0.015113,0.035618,-0.017948,-0.004106,0.020899,-0.106261,0.029300,0.018695,-0.087253,0.290061,-0.315263,0.309836,-0.201301
-0.040204,-0.014408,0.032028,-0.017725,-0.002808,0.022433,-0.138301,0.071405,0.082237,-0.119711,0.291765,-0.337811,0.253875,-0.149536
-0.038779,-0.014051,0.028055,-0.017600,0.001605,0.022923,-0.134488,0.117627,0.051393,-0.099765,0.377878,-0.348859,0.162334,-0.157415
-0.037469,-0.013968,0.024401,-0.017501,0.004321,0.022851,-0.134142,0.146281,0.045099,-0.103839,0.414177,-0.356608,0.173702,-0.190038
-0.036054,-0.014167,0.020525,-0.017381,0.007212,0.022354,-0.158890,0.192713,0.044489,-0.102504,0.366005,-0.373219,0.164838,-0.128310
-0.034764,-0.014512,0.016996,-0.017193,0.008879,0.022049,-0.161147,0.232064,0.025156,-0.085107,0.376906,-0.349028,0.120753,-0.100010
-0.033399,-0.014960,0.013186,-0.016877,0.009506,0.021984,-0.152949,0.249543,-0.020321,-0.046413,0.414081,-0.356136,0.111323,-0.125182
-0.032157,-0.015483,0.009747,-0.016698,0.010538,0.021506,-0.163517,0.262319,-0.017748,-0.034011,0.406182,-0.387074,0.087154,-0.096483
-0.030884,-0.016286,0.005899,-0.016008,0.013100,0.022187,-0.182525,0.273272,0.038097,-0.048250,0.380607,-0.371844,0.082083,-0.052381
-0.029767,-0.017132,0.002380,-0.015439,0.014154,0.022009,-0.180637,0.276510,0.039920,-0.041512,0.381086,-0.370239,0.112131,-0.066629
-0.028600,-0.018068,-0.001256,-0.014935,0.014025,0.020961,-0.179841,0.320747,0.007289,-0.039774,0.431669,-0.393900,0.112868,-0.104389
-0.027572,-0.018968,-0.004434,-0.014377,0.014124,0.019868,-0.183017,0.345262,0.011129,-0.042101,0.452478,-0.378884,0.096114,-0.101735
-0.026528,-0.020171,-0.007690,-0.013591,0.016337,0.018783,-0.184064,0.341168,0.012666,-0.029191,0.437817,-0.344962,0.046626,-0.052207
-0.025677,-0.021655,-0.010619,-0.012330,0.020591,0.018317,-0.181280,0.339444,-0.004351,-0.015111,0.436903,-0.357846,0.016428,-0.032236
-0.024849,-0.023313,-0.013469,-0.011216,0.020744,0.016432,-0.187431,0.354931,-0.033797,-0.009853,0.426702,-0.417416,0.040682,-0.040196
-0.024141,-0.024906,-0.015683,-0.010346,0.021030,0.013835,-0.201079,0.396983,-0.081803,-0.015556,0.411415,-0.435648,0.068422,-0.042400
-0.023419,-0.026737,-0.017498,-0.009493,0.021631,0.010470,-0.191496,0.382864,-0.114549,-0.001167,0.407192,-0.394679,0.070968,-0.043079
-0.022820,-0.028438,-0.018670,-0.008302,0.021285,0.007326,-0.175458,0.360392,-0.177443,0.045954,0.410396,-0.376226,0.022898,-0.025698
-0.022218,-0.030230,-0.019264,-0.007194,0.020155,0.003429,-0.164406,0.345747,-0.238826,0.084135,0.389661,-0.414928,0.006494,-0.008765
-0.021674,-0.031946,-0.019154,-0.006359,0.020351,-0.000688,-0.170194,0.309957,-0.251063,0.089273,0.321968,-0.463234,0.044875,0.015591
-0.021054,-0.033714,-0.018296,-0.005861,0.018793,-0.004949,-0.157573,0.251261,-0.287251,0.112970,0.266065,-0.467187,0.083503,0.019683
-0.020463,-0.035336,-0.016966,-0.005363,0.018254,-0.008312,-0.119168,0.208044,-0.388735,0.167740,0.260867,-0.458726,0.127553,-0.027681
-0.019779,-0.037201,-0.015005,-0.005112,0.019117,-0.011310,-0.089335,0.151373,-0.440683,0.212658,0.232691,-0.469447,0.171568,-0.052787
-0.019113,-0.038888,-0.012846,-0.004916,0.018491,-0.013494,-0.087716,0.112574,-0.450005,0.237804,0.172375,-0.464852,0.175002,-0.017944
-0.018334,-0.040653,-0.010189,-0.004992,0.017670,-0.015334,-0.073492,0.090152,-0.496413,0.273169,0.132607,-0.460431,0.206933,-0.020025
-0.017596,-0.042207,-0.007693,-0.004985,0.016798,-0.015597,-0.054187,0.055102,-0.533764,0.305610,0.114511,-0.487864,0.258257,-0.050106
-0.016827,-0.043868,-0.005249,-0.004883,0.016775,-0.014099,-0.043763,0.021664,-0.548004,0.337612,0.092109,-0.489511,0.266923,-0.047592
-0.016212,-0.045411,-0.003519,-0.004479,0.017291,-0.010816,-0.044670,0.008917,-0.522394,0.332564,0.074803,-0.454385,0.290201,-0.049238
-0.015709,-0.047059,-0.002423,-0.003806,0.017504,-0.006321,-0.060901,0.024305,-0.474778,0.304319,0.063851,-0.453050,0.337590,-0.061174
-0.015361,-0.048455,-0.002007,-0.003414,0.016380,-0.002599,-0.085790,0.075904,-0.430829,0.260807,0.098514,-0.459339,0.342324,-0.073096
-0.015096,-0.049828,-0.002133,-0.003123,0.015157,0.000724,-0.110858,0.139202,-0.384021,0.203911,0.164859,-0.425511,0.322810,-0.091516
-0.014962,-0.050938,-0.002788,-0.002819,0.013583,0.004094,-0.129091,0.179836,-0.342974,0.163995,0.216456,-0.396773,0.275473,-0.087548
-0.014952,-0.052170,-0.004123,-0.002445,0.014229,0.007699,-0.147593,0.224211,-0.313967,0.135653,0.264341,-0.397227,0.196765,-0.061256
-0.015134,-0.053541,-0.006088,-0.001672,0.017423,0.012284,-0.173226,0.261725,-0.252812,0.086612,0.289880,-0.410928,0.166663,-0.045896
-0.015490,-0.055181,-0.008756,-0.001012,0.019448,0.015395,-0.206035,0.315403,-0.204066,0.032714,0.299341,-0.426791,0.167816,-0.038076
-0.015888,-0.056662,-0.011381,-0.000679,0.019171,0.016408,-0.236587,0.411192,-0.195788,-0.025846,0.351174,-0.417160,0.162978,-0.056941
-0.016334,-0.058129,-0.014076,-0.000363,0.017622,0.015546,-0.250652,0.477009,-0.208149,-0.054176,0.411680,-0.392620,0.128331,-0.070927
-0.016745,-0.059328,-0.016226,0.000223,0.015597,0.013435,-0.250891,0.492882,-0.235365,-0.039915,0.446676,-0.370591,0.015963,-0.026995
-0.017149,-0.060773,-0.017979,0.000857,0.016912,0.010113,-0.248576,0.477016,-0.252379,-0.022422,0.437698,-0.378314,-0.064109,0.028113
-0.017353,-0.062384,-0.018605,0.001004,0.019576,0.003915,-0.256815,0.432582,-0.242725,-0.030386,0.371384,-0.443428,-0.034930,0.058329
-0.017398,-0.064005,-0.018309,0.001129,0.017650,-0.001713,-0.248650,0.407513,-0.308766,-0.010851,0.320360,-0.500699,0.027112,0.046607
-0.017234,-0.065363,-0.017173,0.000775,0.015423,-0.007090,-0.187109,0.370073,-0.494373,0.090313,0.316640,-0.503802,0.079501,-0.017784
-0.016791,-0.066639,-0.015049,-0.000076,0.012775,-0.012257,-0.143826,0.290310,-0.570420,0.161978,0.289210,-0.470311,0.088808,-0.031200
-0.016244,-0.067705,-0.012670,-0.000575,0.011217,-0.014869,-0.140474,0.206186,-0.544723,0.207643,0.189108,-0.450550,0.074688,0.035993
-0.015469,-0.068722,-0.009745,-0.001669,0.009562,-0.016874,-0.116266,0.126454,-0.547158,0.265368,0.110689,-0.489926,0.126930,0.045355
-0.014598,-0.069513,-0.006957,-0.003206,0.007846,-0.017435,-0.088038,0.074506,-0.560890,0.298640,0.086291,-0.548007,0.250873,-0.019188
-0.013517,-0.070067,-0.004125,-0.005068,0.004685,-0.016339,-0.059210,0.024460,-0.551672,0.329863,0.063483,-0.527020,0.336366,-0.064258
-0.012441,-0.070431,-0.001838,-0.006808,0.003202,-0.014282,-0.035869,-0.001282,-0.519176,0.354034,0.073564,-0.443246,0.343294,-0.079065
-0.011327,-0.070709,0.000004,-0.007763,0.002277,-0.010626,-0.030467,-0.013916,-0.423558,0.352378,0.093222,-0.410902,0.346849,-0.083097
-0.010457,-0.070735,0.000935,-0.007892,-0.000084,-0.005820,-0.040520,0.006517,-0.338134,0.348413,0.110095,-0.446140,0.333848,-0.068633
-0.009713,-0.070642,0.001169,-0.007606,-0.001109,-0.001347,-0.048902,0.049477,-0.269666,0.317383,0.157002,-0.450686,0.330454,-0.082815
-0.009231,-0.070473,0.000723,-0.006920,-0.001842,0.002788,-0.067808,0.076053,-0.165674,0.248231,0.199417,-0.411900,0.342212,-0.102956
-0.008953,-0.070100,-0.000432,-0.005859,-0.003724,0.006659,-0.091632,0.122654,-0.099337,0.190159,0.249921,-0.381398,0.294571,-0.094970
-0.008944,-0.069797,-0.002105,-0.004503,-0.003045,0.010462,-0.107475,0.185697,-0.071329,0.137081,0.328718,-0.376298,0.235378,-0.104610
-0.009158,-0.069462,-0.004408,-0.003188,-0.002943,0.013282,-0.135183,0.221362,-0.014012,0.069864,0.367064,-0.388648,0.195988,-0.096281
-0.009442,-0.069098,-0.006616,-0.002360,-0.003560,0.013797,-0.173558,0.277296,0.017424,0.002825,0.380952,-0.385296,0.144033,-0.061361
-0.009820,-0.068671,-0.008960,-0.001434,-0.003903,0.013521,-0.191995,0.318508,0.025073,-0.053156,0.412360,-0.377908,0.132653,-0.072479
-0.010198,-0.068210,-0.010950,-0.000605,-0.004740,0.012436,-0.190398,0.316885,-0.007558,-0.056121,0.432307,-0.395474,0.105307,-0.077739
-0.010631,-0.067827,-0.012888,0.000202,-0.003513,0.011183,-0.188818,0.318091,-0.043154,-0.056439,0.443816,-0.391118,0.052424,-0.059496
-0.011006,-0.067544,-0.014316,0.000840,-0.002803,0.008929,-0.195733,0.297038,-0.032207,-0.076637,0.408239,-0.390133,0.073198,-0.043955
-0.011333,-0.067181,-0.015331,0.001224,-0.003594,0.005859,-0.205436,0.291667,-0.053616,-0.084934,0.367863,-0.421377,0.095348,-0.029215
-0.011544,-0.066828,-0.015733,0.001507,-0.004030,0.002509,-0.184590,0.280119,-0.124801,-0.059492,0.380962,-0.433483,0.105707,-0.060931
-0.011707,-0.066348,-0.015676,0.001923,-0.005297,-0.000326,-0.157606,0.234129,-0.181403,-0.022075,0.376753,-0.422796,0.117952,-0.082742
-0.011823,-0.065809,-0.015197,0.002564,-0.006633,-0.002998,-0.148084,0.190574,-0.209378,0.005813,0.324501,-0.414393,0.110368,-0.046481
-0.011984,-0.065405,-0.014480,0.003401,-0.004721,-0.004135,-0.145061,0.146543,-0.202802,0.009738,0.272496,-0.424960,0.137316,-0.028575
-0.012195,-0.065259,-0.013777,0.004229,-0.002060,-0.004393,-0.134350,0.093224,-0.215978,0.017159,0.238700,-0.458732,0.193181,-0.050702
-0.012444,-0.065140,-0.012889,0.004735,-0.001675,-0.005125,-0.124035,0.096975,-0.275749,0.022756,0.242974,-0.465782,0.236505,-0.092748
-0.012607,-0.065111,-0.011781,0.004639,-0.000859,-0.006925,-0.124659,0.123525,-0.312076,0.008835,0.243765,-0.435898,0.283192,-0.125688
-0.012745,-0.065057,-0.010376,0.004678,-0.001195,-0.008104,-0.130687,0.117762,-0.323854,0.011513,0.228301,-0.406476,0.252788,-0.096378
-0.012850,-0.064976,-0.008942,0.004739,-0.001642,-0.008962,-0.115252,0.108189,-0.396085,0.067129,0.237761,-0.402379,0.170613,-0.063843
-0.012982,-0.065137,-0.007454,0.004791,0.001118,-0.008584,-0.108700,0.085154,-0.420825,0.088507,0.220369,-0.447300,0.184686,-0.067579
-0.013068,-0.065332,-0.006056,0.004427,0.001647,-0.008735,-0.128647,0.050994,-0.375435,0.074994,0.139079,-0.491446,0.241989,-0.040588
-0.013120,-0.065476,-0.004569,0.003930,0.000918,-0.008584,-0.133991,0.073651,-0.394016,0.070238,0.125082,-0.467349,0.285476,-0.058107
-0.013152,-0.065628,-0.003313,0.003460,0.001211,-0.007847,-0.105247,0.071421,-0.438327,0.091917,0.169220,-0.439349,0.337756,-0.134480
-0.013164,-0.065856,-0.002108,0.002862,0.001963,-0.006955,-0.101588,0.064348,-0.438479,0.114214,0.191688,-0.429276,0.286389,-0.119068
-0.013175,-0.066060,-0.001241,0.002270,0.001999,-0.005416,-0.118506,0.084249,-0.402180,0.106071,0.183164,-0.402112,0.228173,-0.063683
-0.013175,-0.066269,-0.000565,0.001537,0.001988,-0.003899,-0.129552,0.097423,-0.376452,0.099756,0.159367,-0.432445,0.260364,-0.058983
-0.013177,-0.066436,-0.000233,0.000846,0.001832,-0.002078,-0.133427,0.109785,-0.364563,0.100257,0.174628,-0.478623,0.271415,-0.075135
-0.013179,-0.066464,-0.000150,0.000218,0.000267,-0.000478,-0.128203,0.122121,-0.351304,0.101416,0.212112,-0.442835,0.267126,-0.098027
-0.013188,-0.066405,-0.000362,-0.000423,-0.000595,0.001322,-0.133080,0.137113,-0.311031,0.084606,0.223741,-0.397041,0.272941,-0.101977
-0.013219,-0.066327,-0.000914,-0.000921,-0.000612,0.003185,-0.146102,0.147652,-0.249353,0.065658,0.232480,-0.401540,0.241114,-0.074510
-0.013224,-0.066316,-0.001554,-0.001528,0.000193,0.004002,-0.151463,0.170089,-0.214718,0.056650,0.270079,-0.414136,0.202198,-0.068691
-0.013186,-0.066491,-0.002292,-0.002110,0.002264,0.004259,-0.152427,0.193025,-0.196671,0.041682,0.298033,-0.422823,0.214647,-0.092972
-0.013102,-0.066758,-0.002948,-0.002629,0.003501,0.004097,-0.151095,0.209881,-0.202262,0.046811,0.301514,-0.425314,0.206265,-0.087958
-0.012943,-0.067083,-0.003545,-0.003122,0.003843,0.003450,-0.144023,0.239772,-0.241435,0.072015,0.320922,-0.406465,0.163265,-0.076120
-0.012764,-0.067584,-0.004032,-0.003361,0.006205,0.003042,-0.141775,0.249104,-0.256521,0.091439,0.321973,-0.407709,0.147703,-0.067862
-0.012613,-0.068293,-0.004626,-0.003037,0.008045,0.003425,-0.148802,0.238872,-0.247512,0.109875,0.291878,-0.432458,0.124883,-0.029377
-0.012531,-0.068969,-0.005225,-0.002512,0.008343,0.003743,-0.149919,0.254775,-0.274953,0.130328,0.282121,-0.443452,0.124765,-0.021420
-0.012456,-0.069745,-0.005872,-0.002354,0.008804,0.003732,-0.154569,0.271478,-0.283622,0.120764,0.280360,-0.453028,0.179990,-0.051296
-0.012400,-0.070585,-0.006449,-0.002174,0.010267,0.003603,-0.166591,0.273169,-0.267587,0.107771,0.274573,-0.445193,0.179564,-0.041899
-0.012301,-0.071461,-0.006885,-0.002155,0.009818,0.002518,-0.162181,0.284047,-0.285808,0.120084,0.301836,-0.410804,0.136527,-0.035324
-0.012182,-0.072204,-0.007104,-0.002002,0.008939,0.001370,-0.157410,0.303847,-0.323938,0.133327,0.317772,-0.423642,0.137140,-0.048618
-0.012015,-0.073026,-0.007118,-0.001868,0.009053,0.000082,-0.160319,0.291216,-0.328097,0.146220,0.289586,-0.462037,0.123753,-0.019434
-0.011867,-0.073852,-0.007046,-0.001563,0.009801,-0.000452,-0.158678,0.267052,-0.329742,0.159200,0.268825,-0.449311,0.099083,0.007397
-0.011710,-0.074773,-0.006865,-0.001266,0.010044,-0.001042,-0.147304,0.247304,-0.353190,0.172033,0.254391,-0.448501,0.145244,-0.018064
-0.011499,-0.075588,-0.006453,-0.001359,0.009509,-0.002578,-0.149347,0.251208,-0.364378,0.170493,0.239974,-0.480280,0.187676,-0.034034
-0.011171,-0.076295,-0.005743,-0.001753,0.007496,-0.004099,-0.149477,0.253544,-0.369537,0.173357,0.240571,-0.464556,0.183909,-0.032139
-0.010805,-0.076789,-0.004917,-0.001994,0.005533,-0.005159,-0.129213,0.229244,-0.405794,0.206559,0.246419,-0.432398,0.167435,-0.036505
-0.010417,-0.077228,-0.004014,-0.001873,0.004500,-0.005214,-0.114261,0.193734,-0.412782,0.236399,0.236861,-0.445910,0.155064,-0.028252
-0.010021,-0.077480,-0.003103,-0.002089,0.002644,-0.005688,-0.119440,0.164619,-0.370218,0.235671,0.198123,-0.472485,0.170975,-0.007931
-0.009575,-0.077545,-0.002119,-0.002261,0.000383,-0.005680,-0.124975,0.151148,-0.331988,0.214340,0.170771,-0.475456,0.224806,-0.018610
-0.009208,-0.077451,-0.001324,-0.002066,-0.001403,-0.004966,-0.104467,0.124653,-0.331676,0.220372,0.182625,-0.463994,0.269015,-0.059508
-0.008907,-0.077223,-0.000707,-0.001663,-0.002697,-0.003561,-0.086443,0.107123,-0.329125,0.227753,0.217921,-0.439991,0.259768,-0.083797
0.480002,0.130197,0.428564,-0.000245,-0.001395,0.000740,0.000000,0.000000,0.000000,0.000000,0.000000,0.000000,0.000000,0.000000
0.480251,0.130040,0.428096,-0.000642,-0.006031,0.002699,1.000000,-1.000000,-0.955901,1.000000,-0.074820,-0.696313,-0.579409,-0.280657
0.480487,0.129650,0.427428,0.000425,-0.007359,0.004177,1.000000,-1.000000,-0.921567,1.000000,-0.073291,-0.691679,-0.576143,-0.280781
0.480742,0.128360,0.426037,0.003376,-0.008910,0.008024,0.684317,-1.000000,0.046381,1.000000,-0.922273,-0.371877,0.406337,-0.042646
0.480988,0.125610,0.423583,0.008681,-0.011417,0.015329,0.677490,-1.000000,0.076484,1.000000,-0.920074,-0.364196,0.407642,-0.041028
0.481275,0.120006,0.418936,0.016431,-0.015726,0.026809,0.788607,-1.000000,-0.013272,1.000000,-0.349352,-0.358417,0.190316,-0.313513
0.481587,0.111377,0.412067,0.025774,-0.021250,0.042932,0.733485,-1.000000,0.109402,1.000000,-0.335647,-0.327126,0.219715,-0.319816
0.481825,0.097539,0.401240,0.035966,-0.028623,0.062489,0.606858,-0.956186,0.459653,1.000000,-0.487945,-0.261465,0.210240,-0.162587
0.481706,0.080500,0.387904,0.045016,-0.038408,0.083336,0.490488,-0.863197,0.751687,1.000000,-0.421758,-0.209281,0.292120,-0.189508
0.480791,0.057377,0.369699,0.051946,-0.049913,0.105008,0.377126,-0.776198,1.000000,1.000000,-0.286068,-0.189474,0.419484,-0.289632
0.478677,0.031837,0.349473,0.056969,-0.060755,0.126353,0.245605,-0.620269,1.000000,1.000000,-0.114716,-0.121742,0.440489,-0.311105
0.474292,0.000266,0.324221,0.059387,-0.071056,0.145733,0.098329,-0.420044,1.000000,0.760695,0.068002,-0.047950,0.446038,-0.308621
0.467627,-0.031413,0.298513,0.061204,-0.078407,0.160689,-0.090631,-0.189164,1.000000,0.442022,0.219343,-0.042834,0.447662,-0.280069
0.457060,-0.066669,0.269344,0.062969,-0.081368,0.168282,-0.265141,0.124854,1.000000,0.170053,0.464028,-0.046098,0.354400,-0.305841
0.444250,-0.098152,0.242490,0.066280,-0.080886,0.167860,-0.404698,0.442444,1.000000,-0.055824,0.738998,-0.009842,0.243463,-0.371334
0.427691,-0.129043,0.215056,0.071045,-0.076815,0.158379,-0.504454,0.692393,1.000000,-0.186919,0.911813,0.036390,0.051899,-0.325290
0.410770,-0.153431,0.192262,0.078443,-0.069993,0.142394,-0.551600,0.839418,1.000000,-0.242092,0.974071,0.069466,-0.199653,-0.189092
0.391499,-0.175071,0.170766,0.087715,-0.062960,0.124029,-0.575234,0.907569,1.000000,-0.244157,0.958604,0.007119,-0.332077,-0.084908
0.373401,-0.190697,0.153906,0.098555,-0.057785,0.105347,-0.589310,0.894459,1.000000,-0.229498,0.869933,-0.136604,-0.334749,-0.029712
0.353840,-0.203237,0.138772,0.110701,-0.054840,0.087301,-0.575858,0.860698,1.000000,-0.206067,0.794552,-0.235265,-0.286631,-0.018159
0.335960,-0.211019,0.127545,0.124927,-0.054402,0.070173,-0.534471,0.808225,1.000000,-0.169330,0.747910,-0.277399,-0.211075,-0.052883
0.316920,-0.215519,0.118279,0.140260,-0.057062,0.053492,-0.503915,0.748188,0.787315,-0.183976,0.691387,-0.312017,-0.194503,-0.053843
0.299698,-0.216140,0.112279,0.156004,-0.063264,0.037499,-0.491407,0.666035,0.338567,-0.259311,0.610677,-0.349051,-0.228598,-0.011151
0.281442,-0.213252,0.108318,0.170684,-0.072480,0.022836,-0.512237,0.525762,-0.080896,-0.400263,0.445135,-0.416540,-0.219163,0.066019
0.265221,-0.207682,0.106912,0.181888,-0.081090,0.008788,-0.565538,0.313592,-0.411900,-0.603842,0.195100,-0.503711,-0.150684,0.152511
0.248559,-0.199130,0.107541,0.187559,-0.088199,-0.003628,-0.611653,0.061028,-0.625249,-0.844855,-0.017770,-0.549960,-0.002225,0.133156
0.234168,-0.189615,0.109782,0.187917,-0.092370,-0.014003,-0.614731,-0.179113,-0.769964,-1.000000,-0.166229,-0.558254,0.232594,-0.005024
0.219724,-0.178378,0.113663,0.184099,-0.092036,-0.022412,-0.569284,-0.367800,-0.905182,-1.000000,-0.257817,-0.539981,0.440074,-0.158940
0.207487,-0.167592,0.118416,0.177018,-0.089080,-0.029691,-0.495442,-0.497499,-1.000000,-1.000000,-0.307816,-0.493472,0.559667,-0.255597
0.195461,-0.156065,0.124868,0.169022,-0.080084,-0.037225,-0.432663,-0.582110,-1.000000,-0.952693,-0.360027,-0.455572,0.617446,-0.271789
0.185543,-0.145559,0.132108,0.159692,-0.071650,-0.045241,-0.363196,-0.631728,-1.000000,-0.831308,-0.395619,-0.454519,0.604247,-0.265701
0.176043,-0.134434,0.141272,0.149646,-0.062918,-0.052890,-0.270223,-0.669726,-1.000000,-0.648889,-0.419581,-0.499514,0.582906,-0.283754
0.168147,-0.124618,0.150454,0.139256,-0.055735,-0.057374,-0.173871,-0.738629,-1.000000,-0.437182,-0.486375,-0.544718,0.588353,-0.276537
0.160136,-0.114765,0.160417,0.129922,-0.049751,-0.057449,-0.083318,-0.806769,-1.000000,-0.225351,-0.579811,-0.557005,0.596314,-0.236696
0.152859,-0.106615,0.168824,0.122068,-0.046210,-0.052558,-0.014011,-0.843784,-1.000000,-0.060578,-0.642683,-0.563046,0.637048,-0.220224
0.144739,-0.099040,0.176250,0.116112,-0.043745,-0.042842,0.016145,-0.854728,-1.000000,0.025853,-0.679905,-0.577100,0.676892,-0.206782
0.136698,-0.093244,0.180795,0.112367,-0.044268,-0.028404,0.003759,-0.828950,-1.000000,0.024923,-0.676921,-0.556889,0.688293,-0.188246
0.127210,-0.088134,0.182701,0.110425,-0.047166,-0.010997,-0.046197,-0.771938,-1.000000,-0.059671,-0.644776,-0.514617,0.703785,-0.189832
0.117728,-0.084312,0.181449,0.108704,-0.051430,0.007823,-0.142831,-0.699235,-1.000000,-0.241403,-0.589525,-0.476705,0.722467,-0.203064
0.106739,-0.080967,0.176977,0.107663,-0.054874,0.025813,-0.274962,-0.607418,-1.000000,-0.505403,-0.503855,-0.429042,0.730315,-0.221331
0.096126,-0.078407,0.170427,0.106201,-0.056388,0.040916,-0.414371,-0.482621,-0.842888,-0.793770,-0.373606,-0.369475,0.741649,-0.269808
0.084370,-0.075884,0.161343,0.104195,-0.057538,0.052424,-0.549130,-0.317782,-0.505551,-1.000000,-0.214275,-0.321703,0.727608,-0.324919
0.073606,-0.073611,0.151916,0.100917,-0.056383,0.058895,-0.632283,-0.114277,-0.301481,-1.000000,-0.010744,-0.277733,0.634182,-0.371719
0.062371,-0.071013,0.141160,0.095669,-0.055405,0.062050,-0.663303,0.061965,-0.204927,-1.000000,0.194294,-0.228789,0.499035,-0.392557
0.052693,-0.068431,0.131334,0.088770,-0.053257,0.061414,-0.691669,0.153170,-0.130379,-1.000000,0.272647,-0.207424,0.352267,-0.298483
0.043362,-0.065654,0.121709,0.079559,-0.047700,0.055551,-0.704208,0.201975,-0.068004,-1.000000,0.294337,-0.218501,0.198959,-0.182155
0.035998,-0.063083,0.114068,0.068728,-0.042742,0.047729,-0.679270,0.195622,-0.065874,-1.000000,0.315742,-0.289858,0.171664,-0.179420
0.029565,-0.060455,0.107566,0.056459,-0.036824,0.037523,-0.605862,0.155979,-0.193456,-1.000000,0.311125,-0.383661,0.194123,-0.214578
0.025149,-0.058254,0.103525,0.043408,-0.030616,0.025258,-0.507245,0.122022,-0.311085,-0.987184,0.301889,-0.381261,0.205164,-0.240679
0.021942,-0.056146,0.101391,0.030938,-0.024998,0.012304,-0.401908,0.079756,-0.429600,-0.732829,0.252551,-0.346394,0.204963,-0.244271
0.020379,-0.054450,0.101491,0.018820,-0.020115,-0.000622,-0.273226,0.021396,-0.610699,-0.405803,0.196681,-0.371036,0.128920,-0.217327
0.020085,-0.052868,0.103529,0.007067,-0.015938,-0.011760,-0.157195,-0.106803,-0.733150,-0.081146,0.083613,-0.438942,0.135924,-0.150822
0.020882,-0.051507,0.106389,-0.003842,-0.014029,-0.017874,-0.060133,-0.275270,-0.765528,0.229020,-0.117214,-0.501242,0.243175,-0.075615
0.022466,-0.049884,0.109333,-0.012183,-0.015687,-0.016987,0.051801,-0.415981,-0.764129,0.525127,-0.243271,-0.539294,0.408577,-0.108684
0.024228,-0.048112,0.111051,-0.017766,-0.019644,-0.010732,0.147191,-0.501127,-0.674317,0.727140,-0.273941,-0.531113,0.578614,-0.186878
0.026232,-0.045913,0.111532,-0.021222,-0.023752,-0.002773,0.163160,-0.514252,-0.408176,0.747071,-0.268624,-0.438009,0.658311,-0.180162
0.028051,-0.043647,0.110689,-0.023108,-0.027806,0.005266,0.132895,-0.467500,-0.066450,0.651042,-0.196698,-0.326445,0.652956,-0.152137
0.029969,-0.041053,0.108738,-0.024030,-0.030393,0.011261,0.126496,-0.410138,0.154247,0.585805,-0.045991,-0.308177,0.599192,-0.191831
0.031696,-0.038435,0.106097,-0.024620,-0.034108,0.016502,0.138247,-0.346538,0.250151,0.547422,0.131738,-0.344909,0.498053,-0.255482
0.033572,-0.035666,0.102712,-0.025129,-0.034102,0.019529,0.136241,-0.304123,0.329230,0.495822,0.209149,-0.338616,0.414923,-0.252554
0.035288,-0.033277,0.099201,-0.025130,-0.032817,0.021941,0.111345,-0.296548,0.475185,0.417656,0.198547,-0.299717,0.372756,-0.200549
0.037068,-0.030788,0.094790,-0.024666,-0.032695,0.025454,0.104532,-0.269036,0.518938,0.397434,0.215150,-0.308555,0.340595,-0.191974
0.038606,-0.028588,0.090125,-0.023736,-0.032633,0.029158,0.117919,-0.220605,0.479502,0.393862,0.291208,-0.347805,0.323540,-0.250182
0.040139,-0.026324,0.084362,-0.022609,-0.032506,0.033255,0.091737,-0.181184,0.561121,0.334630,0.317514,-0.328810,0.323649,-0.252751
0.041447,-0.024446,0.078619,-0.021296,-0.030914,0.035881,0.039721,-0.141886,0.697206,0.248876,0.302787,-0.265831,0.301750,-0.197074
0.042759,-0.022787,0.072413,-0.019745,-0.027077,0.035815,0.013390,-0.079224,0.753641,0.182168,0.376352,-0.254320,0.257549,-0.209856
0.043776,-0.021460,0.066857,-0.016917,-0.024627,0.034715,0.010327,-0.013675,0.709498,0.158096,0.479731,-0.301222,0.206646,-0.258206
0.044616,-0.020373,0.061519,-0.013245,-0.019974,0.030788,0.007331,0.038773,0.627543,0.165072,0.510289,-0.314593,0.135568,-0.241353
0.045045,-0.019627,0.057404,-0.008300,-0.015736,0.025728,-0.014238,0.055837,0.592313,0.142031,0.470293,-0.284067,0.094462,-0.178428
0.045063,-0.019025,0.053990,-0.002529,-0.011903,0.019694,-0.026003,0.050813,0.480453,0.156978,0.408490,-0.310548,0.079555,-0.123865
0.044622,-0.018760,0.051763,0.003650,-0.006910,0.013918,-0.018497,0.032643,0.286858,0.181951,0.384153,-0.383191,0.070224,-0.123971
0.043674,-0.018762,0.050153,0.009361,-0.002451,0.009286,-0.015852,-0.013133,0.109168,0.194948,0.321738,-0.418686,0.109513,-0.121805
0.042447,-0.018999,0.049217,0.013962,0.001295,0.005855,-0.035916,-0.049852,-0.043700,0.179350,0.203304,-0.412398,0.172315,-0.085004
0.040848,-0.019485,0.048592,0.017157,0.004425,0.003606,-0.059516,-0.066506,-0.171497,0.147883,0.124940,-0.414406,0.234046,-0.079896
0.039243,-0.020176,0.048315,0.018910,0.007803,0.001730,-0.076746,-0.070025,-0.292642,0.131398,0.102574,-0.438991,0.279417,-0.111326
0.037404,-0.020984,0.048035,0.020013,0.008498,0.001617,-0.092574,-0.061236,-0.388237,0.120004,0.092050,-0.441273,0.301266,-0.130246
0.035639,-0.021806,0.047676,0.020734,0.009283,0.002240,-0.105530,-0.047045,-0.462457,0.124191,0.064404,-0.420806,0.315182,-0.122207
0.033698,-0.022694,0.047122,0.020916,0.009082,0.003197,-0.129876,-0.040047,-0.459098,0.098541,0.045644,-0.410157,0.321437,-0.106209
0.031891,-0.023657,0.046566,0.021038,0.010759,0.003475,-0.156581,-0.026806,-0.440840,0.071958,0.043062,-0.419284,0.319697,-0.094814
0.029908,-0.024711,0.045871,0.021218,0.010824,0.004011,-0.163686,-0.012035,-0.439122,0.052653,0.068895,-0.427834,0.327816,-0.115123
0.028060,-0.025654,0.045106,0.021291,0.010370,0.004779,-0.159612,0.013050,-0.490769,0.059025,0.092568,-0.432413,0.331439,-0.136546
0.026052,-0.026636,0.044126,0.021199,0.009837,0.005658,-0.166598,0.029134,-0.500946,0.041327,0.101514,-0.417237,0.311500,-0.127185
0.024215,-0.027542,0.043098,0.020846,0.009784,0.006420,-0.189684,0.035013,-0.462874,0.010512,0.088067,-0.397910,0.285157,-0.091373
0.022282,-0.028795,0.041959,0.020151,0.012817,0.006570,-0.204263,0.047154,-0.442932,-0.014356,0.091976,-0.410303,0.276686,-0.084536
0.020530,-0.030026,0.040720,0.019512,0.013621,0.007744,-0.203050,0.064239,-0.453202,-0.020648,0.119625,-0.441534,0.292371,-0.113924
0.018674,-0.031300,0.039099,0.018727,0.012867,0.009354,-0.196281,0.105532,-0.516250,0.000415,0.140356,-0.444666,0.290887,-0.131109
0.017026,-0.032438,0.037347,0.017543,0.012314,0.010947,-0.206689,0.134540,-0.500081,-0.016905,0.148089,-0.405173,0.274650,-0.118136
0.015344,-0.033587,0.035123,0.015995,0.011338,0.012829,-0.236681,0.145185,-0.417533,-0.050280,0.137694,-0.379189,0.240835,-0.072146
0.013904,-0.034602,0.032821,0.014234,0.010757,0.014377,-0.246504,0.171451,-0.379735,-0.058363,0.168210,-0.398777,0.210105,-0.064088
0.012444,-0.035592,0.030022,0.012709,0.009559,0.016161,-0.241269,0.199095,-0.348745,-0.063887,0.222415,-0.432152,0.231484,-0.106867
0.011206,-0.036455,0.027269,0.011061,0.009006,0.017189,-0.241861,0.217900,-0.302896,-0.069692,0.241517,-0.421034,0.232758,-0.109891
0.009979,-0.037364,0.024196,0.009624,0.008833,0.017764,-0.245290,0.239728,-0.241780,-0.088427,0.267968,-0.364029,0.193709,-0.089544
0.008939,-0.038179,0.021352,0.008398,0.008649,0.017762,-0.241269,0.260495,-0.209081,-0.084277,0.302652,-0.358260,0.165901,-0.087672
0.007905,-0.039106,0.018368,0.007421,0.009290,0.017217,-0.237364,0.285590,-0.202624,-0.071276,0.333476,-0.402973,0.128799,-0.081419
0.007036,-0.039960,0.015797,0.006579,0.009409,0.016060,-0.233112,0.292963,-0.190417,-0.061317,0.339373,-0.410082,0.107642,-0.066300
0.006183,-0.040864,0.013293,0.005915,0.009340,0.014448,-0.228671,0.291862,-0.191188,-0.050743,0.324243,-0.394852,0.112752,-0.054746
0.005545,-0.041843,0.011535,0.004907,0.011270,0.010995,-0.218862,0.284640,-0.201545,-0.031682,0.320418,-0.403902,0.114851,-0.054164
0.004947,-0.042786,0.010024,0.004395,0.010072,0.008716,-0.207584,0.275090,-0.216142,-0.006644,0.325276,-0.418385,0.107664,-0.055602
0.004470,-0.043493,0.008991,0.004020,0.008224,0.006456,-0.178478,0.260522,-0.297994,0.062505,0.309875,-0.429676,0.103646,-0.053954
0.004111,-0.044299,0.008476,0.003176,0.008780,0.002972,-0.165141,0.225564,-0.301914,0.084022,0.283354,-0.430389,0.117203,-0.045845
0.003920,-0.045065,0.008504,0.002314,0.009130,-0.000175,-0.170912,0.174008,-0.248198,0.085193,0.225972,-0.428710,0.143236,-0.017500
0.003868,-0.045841,0.008970,0.001306,0.008585,-0.002692,-0.139433,0.144471,-0.312142,0.144779,0.210646,-0.446330,0.164460,-0.034007
0.003976,-0.046638,0.009857,0.000225,0.009622,-0.005536,-0.092087,0.118994,-0.399324,0.212415,0.228799,-0.471647,0.211006,-0.093955
0.004276,-0.047647,0.011270,-0.001016,0.011280,-0.008152,-0.082382,0.079334,-0.385036,0.243761,0.182092,-0.458934,0.232873,-0.076505
0.004640,-0.048528,0.012681,-0.001822,0.010734,-0.008829,-0.074765,0.054908,-0.392585,0.286926,0.126939,-0.424120,0.218468,-0.032163
0.005066,-0.049399,0.014107,-0.002293,0.009800,-0.008229,-0.040814,0.041682,-0.463466,0.358606,0.126333,-0.450189,0.244904,-0.059462
0.005441,-0.050058,0.015168,-0.002503,0.008054,-0.006623,-0.035794,0.021518,-0.445321,0.379236,0.114204,-0.492460,0.283023,-0.073905
0.005860,-0.050874,0.016133,-0.002940,0.009145,-0.005567,-0.057714,0.008988,-0.356499,0.353054,0.075963,-0.455038,0.295706,-0.042960
0.006178,-0.051445,0.016509,-0.003069,0.006884,-0.002352,-0.062158,0.007710,-0.291525,0.318912,0.086992,-0.406829,0.326743,-0.059859
0.006402,-0.051864,0.016319,-0.002802,0.004560,0.001097,-0.045155,0.040814,-0.334246,0.340894,0.145884,-0.437078,0.334005,-0.106062
0.006477,-0.052161,0.015671,-0.002144,0.003378,0.004050,-0.059212,0.075669,-0.265354,0.296370,0.205529,-0.436648,0.302905,-0.115743
0.006375,-0.052338,0.014405,-0.001158,0.001668,0.007302,-0.103829,0.088838,-0.126177,0.216247,0.193465,-0.377880,0.273446,-0.064922
0.006125,-0.052366,0.012814,-0.000148,-0.000036,0.009955,-0.119514,0.122305,-0.096293,0.168689,0.224710,-0.369657,0.240990,-0.058158
0.005704,-0.052213,0.010695,0.000800,-0.002119,0.012211,-0.122215,0.163708,-0.093213,0.123099,0.310881,-0.417244,0.235829,-0.114178
0.005236,-0.052019,0.008575,0.001423,-0.002748,0.013250,-0.146370,0.185529,-0.044131,0.062368,0.332967,-0.416525,0.214214,-0.109210
0.004710,-0.051888,0.006355,0.001802,-0.001823,0.012819,-0.169944,0.199826,0.016221,-0.003249,0.334285,-0.352251,0.171592,-0.072194
0.004197,-0.051849,0.004386,0.002281,-0.000806,0.012296,-0.170444,0.217000,0.004890,-0.024714,0.363266,-0.353310,0.157727,-0.086449
0.003714,-0.051900,0.002559,0.002037,0.000310,0.010545,-0.160052,0.237282,-0.066647,-0.007406,0.395914,-0.419035,0.129082,-0.106677
0.003266,-0.051915,0.000976,0.002258,-0.000036,0.009891,-0.163646,0.248200,-0.094964,-0.008037,0.387215,-0.417690,0.104888,-0.086358
0.002770,-0.051892,-0.000566,0.002691,-0.000414,0.008899,-0.164748,0.230304,-0.106097,0.007263,0.330110,-0.383650,0.117423,-0.050179
0.002313,-0.051827,-0.001788,0.003067,-0.000901,0.007633,-0.169627,0.216953,-0.098874,0.002997,0.314942,-0.396515,0.125544,-0.044537
0.001871,-0.051728,-0.002767,0.003099,-0.001162,0.005655,-0.169811,0.203927,-0.095807,0.000044,0.324393,-0.427839,0.144341,-0.064925
0.001504,-0.051681,-0.003381,0.003186,-0.000599,0.003835,-0.159032,0.186946,-0.116669,0.004202,0.324311,-0.425626,0.163821,-0.082002
0.001129,-0.051559,-0.003796,0.003384,-0.001359,0.002393,-0.139344,0.165043,-0.154860,0.026155,0.315952,-0.404782,0.171446,-0.087754
0.000845,-0.051496,-0.003824,0.003327,-0.000755,0.000175,-0.129975,0.155381,-0.189378,0.045626,0.303555,-0.404550,0.166486,-0.081982
0.000612,-0.051565,-0.003450,0.003217,0.000766,-0.002157,-0.133102,0.133359,-0.177570,0.042843,0.277674,-0.418243,0.170344,-0.066877
0.000420,-0.051640,-0.002914,0.003326,0.000907,-0.003350,-0.123110,0.109025,-0.214420,0.072458,0.249193,-0.432165,0.178001,-0.059181
0.000242,-0.051703,-0.002143,0.003328,0.000707,-0.004451,-0.095962,0.095710,-0.299337,0.118799,0.245056,-0.444753,0.201429,-0.087155
0.000119,-0.051807,-0.001235,0.003215,0.001249,-0.005672,-0.094712,0.076012,-0.299555,0.122369,0.219213,-0.444173,0.237236,-0.093183
0.000107,-0.052050,0.000084,0.002500,0.002676,-0.007608,-0.106820,0.053533,-0.267596,0.117952,0.173293,-0.422907,0.241669,-0.059443
0.000185,-0.052392,0.001569,0.001959,0.004096,-0.009288,-0.091234,0.045564,-0.308077,0.144487,0.180655,-0.419872,0.244701,-0.074042
0.000306,-0.052905,0.003275,0.001759,0.005647,-0.009845,-0.058143,0.036950,-0.393430,0.208202,0.197122,-0.458903,0.264248,-0.114016
0.000443,-0.053424,0.004854,0.001483,0.006206,-0.009856,-0.050316,0.027489,-0.430067,0.247272,0.167337,-0.466465,0.256719,-0.093246
0.000616,-0.054122,0.006531,0.001195,0.007699,-0.009677,-0.065995,0.024441,-0.409095,0.245826,0.113411,-0.428716,0.261870,-0.052308
0.000781,-0.054785,0.007967,0.000949,0.007947,-0.008985,-0.072435,0.017113,-0.392386,0.248347,0.091195,-0.435016,0.292184,-0.054325
0.000911,-0.055393,0.009220,0.000940,0.006711,-0.007224,-0.063207,0.031151,-0.435135,0.278809,0.120500,-0.473764,0.297628,-0.082558
0.000968,-0.055784,0.009931,0.000786,0.004681,-0.004445,-0.058595,0.041083,-0.438822,0.283751,0.141747,-0.460638,0.304163,-0.100004
0.000933,-0.055991,0.010151,0.000811,0.002286,-0.001269,-0.082670,0.039595,-0.359118,0.243847,0.119363,-0.416672,0.306217,-0.072133
0.000789,-0.055984,0.009874,0.001132,-0.000100,0.001734,-0.109262,0.053955,-0.263195,0.193345,0.129360,-0.401599,0.293206,-0.054588
0.000544,-0.055961,0.009207,0.001408,-0.000268,0.003844,-0.118279,0.078020,-0.203686,0.149200,0.190668,-0.421390,0.299841,-0.090882
0.000319,-0.055991,0.008451,0.001095,0.000340,0.004727,-0.123151,0.100028,-0.164170,0.104022,0.247377,-0.425039,0.294918,-0.121787
0.000058,-0.056095,0.007489,0.001007,0.001135,0.005552,-0.127803,0.135429,-0.161440,0.075079,0.282602,-0.390662,0.254618,-0.117508
-0.000175,-0.056275,0.006557,0.000820,0.002142,0.005823,-0.124132,0.165476,-0.185416,0.078053,0.305031,-0.376066,0.209394,-0.107322
-0.000430,-0.056455,0.005479,0.000713,0.001996,0.006220,-0.134860,0.189769,-0.194188,0.078039,0.309228,-0.402981,0.163882,-0.081223
-0.000671,-0.056677,0.004481,0.000756,0.002655,0.006238,-0.148068,0.200590,-0.190521,0.078827,0.289629,-0.423146,0.142753,-0.050375
-0.000918,-0.057162,0.003487,0.000772,0.005365,0.005734,-0.154377,0.194987,-0.172767,0.070112,0.274982,-0.423253,0.164116,-0.049881
-0.001115,-0.057660,0.002677,0.000613,0.005953,0.005066,-0.153131,0.195747,-0.182104,0.071717,0.277165,-0.426774,0.188503,-0.066953
-0.001245,-0.058462,0.002094,0.000266,0.008833,0.003362,-0.143222,0.224839,-0.243108,0.095346,0.300236,-0.428812,0.185178,-0.085595
-0.001358,-0.059322,0.001652,0.000382,0.010269,0.002762,-0.137703,0.229041,-0.260229,0.110430,0.306043,-0.416800,0.170680,-0.081060
-0.001373,-0.060483,0.001555,-0.000034,0.012758,0.000560,-0.136134,0.235524,-0.314633,0.156484,0.279188,-0.416855,0.127129,-0.037835
-0.001304,-0.061546,0.001662,-0.000576,0.012647,-0.000666,-0.139966,0.245041,-0.337444,0.167129,0.266158,-0.434855,0.121241,-0.024647
-0.001199,-0.062622,0.001918,-0.000610,0.011824,-0.001479,-0.134831,0.232302,-0.383009,0.213701,0.226882,-0.474263,0.149358,-0.019908
-0.001075,-0.063555,0.002270,-0.000649,0.011072,-0.002199,-0.123275,0.213172,-0.399586,0.244539,0.216611,-0.472424,0.154792,-0.021950
-0.000878,-0.064637,0.002856,-0.000881,0.011869,-0.003381,-0.122712,0.185521,-0.369644,0.245472,0.198563,-0.444900,0.191492,-0.030109
-0.000674,-0.065598,0.003469,-0.000954,0.011430,-0.003831,-0.123110,0.170277,-0.352325,0.246152,0.180023,-0.448192,0.211935,-0.027222
-0.000489,-0.066629,0.004055,-0.000705,0.011319,-0.003381,-0.104136,0.176317,-0.403158,0.280980,0.200284,-0.463870,0.209863,-0.043629
-0.000421,-0.067564,0.004308,-0.000176,0.011124,-0.001583,-0.093197,0.171069,-0.417857,0.292250,0.211079,-0.461140,0.219313,-0.060454
-0.000431,-0.068388,0.004286,0.000055,0.009059,0.000128,-0.112751,0.170840,-0.377500,0.270872,0.181959,-0.444877,0.213680,-0.031074
-0.000507,-0.068999,0.004080,0.000384,0.007275,0.001290,-0.137760,0.194516,-0.325398,0.226100,0.180086,-0.432577,0.215743,-0.019701
-0.000653,-0.069540,0.003709,0.000717,0.005947,0.002138,-0.143627,0.199284,-0.284138,0.195837,0.210271,-0.443393,0.237762,-0.046858
-0.000848,-0.069922,0.003240,0.001109,0.004556,0.002929,-0.139332,0.203577,-0.285049,0.186026,0.251825,-0.444255,0.214441,-0.061738
-0.001110,-0.070381,0.002654,0.001460,0.005067,0.003385,-0.136793,0.212465,-0.280359,0.168070,0.277822,-0.418795,0.191714,-0.064343
-0.001373,-0.070710,0.002015,0.001447,0.003941,0.003995,-0.150693,0.214393,-0.242998,0.134899,0.264288,-0.416172,0.188677,-0.046733
-0.001654,-0.070936,0.001331,0.001422,0.002528,0.003944,-0.160794,0.234414,-0.251130,0.123020,0.263428,-0.436023,0.167450,-0.032065
-0.001923,-0.071005,0.000719,0.001576,0.000859,0.003828,-0.155586,0.237398,-0.248988,0.114327,0.289847,-0.439296,0.172958,-0.056614
-0.002208,-0.070925,0.000121,0.001667,-0.000839,0.003447,-0.155082,0.218799,-0.233520,0.109585,0.283934,-0.432088,0.177420,-0.056710
-0.002449,-0.070701,-0.000347,0.001625,-0.002635,0.002926,-0.156261,0.206927,-0.213975,0.096726,0.278762,-0.417072,0.161037,-0.040946
-0.002696,-0.070348,-0.000687,0.001889,-0.003846,0.001965,-0.152377,0.191294,-0.196038,0.085704,0.279805,-0.420975,0.177851,-0.051425
-0.002911,-0.069951,-0.000829,0.002186,-0.004703,0.000887,-0.146176,0.171326,-0.186359,0.081243,0.278732,-0.440254,0.191076,-0.062703
-0.003150,-0.069469,-0.000867,0.002534,-0.005299,0.000218,-0.134872,0.153137,-0.199986,0.082198,0.281570,-0.433282,0.189982,-0.070397
-0.003338,-0.068985,-0.000766,0.002500,-0.005776,-0.000636,-0.124211,0.133604,-0.214822,0.081918,0.273989,-0.419423,0.203244,-0.079492
-0.003494,-0.068420,-0.000460,0.002448,-0.006240,-0.001766,-0.126596,0.121485,-0.210114,0.071257,0.256186,-0.424930,0.211802,-0.074230
-0.003599,-0.067954,-0.000002,0.002417,-0.005604,-0.002855,-0.123655,0.109771,-0.210311,0.074018,0.247461,-0.430115,0.213324,-0.072723
-0.003658,-0.067406,0.000627,0.002128,-0.006101,-0.003635,-0.109010,0.090247,-0.236590,0.090801,0.247529,-0.430804,0.222702,-0.088209
-0.003700,-0.066818,0.001242,0.002042,-0.007081,-0.003837,-0.098412,0.080543,-0.270679,0.109332,0.238665,-0.434977,0.231934,-0.094605
-0.003724,-0.066175,0.001972,0.001945,-0.007164,-0.004213,-0.097529,0.063536,-0.255804,0.111961,0.216085,-0.430332,0.242904,-0.085368
-0.003728,-0.065622,0.002714,0.001883,-0.006683,-0.004637,-0.103365,0.044524,-0.221426,0.101886,0.197109,-0.421109,0.252954,-0.076084
-0.003695,-0.065155,0.003634,0.001722,-0.005241,-0.005310,-0.094506,0.035852,-0.233653,0.109389,0.203194,-0.427198,0.265977,-0.093231
-0.003640,-0.064860,0.004550,0.001580,-0.003634,-0.005717,-0.079877,0.036345,-0.269716,0.125290,0.219323,-0.439920,0.278244,-0.119609
-0.003608,-0.064585,0.005443,0.001655,-0.003140,-0.005158,-0.074628,0.040389,-0.301021,0.143374,0.209777,-0.433684,0.272687,-0.113072
-0.003534,-0.064458,0.006341,0.001284,-0.001627,-0.005614,-0.078207,0.047415,-0.317210,0.154289,0.189801,-0.417437,0.258214,-0.090040
-0.003453,-0.064347,0.007248,0.001134,-0.001322,-0.005234,-0.091448,0.050176,-0.297029,0.144175,0.177175,-0.422181,0.260630,-0.078738
-0.003328,-0.064411,0.008155,0.000687,0.000647,-0.005667,-0.088110,0.051925,-0.325629,0.172164,0.172555,-0.447680,0.260336,-0.079262
-0.003189,-0.064571,0.009057,0.000480,0.001652,-0.005205,-0.080906,0.055934,-0.342364,0.182074,0.188599,-0.448381,0.266653,-0.097275
-0.003103,-0.064679,0.009678,0.000481,0.001214,-0.003880,-0.078941,0.059644,-0.361601,0.203907,0.171029,-0.438069,0.279353,-0.092748
-0.003065,-0.064709,0.010096,0.000512,0.000285,-0.002412,-0.085724,0.073937,-0.359333,0.205427,0.165205,-0.430296,0.266239,-0.077098
-0.003086,-0.064660,0.010222,0.000550,-0.000591,-0.000786,-0.101998,0.079176,-0.309222,0.182643,0.169837,-0.426475,0.267298,-0.071345
-0.003172,-0.064486,0.010011,0.000477,-0.001897,0.001215,-0.114506,0.082088,-0.267836,0.160370,0.177033,-0.430545,0.267989,-0.070378
-0.003295,-0.064280,0.009574,0.000412,-0.002397,0.002730,-0.115236,0.096477,-0.249964,0.141425,0.209591,-0.428329,0.268492,-0.089066
-0.003462,-0.063968,0.008835,0.000194,-0.003342,0.004268,-0.121382,0.111021,-0.206909,0.109518,0.237552,-0.416443,0.275822,-0.106245
-0.003579,-0.063727,0.008111,-0.000344,-0.002773,0.004526,-0.131244,0.129813,-0.177864,0.086200,0.252963,-0.402880,0.250677,-0.095443
-0.003674,-0.063612,0.007381,-0.000558,-0.001177,0.004209,-0.133913,0.148857,-0.155649,0.068537,0.285268,-0.392034,0.217656,-0.093676
-0.003744,-0.063631,0.006759,-0.000650,0.000316,0.003883,-0.127590,0.161108,-0.176041,0.085017,0.299786,-0.408840,0.198820,-0.095235
-0.003847,-0.063682,0.006024,-0.000482,0.000658,0.004247,-0.121935,0.177039,-0.222725,0.106716,0.299601,-0.428361,0.172893,-0.083622
-0.003946,-0.063753,0.005353,-0.000416,0.000945,0.004188,-0.126216,0.182865,-0.234464,0.113672,0.279487,-0.424528,0.171948,-0.066506
-0.004085,-0.063943,0.004577,-0.000186,0.002198,0.004483,-0.143986,0.180835,-0.200492,0.094746,0.252060,-0.418485,0.184787,-0.048747
-0.004207,-0.064242,0.003932,-0.000088,0.003661,0.004028,-0.146586,0.180451,-0.197467,0.095366,0.255542,-0.425102,0.188923,-0.053000
-0.004281,-0.064669,0.003419,-0.000316,0.004759,0.002957,-0.139578,0.201489,-0.231936,0.101972,0.289178,-0.432978,0.196491,-0.083763
-0.004325,-0.065000,0.003029,-0.000424,0.004006,0.002441,-0.135543,0.213590,-0.263744,0.113867,0.291571,-0.431948,0.196484,-0.086307
-0.004372,-0.065235,0.002641,-0.000359,0.002639,0.002240,-0.132699,0.213983,-0.291917,0.140447,0.276500,-0.417645,0.156036,-0.051745
-0.004383,-0.065463,0.002440,-0.000357,0.002749,0.001257,-0.135501,0.198720,-0.275799,0.144738,0.264247,-0.414629,0.142296,-0.033847
-0.109625,0.364196,-0.443635,-0.000016,-0.000287,0.000025,0.000000,0.000000,0.000000,0.000000,0.000000,0.000000,0.000000,0.000000
-0.109588,0.364274,-0.443664,-0.000051,-0.000811,0.000179,-0.785645,-0.429742,1.000000,-1.000000,0.394289,0.074155,0.826387,0.087417
-0.109544,0.364524,-0.443713,0.000127,-0.002561,0.000281,-0.785789,-0.431291,1.000000,-1.000000,0.393984,0.074650,0.826657,0.087616
-0.110250,0.364437,-0.443171,0.001024,-0.001178,-0.003382,-0.406890,-0.142764,1.000000,-1.000000,1.000000,-0.164510,0.668154,-0.715084
-0.112790,0.363539,-0.441157,0.002592,0.002113,-0.011625,-0.408261,-0.152721,1.000000,-1.000000,1.000000,-0.163536,0.670297,-0.713464
-0.117830,0.361433,-0.437103,0.005000,0.007628,-0.025352,-0.368444,-0.094965,1.000000,-1.000000,0.941276,0.215114,0.174297,-0.237272
-0.127306,0.357319,-0.429391,0.008283,0.012661,-0.044450,-0.319396,-0.145980,1.000000,-1.000000,0.917881,0.186726,0.153766,-0.232626
-0.140253,0.351251,-0.418671,0.011751,0.018796,-0.066985,-0.281340,-0.314562,1.000000,-1.000000,0.830244,-0.205558,0.171048,-0.229291
-0.159419,0.340895,-0.402397,0.015371,0.029987,-0.093895,-0.171447,-0.457112,1.000000,-1.000000,0.729889,-0.286283,0.139074,-0.208133
-0.181652,0.326870,-0.382772,0.018245,0.042328,-0.122656,-0.028430,-0.644392,0.740725,-1.000000,0.591367,-0.240387,0.330996,-0.312173
-0.209450,0.305877,-0.356625,0.017484,0.054808,-0.150903,0.146753,-0.846446,-0.158355,-1.000000,0.375750,-0.346341,0.319229,-0.299573
-0.235788,0.281395,-0.329354,0.011104,0.064730,-0.170422,0.303536,-1.000000,-1.000000,-0.842798,0.145270,-0.450000,0.223836,-0.249370
-0.261772,0.250909,-0.298466,-0.001873,0.069402,-0.178164,0.360744,-1.000000,-1.000000,-0.581272,-0.289920,-0.579217,0.321148,-0.197033
-0.281724,0.220477,-0.269919,-0.017469,0.071131,-0.178308,0.319951,-1.000000,-1.000000,-0.387068,-0.672743,-0.658068,0.464350,-0.098275
-0.298179,0.186564,-0.239889,-0.033658,0.070307,-0.173360,0.419769,-1.000000,-1.000000,-0.145406,-0.730315,-0.591523,0.585725,-0.122111
-0.308574,0.155634,-0.213697,-0.046797,0.068940,-0.163691,0.508702,-1.000000,-1.000000,0.131922,-0.662507,-0.576006,0.695841,-0.214365
-0.315068,0.123923,-0.187789,-0.056467,0.067130,-0.149496,0.544890,-1.000000,-1.000000,0.314701,-0.618054,-0.606640,0.626331,-0.168730
-0.317383,0.097515,-0.166841,-0.061349,0.064538,-0.130950,0.538929,-1.000000,-1.000000,0.399542,-0.585091,-0.586496,0.574666,-0.093401
-0.317002,0.072808,-0.147747,-0.062151,0.060491,-0.110154,0.492821,-0.979123,-1.000000,0.401686,-0.587516,-0.596737,0.633139,-0.086800
-0.314947,0.053990,-0.133635,-0.059154,0.055901,-0.088163,0.405234,-0.837847,-1.000000,0.298817,-0.549524,-0.620858,0.696513,-0.116775
-0.311825,0.037819,-0.122044,-0.053614,0.051303,-0.066882,0.294648,-0.667739,-1.000000,0.130015,-0.462836,-0.579421,0.747664,-0.160157
-0.308729,0.026252,-0.114445,-0.046517,0.048930,-0.047462,0.154338,-0.495603,-1.000000,-0.101531,-0.351678,-0.496988,0.724535,-0.170198
-0.305479,0.017388,-0.109579,-0.039790,0.045574,-0.028114,-0.007456,-0.308316,-1.000000,-0.373648,-0.216668,-0.442230,0.647711,-0.165217
-0.302631,0.012690,-0.108219,-0.034714,0.040353,-0.008491,-0.174546,-0.096077,-1.000000,-0.658779,-0.075930,-0.434914,0.568608,-0.171082
-0.299652,0.011120,-0.109936,-0.031939,0.035198,0.009906,-0.341788,0.144625,-1.000000,-0.951032,0.073792,-0.412555,0.493541,-0.180145
-0.296868,0.012519,-0.113846,-0.031263,0.027155,0.024444,-0.494165,0.386972,-0.796181,-1.000000,0.235298,-0.331270,0.399022,-0.171998
-0.293574,0.016384,-0.119906,-0.032977,0.019601,0.034949,-0.600731,0.599520,-0.460990,-1.000000,0.400890,-0.240591,0.252595,-0.139088
-0.290011,0.021662,-0.126733,-0.037462,0.012093,0.042709,-0.642774,0.674268,-0.181994,-1.000000,0.543743,-0.208672,0.129923,-0.082893
-0.285316,0.028531,-0.134915,-0.044387,0.006334,0.047166,-0.630502,0.657782,0.015600,-1.000000,0.641419,-0.211761,0.026928,-0.036951
-0.280122,0.034960,-0.142486,-0.052819,0.004155,0.047340,-0.608826,0.608701,0.277457,-1.000000,0.706906,-0.214485,0.028082,-0.060141
-0.273677,0.040989,-0.149670,-0.061367,0.003126,0.041443,-0.583689,0.558254,0.549303,-1.000000,0.744821,-0.217668,0.088087,-0.112269
-0.267228,0.044751,-0.154479,-0.068994,0.004366,0.030042,-0.512582,0.545698,0.679329,-1.000000,0.828113,-0.193521,0.095611,-0.187631
-0.259978,0.046155,-0.157119,-0.075473,0.008905,0.015225,-0.393809,0.514250,0.664733,-1.000000,0.915271,-0.163162,0.044112,-0.254879
-0.253255,0.044898,-0.156885,-0.080507,0.012708,-0.001463,-0.260904,0.457201,0.516853,-0.926494,0.911928,-0.171307,-0.087908,-0.222764
-0.246029,0.040967,-0.153478,-0.084473,0.013373,-0.019644,-0.132632,0.400312,0.279310,-0.625470,0.832581,-0.231633,-0.215498,-0.147000
-0.239233,0.035482,-0.147717,-0.089207,0.012205,-0.035986,-0.023841,0.271362,0.021626,-0.351508,0.673575,-0.363162,-0.222842,-0.076167
-0.231551,0.028253,-0.139072,-0.094138,0.007906,-0.049932,0.072774,0.038537,-0.170366,-0.084970,0.442775,-0.499286,-0.120922,0.024357
-0.224094,0.021074,-0.129541,-0.097555,0.002793,-0.059529,0.182288,-0.191950,-0.280454,0.189860,0.256041,-0.538006,0.057148,0.019954
-0.215637,0.013421,-0.118551,-0.099449,-0.001051,-0.063400,0.317936,-0.423622,-0.322272,0.452731,0.130566,-0.535852,0.300612,-0.107860
-0.207609,0.006830,-0.108262,-0.099431,-0.004587,-0.064328,0.417495,-0.587373,-0.294292,0.624466,0.038082,-0.508805,0.464018,-0.172211
-0.198789,0.000411,-0.097196,-0.098148,-0.008802,-0.063841,0.442276,-0.630447,-0.156135,0.650353,-0.015393,-0.427953,0.572199,-0.171254
-0.190616,-0.004840,-0.087016,-0.096145,-0.013144,-0.063556,0.438615,-0.631356,-0.040303,0.626773,-0.022509,-0.388801,0.615819,-0.175092
-0.181793,-0.009789,-0.076108,-0.093987,-0.017364,-0.062987,0.464440,-0.627334,-0.051063,0.668658,0.059303,-0.409856,0.542192,-0.202530
-0.173744,-0.013587,-0.066431,-0.091325,-0.020530,-0.060514,0.493436,-0.642440,-0.104700,0.713885,0.108884,-0.425138,0.478746,-0.221065
-0.165284,-0.016774,-0.056768,-0.087513,-0.022854,-0.055721,0.488698,-0.685601,-0.074048,0.717122,0.030258,-0.430814,0.482564,-0.173065
-0.157876,-0.018713,-0.048928,-0.082671,-0.025313,-0.048997,0.455575,-0.703076,0.007824,0.672179,-0.050463,-0.431128,0.516228,-0.132000
-0.150471,-0.019631,-0.042030,-0.076518,-0.027450,-0.039798,0.428638,-0.688997,0.060013,0.606069,-0.042939,-0.421354,0.575189,-0.177651
-0.144328,-0.019312,-0.037411,-0.069586,-0.029778,-0.028879,0.394293,-0.653492,0.107766,0.508508,0.014224,-0.396501,0.611038,-0.239585
-0.138405,-0.017636,-0.034785,-0.063254,-0.031487,-0.015148,0.319695,-0.580858,0.214553,0.349812,0.072800,-0.351261,0.598655,-0.252134
-0.133503,-0.015000,-0.034626,-0.058277,-0.032213,-0.000990,0.221880,-0.492615,0.355859,0.143336,0.132606,-0.314227,0.569128,-0.247975
-0.128606,-0.011315,-0.036655,-0.054806,-0.031133,0.011697,0.124266,-0.369898,0.501406,-0.070395,0.244234,-0.301245,0.532710,-0.276625
-0.124259,-0.007366,-0.039940,-0.053052,-0.031195,0.020529,0.036847,-0.214084,0.630332,-0.272246,0.393551,-0.286516,0.490474,-0.331528
-0.119579,-0.003129,-0.044274,-0.052416,-0.027971,0.025010,-0.034460,-0.040400,0.721467,-0.421894,0.543502,-0.246320,0.394535,-0.358351
-0.115269,0.000371,-0.048193,-0.051654,-0.024128,0.024489,-0.070734,0.085563,0.767244,-0.480978,0.664715,-0.193495,0.227244,-0.336390
-0.110685,0.003409,-0.051719,-0.050250,-0.019359,0.020345,-0.078813,0.184801,0.730222,-0.444907,0.735766,-0.181707,0.042258,-0.278907
-0.106704,0.005357,-0.053671,-0.047148,-0.015118,0.012203,-0.074329,0.209769,0.649594,-0.383578,0.712476,-0.244521,-0.056602,-0.208717
-0.102847,0.006536,-0.053893,-0.042315,-0.012134,0.001281,-0.068929,0.172802,0.540287,-0.308693,0.619351,-0.329380,-0.073841,-0.130344
-0.099766,0.006790,-0.052519,-0.036975,-0.008295,-0.008576,-0.034276,0.080910,0.344696,-0.211153,0.518246,-0.384019,-0.017863,-0.107620
-0.096931,0.006350,-0.049712,-0.031797,-0.004850,-0.016210,0.026359,-0.052766,0.089541,-0.096841,0.423883,-0.423651,0.064992,-0.128561
-0.094696,0.005542,-0.046326,-0.027348,-0.002660,-0.021165,0.059886,-0.154425,-0.108147,-0.024118,0.314015,-0.443187,0.147292,-0.130895
-0.092539,0.004629,-0.041998,-0.024433,-0.004122,-0.024967,0.053627,-0.228887,-0.198100,-0.016513,0.172722,-0.442004,0.263139,-0.117244
-0.090682,0.003850,-0.037663,-0.022747,-0.005727,-0.027093,0.039979,-0.278472,-0.262003,-0.028167,0.080315,-0.440807,0.357249,-0.126374
-0.088766,0.003083,-0.032741,-0.021590,-0.006981,-0.028394,0.060645,-0.341556,-0.334020,-0.008251,0.075535,-0.434499,0.409952,-0.183290
-0.087035,0.002403,-0.028225,-0.021038,-0.006907,-0.028244,0.075956,-0.381711,-0.373997,0.010817,0.079365,-0.419433,0.442279,-0.222656
-0.085201,0.001745,-0.023440,-0.020433,-0.007149,-0.027587,0.069648,-0.403266,-0.360809,0.002103,0.034015,-0.407330,0.475139,-0.209549
-0.083544,0.001200,-0.019196,-0.019914,-0.007038,-0.026524,0.059476,-0.396407,-0.347503,-0.004889,0.010680,-0.406031,0.490411,-0.197594
-0.081781,0.000661,-0.014840,-0.019476,-0.006647,-0.025145,0.066697,-0.395629,-0.372371,0.004449,0.032599,-0.412662,0.498269,-0.228759
-0.080178,0.000242,-0.011053,-0.019078,-0.006585,-0.023640,0.070041,-0.391300,-0.397479,0.015296,0.051268,-0.412177,0.487655,-0.242944
-0.078464,-0.000046,-0.007183,-0.018829,-0.007553,-0.022347,0.055793,-0.376409,-0.384942,0.005959,0.034837,-0.396049,0.479903,-0.220665
-0.076892,-0.000227,-0.003905,-0.018650,-0.007465,-0.020481,0.039340,-0.366770,-0.359890,-0.007091,0.015674,-0.392925,0.480121,-0.200917
-0.075211,-0.000328,-0.000698,-0.018409,-0.007397,-0.018506,0.040534,-0.373963,-0.357796,0.001840,0.029461,-0.407551,0.470902,-0.209949
-0.073689,-0.000350,0.001845,-0.018067,-0.006899,-0.015899,0.040393,-0.361709,-0.359148,0.004339,0.054324,-0.411035,0.472106,-0.231728
-0.072041,-0.000160,0.004116,-0.018049,-0.007863,-0.013095,0.027354,-0.346820,-0.324526,-0.017306,0.045375,-0.398974,0.493708,-0.232330
-0.070512,0.000112,0.005796,-0.018173,-0.007756,-0.010497,0.006260,-0.316618,-0.285768,-0.044796,0.048475,-0.381667,0.484208,-0.216775
-0.068849,0.000535,0.007177,-0.018287,-0.008012,-0.007970,-0.001083,-0.296352,-0.246380,-0.062268,0.090918,-0.369196,0.463626,-0.229936
-0.067304,0.001060,0.008081,-0.018404,-0.008583,-0.005655,-0.005456,-0.270077,-0.231352,-0.063279,0.130757,-0.376322,0.439218,-0.241887
-0.065635,0.001693,0.008624,-0.018363,-0.008212,-0.003129,-0.015263,-0.243701,-0.194935,-0.078136,0.147956,-0.376370,0.417796,-0.232700
-0.064091,0.002340,0.008794,-0.018379,-0.008123,-0.001067,-0.029602,-0.229045,-0.140212,-0.098783,0.149272,-0.362227,0.405188,-0.213714
-0.062433,0.003178,0.008855,-0.018234,-0.009341,-0.000352,-0.039578,-0.201116,-0.111663,-0.114070,0.173222,-0.358443,0.390132,-0.216261
-0.060908,0.004056,0.008789,-0.018144,-0.010304,0.000416,-0.040962,-0.176881,-0.094449,-0.121777,0.211360,-0.367803,0.379904,-0.236180
-0.059236,0.005051,0.008497,-0.018329,-0.010314,0.001684,-0.037707,-0.183641,-0.079959,-0.117380,0.223359,-0.364144,0.350684,-0.225804
-0.057683,0.006001,0.008078,-0.018414,-0.010390,0.002616,-0.038834,-0.186285,-0.056237,-0.120167,0.224271,-0.345225,0.322444,-0.204359
-0.056000,0.007214,0.007571,-0.018391,-0.012317,0.002926,-0.047324,-0.175899,-0.007599,-0.136950,0.220549,-0.354751,0.344684,-0.209303
-0.054445,0.008419,0.007044,-0.018377,-0.013247,0.003297,-0.050878,-0.168714,0.022846,-0.144650,0.227106,-0.377750,0.355610,-0.219188
-0.052790,0.009846,0.006541,-0.018031,-0.014732,0.002897,-0.036271,-0.183965,0.036174,-0.139147,0.259121,-0.353289,0.334732,-0.232768
-0.051282,0.011203,0.006079,-0.017783,-0.015246,0.002889,-0.028088,-0.190997,0.050909,-0.138173,0.273472,-0.324767,0.328211,-0.239247
-0.049637,0.012864,0.005484,-0.017849,-0.017198,0.003435,-0.028939,-0.210126,0.085305,-0.148648,0.252682,-0.342689,0.325703,-0.220884
-0.048129,0.014466,0.004954,-0.017677,-0.018071,0.003307,-0.029725,-0.214564,0.105369,-0.152425,0.250894,-0.359287,0.312322,-0.210469
-0.046534,0.016352,0.004541,-0.017345,-0.020068,0.002388,-0.022795,-0.232595,0.150519,-0.169419,0.262700,-0.346953,0.346920,-0.244067
-0.045072,0.018154,0.004191,-0.017172,-0.020826,0.002185,-0.015576,-0.249811,0.163902,-0.171002,0.260241,-0.340017,0.363235,-0.256074
-0.043489,0.020222,0.003802,-0.017158,-0.022123,0.002247,0.002252,-0.273561,0.162504,-0.163942,0.273713,-0.326981,0.338039,-0.256894
-0.042036,0.022145,0.003444,-0.017026,-0.022313,0.002232,0.006806,-0.284284,0.181849,-0.167585,0.276615,-0.321419,0.338342,-0.260490
-0.040476,0.024180,0.003013,-0.016819,-0.021736,0.002487,0.001549,-0.301814,0.238272,-0.187628,0.251447,-0.334581,0.359506,-0.253674
-0.039052,0.026100,0.002673,-0.016644,-0.022335,0.002126,0.005798,-0.306923,0.248609,-0.188581,0.253492,-0.335494,0.360449,-0.257751
-0.037539,0.028226,0.002432,-0.016418,-0.023057,0.001391,0.020180,-0.299287,0.226020,-0.184814,0.284192,-0.320958,0.371616,-0.294808
-0.036159,0.030223,0.002287,-0.016268,-0.023557,0.000905,0.026035,-0.314664,0.235369,-0.181985,0.281210,-0.316516,0.369698,-0.294071
-0.034704,0.032381,0.002270,-0.015973,-0.023701,0.000102,0.025840,-0.333582,0.253867,-0.173871,0.263743,-0.308683,0.330244,-0.256286
-0.033386,0.034260,0.002300,-0.015724,-0.022397,-0.000187,0.031773,-0.350189,0.264482,-0.172252,0.257028,-0.312850,0.339729,-0.260366
-0.032005,0.036182,0.002458,-0.015350,-0.021306,-0.000915,0.041009,-0.374319,0.259874,-0.166402,0.241420,-0.344010,0.377568,-0.279016
-0.030752,0.037808,0.002676,-0.015223,-0.019610,-0.001360,0.046285,-0.369651,0.242875,-0.160084,0.241836,-0.340519,0.385267,-0.287999
-0.029411,0.039386,0.002958,-0.015102,-0.017647,-0.001631,0.054518,-0.372746,0.224449,-0.153946,0.240067,-0.308149,0.399451,-0.300703
-0.028174,0.040701,0.003253,-0.015160,-0.015985,-0.001839,0.056414,-0.368417,0.204301,-0.134919,0.235506,-0.307022,0.383575,-0.289845
-0.026846,0.041977,0.003603,-0.015088,-0.014358,-0.002021,0.054057,-0.355081,0.190936,-0.118139,0.235397,-0.323062,0.359604,-0.275164
-0.025637,0.042990,0.003929,-0.014888,-0.012379,-0.002038,0.053353,-0.352967,0.184749,-0.101851,0.222742,-0.332850,0.366813,-0.269370
-0.024293,0.044048,0.004166,-0.015133,-0.011840,-0.001364,0.055120,-0.353773,0.168581,-0.083584,0.209069,-0.333791,0.375595,-0.265289
-0.023047,0.044915,0.004353,-0.015141,-0.010492,-0.001171,0.056220,-0.343125,0.148058,-0.070230,0.211586,-0.328734,0.378702,-0.268956
-0.021682,0.045661,0.004482,-0.015202,-0.008308,-0.000744,0.050611,-0.337760,0.180539,-0.070939,0.214360,-0.322201,0.386419,-0.269766
-0.020404,0.046234,0.004532,-0.015300,-0.006857,-0.000315,0.046448,-0.328220,0.183049,-0.059206,0.212926,-0.322334,0.374006,-0.257288
-0.018998,0.046914,0.004491,-0.015384,-0.007446,0.000236,0.052847,-0.301782,0.148996,-0.038195,0.235705,-0.326327,0.357957,-0.264805
-0.017799,0.047665,0.004719,-0.014674,-0.009098,-0.001425,0.052278,-0.288820,0.144823,-0.025797,0.239490,-0.332549,0.359662,-0.266001
-0.016600,0.048424,0.005103,-0.013815,-0.008583,-0.002215,0.040539,-0.297757,0.193561,-0.029361,0.221162,-0.322560,0.341600,-0.232112
-0.015507,0.049005,0.005443,-0.013627,-0.007133,-0.002126,0.052991,-0.341619,0.176432,-0.010526,0.207616,-0.318194,0.322532,-0.216139
-0.014323,0.049484,0.005747,-0.013516,-0.005417,-0.001751,0.068826,-0.350908,0.121292,0.005753,0.218240,-0.347522,0.335434,-0.243199
-0.013252,0.049948,0.006034,-0.013279,-0.005683,-0.001794,0.061023,-0.338521,0.141131,-0.008538,0.194907,-0.369032,0.393856,-0.261193
-0.012083,0.050338,0.006265,-0.013255,-0.004388,-0.001334,0.046651,-0.320860,0.166210,-0.018650,0.170301,-0.338647,0.408658,-0.246164
-0.011006,0.050699,0.006460,-0.013180,-0.004388,-0.001218,0.059092,-0.321929,0.141128,-0.003517,0.206392,-0.296945,0.376610,-0.257239
-0.009854,0.051194,0.006690,-0.013065,-0.005531,-0.001325,0.064940,-0.303550,0.110739,0.021497,0.243230,-0.313587,0.346147,-0.267040
-0.008801,0.051632,0.006872,-0.012881,-0.005276,-0.001142,0.051747,-0.302917,0.146186,0.016884,0.215201,-0.348397,0.336061,-0.232517
-0.007694,0.052043,0.007056,-0.012493,-0.004567,-0.001059,0.044370,-0.326648,0.186424,0.012785,0.179017,-0.339230,0.335594,-0.198183
-0.006678,0.052361,0.007169,-0.012308,-0.003824,-0.000704,0.057306,-0.330406,0.162250,0.021205,0.194716,-0.328052,0.363739,-0.235047
-0.005555,0.052585,0.007136,-0.012292,-0.002455,0.000191,0.066590,-0.322142,0.138739,0.024256,0.216184,-0.348246,0.391191,-0.275149
-0.004506,0.052716,0.007013,-0.012237,-0.001535,0.000763,0.055392,-0.306395,0.159802,0.017463,0.212915,-0.336191,0.370579,-0.252294
-0.003360,0.052792,0.006814,-0.012246,-0.000805,0.001154,0.044037,-0.279582,0.176781,0.011091,0.212963,-0.299274,0.351588,-0.232348
-0.002281,0.052806,0.006544,-0.012306,-0.000128,0.001684,0.046046,-0.266145,0.162064,0.023420,0.228387,-0.317422,0.344385,-0.240247
-0.001108,0.052715,0.006165,-0.012196,0.001032,0.002184,0.047425,-0.254825,0.146868,0.044952,0.247452,-0.348853,0.312089,-0.234087
-0.000066,0.052517,0.005769,-0.011615,0.002373,0.002479,0.040937,-0.245233,0.164559,0.044874,0.239657,-0.332913,0.311164,-0.220994
0.001023,0.052261,0.005375,-0.011262,0.002808,0.002274,0.032666,-0.235916,0.179291,0.040937,0.217903,-0.322163,0.333100,-0.211519
0.001999,0.051979,0.005033,-0.010950,0.003352,0.002134,0.031587,-0.216941,0.154187,0.047351,0.235829,-0.337026,0.319008,-0.215970
0.003004,0.051730,0.004742,-0.010528,0.002714,0.001679,0.038532,-0.210977,0.129498,0.064259,0.262789,-0.339218,0.297874,-0.225799
0.003915,0.051459,0.004450,-0.010264,0.003183,0.001827,0.034163,-0.210074,0.128850,0.070835,0.248394,-0.331223,0.291141,-0.207888
0.004901,0.051201,0.004049,-0.010130,0.002783,0.002310,0.027505,-0.224093,0.150652,0.066590,0.218978,-0.333266,0.292081,-0.181429
0.005776,0.051053,0.003706,-0.009764,0.001705,0.002147,0.025540,-0.218295,0.152147,0.068895,0.223843,-0.345537,0.300153,-0.188691
0.006679,0.050906,0.003380,-0.009339,0.001542,0.001880,0.028635,-0.214120,0.165182,0.061930,0.241953,-0.350088,0.326769,-0.220621
0.007459,0.050779,0.003165,-0.008875,0.001457,0.001344,0.030319,-0.226037,0.176820,0.059153,0.242380,-0.334849,0.322254,-0.216657
0.008253,0.050637,0.003000,-0.008450,0.001528,0.000950,0.034014,-0.222904,0.164091,0.063048,0.250986,-0.314640,0.294833,-0.205535
0.008970,0.050458,0.002866,-0.008284,0.002082,0.000838,0.037725,-0.225666,0.151933,0.065693,0.250112,-0.331756,0.297674,-0.210378
0.009723,0.050227,0.002729,-0.008029,0.002494,0.000791,0.033605,-0.230538,0.151662,0.068014,0.234066,-0.357847,0.295301,-0.197923
0.010366,0.049975,0.002661,-0.007529,0.002976,0.000426,0.032741,-0.226195,0.149889,0.069196,0.227291,-0.344977,0.303894,-0.198186
0.011009,0.049650,0.002643,-0.007032,0.003564,0.000101,0.035657,-0.225114,0.143251,0.070100,0.226090,-0.333062,0.329218,-0.214896
0.011557,0.049344,0.002684,-0.006606,0.003669,-0.000255,0.036220,-0.222307,0.124034,0.078162,0.231162,-0.340211,0.314798,-0.210680
0.012045,0.049150,0.002961,-0.005824,0.002237,-0.001595,0.035196,-0.214468,0.107621,0.084044,0.238318,-0.337371,0.292535,-0.201448
0.012432,0.048956,0.003280,-0.005197,0.002459,-0.001997,0.032120,-0.220676,0.106755,0.084102,0.221440,-0.340106,0.301389,-0.193977
0.012801,0.048720,0.003646,-0.004682,0.002748,-0.002112,0.036009,-0.256055,0.095629,0.090909,0.196402,-0.354132,0.299123,-0.179125
0.013103,0.048546,0.003972,-0.004179,0.002229,-0.002037,0.038582,-0.258926,0.075283,0.092313,0.198842,-0.355336,0.305900,-0.189102
0.013403,0.048432,0.004289,-0.003833,0.001394,-0.001826,0.035658,-0.258305,0.082566,0.074888,0.185328,-0.357460,0.359085,-0.214735
0.013669,0.048413,0.004516,-0.003579,0.000339,-0.001420,0.028149,-0.262386,0.098319,0.061408,0.176176,-0.351150,0.361183,-0.206739
0.013948,0.048381,0.004678,-0.003338,0.000427,-0.000937,0.030803,-0.260226,0.096346,0.057320,0.203231,-0.322711,0.335393,-0.211310
0.014202,0.048330,0.004765,-0.003179,0.000658,-0.000545,0.031750,-0.264185,0.106489,0.047852,0.215152,-0.326518,0.340754,-0.225134
0.014474,0.048250,0.004773,-0.003005,0.000874,-0.000043,0.021665,-0.255628,0.119356,0.037836,0.204561,-0.352050,0.332935,-0.208573
0.014712,0.048094,0.004683,-0.002661,0.001808,0.000559,0.020007,-0.244591,0.117982,0.030881,0.208310,-0.344454,0.330855,-0.209426
0.014942,0.047933,0.004563,-0.002340,0.001711,0.000694,0.022475,-0.240199,0.108011,0.028927,0.217549,-0.332088,0.342934,-0.226866
0.015110,0.047846,0.004512,-0.001901,0.001006,0.000321,0.015056,-0.222162,0.100411,0.024146,0.224258,-0.335213,0.328661,-0.221184
0.015245,0.047765,0.004473,-0.001420,0.000869,0.000221,0.008708,-0.217231,0.107702,0.018110,0.225020,-0.333006,0.310545,-0.206527
0.015371,0.047658,0.004382,-0.001331,0.001231,0.000570,0.009576,-0.232213,0.099836,0.021968,0.217956,-0.335168,0.300997,-0.197021
0.015462,0.047643,0.004346,-0.000942,0.000145,0.000208,0.010011,-0.236586,0.087376,0.020026,0.216075,-0.347515,0.304588,-0.200986
0.015450,0.047748,0.004495,-0.000127,-0.001168,-0.000928,0.004041,-0.229215,0.103151,0.007249,0.209303,-0.353799,0.333377,-0.211778
0.015421,0.047841,0.004648,0.000071,-0.000941,-0.000887,0.003661,-0.245170,0.113799,-0.001936,0.199427,-0.343095,0.342879,-0.211481
0.015321,0.048236,0.005006,0.000550,-0.004502,-0.002237,0.016575,-0.269621,0.076520,0.007047,0.210880,-0.328334,0.316405,-0.211950
0.015154,0.048902,0.005565,0.000899,-0.007022,-0.003226,0.017673,-0.262657,0.068608,0.002412,0.219073,-0.335838,0.324061,-0.225333
0.014940,0.049680,0.006249,0.001302,-0.008866,-0.004270,0.013724,-0.318288,0.120462,-0.019731,0.170419,-0.355939,0.352007,-0.208446
0.014588,0.050686,0.007232,0.002176,-0.010558,-0.005672,0.020460,-0.359661,0.125831,-0.020055,0.157469,-0.342294,0.336034,-0.193684
0.014235,0.051580,0.008124,0.002510,-0.010153,-0.005580,0.044678,-0.387337,0.101237,-0.027661,0.173140,-0.334213,0.389629,-0.256173
0.013872,0.052458,0.008965,0.002495,-0.009238,-0.004850,0.051048,-0.424689,0.093522,-0.042551,0.146332,-0.361671,0.428273,-0.271093
0.013572,0.053240,0.009611,0.002296,-0.008976,-0.004034,0.039401,-0.410776,0.105077,-0.066496,0.138887,-0.336461,0.409098,-0.250779
0.013297,0.054067,0.010152,0.002032,-0.008841,-0.003126,0.035501,-0.391232,0.112138,-0.089632,0.146301,-0.305003,0.443984,-0.280693
0.013054,0.054919,0.010636,0.001907,-0.009890,-0.003017,0.034729,-0.384095,0.104858,-0.085392,0.160547,-0.328470,0.432654,-0.287635
0.012779,0.056033,0.011212,0.001932,-0.011994,-0.003331,0.030853,-0.367719,0.104573,-0.081644,0.188741,-0.323440,0.377029,-0.270725
0.012575,0.057223,0.011619,0.001585,-0.013980,-0.002542,0.030464,-0.386165,0.124127,-0.088819,0.172836,-0.305972,0.385425,-0.262515
0.012426,0.058491,0.011841,0.001191,-0.013826,-0.001279,0.031431,-0.425089,0.144777,-0.091935,0.143229,-0.327515,0.388976,-0.244527
0.012377,0.059647,0.011802,0.000678,-0.013779,0.000245,0.030441,-0.437041,0.192010,-0.113370,0.156174,-0.333508,0.401795,-0.260993
0.012446,0.060673,0.011341,0.000181,-0.011477,0.002658,0.027893,-0.424593,0.226921,-0.142676,0.165032,-0.321957,0.461018,-0.303880
0.012633,0.061443,0.010604,-0.000547,-0.009503,0.004604,0.028144,-0.402079,0.245055,-0.159914,0.188816,-0.305801,0.462859,-0.319922
0.012957,0.062147,0.009538,-0.001304,-0.008207,0.006153,0.018628,-0.340973,0.246030,-0.168936,0.243215,-0.275884,0.410580,-0.319554
0.013361,0.062717,0.008371,-0.002095,-0.007353,0.007293,0.008347,-0.294758,0.257274,-0.170607,0.269193,-0.272329,0.371485,-0.307926
0.013806,0.063312,0.007180,-0.002313,-0.007097,0.006874,-0.002884,-0.266908,0.273061,-0.156906,0.275354,-0.293887,0.313405,-0.267240
0.014104,0.063966,0.006397,-0.001702,-0.008193,0.004896,-0.006759,-0.249865,0.285998,-0.143595,0.284661,-0.298922,0.284814,-0.249087
0.014375,0.064508,0.005606,-0.001229,-0.006338,0.004559,0.000847,-0.264913,0.273123,-0.126048,0.274062,-0.311233,0.300760,-0.251714
0.014576,0.064824,0.004948,-0.000798,-0.004119,0.004111,0.016030,-0.307360,0.235674,-0.104112,0.256467,-0.325203,0.290978,-0.240259
0.014716,0.065025,0.004408,-0.000333,-0.002485,0.003120,0.012521,-0.294763,0.221652,-0.108908,0.252667,-0.317098,0.305422,-0.245199
0.014706,0.065226,0.004268,0.000455,-0.002474,0.000873,0.002666,-0.280814,0.225977,-0.126258,0.223300,-0.325106,0.367067,-0.260819
0.014637,0.065295,0.004290,0.000711,-0.000738,-0.000128,0.007374,-0.274828,0.176201,-0.103015,0.228999,-0.329145,0.339862,-0.252857
0.014508,0.065307,0.004495,0.001034,-0.000037,-0.001279,0.031320,-0.297461,0.090914,-0.062326,0.253795,-0.305028,0.292233,-0.256540
0.014296,0.065360,0.004906,0.001409,-0.000372,-0.002376,0.026161,-0.301318,0.070351,-0.048972,0.219106,-0.319731,0.304049,-0.237450
0.014112,0.065379,0.005260,0.001325,-0.000042,-0.002213,0.004930,-0.315257,0.105403,-0.062106,0.144746,-0.359367,0.339716,-0.196684
0.013926,0.065360,0.005603,0.001268,0.000380,-0.001975,0.011868,-0.339705,0.087002,-0.052510,0.139661,-0.355143,0.356680,-0.208954
0.013777,0.065299,0.005863,0.001132,0.000854,-0.001628,0.030756,-0.338488,0.052162,-0.042949,0.182717,-0.330096,0.394086,-0.275793
0.013622,0.065216,0.006136,0.001093,0.001047,-0.001574,0.023199,-0.328568,0.073258,-0.056593,0.177226,-0.328316,0.414748,-0.279536
0.013451,0.065181,0.006463,0.001238,0.000582,-0.002042,0.006766,-0.309237,0.100822,-0.066397,0.167777,-0.314186,0.369936,-0.230874
0.013306,0.065081,0.006741,0.000972,0.001230,-0.001605,0.014462,-0.303473,0.073318,-0.053905,0.191349,-0.307468,0.345990,-0.237312
0.013213,0.064924,0.006892,0.000733,0.001939,-0.000946,0.026046,-0.321970,0.037355,-0.034247,0.196543,-0.345008,0.344087,-0.250583
0.013117,0.064767,0.006992,0.000832,0.001773,-0.000575,0.013779,-0.313613,0.058720,-0.039989,0.174298,-0.354401,0.344717,-0.227807
0.013051,0.064616,0.006995,0.000776,0.001802,-0.000019,0.000194,-0.302566,0.098832,-0.063778,0.147749,-0.326760,0.388109,-0.226788
0.013050,0.064367,0.006802,0.000447,0.002642,0.001114,0.005123,-0.303248,0.086939,-0.062364,0.166549,-0.324161,0.392810,-0.246763
0.013113,0.064048,0.006443,0.000106,0.003618,0.002241,0.013193,-0.286960,0.061752,-0.050415,0.219926,-0.325236,0.352091,-0.263831
0.013229,0.063608,0.005892,-0.000054,0.004591,0.003184,0.000290,-0.260368,0.090595,-0.064372,0.220672,-0.317439,0.349731,-0.253356
0.013359,0.063196,0.005328,-0.000203,0.004622,0.003524,-0.019081,-0.238485,0.127668,-0.079035,0.192901,-0.320809,0.346928,-0.217942
0.013522,0.062761,0.004664,-0.000344,0.004475,0.003827,-0.018241,-0.214016,0.108800,-0.069432,0.223704,-0.324162,0.319290,-0.222466
0.013711,0.062266,0.004018,-0.000731,0.005561,0.004039,-0.007386,-0.209954,0.083334,-0.053111,0.259248,-0.327938,0.309925,-0.248759
0.013941,0.061627,0.003257,-0.000899,0.006660,0.004394,-0.016299,-0.209812,0.105773,-0.055108,0.242763,-0.328034,0.297812,-0.221135
0.014174,0.060992,0.002502,-0.001028,0.007168,0.004714,-0.026545,-0.192857,0.125547,-0.055992,0.222030,-0.321199,0.293870,-0.192618
0.014433,0.060218,0.001624,-0.001002,0.008066,0.005064,-0.023251,-0.175174,0.111024,-0.048931,0.239593,-0.334523,0.308995,-0.216280
-0.258000,0.063753,0.353570,0.000110,-0.000653,-0.000340,0.000000,0.000000,0.000000,0.000000,0.000000,0.000000,0.000000,0.000000
-0.258019,0.063858,0.353630,0.000078,-0.001689,-0.000345,-0.018957,-1.000000,-1.000000,-0.291058,-0.738178,-1.000000,-0.491932,0.352700
-0.257995,0.064130,0.353632,-0.000293,-0.003262,-0.000015,-0.017140,-1.000000,-1.000000,-0.290830,-0.740345,-1.000000,-0.492865,0.354074
-0.257808,0.064563,0.353475,-0.001702,-0.003356,0.000908,-0.080957,-1.000000,-1.000000,-0.445953,-1.000000,-0.658938,1.000000,-0.377570
-0.257194,0.065514,0.352687,-0.005397,-0.003718,0.004925,-0.082082,-1.000000,-1.000000,-0.451692,-1.000000,-0.655531,1.000000,-0.376527
-0.255697,0.067514,0.350535,-0.011528,-0.002897,0.012414,0.028656,-0.943707,-1.000000,-0.412491,-0.602703,-0.450306,0.605369,-0.300078
-0.253213,0.070708,0.346669,-0.019572,-0.001102,0.024165,0.018612,-0.919852,-1.000000,-0.416182,-0.579808,-0.435854,0.619527,-0.315158
-0.248953,0.076336,0.339605,-0.028908,-0.000304,0.040772,-0.096423,-0.926080,-1.000000,-0.591448,-0.717278,-0.596572,0.581830,-0.214202
-0.243309,0.083854,0.329961,-0.038303,-0.000128,0.060278,-0.147862,-0.822884,-1.000000,-0.634286,-0.648970,-0.556004,0.601492,-0.238972
-0.235104,0.094241,0.315897,-0.046830,0.003041,0.081096,-0.172878,-0.713183,-1.000000,-0.640135,-0.527209,-0.443328,0.808657,-0.427589
-0.225386,0.105740,0.299617,-0.054688,0.004737,0.101772,-0.282953,-0.551196,-1.000000,-0.771159,-0.390039,-0.363620,0.807093,-0.452403
-0.212322,0.119799,0.278793,-0.062326,0.004929,0.120180,-0.417794,-0.275958,-0.710463,-0.938994,-0.161961,-0.208706,0.657019,-0.395629
-0.197922,0.133500,0.257301,-0.069401,0.004181,0.134238,-0.535109,-0.027232,-0.106118,-1.000000,0.041850,-0.122008,0.577633,-0.396463
-0.180503,0.147242,0.233257,-0.074529,0.008946,0.138776,-0.601000,0.229025,0.425195,-1.000000,0.310374,-0.131428,0.398294,-0.395906
-0.163696,0.157616,0.211877,-0.077561,0.016762,0.133560,-0.568900,0.423768,0.789129,-1.000000,0.636564,-0.066895,0.209792,-0.427018
-0.145795,0.165566,0.190875,-0.078641,0.027478,0.121227,-0.473850,0.503733,0.890006,-0.947863,0.815026,-0.005967,0.006085,-0.395187
-0.130043,0.169896,0.173820,-0.079469,0.038572,0.106581,-0.359814,0.524608,0.781558,-0.679452,0.852611,-0.041890,-0.277497,-0.276545
-0.113935,0.171822,0.157763,-0.081091,0.048547,0.092693,-0.282598,0.501134,0.611103,-0.454072,0.776863,-0.156653,-0.416997,-0.177194
-0.099994,0.171476,0.145031,-0.083014,0.056666,0.079499,-0.247386,0.388377,0.461702,-0.274791,0.567632,-0.325506,-0.326560,-0.077413
-0.085791,0.169475,0.133079,-0.084586,0.061928,0.068973,-0.184031,0.293784,0.349135,-0.045794,0.420871,-0.393000,-0.168198,-0.052777
-0.073402,0.166543,0.123268,-0.084828,0.065424,0.061317,-0.075155,0.232686,0.220623,0.226740,0.413579,-0.364638,0.013906,-0.173787
-0.060708,0.162606,0.113488,-0.082862,0.067149,0.056401,0.010091,0.199980,0.200490,0.456208,0.424904,-0.319753,0.077898,-0.219823
-0.049603,0.158458,0.104908,-0.079766,0.068167,0.053629,0.034679,0.188265,0.284371,0.592826,0.386179,-0.261242,0.022674,-0.113389
-0.040797,0.154683,0.098000,-0.076594,0.068848,0.051869,0.032078,0.180254,0.370483,0.638853,0.346026,-0.258597,-0.007763,-0.027558
-0.030015,0.149367,0.089394,-0.072306,0.069841,0.049601,0.033701,0.178024,0.386115,0.653218,0.349046,-0.341506,0.017110,-0.037786
-0.018513,0.142923,0.079933,-0.067159,0.069271,0.047320,0.045985,0.190559,0.355284,0.662495,0.376990,-0.376412,0.046804,-0.081322
-0.011382,0.138538,0.073824,-0.062620,0.067315,0.045803,0.053083,0.220571,0.336895,0.669845,0.390257,-0.321030,0.074153,-0.099432
-0.003470,0.133183,0.066702,-0.057287,0.066392,0.044533,0.039578,0.244836,0.367110,0.657438,0.388811,-0.277634,0.060973,-0.072720
0.004198,0.127214,0.059226,-0.049876,0.066083,0.043124,0.018646,0.246247,0.392317,0.633175,0.400603,-0.289431,-0.009151,-0.028030
0.010378,0.121640,0.052486,-0.041530,0.064974,0.042141,0.003567,0.264766,0.375466,0.605716,0.422329,-0.322879,-0.039336,-0.021436
0.016048,0.115547,0.045275,-0.032039,0.063994,0.041576,-0.021769,0.284844,0.331708,0.537195,0.403218,-0.357377,0.008305,-0.034380
0.020307,0.110034,0.038709,-0.022373,0.061410,0.041048,-0.061701,0.298370,0.303054,0.440882,0.380594,-0.353563,0.025349,-0.020037
0.023847,0.104276,0.031708,-0.012354,0.058036,0.040362,-0.105360,0.332694,0.257688,0.333916,0.401708,-0.319832,0.011911,-0.020065
0.026166,0.099170,0.025393,-0.003045,0.054950,0.039498,-0.149635,0.349493,0.208879,0.209798,0.421269,-0.325494,0.007545,-0.032270
0.027726,0.093964,0.018814,0.005321,0.051052,0.037976,-0.205224,0.357820,0.167990,0.073204,0.420034,-0.351855,-0.020905,-0.011629
0.028337,0.089356,0.013247,0.012234,0.048912,0.034782,-0.251113,0.365464,0.111692,-0.060269,0.414333,-0.351774,-0.023562,-0.009145
0.028232,0.084694,0.007873,0.017693,0.045830,0.031008,-0.283081,0.352984,0.049988,-0.180728,0.404495,-0.358133,0.012834,-0.036424
0.027565,0.080730,0.003622,0.021386,0.042625,0.026576,-0.296563,0.340873,-0.066085,-0.243221,0.396560,-0.372325,0.009403,-0.050460
0.026322,0.076813,-0.000087,0.023974,0.039466,0.021404,-0.298765,0.321871,-0.158128,-0.288290,0.392695,-0.360690,0.002487,-0.064202
0.024789,0.073573,-0.002695,0.025720,0.035947,0.016288,-0.304915,0.273760,-0.203556,-0.317104,0.338566,-0.361789,0.022791,-0.049682
0.022827,0.070436,-0.004708,0.026669,0.032733,0.011617,-0.299756,0.219277,-0.261638,-0.319289,0.283874,-0.382453,0.029922,-0.029658
0.020786,0.067761,-0.005759,0.027061,0.030931,0.006565,-0.278563,0.152659,-0.318150,-0.311013,0.257631,-0.402111,0.076769,-0.061653
0.018466,0.065173,-0.006278,0.026720,0.028087,0.002995,-0.262760,0.083687,-0.345369,-0.309466,0.213966,-0.415766,0.148593,-0.092128
0.016242,0.063014,-0.006270,0.026429,0.025686,-0.000051,-0.238686,0.028921,-0.400791,-0.284163,0.168229,-0.407544,0.191319,-0.102524
0.013809,0.060853,-0.005866,0.025872,0.023981,-0.002333,-0.213427,-0.019397,-0.422230,-0.267737,0.153135,-0.387650,0.234056,-0.131779
0.011620,0.059077,-0.005365,0.024919,0.021401,-0.003131,-0.203904,-0.068288,-0.420270,-0.262073,0.120385,-0.390948,0.270713,-0.138931
0.009329,0.057211,-0.004618,0.023661,0.020812,-0.004309,-0.192841,-0.095569,-0.433503,-0.252718,0.100526,-0.394982,0.281912,-0.136122
0.007281,0.055439,-0.003704,0.022420,0.021401,-0.005716,-0.182754,-0.120590,-0.405967,-0.260951,0.099932,-0.387365,0.326665,-0.165692
0.005137,0.053555,-0.002671,0.021574,0.020958,-0.005954,-0.171796,-0.134471,-0.416266,-0.244462,0.089211,-0.391949,0.351300,-0.179498
0.003261,0.051845,-0.001775,0.020549,0.020534,-0.005605,-0.146512,-0.127214,-0.481451,-0.203320,0.106204,-0.387056,0.334065,-0.190558
0.001370,0.050078,-0.000965,0.019319,0.019499,-0.004668,-0.145216,-0.129227,-0.481067,-0.202366,0.102046,-0.375845,0.339507,-0.188628
-0.000247,0.048569,-0.000431,0.018248,0.017990,-0.003339,-0.167601,-0.132251,-0.428836,-0.218521,0.060551,-0.375641,0.334253,-0.142692
-0.001847,0.047017,-0.000153,0.017133,0.017065,-0.001604,-0.171629,-0.124967,-0.397205,-0.225247,0.071044,-0.378499,0.335278,-0.145932
-0.003183,0.045712,-0.000171,0.015923,0.015528,0.000112,-0.163062,-0.123900,-0.377817,-0.229403,0.111572,-0.392200,0.368774,-0.198898
-0.004480,0.044486,-0.000504,0.014784,0.013514,0.001920,-0.167190,-0.105241,-0.343567,-0.244716,0.133953,-0.381981,0.366901,-0.205935
-0.005548,0.043335,-0.000987,0.013516,0.013773,0.003019,-0.173349,-0.085019,-0.287173,-0.267745,0.150293,-0.336539,0.345989,-0.189320
-0.006567,0.042082,-0.001632,0.012165,0.013900,0.003722,-0.177947,-0.073145,-0.235406,-0.284927,0.177128,-0.327946,0.321861,-0.184802
-0.007401,0.041026,-0.002370,0.011091,0.012750,0.004612,-0.172450,-0.043115,-0.245595,-0.268083,0.215910,-0.362857,0.281464,-0.188759
-0.008165,0.040024,-0.003407,0.009862,0.011269,0.005983,-0.163325,-0.022105,-0.252727,-0.251951,0.237020,-0.375289,0.267610,-0.195257
-0.008748,0.039227,-0.004519,0.008605,0.009822,0.006953,-0.173138,-0.028408,-0.199169,-0.263960,0.212967,-0.353595,0.269210,-0.166108
-0.009271,0.038408,-0.005785,0.007463,0.009385,0.007301,-0.185923,-0.025769,-0.124499,-0.283764,0.208590,-0.333165,0.261218,-0.143283
-0.009669,0.037664,-0.006944,0.006403,0.009258,0.007244,-0.177290,-0.019299,-0.089661,-0.283430,0.251445,-0.350322,0.272175,-0.180635
-0.010010,0.036987,-0.008246,0.005440,0.007870,0.007516,-0.159210,-0.007469,-0.101320,-0.262391,0.294622,-0.371864,0.265796,-0.212558
-0.010215,0.036604,-0.009579,0.004285,0.005047,0.008329,-0.147786,0.002768,-0.103615,-0.246377,0.302440,-0.343692,0.240259,-0.197394
-0.010366,0.036102,-0.010837,0.003258,0.005969,0.007259,-0.153729,-0.003749,-0.047449,-0.256072,0.281887,-0.313298,0.227238,-0.160661
-0.010457,0.035552,-0.011846,0.002442,0.006932,0.006305,-0.164052,-0.020543,0.043930,-0.274902,0.278275,-0.329669,0.219307,-0.142548
-0.010516,0.034796,-0.012750,0.001752,0.008624,0.005214,-0.139439,-0.015786,-0.006832,-0.230148,0.308690,-0.372439,0.216358,-0.175789
-0.010518,0.034039,-0.013473,0.000973,0.009304,0.004518,-0.106027,-0.008873,-0.076048,-0.190518,0.338855,-0.381719,0.236559,-0.225000
-0.010466,0.033238,-0.014197,0.000278,0.009061,0.004178,-0.109029,-0.007859,-0.076781,-0.173373,0.294593,-0.349462,0.240065,-0.184042
-0.010382,0.032477,-0.014775,-0.000285,0.009283,0.003612,-0.120102,-0.004432,-0.046720,-0.164927,0.257946,-0.318018,0.208946,-0.125083
-0.010235,0.031690,-0.015384,-0.000933,0.008873,0.003510,-0.115230,-0.010368,-0.036547,-0.146301,0.278783,-0.349283,0.209335,-0.142212
-0.010046,0.031046,-0.015974,-0.001547,0.007887,0.003688,-0.103441,-0.017252,-0.057306,-0.118281,0.295481,-0.401296,0.222906,-0.169686
-0.009814,0.030360,-0.016593,-0.001887,0.007752,0.003573,-0.098418,-0.020468,-0.037626,-0.115187,0.286287,-0.377463,0.241249,-0.167084
-0.009584,0.029750,-0.017143,-0.002112,0.007464,0.003439,-0.101800,-0.029514,0.015565,-0.128079,0.266256,-0.328444,0.266793,-0.156714
-0.009307,0.029134,-0.017729,-0.002442,0.006963,0.003380,-0.096191,-0.022556,0.013640,-0.117461,0.288567,-0.337918,0.246363,-0.161482
-0.009018,0.028618,-0.018282,-0.002836,0.006337,0.003455,-0.082908,-0.011667,-0.008078,-0.100251,0.333473,-0.365412,0.217834,-0.183174
-0.008644,0.028221,-0.018975,-0.003421,0.004576,0.004000,-0.084469,-0.016733,0.010802,-0.099868,0.318013,-0.362449,0.220137,-0.168166
-0.008261,0.028004,-0.019719,-0.003786,0.002823,0.004646,-0.092783,-0.023892,0.048379,-0.108478,0.281969,-0.343210,0.224038,-0.134349
-0.007805,0.027843,-0.020581,-0.004173,0.002008,0.004975,-0.090332,-0.031749,0.092972,-0.116030,0.298165,-0.342719,0.236099,-0.151549
-0.007337,0.027801,-0.021476,-0.004643,0.000761,0.005596,-0.084909,-0.037431,0.125394,-0.123070,0.331488,-0.357801,0.247498,-0.185562
-0.006808,0.027776,-0.022442,-0.004878,0.000524,0.005573,-0.077280,-0.031201,0.137727,-0.124375,0.349734,-0.346773,0.240230,-0.192696
-0.006323,0.027729,-0.023292,-0.004893,0.000767,0.005309,-0.074475,-0.026413,0.171376,-0.135346,0.356938,-0.318371,0.235545,-0.188696
-0.005768,0.027690,-0.024255,-0.005172,0.000636,0.005556,-0.073830,-0.023389,0.179929,-0.132028,0.358192,-0.321899,0.215605,-0.176121
-0.005185,0.027959,-0.025399,-0.005760,-0.002956,0.007147,-0.067188,-0.015883,0.157546,-0.119445,0.374017,-0.341905,0.186004,-0.174895
-0.004535,0.028244,-0.026559,-0.006029,-0.002923,0.006700,-0.068274,-0.014705,0.175791,-0.121456,0.372219,-0.346615,0.197308,-0.178007
-0.003893,0.028335,-0.027313,-0.006843,-0.000955,0.004711,-0.088009,-0.037218,0.304652,-0.168770,0.349772,-0.325306,0.226477,-0.162163
-0.003208,0.028359,-0.027932,-0.006923,-0.000179,0.003566,-0.077625,-0.038062,0.296451,-0.153148,0.362880,-0.317225,0.218652,-0.168826
-0.002622,0.028297,-0.028381,-0.006495,0.000782,0.002810,-0.022453,-0.022790,0.156643,-0.072749,0.431717,-0.343352,0.196078,-0.236378
-0.002045,0.028113,-0.028678,-0.006056,0.002054,0.001712,-0.017103,-0.027716,0.138144,-0.051691,0.416431,-0.354007,0.186499,-0.219954
-0.001557,0.027820,-0.028710,-0.005770,0.003485,0.000203,-0.056803,-0.038431,0.211255,-0.078420,0.309987,-0.319523,0.173627,-0.105375
-0.001088,0.027451,-0.028562,-0.005299,0.004049,-0.000858,-0.054474,-0.044634,0.183539,-0.065593,0.293092,-0.327632,0.190845,-0.106675
-0.000711,0.027114,-0.028281,-0.004769,0.003997,-0.001751,-0.016524,-0.051785,0.069222,-0.007641,0.355690,-0.402232,0.220753,-0.202874
-0.000360,0.026780,-0.027814,-0.004295,0.003661,-0.002696,-0.012936,-0.059789,0.047932,0.005481,0.347177,-0.397176,0.226039,-0.202355
-0.000078,0.026520,-0.027251,-0.003930,0.003087,-0.003518,-0.036918,-0.076812,0.106759,-0.021593,0.262812,-0.312744,0.238417,-0.124946
0.000198,0.026142,-0.026482,-0.003739,0.004153,-0.004437,-0.035647,-0.093046,0.099487,-0.016264,0.248609,-0.319359,0.243433,-0.119512
0.000447,0.025809,-0.025722,-0.003705,0.003964,-0.004747,-0.012093,-0.101816,0.040559,0.015991,0.311719,-0.400534,0.234532,-0.182832
0.000698,0.025475,-0.024834,-0.003552,0.003687,-0.005129,-0.004019,-0.102765,0.004062,0.033307,0.304737,-0.406241,0.251804,-0.195095
0.000928,0.025141,-0.023927,-0.003599,0.004003,-0.005666,-0.016645,-0.116263,0.043836,0.011571,0.233547,-0.340496,0.286802,-0.151206
0.001174,0.024790,-0.022921,-0.003575,0.003883,-0.005804,-0.020962,-0.126832,0.054370,0.012563,0.218687,-0.327592,0.283881,-0.136176
0.001393,0.024430,-0.021925,-0.003527,0.004327,-0.006223,-0.001257,-0.121457,-0.000800,0.047564,0.276714,-0.377390,0.260916,-0.181480
0.001623,0.024040,-0.020819,-0.003461,0.004333,-0.006378,0.003824,-0.124947,-0.011330,0.055281,0.281027,-0.395456,0.272662,-0.195899
0.001835,0.023684,-0.019770,-0.003466,0.004309,-0.006564,-0.008883,-0.135403,0.008497,0.047528,0.215635,-0.359654,0.286763,-0.145353
0.002071,0.023314,-0.018638,-0.003521,0.004135,-0.006530,-0.007976,-0.138859,0.003892,0.049864,0.206476,-0.341991,0.288535,-0.140130
0.002317,0.023030,-0.017674,-0.003772,0.003451,-0.006025,0.004121,-0.141749,-0.024379,0.070018,0.242332,-0.378900,0.293145,-0.181442
0.002616,0.022723,-0.016630,-0.004115,0.003457,-0.006026,0.003989,-0.143402,-0.024670,0.075767,0.243358,-0.392404,0.289895,-0.181569
0.002912,0.022381,-0.015597,-0.004399,0.004176,-0.006449,-0.006232,-0.147873,0.020386,0.058186,0.212458,-0.352291,0.302653,-0.155211
0.003268,0.022028,-0.014507,-0.004755,0.003987,-0.006294,-0.001899,-0.151340,0.018520,0.067944,0.206756,-0.346035,0.312226,-0.158025
0.003626,0.021868,-0.013665,-0.004957,0.002009,-0.005262,0.017667,-0.143114,-0.039255,0.105105,0.246200,-0.382048,0.291101,-0.187217
0.004066,0.021910,-0.013025,-0.005316,-0.000389,-0.003687,0.018776,-0.143816,-0.030990,0.112086,0.248045,-0.381857,0.287565,-0.185391
0.004476,0.021965,-0.012493,-0.005322,-0.000569,-0.003327,-0.006569,-0.163410,0.067340,0.072218,0.194657,-0.345032,0.305465,-0.139360
0.004914,0.021991,-0.011911,-0.005250,-0.000200,-0.003361,-0.016858,-0.172093,0.144166,0.041918,0.197925,-0.335285,0.316644,-0.139580
0.005330,0.021891,-0.011297,-0.005466,0.001299,-0.003837,0.009596,-0.159963,0.090243,0.062163,0.268443,-0.371998,0.320242,-0.210577
0.005783,0.021749,-0.010629,-0.005480,0.001685,-0.003855,0.029911,-0.147147,0.032588,0.080710,0.304819,-0.380627,0.304951,-0.240043
0.006201,0.021653,-0.010054,-0.005440,0.001271,-0.003587,0.020087,-0.139033,0.032700,0.087802,0.256796,-0.337432,0.278784,-0.179110
0.006648,0.021525,-0.009473,-0.005352,0.001526,-0.003361,0.003787,-0.139934,0.058687,0.082196,0.214173,-0.324115,0.263554,-0.130801
0.007053,0.021343,-0.008953,-0.005231,0.002297,-0.003244,0.002171,-0.149736,0.065346,0.089708,0.226316,-0.374549,0.268525,-0.146655
0.007481,0.021118,-0.008461,-0.005073,0.002586,-0.002836,0.010030,-0.149513,0.044288,0.101640,0.246744,-0.403032,0.288257,-0.181088
0.007865,0.020936,-0.008049,-0.004889,0.002286,-0.002576,0.013706,-0.143544,0.034106,0.098768,0.236971,-0.368804,0.318200,-0.190925
0.008256,0.020791,-0.007613,-0.004616,0.001713,-0.002519,0.005496,-0.136050,0.051891,0.087036,0.224900,-0.333052,0.317520,-0.173885
0.008610,0.020651,-0.007248,-0.004494,0.001786,-0.002278,0.000331,-0.130132,0.059562,0.087572,0.242857,-0.339095,0.280270,-0.162317
0.008981,0.020495,-0.006881,-0.004348,0.001818,-0.002121,0.003582,-0.132689,0.047574,0.095480,0.262295,-0.366311,0.258186,-0.167376
0.009312,0.020291,-0.006558,-0.004187,0.002543,-0.002018,0.002001,-0.134132,0.046461,0.094000,0.248043,-0.378677,0.273156,-0.165752
0.009662,0.020070,-0.006227,-0.004078,0.002529,-0.001911,-0.003028,-0.137022,0.059317,0.083838,0.222998,-0.367533,0.297227,-0.159468
0.009987,0.019938,-0.006019,-0.004023,0.001641,-0.001296,-0.001272,-0.128430,0.044637,0.087573,0.231807,-0.356269,0.299236,-0.169460
0.010340,0.019881,-0.005909,-0.003950,0.000667,-0.000638,0.003945,-0.123013,0.031612,0.094341,0.256081,-0.357418,0.289741,-0.185509
0.010687,0.019907,-0.005973,-0.004088,-0.000333,0.000405,-0.006051,-0.124490,0.066538,0.081981,0.253256,-0.355087,0.277846,-0.168916
0.011081,0.020046,-0.006206,-0.004163,-0.001616,0.001344,-0.017677,-0.127391,0.108500,0.062589,0.238410,-0.347117,0.275955,-0.148271
0.011497,0.020444,-0.006753,-0.004550,-0.004961,0.003417,-0.016794,-0.123972,0.131261,0.050071,0.256404,-0.352992,0.288681,-0.168877
0.011963,0.020960,-0.007484,-0.004605,-0.005959,0.004215,-0.012623,-0.122342,0.149236,0.039338,0.285068,-0.359589,0.295702,-0.196857
0.012406,0.021471,-0.008226,-0.004687,-0.006418,0.004640,-0.024055,-0.126371,0.246085,-0.005028,0.302300,-0.328366,0.290601,-0.194673
0.012905,0.022141,-0.009160,-0.004794,-0.007767,0.005389,-0.028252,-0.121412,0.279311,-0.023651,0.307107,-0.307210,0.278988,-0.185323
0.013377,0.022801,-0.010035,-0.004891,-0.008279,0.005466,-0.011098,-0.106762,0.243786,-0.015957,0.350483,-0.330322,0.252391,-0.211608
0.013849,0.023465,-0.010826,-0.004571,-0.007658,0.004562,-0.011548,-0.107284,0.270737,-0.027926,0.368057,-0.342331,0.240530,-0.217580
0.014226,0.024073,-0.011360,-0.004014,-0.007514,0.003336,-0.023768,-0.115538,0.312074,-0.042440,0.329616,-0.320572,0.235211,-0.177880
0.014548,0.024676,-0.011693,-0.003264,-0.006794,0.001926,-0.012231,-0.118455,0.270167,-0.028913,0.325641,-0.319740,0.232108,-0.180235
0.014764,0.025221,-0.011778,-0.002494,-0.006537,0.000530,0.006386,-0.131592,0.213219,-0.007555,0.346595,-0.352895,0.235844,-0.213115
0.014941,0.025870,-0.011732,-0.001981,-0.007106,-0.000269,0.004184,-0.146526,0.194292,-0.001549,0.318513,-0.358450,0.235352,-0.194871
0.015016,0.026422,-0.011432,-0.001190,-0.006409,-0.001871,-0.001836,-0.166479,0.196081,-0.009766,0.268826,-0.332645,0.252706,-0.166488
0.015007,0.027041,-0.010847,-0.000435,-0.006495,-0.003377,0.000704,-0.188739,0.197466,-0.013061,0.257176,-0.337806,0.281883,-0.180095
0.014940,0.027568,-0.010080,0.000024,-0.005847,-0.004794,0.014816,-0.201465,0.138056,0.008147,0.269227,-0.367862,0.287724,-0.207753
0.014822,0.028057,-0.009016,0.000288,-0.004819,-0.006138,0.027048,-0.219747,0.096408,0.016885,0.265356,-0.361487,0.291415,-0.216791
0.014658,0.028471,-0.007856,0.000732,-0.004291,-0.007252,0.024142,-0.238686,0.086684,0.019523,0.218740,-0.340353,0.310011,-0.193700
0.014437,0.028926,-0.006481,0.001070,-0.004306,-0.007931,0.024944,-0.248420,0.060664,0.031925,0.190237,-0.350567,0.317656,-0.183201
0.014201,0.029254,-0.005148,0.001374,-0.003194,-0.008327,0.033769,-0.260476,0.021215,0.048045,0.196095,-0.373908,0.326979,-0.203863
0.013924,0.029485,-0.003581,0.001452,-0.001771,-0.009044,0.035481,-0.279212,0.009257,0.050814,0.181577,-0.371369,0.345900,-0.209570
0.013669,0.029645,-0.002062,0.001365,-0.001114,-0.009496,0.029395,-0.279706,0.000435,0.046644,0.153344,-0.353611,0.362642,-0.197840
0.013441,0.029576,-0.000131,0.000523,0.001660,-0.011141,0.035290,-0.275462,-0.039364,0.062462,0.149955,-0.358309,0.371028,-0.206477
0.013284,0.029283,0.001888,-0.000371,0.004502,-0.012617,0.042365,-0.277422,-0.073330,0.084910,0.161500,-0.372476,0.360687,-0.215725
0.013147,0.028880,0.004029,-0.000661,0.005404,-0.012361,0.055980,-0.275130,-0.142285,0.143269,0.143964,-0.376586,0.346080,-0.201732
0.013050,0.028464,0.005875,-0.000838,0.005852,-0.011526,0.067814,-0.271134,-0.203113,0.195410,0.113983,-0.382140,0.350487,-0.187871
0.012986,0.027991,0.007707,-0.001101,0.006009,-0.010567,0.048901,-0.277579,-0.168638,0.191398,0.073558,-0.386798,0.371910,-0.161633
0.012960,0.027584,0.009134,-0.001186,0.005534,-0.008918,0.027659,-0.279168,-0.122238,0.176272,0.050526,-0.379808,0.385705,-0.142699
0.012980,0.027280,0.010302,-0.001331,0.003861,-0.006742,0.037149,-0.269981,-0.136274,0.183775,0.086689,-0.379024,0.402576,-0.182919
0.013010,0.027136,0.011129,-0.001199,0.002115,-0.005166,0.040150,-0.254932,-0.131312,0.175873,0.127279,-0.382154,0.411762,-0.217760
0.013040,0.027120,0.011805,-0.000969,0.000489,-0.003900,0.015935,-0.244461,-0.049598,0.132308,0.126200,-0.353945,0.392483,-0.187442
0.013104,0.027166,0.012135,-0.001096,-0.000394,-0.002063,0.001703,-0.240714,-0.000218,0.099971,0.129406,-0.329384,0.365555,-0.163191
0.013207,0.027226,0.012209,-0.001195,-0.000628,-0.000429,0.012322,-0.238968,-0.015089,0.095829,0.173679,-0.358543,0.352073,-0.196047
0.013334,0.027249,0.012082,-0.001390,-0.000332,0.000797,0.009438,-0.223532,0.004732,0.078100,0.201509,-0.383489,0.354357,-0.219463
0.013517,0.027367,0.011630,-0.001579,-0.001501,0.002604,-0.009705,-0.206743,0.059332,0.040380,0.181247,-0.351939,0.364349,-0.199874
0.013731,0.027705,0.010887,-0.001795,-0.004405,0.004648,-0.012870,-0.186580,0.065666,0.030865,0.191730,-0.321839,0.351061,-0.195311
0.014015,0.028188,0.009817,-0.002098,-0.005811,0.006168,-0.011910,-0.169442,0.082564,0.021437,0.247635,-0.332526,0.324156,-0.220329
0.014283,0.028744,0.008745,-0.002060,-0.007185,0.006704,-0.030626,-0.173202,0.175585,-0.017730,0.261425,-0.338193,0.304668,-0.205979
0.014592,0.029566,0.007470,-0.002129,-0.009665,0.007358,-0.042453,-0.167285,0.235890,-0.046781,0.254136,-0.320964,0.296114,-0.183206
0.014917,0.030478,0.006123,-0.002381,-0.011591,0.008412,-0.024976,-0.167399,0.219922,-0.051528,0.287161,-0.326936,0.304553,-0.221131
0.015288,0.031626,0.004629,-0.002512,-0.013395,0.008624,-0.016928,-0.179445,0.242538,-0.063676,0.320507,-0.337483,0.293398,-0.243746
0.015638,0.032621,0.003280,-0.002566,-0.012622,0.008428,-0.032584,-0.181253,0.324709,-0.101022,0.310066,-0.307111,0.281280,-0.217512
0.016006,0.033671,0.001891,-0.002478,-0.012290,0.008014,-0.032802,-0.191972,0.367664,-0.123866,0.299684,-0.292898,0.290848,-0.212828
0.016341,0.034582,0.000753,-0.002562,-0.011530,0.007116,-0.013301,-0.178240,0.310885,-0.102953,0.340562,-0.326227,0.276247,-0.246739
0.016709,0.035473,-0.000230,-0.002868,-0.010348,0.005671,-0.002062,-0.172552,0.283523,-0.096238,0.363126,-0.334199,0.265373,-0.265192
0.017008,0.036358,-0.001008,-0.002526,-0.011022,0.004861,-0.009054,-0.182123,0.298028,-0.091872,0.317477,-0.306445,0.259903,-0.221732
0.017264,0.037345,-0.001655,-0.002006,-0.011233,0.003730,-0.002964,-0.189559,0.276456,-0.065247,0.290925,-0.302894,0.249283,-0.197264
0.017452,0.038355,-0.002127,-0.001577,-0.012321,0.002948,0.005054,-0.210628,0.269181,-0.059736,0.303110,-0.336051,0.262677,-0.221061
0.017572,0.039532,-0.002419,-0.000937,-0.013102,0.001686,0.005039,-0.236868,0.271854,-0.060540,0.283690,-0.350374,0.282203,-0.220093
0.017570,0.040733,-0.002355,-0.000068,-0.014262,-0.000396,0.008400,-0.259051,0.285708,-0.074913,0.263391,-0.321246,0.305662,-0.220044
0.017449,0.042039,-0.001925,0.000720,-0.014087,-0.002483,0.019253,-0.284317,0.271416,-0.077309,0.258949,-0.312810,0.329642,-0.239336
0.017230,0.043125,-0.001141,0.001381,-0.012403,-0.004892,0.036033,-0.317780,0.227313,-0.064624,0.261670,-0.332906,0.315496,-0.247660
0.016921,0.044248,-0.000041,0.001757,-0.011710,-0.006354,0.046728,-0.341597,0.182431,-0.052751,0.244418,-0.337459,0.311104,-0.243362
0.016561,0.045175,0.001228,0.002179,-0.010232,-0.007933,0.053635,-0.362012,0.130106,-0.038662,0.191228,-0.343956,0.348718,-0.238652
0.016140,0.046059,0.002767,0.002233,-0.008849,-0.008882,0.055116,-0.382904,0.110220,-0.032893,0.156217,-0.352633,0.376763,-0.237823
0.015740,0.046796,0.004229,0.002231,-0.007878,-0.009128,0.059718,-0.396228,0.069757,-0.016355,0.144370,-0.346435,0.390847,-0.246882
0.015327,0.047461,0.005831,0.001955,-0.006449,-0.009243,0.067691,-0.400400,0.029894,-0.000301,0.140996,-0.341001,0.407195,-0.262381
0.014980,0.047915,0.007259,0.001589,-0.004589,-0.008924,0.061196,-0.400663,0.030985,0.000354,0.125033,-0.343544,0.419029,-0.255507
0.014658,0.048296,0.008640,0.001251,-0.003481,-0.007973,0.054974,-0.394088,0.025225,0.008171,0.111982,-0.341720,0.413746,-0.240300
0.014435,0.048582,0.009677,0.000781,-0.002841,-0.006483,0.058818,-0.377544,-0.006332,0.024709,0.124647,-0.342504,0.414627,-0.253144
0.014334,0.048876,0.010379,-0.000061,-0.002879,-0.004047,0.053811,-0.365231,-0.005982,0.026537,0.129946,-0.348106,0.420561,-0.258630
0.014376,0.049126,0.010608,-0.000922,-0.002860,-0.001429,0.035739,-0.349218,0.034210,0.013176,0.123620,-0.336408,0.409802,-0.235409
0.014551,0.049348,0.010454,-0.001666,-0.002514,0.000885,0.021082,-0.325536,0.093296,-0.008012,0.140554,-0.317905,0.409545,-0.235094
0.014805,0.049368,0.010094,-0.002352,-0.000431,0.002250,0.015039,-0.297529,0.132383,-0.019511,0.179548,-0.324223,0.410164,-0.256688
0.015171,0.049290,0.009409,-0.002863,0.000499,0.003950,0.013103,-0.262461,0.147703,-0.022557,0.225704,-0.326621,0.378776,-0.264612
0.015584,0.049195,0.008540,-0.003316,0.000635,0.005433,0.014173,-0.220933,0.126158,-0.007907,0.252173,-0.312539,0.340111,-0.255143
0.016095,0.049031,0.007401,-0.003679,0.001190,0.006571,0.003261,-0.191713,0.146476,-0.012629,0.257603,-0.308570,0.311789,-0.232017
0.016623,0.048894,0.006173,-0.004030,0.000891,0.007680,-0.016330,-0.178366,0.198011,-0.022247,0.250782,-0.317745,0.285004,-0.196599
0.017229,0.048763,0.004715,-0.004199,0.000590,0.008409,-0.020208,-0.160142,0.208556,-0.019357,0.268267,-0.326817,0.273160,-0.197537
0.017788,0.048628,0.003346,-0.004159,0.000727,0.008559,-0.015041,-0.149913,0.218893,-0.020910,0.296163,-0.333442,0.289344,-0.226788
0.018374,0.048373,0.001949,-0.004106,0.001932,0.008057,-0.019770,-0.142315,0.246539,-0.027974,0.302127,-0.323499,0.282615,-0.219140
0.018879,0.048032,0.000790,-0.003911,0.003268,0.007242,-0.020945,-0.130471,0.251822,-0.029344,0.310032,-0.302368,0.254836,-0.202774
0.019390,0.047656,-0.000384,-0.003671,0.003359,0.006771,-0.012180,-0.117236,0.214186,-0.008926,0.325100,-0.316279,0.238757,-0.207860
0.019796,0.047191,-0.001254,-0.003283,0.004901,0.005440,-0.008524,-0.110223,0.177276,0.012273,0.322131,-0.347052,0.224050,-0.200429
0.020159,0.046541,-0.001912,-0.002919,0.006695,0.003800,-0.017235,-0.117349,0.196043,0.009411,0.295249,-0.338989,0.224425,-0.173875
0.020421,0.045878,-0.002326,-0.002394,0.007583,0.002582,-0.015809,-0.123568,0.166078,0.026651,0.267425,-0.331383,0.240844,-0.164138
0.020607,0.045196,-0.002515,-0.001754,0.007361,0.001091,0.002777,-0.120618,0.088383,0.064232,0.280031,-0.356777,0.245211,-0.188632
0.414143,-0.144176,0.126350,-0.000049,-0.000517,0.000180,0.000000,0.000000,0.000000,0.000000,0.000000,0.000000,0.000000,0.000000
0.414124,-0.144172,0.126314,0.000041,-0.000734,0.000272,0.656809,0.410251,0.225739,1.000000,0.511338,-0.609858,0.067895,-0.449131
0.413998,-0.144043,0.126277,0.001202,-0.001938,0.000210,0.655842,0.407555,0.238061,1.000000,0.511711,-0.608476,0.069311,-0.449023
0.413474,-0.144299,0.125904,0.004218,-0.002742,0.002335,0.458424,0.241798,0.462162,1.000000,0.179591,0.026411,-0.465346,0.150762
0.412019,-0.145581,0.124759,0.010267,-0.002243,0.006606,0.455498,0.232187,0.465243,1.000000,0.177998,0.026457,-0.465588,0.153722
0.408584,-0.148640,0.122116,0.021059,-0.003391,0.013213,0.478883,0.154961,0.450049,1.000000,0.154642,-0.553977,-0.148007,-0.000031
0.403916,-0.152778,0.118467,0.034994,-0.006400,0.022827,0.417904,0.204478,0.493562,1.000000,0.155974,-0.555224,-0.126874,0.007571
0.396453,-0.159179,0.112756,0.051166,-0.009004,0.032935,0.363772,0.294286,0.541567,1.000000,0.201923,-0.165965,-0.009808,-0.057736
0.387007,-0.166586,0.105779,0.069771,-0.014817,0.043595,0.226966,0.387859,0.651390,1.000000,0.245772,-0.147967,0.002582,-0.036747
0.373871,-0.175801,0.096645,0.090057,-0.019998,0.052687,0.024457,0.542797,0.776268,1.000000,0.372090,-0.305127,-0.196491,0.077102
0.359257,-0.184490,0.087444,0.111639,-0.024329,0.057515,-0.151380,0.641870,0.874095,0.850862,0.446440,-0.313102,-0.183559,0.101080
0.341140,-0.192905,0.077530,0.134039,-0.029476,0.057196,-0.311322,0.695159,0.881568,0.448215,0.430934,-0.315498,-0.047061,0.097406
0.322951,-0.198601,0.069471,0.157174,-0.034283,0.050394,-0.441765,0.744088,0.726798,0.073000,0.496780,-0.351021,-0.061993,0.092315
0.302326,-0.201666,0.062445,0.177569,-0.044106,0.040522,-0.536271,0.760686,0.377696,-0.279621,0.603997,-0.358975,-0.151315,0.037324
0.283090,-0.201627,0.057614,0.192079,-0.054790,0.030185,-0.622667,0.682893,-0.076646,-0.603787,0.525922,-0.401455,-0.193099,0.050719
0.263012,-0.198272,0.054547,0.199197,-0.066753,0.017696,-0.713259,0.528593,-0.449556,-0.940778,0.311009,-0.453371,-0.199587,0.152847
0.245656,-0.192442,0.053705,0.200346,-0.077668,0.005259,-0.776436,0.346564,-0.635428,-1.000000,0.116478,-0.474129,-0.089573,0.162360
0.228207,-0.183875,0.054771,0.198893,-0.085120,-0.006152,-0.775955,0.119562,-0.692242,-1.000000,-0.006062,-0.495039,0.111533,0.041319
0.213200,-0.174545,0.057325,0.196137,-0.089212,-0.015958,-0.737000,-0.107402,-0.686107,-1.000000,-0.092628,-0.505404,0.314430,-0.055877
0.197932,-0.163312,0.061458,0.192550,-0.092897,-0.023853,-0.674807,-0.290070,-0.769905,-1.000000,-0.171066,-0.481548,0.470737,-0.128284
0.184675,-0.152329,0.066319,0.187090,-0.094467,-0.030358,-0.592886,-0.431053,-0.922218,-1.000000,-0.204517,-0.474293,0.567160,-0.217711
0.171321,-0.140251,0.072727,0.180055,-0.091537,-0.036977,-0.535168,-0.563238,-1.000000,-1.000000,-0.251743,-0.474490,0.612433,-0.254004
0.160045,-0.129098,0.079788,0.170737,-0.087110,-0.044118,-0.494150,-0.656188,-1.000000,-1.000000,-0.326147,-0.454108,0.629364,-0.235001
0.149025,-0.117298,0.088551,0.159538,-0.080750,-0.050575,-0.424070,-0.728080,-1.000000,-1.000000,-0.381652,-0.469779,0.669327,-0.260545
0.139836,-0.106701,0.097288,0.147004,-0.076921,-0.054587,-0.317605,-0.809138,-1.000000,-0.951878,-0.407706,-0.515802,0.689785,-0.313050
0.130688,-0.095712,0.106972,0.135548,-0.073506,-0.055894,-0.208625,-0.860334,-1.000000,-0.740091,-0.432321,-0.515788,0.668890,-0.338758
0.122707,-0.086422,0.115702,0.125594,-0.067458,-0.054529,-0.123998,-0.901259,-1.000000,-0.572288,-0.475191,-0.486565,0.668641,-0.341224
0.114293,-0.077390,0.124264,0.117565,-0.062669,-0.049417,-0.086356,-0.955520,-1.000000,-0.478083,-0.551793,-0.487506,0.695864,-0.291985
0.106579,-0.070099,0.130791,0.110399,-0.058688,-0.040781,-0.069500,-0.947817,-1.000000,-0.407911,-0.584217,-0.501472,0.709432,-0.262934
0.098114,-0.063324,0.135928,0.105299,-0.055442,-0.029635,-0.069262,-0.915866,-1.000000,-0.396206,-0.561283,-0.502477,0.752179,-0.299469
0.090105,-0.057974,0.138737,0.101944,-0.053362,-0.017556,-0.103313,-0.861120,-1.000000,-0.435424,-0.529254,-0.474158,0.772061,-0.311971
0.081210,-0.053089,0.139575,0.099363,-0.051036,-0.004834,-0.172414,-0.767576,-1.000000,-0.547749,-0.476449,-0.418741,0.759963,-0.302744
0.072876,-0.049296,0.138483,0.097112,-0.048503,0.006829,-0.255854,-0.671969,-1.000000,-0.689167,-0.408500,-0.385699,0.744503,-0.303498
0.063845,-0.045850,0.135605,0.094336,-0.045099,0.016613,-0.347177,-0.561700,-0.899045,-0.840451,-0.322383,-0.376498,0.703419,-0.309357
0.055657,-0.043112,0.131632,0.090606,-0.042040,0.024829,-0.428368,-0.432436,-0.739881,-0.974518,-0.228558,-0.356546,0.661690,-0.321093
0.047128,-0.040305,0.126016,0.085239,-0.041551,0.032385,-0.476695,-0.299671,-0.657759,-1.000000,-0.125235,-0.334562,0.615097,-0.345232
0.039691,-0.037852,0.120101,0.079564,-0.039557,0.036988,-0.500593,-0.170746,-0.609020,-1.000000,-0.009830,-0.311508,0.528346,-0.355378
0.032269,-0.035207,0.113081,0.072279,-0.038582,0.040499,-0.540055,-0.081138,-0.446016,-1.000000,0.061273,-0.275990,0.447710,-0.306845
0.026204,-0.032551,0.106148,0.062953,-0.039867,0.043308,-0.564454,-0.014984,-0.340566,-1.000000,0.089949,-0.267443,0.361717,-0.236250
0.020691,-0.029486,0.098639,0.052056,-0.040375,0.043319,-0.547123,0.028145,-0.265345,-1.000000,0.173076,-0.298322,0.319949,-0.250265
0.016684,-0.026568,0.092193,0.040569,-0.039678,0.040309,-0.519821,0.032968,-0.123548,-1.000000,0.239233,-0.319705,0.323935,-0.284081
0.013540,-0.023436,0.086348,0.029146,-0.037708,0.033705,-0.465641,0.035457,-0.017946,-0.954213,0.279952,-0.288262,0.289061,-0.281596
0.011688,-0.020729,0.082578,0.018744,-0.034143,0.023576,-0.365867,0.029032,-0.013067,-0.762933,0.340791,-0.259515,0.242453,-0.307491
0.010691,-0.018114,0.080706,0.009616,-0.029482,0.010799,-0.253879,-0.021081,-0.077611,-0.523993,0.356168,-0.298078,0.178259,-0.304350
0.010618,-0.015988,0.081038,0.001094,-0.025174,-0.002074,-0.146400,-0.124949,-0.177959,-0.255525,0.273118,-0.359916,0.121130,-0.217017
0.011357,-0.013904,0.083541,-0.006748,-0.021973,-0.014439,-0.033357,-0.281789,-0.317299,0.030224,0.117095,-0.420754,0.167418,-0.149231
0.012642,-0.012075,0.086967,-0.013526,-0.020314,-0.021413,0.079078,-0.460469,-0.419217,0.305638,-0.042700,-0.494102,0.313773,-0.159050
0.014402,-0.010066,0.090884,-0.017717,-0.020354,-0.022591,0.186441,-0.613949,-0.466112,0.549993,-0.174181,-0.516584,0.467285,-0.192419
0.016149,-0.008145,0.094085,-0.019602,-0.021140,-0.020015,0.243152,-0.672969,-0.381579,0.655366,-0.237699,-0.448758,0.599475,-0.216660
0.018059,-0.006127,0.096676,-0.020265,-0.020736,-0.014947,0.237117,-0.668033,-0.201227,0.626052,-0.252231,-0.375636,0.673481,-0.208624
0.019851,-0.004269,0.098202,-0.020992,-0.021088,-0.009538,0.223449,-0.630399,-0.074842,0.586453,-0.181061,-0.351913,0.629937,-0.202516
0.021853,-0.002009,0.098875,-0.021896,-0.024365,-0.003882,0.223434,-0.567941,-0.042004,0.567995,-0.059344,-0.357943,0.558964,-0.243940
0.023762,-0.000034,0.098573,-0.022755,-0.023757,0.001886,0.215182,-0.531819,0.015085,0.539199,-0.008854,-0.368599,0.527314,-0.256484
0.025898,0.002066,0.097119,-0.023478,-0.024283,0.008394,0.183631,-0.528838,0.175927,0.479407,-0.017204,-0.345259,0.499197,-0.209728
0.027958,0.004058,0.094508,-0.024326,-0.026236,0.016307,0.158446,-0.476677,0.273511,0.434380,0.015022,-0.319247,0.490833,-0.211025
0.030282,0.006040,0.090326,-0.024969,-0.025809,0.024121,0.150434,-0.416114,0.354803,0.381934,0.105278,-0.326378,0.511097,-0.281445
0.032513,0.007750,0.085215,-0.025469,-0.026173,0.031958,0.112542,-0.350980,0.521055,0.301425,0.189544,-0.303085,0.477397,-0.291867
0.035046,0.009523,0.078441,-0.026095,-0.027104,0.039081,0.066079,-0.251582,0.668711,0.215414,0.266919,-0.240653,0.408145,-0.272286
0.037465,0.010967,0.071450,-0.026413,-0.026376,0.043690,0.037098,-0.153469,0.768685,0.142009,0.372266,-0.229796,0.343872,-0.287672
0.040113,0.012371,0.063584,-0.026258,-0.025648,0.045407,0.005804,-0.063416,0.873192,0.084238,0.478440,-0.250734,0.247349,-0.284232
0.042463,0.013452,0.056590,-0.024825,-0.023367,0.043658,-0.018067,0.017320,0.928112,0.049226,0.543287,-0.238595,0.153392,-0.259879
0.044666,0.014412,0.050108,-0.021305,-0.020092,0.037403,-0.023357,0.064922,0.928415,0.039346,0.576688,-0.231870,0.096327,-0.243571
0.046177,0.015230,0.045552,-0.015587,-0.017370,0.028490,-0.019484,0.081136,0.853054,0.063550,0.579781,-0.263827,0.039649,-0.215281
0.047001,0.016100,0.042512,-0.007476,-0.014411,0.017534,0.002873,0.051643,0.684195,0.118992,0.545376,-0.302822,-0.008893,-0.179097
0.046882,0.017012,0.041458,0.002046,-0.012721,0.006588,0.028645,-0.030487,0.473687,0.170286,0.455096,-0.340954,-0.000397,-0.141192
0.045825,0.018078,0.041793,0.011414,-0.011167,-0.001930,0.045173,-0.153160,0.236733,0.200883,0.302547,-0.392435,0.057380,-0.092802
0.044116,0.019067,0.043184,0.019379,-0.009385,-0.008689,0.053946,-0.295549,0.008667,0.194835,0.143875,-0.434872,0.146980,-0.070819
0.041724,0.020284,0.045446,0.024799,-0.009936,-0.013055,0.043276,-0.408991,-0.160597,0.136150,0.008408,-0.451590,0.286665,-0.100190
0.039229,0.021362,0.047926,0.027827,-0.008972,-0.015509,0.023834,-0.480250,-0.295368,0.058638,-0.098323,-0.453562,0.436002,-0.156543
0.036386,0.022345,0.050789,0.029116,-0.006944,-0.016520,0.010906,-0.525397,-0.383090,-0.009443,-0.133351,-0.427204,0.524571,-0.215604
0.033739,0.023254,0.053270,0.029377,-0.007441,-0.015480,0.002871,-0.523259,-0.468629,-0.038455,-0.123267,-0.390249,0.556627,-0.259371
0.030921,0.024330,0.055572,0.029133,-0.009153,-0.013294,-0.006349,-0.493630,-0.543404,-0.048481,-0.113760,-0.385308,0.558550,-0.274823
0.028396,0.025235,0.057281,0.028516,-0.008806,-0.010682,-0.035145,-0.482211,-0.515261,-0.082424,-0.121536,-0.386122,0.537240,-0.244891
0.025763,0.026380,0.058641,0.027730,-0.011245,-0.007848,-0.067810,-0.488819,-0.444971,-0.129454,-0.136069,-0.369355,0.520127,-0.211181
0.023445,0.027377,0.059423,0.026843,-0.011130,-0.004885,-0.074565,-0.472340,-0.435991,-0.150384,-0.111121,-0.379600,0.540743,-0.244547
0.021072,0.028309,0.059703,0.025795,-0.010006,-0.001618,-0.074591,-0.474598,-0.390466,-0.187089,-0.070238,-0.397120,0.573796,-0.296874
0.018933,0.029382,0.059732,0.025442,-0.012757,-0.000179,-0.093667,-0.440954,-0.343864,-0.226336,-0.047129,-0.362808,0.557664,-0.289838
0.016764,0.030552,0.059180,0.024388,-0.013214,0.003183,-0.107427,-0.381363,-0.315390,-0.268061,-0.009356,-0.318977,0.542985,-0.296448
0.014961,0.031575,0.057977,0.022855,-0.012943,0.007525,-0.109377,-0.396089,-0.288461,-0.288692,0.018055,-0.334534,0.502135,-0.291264
0.013224,0.032612,0.055969,0.021263,-0.012432,0.011577,-0.130140,-0.362801,-0.240816,-0.316089,0.058049,-0.340116,0.426609,-0.263197
0.011810,0.033498,0.053526,0.019809,-0.011777,0.015278,-0.159388,-0.311263,-0.126811,-0.385288,0.069544,-0.330918,0.484095,-0.289251
0.010516,0.034613,0.050172,0.018083,-0.013628,0.019337,-0.181294,-0.266704,-0.043985,-0.426922,0.088745,-0.340117,0.507518,-0.301900
0.009535,0.035812,0.046548,0.016378,-0.015733,0.022667,-0.174773,-0.196043,-0.039201,-0.430154,0.202023,-0.293974,0.421743,-0.323375
0.008578,0.037206,0.042604,0.015376,-0.016651,0.022750,-0.182460,-0.154442,0.056980,-0.466266,0.280834,-0.243861,0.379080,-0.336440
0.007795,0.038559,0.039066,0.014235,-0.017267,0.022107,-0.216933,-0.130510,0.200115,-0.510687,0.270561,-0.258986,0.307411,-0.253366
0.007110,0.040208,0.035252,0.012604,-0.019185,0.022008,-0.200825,-0.120685,0.190731,-0.490235,0.299251,-0.287366,0.223534,-0.222679
0.006653,0.041803,0.031756,0.010694,-0.019945,0.021855,-0.162200,-0.138814,0.133697,-0.453393,0.348489,-0.322907,0.245455,-0.291468
0.006287,0.043625,0.028238,0.009094,-0.020856,0.020295,-0.167786,-0.170940,0.221381,-0.471600,0.307367,-0.332029,0.289447,-0.278984
0.006080,0.045386,0.025264,0.007308,-0.021675,0.018573,-0.177480,-0.174604,0.329381,-0.487630,0.268885,-0.275438,0.299039,-0.234853
0.006041,0.047321,0.022294,0.005082,-0.021909,0.017136,-0.135752,-0.191522,0.307422,-0.450220,0.322172,-0.261818,0.314399,-0.295858
0.006094,0.048968,0.020023,0.003381,-0.020140,0.014196,-0.094319,-0.211389,0.266072,-0.393653,0.381669,-0.304448,0.280460,-0.334137
0.006232,0.050627,0.018056,0.001813,-0.018663,0.011355,-0.085656,-0.223164,0.320446,-0.368361,0.353185,-0.291451,0.251369,-0.285417
0.006396,0.052016,0.016744,0.000526,-0.016837,0.008197,-0.070602,-0.248536,0.315320,-0.325521,0.279789,-0.279319,0.276150,-0.243587
0.006570,0.053393,0.015923,-0.000432,-0.015323,0.004738,-0.033262,-0.276374,0.246478,-0.258575,0.283070,-0.321358,0.286047,-0.267650
0.006698,0.054662,0.015681,-0.001048,-0.015154,0.001508,-0.001812,-0.307071,0.190725,-0.193449,0.288288,-0.344510,0.299533,-0.294096
0.006725,0.056096,0.016088,-0.001057,-0.015669,-0.002347,0.014661,-0.347791,0.171802,-0.148695,0.225781,-0.323066,0.327390,-0.268571
0.006650,0.057530,0.016997,-0.001013,-0.016849,-0.005680,0.028498,-0.396644,0.168560,-0.116164,0.167060,-0.310350,0.351508,-0.240964
0.006555,0.059098,0.018215,-0.001376,-0.016955,-0.007027,0.056107,-0.458512,0.121946,-0.072869,0.147124,-0.338663,0.370732,-0.253580
0.006490,0.060507,0.019380,-0.001804,-0.016495,-0.007285,0.083536,-0.517941,0.084280,-0.042450,0.131006,-0.361701,0.401273,-0.277279
0.006462,0.061980,0.020588,-0.002215,-0.015916,-0.006963,0.084136,-0.543146,0.117267,-0.054029,0.086538,-0.344099,0.466158,-0.285697
0.006529,0.063184,0.021499,-0.002914,-0.014111,-0.005696,0.077131,-0.543608,0.159146,-0.077339,0.058149,-0.319742,0.518942,-0.295000
0.006755,0.064276,0.022164,-0.003938,-0.011861,-0.003836,0.086691,-0.530842,0.141795,-0.071472,0.100284,-0.311043,0.507266,-0.322154
0.007154,0.065030,0.022429,-0.005380,-0.008909,-0.001659,0.091781,-0.495298,0.116512,-0.057369,0.153167,-0.306306,0.473752,-0.340783
0.007824,0.065582,0.022262,-0.006997,-0.006105,0.000962,0.075912,-0.456441,0.147871,-0.059582,0.148785,-0.305002,0.454889,-0.316009
0.008667,0.065922,0.021593,-0.008388,-0.004241,0.004179,0.058366,-0.410922,0.182101,-0.049589,0.140785,-0.305654,0.429111,-0.280442
0.009842,0.066300,0.020237,-0.009826,-0.004572,0.007827,0.056015,-0.362043,0.190852,-0.026999,0.180191,-0.305690,0.413510,-0.291226
0.011197,0.066865,0.018319,-0.011369,-0.007436,0.011979,0.046030,-0.316891,0.231135,-0.022734,0.221262,-0.303611,0.402892,-0.300276
0.012824,0.067496,0.015901,-0.012308,-0.007893,0.013959,0.021356,-0.282359,0.344716,-0.046436,0.242888,-0.280184,0.371953,-0.269746
0.014421,0.067937,0.013516,-0.012993,-0.006420,0.014905,0.000749,-0.261222,0.492063,-0.085386,0.281602,-0.251316,0.342085,-0.252535
0.016274,0.068346,0.010742,-0.013861,-0.005904,0.016002,0.012513,-0.234553,0.502645,-0.073380,0.343768,-0.271441,0.307319,-0.273653
0.017972,0.068613,0.008268,-0.013889,-0.004702,0.015454,0.035437,-0.192381,0.440137,-0.042070,0.405706,-0.302396,0.259309,-0.297056
0.019664,0.068682,0.005979,-0.013195,-0.002209,0.013221,0.027483,-0.169557,0.490598,-0.044132,0.397987,-0.283875,0.241490,-0.268510
0.020977,0.068613,0.004370,-0.011489,-0.000369,0.010048,0.013228,-0.168481,0.522037,-0.036567,0.347764,-0.263056,0.219716,-0.206622
0.021958,0.068435,0.003494,-0.008711,0.001319,0.005060,0.037192,-0.164895,0.413186,0.019083,0.366670,-0.295474,0.181917,-0.210867
0.022431,0.068104,0.003462,-0.005552,0.003913,0.000195,0.062122,-0.185910,0.293368,0.065096,0.372783,-0.346538,0.185878,-0.235992
0.022476,0.067677,0.004280,-0.002412,0.005330,-0.004719,0.063948,-0.244198,0.208763,0.091900,0.273411,-0.357400,0.201697,-0.180474
0.022192,0.067147,0.005603,0.000024,0.007409,-0.008265,0.063370,-0.288841,0.109388,0.106943,0.178792,-0.342950,0.230473,-0.139151
0.021646,0.066441,0.007472,0.001672,0.009181,-0.010785,0.078733,-0.344848,-0.005126,0.126619,0.128616,-0.377102,0.304995,-0.175368
0.021001,0.065675,0.009477,0.002689,0.010719,-0.012534,0.081908,-0.372881,-0.096001,0.144251,0.094699,-0.413979,0.353057,-0.200439
0.020255,0.064774,0.011718,0.003111,0.011511,-0.012920,0.074697,-0.382727,-0.136784,0.136643,0.051553,-0.379912,0.401139,-0.204688
0.019609,0.063871,0.013633,0.003048,0.012191,-0.011975,0.069808,-0.389673,-0.174956,0.138938,0.016905,-0.349769,0.435872,-0.203943
0.019020,0.062941,0.015353,0.002672,0.011368,-0.009923,0.066201,-0.380525,-0.207414,0.150116,0.031744,-0.364328,0.423714,-0.209485
0.018586,0.062242,0.016565,0.002314,0.009175,-0.007573,0.052126,-0.359542,-0.194893,0.143739,0.047204,-0.374586,0.421099,-0.213258
0.018253,0.061685,0.017382,0.001899,0.006648,-0.004716,0.030261,-0.351065,-0.129615,0.111812,0.034055,-0.359752,0.439165,-0.201690
0.018099,0.061280,0.017610,0.001313,0.004978,-0.001423,0.017791,-0.349792,-0.065398,0.081019,0.048471,-0.340136,0.437711,-0.200022
0.018063,0.060829,0.017395,0.000845,0.004815,0.001241,0.014835,-0.336660,-0.012484,0.050674,0.105628,-0.333682,0.430873,-0.232151
0.018137,0.060426,0.016820,0.000431,0.004411,0.003595,0.003947,-0.305990,0.054268,0.010348,0.151308,-0.334713,0.429622,-0.255431
0.018338,0.059985,0.015798,-0.000081,0.004205,0.005894,-0.007227,-0.264170,0.089492,-0.017805,0.178495,-0.323746,0.404238,-0.249271
0.018648,0.059754,0.014467,-0.000709,0.001830,0.008319,-0.009448,-0.229295,0.101141,-0.031236,0.219723,-0.304890,0.359953,-0.247275
0.019163,0.059694,0.012511,-0.001628,-0.000611,0.011279,-0.018848,-0.199256,0.129102,-0.041896,0.250556,-0.305079,0.321412,-0.239706
0.019769,0.059729,0.010356,-0.002405,-0.001981,0.013468,-0.039019,-0.191487,0.223635,-0.076646,0.255161,-0.310134,0.298651,-0.214217
0.020475,0.059749,0.007896,-0.002696,-0.001918,0.014198,-0.057288,-0.178084,0.334864,-0.117005,0.271315,-0.300789,0.298480,-0.207349
0.021125,0.059778,0.005634,-0.002679,-0.002097,0.014135,-0.051097,-0.155142,0.371948,-0.134619,0.321804,-0.299547,0.309855,-0.248960
0.021745,0.059858,0.003409,-0.002238,-0.002516,0.012841,-0.032516,-0.127986,0.335892,-0.122269,0.380771,-0.303167,0.276957,-0.278009
0.022296,0.059919,0.001418,-0.002101,-0.002359,0.012438,-0.028174,-0.115606,0.325474,-0.115896,0.394907,-0.282375,0.218368,-0.250868
0.022912,0.060182,-0.000829,-0.002123,-0.004639,0.012969,-0.034679,-0.131896,0.334806,-0.113092,0.352302,-0.278255,0.183882,-0.192951
0.023386,0.060397,-0.002696,-0.001446,-0.004169,0.011667,-0.042576,-0.135921,0.349390,-0.116615,0.328951,-0.315192,0.189800,-0.176491
0.023732,0.060570,-0.004346,-0.000368,-0.003243,0.009521,-0.048191,-0.154215,0.419948,-0.148220,0.332478,-0.337864,0.249171,-0.212414
0.023831,0.060705,-0.005352,0.001097,-0.002503,0.006286,-0.033833,-0.164652,0.377507,-0.136785,0.338319,-0.321114,0.270460,-0.237688
0.023700,0.060744,-0.005850,0.002481,-0.000840,0.002871,-0.002265,-0.162534,0.268980,-0.108250,0.371179,-0.291394,0.243646,-0.262534
0.023367,0.060763,-0.005821,0.003900,-0.000194,-0.000181,0.005820,-0.189629,0.205177,-0.085579,0.341049,-0.303057,0.219967,-0.234342
0.022795,0.060680,-0.005270,0.005123,0.001355,-0.003178,-0.004355,-0.217345,0.159541,-0.066695,0.261142,-0.337422,0.193685,-0.162549
0.022109,0.060566,-0.004415,0.006235,0.002077,-0.005347,-0.000447,-0.259010,0.109827,-0.057704,0.205537,-0.363467,0.244726,-0.164834
0.021240,0.060333,-0.003169,0.006944,0.003507,-0.007185,0.015839,-0.298994,0.024628,-0.031475,0.169235,-0.389275,0.325756,-0.209518
0.020351,0.060086,-0.001793,0.007465,0.004029,-0.008598,0.024205,-0.320087,-0.023972,-0.027174,0.153199,-0.371102,0.365623,-0.234623
0.019390,0.059904,-0.000286,0.007438,0.003049,-0.008700,0.020560,-0.326599,-0.048278,-0.027312,0.128447,-0.330891,0.387195,-0.230102
0.018509,0.059853,0.001120,0.007329,0.001623,-0.008781,0.018970,-0.333796,-0.077993,-0.020616,0.114226,-0.334407,0.381333,-0.219140
0.017602,0.059919,0.002535,0.007045,0.000174,-0.008167,0.014835,-0.344247,-0.068027,-0.021682,0.121205,-0.357037,0.371021,-0.217675
0.016900,0.060265,0.003464,0.006273,-0.003506,-0.005802,0.010918,-0.367670,-0.043203,-0.031874,0.103942,-0.359684,0.393218,-0.219550
0.016307,0.060803,0.004038,0.005328,-0.005584,-0.003317,0.011181,-0.381289,-0.018839,-0.049545,0.095273,-0.348258,0.422370,-0.231359
0.015894,0.061281,0.004306,0.004300,-0.005524,-0.001670,0.001692,-0.389197,0.086299,-0.101130,0.118007,-0.325822,0.454870,-0.258646
0.015623,0.061929,0.004154,0.003306,-0.007209,0.000874,-0.009175,-0.375420,0.169126,-0.140403,0.150432,-0.308033,0.458603,-0.275528
0.015448,0.062507,0.003837,0.002817,-0.007068,0.001981,0.006675,-0.337205,0.148580,-0.134495,0.214010,-0.304123,0.422634,-0.303377
0.015335,0.063048,0.003312,0.002374,-0.006224,0.003033,0.007619,-0.315339,0.188850,-0.152550,0.260257,-0.296360,0.389026,-0.311147
0.015281,0.063466,0.002704,0.002075,-0.005321,0.003794,-0.009471,-0.305056,0.225547,-0.163139,0.236815,-0.290133,0.343243,-0.256034
0.015295,0.063766,0.001884,0.001642,-0.003741,0.004731,-0.010774,-0.281794,0.216981,-0.162164,0.243327,-0.298089,0.312577,-0.241249
0.015339,0.063989,0.001084,0.001382,-0.003113,0.005003,-0.007426,-0.270675,0.203944,-0.157821,0.260479,-0.328361,0.336612,-0.271880
0.015412,0.064172,0.000181,0.001194,-0.002493,0.005207,-0.016366,-0.249012,0.210898,-0.157712,0.258817,-0.329836,0.334854,-0.265113
0.015487,0.064317,-0.000642,0.001084,-0.002203,0.005147,-0.018685,-0.238087,0.219106,-0.157218,0.260597,-0.290343,0.321504,-0.252180
0.015580,0.064409,-0.001496,0.000865,-0.001470,0.004931,-0.017180,-0.230759,0.210953,-0.146291,0.274047,-0.287450,0.306050,-0.250068
0.015668,0.064439,-0.002228,0.000723,-0.000777,0.004568,-0.018416,-0.225868,0.208649,-0.137727,0.282999,-0.319500,0.282999,-0.241233
0.015752,0.064661,-0.002989,0.000762,-0.002860,0.004391,-0.019931,-0.221981,0.209342,-0.130225,0.274993,-0.327842,0.280590,-0.230517
0.015803,0.065110,-0.003614,0.000906,-0.005705,0.003906,-0.016447,-0.224362,0.199260,-0.123319,0.260835,-0.318696,0.301801,-0.233328
0.015840,0.065706,-0.004230,0.000979,-0.006898,0.003557,-0.015272,-0.250377,0.232381,-0.133678,0.259056,-0.311360,0.308773,-0.234770
0.015893,0.066319,-0.004808,0.000786,-0.007626,0.003608,-0.014716,-0.284567,0.275550,-0.145973,0.259956,-0.303565,0.301226,-0.229014
0.015911,0.066939,-0.005295,0.000924,-0.007087,0.002810,-0.006452,-0.294471,0.281459,-0.154649,0.267267,-0.309355,0.316298,-0.247609
0.015863,0.067496,-0.005553,0.001219,-0.006785,0.001612,0.000911,-0.294567,0.291466,-0.166164,0.273387,-0.323296,0.347727,-0.274540
0.015591,0.068160,-0.005245,0.002272,-0.007129,-0.001774,0.007872,-0.294762,0.265416,-0.158683,0.271429,-0.313697,0.338352,-0.272871
0.015176,0.068817,-0.004505,0.003051,-0.007399,-0.004624,0.020379,-0.301957,0.219479,-0.142003,0.275454,-0.290635,0.309238,-0.266832
0.014661,0.069536,-0.003523,0.003323,-0.007382,-0.005666,0.037509,-0.352288,0.145949,-0.108749,0.239456,-0.312418,0.293704,-0.246354
0.014162,0.070213,-0.002565,0.003451,-0.007544,-0.005989,0.044011,-0.398162,0.103284,-0.087043,0.187832,-0.350335,0.293085,-0.218426
0.013576,0.070974,-0.001426,0.003678,-0.007808,-0.006571,0.034013,-0.425144,0.137336,-0.109966,0.131986,-0.356161,0.378784,-0.231881
0.013047,0.071687,-0.000404,0.003578,-0.007972,-0.006386,0.029769,-0.443868,0.165913,-0.133879,0.102660,-0.343256,0.463209,-0.266440
0.012580,0.072438,0.000479,0.002950,-0.007866,-0.005094,0.049642,-0.447509,0.118849,-0.124654,0.149492,-0.314680,0.457746,-0.307711
0.012297,0.073213,0.000987,0.001990,-0.008981,-0.003177,0.058158,-0.436759,0.098994,-0.122504,0.193832,-0.290089,0.431111,-0.325956
0.012220,0.074083,0.001058,0.000672,-0.009542,-0.000408,0.033602,-0.420208,0.165604,-0.147442,0.169327,-0.296475,0.414923,-0.284756
0.012324,0.074884,0.000762,-0.000422,-0.009662,0.001847,0.013189,-0.411617,0.250232,-0.173388,0.155310,-0.305264,0.401595,-0.253054
0.012673,0.075885,-0.000054,-0.001723,-0.011347,0.004708,0.016952,-0.391858,0.286720,-0.180683,0.205661,-0.301491,0.416474,-0.296188
0.013110,0.076827,-0.000975,-0.002590,-0.011658,0.005758,0.025510,-0.367754,0.299891,-0.184353,0.254389,-0.296913,0.427332,-0.337703
0.013746,0.077843,-0.002224,-0.003678,-0.011738,0.007203,0.012409,-0.345263,0.392647,-0.212475,0.280227,-0.265656,0.389186,-0.315555
0.014365,0.078597,-0.003325,-0.004156,-0.009533,0.006875,0.008382,-0.331593,0.427835,-0.211043,0.289821,-0.244200,0.337572,-0.282978
0.015001,0.079411,-0.004299,-0.004364,-0.009449,0.005623,0.018606,-0.309901,0.427155,-0.198308,0.329341,-0.272553,0.305378,-0.293155
0.015525,0.080065,-0.004977,-0.004213,-0.008163,0.004239,0.027218,-0.294356,0.386583,-0.169470,0.332296,-0.312763,0.299860,-0.295354
0.015972,0.080707,-0.005393,-0.003770,-0.007272,0.002399,0.037020,-0.313441,0.366833,-0.146236,0.305150,-0.300979,0.284925,-0.269417
0.016085,0.081294,-0.005099,-0.002230,-0.006817,-0.001835,0.041201,-0.328997,0.343908,-0.124660,0.278597,-0.277627,0.287133,-0.252586
0.015959,0.081696,-0.004229,-0.001062,-0.003940,-0.005023,0.047867,-0.349131,0.315710,-0.109128,0.255571,-0.305630,0.310347,-0.256517
0.015697,0.082075,-0.003112,-0.000285,-0.003849,-0.006980,0.070624,-0.401984,0.216007,-0.065579,0.224730,-0.345075,0.306252,-0.249539
0.015289,0.082437,-0.001660,0.000362,-0.003203,-0.008376,0.089878,-0.418740,0.100650,-0.025934,0.199490,-0.339840,0.317570,-0.255346
0.014890,0.082672,-0.000293,0.000530,-0.002025,-0.008536,0.081378,-0.455611,0.122556,-0.044838,0.128221,-0.330139,0.402470,-0.258997
0.014460,0.082627,0.001224,0.000399,0.001268,-0.008762,0.063098,-0.478969,0.142194,-0.052178,0.074309,-0.334730,0.423545,-0.230475
0.014168,0.082386,0.002455,-0.000330,0.003519,-0.007681,0.075636,-0.460428,0.094887,-0.043717,0.124183,-0.322510,0.429696,-0.278885
0.014025,0.082033,0.003459,-0.001291,0.004373,-0.005798,0.090038,-0.432191,0.017645,-0.014482,0.150514,-0.333755,0.463340,-0.328296
0.014074,0.081771,0.003996,-0.002223,0.003404,-0.003359,0.071469,-0.395975,0.031116,-0.009507,0.137155,-0.328144,0.425907,-0.283968
0.014273,0.081517,0.004266,-0.002949,0.002921,-0.001558,0.042399,-0.368231,0.103625,-0.024370,0.127065,-0.285086,0.390329,-0.233269
0.014685,0.081415,0.004013,-0.004134,0.001074,0.001583,0.032890,-0.363660,0.161473,-0.032614,0.146302,-0.294869,0.394774,-0.240726
0.015309,0.081116,0.003351,-0.005002,0.002950,0.003820,0.039395,-0.350242,0.165693,-0.019488,0.193313,-0.340040,0.381164,-0.265096
0.016032,0.080664,0.002415,-0.005771,0.004849,0.005858,0.031779,-0.326840,0.252839,-0.052285,0.230466,-0.315181,0.387826,-0.281491
0.016951,0.079983,0.001118,-0.006491,0.006750,0.007481,0.017089,-0.281929,0.294501,-0.069131,0.228542,-0.276448,0.396116,-0.270546
0.017994,0.079338,-0.000468,-0.007669,0.006667,0.009911,0.021149,-0.222004,0.268163,-0.056091,0.286091,-0.281134,0.337248,-0.274342
0.019187,0.078495,-0.002280,-0.008149,0.008117,0.010456,0.020292,-0.173890,0.252527,-0.030537,0.343659,-0.294654,0.270785,-0.271120
0.020296,0.077677,-0.003999,-0.008148,0.008489,0.010730,-0.004300,-0.147870,0.340576,-0.042056,0.331995,-0.285523,0.239970,-0.222065
-0.460471,0.287419,-0.907489,-0.000081,-0.000424,-0.000042,0.000000,0.000000,0.000000,0.000000,0.000000,0.000000,0.000000,0.000000
-0.460476,0.287444,-0.907474,-0.000111,-0.000660,-0.000111,-1.000000,0.102822,1.000000,-1.000000,0.520454,0.213227,1.000000,0.149585
-0.460611,0.287379,-0.907353,0.000282,-0.001212,-0.000699,-1.000000,0.100440,1.000000,-1.000000,0.520135,0.213547,1.000000,0.149855
-0.461262,0.286598,-0.906748,0.001260,-0.001121,-0.003781,-0.946466,0.446297,1.000000,-1.000000,1.000000,-0.024882,0.721875,-0.484506
-0.463441,0.283363,-0.904573,0.002544,0.000841,-0.012546,-0.945482,0.440583,1.000000,-1.000000,1.000000,-0.026384,0.722891,-0.483787
-0.467860,0.276028,-0.899889,0.003556,0.005757,-0.029278,-0.897579,0.417641,1.000000,-1.000000,1.000000,0.256492,0.515239,-0.144189
-0.476157,0.260825,-0.890442,0.003434,0.013183,-0.054511,-0.873426,0.395624,1.000000,-1.000000,1.000000,0.237305,0.508166,-0.139484
-0.487200,0.237991,-0.876554,0.001428,0.021617,-0.086759,-0.819746,0.243315,1.000000,-1.000000,1.000000,0.035588,0.498348,-0.181257
-0.502051,0.201221,-0.854794,-0.002944,0.032253,-0.125536,-0.730047,0.182163,1.000000,-1.000000,1.000000,-0.033603,0.463871,-0.170484
-0.514016,0.163508,-0.833003,-0.008907,0.041415,-0.163510,-0.608855,0.121748,1.000000,-1.000000,1.000000,-0.100438,0.535461,-0.220046
-0.528692,0.091262,-0.792262,-0.018946,0.050444,-0.203633,-0.408172,0.005706,0.679293,-1.000000,0.898763,-0.231451,0.452149,-0.211272
-0.533427,0.021609,-0.753521,-0.028978,0.057023,-0.242080,-0.162946,-0.110004,-0.267239,-1.000000,0.791716,-0.332127,0.264737,-0.178806
-0.527378,-0.060208,-0.707672,-0.039875,0.055251,-0.264660,0.105348,-0.218713,-1.000000,-1.000000,0.567417,-0.504657,0.202781,-0.148822
-0.509842,-0.135887,-0.663924,-0.051380,0.047549,-0.273534,0.288031,-0.294989,-1.000000,-0.744688,0.201748,-0.734166,0.211507,0.011357
-0.478086,-0.213667,-0.616281,-0.063638,0.035970,-0.274810,0.338838,-0.272392,-1.000000,-0.296263,-0.076447,-0.786925,0.255851,0.074655
-0.438159,-0.279065,-0.572576,-0.073564,0.023455,-0.273044,0.466388,-0.327800,-1.000000,0.072507,-0.141949,-0.782353,0.407851,-0.066892
-0.385361,-0.340801,-0.525745,-0.078639,0.005713,-0.270176,0.604848,-0.351750,-1.000000,0.564707,-0.169706,-0.828809,0.501758,-0.076458
-0.330423,-0.388011,-0.483602,-0.078309,-0.008092,-0.263490,0.722366,-0.351847,-1.000000,0.988754,-0.204606,-0.826664,0.484831,-0.005313
-0.267328,-0.427892,-0.439844,-0.074798,-0.019093,-0.252420,0.801870,-0.388310,-1.000000,1.000000,-0.222528,-0.816461,0.436029,0.055868
-0.208403,-0.454374,-0.401709,-0.069826,-0.028583,-0.238281,0.811615,-0.392497,-1.000000,1.000000,-0.253037,-0.820928,0.402855,0.101443
-0.146675,-0.472622,-0.363432,-0.062818,-0.038150,-0.220829,0.827668,-0.320276,-1.000000,1.000000,-0.246180,-0.833762,0.378745,0.063651
-0.094016,-0.481057,-0.331438,-0.053515,-0.046399,-0.200011,0.823765,-0.258112,-1.000000,1.000000,-0.227804,-0.818722,0.384765,0.022449
-0.043989,-0.482940,-0.301005,-0.040379,-0.053779,-0.175537,0.794615,-0.197154,-1.000000,1.000000,-0.218402,-0.755972,0.342308,0.026230
-0.005328,-0.479749,-0.276953,-0.024721,-0.061109,-0.150301,0.725880,-0.114485,-1.000000,1.000000,-0.185235,-0.687109,0.314230,0.030858
0.020853,-0.474736,-0.259994,-0.008949,-0.065956,-0.127221,0.608122,-0.010439,-1.000000,1.000000,-0.154487,-0.646434,0.319582,0.037185
0.049810,-0.465139,-0.239758,0.011060,-0.069663,-0.101205,0.449463,0.105458,-0.962690,1.000000,-0.104806,-0.608771,0.332761,0.051102
0.065570,-0.455958,-0.226910,0.032610,-0.074618,-0.074097,0.276290,0.230328,-0.588232,1.000000,-0.029941,-0.566006,0.357347,0.057731
0.072605,-0.447658,-0.218959,0.051597,-0.077640,-0.049702,0.067569,0.382861,-0.183435,0.894302,0.072332,-0.521232,0.391806,0.059598
0.073480,-0.439111,-0.213870,0.068917,-0.080527,-0.029355,-0.151222,0.588115,0.207813,0.376766,0.264394,-0.449747,0.437005,0.066323
0.069874,-0.431673,-0.211432,0.082968,-0.081719,-0.015246,-0.337698,0.801318,0.453666,-0.106802,0.509979,-0.385089,0.420684,0.042828
0.063334,-0.423946,-0.210089,0.091835,-0.081593,-0.007746,-0.455184,0.982875,0.339379,-0.509905,0.825514,-0.341135,0.151275,-0.018768
0.056889,-0.416725,-0.208844,0.096516,-0.083018,-0.007784,-0.525569,1.000000,0.165427,-0.765319,0.962983,-0.275124,-0.122723,-0.023116
0.051167,-0.408504,-0.206274,0.099776,-0.085106,-0.014819,-0.590275,1.000000,0.010150,-0.900111,0.820399,-0.291937,-0.235303,0.115060
0.048053,-0.400308,-0.201906,0.103739,-0.088747,-0.027297,-0.630527,0.960186,-0.093305,-0.998251,0.639582,-0.398520,-0.171142,0.194847
0.047664,-0.390698,-0.194385,0.108061,-0.091902,-0.043392,-0.596410,0.814802,-0.236971,-0.975666,0.564294,-0.473454,-0.080011,0.154121
0.049999,-0.381165,-0.184806,0.111991,-0.094383,-0.059919,-0.521131,0.656803,-0.439760,-0.897826,0.549009,-0.470036,-0.040388,0.072219
0.055266,-0.369970,-0.171627,0.114979,-0.096665,-0.076008,-0.457105,0.503143,-0.662039,-0.838621,0.462374,-0.490692,-0.004448,0.052671
0.062095,-0.358963,-0.157292,0.116310,-0.096934,-0.089583,-0.402557,0.336682,-0.871187,-0.759128,0.301161,-0.553370,0.015174,0.101943
0.071186,-0.346267,-0.139870,0.114849,-0.096268,-0.100495,-0.330819,0.124854,-1.000000,-0.634049,0.138659,-0.606676,0.073206,0.100004
0.080229,-0.333990,-0.122910,0.110660,-0.095157,-0.105981,-0.257760,-0.085149,-1.000000,-0.498150,-0.014671,-0.648288,0.222793,0.028936
0.089510,-0.320504,-0.104765,0.105680,-0.092007,-0.104682,-0.158211,-0.287909,-1.000000,-0.305781,-0.172390,-0.669363,0.402892,-0.050268
0.096863,-0.308096,-0.088999,0.100079,-0.090289,-0.098549,-0.048196,-0.440500,-1.000000,-0.100392,-0.267843,-0.643971,0.546782,-0.122492
0.102945,-0.294933,-0.073610,0.095537,-0.089236,-0.088777,0.007329,-0.504736,-1.000000,0.014758,-0.321860,-0.596479,0.669417,-0.168957
0.106283,-0.283506,-0.061597,0.091848,-0.087294,-0.075071,0.006304,-0.503777,-1.000000,0.031748,-0.335656,-0.551312,0.731803,-0.165525
0.107462,-0.271910,-0.051105,0.089135,-0.087284,-0.060563,-0.025336,-0.467000,-1.000000,-0.004501,-0.288646,-0.502347,0.724978,-0.156806
0.106492,-0.261648,-0.043669,0.086804,-0.091410,-0.046474,-0.092130,-0.376984,-0.795579,-0.103242,-0.201076,-0.466550,0.711224,-0.175375
0.103271,-0.250962,-0.038083,0.085661,-0.096428,-0.032224,-0.178078,-0.293523,-0.505104,-0.248339,-0.128165,-0.448059,0.703050,-0.186345
0.098595,-0.241340,-0.034948,0.085056,-0.102327,-0.019598,-0.230544,-0.229864,-0.252180,-0.397033,0.000998,-0.402648,0.656737,-0.208788
0.092159,-0.231138,-0.033252,0.084797,-0.106242,-0.009782,-0.270989,-0.155086,-0.037975,-0.572742,0.171803,-0.345102,0.613279,-0.273216
0.085574,-0.221818,-0.032598,0.084048,-0.108699,-0.004084,-0.321600,-0.082910,0.174291,-0.766856,0.305350,-0.316453,0.541913,-0.302755
0.078364,-0.211990,-0.032215,0.082162,-0.106868,-0.002210,-0.356619,-0.012800,0.284275,-0.909174,0.405701,-0.283794,0.397777,-0.282383
0.072219,-0.203074,-0.031455,0.079252,-0.104005,-0.004756,-0.348473,0.021688,0.276232,-0.954565,0.477413,-0.263714,0.275310,-0.284998
0.066602,-0.193680,-0.029495,0.075424,-0.098267,-0.011302,-0.335560,0.026425,0.199641,-0.939161,0.471952,-0.306179,0.206452,-0.267078
0.062611,-0.185415,-0.026252,0.070991,-0.090227,-0.020277,-0.312668,-0.015880,0.105556,-0.878990,0.396407,-0.358888,0.175381,-0.211467
0.059566,-0.176922,-0.021105,0.066266,-0.081884,-0.029673,-0.258336,-0.097176,-0.074082,-0.745981,0.307528,-0.396940,0.198112,-0.190413
0.057777,-0.169534,-0.014970,0.061749,-0.073876,-0.038338,-0.178806,-0.195103,-0.314942,-0.558363,0.222375,-0.452294,0.263058,-0.217794
0.056870,-0.161915,-0.006807,0.057539,-0.066841,-0.047102,-0.109591,-0.300513,-0.508292,-0.370960,0.104970,-0.495433,0.337662,-0.219186
0.056717,-0.155187,0.001848,0.053988,-0.060991,-0.054100,-0.062049,-0.395850,-0.633511,-0.206144,-0.042566,-0.489751,0.420890,-0.187065
0.056916,-0.148204,0.011880,0.051230,-0.056247,-0.057868,0.000290,-0.498060,-0.776165,-0.026048,-0.164249,-0.492241,0.502773,-0.183609
0.057022,-0.142231,0.021092,0.049501,-0.050753,-0.057570,0.062342,-0.575036,-0.905735,0.138800,-0.225220,-0.524643,0.562109,-0.202770
0.056680,-0.136074,0.030362,0.049023,-0.048765,-0.053506,0.081952,-0.615735,-0.932968,0.219755,-0.293023,-0.527428,0.622879,-0.191728
0.055662,-0.130581,0.037753,0.049550,-0.049294,-0.046192,0.061038,-0.594710,-0.901506,0.222697,-0.349674,-0.498331,0.668443,-0.163345
0.053569,-0.124965,0.044024,0.051146,-0.049391,-0.036179,0.035401,-0.579931,-0.840114,0.175760,-0.341231,-0.476174,0.687935,-0.167824
0.050691,-0.119898,0.048122,0.053345,-0.051960,-0.025602,-0.005508,-0.564261,-0.742890,0.088709,-0.288666,-0.459399,0.672501,-0.179862
0.046607,-0.114438,0.050779,0.055884,-0.055326,-0.015335,-0.075556,-0.503035,-0.617692,-0.072765,-0.232168,-0.433802,0.674084,-0.200001
0.042039,-0.109500,0.051647,0.058083,-0.057269,-0.005425,-0.152341,-0.446102,-0.458248,-0.276902,-0.174861,-0.410568,0.696827,-0.231828
0.036369,-0.104460,0.050944,0.059652,-0.056399,0.004057,-0.216918,-0.387424,-0.343698,-0.467470,-0.075076,-0.380356,0.662184,-0.268749
0.030701,-0.100119,0.048999,0.059840,-0.054278,0.012149,-0.266338,-0.288999,-0.276303,-0.635286,0.062317,-0.342152,0.604750,-0.327084
0.024321,-0.095344,0.045744,0.058873,-0.055889,0.018786,-0.328210,-0.158994,-0.211441,-0.793901,0.158398,-0.324489,0.552456,-0.350401
0.018470,-0.090936,0.042123,0.056719,-0.055687,0.022630,-0.384775,-0.023357,-0.157553,-0.899017,0.224181,-0.300786,0.438318,-0.308282
0.012535,-0.086394,0.038269,0.053092,-0.052281,0.022231,-0.416107,0.049133,-0.077494,-0.964584,0.296766,-0.256803,0.309369,-0.269688
0.007677,-0.082665,0.035377,0.048480,-0.045712,0.018075,-0.427038,0.081303,-0.054101,-0.966556,0.334609,-0.269351,0.214908,-0.237313
0.003238,-0.079017,0.033374,0.043071,-0.040614,0.011562,-0.400842,0.094037,-0.133436,-0.895509,0.337615,-0.334836,0.160023,-0.217251
-0.000009,-0.076002,0.032808,0.036991,-0.035964,0.003537,-0.349791,0.084360,-0.290297,-0.761255,0.308288,-0.388222,0.158801,-0.212119
-0.002587,-0.073200,0.033618,0.030458,-0.030786,-0.004672,-0.296638,0.020925,-0.411915,-0.618057,0.233589,-0.405057,0.185512,-0.187678
-0.004131,-0.071017,0.035554,0.023671,-0.026149,-0.012096,-0.242981,-0.066120,-0.502813,-0.453371,0.138275,-0.410383,0.207219,-0.143996
-0.004982,-0.069030,0.038657,0.016943,-0.022227,-0.017887,-0.175303,-0.148426,-0.602619,-0.266605,0.063945,-0.445610,0.266802,-0.150381
-0.005209,-0.067385,0.041967,0.011261,-0.020173,-0.020713,-0.103143,-0.229914,-0.674843,-0.074860,-0.004330,-0.497868,0.364260,-0.181830
-0.005145,-0.065878,0.045332,0.007128,-0.017122,-0.019411,-0.043559,-0.296115,-0.695711,0.093229,-0.076234,-0.491156,0.442135,-0.183359
-0.004946,-0.064467,0.047945,0.004070,-0.017274,-0.016335,-0.008670,-0.337536,-0.638994,0.189300,-0.121202,-0.438156,0.506519,-0.177890
-0.004761,-0.062762,0.049895,0.002311,-0.019057,-0.011245,-0.009996,-0.317198,-0.543520,0.216090,-0.120201,-0.422403,0.550316,-0.176748
-0.004719,-0.060987,0.050762,0.001534,-0.021290,-0.005424,-0.015288,-0.294703,-0.425330,0.207966,-0.073185,-0.426699,0.551961,-0.182763
-0.004824,-0.058811,0.050793,0.001225,-0.023919,-0.000181,-0.027883,-0.267595,-0.306459,0.166553,0.001460,-0.397009,0.516419,-0.190930
-0.005042,-0.056579,0.050073,0.001008,-0.026419,0.004499,-0.049459,-0.230558,-0.185116,0.088590,0.064863,-0.364464,0.495663,-0.203511
-0.005359,-0.053986,0.048660,0.000729,-0.028256,0.008154,-0.071679,-0.196478,-0.080511,0.012294,0.117978,-0.366945,0.466181,-0.207134
-0.005670,-0.051424,0.046922,0.000187,-0.030137,0.010866,-0.083963,-0.159491,-0.012403,-0.046847,0.189143,-0.364818,0.411398,-0.217906
-0.005977,-0.048621,0.044774,-0.000435,-0.030377,0.012395,-0.088007,-0.132529,0.033121,-0.092716,0.244745,-0.348872,0.377906,-0.237371
-0.006236,-0.046059,0.042612,-0.000847,-0.029994,0.013506,-0.095693,-0.119464,0.089118,-0.129200,0.264462,-0.342635,0.346301,-0.227850
-0.006471,-0.043418,0.040189,-0.001268,-0.028486,0.013976,-0.099584,-0.100926,0.115129,-0.143869,0.279107,-0.342265,0.306179,-0.210650
-0.006639,-0.041050,0.037961,-0.001614,-0.027637,0.013925,-0.097498,-0.084694,0.120201,-0.154320,0.300532,-0.349317,0.295612,-0.221999
-0.006771,-0.038510,0.035632,-0.001854,-0.027371,0.013438,-0.098158,-0.071258,0.115856,-0.154391,0.304988,-0.360486,0.290646,-0.222248
-0.006836,-0.036263,0.033547,-0.002224,-0.026206,0.013027,-0.097491,-0.066458,0.116957,-0.151593,0.304132,-0.349221,0.271826,-0.208216
-0.006868,-0.033938,0.031293,-0.002465,-0.025013,0.013003,-0.094479,-0.077021,0.124345,-0.147655,0.302051,-0.337871,0.264165,-0.200658
-0.006879,-0.031953,0.029164,-0.002573,-0.023084,0.013317,-0.092984,-0.076535,0.123247,-0.139635,0.300478,-0.353797,0.263382,-0.198864
-0.006858,-0.029910,0.026867,-0.002761,-0.021880,0.013246,-0.094881,-0.067950,0.135815,-0.145849,0.303366,-0.365700,0.274843,-0.205353
-0.006825,-0.028140,0.024709,-0.002810,-0.020515,0.013491,-0.099620,-0.050484,0.140962,-0.153206,0.306368,-0.354116,0.286137,-0.209327
-0.006757,-0.026316,0.022407,-0.002973,-0.019492,0.013277,-0.095358,-0.040301,0.132694,-0.148219,0.321524,-0.336967,0.273429,-0.211915
-0.006730,-0.024855,0.020105,-0.002595,-0.016807,0.014395,-0.097084,-0.022730,0.127386,-0.144268,0.342330,-0.333656,0.243449,-0.205790
-0.006730,-0.023533,0.017446,-0.002275,-0.013899,0.015335,-0.101898,-0.016582,0.137046,-0.143185,0.337853,-0.344277,0.226795,-0.187258
-0.006720,-0.022405,0.015034,-0.002240,-0.012816,0.015075,-0.121209,0.019568,0.144296,-0.164133,0.334804,-0.353095,0.224607,-0.173037
-0.006695,-0.021413,0.012488,-0.002238,-0.010299,0.014688,-0.132979,0.056823,0.139058,-0.181422,0.346021,-0.355071,0.240648,-0.185063
-0.006667,-0.020626,0.010196,-0.002164,-0.008792,0.014327,-0.125806,0.063516,0.107852,-0.161158,0.370078,-0.348351,0.212320,-0.188426
-0.006641,-0.019853,0.007750,-0.002025,-0.007923,0.014105,-0.120950,0.088928,0.060610,-0.132269,0.393190,-0.333639,0.161331,-0.174207
-0.006617,-0.019145,0.005564,-0.001911,-0.007878,0.013662,-0.133352,0.097505,0.074084,-0.137823,0.366484,-0.346768,0.165294,-0.146424
-0.006601,-0.018480,0.003241,-0.001715,-0.006772,0.013406,-0.153212,0.094721,0.106794,-0.148361,0.329605,-0.371935,0.163714,-0.105034
-0.006603,-0.018046,0.001106,-0.001448,-0.004629,0.013352,-0.144956,0.087715,0.096965,-0.142074,0.350808,-0.369290,0.170981,-0.129196
-0.006617,-0.017860,-0.001148,-0.001246,-0.001533,0.012994,-0.133393,0.093096,0.068734,-0.136223,0.379364,-0.370159,0.204054,-0.177604
-0.006653,-0.017786,-0.003203,-0.000942,-0.000362,0.012843,-0.142079,0.121945,0.063194,-0.144164,0.374884,-0.365204,0.200620,-0.163992
-0.006707,-0.017738,-0.005316,-0.000705,-0.000044,0.012198,-0.149140,0.161615,0.037253,-0.136320,0.374688,-0.340927,0.164989,-0.132939
-0.006765,-0.017727,-0.007149,-0.000525,0.000339,0.011459,-0.150899,0.173331,0.015084,-0.127433,0.388746,-0.344394,0.137186,-0.126548
-0.006846,-0.017773,-0.009027,-0.000253,0.000943,0.010832,-0.157184,0.163872,0.009807,-0.116196,0.380331,-0.374393,0.109075,-0.101186
-0.006957,-0.017818,-0.010661,0.000233,0.000960,0.010208,-0.161326,0.157183,0.010743,-0.114498,0.359006,-0.384235,0.115226,-0.085062
-0.007110,-0.017882,-0.012348,0.000645,0.001110,0.009733,-0.161722,0.150578,0.010679,-0.121908,0.342688,-0.389426,0.167012,-0.103422
-0.007277,-0.017892,-0.013736,0.001062,0.000486,0.008673,-0.159071,0.145090,0.003399,-0.126555,0.348671,-0.389175,0.183863,-0.120596
-0.007504,-0.017942,-0.015184,0.001604,0.000916,0.008359,-0.154234,0.152929,-0.007709,-0.126770,0.374133,-0.363972,0.167793,-0.130440
-0.007731,-0.017976,-0.016377,0.001898,0.000748,0.007456,-0.149937,0.142389,-0.015159,-0.126059,0.371367,-0.355763,0.158927,-0.124068
-0.007990,-0.018075,-0.017529,0.002131,0.001391,0.006644,-0.159507,0.149436,-0.018462,-0.134793,0.358483,-0.373040,0.138649,-0.097581
-0.008229,-0.018149,-0.018427,0.002245,0.001154,0.005615,-0.159124,0.140831,-0.023232,-0.137423,0.347706,-0.387181,0.148647,-0.098059
-0.008471,-0.018311,-0.019148,0.002204,0.001985,0.004160,-0.153390,0.134285,-0.053286,-0.127497,0.344168,-0.395092,0.164977,-0.112281
-0.008699,-0.018917,-0.019718,0.002331,0.007393,0.003562,-0.145387,0.122553,-0.067611,-0.120648,0.341633,-0.387055,0.175178,-0.121247
-0.008975,-0.019645,-0.020273,0.002661,0.008173,0.003200,-0.139225,0.116680,-0.092554,-0.100870,0.328597,-0.379476,0.174451,-0.112979
-0.009227,-0.020237,-0.020612,0.002756,0.007156,0.002118,-0.140524,0.171933,-0.175975,-0.073897,0.329501,-0.393021,0.170307,-0.113100
-0.009498,-0.020758,-0.020769,0.002865,0.005778,0.000907,-0.148733,0.176497,-0.176486,-0.079519,0.318918,-0.404191,0.180166,-0.108310
-0.009743,-0.021231,-0.020751,0.002927,0.005626,-0.000112,-0.156188,0.140731,-0.163590,-0.062204,0.289592,-0.386888,0.135715,-0.056045
-0.009990,-0.021819,-0.020515,0.002896,0.006381,-0.001363,-0.142766,0.113088,-0.181438,-0.046252,0.291556,-0.380985,0.133068,-0.062724
-0.010206,-0.022343,-0.020102,0.002903,0.006082,-0.002579,-0.137548,0.095443,-0.186609,-0.044623,0.273976,-0.437189,0.206277,-0.098519
-0.010423,-0.022782,-0.019564,0.002806,0.004632,-0.003108,-0.134760,0.092339,-0.205697,-0.034726,0.250064,-0.451841,0.227168,-0.096456
-0.010627,-0.023182,-0.018993,0.002907,0.004540,-0.003567,-0.115434,0.078774,-0.236566,-0.018233,0.261849,-0.389368,0.226807,-0.112972
-0.010864,-0.023665,-0.018371,0.003111,0.005088,-0.003586,-0.111415,0.054389,-0.222476,-0.016972,0.258521,-0.372906,0.231969,-0.116729
-0.011090,-0.024125,-0.017768,0.003217,0.005224,-0.003773,-0.123558,0.056476,-0.210218,-0.019441,0.239435,-0.409652,0.209399,-0.083701
-0.011314,-0.024582,-0.017029,0.003081,0.004740,-0.004261,-0.123807,0.067924,-0.223400,-0.024172,0.240500,-0.424751,0.224670,-0.093825
-0.011510,-0.024971,-0.016296,0.003007,0.004328,-0.004578,-0.115945,0.057430,-0.246769,-0.019417,0.237319,-0.423062,0.259750,-0.120998
-0.011710,-0.025373,-0.015491,0.002889,0.004091,-0.004648,-0.109524,0.045790,-0.261838,-0.005618,0.236918,-0.405004,0.240364,-0.113750
-0.011871,-0.025729,-0.014724,0.002645,0.003909,-0.004790,-0.109730,0.042148,-0.256071,-0.004073,0.234457,-0.387871,0.230851,-0.104809
-0.012030,-0.026142,-0.013903,0.002484,0.004202,-0.004740,-0.116236,0.037480,-0.240664,-0.008938,0.215039,-0.410492,0.247952,-0.098740
-0.012157,-0.026510,-0.013143,0.002245,0.004032,-0.004748,-0.113487,0.034342,-0.246402,-0.000498,0.214068,-0.429590,0.249076,-0.100501
-0.012283,-0.026906,-0.012373,0.002089,0.004040,-0.004443,-0.103914,0.035977,-0.267713,0.008648,0.228582,-0.414645,0.260466,-0.123346
-0.012380,-0.027182,-0.011717,0.001816,0.002979,-0.004096,-0.102450,0.030427,-0.263722,0.009716,0.220582,-0.402776,0.271735,-0.124997
-0.012477,-0.027436,-0.011081,0.001669,0.002516,-0.003672,-0.110974,0.037023,-0.248760,0.006265,0.213325,-0.399709,0.252136,-0.101916
-0.012559,-0.027688,-0.010556,0.001517,0.002766,-0.003281,-0.111276,0.032276,-0.227646,0.001932,0.220492,-0.400545,0.250546,-0.104407
-0.012641,-0.027988,-0.010070,0.001363,0.003081,-0.002804,-0.109987,0.028531,-0.225159,0.002418,0.225680,-0.414431,0.258829,-0.114993
-0.012696,-0.028186,-0.009679,0.001058,0.002168,-0.002442,-0.107784,0.037907,-0.232210,0.002223,0.232117,-0.415183,0.261434,-0.121481
-0.012736,-0.028372,-0.009299,0.000819,0.001881,-0.002194,-0.109212,0.047448,-0.228599,-0.002296,0.233862,-0.400735,0.266778,-0.123956
-0.012766,-0.028530,-0.009000,0.000666,0.001744,-0.001869,-0.111719,0.042036,-0.207421,-0.005143,0.233589,-0.391946,0.253739,-0.113737
-0.012776,-0.028721,-0.008706,0.000401,0.001970,-0.001694,-0.111053,0.044017,-0.206443,0.001083,0.243321,-0.395330,0.232803,-0.107551
-0.012770,-0.028848,-0.008460,0.000192,0.001394,-0.001541,-0.109669,0.047409,-0.204940,-0.000467,0.247646,-0.409093,0.243091,-0.117066
-0.012739,-0.028917,-0.008210,-0.000093,0.000649,-0.001441,-0.111325,0.048821,-0.200570,0.000859,0.237769,-0.416197,0.252580,-0.114232
-0.012693,-0.028939,-0.008012,-0.000328,0.000157,-0.001236,-0.109146,0.044817,-0.192276,0.000571,0.240483,-0.398664,0.246783,-0.112566
-0.012643,-0.028801,-0.007697,-0.000237,-0.001647,-0.001819,-0.105185,0.036811,-0.181613,0.003063,0.247622,-0.389532,0.247356,-0.118762
-0.012588,-0.028614,-0.007455,-0.000389,-0.002339,-0.001513,-0.105884,0.036495,-0.169026,0.001751,0.249242,-0.401814,0.245841,-0.117599
-0.012524,-0.028376,-0.007229,-0.000481,-0.002717,-0.001306,-0.100402,0.012391,-0.158216,0.000245,0.242583,-0.406122,0.243929,-0.113007
-0.012458,-0.028062,-0.007029,-0.000573,-0.003827,-0.001249,-0.098279,0.006553,-0.146212,-0.004853,0.244800,-0.396874,0.250125,-0.118664
-0.012374,-0.027736,-0.006818,-0.000724,-0.003672,-0.001214,-0.097911,0.006096,-0.130539,-0.017569,0.242548,-0.398601,0.278282,-0.136037
-0.012283,-0.027588,-0.006618,-0.000875,-0.001864,-0.001253,-0.095387,-0.002388,-0.116818,-0.021707,0.247109,-0.398884,0.273827,-0.137090
-0.012187,-0.027501,-0.006428,-0.000866,-0.001036,-0.001098,-0.087863,0.003834,-0.132675,-0.012741,0.265217,-0.382296,0.254560,-0.141243
-0.012130,-0.027397,-0.006273,-0.000530,-0.001310,-0.000965,-0.083911,0.023355,-0.164882,-0.001245,0.267657,-0.389004,0.258807,-0.148963
-0.012063,-0.027146,-0.006024,-0.000491,-0.002866,-0.001440,-0.093262,0.032118,-0.162350,-0.002362,0.251810,-0.404023,0.248088,-0.126816
-0.011980,-0.026882,-0.005839,-0.000803,-0.003219,-0.001152,-0.103215,0.024904,-0.147696,-0.010314,0.240270,-0.389522,0.228693,-0.102427
-0.011886,-0.026615,-0.005667,-0.000878,-0.003004,-0.000995,-0.095143,-0.005307,-0.144021,-0.004945,0.237963,-0.388291,0.239205,-0.112735
-0.011802,-0.026356,-0.005505,-0.000830,-0.003162,-0.001011,-0.092279,-0.007076,-0.134621,-0.003174,0.244495,-0.412298,0.260699,-0.132378
-0.011726,-0.026029,-0.005342,-0.000695,-0.003662,-0.000939,-0.094040,0.000295,-0.119443,-0.014986,0.240855,-0.411312,0.287375,-0.143827
-0.011667,-0.025690,-0.005171,-0.000534,-0.004105,-0.001072,-0.089508,-0.001978,-0.123023,-0.016312,0.244401,-0.382752,0.283291,-0.143739
-0.011614,-0.025365,-0.005050,-0.000470,-0.003622,-0.000695,-0.083935,-0.003638,-0.133386,-0.013015,0.264105,-0.367785,0.256295,-0.144467
-0.011553,-0.025085,-0.004931,-0.000614,-0.003385,-0.000747,-0.087101,-0.008025,-0.127975,-0.015687,0.261398,-0.386757,0.243049,-0.134764
-0.011467,-0.024818,-0.004771,-0.000810,-0.002996,-0.000922,-0.097843,-0.000060,-0.114496,-0.026637,0.243659,-0.404813,0.247316,-0.120411
-0.011371,-0.024575,-0.004607,-0.000997,-0.002964,-0.001025,-0.093845,-0.002926,-0.119649,-0.024190,0.238240,-0.402027,0.269336,-0.132961
-0.011263,-0.024224,-0.004420,-0.001025,-0.003934,-0.001078,-0.082336,-0.005350,-0.146402,-0.006506,0.252786,-0.393871,0.271118,-0.151819
-0.011164,-0.023677,-0.004192,-0.000965,-0.006595,-0.001423,-0.080236,-0.004868,-0.144985,-0.000983,0.258536,-0.383988,0.260599,-0.149035
-0.011054,-0.022997,-0.003935,-0.000999,-0.007573,-0.001484,-0.089245,-0.017415,-0.107454,-0.012666,0.237820,-0.379708,0.255759,-0.123564
-0.010962,-0.022354,-0.003721,-0.000917,-0.007739,-0.001335,-0.088128,-0.052775,-0.072219,-0.021979,0.225916,-0.385965,0.254743,-0.113885
-0.010856,-0.021602,-0.003494,-0.000987,-0.008364,-0.001310,-0.076354,-0.066110,-0.077134,-0.020183,0.242416,-0.399905,0.273597,-0.145351
-0.010747,-0.020928,-0.003271,-0.001121,-0.008104,-0.001394,-0.069680,-0.064652,-0.077350,-0.033027,0.248550,-0.405167,0.313765,-0.180383
-0.010622,-0.020195,-0.003022,-0.001190,-0.008152,-0.001440,-0.070858,-0.069798,-0.056314,-0.044778,0.239098,-0.379720,0.314420,-0.171205
-0.010506,-0.019518,-0.002806,-0.001223,-0.008147,-0.001352,-0.065924,-0.063124,-0.069363,-0.036771,0.251879,-0.350493,0.282317,-0.162530
-0.010365,-0.018875,-0.002540,-0.001362,-0.007160,-0.001534,-0.060250,-0.063061,-0.081463,-0.029712,0.265660,-0.369753,0.272510,-0.172090
-0.010224,-0.018196,-0.002368,-0.001564,-0.008156,-0.001076,-0.068919,-0.067560,-0.066486,-0.032338,0.247406,-0.399394,0.265620,-0.151498
-0.010074,-0.017477,-0.002181,-0.001525,-0.007963,-0.001078,-0.069437,-0.065797,-0.074511,-0.027384,0.229323,-0.389142,0.272952,-0.142379
-0.009972,-0.016971,-0.002175,-0.001208,-0.006021,-0.000034,-0.064595,-0.079496,-0.053586,-0.036196,0.234115,-0.375544,0.305900,-0.168712
-0.009885,-0.016414,-0.002127,-0.000928,-0.006149,-0.000281,-0.065445,-0.082433,-0.052365,-0.033497,0.239068,-0.380925,0.301342,-0.170344
-0.009804,-0.016033,-0.002095,-0.000953,-0.004545,-0.000198,-0.072174,-0.041434,-0.065466,-0.046962,0.262835,-0.372471,0.287487,-0.175027
-0.009711,-0.015652,-0.002080,-0.001012,-0.004193,-0.000087,-0.071302,-0.049314,-0.068290,-0.049873,0.255167,-0.371827,0.294454,-0.174103
-0.009623,-0.015423,-0.002092,-0.001051,-0.002717,0.000074,-0.072974,-0.034826,-0.105578,-0.026614,0.257996,-0.375986,0.243723,-0.146276
-0.009521,-0.015151,-0.002106,-0.001132,-0.002988,0.000081,-0.073194,-0.029806,-0.103762,-0.027990,0.261891,-0.375327,0.249751,-0.153929
-0.009393,-0.014975,-0.001984,-0.001456,-0.002137,-0.000762,-0.086451,-0.027539,-0.095199,-0.028064,0.229916,-0.397750,0.273337,-0.139761
-0.009230,-0.014800,-0.001821,-0.001702,-0.001974,-0.000942,-0.085019,-0.030276,-0.092493,-0.025350,0.232557,-0.391674,0.262949,-0.134390
-0.009076,-0.014589,-0.001630,-0.001728,-0.002575,-0.001190,-0.065836,-0.036333,-0.135069,0.008660,0.252223,-0.379348,0.268802,-0.160731
-0.008931,-0.014418,-0.001515,-0.001537,-0.001922,-0.000663,-0.063166,-0.038185,-0.137664,0.016530,0.248265,-0.389950,0.272051,-0.161147
-0.008809,-0.014361,-0.001472,-0.001430,-0.000685,-0.000267,-0.076564,-0.049423,-0.093768,0.004180,0.217863,-0.386572,0.265395,-0.123834
-0.008659,-0.014268,-0.001322,-0.001570,-0.001075,-0.000866,-0.082760,-0.039761,-0.087448,-0.006986,0.217189,-0.377462,0.273391,-0.125356
-0.008541,-0.013991,-0.000997,-0.001239,-0.003399,-0.002034,-0.073790,-0.022835,-0.121516,-0.000923,0.245707,-0.398393,0.296774,-0.168585
-0.008436,-0.013545,-0.000484,-0.000904,-0.005053,-0.002962,-0.063369,-0.032144,-0.142601,0.020362,0.255752,-0.401657,0.275033,-0.167668
-0.008349,-0.013089,-0.000010,-0.000787,-0.005581,-0.002962,-0.060644,-0.071871,-0.129583,0.022931,0.231683,-0.362973,0.239200,-0.126796
-0.008253,-0.012614,0.000460,-0.000847,-0.005355,-0.002712,-0.063044,-0.108251,-0.106596,0.013394,0.194127,-0.370129,0.257015,-0.110418
-0.008175,-0.012183,0.000877,-0.000737,-0.005257,-0.002606,-0.065887,-0.115704,-0.086126,-0.002574,0.183714,-0.426077,0.309103,-0.139265
-0.008082,-0.011767,0.001450,-0.000777,-0.004730,-0.003306,-0.058195,-0.109581,-0.088845,-0.009382,0.201255,-0.426054,0.351028,-0.184849
-0.007958,-0.011552,0.002115,-0.001185,-0.002760,-0.004151,-0.045529,-0.106188,-0.111246,-0.009621,0.221820,-0.364511,0.353282,-0.206650
-0.007825,-0.011297,0.002830,-0.001175,-0.003000,-0.004130,-0.037457,-0.103617,-0.144882,0.011074,0.228291,-0.339094,0.308445,-0.185359
-0.007727,-0.011160,0.003370,-0.000936,-0.001787,-0.003370,-0.037427,-0.085932,-0.183598,0.046135,0.222483,-0.376821,0.257198,-0.150408
-0.007624,-0.010953,0.003882,-0.000938,-0.002412,-0.002957,-0.051035,-0.098280,-0.154748,0.038605,0.189012,-0.413277,0.267348,-0.129007
-0.007544,-0.010705,0.004384,-0.000750,-0.003098,-0.003134,-0.069325,-0.100164,-0.132673,0.021481,0.151885,-0.412215,0.307108,-0.120742
-0.007485,-0.010420,0.004912,-0.000448,-0.003274,-0.003050,-0.058582,-0.107957,-0.133208,0.016355,0.169423,-0.392105,0.346227,-0.163197
-0.390532,0.346954,-0.685579,-0.000037,0.000044,-0.000058,0.000000,0.000000,0.000000,0.000000,0.000000,0.000000,0.000000,0.000000
-0.390508,0.346993,-0.685591,-0.000157,-0.000346,0.000089,-1.000000,-0.208235,1.000000,-1.000000,0.386171,0.126285,1.000000,0.204049
-0.390625,0.346926,-0.685499,0.000194,-0.000506,-0.000528,-1.000000,-0.208299,1.000000,-1.000000,0.386191,0.126118,1.000000,0.204007
-0.391336,0.346322,-0.684940,0.001207,-0.000987,-0.003496,-0.825303,0.163201,1.000000,-1.000000,1.000000,-0.142547,0.808058,-0.593425
-0.393827,0.343779,-0.682870,0.002719,-0.000100,-0.011943,-0.823749,0.158499,1.000000,-1.000000,1.000000,-0.143460,0.806927,-0.592092
-0.398738,0.338120,-0.678576,0.003675,0.003743,-0.026837,-0.758702,0.177620,1.000000,-1.000000,1.000000,0.213941,0.430814,-0.191411
-0.408065,0.326183,-0.669952,0.003459,0.011121,-0.049754,-0.728284,0.136274,1.000000,-1.000000,1.000000,0.193760,0.417449,-0.183557
-0.420987,0.307750,-0.657162,0.001763,0.021170,-0.079981,-0.674442,-0.063070,1.000000,-1.000000,0.955348,-0.072991,0.412401,-0.187887
-0.439198,0.277711,-0.637243,-0.002309,0.034155,-0.114836,-0.569532,-0.155498,1.000000,-1.000000,0.895957,-0.155898,0.374264,-0.180328
-0.458461,0.239346,-0.612837,-0.008563,0.046485,-0.152476,-0.433383,-0.260017,0.958222,-1.000000,0.804536,-0.232522,0.505088,-0.274381
-0.478950,0.185814,-0.580154,-0.017899,0.058061,-0.188643,-0.220639,-0.417231,-0.014860,-1.000000,0.644968,-0.366379,0.440019,-0.268701
-0.493919,0.127234,-0.545489,-0.028460,0.064616,-0.216814,0.050012,-0.590186,-1.000000,-1.000000,0.468407,-0.449323,0.268938,-0.232618
-0.502262,0.058479,-0.505370,-0.041019,0.062155,-0.231443,0.222637,-0.745559,-1.000000,-1.000000,0.123487,-0.611296,0.323021,-0.175942
-0.501113,-0.006395,-0.467385,-0.054063,0.055553,-0.237522,0.234207,-0.790082,-1.000000,-0.689493,-0.333655,-0.761715,0.416960,-0.023585
-0.489886,-0.075690,-0.425901,-0.067511,0.046412,-0.239208,0.387516,-0.816494,-1.000000,-0.325706,-0.422012,-0.757915,0.544170,-0.170423
-0.470646,-0.137152,-0.387580,-0.078581,0.037798,-0.239383,0.511613,-0.836778,-1.000000,0.030475,-0.423437,-0.748695,0.735622,-0.299287
-0.441447,-0.198644,-0.347001,-0.087316,0.030428,-0.234198,0.608333,-0.784094,-1.000000,0.384932,-0.475142,-0.744961,0.713544,-0.185892
-0.408733,-0.248601,-0.311265,-0.091443,0.020856,-0.223389,0.700959,-0.698205,-1.000000,0.726877,-0.442166,-0.739654,0.619523,-0.091711
-0.369804,-0.293991,-0.275272,-0.090822,0.009425,-0.207567,0.752769,-0.613116,-1.000000,1.000000,-0.411063,-0.803090,0.558123,-0.049227
-0.333021,-0.327702,-0.245096,-0.086817,0.000302,-0.188584,0.740843,-0.547001,-1.000000,1.000000,-0.419737,-0.832039,0.499094,0.028770
-0.294556,-0.355699,-0.216162,-0.080707,-0.009666,-0.166952,0.691055,-0.470424,-1.000000,1.000000,-0.431568,-0.792677,0.478907,0.077743
-0.261976,-0.374456,-0.193087,-0.071977,-0.019573,-0.144283,0.630635,-0.357244,-1.000000,1.000000,-0.396100,-0.777134,0.483998,0.049802
-0.230995,-0.388497,-0.171860,-0.059812,-0.028377,-0.122398,0.549807,-0.239776,-1.000000,1.000000,-0.337467,-0.766524,0.490385,0.029938
-0.207081,-0.396645,-0.155622,-0.045308,-0.037232,-0.101547,0.431481,-0.121817,-1.000000,1.000000,-0.284512,-0.709491,0.486260,0.042488
-0.186628,-0.401253,-0.141494,-0.029108,-0.046022,-0.081471,0.293208,-0.002625,-1.000000,0.914306,-0.224821,-0.654991,0.480388,0.055048
-0.172750,-0.402395,-0.131434,-0.013168,-0.054248,-0.062910,0.129633,0.102555,-1.000000,0.646127,-0.155730,-0.637181,0.489994,0.068733
-0.162794,-0.400971,-0.123504,0.001334,-0.061523,-0.045714,-0.046189,0.216140,-1.000000,0.323145,-0.070919,-0.623792,0.494360,0.071404
-0.157988,-0.397554,-0.118853,0.012712,-0.068417,-0.029040,-0.214582,0.355934,-0.939983,-0.052608,0.060845,-0.592494,0.488202,0.027322
-0.157049,-0.391608,-0.116681,0.019560,-0.077181,-0.012547,-0.374601,0.503642,-0.729237,-0.437369,0.209579,-0.545440,0.459913,-0.021715
-0.159343,-0.384174,-0.117076,0.021530,-0.086192,0.002472,-0.509297,0.664800,-0.531172,-0.788241,0.372761,-0.463155,0.361560,-0.036733
-0.164541,-0.374182,-0.119949,0.019087,-0.093834,0.016575,-0.581346,0.790189,-0.350359,-1.000000,0.551572,-0.362633,0.231261,-0.048890
-0.170988,-0.363299,-0.124430,0.014231,-0.101509,0.027998,-0.613470,0.847262,-0.158461,-1.000000,0.672717,-0.299085,0.094898,-0.040531
-0.178626,-0.350237,-0.130458,0.008684,-0.107239,0.034773,-0.640864,0.861613,0.090546,-1.000000,0.727769,-0.271051,0.004121,-0.004927
-0.184987,-0.337773,-0.135927,0.004401,-0.111220,0.034182,-0.674531,0.820165,0.403122,-1.000000,0.736189,-0.266278,0.035834,0.019789
-0.189829,-0.324740,-0.140328,0.002083,-0.114759,0.025386,-0.671068,0.752567,0.619110,-1.000000,0.769863,-0.262234,0.089792,-0.019287
-0.191707,-0.313842,-0.142048,0.001495,-0.117514,0.010758,-0.615525,0.679148,0.664819,-1.000000,0.857367,-0.257392,0.112017,-0.128208
-0.190463,-0.303805,-0.140614,0.001899,-0.119706,-0.008274,-0.530109,0.573879,0.566775,-1.000000,0.884680,-0.264685,0.080701,-0.179871
-0.185948,-0.296448,-0.135656,0.002851,-0.122445,-0.030984,-0.432524,0.449015,0.368458,-1.000000,0.816580,-0.285020,0.009821,-0.133835
-0.177442,-0.290535,-0.126157,0.004636,-0.124516,-0.054809,-0.323869,0.262403,0.099418,-1.000000,0.677157,-0.363521,-0.011150,-0.079722
-0.166730,-0.286615,-0.114050,0.005520,-0.124478,-0.075661,-0.193781,-0.006305,-0.237038,-0.843039,0.490383,-0.504080,0.020205,-0.053812
-0.152602,-0.283401,-0.098029,0.005535,-0.123531,-0.092439,-0.049024,-0.301127,-0.594769,-0.576400,0.282929,-0.621051,0.116657,-0.083262
-0.137971,-0.280824,-0.081400,0.004475,-0.120984,-0.103977,0.063218,-0.599566,-0.824039,-0.347589,0.010126,-0.672423,0.353764,-0.137750
-0.121034,-0.278196,-0.062002,0.004646,-0.115444,-0.111870,0.150042,-0.849925,-0.950213,-0.129972,-0.279787,-0.652992,0.603190,-0.175630
-0.105021,-0.275564,-0.043370,0.005567,-0.109944,-0.116435,0.243683,-0.960630,-1.000000,0.062177,-0.392819,-0.607406,0.787111,-0.260757
-0.088119,-0.272015,-0.023204,0.008299,-0.105973,-0.116323,0.324089,-0.978659,-1.000000,0.238734,-0.407869,-0.596458,0.883435,-0.316498
-0.073761,-0.267755,-0.005494,0.010770,-0.104092,-0.110735,0.367400,-0.948443,-1.000000,0.378711,-0.406735,-0.585009,0.827194,-0.267005
-0.060383,-0.261886,0.011779,0.013773,-0.104091,-0.099623,0.375222,-0.921995,-1.000000,0.450954,-0.416473,-0.561870,0.732171,-0.192873
-0.050493,-0.255473,0.025403,0.016321,-0.104305,-0.085198,0.347406,-0.929111,-1.000000,0.458782,-0.460981,-0.575954,0.698889,-0.141250
-0.042874,-0.247541,0.037079,0.019603,-0.105578,-0.067332,0.283743,-0.926536,-1.000000,0.384669,-0.498225,-0.593917,0.721089,-0.123921
-0.038902,-0.239478,0.044696,0.023374,-0.107351,-0.047605,0.202104,-0.878392,-0.967333,0.242066,-0.484899,-0.563249,0.797264,-0.161433
-0.037827,-0.230151,0.049433,0.027392,-0.108580,-0.027330,0.097235,-0.797607,-0.698994,0.029617,-0.420159,-0.496692,0.876480,-0.224406
-0.039516,-0.221110,0.050641,0.030513,-0.109314,-0.007550,-0.032748,-0.678057,-0.390652,-0.241146,-0.296922,-0.419244,0.896947,-0.272318
-0.043744,-0.210958,0.048803,0.032450,-0.109039,0.010608,-0.145462,-0.526890,-0.128914,-0.535128,-0.092745,-0.349881,0.871794,-0.349523
-0.049197,-0.201357,0.044725,0.032783,-0.107443,0.025494,-0.249252,-0.336599,0.090742,-0.813495,0.137916,-0.313777,0.805303,-0.428350
-0.055917,-0.190961,0.038499,0.030667,-0.103211,0.035907,-0.348543,-0.114552,0.284654,-1.000000,0.340155,-0.268069,0.652001,-0.441976
-0.062129,-0.181610,0.031895,0.026948,-0.097059,0.041286,-0.411645,0.101157,0.408698,-1.000000,0.502521,-0.189533,0.433113,-0.404710
-0.068198,-0.171870,0.024848,0.022665,-0.091394,0.040639,-0.438428,0.255090,0.454310,-1.000000,0.610045,-0.154242,0.224656,-0.342021
-0.072751,-0.163456,0.019260,0.018420,-0.085635,0.034943,-0.456807,0.314324,0.460026,-1.000000,0.624682,-0.205592,0.077541,-0.236103
-0.076279,-0.155226,0.014776,0.013539,-0.078964,0.025855,-0.444781,0.294417,0.390230,-1.000000,0.582793,-0.278559,0.000983,-0.155209
-0.078126,-0.148595,0.012366,0.008033,-0.072044,0.015070,-0.393252,0.218837,0.237523,-0.991526,0.538308,-0.347887,0.038374,-0.167588
-0.078542,-0.142464,0.011802,0.001672,-0.065828,0.003253,-0.319604,0.133571,0.051067,-0.830823,0.480380,-0.405174,0.109984,-0.206678
-0.077556,-0.137757,0.013232,-0.004114,-0.060225,-0.008935,-0.233673,0.074499,-0.131484,-0.633044,0.419920,-0.412160,0.141585,-0.225658
-0.075151,-0.133681,0.016776,-0.009507,-0.054171,-0.020446,-0.146631,-0.028659,-0.269319,-0.413989,0.319695,-0.413861,0.191381,-0.203075
-0.071906,-0.130688,0.021620,-0.014323,-0.049095,-0.030293,-0.060863,-0.162483,-0.423211,-0.169395,0.184201,-0.451393,0.210225,-0.140398
-0.067608,-0.127840,0.028051,-0.018050,-0.046945,-0.037083,0.033406,-0.295392,-0.579604,0.081432,0.070821,-0.509199,0.275092,-0.135338
-0.063323,-0.125380,0.034491,-0.020080,-0.045300,-0.040288,0.107533,-0.422064,-0.652440,0.283895,-0.064561,-0.559396,0.430072,-0.164008
-0.058654,-0.122876,0.041582,-0.020431,-0.042634,-0.040875,0.149836,-0.520077,-0.620464,0.404617,-0.188365,-0.537521,0.554703,-0.160065
-0.054492,-0.120399,0.047894,-0.020398,-0.043049,-0.039450,0.176145,-0.555206,-0.578979,0.451981,-0.217423,-0.469643,0.626542,-0.170872
-0.050136,-0.117814,0.054520,-0.020198,-0.040583,-0.038225,0.195852,-0.546049,-0.584827,0.481736,-0.187017,-0.458100,0.651489,-0.198721
-0.046461,-0.115330,0.060012,-0.019466,-0.039665,-0.034330,0.195451,-0.537097,-0.543435,0.484530,-0.148730,-0.471390,0.610886,-0.193327
-0.042947,-0.112416,0.065068,-0.018423,-0.039983,-0.029177,0.191534,-0.513554,-0.556454,0.507796,-0.145289,-0.466820,0.558181,-0.164710
-0.040187,-0.109504,0.068775,-0.017243,-0.040522,-0.023165,0.174896,-0.493569,-0.521566,0.477353,-0.149550,-0.463413,0.567347,-0.167258
-0.037753,-0.106083,0.071633,-0.015917,-0.041516,-0.016493,0.134391,-0.487062,-0.421251,0.419332,-0.168728,-0.465780,0.586050,-0.153533
-0.036053,-0.102604,0.073137,-0.014266,-0.043493,-0.009390,0.099131,-0.453355,-0.331587,0.346877,-0.133061,-0.438619,0.584393,-0.165115
-0.034770,-0.098591,0.073495,-0.012830,-0.044573,-0.002072,0.075686,-0.413399,-0.248672,0.265037,-0.060550,-0.409988,0.607781,-0.221321
-0.034037,-0.094698,0.072711,-0.011618,-0.045318,0.004906,0.035431,-0.369027,-0.139113,0.160161,0.005928,-0.394734,0.591402,-0.241360
-0.033633,-0.090477,0.070716,-0.010954,-0.044018,0.011507,-0.012511,-0.299367,-0.024892,0.045577,0.080984,-0.360756,0.536450,-0.238114
-0.033491,-0.086651,0.067972,-0.010958,-0.042048,0.017142,-0.046668,-0.231296,0.055698,-0.053609,0.160598,-0.341721,0.501732,-0.261812
-0.033417,-0.082474,0.064357,-0.011606,-0.041671,0.020865,-0.075577,-0.145401,0.095626,-0.121185,0.244654,-0.352152,0.443761,-0.278737
-0.033343,-0.078634,0.060698,-0.012138,-0.041060,0.022856,-0.103045,-0.055144,0.135726,-0.173406,0.314723,-0.337803,0.372278,-0.273760
-0.033206,-0.074553,0.056554,-0.012724,-0.040017,0.023917,-0.120867,-0.012888,0.192750,-0.200379,0.346649,-0.309405,0.306678,-0.242754
-0.032996,-0.070872,0.052704,-0.013206,-0.038959,0.024056,-0.127917,0.009903,0.207296,-0.197298,0.369723,-0.313327,0.227381,-0.203808
-0.032644,-0.067109,0.048608,-0.013869,-0.036639,0.023640,-0.129099,0.024684,0.220497,-0.197989,0.391184,-0.345833,0.198580,-0.198786
-0.032234,-0.063730,0.044844,-0.014290,-0.035560,0.023517,-0.134094,0.019479,0.246940,-0.204464,0.373910,-0.373635,0.221655,-0.194497
-0.031703,-0.060145,0.040814,-0.014676,-0.034859,0.023251,-0.127933,0.027369,0.240835,-0.191879,0.370203,-0.360021,0.230294,-0.194384
-0.031140,-0.057007,0.037157,-0.014913,-0.032980,0.022863,-0.117200,0.033548,0.247741,-0.189416,0.399033,-0.331748,0.242058,-0.222988
-0.030379,-0.053838,0.033400,-0.015721,-0.030748,0.021670,-0.119370,0.032852,0.283710,-0.191189,0.408732,-0.328337,0.225297,-0.212871
-0.029616,-0.050922,0.029994,-0.015928,-0.030810,0.021297,-0.120203,0.051735,0.287219,-0.184008,0.416465,-0.328989,0.182549,-0.186615
-0.028744,-0.047850,0.026522,-0.015663,-0.030156,0.020017,-0.102381,0.057082,0.257758,-0.150664,0.426834,-0.342719,0.181436,-0.197673
-0.027911,-0.045049,0.023544,-0.015229,-0.030114,0.018605,-0.103435,0.040366,0.286355,-0.152622,0.416769,-0.355753,0.186189,-0.189782
-0.026989,-0.041989,0.020598,-0.014708,-0.030787,0.017007,-0.106488,0.022436,0.308712,-0.154454,0.392194,-0.340630,0.181326,-0.161418
-0.026161,-0.039312,0.018127,-0.013728,-0.029348,0.015442,-0.091401,0.003174,0.293928,-0.149691,0.397868,-0.337162,0.199035,-0.182912
-0.025295,-0.036530,0.015838,-0.012612,-0.028515,0.013213,-0.077681,-0.027436,0.289756,-0.146100,0.404026,-0.359576,0.215126,-0.206068
-0.024530,-0.034105,0.014061,-0.011523,-0.027156,0.011096,-0.075927,-0.031006,0.268786,-0.147509,0.390656,-0.355756,0.209986,-0.195774
-0.023750,-0.031624,0.012529,-0.010377,-0.025984,0.008847,-0.064953,-0.050584,0.235381,-0.146023,0.368507,-0.340368,0.227293,-0.197064
-0.023071,-0.029458,0.011487,-0.009305,-0.024832,0.006508,-0.056916,-0.069543,0.186604,-0.129232,0.352651,-0.354530,0.226748,-0.194660
-0.022385,-0.027139,0.010749,-0.008306,-0.024916,0.004259,-0.050933,-0.088211,0.148339,-0.117869,0.337180,-0.366880,0.224118,-0.191483
-0.021788,-0.025029,0.010399,-0.007448,-0.024806,0.002189,-0.046520,-0.116227,0.117042,-0.107839,0.300336,-0.369936,0.251128,-0.187157
-0.021195,-0.022830,0.010354,-0.006563,-0.024145,0.000258,-0.039698,-0.156304,0.098281,-0.101451,0.264724,-0.372139,0.277641,-0.184798
-0.020704,-0.020902,0.010538,-0.005680,-0.023083,-0.001147,-0.029346,-0.188509,0.074524,-0.091352,0.250872,-0.372338,0.299243,-0.197560
-0.020236,-0.018945,0.010895,-0.004888,-0.021763,-0.002061,-0.018238,-0.211797,0.041687,-0.084179,0.237994,-0.375718,0.329605,-0.218173
-0.019832,-0.017237,0.011357,-0.004490,-0.020691,-0.002890,-0.015384,-0.223435,0.016609,-0.084099,0.218733,-0.375836,0.348739,-0.221346
-0.019404,-0.015500,0.012001,-0.004320,-0.019521,-0.003713,-0.017309,-0.226477,-0.002073,-0.087027,0.203838,-0.364838,0.355795,-0.217894
-0.019002,-0.013960,0.012693,-0.004381,-0.018841,-0.004330,-0.014109,-0.232411,-0.025837,-0.077518,0.198035,-0.362656,0.358448,-0.221365
-0.018578,-0.012225,0.013507,-0.004259,-0.019597,-0.004695,-0.008276,-0.238488,-0.056797,-0.057173,0.194607,-0.373280,0.353254,-0.222438
-0.018209,-0.010628,0.014288,-0.004037,-0.019556,-0.004882,-0.006217,-0.248289,-0.063389,-0.044862,0.180324,-0.376001,0.357829,-0.216458
-0.017820,-0.008935,0.015102,-0.003979,-0.019122,-0.004696,-0.009970,-0.275388,-0.035148,-0.052077,0.153218,-0.369163,0.375412,-0.205680
-0.017478,-0.007330,0.015842,-0.003825,-0.019583,-0.004620,-0.009324,-0.288495,-0.031426,-0.054914,0.146233,-0.368776,0.387937,-0.210035
-0.017118,-0.005575,0.016598,-0.003757,-0.019754,-0.004365,-0.000984,-0.286078,-0.041926,-0.055748,0.164933,-0.375162,0.408759,-0.242897
-0.016770,-0.003869,0.017160,-0.004030,-0.020666,-0.003510,0.000858,-0.295495,-0.032620,-0.062857,0.166521,-0.370303,0.415631,-0.250528
-0.016369,-0.002165,0.017779,-0.004328,-0.019079,-0.003572,-0.002809,-0.298857,-0.019341,-0.070115,0.161186,-0.346375,0.394212,-0.230953
-0.015963,-0.000823,0.018430,-0.004778,-0.016377,-0.004070,-0.005423,-0.302431,0.017710,-0.085349,0.166625,-0.339920,0.398083,-0.235459
-0.015512,0.000546,0.019007,-0.004935,-0.015355,-0.003329,0.000852,-0.295303,-0.009939,-0.065049,0.170024,-0.371834,0.399189,-0.245244
-0.015083,0.001841,0.019396,-0.005112,-0.015654,-0.002428,0.019137,-0.274646,-0.081968,-0.025246,0.186680,-0.382076,0.382999,-0.257822
-0.014604,0.003191,0.019688,-0.005286,-0.014985,-0.001689,0.009283,-0.269549,-0.058836,-0.034508,0.171099,-0.352910,0.392988,-0.245910
-0.014143,0.004419,0.019839,-0.005512,-0.014708,-0.000944,-0.017990,-0.279614,0.018515,-0.060279,0.129550,-0.334146,0.387463,-0.196521
-0.013626,0.005722,0.019837,-0.005677,-0.014324,0.000012,-0.015458,-0.267269,0.013512,-0.052041,0.159140,-0.350977,0.370629,-0.208251
-0.013145,0.006919,0.019714,-0.005704,-0.014166,0.000767,0.003163,-0.259235,-0.013619,-0.038484,0.209620,-0.380704,0.392556,-0.268785
-0.012624,0.008258,0.019539,-0.005679,-0.014647,0.001013,-0.005784,-0.253097,0.015224,-0.050357,0.197980,-0.366042,0.391783,-0.252352
-0.012123,0.009505,0.019254,-0.005872,-0.014697,0.001781,-0.020493,-0.243672,0.057072,-0.072499,0.178021,-0.315272,0.368273,-0.210316
-0.011535,0.010803,0.018834,-0.006334,-0.014096,0.002423,-0.013730,-0.249822,0.054709,-0.067799,0.199012,-0.326055,0.357556,-0.223196
-0.010980,0.011971,0.018380,-0.006414,-0.013707,0.002835,-0.009473,-0.243736,0.051878,-0.059783,0.231882,-0.373693,0.342816,-0.243764
-0.010368,0.013189,0.017739,-0.006459,-0.013137,0.003697,-0.014482,-0.233717,0.081539,-0.067679,0.221673,-0.364075,0.355478,-0.238371
-0.009799,0.014250,0.016994,-0.006408,-0.012339,0.004659,-0.017762,-0.233190,0.099556,-0.077853,0.200470,-0.328219,0.371248,-0.226949
-0.009166,0.015372,0.016077,-0.006514,-0.012029,0.005291,-0.016854,-0.218248,0.099823,-0.078444,0.230079,-0.325440,0.351576,-0.235684
-0.008564,0.016388,0.015138,-0.006625,-0.011786,0.005875,-0.021878,-0.195745,0.108664,-0.084532,0.262756,-0.341757,0.332548,-0.246554
-0.007913,0.017624,0.014158,-0.006590,-0.013280,0.005645,-0.028889,-0.187833,0.131197,-0.090435,0.257379,-0.341507,0.319869,-0.228509
-0.007331,0.018705,0.013214,-0.006313,-0.012596,0.005902,-0.031052,-0.181944,0.141996,-0.091207,0.254972,-0.327285,0.307924,-0.214347
-0.006707,0.019713,0.012054,-0.006104,-0.010783,0.006692,-0.023202,-0.204560,0.155117,-0.089746,0.262375,-0.331313,0.307476,-0.222669
-0.006149,0.020726,0.011093,-0.005939,-0.011820,0.006014,-0.026121,-0.197414,0.154468,-0.092868,0.269762,-0.345980,0.301401,-0.224052
-0.005583,0.022009,0.010213,-0.005584,-0.013908,0.005068,-0.034632,-0.166874,0.165366,-0.113672,0.270981,-0.343371,0.324614,-0.234419
-0.005066,0.023168,0.009425,-0.005506,-0.013630,0.004928,-0.028293,-0.189030,0.171001,-0.109560,0.263727,-0.332927,0.324444,-0.230783
-0.004512,0.024407,0.008609,-0.005440,-0.013480,0.004706,-0.014573,-0.221242,0.158208,-0.091905,0.282008,-0.315348,0.270627,-0.217899
-0.004007,0.025568,0.007888,-0.005349,-0.013694,0.004507,-0.015118,-0.220354,0.171264,-0.100217,0.279829,-0.325780,0.289174,-0.227700
-0.003487,0.026747,0.007168,-0.005083,-0.012855,0.004157,-0.025546,-0.226965,0.211948,-0.121621,0.237382,-0.363967,0.340611,-0.223722
-0.003034,0.027704,0.006561,-0.004788,-0.011324,0.003789,-0.018906,-0.231412,0.207590,-0.118625,0.248758,-0.345834,0.330489,-0.228245
-0.002565,0.028477,0.006062,-0.004669,-0.008437,0.002880,0.001287,-0.226091,0.157029,-0.104114,0.290899,-0.305934,0.330353,-0.271130
-0.002155,0.029069,0.005795,-0.004600,-0.007022,0.001670,-0.001564,-0.215541,0.140286,-0.099914,0.282132,-0.323570,0.323954,-0.260803
-0.001746,0.029660,0.005626,-0.004321,-0.006481,0.000973,-0.012495,-0.193492,0.118223,-0.080400,0.252926,-0.343712,0.279935,-0.206213
-0.001396,0.030218,0.005550,-0.004089,-0.006635,0.000476,-0.002608,-0.200845,0.074029,-0.050738,0.244342,-0.341344,0.279640,-0.206248
-0.001035,0.030896,0.005521,-0.003930,-0.007453,0.000168,-0.000030,-0.224269,0.056555,-0.035334,0.226708,-0.356826,0.304929,-0.213492
-0.000717,0.031440,0.005555,-0.003827,-0.006474,-0.000211,-0.009343,-0.239793,0.086349,-0.043269,0.200530,-0.358773,0.319804,-0.197532
-0.000393,0.031990,0.005628,-0.003641,-0.006053,-0.000421,-0.009480,-0.254838,0.115912,-0.055302,0.194069,-0.340527,0.349552,-0.208155
-0.000101,0.032520,0.005723,-0.003590,-0.006304,-0.000592,0.004371,-0.248961,0.077432,-0.040301,0.216414,-0.345989,0.363457,-0.241401
0.000223,0.033164,0.005796,-0.003648,-0.007074,-0.000424,0.012722,-0.239770,0.052394,-0.033630,0.239945,-0.350042,0.349018,-0.254485
0.000538,0.033786,0.005810,-0.003758,-0.007407,-0.000085,0.003598,-0.246495,0.078298,-0.039763,0.219116,-0.329572,0.330384,-0.220728
0.000885,0.034409,0.005815,-0.003819,-0.006847,-0.000030,-0.004918,-0.257377,0.111857,-0.049546,0.196729,-0.322204,0.323524,-0.195278
0.001205,0.034959,0.005825,-0.003830,-0.006548,-0.000064,-0.000800,-0.260439,0.116894,-0.049087,0.210268,-0.350804,0.339963,-0.219082
0.001560,0.035534,0.005814,-0.003882,-0.006324,0.000066,0.008763,-0.255648,0.095642,-0.040392,0.227677,-0.367736,0.356405,-0.248608
0.001899,0.035964,0.005833,-0.004063,-0.005119,-0.000119,0.012205,-0.253562,0.090967,-0.040585,0.225562,-0.337519,0.356284,-0.246502
0.002275,0.036365,0.005831,-0.004128,-0.004404,0.000009,0.006661,-0.251434,0.107106,-0.045041,0.215299,-0.309824,0.344143,-0.226109
0.002625,0.036671,0.005817,-0.004145,-0.003648,0.000092,0.006809,-0.240304,0.091560,-0.029162,0.220218,-0.331815,0.324333,-0.218786
0.002980,0.036966,0.005803,-0.003887,-0.003238,0.000078,0.009371,-0.232508,0.077553,-0.018148,0.232752,-0.360397,0.318272,-0.226972
0.003297,0.037169,0.005747,-0.003701,-0.002423,0.000351,0.005796,-0.233580,0.080164,-0.015941,0.216517,-0.352817,0.330407,-0.219428
0.003642,0.037198,0.005619,-0.003625,-0.000333,0.000737,0.002276,-0.236034,0.081436,-0.019949,0.200643,-0.332607,0.336261,-0.208718
0.003966,0.037160,0.005427,-0.003588,0.000426,0.001199,0.000893,-0.224792,0.074579,-0.019169,0.214517,-0.336270,0.334559,-0.217366
0.004329,0.037031,0.005205,-0.003710,0.001383,0.001281,-0.001942,-0.196255,0.052235,-0.011170,0.231337,-0.353612,0.330593,-0.227783
0.004673,0.036834,0.004965,-0.003756,0.002308,0.001499,-0.007446,-0.182890,0.054503,-0.011805,0.231755,-0.347428,0.320919,-0.217678
0.005069,0.036623,0.004615,-0.003918,0.002270,0.002019,-0.010734,-0.176418,0.048059,0.001514,0.225185,-0.330536,0.300930,-0.195410
0.005440,0.036438,0.004265,-0.003932,0.002126,0.002189,-0.011257,-0.164925,0.035610,0.011817,0.232241,-0.339723,0.291409,-0.194151
0.005845,0.036227,0.003871,-0.003956,0.002244,0.002273,-0.018512,-0.162253,0.062422,0.008322,0.232070,-0.360352,0.298590,-0.192897
0.006219,0.035984,0.003465,-0.003894,0.002808,0.002539,-0.023080,-0.164753,0.079069,0.006291,0.224136,-0.354335,0.299154,-0.182603
0.006629,0.035700,0.003006,-0.003941,0.003026,0.002651,-0.014616,-0.160744,0.065631,0.012742,0.239073,-0.339473,0.302474,-0.197152
0.006997,0.035439,0.002569,-0.003794,0.002997,0.002728,-0.013220,-0.148639,0.058592,0.014512,0.252987,-0.347225,0.305949,-0.209753
0.007375,0.035178,0.002117,-0.003602,0.002756,0.002607,-0.020210,-0.140234,0.073573,0.012950,0.249108,-0.349640,0.287862,-0.190311
0.007715,0.034894,0.001699,-0.003495,0.003262,0.002615,-0.023307,-0.137786,0.078364,0.011948,0.247130,-0.336800,0.273334,-0.176391
0.008078,0.034502,0.001309,-0.003526,0.004206,0.002247,-0.019493,-0.143171,0.069704,0.016340,0.250140,-0.345963,0.277553,-0.183612
0.008421,0.034191,0.000908,-0.003568,0.003588,0.002509,-0.020271,-0.136393,0.062481,0.020438,0.252639,-0.364084,0.278663,-0.186629
0.008774,0.033871,0.000464,-0.003357,0.003387,0.002559,-0.018765,-0.128080,0.051076,0.028656,0.247710,-0.358436,0.284149,-0.186137
0.009068,0.033640,0.000128,-0.003061,0.002636,0.002098,-0.021308,-0.131768,0.072850,0.022415,0.245298,-0.341101,0.288620,-0.183264
0.009388,0.033464,-0.000254,-0.003074,0.001813,0.002205,-0.026273,-0.132423,0.084539,0.019386,0.246383,-0.339660,0.278417,-0.174055
0.009677,0.033301,-0.000602,-0.003009,0.001820,0.002179,-0.019672,-0.139763,0.073445,0.023732,0.256740,-0.352138,0.269032,-0.179297
0.009982,0.033077,-0.000968,-0.002935,0.002332,0.002109,-0.017890,-0.145508,0.086598,0.020621,0.259682,-0.357935,0.277624,-0.186475
0.010252,0.032819,-0.001276,-0.002829,0.002956,0.001923,-0.021998,-0.145173,0.100730,0.011839,0.244551,-0.351970,0.292708,-0.182690
0.010535,0.032396,-0.001500,-0.002852,0.004567,0.001296,-0.018669,-0.135940,0.088273,0.014330,0.251067,-0.345552,0.292326,-0.188304
0.010783,0.031864,-0.001697,-0.002719,0.006258,0.001228,-0.012426,-0.126823,0.062738,0.026048,0.269586,-0.347080,0.282551,-0.199795
0.011034,0.031177,-0.001933,-0.002499,0.007468,0.001365,-0.010174,-0.115297,0.028409,0.048579,0.266259,-0.353359,0.263322,-0.187100
0.011248,0.030428,-0.002187,-0.002252,0.008815,0.001582,-0.018579,-0.098555,0.016994,0.053720,0.250021,-0.354116,0.255202,-0.165073
0.011453,0.029519,-0.002571,-0.001844,0.009832,0.002219,-0.030698,-0.090453,0.023123,0.051406,0.231626,-0.359134,0.265005,-0.151325
0.011620,0.028503,-0.003030,-0.001485,0.011904,0.002867,-0.034831,-0.076573,0.004735,0.059288,0.238235,-0.367271,0.262869,-0.154192
0.011792,0.027340,-0.003556,-0.001370,0.012566,0.003032,-0.038222,-0.055701,-0.008086,0.056575,0.259425,-0.364638,0.265225,-0.169267
0.011942,0.026292,-0.004056,-0.001276,0.012247,0.003130,-0.050319,-0.025117,-0.018685,0.053117,0.259754,-0.359807,0.262803,-0.160394
0.012091,0.025139,-0.004618,-0.001132,0.012438,0.003237,-0.055617,-0.009430,-0.026567,0.059446,0.262576,-0.354822,0.236161,-0.140782
0.012211,0.024057,-0.005157,-0.000917,0.012643,0.003369,-0.057260,-0.009612,-0.028933,0.069484,0.273118,-0.356363,0.210149,-0.130318
0.012329,0.022858,-0.005749,-0.000807,0.012928,0.003420,-0.062994,-0.006171,-0.027138,0.070452,0.267572,-0.372829,0.211180,-0.124152
0.012429,0.021767,-0.006302,-0.000719,0.012732,0.003459,-0.069594,-0.000840,-0.018570,0.061960,0.255139,-0.385575,0.230102,-0.122070
0.012529,0.020663,-0.006919,-0.000636,0.011872,0.003559,-0.068869,0.006517,-0.024255,0.062981,0.260444,-0.377554,0.240059,-0.130930
0.012616,0.019710,-0.007519,-0.000568,0.011062,0.003746,-0.064223,0.011814,-0.032972,0.066679,0.279470,-0.362986,0.234916,-0.143350
0.012712,0.018778,-0.008245,-0.000564,0.009916,0.004185,-0.068198,0.012170,-0.015406,0.061721,0.284616,-0.358774,0.219815,-0.133134
0.012788,0.017929,-0.008925,-0.000433,0.009789,0.004252,-0.076542,0.013562,0.010352,0.051417,0.277934,-0.362642,0.207919,-0.113882
0.012868,0.017048,-0.009728,-0.000378,0.009323,0.004633,-0.078827,0.013096,0.033538,0.038802,0.282781,-0.370437,0.216991,-0.120301
0.012928,0.016160,-0.010510,-0.000220,0.010192,0.004888,-0.074051,0.017208,0.021163,0.039388,0.295016,-0.378467,0.226471,-0.138469
0.012965,0.015156,-0.011415,0.000097,0.010631,0.005223,-0.072292,0.026763,0.024644,0.031790,0.310672,-0.366614,0.223650,-0.147508
0.012985,0.014193,-0.012265,0.000251,0.011050,0.005313,-0.079564,0.045901,0.025336,0.025813,0.309870,-0.352209,0.215273,-0.136405
0.013012,0.013029,-0.013101,0.000112,0.012417,0.004826,-0.086771,0.064111,0.021639,0.018652,0.314743,-0.355715,0.195808,-0.124386
0.013027,0.011959,-0.013770,0.000149,0.012413,0.004178,-0.089329,0.074484,0.009635,0.024959,0.324858,-0.368428,0.177041,-0.119293
0.013029,0.010876,-0.014464,0.000265,0.011591,0.004002,-0.085208,0.086166,-0.026993,0.048163,0.324816,-0.378682,0.168841,-0.117044
0.013023,0.009989,-0.015106,0.000326,0.010252,0.004015,-0.083777,0.079052,-0.035628,0.057284,0.310224,-0.380456,0.173918,-0.108803
0.013007,0.009057,-0.015792,0.000413,0.009929,0.003956,-0.093781,0.066658,-0.002824,0.048243,0.290162,-0.373375,0.179062,-0.089653
0.012984,0.008244,-0.016399,0.000484,0.009385,0.003793,-0.097359,0.056702,0.029913,0.034836,0.289585,-0.370964,0.194555,-0.095447
0.012953,0.007360,-0.017040,0.000517,0.009416,0.003701,-0.089349,0.061189,0.019185,0.036206,0.312194,-0.383220,0.210791,-0.125113
0.398280,0.276534,0.336745,0.000125,-0.000015,-0.000013,0.000000,0.000000,0.000000,0.000000,0.000000,0.000000,0.000000,0.000000
0.398287,0.276477,0.336714,0.000286,0.000260,0.000230,0.955531,-1.000000,-0.319084,1.000000,-0.150472,-0.559024,-0.545727,-0.158005
0.398330,0.276200,0.336541,0.001179,0.000659,0.001000,0.955066,-1.000000,-0.320281,1.000000,-0.150999,-0.559156,-0.545959,-0.157588
0.398509,0.275387,0.335946,0.004000,0.000820,0.003715,0.668430,-1.000000,0.372726,1.000000,-0.963980,-0.289429,0.408711,0.031262
0.398982,0.273436,0.334432,0.009156,0.000579,0.008738,0.660380,-1.000000,0.376346,1.000000,-0.964400,-0.288034,0.411901,0.031922
0.399909,0.270165,0.331715,0.016581,-0.001725,0.016983,0.750767,-1.000000,0.271636,1.000000,-0.354258,-0.239323,0.220056,-0.287555
0.401821,0.264262,0.326616,0.025960,-0.005899,0.029404,0.700532,-1.000000,0.330850,1.000000,-0.349132,-0.221238,0.241333,-0.289482
0.404602,0.256102,0.319470,0.036334,-0.011043,0.044689,0.578291,-1.000000,0.597902,1.000000,-0.525489,-0.218173,0.193389,-0.089614
0.408549,0.244159,0.308958,0.047116,-0.017097,0.060635,0.466890,-1.000000,0.811463,1.000000,-0.483329,-0.178841,0.262628,-0.105816
0.412729,0.230403,0.296835,0.057357,-0.023518,0.075735,0.365004,-1.000000,0.963400,0.994790,-0.383844,-0.154497,0.429606,-0.226903
0.417407,0.212875,0.281295,0.066741,-0.031738,0.089644,0.239116,-1.000000,1.000000,0.674420,-0.258701,-0.112742,0.511314,-0.272126
0.421435,0.194386,0.265052,0.074899,-0.036681,0.101584,0.110994,-0.864410,1.000000,0.367683,-0.128967,-0.061041,0.544645,-0.281443
0.425014,0.172460,0.246010,0.080047,-0.039736,0.109795,0.002442,-0.692769,1.000000,0.126085,0.038169,-0.062108,0.576285,-0.372719
0.427333,0.151311,0.227863,0.081206,-0.039880,0.113483,-0.106575,-0.505442,1.000000,-0.061965,0.226790,-0.072521,0.498906,-0.422081
0.428536,0.128439,0.208654,0.078470,-0.034883,0.110767,-0.193773,-0.313815,1.000000,-0.186875,0.383909,-0.034137,0.386371,-0.424979
0.428103,0.108559,0.192412,0.076518,-0.025528,0.101530,-0.235056,-0.128087,1.000000,-0.199895,0.503683,-0.014573,0.290772,-0.421519
0.425722,0.089760,0.177436,0.077053,-0.015985,0.086383,-0.224268,0.044107,1.000000,-0.067907,0.606944,-0.049859,0.158291,-0.396914
0.421744,0.075442,0.166341,0.081529,-0.006821,0.069359,-0.177237,0.152315,1.000000,0.146292,0.654177,-0.089899,-0.008027,-0.328225
0.415556,0.063368,0.157326,0.089640,0.001105,0.052025,-0.117366,0.174157,1.000000,0.373832,0.607781,-0.137690,-0.132885,-0.217131
0.406061,0.053509,0.150444,0.102555,0.008187,0.034411,-0.073770,0.122554,1.000000,0.534730,0.474724,-0.228115,-0.169169,-0.102691
0.396698,0.048178,0.147160,0.117712,0.013556,0.020512,-0.033226,0.024866,0.681444,0.633179,0.319033,-0.331803,-0.136865,-0.034849
0.384795,0.044286,0.145212,0.134041,0.016091,0.011244,0.017341,-0.101944,0.116080,0.674704,0.172272,-0.403997,-0.075595,-0.022773
0.372257,0.041767,0.144292,0.150714,0.016747,0.005748,-0.004778,-0.251065,-0.266995,0.611448,-0.053678,-0.433508,0.034354,0.024766
0.357360,0.039530,0.143762,0.164492,0.017776,0.003056,-0.136852,-0.373412,-0.424581,0.372383,-0.344958,-0.451850,0.188518,0.105537
0.342874,0.037561,0.143428,0.172777,0.018955,0.002086,-0.260809,-0.421427,-0.603029,0.066972,-0.493070,-0.488783,0.365835,0.068002
0.326927,0.035169,0.142800,0.176226,0.018867,0.003628,-0.318627,-0.415584,-0.880631,-0.174472,-0.464583,-0.510745,0.528612,-0.100872
0.312276,0.032584,0.141740,0.175727,0.017806,0.006622,-0.353077,-0.362000,-1.000000,-0.315526,-0.393170,-0.464179,0.582351,-0.228826
0.296579,0.029529,0.140216,0.174175,0.017135,0.008792,-0.431077,-0.276562,-1.000000,-0.469908,-0.366969,-0.367819,0.548794,-0.215192
0.282315,0.026605,0.138524,0.171599,0.016046,0.010573,-0.494151,-0.210314,-1.000000,-0.583865,-0.350046,-0.319570,0.472387,-0.151413
0.267164,0.023279,0.136296,0.168531,0.014824,0.012862,-0.516580,-0.171086,-1.000000,-0.635760,-0.296737,-0.365010,0.393068,-0.141570
0.253515,0.019972,0.133534,0.164739,0.011767,0.017255,-0.529749,-0.150705,-1.000000,-0.675974,-0.262799,-0.417291,0.369300,-0.156365
0.239188,0.016032,0.129301,0.160134,0.006229,0.024425,-0.557139,-0.129118,-1.000000,-0.753350,-0.277091,-0.408036,0.395731,-0.150961
0.226416,0.012038,0.123990,0.154805,0.000007,0.033187,-0.594719,-0.096264,-1.000000,-0.855036,-0.266492,-0.363544,0.427694,-0.153439
0.213109,0.007282,0.116561,0.148627,-0.005833,0.042858,-0.644677,-0.041784,-0.829582,-0.986263,-0.193121,-0.325665,0.435399,-0.176394
0.201403,0.002795,0.108415,0.140789,-0.011539,0.050928,-0.698525,0.039280,-0.572759,-1.000000,-0.092627,-0.291679,0.415370,-0.193351
0.189521,-0.001760,0.098852,0.130468,-0.016437,0.055159,-0.729553,0.154874,-0.379104,-1.000000,0.050118,-0.256418,0.364062,-0.227229
0.179463,-0.005511,0.090110,0.118335,-0.017287,0.054650,-0.734678,0.234396,-0.191691,-1.000000,0.189228,-0.234621,0.324058,-0.249203
0.169725,-0.008829,0.081617,0.104683,-0.016131,0.048990,-0.709921,0.279267,-0.046117,-1.000000,0.286766,-0.212779,0.227814,-0.213094
0.161931,-0.011026,0.075353,0.090341,-0.013594,0.039161,-0.636144,0.314635,-0.027342,-1.000000,0.378205,-0.212073,0.119372,-0.202383
0.154846,-0.012379,0.070850,0.075959,-0.010283,0.025974,-0.529371,0.298742,-0.103619,-0.835081,0.417739,-0.272796,0.048129,-0.210017
0.149537,-0.012716,0.069021,0.062328,-0.006580,0.011434,-0.405401,0.244921,-0.245588,-0.538468,0.379494,-0.332507,-0.041603,-0.166314
0.145047,-0.012128,0.069408,0.049489,-0.004461,-0.002233,-0.277209,0.126704,-0.377959,-0.226159,0.268580,-0.375436,-0.037474,-0.103983
0.141896,-0.010889,0.071427,0.038412,-0.003794,-0.012625,-0.156178,-0.054847,-0.465229,0.098343,0.090545,-0.448208,0.063866,-0.047678
0.139252,-0.009130,0.074579,0.030172,-0.003883,-0.018186,-0.028276,-0.248458,-0.501064,0.423837,-0.053225,-0.504221,0.191553,-0.056238
0.137257,-0.007441,0.077596,0.024669,-0.004395,-0.018833,0.086595,-0.412511,-0.461085,0.672448,-0.154094,-0.501420,0.372417,-0.119011
0.135345,-0.005857,0.080437,0.021698,-0.003942,-0.016403,0.140988,-0.498746,-0.329635,0.762042,-0.237888,-0.452446,0.533354,-0.136542
0.133692,-0.004739,0.082454,0.020075,-0.003089,-0.012601,0.146256,-0.494259,-0.153171,0.728172,-0.231648,-0.379242,0.598826,-0.129218
0.131990,-0.003807,0.084195,0.018981,-0.002209,-0.010048,0.149253,-0.441630,-0.071181,0.686079,-0.132488,-0.339593,0.573294,-0.159796
0.130450,-0.003073,0.085424,0.018495,-0.002676,-0.007684,0.158807,-0.376424,-0.081912,0.679487,-0.010563,-0.354111,0.483423,-0.197516
0.128727,-0.002480,0.086176,0.019012,-0.003128,-0.004339,0.157857,-0.341160,-0.106177,0.687741,0.027830,-0.375286,0.392270,-0.172136
0.127012,-0.002077,0.086222,0.020404,-0.004576,-0.000286,0.134073,-0.343323,-0.065424,0.664229,-0.018442,-0.372502,0.353136,-0.104488
0.124922,-0.001846,0.085393,0.022918,-0.006173,0.004784,0.096644,-0.342932,0.000109,0.601226,-0.062419,-0.376389,0.378489,-0.078393
0.122672,-0.002028,0.083579,0.026638,-0.006312,0.011344,0.068477,-0.330460,0.053606,0.515844,-0.042779,-0.389268,0.428740,-0.119629
0.119897,-0.002538,0.080507,0.030204,-0.007399,0.017716,0.033547,-0.288163,0.102714,0.399954,0.022857,-0.367384,0.454029,-0.173590
0.117060,-0.003291,0.076647,0.033307,-0.008337,0.024123,-0.028539,-0.199164,0.164643,0.238583,0.095052,-0.316769,0.446660,-0.199720
0.113730,-0.004393,0.071436,0.035833,-0.008952,0.030070,-0.093939,-0.112021,0.227041,0.083136,0.169566,-0.290594,0.395938,-0.200512
0.110494,-0.005397,0.065937,0.037429,-0.011423,0.034377,-0.150345,-0.016100,0.251915,-0.038740,0.271380,-0.292860,0.297112,-0.200497
0.106893,-0.006392,0.059541,0.038141,-0.013463,0.036908,-0.202551,0.080154,0.281168,-0.158350,0.355110,-0.296776,0.231708,-0.208998
0.103511,-0.007147,0.053537,0.038600,-0.014989,0.037519,-0.248113,0.128357,0.345438,-0.259961,0.380671,-0.294817,0.191116,-0.185150
0.099842,-0.007832,0.047073,0.038492,-0.015561,0.037291,-0.271533,0.164621,0.368349,-0.316605,0.415034,-0.280105,0.126789,-0.161136
0.096451,-0.008315,0.041286,0.038468,-0.015831,0.036163,-0.269755,0.181088,0.343738,-0.342914,0.460602,-0.286537,0.100461,-0.185922
0.092767,-0.008825,0.035172,0.038534,-0.014737,0.035274,-0.276741,0.189551,0.339003,-0.366802,0.464729,-0.314361,0.092248,-0.182335
0.089367,-0.009222,0.029871,0.038532,-0.013642,0.033098,-0.285678,0.192169,0.344074,-0.390389,0.441164,-0.307799,0.083019,-0.150464
0.085657,-0.009557,0.024533,0.038963,-0.012783,0.030826,-0.289348,0.206528,0.324440,-0.410287,0.444457,-0.294721,0.096565,-0.158004
0.082179,-0.009891,0.019959,0.039674,-0.010669,0.028592,-0.280113,0.204681,0.267657,-0.401398,0.455403,-0.317223,0.099503,-0.178052
0.078351,-0.010057,0.015408,0.040425,-0.011072,0.026254,-0.277169,0.206212,0.216412,-0.398290,0.459077,-0.320851,0.066811,-0.163708
0.074781,-0.009987,0.011582,0.040997,-0.012041,0.023914,-0.284687,0.211157,0.173531,-0.409844,0.427639,-0.310885,0.074220,-0.138934
0.070895,-0.009820,0.007996,0.041407,-0.011087,0.020692,-0.294007,0.182986,0.160514,-0.435404,0.387117,-0.331035,0.095354,-0.119676
0.067304,-0.009545,0.005180,0.041679,-0.010736,0.017597,-0.292641,0.152470,0.137657,-0.442484,0.383181,-0.345561,0.092558,-0.122425
0.063444,-0.009110,0.002610,0.041547,-0.010748,0.014828,-0.274004,0.134053,0.056194,-0.430557,0.385840,-0.351387,0.123643,-0.162272
0.059943,-0.008647,0.000773,0.041032,-0.009857,0.011479,-0.262523,0.107952,0.001255,-0.427807,0.357025,-0.362313,0.158988,-0.171400
0.056204,-0.008256,-0.000821,0.040615,-0.007601,0.009193,-0.264423,0.085128,-0.011393,-0.431419,0.317730,-0.346275,0.157659,-0.138893
0.052866,-0.007807,-0.001759,0.039436,-0.007308,0.005865,-0.248931,0.060288,-0.069037,-0.405026,0.298646,-0.341549,0.165783,-0.142790
0.049374,-0.007346,-0.002333,0.038228,-0.006125,0.003314,-0.237431,0.056480,-0.145414,-0.383521,0.296443,-0.379754,0.187663,-0.169707
0.046291,-0.006982,-0.002431,0.036662,-0.004512,0.000607,-0.223216,0.017795,-0.179996,-0.350436,0.257589,-0.395375,0.205602,-0.158763
0.043122,-0.006706,-0.002075,0.034917,-0.002466,-0.002054,-0.213755,-0.006995,-0.216493,-0.320090,0.217772,-0.366995,0.211129,-0.135647
0.040331,-0.006573,-0.001482,0.033359,-0.000626,-0.003702,-0.194454,-0.030482,-0.263038,-0.281591,0.194704,-0.375487,0.253581,-0.155823
0.037464,-0.006438,-0.000511,0.031737,-0.000122,-0.005603,-0.176350,-0.047252,-0.322211,-0.227643,0.178648,-0.417739,0.269445,-0.164753
0.034939,-0.006395,0.000601,0.030302,0.001043,-0.006944,-0.167286,-0.052446,-0.351510,-0.196313,0.161934,-0.404648,0.276518,-0.158057
0.032311,-0.006356,0.002058,0.029227,0.001331,-0.008416,-0.158617,-0.086952,-0.356887,-0.171737,0.119029,-0.380990,0.308473,-0.147249
0.029969,-0.006275,0.003626,0.028247,0.000931,-0.009800,-0.149708,-0.099272,-0.387241,-0.136820,0.105386,-0.398205,0.305412,-0.138799
0.027478,-0.006258,0.005330,0.027744,0.001577,-0.009831,-0.134871,-0.116966,-0.418858,-0.111750,0.107518,-0.420530,0.321880,-0.157959
0.025212,-0.006435,0.006719,0.027278,0.003529,-0.008675,-0.126988,-0.152054,-0.426964,-0.095840,0.076370,-0.421854,0.346093,-0.154514
0.022799,-0.006767,0.007995,0.026815,0.004762,-0.007366,-0.134213,-0.153470,-0.425941,-0.109511,0.052525,-0.402491,0.362563,-0.145168
0.020632,-0.007086,0.009043,0.026048,0.004694,-0.006545,-0.145983,-0.122598,-0.422456,-0.133884,0.058228,-0.402065,0.401259,-0.169207
0.018316,-0.007493,0.009867,0.025657,0.005060,-0.004761,-0.154265,-0.094001,-0.434445,-0.144995,0.082662,-0.411999,0.397419,-0.184216
0.016227,-0.007896,0.010313,0.024976,0.005098,-0.002783,-0.151442,-0.081674,-0.453400,-0.135852,0.114622,-0.385328,0.342973,-0.173657
0.014051,-0.008288,0.010504,0.023977,0.004416,-0.001102,-0.168142,-0.059564,-0.438527,-0.159426,0.118823,-0.366813,0.321420,-0.154749
0.012119,-0.008537,0.010418,0.022963,0.002915,0.000536,-0.197037,-0.038600,-0.381221,-0.196591,0.098572,-0.396982,0.329086,-0.129977
0.010113,-0.008738,0.009958,0.021910,0.002021,0.002653,-0.204495,-0.024223,-0.354848,-0.209010,0.120415,-0.412398,0.319594,-0.135631
0.008335,-0.008903,0.009133,0.020908,0.001658,0.005158,-0.193299,-0.021783,-0.343738,-0.215465,0.170537,-0.388842,0.324333,-0.179058
0.006516,-0.009062,0.007949,0.019617,0.001398,0.006833,-0.202881,-0.004124,-0.294077,-0.244947,0.187237,-0.369193,0.326330,-0.181583
0.004928,-0.009207,0.006604,0.018452,0.001409,0.008405,-0.225887,0.036784,-0.223484,-0.287416,0.197448,-0.356019,0.302267,-0.152570
0.003302,-0.009343,0.004925,0.017327,0.001208,0.009687,-0.224718,0.066582,-0.206651,-0.292121,0.240326,-0.356109,0.270950,-0.159523
0.001903,-0.009420,0.003292,0.016094,0.000709,0.010204,-0.216268,0.092000,-0.219204,-0.281682,0.293238,-0.368470,0.232504,-0.178183
0.000484,-0.009345,0.001503,0.015016,-0.000932,0.010328,-0.224956,0.108527,-0.185268,-0.293588,0.295458,-0.363910,0.208076,-0.153365
-0.000725,-0.009144,-0.000166,0.013803,-0.002419,0.010428,-0.234297,0.109292,-0.140675,-0.301377,0.269545,-0.353039,0.195435,-0.112606
-0.001937,-0.008906,-0.001933,0.012756,-0.002577,0.010193,-0.226365,0.095225,-0.119114,-0.298369,0.285319,-0.364406,0.191962,-0.122664
-0.002983,-0.008696,-0.003479,0.011937,-0.002382,0.009660,-0.214390,0.081808,-0.097636,-0.292824,0.314235,-0.383982,0.205404,-0.156279
-0.004032,-0.008433,-0.005019,0.011072,-0.002738,0.008890,-0.208188,0.083056,-0.082686,-0.293366,0.313231,-0.376737,0.220634,-0.161666
-0.004944,-0.008241,-0.006406,0.010428,-0.002075,0.008671,-0.199172,0.087055,-0.084386,-0.288260,0.310152,-0.353042,0.221149,-0.155818
-0.005912,-0.008230,-0.007968,0.010177,0.000151,0.009004,-0.187640,0.080989,-0.090928,-0.271645,0.322874,-0.349423,0.200313,-0.155064
-0.006747,-0.008197,-0.009229,0.009548,-0.000110,0.007873,-0.188450,0.089700,-0.091608,-0.264781,0.329977,-0.363499,0.179540,-0.147197
-0.007589,-0.008055,-0.010357,0.008935,-0.001305,0.006515,-0.201172,0.117449,-0.090536,-0.277744,0.316830,-0.375618,0.192744,-0.137497
-0.008316,-0.007744,-0.011083,0.008446,-0.003493,0.004534,-0.191591,0.098101,-0.100884,-0.259642,0.302953,-0.378118,0.199057,-0.132664
-0.009052,-0.007420,-0.011670,0.007927,-0.003392,0.003386,-0.171384,0.069075,-0.126588,-0.224733,0.318739,-0.365365,0.169253,-0.135210
-0.009689,-0.007095,-0.011991,0.007490,-0.003762,0.002011,-0.157238,0.021800,-0.114861,-0.212767,0.301580,-0.369187,0.186298,-0.138574
-0.010346,-0.006805,-0.012262,0.007164,-0.003097,0.001559,-0.162042,0.006240,-0.092532,-0.216497,0.256793,-0.395921,0.221822,-0.121787
-0.010944,-0.006602,-0.012487,0.007056,-0.002323,0.001410,-0.148570,-0.010332,-0.098081,-0.211271,0.248658,-0.399686,0.261104,-0.146262
-0.011567,-0.006500,-0.012735,0.006789,-0.001034,0.001430,-0.132202,-0.010449,-0.130019,-0.198004,0.277151,-0.381391,0.279423,-0.189248
-0.012132,-0.006443,-0.012882,0.006689,-0.000613,0.000916,-0.132197,0.001397,-0.136690,-0.201577,0.283753,-0.360607,0.272431,-0.189321
-0.012749,-0.006388,-0.012919,0.006770,-0.000587,0.000212,-0.143199,0.021655,-0.131709,-0.202661,0.270078,-0.352524,0.242802,-0.150514
-0.013299,-0.006328,-0.012824,0.006571,-0.000757,-0.000590,-0.141653,0.021319,-0.153742,-0.188709,0.267733,-0.368064,0.217854,-0.135489
-0.013853,-0.006304,-0.012572,0.006151,-0.000381,-0.001453,-0.135400,0.004367,-0.185595,-0.171935,0.267814,-0.396271,0.212349,-0.140437
-0.014340,-0.006454,-0.012335,0.005852,0.001664,-0.001481,-0.134366,-0.016316,-0.185947,-0.166952,0.241645,-0.403118,0.235783,-0.137621
-0.014871,-0.006908,-0.012269,0.005848,0.004954,-0.000384,-0.132529,-0.028789,-0.183590,-0.161605,0.212107,-0.393196,0.271581,-0.138194
-0.015336,-0.007491,-0.012206,0.005559,0.006911,-0.000396,-0.128944,-0.007058,-0.210162,-0.152760,0.223827,-0.390136,0.292172,-0.161889
-0.015806,-0.008303,-0.012125,0.005178,0.008872,-0.000464,-0.137521,0.045083,-0.235620,-0.157260,0.252972,-0.388291,0.293354,-0.180385
-0.016246,-0.009092,-0.012084,0.005255,0.009367,-0.000260,-0.141342,0.067568,-0.262530,-0.138507,0.255586,-0.374992,0.252707,-0.152468
-0.016765,-0.009982,-0.012119,0.005684,0.009801,0.000207,-0.141104,0.087588,-0.308949,-0.102765,0.260117,-0.364787,0.185671,-0.112227
-0.017240,-0.010842,-0.012245,0.005622,0.010327,0.000785,-0.154194,0.087417,-0.301611,-0.105355,0.242288,-0.393471,0.185802,-0.094473
-0.017761,-0.011841,-0.012523,0.005608,0.011137,0.001603,-0.180718,0.084159,-0.268557,-0.129498,0.201890,-0.432281,0.210103,-0.070456
-0.018217,-0.012698,-0.012758,0.005331,0.010363,0.001472,-0.180677,0.094126,-0.270688,-0.135763,0.213574,-0.421630,0.239907,-0.096755
-0.018709,-0.013655,-0.013136,0.005243,0.010747,0.002177,-0.171002,0.113891,-0.294658,-0.136265,0.255300,-0.399755,0.272505,-0.152254
-0.019156,-0.014560,-0.013593,0.005086,0.011084,0.002859,-0.167578,0.114651,-0.294263,-0.127447,0.268822,-0.385721,0.236813,-0.137452
-0.019637,-0.015509,-0.014145,0.005014,0.010808,0.003185,-0.180126,0.141500,-0.282917,-0.132460,0.273719,-0.363379,0.173419,-0.089627
-0.020076,-0.016238,-0.014508,0.005003,0.008939,0.002270,-0.192774,0.155715,-0.262124,-0.148009,0.263088,-0.387875,0.186615,-0.083340
-0.020575,-0.016902,-0.014757,0.005351,0.007472,0.001434,-0.198534,0.154104,-0.261272,-0.148388,0.259364,-0.433655,0.188116,-0.081709
-0.021008,-0.017445,-0.014908,0.005057,0.006573,0.000944,-0.180467,0.125439,-0.281581,-0.132548,0.274102,-0.414895,0.178470,-0.095052
-0.021430,-0.018001,-0.015039,0.004561,0.006213,0.000757,-0.172348,0.097423,-0.285500,-0.137588,0.263305,-0.389778,0.202806,-0.106614
-0.021808,-0.018512,-0.015254,0.004350,0.006256,0.001341,-0.179306,0.090190,-0.252189,-0.150305,0.235806,-0.405207,0.223495,-0.094197
-0.022175,-0.018923,-0.015441,0.003919,0.004659,0.001079,-0.177710,0.097318,-0.239481,-0.150005,0.243684,-0.413282,0.229679,-0.103414
-0.022488,-0.019184,-0.015521,0.003671,0.003165,0.000501,-0.170698,0.108030,-0.246708,-0.153039,0.273965,-0.400318,0.242686,-0.137206
-0.022806,-0.019405,-0.015588,0.003450,0.002481,0.000389,-0.163347,0.090841,-0.235349,-0.148212,0.276184,-0.386534,0.230754,-0.131273
-0.023074,-0.019526,-0.015604,0.003177,0.001455,0.000097,-0.159653,0.076610,-0.228606,-0.139547,0.269926,-0.375796,0.190481,-0.099609
-0.023334,-0.019444,-0.015486,0.002932,-0.000988,-0.000679,-0.160009,0.071783,-0.214032,-0.146991,0.263718,-0.392982,0.205994,-0.104272
-0.023557,-0.019255,-0.015290,0.002797,-0.002421,-0.001225,-0.160695,0.053982,-0.193084,-0.154213,0.246369,-0.425798,0.240835,-0.115153
-0.023767,-0.019000,-0.015074,0.002458,-0.002982,-0.001246,-0.146218,0.020160,-0.185072,-0.149107,0.249586,-0.407311,0.241933,-0.124549
-0.023934,-0.018755,-0.014879,0.002120,-0.003085,-0.001222,-0.130543,-0.000064,-0.187830,-0.147136,0.261008,-0.374268,0.257676,-0.149245
-0.024081,-0.018512,-0.014656,0.001763,-0.002858,-0.001283,-0.131882,-0.000538,-0.163879,-0.159151,0.252434,-0.386778,0.279271,-0.154623
-0.024207,-0.018368,-0.014515,0.001593,-0.001838,-0.000884,-0.135286,0.007919,-0.148201,-0.163217,0.250491,-0.396131,0.266793,-0.142101
-0.024351,-0.018303,-0.014488,0.001598,-0.000747,-0.000157,-0.123267,0.011134,-0.171494,-0.149477,0.270128,-0.379394,0.256630,-0.156350
-0.024487,-0.018253,-0.014519,0.001608,-0.000556,0.000195,-0.121673,0.022168,-0.189461,-0.144488,0.276576,-0.380755,0.257532,-0.164166
-0.024631,-0.018206,-0.014585,0.001531,-0.000464,0.000382,-0.139060,0.042268,-0.170036,-0.159485,0.261129,-0.387269,0.246929,-0.136563
-0.024759,-0.018193,-0.014691,0.001455,-0.000059,0.000662,-0.146710,0.046607,-0.158397,-0.165305,0.255921,-0.379511,0.236123,-0.121365
-0.024896,-0.018307,-0.014890,0.001382,0.001421,0.001148,-0.139301,0.044828,-0.179729,-0.153030,0.275406,-0.384883,0.231930,-0.138931
-0.025047,-0.018474,-0.015182,0.001598,0.002257,0.001826,-0.138730,0.051538,-0.186866,-0.150327,0.284385,-0.398126,0.234634,-0.148149
-0.025229,-0.018662,-0.015538,0.001777,0.002379,0.002054,-0.150631,0.073014,-0.177927,-0.159508,0.269802,-0.391618,0.238898,-0.131439
-0.025377,-0.018825,-0.015832,0.001550,0.002223,0.001835,-0.159679,0.089510,-0.172976,-0.172671,0.269267,-0.377149,0.237129,-0.124560
-0.025502,-0.019047,-0.016056,0.001228,0.002632,0.001291,-0.157912,0.092744,-0.188775,-0.166525,0.290689,-0.380685,0.216054,-0.129773
-0.025602,-0.019221,-0.016214,0.001087,0.002227,0.000989,-0.151977,0.091339,-0.203617,-0.149641,0.303300,-0.390057,0.192976,-0.127934
-0.025695,-0.019340,-0.016296,0.000964,0.001378,0.000473,-0.151577,0.088489,-0.207957,-0.138641,0.282801,-0.396484,0.196924,-0.113419
-0.025769,-0.019376,-0.016290,0.000882,0.000423,-0.000036,-0.155735,0.076465,-0.189421,-0.143606,0.257796,-0.399852,0.213905,-0.101886
-0.025844,-0.019495,-0.016331,0.000792,0.001339,0.000234,-0.151105,0.057692,-0.182172,-0.139946,0.256933,-0.399551,0.224804,-0.110548
-0.025917,-0.019731,-0.016425,0.000805,0.002901,0.000593,-0.139132,0.043091,-0.188949,-0.133024,0.271873,-0.398154,0.235693,-0.134815
-0.025988,-0.019926,-0.016459,0.000762,0.002172,0.000194,-0.140652,0.059995,-0.189986,-0.138205,0.275545,-0.396559,0.250308,-0.144050
-0.026042,-0.020077,-0.016447,0.000649,0.001789,-0.000077,-0.148512,0.086538,-0.192401,-0.146424,0.269923,-0.389917,0.252101,-0.135413
-0.026085,-0.020161,-0.016357,0.000533,0.000837,-0.000517,-0.142547,0.076440,-0.202530,-0.133825,0.277695,-0.379476,0.219851,-0.123609
-0.026103,-0.020242,-0.016223,0.000312,0.000837,-0.000841,-0.136920,0.067732,-0.218557,-0.115630,0.288815,-0.380579,0.187437,-0.115947
-0.026119,-0.020249,-0.015951,0.000367,-0.000163,-0.001569,-0.140343,0.049925,-0.196006,-0.121443,0.263007,-0.404049,0.209986,-0.109520
-0.026143,-0.020150,-0.015531,0.000612,-0.001588,-0.002627,-0.145057,0.041014,-0.179414,-0.124049,0.233616,-0.420269,0.237744,-0.101858
-0.026162,-0.019912,-0.014931,0.000625,-0.003157,-0.003456,-0.128941,0.021622,-0.195223,-0.117233,0.245238,-0.405084,0.258752,-0.132330
-0.026173,-0.019576,-0.014284,0.000606,-0.004637,-0.004051,-0.111563,-0.007779,-0.216056,-0.105634,0.257434,-0.391714,0.263889,-0.154987
-0.026186,-0.019228,-0.013636,0.000590,-0.004410,-0.003737,-0.110012,-0.028684,-0.198708,-0.108327,0.241411,-0.387150,0.254522,-0.137047
-0.026184,-0.018849,-0.013037,0.000403,-0.005103,-0.003743,-0.113599,-0.048158,-0.165355,-0.121427,0.214468,-0.390618,0.268562,-0.123689
-0.026189,-0.018351,-0.012314,0.000522,-0.006118,-0.004169,-0.112883,-0.044706,-0.165118,-0.129501,0.216846,-0.405922,0.296690,-0.146855
-0.026210,-0.017802,-0.011544,0.000789,-0.007287,-0.004812,-0.100287,-0.051787,-0.173066,-0.126810,0.236515,-0.405587,0.314865,-0.181138
-0.026238,-0.017251,-0.010789,0.000772,-0.006745,-0.004354,-0.092300,-0.068102,-0.181876,-0.121317,0.239459,-0.377819,0.296258,-0.175571
-0.026276,-0.016734,-0.010116,0.000883,-0.006815,-0.004209,-0.090527,-0.086497,-0.179224,-0.124727,0.223950,-0.361869,0.278407,-0.153348
-0.026322,-0.016039,-0.009262,0.001004,-0.008405,-0.004927,-0.100944,-0.077596,-0.163151,-0.137349,0.211001,-0.389726,0.291937,-0.149848
-0.026370,-0.015306,-0.008434,0.001064,-0.009555,-0.005177,-0.103662,-0.080507,-0.156851,-0.147149,0.205687,-0.415831,0.316923,-0.165938
-0.026453,-0.014679,-0.007746,0.001274,-0.007510,-0.003964,-0.086560,-0.113231,-0.178037,-0.133601,0.213242,-0.393420,0.312287,-0.179038
-0.026595,-0.014207,-0.007359,0.001906,-0.005994,-0.002421,-0.077274,-0.131632,-0.181387,-0.132681,0.216684,-0.362440,0.312258,-0.186184
-0.026831,-0.013796,-0.007206,0.002663,-0.004663,-0.000884,-0.100436,-0.095558,-0.154621,-0.165922,0.199814,-0.378611,0.339302,-0.180838
-0.027045,-0.013412,-0.007082,0.002616,-0.004696,-0.000777,-0.123608,-0.058356,-0.134553,-0.204247,0.200719,-0.396297,0.345699,-0.177259
-0.027282,-0.012983,-0.006948,0.002670,-0.004842,-0.000772,-0.125551,-0.028202,-0.173748,-0.210501,0.248628,-0.369324,0.308682,-0.192759
-0.027512,-0.012597,-0.006858,0.002780,-0.004680,-0.000560,-0.112256,-0.028577,-0.215660,-0.187104,0.276635,-0.350828,0.272173,-0.200312
-0.027765,-0.012146,-0.006701,0.002845,-0.005106,-0.000908,-0.124760,-0.031521,-0.205215,-0.184914,0.248436,-0.370014,0.236131,-0.150474
-0.027993,-0.011734,-0.006584,0.002771,-0.005030,-0.000730,-0.145681,-0.032746,-0.166813,-0.206102,0.205824,-0.390048,0.243577,-0.112767
-0.028243,-0.011299,-0.006534,0.002770,-0.004829,-0.000290,-0.139772,-0.056229,-0.172327,-0.205986,0.199400,-0.409181,0.290434,-0.145017
-0.028469,-0.010910,-0.006509,0.002692,-0.004658,-0.000154,-0.124265,-0.058914,-0.201202,-0.196196,0.233823,-0.407092,0.312295,-0.195816
-0.028703,-0.010457,-0.006439,0.002596,-0.005040,-0.000404,-0.126558,-0.047060,-0.184911,-0.212721,0.242381,-0.371006,0.324559,-0.205319
-0.028948,-0.009881,-0.006099,0.003059,-0.007222,-0.002124,-0.136840,-0.038597,-0.163242,-0.223254,0.225057,-0.347348,0.302524,-0.168233
-0.029229,-0.009223,-0.005627,0.003243,-0.007702,-0.002721,-0.129966,-0.038719,-0.183336,-0.207699,0.243441,-0.360504,0.255753,-0.156456
-0.029477,-0.008662,-0.005208,0.003104,-0.007142,-0.002620,-0.111916,-0.088284,-0.217410,-0.186877,0.243763,-0.397615,0.244397,-0.165996
-0.029744,-0.008123,-0.004850,0.003033,-0.006285,-0.002070,-0.117067,-0.113757,-0.208274,-0.195164,0.201018,-0.411011,0.268845,-0.150480
-0.029988,-0.007761,-0.004630,0.002977,-0.004559,-0.001375,-0.129047,-0.113444,-0.166508,-0.227044,0.157533,-0.396880,0.347911,-0.163123
-0.030232,-0.007374,-0.004383,0.002741,-0.004498,-0.001423,-0.126316,-0.100630,-0.170521,-0.235561,0.178278,-0.388595,0.383625,-0.205297
-0.030432,-0.007141,-0.004162,0.002448,-0.003025,-0.001382,-0.112888,-0.063035,-0.224822,-0.217322,0.249177,-0.366657,0.342182,-0.238967
-0.030664,-0.006913,-0.003917,0.002609,-0.002761,-0.001412,-0.109935,-0.056160,-0.235548,-0.205197,0.259571,-0.343421,0.294522,-0.213886
-0.030882,-0.006724,-0.003707,0.002648,-0.002501,-0.001315,-0.128198,-0.043495,-0.231706,-0.195635,0.214722,-0.354882,0.241921,-0.135341
-0.031099,-0.006519,-0.003494,0.002438,-0.002474,-0.001225,-0.137916,-0.049106,-0.226941,-0.201278,0.191724,-0.394206,0.246883,-0.120878
-0.031282,-0.006311,-0.003283,0.002232,-0.002726,-0.001318,-0.137559,-0.066689,-0.233000,-0.199066,0.190502,-0.429736,0.293158,-0.156251
-0.031462,-0.006048,-0.003033,0.002028,-0.003158,-0.001444,-0.130411,-0.072479,-0.236807,-0.198303,0.196289,-0.408802,0.325873,-0.185775
-0.031621,-0.005921,-0.002936,0.001919,-0.001623,-0.000605,-0.124528,-0.073940,-0.228491,-0.200622,0.200091,-0.363186,0.340314,-0.194397
-0.031798,-0.005699,-0.002769,0.001975,-0.002628,-0.000964,-0.123448,-0.072848,-0.222182,-0.197399,0.207456,-0.355686,0.314635,-0.180310
-0.031935,-0.005427,-0.002578,0.001678,-0.003461,-0.001193,-0.131432,-0.038516,-0.229154,-0.198792,0.228099,-0.376256,0.282188,-0.171223
-0.032059,-0.004977,-0.002310,0.001406,-0.005240,-0.001545,-0.130144,-0.057434,-0.223751,-0.200737,0.215913,-0.394516,0.286846,-0.167825
-0.032147,-0.004535,-0.002065,0.001094,-0.005556,-0.001536,-0.126620,-0.079356,-0.224758,-0.187669,0.201391,-0.388710,0.272187,-0.149766
-0.032229,-0.004049,-0.001839,0.000937,-0.005586,-0.001298,-0.119115,-0.105068,-0.201340,-0.193962,0.196102,-0.377699,0.301524,-0.168107
-0.032303,-0.003634,-0.001737,0.000898,-0.005072,-0.000641,-0.120586,-0.113728,-0.177242,-0.201789,0.185654,-0.395230,0.338519,-0.182842
-0.393156,-0.108002,-0.408629,0.000019,0.000328,0.000059,0.000000,0.000000,0.000000,0.000000,0.000000,0.000000,0.000000,0.000000
-0.393179,-0.108048,-0.408650,0.000223,0.001024,0.000157,-1.000000,0.898618,1.000000,-1.000000,0.385367,-0.429722,0.991821,0.079117
-0.393336,-0.108312,-0.408637,0.001783,0.002723,-0.000078,-1.000000,0.902145,1.000000,-1.000000,0.385942,-0.430129,0.991706,0.078712
-0.393626,-0.109186,-0.408276,0.004916,0.005091,-0.002256,-0.662350,1.000000,0.118155,-1.000000,1.000000,0.062458,-0.006158,-0.363077
-0.393936,-0.111444,-0.406995,0.008266,0.007416,-0.007390,-0.666021,1.000000,0.084537,-1.000000,1.000000,0.060122,-0.010239,-0.359188
-0.394020,-0.115357,-0.404428,0.011837,0.008815,-0.016028,-0.829054,0.886775,0.049299,-1.000000,0.629762,-0.255463,-0.018520,0.303329
-0.393420,-0.122450,-0.399256,0.014596,0.007764,-0.029876,-0.818375,0.874196,-0.106138,-1.000000,0.599054,-0.288441,-0.034416,0.318438
-0.391660,-0.132430,-0.391438,0.016255,0.004221,-0.048834,-0.775635,0.721005,-0.222983,-1.000000,0.710598,-0.395836,0.329049,-0.067828
-0.387500,-0.148046,-0.378615,0.016401,-0.000560,-0.074018,-0.736530,0.650799,-0.474881,-1.000000,0.633071,-0.458082,0.307738,-0.032656
-0.380747,-0.167073,-0.362308,0.015897,-0.007388,-0.101874,-0.626537,0.699970,-0.812006,-1.000000,0.657498,-0.311848,0.150939,0.024956
-0.369451,-0.192039,-0.339882,0.015496,-0.015635,-0.129403,-0.515305,0.519270,-1.000000,-1.000000,0.512184,-0.429183,0.133339,0.053470
-0.354712,-0.217847,-0.315298,0.014037,-0.025308,-0.153677,-0.391925,0.285992,-1.000000,-1.000000,0.293001,-0.640539,-0.078062,0.219573
-0.333750,-0.246878,-0.285503,0.010470,-0.034836,-0.171950,-0.233792,0.055923,-1.000000,-0.922526,0.129068,-0.706876,-0.014915,0.168542
-0.309982,-0.273084,-0.256213,0.003906,-0.040626,-0.182836,-0.069068,-0.226603,-1.000000,-0.627741,-0.071532,-0.787532,0.265374,-0.014126
-0.280485,-0.299045,-0.224091,-0.004485,-0.042640,-0.185437,0.135857,-0.466086,-1.000000,-0.213797,-0.239728,-0.809530,0.363954,-0.094218
-0.250874,-0.319575,-0.194972,-0.013316,-0.045700,-0.181810,0.327526,-0.651633,-1.000000,0.179714,-0.393467,-0.766862,0.515391,-0.133482
-0.217855,-0.337458,-0.164900,-0.019308,-0.047947,-0.173726,0.436906,-0.700095,-1.000000,0.494426,-0.525654,-0.784189,0.665741,-0.118941
-0.188187,-0.349504,-0.139306,-0.022114,-0.051901,-0.159872,0.496895,-0.678645,-1.000000,0.718863,-0.541531,-0.790821,0.704965,-0.088440
-0.158262,-0.357854,-0.114374,-0.022002,-0.058305,-0.143905,0.528782,-0.622257,-1.000000,0.913025,-0.487836,-0.740735,0.656671,-0.063011
-0.133113,-0.361892,-0.093858,-0.021089,-0.064434,-0.128226,0.500391,-0.559972,-1.000000,0.969955,-0.449751,-0.693992,0.616264,-0.031497
-0.109034,-0.362918,-0.074334,-0.018072,-0.070882,-0.112588,0.436468,-0.519911,-1.000000,0.959551,-0.446211,-0.679157,0.590766,0.020496
-0.090125,-0.361435,-0.058824,-0.013138,-0.075753,-0.096935,0.378182,-0.479380,-1.000000,0.934199,-0.415363,-0.670404,0.589108,0.026816
-0.073857,-0.357775,-0.044963,-0.004929,-0.079563,-0.079964,0.319680,-0.445516,-1.000000,0.874230,-0.371062,-0.651770,0.624793,-0.005964
-0.062628,-0.353111,-0.034629,0.005037,-0.081820,-0.064593,0.236278,-0.387108,-1.000000,0.745456,-0.324520,-0.615273,0.655603,-0.026019
-0.054563,-0.346972,-0.026007,0.016724,-0.084712,-0.049762,0.118059,-0.296305,-0.890793,0.527863,-0.264012,-0.564158,0.679336,-0.039844
-0.050656,-0.340538,-0.020254,0.028233,-0.087594,-0.035932,-0.006730,-0.198826,-0.704740,0.283824,-0.188493,-0.534974,0.678776,-0.057807
-0.050151,-0.332528,-0.016499,0.038650,-0.094368,-0.021669,-0.124380,-0.096786,-0.592859,0.004837,-0.066698,-0.513735,0.644087,-0.091213
-0.052594,-0.324179,-0.015181,0.045481,-0.101847,-0.008240,-0.233567,0.018532,-0.530060,-0.301095,0.073492,-0.483961,0.601678,-0.137590
-0.057682,-0.314358,-0.015821,0.048737,-0.106723,0.003693,-0.364212,0.117506,-0.364747,-0.663980,0.191182,-0.437606,0.544023,-0.161738
-0.064273,-0.304593,-0.018299,0.049374,-0.110852,0.015499,-0.477532,0.218423,-0.157568,-0.970168,0.303980,-0.373487,0.440972,-0.159554
-0.072657,-0.293306,-0.022562,0.047361,-0.114255,0.024590,-0.524599,0.337835,-0.047182,-1.000000,0.453245,-0.327592,0.337391,-0.210824
-0.081097,-0.282475,-0.027688,0.044352,-0.114527,0.032022,-0.553314,0.426600,0.077654,-1.000000,0.570144,-0.302155,0.247241,-0.247500
-0.089841,-0.270735,-0.033481,0.039749,-0.112274,0.033422,-0.595958,0.435748,0.275343,-1.000000,0.576624,-0.264943,0.175705,-0.154077
-0.096860,-0.260281,-0.038323,0.034653,-0.107792,0.030258,-0.623630,0.452988,0.415307,-1.000000,0.583775,-0.236763,0.137444,-0.092983
-0.102801,-0.249652,-0.042373,0.028978,-0.103070,0.023378,-0.594756,0.418726,0.418766,-1.000000,0.641188,-0.296224,0.168629,-0.168951
-0.106349,-0.240685,-0.044446,0.022919,-0.098701,0.012949,-0.536497,0.376921,0.312994,-1.000000,0.676167,-0.348713,0.150962,-0.213547
-0.107728,-0.232156,-0.044276,0.016557,-0.094339,-0.000980,-0.467130,0.352210,0.195992,-1.000000,0.657378,-0.315572,0.129076,-0.203200
-0.106553,-0.225566,-0.041518,0.010021,-0.089495,-0.017246,-0.387026,0.279482,0.042468,-1.000000,0.576448,-0.328126,0.119669,-0.167856
-0.102814,-0.219820,-0.035730,0.004169,-0.083984,-0.033377,-0.274680,0.158928,-0.203154,-0.772866,0.494079,-0.407811,0.038674,-0.126013
-0.097280,-0.215734,-0.027949,-0.001550,-0.077832,-0.048659,-0.137222,0.008573,-0.499666,-0.459304,0.394312,-0.490940,0.020780,-0.132838
-0.089458,-0.212264,-0.017360,-0.006515,-0.072336,-0.061059,-0.038942,-0.205407,-0.689265,-0.199385,0.158976,-0.585693,0.178092,-0.099216
-0.081259,-0.209537,-0.006430,-0.010231,-0.067574,-0.068352,0.044637,-0.404509,-0.806140,0.070865,-0.111217,-0.616226,0.349221,-0.050849
-0.071940,-0.206650,0.005923,-0.012394,-0.064617,-0.071242,0.163977,-0.553879,-0.955373,0.346084,-0.226774,-0.601934,0.534535,-0.150925
-0.063498,-0.203698,0.017108,-0.013547,-0.063715,-0.069907,0.244506,-0.632721,-1.000000,0.526405,-0.275906,-0.598383,0.683929,-0.228092
-0.055123,-0.199913,0.028173,-0.013821,-0.064499,-0.063845,0.249446,-0.636527,-0.944685,0.592758,-0.333143,-0.546646,0.707048,-0.163761
-0.048356,-0.195724,0.036992,-0.014370,-0.067121,-0.055114,0.240879,-0.611544,-0.838035,0.600570,-0.325567,-0.485131,0.676922,-0.118007
-0.041977,-0.190725,0.045096,-0.015176,-0.067774,-0.046757,0.230219,-0.610572,-0.724058,0.599426,-0.283036,-0.501024,0.661671,-0.130012
-0.037223,-0.185540,0.050903,-0.015096,-0.070447,-0.036283,0.202304,-0.599508,-0.555502,0.551501,-0.237460,-0.517206,0.650810,-0.141434
-0.033418,-0.179327,0.055259,-0.013867,-0.073679,-0.025134,0.179863,-0.560063,-0.405333,0.492886,-0.199030,-0.479992,0.680251,-0.168805
-0.031156,-0.173256,0.057492,-0.011945,-0.075022,-0.013958,0.146205,-0.514015,-0.215667,0.377693,-0.128493,-0.427732,0.714453,-0.216868
-0.029753,-0.166447,0.058349,-0.010287,-0.075751,-0.004944,0.090190,-0.457456,-0.005571,0.231440,-0.030989,-0.381569,0.681526,-0.234225
-0.029015,-0.160316,0.058205,-0.009683,-0.072842,0.000901,0.034480,-0.361602,0.139316,0.077207,0.097430,-0.349097,0.616752,-0.262252
-0.028519,-0.153919,0.057361,-0.010119,-0.069424,0.004869,0.006588,-0.285168,0.199012,-0.032135,0.212209,-0.354572,0.556420,-0.303410
-0.028275,-0.148296,0.056014,-0.010654,-0.065468,0.008415,-0.000387,-0.202697,0.147408,-0.052642,0.296915,-0.368215,0.446441,-0.305640
-0.028053,-0.142558,0.054234,-0.011553,-0.061316,0.010276,-0.008689,-0.137019,0.123718,-0.057139,0.330636,-0.350561,0.363181,-0.283123
-0.027851,-0.137696,0.052387,-0.012239,-0.055888,0.011536,-0.048765,-0.087767,0.177243,-0.081859,0.295733,-0.347987,0.333693,-0.220382
-0.027615,-0.132703,0.050243,-0.012794,-0.052801,0.012378,-0.069869,-0.055269,0.191162,-0.073836,0.280372,-0.372052,0.300754,-0.177272
-0.027268,-0.128339,0.048340,-0.013571,-0.049978,0.011894,-0.058053,-0.010711,0.112906,-0.030778,0.339666,-0.394170,0.284329,-0.216206
-0.026710,-0.123892,0.046469,-0.014410,-0.047057,0.010788,-0.056701,0.001106,0.104412,-0.018517,0.355607,-0.393667,0.297158,-0.232482
-0.026024,-0.120072,0.044955,-0.015163,-0.043926,0.009463,-0.069807,-0.000126,0.128238,0.001862,0.310621,-0.365868,0.259429,-0.158938
-0.025210,-0.116196,0.043399,-0.015397,-0.041196,0.008978,-0.056761,0.003136,0.097911,0.043660,0.313603,-0.358780,0.229533,-0.143398
-0.024348,-0.112791,0.042111,-0.015866,-0.039310,0.008049,-0.036465,-0.004253,0.046003,0.094346,0.326801,-0.419391,0.251443,-0.177921
-0.023256,-0.109420,0.040975,-0.016413,-0.036088,0.006554,-0.044315,-0.004719,0.056215,0.102272,0.298367,-0.437963,0.260300,-0.156688
-0.022107,-0.106829,0.040218,-0.016774,-0.030164,0.004730,-0.045295,-0.016122,0.081563,0.109570,0.261616,-0.382449,0.281607,-0.133252
-0.020857,-0.104524,0.039435,-0.016628,-0.024737,0.004520,-0.020088,-0.016830,0.016196,0.163825,0.275100,-0.382002,0.287612,-0.157769
-0.019677,-0.102545,0.038765,-0.016661,-0.023037,0.004187,0.004723,0.019234,-0.105623,0.240372,0.309699,-0.434691,0.256427,-0.178974
-0.018433,-0.100321,0.037928,-0.016638,-0.023870,0.004830,-0.014919,0.058396,-0.117724,0.250535,0.277216,-0.430462,0.249027,-0.138081
-0.017255,-0.098405,0.037227,-0.016664,-0.022335,0.004385,-0.044643,0.041399,-0.053771,0.243679,0.196656,-0.391010,0.252424,-0.063670
-0.015994,-0.096463,0.036511,-0.016285,-0.020900,0.004128,-0.046575,0.020524,-0.018819,0.249546,0.214779,-0.394014,0.237326,-0.064629
-0.014889,-0.094763,0.035812,-0.015677,-0.019820,0.004372,-0.020921,0.024331,-0.071456,0.287159,0.268665,-0.446583,0.265847,-0.132260
-0.013803,-0.092973,0.034920,-0.014848,-0.019213,0.005144,-0.014290,0.032324,-0.088287,0.288876,0.265508,-0.456891,0.291447,-0.145786
-0.012836,-0.091437,0.034099,-0.014368,-0.017857,0.005131,-0.034169,0.037810,-0.044058,0.260318,0.229585,-0.391514,0.279470,-0.097510
-0.011843,-0.089853,0.033142,-0.013930,-0.016971,0.005517,-0.046858,0.047939,-0.022244,0.236968,0.237380,-0.365163,0.260756,-0.087736
-0.011085,-0.088319,0.032016,-0.012813,-0.017761,0.007040,-0.037552,0.062981,-0.071611,0.258907,0.279626,-0.425405,0.239814,-0.115118
-0.010410,-0.086693,0.030614,-0.011684,-0.017317,0.008089,-0.037999,0.076311,-0.086016,0.261482,0.293832,-0.448954,0.227377,-0.119069
-0.009888,-0.085276,0.029212,-0.010766,-0.016324,0.008764,-0.070661,0.071282,0.001392,0.196287,0.250314,-0.396891,0.251554,-0.084652
-0.009373,-0.083962,0.027749,-0.009965,-0.013921,0.008436,-0.090024,0.079515,0.032427,0.157148,0.239826,-0.377039,0.257410,-0.072940
-0.008988,-0.082859,0.026343,-0.008989,-0.012629,0.008788,-0.074455,0.110988,-0.031307,0.162478,0.320163,-0.413544,0.237390,-0.130865
-0.008554,-0.082022,0.025010,-0.008584,-0.008772,0.007686,-0.065005,0.136812,-0.103495,0.180981,0.353969,-0.432476,0.216016,-0.152306
-0.008093,-0.081756,0.024060,-0.008398,-0.002858,0.005941,-0.092317,0.148514,-0.080579,0.150616,0.305097,-0.392475,0.186195,-0.085018
-0.007744,-0.081539,0.022838,-0.007290,-0.002031,0.007053,-0.103958,0.166110,-0.120927,0.171095,0.262647,-0.385551,0.166368,-0.039783
-0.007539,-0.081461,0.021618,-0.006155,-0.000576,0.007623,-0.080028,0.204581,-0.279272,0.247673,0.293510,-0.458281,0.159362,-0.079208
-0.007301,-0.081666,0.020548,-0.005628,0.002538,0.006174,-0.105790,0.214300,-0.243796,0.214757,0.290624,-0.474745,0.182648,-0.082127
-0.007159,-0.081944,0.019589,-0.004611,0.003572,0.005989,-0.155752,0.211309,-0.158230,0.165100,0.210281,-0.410101,0.187149,-0.007156
-0.007090,-0.082243,0.018577,-0.003622,0.003543,0.005842,-0.129327,0.231518,-0.275141,0.213797,0.242755,-0.406206,0.170313,-0.030833
-0.007124,-0.082463,0.017611,-0.002568,0.002877,0.006037,-0.108190,0.250573,-0.362549,0.238493,0.317242,-0.473953,0.181449,-0.101403
-0.007309,-0.082707,0.016472,-0.001207,0.002967,0.006567,-0.147361,0.240984,-0.297185,0.200828,0.256400,-0.468225,0.160952,-0.032564
-0.007558,-0.082905,0.015491,-0.000081,0.002637,0.006136,-0.174675,0.232997,-0.240231,0.155910,0.203822,-0.398138,0.141673,0.024382
-0.007873,-0.083093,0.014570,0.000829,0.002312,0.005312,-0.168651,0.241853,-0.276782,0.136169,0.242910,-0.432062,0.197352,-0.039071
-0.008121,-0.083304,0.014001,0.001191,0.002678,0.003555,-0.160582,0.246702,-0.330112,0.137449,0.280244,-0.500720,0.205889,-0.078612
-0.008318,-0.083633,0.013737,0.001405,0.003694,0.001522,-0.160385,0.242251,-0.348141,0.131220,0.278879,-0.445659,0.158959,-0.052157
-0.008476,-0.083941,0.013719,0.001827,0.003666,0.000112,-0.154539,0.221917,-0.374722,0.141009,0.240154,-0.397509,0.158219,-0.031783
-0.008596,-0.084323,0.013975,0.002058,0.004127,-0.001476,-0.149592,0.215251,-0.430270,0.171626,0.216146,-0.463656,0.155979,-0.022128
-0.008611,-0.084675,0.014449,0.001667,0.004031,-0.002960,-0.150059,0.202815,-0.446527,0.181063,0.204885,-0.505900,0.165620,-0.024294
-0.008375,-0.085284,0.015463,0.000375,0.006404,-0.005851,-0.145674,0.173476,-0.458130,0.189605,0.166238,-0.477119,0.209782,-0.031898
-0.007974,-0.086034,0.016739,-0.000705,0.008534,-0.007977,-0.129176,0.149802,-0.479273,0.214395,0.150145,-0.456517,0.236648,-0.045066
-0.007567,-0.086687,0.017933,-0.000926,0.006851,-0.006883,-0.095248,0.145253,-0.567533,0.300550,0.157040,-0.477832,0.231519,-0.059990
-0.007254,-0.087120,0.018699,-0.001244,0.004946,-0.004787,-0.075132,0.144455,-0.625177,0.363459,0.147612,-0.493277,0.224104,-0.057159
-0.007014,-0.087558,0.019031,-0.001634,0.004727,-0.001917,-0.109966,0.123755,-0.500234,0.318029,0.091527,-0.468308,0.247929,-0.017468
-0.006822,-0.088066,0.019036,-0.002273,0.006048,-0.000032,-0.143014,0.114954,-0.371810,0.265866,0.061652,-0.448586,0.277520,0.000401
-0.006565,-0.088905,0.018967,-0.003028,0.009235,0.000398,-0.132851,0.155977,-0.366414,0.250516,0.144762,-0.461397,0.314400,-0.067536
-0.006523,-0.089456,0.018321,-0.002660,0.006717,0.004040,-0.110577,0.208724,-0.413874,0.267617,0.231857,-0.469368,0.319209,-0.129263
-0.006676,-0.089831,0.017009,-0.002366,0.004425,0.007564,-0.105662,0.256265,-0.469960,0.303484,0.257233,-0.431138,0.219629,-0.087371
-0.006967,-0.090022,0.015322,-0.002196,0.002718,0.010549,-0.155231,0.274377,-0.331050,0.222678,0.247147,-0.376255,0.143641,-0.010601
-0.007306,-0.090210,0.013346,-0.002419,0.002550,0.011393,-0.215546,0.284207,-0.172922,0.139358,0.209509,-0.414923,0.149217,0.036029
-0.007576,-0.090363,0.011602,-0.002665,0.002315,0.010902,-0.216721,0.319399,-0.159982,0.102642,0.275947,-0.479768,0.175388,-0.015941
-0.007874,-0.090366,0.009737,-0.002545,0.000543,0.010764,-0.175077,0.337630,-0.235245,0.124356,0.367801,-0.468152,0.206338,-0.109295
-0.008135,-0.090317,0.008143,-0.002280,-0.000097,0.009964,-0.159157,0.335142,-0.265827,0.140010,0.380025,-0.402530,0.148110,-0.089440
-0.008396,-0.090369,0.006685,-0.001680,0.000990,0.008407,-0.183682,0.329230,-0.194297,0.110462,0.344218,-0.359437,0.062508,0.001191
-0.008614,-0.090321,0.005664,-0.000852,-0.000252,0.006384,-0.201697,0.321154,-0.167159,0.095970,0.306083,-0.420517,0.059144,0.034177
-0.008739,-0.090382,0.005106,-0.000370,0.000841,0.003217,-0.184438,0.315188,-0.253097,0.117702,0.311381,-0.512067,0.105022,-0.010520
-0.008614,-0.090808,0.005357,-0.000630,0.004990,-0.001568,-0.158475,0.272662,-0.302772,0.129978,0.311467,-0.495292,0.152474,-0.053819
-0.008310,-0.091254,0.006176,-0.000779,0.004664,-0.004724,-0.144129,0.239730,-0.352300,0.159424,0.268432,-0.427634,0.154166,-0.037560
-0.007958,-0.091409,0.007202,-0.000686,0.001522,-0.006413,-0.112019,0.238661,-0.493544,0.249476,0.241333,-0.442324,0.132112,-0.026465
-0.007503,-0.091332,0.008531,-0.000804,-0.001200,-0.007674,-0.099821,0.202784,-0.524539,0.295661,0.211514,-0.501429,0.140351,-0.019736
-0.006989,-0.091194,0.009967,-0.001216,-0.002034,-0.008974,-0.122418,0.128522,-0.422098,0.278820,0.124710,-0.497395,0.171629,0.022990
-0.006388,-0.090983,0.011599,-0.001458,-0.002694,-0.009409,-0.113900,0.071671,-0.374402,0.272113,0.084770,-0.467009,0.241297,0.004760
-0.005854,-0.090754,0.013027,-0.001504,-0.003067,-0.008932,-0.069599,0.050595,-0.427887,0.306796,0.121136,-0.488981,0.331435,-0.082582
-0.005342,-0.090427,0.014349,-0.001489,-0.003850,-0.007619,-0.049801,0.049674,-0.444601,0.321220,0.153539,-0.490230,0.344343,-0.116560
-0.004992,-0.090094,0.015228,-0.001193,-0.004131,-0.005494,-0.065108,0.054176,-0.390287,0.295342,0.143775,-0.421974,0.300086,-0.075254
-0.004846,-0.089507,0.015596,-0.000458,-0.006511,-0.002124,-0.082280,0.060616,-0.337592,0.266191,0.133737,-0.400031,0.280413,-0.048733
-0.004880,-0.088924,0.015517,0.000141,-0.006934,0.000496,-0.094304,0.086264,-0.322562,0.245270,0.160534,-0.460230,0.281780,-0.062429
-0.005091,-0.088239,0.014984,0.000690,-0.007435,0.003071,-0.116010,0.102111,-0.248958,0.179218,0.193316,-0.470043,0.295854,-0.082964
-0.005414,-0.087678,0.014180,0.001188,-0.006519,0.005028,-0.131998,0.121208,-0.207830,0.129458,0.207762,-0.415080,0.296759,-0.086779
-0.005869,-0.087144,0.013059,0.001608,-0.005656,0.006468,-0.135346,0.158765,-0.204592,0.092226,0.261480,-0.388070,0.271288,-0.106437
-0.006383,-0.086688,0.011798,0.002012,-0.005148,0.007881,-0.147397,0.205386,-0.215093,0.072192,0.307480,-0.411826,0.225663,-0.107170
-0.007017,-0.086019,0.010196,0.002164,-0.006981,0.009243,-0.165489,0.239081,-0.216991,0.051566,0.315001,-0.419050,0.167135,-0.071983
-0.007620,-0.085301,0.008663,0.002251,-0.008141,0.009578,-0.183425,0.254470,-0.202551,0.025903,0.304653,-0.406869,0.147322,-0.046076
-0.008252,-0.084511,0.007097,0.002340,-0.008250,0.009032,-0.199384,0.243816,-0.146903,-0.010863,0.298193,-0.416402,0.161037,-0.043852
-0.008825,-0.083894,0.005740,0.002530,-0.006913,0.008480,-0.199909,0.235837,-0.133011,-0.022039,0.312698,-0.430715,0.162311,-0.055339
-0.009359,-0.083264,0.004557,0.002448,-0.006561,0.006830,-0.180599,0.236182,-0.172335,-0.014161,0.342699,-0.425691,0.170144,-0.089535
-0.009793,-0.082574,0.003657,0.002356,-0.007893,0.005623,-0.175421,0.247088,-0.205353,-0.012047,0.342851,-0.419218,0.175305,-0.095126
-0.010173,-0.081811,0.003015,0.002348,-0.008162,0.003703,-0.174247,0.236074,-0.220294,0.001210,0.315767,-0.412430,0.144352,-0.058255
-0.010414,-0.081071,0.002764,0.002100,-0.008719,0.001570,-0.171366,0.207132,-0.211582,0.009594,0.302828,-0.409507,0.121373,-0.038139
-0.010495,-0.080211,0.002869,0.001186,-0.009490,-0.000603,-0.162379,0.173601,-0.230306,0.026106,0.278504,-0.442640,0.152178,-0.047981
-0.010486,-0.079238,0.003106,0.000609,-0.011671,-0.001484,-0.144350,0.139866,-0.255421,0.048470,0.255824,-0.470559,0.191825,-0.065164
-0.010373,-0.078167,0.003644,0.000221,-0.011962,-0.003099,-0.120438,0.101999,-0.262523,0.080905,0.240503,-0.448118,0.225470,-0.083725
-0.010120,-0.077264,0.004476,-0.000581,-0.011081,-0.005205,-0.113045,0.064908,-0.214477,0.075523,0.225936,-0.413842,0.253774,-0.092376
-0.009680,-0.076541,0.005813,-0.001266,-0.008394,-0.007712,-0.102135,0.042495,-0.216862,0.093635,0.213068,-0.420112,0.258086,-0.088103
-0.009124,-0.076318,0.007457,-0.001909,-0.003243,-0.010279,-0.067615,0.034236,-0.289919,0.150760,0.229827,-0.445934,0.251715,-0.110057
-0.008497,-0.076099,0.009309,-0.002009,-0.002975,-0.010685,-0.039740,0.024913,-0.377485,0.215656,0.214087,-0.461019,0.260074,-0.120147
-0.007894,-0.075864,0.010984,-0.002405,-0.003326,-0.010470,-0.032941,0.032859,-0.459965,0.277622,0.154384,-0.459102,0.254879,-0.082601
-0.007206,-0.075587,0.012723,-0.003006,-0.003495,-0.010032,-0.050635,0.012973,-0.412405,0.271065,0.103490,-0.443390,0.271089,-0.051188
-0.006597,-0.075185,0.014001,-0.003640,-0.005129,-0.007982,-0.066900,-0.014184,-0.351348,0.271042,0.074095,-0.450392,0.295402,-0.041133
-0.005958,-0.074704,0.015137,-0.004073,-0.005539,-0.006554,-0.049085,-0.015297,-0.362636,0.292651,0.108130,-0.466867,0.324001,-0.084896
-0.005316,-0.074357,0.016142,-0.004831,-0.004348,-0.006280,-0.043673,-0.009543,-0.306510,0.272483,0.144680,-0.452579,0.370938,-0.129665
-0.004746,-0.074079,0.016822,-0.004521,-0.003181,-0.003925,-0.056532,0.000702,-0.248722,0.250335,0.141923,-0.413759,0.354126,-0.105951
-0.004429,-0.073990,0.016893,-0.003581,-0.001063,-0.000445,-0.039007,0.028779,-0.292885,0.282601,0.185304,-0.396742,0.289855,-0.099955
-0.004267,-0.073749,0.016452,-0.002904,-0.002587,0.002545,-0.048201,0.070919,-0.297345,0.266950,0.225072,-0.426795,0.276173,-0.116418
-0.004254,-0.073443,0.015678,-0.002292,-0.003512,0.004840,-0.106219,0.122026,-0.219798,0.194587,0.191151,-0.444506,0.271395,-0.067536
-0.004378,-0.073054,0.014510,-0.001594,-0.004096,0.006736,-0.135148,0.137026,-0.143819,0.134954,0.196960,-0.404363,0.250852,-0.045239
-0.004590,-0.072735,0.013234,-0.000962,-0.003580,0.007974,-0.125839,0.151915,-0.165452,0.125725,0.272939,-0.394406,0.238585,-0.096220
-0.004910,-0.072390,0.011669,-0.000411,-0.003538,0.009031,-0.129398,0.182016,-0.171266,0.099686,0.323833,-0.424218,0.222890,-0.122573
-0.005262,-0.072095,0.010137,0.000047,-0.003228,0.009570,-0.155836,0.210699,-0.137165,0.060427,0.306636,-0.412799,0.188913,-0.074604
-0.005575,-0.072102,0.008754,-0.000009,0.000345,0.007982,-0.169589,0.226027,-0.122772,0.031384,0.301160,-0.381725,0.164563,-0.050436
-0.005699,-0.072740,0.008027,-0.000489,0.007740,0.004547,-0.167577,0.234777,-0.151607,0.029678,0.329399,-0.408702,0.158114,-0.073327
-0.005801,-0.073524,0.007403,-0.000441,0.008739,0.003596,-0.151267,0.258307,-0.260176,0.082567,0.341664,-0.453257,0.133336,-0.080731
-0.005847,-0.074259,0.006992,-0.000586,0.008837,0.002572,-0.122951,0.294828,-0.440509,0.181053,0.318566,-0.459371,0.109682,-0.066402
-0.005788,-0.075195,0.006897,-0.000884,0.010312,0.000547,-0.142430,0.278435,-0.411175,0.179088,0.255288,-0.437050,0.120325,-0.020856
-0.005648,-0.076090,0.007087,-0.001135,0.010610,-0.001190,-0.178888,0.243015,-0.325496,0.173239,0.177368,-0.436121,0.114272,0.043216
-0.005420,-0.077071,0.007545,-0.001308,0.010686,-0.002639,-0.149897,0.236009,-0.406670,0.229813,0.202464,-0.474945,0.138678,0.001063
-0.005158,-0.077895,0.008085,-0.001561,0.009707,-0.003376,-0.109728,0.219454,-0.482853,0.278722,0.232847,-0.514222,0.218987,-0.076750
-0.004849,-0.078653,0.008672,-0.001814,0.008233,-0.003388,-0.115219,0.196946,-0.460418,0.287430,0.184680,-0.477871,0.215101,-0.039538
-0.004553,-0.079296,0.009200,-0.001976,0.007560,-0.003300,-0.122261,0.179215,-0.412025,0.281817,0.158635,-0.409750,0.182715,-0.000509
-0.004256,-0.079890,0.009680,-0.001951,0.006443,-0.002766,-0.117701,0.167193,-0.391342,0.283972,0.169837,-0.444020,0.216033,-0.025421
-0.004025,-0.080352,0.009984,-0.001840,0.005462,-0.001905,-0.113790,0.171322,-0.396231,0.291226,0.182365,-0.508074,0.235709,-0.042810
-0.003824,-0.080762,0.010143,-0.001760,0.004475,-0.000914,-0.109977,0.169528,-0.376476,0.278079,0.192566,-0.469569,0.240669,-0.050495
-0.003680,-0.081085,0.010155,-0.001689,0.003856,-0.000073,-0.113140,0.164035,-0.342634,0.254987,0.190376,-0.415153,0.250032,-0.053352
-0.003571,-0.081448,0.010055,-0.001470,0.003996,0.000575,-0.121216,0.176995,-0.318769,0.238703,0.207005,-0.428904,0.228623,-0.046591
-0.003546,-0.081809,0.009817,-0.001025,0.004323,0.001484,-0.124347,0.195308,-0.312416,0.231023,0.235225,-0.454138,0.207158,-0.048868
-0.003640,-0.082277,0.009312,-0.000398,0.005214,0.002918,-0.124980,0.205583,-0.321638,0.224204,0.240865,-0.452343,0.206981,-0.053248
-0.003815,-0.082831,0.008686,0.000164,0.006685,0.003910,-0.133871,0.218115,-0.318451,0.205360,0.236915,-0.439324,0.203006,-0.045890
-0.004071,-0.083482,0.007931,0.000657,0.007255,0.004354,-0.152963,0.246881,-0.302655,0.175412,0.243634,-0.433506,0.195243,-0.039357
-0.004388,-0.083951,0.007125,0.001249,0.005706,0.005040,-0.163993,0.278454,-0.317872,0.162454,0.260020,-0.442163,0.184355,-0.041971
-0.004726,-0.084376,0.006298,0.001325,0.004792,0.004769,-0.164410,0.294054,-0.348532,0.164305,0.280566,-0.446523,0.158584,-0.041919
-0.005032,-0.084573,0.005541,0.001254,0.002491,0.004731,-0.175686,0.285811,-0.320140,0.141024,0.279503,-0.433670,0.139008,-0.025094
-0.005346,-0.084606,0.004825,0.001360,0.000485,0.004131,-0.183382,0.273613,-0.298453,0.132647,0.258099,-0.435856,0.135607,-0.006197
-0.005572,-0.084561,0.004397,0.001331,-0.000445,0.002681,-0.178585,0.258473,-0.277002,0.121452,0.264777,-0.452794,0.155560,-0.022386
-0.005745,-0.084633,0.004199,0.001331,0.000823,0.001140,-0.169584,0.233853,-0.266986,0.116152,0.269415,-0.458708,0.181368,-0.043652
-0.005903,-0.084621,0.004105,0.001572,-0.000119,0.000590,-0.150719,0.213932,-0.296485,0.131949,0.270957,-0.444091,0.178711,-0.051535
-0.006026,-0.084473,0.004177,0.001562,-0.001639,-0.000415,-0.134687,0.217173,-0.352578,0.156801,0.271301,-0.439153,0.177042,-0.059143
-0.006144,-0.084264,0.004272,0.001705,-0.002511,-0.000594,-0.143908,0.204415,-0.324948,0.140156,0.245823,-0.447768,0.186447,-0.045276
-0.006257,-0.083910,0.004450,0.001762,-0.003924,-0.001027,-0.150698,0.172292,-0.292481,0.138046,0.213020,-0.446131,0.176714,-0.016752
-0.006320,-0.083518,0.004752,0.001696,-0.004750,-0.001888,-0.140101,0.161769,-0.302484,0.137198,0.227854,-0.443758,0.197420,-0.044549
-0.006332,-0.083064,0.005231,0.001514,-0.005090,-0.002764,-0.129849,0.141802,-0.295901,0.130898,0.229365,-0.461473,0.250291,-0.080872
-0.006293,-0.082568,0.005773,0.001225,-0.006027,-0.003385,-0.124186,0.126791,-0.298024,0.137607,0.220883,-0.451021,0.235460,-0.068521
-0.006222,-0.081936,0.006386,0.000962,-0.007079,-0.003539,-0.109137,0.117727,-0.317984,0.151027,0.230230,-0.417756,0.221968,-0.073233
-0.006039,-0.081519,0.007193,0.000297,-0.005155,-0.005049,-0.104699,0.097937,-0.308120,0.155661,0.215992,-0.434871,0.240075,-0.077430
-0.005846,-0.080958,0.007983,0.000103,-0.006320,-0.004550,-0.112357,0.084728,-0.274647,0.149508,0.195160,-0.456092,0.235007,-0.056773
-0.005635,-0.080501,0.008743,-0.000208,-0.005603,-0.004754,-0.089049,0.083664,-0.336887,0.194606,0.195211,-0.451353,0.246100,-0.074399
-0.005397,-0.080078,0.009522,-0.000449,-0.004800,-0.004495,-0.080587,0.071319,-0.322942,0.187035,0.204092,-0.444650,0.280966,-0.105335
-0.005143,-0.079758,0.010256,-0.000824,-0.003956,-0.004587,-0.094841,0.066249,-0.291100,0.186722,0.173331,-0.437188,0.271917,-0.071603
-0.004928,-0.079365,0.010850,-0.000735,-0.004418,-0.003428,-0.090802,0.083197,-0.304662,0.193030,0.188232,-0.422969,0.252412,-0.070260
-0.004797,-0.078907,0.011167,-0.000614,-0.005511,-0.001980,-0.077237,0.084736,-0.334293,0.216998,0.205376,-0.445243,0.273022,-0.099856
-0.004691,-0.078487,0.011357,-0.000649,-0.004645,-0.001095,-0.093606,0.088144,-0.297428,0.197247,0.197302,-0.451683,0.257589,-0.078488
-0.004636,-0.078082,0.011360,-0.000645,-0.004822,-0.000018,-0.114465,0.088138,-0.222948,0.155997,0.185616,-0.412532,0.255835,-0.056668
-0.004626,-0.077581,0.011179,-0.000603,-0.005483,0.001043,-0.110205,0.104763,-0.240547,0.156409,0.205464,-0.419561,0.271460,-0.081952
-0.004656,-0.077072,0.010850,-0.000589,-0.005995,0.002053,-0.100882,0.125343,-0.262604,0.158068,0.255300,-0.448865,0.261036,-0.114188
-0.004732,-0.076505,0.010356,-0.000480,-0.006150,0.002849,-0.113877,0.129466,-0.221907,0.136368,0.257112,-0.421828,0.235307,-0.091787
-0.004853,-0.075925,0.009746,-0.000311,-0.006795,0.003814,-0.129372,0.132631,-0.179343,0.109780,0.237644,-0.387787,0.216811,-0.058801
-0.005034,-0.075199,0.008918,-0.000181,-0.007836,0.004776,-0.130020,0.143459,-0.180373,0.101203,0.256327,-0.416672,0.218169,-0.072260
0.220914,-0.313397,0.618040,0.000065,0.000059,0.000044,0.000000,0.000000,0.000000,0.000000,0.000000,0.000000,0.000000,0.000000
0.220789,-0.313564,0.617942,0.000395,0.001407,0.000736,0.825684,-0.063118,-1.000000,1.000000,-0.244734,-1.000000,-0.557932,-0.256356
0.220303,-0.313970,0.617599,0.001634,0.001857,0.001975,0.825216,-0.062501,-1.000000,1.000000,-0.244756,-1.000000,-0.557942,-0.256268
0.219190,-0.314633,0.616841,0.004336,0.001649,0.004739,0.487051,-0.262681,-1.000000,1.000000,-1.000000,-0.527095,-0.034392,0.253897
0.216890,-0.315775,0.615310,0.008620,0.001010,0.008836,0.476051,-0.251835,-1.000000,1.000000,-1.000000,-0.525163,-0.031549,0.254990
0.213393,-0.317376,0.613011,0.014409,0.000506,0.014366,0.502373,-0.278769,-1.000000,1.000000,-0.740518,-0.880626,0.102984,0.006152
0.207623,-0.319787,0.609185,0.021334,-0.001436,0.022077,0.464412,-0.260239,-1.000000,1.000000,-0.744223,-0.873201,0.111585,0.013480
0.199913,-0.322802,0.603982,0.029208,-0.004003,0.032508,0.391656,-0.127592,-1.000000,1.000000,-0.771259,-0.680132,0.105989,0.036655
0.188732,-0.326875,0.596333,0.037016,-0.007008,0.044147,0.318871,-0.092974,-1.000000,1.000000,-0.771617,-0.666850,0.136493,0.040858
0.175763,-0.331093,0.587410,0.044428,-0.011224,0.055751,0.228018,-0.079314,-1.000000,1.000000,-0.754414,-0.706544,0.086832,0.091496
0.159128,-0.335910,0.575966,0.050788,-0.014139,0.066029,0.110052,-0.013170,-1.000000,1.000000,-0.735093,-0.687320,0.134812,0.091136
0.141190,-0.340381,0.563618,0.056980,-0.017213,0.077100,-0.017720,0.051716,-1.000000,1.000000,-0.732662,-0.670924,0.261349,0.064083
0.118554,-0.344952,0.547939,0.062748,-0.021647,0.090544,-0.138776,0.121143,-1.000000,1.000000,-0.689346,-0.657627,0.310293,0.057844
0.094254,-0.348461,0.530984,0.068634,-0.027543,0.105942,-0.265527,0.196872,-1.000000,0.872735,-0.613948,-0.623195,0.338439,0.049024
0.063755,-0.350930,0.509545,0.075119,-0.033907,0.123721,-0.429812,0.296389,-1.000000,0.511162,-0.547624,-0.591746,0.401013,0.041864
0.031833,-0.350928,0.486937,0.081602,-0.043339,0.141267,-0.617281,0.438930,-1.000000,0.083329,-0.448536,-0.562253,0.442974,0.018744
-0.006445,-0.347258,0.459402,0.086200,-0.056154,0.158919,-0.822832,0.648171,-1.000000,-0.450589,-0.258574,-0.500440,0.424563,-0.046009
-0.043812,-0.339580,0.431652,0.085219,-0.069055,0.173504,-1.000000,0.839468,-1.000000,-1.000000,-0.045863,-0.404392,0.344155,-0.084098
-0.084253,-0.326249,0.400019,0.076516,-0.080282,0.182427,-1.000000,0.998727,-0.844835,-1.000000,0.153460,-0.278653,0.170935,-0.048263
-0.119582,-0.309559,0.370401,0.064028,-0.088659,0.185040,-1.000000,1.000000,-0.574338,-1.000000,0.296353,-0.214244,0.027170,-0.013193
-0.154444,-0.287427,0.338554,0.049892,-0.094937,0.183731,-1.000000,1.000000,-0.244020,-1.000000,0.329283,-0.242387,-0.046567,0.092410
-0.182476,-0.264223,0.310168,0.036301,-0.098944,0.177496,-1.000000,1.000000,0.007121,-1.000000,0.364881,-0.278390,-0.003519,0.092420
-0.207688,-0.237660,0.281436,0.023473,-0.099294,0.165709,-1.000000,0.921153,0.199175,-1.000000,0.461769,-0.274619,0.059147,-0.002224
-0.225604,-0.213463,0.258198,0.013506,-0.100163,0.145213,-1.000000,0.823486,0.312742,-1.000000,0.559868,-0.231742,0.056475,-0.073061
-0.239336,-0.189271,0.237605,0.004438,-0.100699,0.118852,-1.000000,0.748178,0.351117,-1.000000,0.612272,-0.213421,0.060098,-0.114080
-0.247321,-0.170005,0.223287,-0.003374,-0.098961,0.089481,-0.955941,0.577794,0.219457,-1.000000,0.576534,-0.278015,0.058575,-0.119746
-0.251294,-0.153328,0.213540,-0.012268,-0.099187,0.056244,-0.791100,0.331355,-0.049213,-1.000000,0.510270,-0.358871,0.030324,-0.116000
-0.251035,-0.142084,0.210207,-0.022011,-0.102375,0.020814,-0.622384,0.060893,-0.390102,-1.000000,0.376680,-0.454163,0.112243,-0.149897
-0.247078,-0.134098,0.212280,-0.033298,-0.105788,-0.011970,-0.432777,-0.290679,-0.723796,-1.000000,0.135764,-0.565015,0.213637,-0.164823
-0.240660,-0.129861,0.218433,-0.044974,-0.106960,-0.038444,-0.181769,-0.708311,-1.000000,-0.647803,-0.122539,-0.609157,0.302644,-0.203848
-0.231613,-0.127420,0.227913,-0.055733,-0.104891,-0.054666,0.078842,-1.000000,-1.000000,-0.166265,-0.365597,-0.610758,0.484264,-0.318081
-0.222143,-0.125941,0.237932,-0.063652,-0.103687,-0.062650,0.256334,-1.000000,-1.000000,0.172013,-0.601644,-0.631399,0.734066,-0.364540
-0.211662,-0.123798,0.248569,-0.067566,-0.104326,-0.061360,0.394772,-1.000000,-1.000000,0.414361,-0.695118,-0.600926,0.817329,-0.312185
-0.202512,-0.120276,0.257034,-0.068854,-0.108413,-0.052907,0.498827,-1.000000,-1.000000,0.643057,-0.652553,-0.515268,0.664105,-0.207859
-0.193690,-0.114192,0.263826,-0.068224,-0.114011,-0.039178,0.514481,-1.000000,-1.000000,0.728786,-0.631564,-0.503358,0.552548,-0.142605
-0.186820,-0.106366,0.267298,-0.066814,-0.118213,-0.021693,0.445117,-1.000000,-1.000000,0.646574,-0.709580,-0.560731,0.554007,-0.070949
-0.180743,-0.095606,0.267788,-0.064974,-0.121395,-0.002831,0.355834,-1.000000,-0.755518,0.482213,-0.742121,-0.553014,0.624090,-0.062732
-0.176225,-0.083822,0.265128,-0.063224,-0.122282,0.016630,0.272594,-1.000000,-0.442090,0.290809,-0.677354,-0.471201,0.731431,-0.150118
-0.172215,-0.069442,0.258759,-0.062097,-0.119070,0.036739,0.202329,-1.000000,-0.125233,0.054223,-0.528243,-0.369468,0.805294,-0.269549
-0.168830,-0.055213,0.249908,-0.062490,-0.112063,0.055316,0.103639,-1.000000,0.218611,-0.237331,-0.332243,-0.277978,0.836488,-0.362675
-0.164878,-0.039526,0.237482,-0.065750,-0.099609,0.071755,-0.014752,-1.000000,0.543662,-0.540825,-0.127994,-0.227874,0.838723,-0.431623
-0.160473,-0.025335,0.223736,-0.070923,-0.083757,0.085907,-0.096183,-0.767026,0.753618,-0.752998,0.083993,-0.231203,0.833523,-0.508750
-0.154463,-0.010484,0.206812,-0.078293,-0.069047,0.097574,-0.134578,-0.466512,0.876215,-0.838014,0.288709,-0.235960,0.831384,-0.601146
-0.147613,0.002503,0.189713,-0.085584,-0.055678,0.106843,-0.161590,-0.179132,0.932670,-0.790683,0.497065,-0.156571,0.592322,-0.589199
-0.138760,0.015404,0.170397,-0.092655,-0.043466,0.111473,-0.179231,0.083616,1.000000,-0.678268,0.689890,-0.024746,0.258031,-0.508682
-0.129479,0.025738,0.152774,-0.097846,-0.031910,0.110176,-0.210866,0.301453,1.000000,-0.601207,0.788475,-0.019155,0.035805,-0.401185
-0.118622,0.034672,0.134926,-0.101173,-0.018863,0.102928,-0.236051,0.428986,1.000000,-0.505225,0.807578,-0.118907,-0.124472,-0.271830
-0.108265,0.040441,0.120395,-0.102998,-0.004673,0.090821,-0.224670,0.470376,1.000000,-0.347026,0.815994,-0.168979,-0.207443,-0.208538
-0.097152,0.043820,0.107596,-0.103352,0.010343,0.073880,-0.171508,0.451786,1.000000,-0.136320,0.803169,-0.207053,-0.172002,-0.217665
-0.087365,0.044262,0.098891,-0.101770,0.026158,0.054385,-0.088016,0.422068,1.000000,0.118676,0.755789,-0.269189,-0.150800,-0.203489
-0.077647,0.042075,0.093144,-0.097849,0.041281,0.033156,0.033503,0.388451,0.724104,0.436126,0.710471,-0.307508,-0.180927,-0.174558
-0.069669,0.038072,0.091195,-0.091872,0.053290,0.012173,0.162799,0.319984,0.259037,0.765367,0.617896,-0.358140,-0.195185,-0.138158
-0.062004,0.032233,0.092120,-0.085482,0.061969,-0.005338,0.251291,0.199188,-0.148110,1.000000,0.393534,-0.439445,-0.180491,-0.010360
-0.055565,0.026263,0.094794,-0.079811,0.064825,-0.016700,0.295643,0.036978,-0.460376,1.000000,0.105809,-0.502719,-0.117132,0.117911
-0.049024,0.019866,0.098395,-0.075144,0.063400,-0.020790,0.341958,-0.093534,-0.748707,1.000000,-0.096058,-0.566008,0.016509,0.109467
-0.043340,0.014286,0.101475,-0.069888,0.060743,-0.019239,0.379608,-0.173740,-0.971310,1.000000,-0.202425,-0.608349,0.151379,0.030135
-0.037738,0.008632,0.103960,-0.062797,0.058422,-0.014341,0.352136,-0.204699,-0.969762,1.000000,-0.276007,-0.571470,0.252240,-0.000924
-0.033354,0.003707,0.105147,-0.052537,0.056929,-0.007412,0.283388,-0.189275,-0.866692,1.000000,-0.319270,-0.504545,0.309766,0.003833
-0.029731,-0.001363,0.104941,-0.039798,0.055973,0.001187,0.222800,-0.149779,-0.796214,1.000000,-0.290442,-0.482411,0.341147,-0.001168
-0.027610,-0.005701,0.103165,-0.025359,0.053652,0.011109,0.145334,-0.092021,-0.759372,1.000000,-0.235634,-0.487543,0.360347,-0.002918
-0.026769,-0.009856,0.099395,-0.009952,0.049229,0.021737,0.030489,-0.002070,-0.702075,0.849597,-0.189158,-0.475196,0.365126,0.009797
-0.027341,-0.013257,0.094000,0.004863,0.045904,0.033720,-0.112581,0.087321,-0.596176,0.529525,-0.146233,-0.451233,0.381098,0.026175
-0.029365,-0.016406,0.086071,0.018708,0.042141,0.045751,-0.257908,0.189462,-0.526415,0.184803,-0.060916,-0.434959,0.369556,0.015576
-0.032362,-0.018708,0.076976,0.030207,0.037437,0.056790,-0.398843,0.363095,-0.516611,-0.187746,0.106199,-0.417309,0.331231,-0.055517
-0.036449,-0.020229,0.065709,0.037919,0.029462,0.065085,-0.546083,0.552547,-0.464339,-0.582419,0.265207,-0.383732,0.285115,-0.114945
-0.040538,-0.020746,0.054549,0.040497,0.021520,0.069749,-0.665652,0.705885,-0.406529,-0.896064,0.381784,-0.302318,0.128306,-0.080743
-0.044976,-0.020657,0.042136,0.040224,0.016564,0.071624,-0.707115,0.775544,-0.361788,-1.000000,0.486851,-0.215887,-0.061623,-0.038679
-0.048983,-0.020028,0.030992,0.039394,0.011395,0.069591,-0.708170,0.764892,-0.302654,-1.000000,0.518321,-0.239317,-0.152842,-0.010900
-0.053211,-0.018830,0.019976,0.039173,0.005591,0.063556,-0.721551,0.732849,-0.200077,-1.000000,0.476529,-0.313261,-0.143230,0.038999
-0.056967,-0.017170,0.011701,0.039078,-0.003219,0.051705,-0.717850,0.665705,-0.109816,-1.000000,0.443813,-0.329206,-0.066345,0.034193
-0.060756,-0.014982,0.005402,0.038039,-0.011623,0.036350,-0.675847,0.564186,-0.105689,-1.000000,0.465444,-0.317116,0.006310,-0.038759
-0.063905,-0.012901,0.002353,0.035818,-0.017843,0.019060,-0.595699,0.416623,-0.187070,-1.000000,0.479475,-0.323053,0.009203,-0.092422
-0.066862,-0.010837,0.002338,0.032486,-0.022651,0.000086,-0.501321,0.252691,-0.315356,-1.000000,0.431760,-0.344804,-0.019863,-0.088012
-0.069046,-0.009086,0.005683,0.027410,-0.029209,-0.020911,-0.402181,0.058485,-0.477566,-0.895117,0.303612,-0.406591,0.011675,-0.076713
-0.070695,-0.007464,0.012523,0.020447,-0.034113,-0.039473,-0.284289,-0.181651,-0.682441,-0.706309,0.138686,-0.494228,0.086478,-0.095049
-0.071468,-0.006375,0.020927,0.011833,-0.035138,-0.052509,-0.134630,-0.508802,-0.869964,-0.454172,-0.055135,-0.546067,0.227294,-0.140904
-0.071504,-0.005544,0.031255,0.003089,-0.034566,-0.059586,0.008193,-0.812383,-0.983047,-0.193699,-0.274403,-0.547050,0.437354,-0.193093
-0.070884,-0.004780,0.041014,-0.004956,-0.035140,-0.060952,0.119763,-0.963693,-1.000000,0.011670,-0.434336,-0.537671,0.688668,-0.270676
-0.069664,-0.003533,0.050884,-0.011405,-0.037839,-0.056967,0.199078,-0.993533,-0.982775,0.144283,-0.474001,-0.514415,0.850387,-0.330266
-0.068184,-0.001680,0.058536,-0.016373,-0.041982,-0.047813,0.248051,-0.972707,-0.899793,0.225965,-0.412122,-0.440668,0.844507,-0.329042
-0.066317,0.001346,0.064537,-0.020037,-0.047381,-0.034632,0.250005,-0.941818,-0.726611,0.244665,-0.344195,-0.376285,0.763488,-0.292783
-0.064387,0.005268,0.067568,-0.023097,-0.054210,-0.018946,0.207534,-0.924684,-0.452684,0.177218,-0.308922,-0.375614,0.714091,-0.258682
-0.062036,0.010437,0.067925,-0.025898,-0.057601,-0.002056,0.150434,-0.910431,-0.118561,0.047686,-0.264189,-0.381674,0.735233,-0.271135
-0.059598,0.015758,0.065676,-0.028130,-0.058123,0.014053,0.102952,-0.871101,0.240299,-0.126393,-0.152824,-0.326426,0.812776,-0.361037
-0.056518,0.021693,0.060932,-0.031188,-0.055473,0.027370,0.056782,-0.745448,0.545257,-0.306077,0.029148,-0.243941,0.858404,-0.469025
-0.053116,0.027072,0.054878,-0.035491,-0.051314,0.037861,0.005813,-0.562299,0.753790,-0.458892,0.234221,-0.193278,0.777304,-0.511617
-0.048743,0.032523,0.046929,-0.040420,-0.045398,0.045833,-0.025968,-0.387636,0.855544,-0.504313,0.410687,-0.166747,0.553045,-0.475712
-0.044070,0.037111,0.038626,-0.045300,-0.039591,0.051853,-0.035157,-0.221665,0.925643,-0.472550,0.551743,-0.144567,0.325665,-0.432322
-0.038449,0.041568,0.029192,-0.049509,-0.034831,0.054469,-0.055015,-0.061838,1.000000,-0.444181,0.624408,-0.161721,0.220282,-0.394090
-0.032968,0.045026,0.020795,-0.052039,-0.029259,0.052478,-0.085278,0.062877,1.000000,-0.418915,0.650099,-0.190602,0.145535,-0.330482
-0.027067,0.047829,0.012959,-0.052530,-0.022031,0.045192,-0.083246,0.132258,1.000000,-0.338727,0.708172,-0.171176,0.045182,-0.292290
-0.022020,0.049376,0.007632,-0.050509,-0.013103,0.033291,-0.055844,0.150676,1.000000,-0.213478,0.744923,-0.171212,-0.014641,-0.280244
-0.017383,0.049924,0.004556,-0.045715,-0.003709,0.017751,-0.010641,0.126223,1.000000,-0.060249,0.702369,-0.240741,-0.062306,-0.229752
-0.014220,0.049546,0.004642,-0.037824,0.004450,-0.000535,0.057976,0.065105,0.757936,0.121311,0.617380,-0.315459,-0.094146,-0.173568
-0.012126,0.048442,0.007741,-0.028298,0.010573,-0.017879,0.150277,-0.046901,0.330404,0.319574,0.499654,-0.380472,-0.063937,-0.151676
-0.011229,0.046944,0.012636,-0.019530,0.015540,-0.030578,0.228334,-0.230832,-0.090487,0.508769,0.282855,-0.452183,0.006455,-0.086687
-0.010961,0.045018,0.019220,-0.013591,0.018511,-0.037993,0.256501,-0.436992,-0.388019,0.622069,0.000231,-0.494233,0.106722,0.010427
-0.011024,0.043170,0.025774,-0.010257,0.019198,-0.040970,0.243325,-0.571319,-0.549311,0.623992,-0.236962,-0.520358,0.305848,0.014253
-0.011207,0.041150,0.032806,-0.008437,0.019407,-0.040562,0.225906,-0.629691,-0.642252,0.581028,-0.357687,-0.549239,0.526019,-0.070208
-0.011390,0.039289,0.038802,-0.007026,0.019567,-0.037494,0.219829,-0.636086,-0.711332,0.550657,-0.347746,-0.507600,0.622233,-0.148325
-0.011637,0.037354,0.044487,-0.004976,0.018956,-0.032804,0.212072,-0.594095,-0.746680,0.532196,-0.285988,-0.422595,0.620881,-0.184981
-0.011916,0.035681,0.048686,-0.002527,0.018050,-0.026230,0.173019,-0.536900,-0.721363,0.486993,-0.254093,-0.404334,0.584937,-0.167631
-0.012276,0.033937,0.051748,0.000188,0.017884,-0.017664,0.115094,-0.494010,-0.673882,0.417304,-0.246760,-0.436831,0.526691,-0.117223
-0.012725,0.032404,0.053103,0.003629,0.017620,-0.008467,0.063336,-0.456503,-0.624829,0.325316,-0.223141,-0.444232,0.514895,-0.115175
-0.013389,0.030981,0.053138,0.007254,0.015619,-0.000201,0.005133,-0.396696,-0.557577,0.197832,-0.188523,-0.432327,0.566234,-0.162599
-0.014073,0.029709,0.051664,0.009855,0.015878,0.009210,-0.070075,-0.303357,-0.464579,0.033569,-0.127984,-0.405086,0.589145,-0.198522
-0.014853,0.028529,0.048698,0.011619,0.014393,0.017112,-0.135974,-0.211499,-0.383732,-0.122610,-0.027001,-0.352208,0.543697,-0.218179
-0.015580,0.027649,0.045031,0.012584,0.012506,0.022938,-0.199605,-0.071746,-0.325055,-0.257222,0.107970,-0.314137,0.463883,-0.243131
-0.016297,0.026907,0.040261,0.012449,0.010679,0.027505,-0.257640,0.044897,-0.238079,-0.379010,0.208183,-0.314949,0.383251,-0.242866
-0.016897,0.026377,0.035361,0.012101,0.009258,0.030628,-0.297280,0.127090,-0.179168,-0.445352,0.274768,-0.305906,0.248620,-0.186379
-0.017499,0.025932,0.029764,0.011731,0.008110,0.032287,-0.311688,0.189691,-0.132651,-0.479189,0.340788,-0.285533,0.158252,-0.166411
-0.018028,0.025498,0.024331,0.011604,0.008680,0.033953,-0.331666,0.217222,-0.068033,-0.514692,0.356877,-0.322965,0.144869,-0.157365
-0.018582,0.025099,0.018381,0.011352,0.008029,0.034326,-0.345487,0.234917,-0.016206,-0.538640,0.361408,-0.345875,0.110265,-0.124165
-0.019071,0.024746,0.012945,0.010961,0.007950,0.033994,-0.346831,0.270805,0.002639,-0.560570,0.403412,-0.316132,0.116348,-0.150326
-0.019592,0.024412,0.007247,0.010632,0.007378,0.032863,-0.344785,0.275434,0.029725,-0.577695,0.426888,-0.314668,0.137587,-0.177322
-0.020073,0.024175,0.002354,0.010219,0.006368,0.030584,-0.340826,0.296140,0.034795,-0.564552,0.449696,-0.306773,0.067425,-0.143616
-0.020570,0.023979,-0.002438,0.009485,0.005442,0.027636,-0.329355,0.304412,0.040063,-0.556550,0.470077,-0.286317,0.039253,-0.137646
-0.020975,0.023798,-0.006362,0.008357,0.005157,0.024539,-0.321884,0.266441,0.040165,-0.541698,0.438605,-0.325849,0.046390,-0.117680
-0.021340,0.023684,-0.009878,0.006914,0.003777,0.020272,-0.304564,0.235935,0.025751,-0.509110,0.421185,-0.351510,0.026839,-0.095752
-0.021584,0.023627,-0.012432,0.005179,0.002706,0.015969,-0.279394,0.204034,0.014886,-0.479962,0.416314,-0.349716,0.085971,-0.136555
-0.021724,0.023709,-0.014412,0.003150,0.000569,0.011416,-0.249343,0.142628,0.004908,-0.435233,0.382110,-0.365590,0.134688,-0.150265
-0.021721,0.023797,-0.015564,0.000993,-0.000115,0.007203,-0.209463,0.103781,-0.023183,-0.364924,0.377760,-0.349030,0.114611,-0.142638
-0.021647,0.023948,-0.015888,-0.000546,-0.001412,0.001870,-0.166692,0.039135,-0.025283,-0.304724,0.361501,-0.339903,0.151278,-0.164734
-0.021582,0.024252,-0.015229,-0.001367,-0.004155,-0.004118,-0.138732,-0.021703,-0.028627,-0.241442,0.307481,-0.378232,0.177502,-0.146510
-0.021490,0.024727,-0.013757,-0.002238,-0.006322,-0.008489,-0.091841,-0.093598,-0.074127,-0.164916,0.269847,-0.392169,0.194131,-0.145346
-0.021354,0.025111,-0.012093,-0.003153,-0.005908,-0.010405,-0.035577,-0.207372,-0.133261,-0.090880,0.224451,-0.393256,0.249876,-0.173950
-0.021173,0.025449,-0.010121,-0.003698,-0.005171,-0.011372,-0.008169,-0.295852,-0.130553,-0.054411,0.155474,-0.399938,0.308824,-0.174011
-0.021001,0.025791,-0.008112,-0.003961,-0.005671,-0.012567,-0.007009,-0.314727,-0.081650,-0.062477,0.103292,-0.393437,0.399281,-0.190533
-0.020837,0.026264,-0.005700,-0.003931,-0.006953,-0.013899,0.006337,-0.318253,-0.081629,-0.061701,0.101379,-0.385739,0.470902,-0.240962
-0.020705,0.026808,-0.003339,-0.003889,-0.008327,-0.014771,0.038268,-0.330883,-0.144593,-0.023836,0.152145,-0.362192,0.435971,-0.270878
-0.020573,0.027345,-0.000839,-0.003760,-0.007702,-0.014419,0.053097,-0.354616,-0.176087,-0.000360,0.161840,-0.333105,0.380114,-0.249578
-0.020485,0.027807,0.001414,-0.003347,-0.007233,-0.014081,0.037150,-0.387427,-0.131584,-0.012512,0.090490,-0.354028,0.376874,-0.188871
-0.020447,0.028351,0.003904,-0.002797,-0.007746,-0.014357,0.020618,-0.390621,-0.108319,-0.028114,0.043649,-0.402984,0.413526,-0.177238
-0.020516,0.029092,0.006412,-0.001836,-0.010759,-0.015689,0.036434,-0.395783,-0.150285,-0.027781,0.065988,-0.414000,0.476324,-0.250793
-0.020647,0.030151,0.009252,-0.001400,-0.013653,-0.016374,0.055647,-0.415598,-0.200628,-0.017990,0.085623,-0.375131,0.489768,-0.288801
-0.020778,0.031253,0.011805,-0.001310,-0.015104,-0.015958,0.054009,-0.458413,-0.191109,-0.032175,0.061980,-0.328889,0.450109,-0.246101
-0.020955,0.032626,0.014582,-0.001046,-0.017099,-0.016026,0.041907,-0.495974,-0.144959,-0.053594,0.024975,-0.340138,0.433975,-0.205446
-0.021087,0.033907,0.016910,-0.001258,-0.017080,-0.014549,0.040416,-0.514472,-0.120620,-0.071020,0.013378,-0.400349,0.483065,-0.237699
-0.021157,0.035385,0.018996,-0.001662,-0.017772,-0.012031,0.058460,-0.548288,-0.133356,-0.078394,0.016803,-0.413459,0.538385,-0.292616
-0.021151,0.036805,0.020507,-0.002071,-0.018104,-0.009440,0.061859,-0.535340,-0.128642,-0.099606,0.035020,-0.346730,0.558229,-0.319691
-0.021033,0.038440,0.021635,-0.002732,-0.018808,-0.006516,0.039484,-0.508505,-0.048321,-0.154118,0.043332,-0.298760,0.568971,-0.319793
-0.020789,0.039923,0.022122,-0.003604,-0.018028,-0.003042,0.017633,-0.479591,0.006036,-0.179321,0.070454,-0.316804,0.515037,-0.294657
-0.020376,0.041471,0.022043,-0.004426,-0.016948,0.000454,0.019025,-0.453362,0.021249,-0.184154,0.134028,-0.329978,0.462083,-0.307606
-0.019859,0.042993,0.021523,-0.005350,-0.017720,0.003253,0.011662,-0.421399,0.058140,-0.201922,0.156783,-0.327112,0.477832,-0.328093
-0.019091,0.044742,0.020315,-0.006646,-0.018401,0.006971,-0.012805,-0.380044,0.130290,-0.237082,0.151025,-0.316138,0.477791,-0.308055
-0.018171,0.046269,0.018576,-0.008040,-0.016948,0.010862,-0.021654,-0.355924,0.192534,-0.254532,0.190117,-0.287416,0.436425,-0.298858
-0.016973,0.047825,0.016183,-0.009338,-0.015610,0.013810,-0.026093,-0.321907,0.256492,-0.268572,0.259586,-0.273000,0.404597,-0.320163
-0.015694,0.049282,0.013598,-0.010597,-0.015718,0.016157,-0.043045,-0.259457,0.326927,-0.291246,0.298484,-0.288930,0.388589,-0.322111
-0.014142,0.050686,0.010360,-0.011537,-0.013707,0.018680,-0.052398,-0.205001,0.377223,-0.298400,0.328059,-0.286134,0.347115,-0.302426
-0.012611,0.051776,0.007165,-0.012170,-0.011321,0.019976,-0.048654,-0.176138,0.407888,-0.287766,0.377232,-0.255037,0.289617,-0.294629
-0.010929,0.052828,0.003778,-0.012410,-0.010112,0.019531,-0.058360,-0.125821,0.437922,-0.287512,0.414498,-0.253510,0.249911,-0.285941
-0.009463,0.053897,0.001042,-0.012040,-0.011627,0.017097,-0.070307,-0.083653,0.462130,-0.286433,0.418027,-0.284820,0.222889,-0.259681
-0.008002,0.054910,-0.001495,-0.011335,-0.010326,0.014641,-0.062415,-0.075531,0.440321,-0.253807,0.426999,-0.291786,0.179605,-0.237108
-0.006815,0.055920,-0.003416,-0.010185,-0.011466,0.012003,-0.036547,-0.124753,0.397588,-0.211859,0.425938,-0.283233,0.158009,-0.232872
-0.005796,0.057089,-0.004891,-0.008351,-0.012505,0.008509,-0.029430,-0.150011,0.362714,-0.186766,0.389490,-0.307385,0.169221,-0.215333
-0.005175,0.058057,-0.005529,-0.006020,-0.011375,0.003986,-0.030954,-0.196876,0.389412,-0.202746,0.329940,-0.335329,0.223620,-0.204210
-0.004897,0.058927,-0.005342,-0.003440,-0.009599,-0.001081,-0.015761,-0.258314,0.351850,-0.193639,0.297104,-0.333764,0.257156,-0.212751
-0.004955,0.059558,-0.004410,-0.001355,-0.007695,-0.005828,0.025642,-0.298376,0.198094,-0.154024,0.302713,-0.327079,0.274951,-0.261159
-0.005304,0.060373,-0.002656,0.000227,-0.009258,-0.010108,0.049226,-0.341962,0.068858,-0.124931,0.259374,-0.348736,0.304147,-0.272487
-0.005810,0.061264,-0.000557,0.001289,-0.011042,-0.013132,0.041615,-0.387973,0.011445,-0.108909,0.157312,-0.361201,0.315272,-0.214260
-0.006508,0.062215,0.002105,0.002036,-0.011008,-0.015351,0.045056,-0.468613,-0.009568,-0.103715,0.078161,-0.351540,0.356143,-0.197183
-0.007202,0.063014,0.004667,0.002309,-0.010153,-0.016004,0.062128,-0.542558,-0.041650,-0.092565,0.046989,-0.369152,0.432501,-0.243248
-0.007916,0.063688,0.007225,0.002287,-0.008072,-0.014766,0.077015,-0.570050,-0.085037,-0.089579,0.033673,-0.387887,0.504536,-0.294338
-0.008473,0.064108,0.009224,0.001867,-0.005602,-0.012493,0.074894,-0.561127,-0.088341,-0.110435,0.024387,-0.356011,0.551486,-0.316546
-0.008936,0.064628,0.010968,0.001229,-0.006241,-0.010061,0.056903,-0.522450,-0.080643,-0.136071,0.030471,-0.312414,0.551972,-0.314944
-0.009355,0.065428,0.012549,0.001163,-0.010068,-0.009884,0.041632,-0.467850,-0.087751,-0.141644,0.070558,-0.310155,0.509758,-0.312620
-0.009598,0.066148,0.013574,0.000365,-0.008236,-0.005909,0.030029,-0.452410,-0.055582,-0.146105,0.102346,-0.324654,0.462651,-0.299990
-0.009582,0.066654,0.013838,-0.000842,-0.006125,-0.001651,0.031451,-0.507555,-0.023126,-0.143472,0.082998,-0.326038,0.424481,-0.261525
-0.009294,0.067036,0.013404,-0.002170,-0.004058,0.002503,0.009679,-0.456487,0.028010,-0.178109,0.094100,-0.324124,0.450695,-0.272217
-0.008778,0.067208,0.012317,-0.003416,-0.001674,0.006797,-0.016795,-0.388214,0.123911,-0.238821,0.108292,-0.341539,0.553605,-0.331801
-0.007975,0.067144,0.010405,-0.004392,0.001270,0.011027,-0.027836,-0.315457,0.151009,-0.243114,0.183612,-0.311551,0.499257,-0.339496
-0.007092,0.066990,0.008241,-0.005074,0.002464,0.013522,-0.027226,-0.221424,0.136157,-0.231154,0.304858,-0.226638,0.381896,-0.344669
-0.005974,0.066699,0.005504,-0.005954,0.003836,0.015794,-0.057017,-0.138792,0.188051,-0.244367,0.335811,-0.236553,0.316639,-0.302167
-0.004824,0.066385,0.002742,-0.006797,0.004334,0.017271,-0.091635,-0.094502,0.252096,-0.246799,0.313254,-0.301489,0.212397,-0.195438
-0.003528,0.066026,-0.000321,-0.007217,0.004414,0.017658,-0.095013,-0.055702,0.259659,-0.229346,0.353652,-0.305665,0.173282,-0.190764
-0.002345,0.065625,-0.003086,-0.007251,0.005115,0.017283,-0.088869,-0.050913,0.270744,-0.224354,0.373933,-0.317663,0.244824,-0.249059
-0.001178,0.065245,-0.005763,-0.006768,0.004372,0.015454,-0.094363,-0.043290,0.303702,-0.218313,0.370581,-0.319371,0.225508,-0.221307
-0.000226,0.065013,-0.007898,-0.006120,0.002833,0.013339,-0.086615,-0.019921,0.300533,-0.202347,0.401194,-0.268686,0.177997,-0.206622
0.000703,0.064995,-0.009966,-0.005560,0.000200,0.011926,-0.069341,-0.044838,0.269647,-0.180050,0.405280,-0.285853,0.176824,-0.216279
0.001403,0.064957,-0.011564,-0.004455,0.000395,0.009988,-0.065875,-0.081937,0.261468,-0.162477,0.377921,-0.337824,0.136486,-0.173309
0.001954,0.064913,-0.012864,-0.003139,0.000423,0.007502,-0.067881,-0.122076,0.316296,-0.184185,0.343205,-0.326155,0.170191,-0.163722
0.002254,0.064878,-0.013590,-0.001803,0.000361,0.004533,-0.060435,-0.152227,0.293677,-0.193672,0.303673,-0.332871,0.260841,-0.199425
0.002326,0.064916,-0.013753,-0.000431,-0.000435,0.000941,-0.032069,-0.166401,0.206657,-0.174090,0.327271,-0.348459,0.267421,-0.242128
0.002185,0.064925,-0.013406,0.000837,-0.000080,-0.002166,-0.011440,-0.189872,0.140016,-0.150336,0.338342,-0.317743,0.248731,-0.253618
0.001864,0.064833,-0.012638,0.001804,0.001073,-0.004429,-0.009149,-0.242610,0.110140,-0.139593,0.265859,-0.306145,0.244126,-0.204056
0.001460,0.064596,-0.011687,0.002509,0.002885,-0.005947,-0.010860,-0.278917,0.071039,-0.127873,0.201381,-0.346198,0.250326,-0.166573
0.000934,0.064262,-0.010452,0.003026,0.003719,-0.007122,-0.001706,-0.301382,0.017100,-0.118037,0.179465,-0.389953,0.319449,-0.210245
0.000379,0.064030,-0.009098,0.003355,0.002813,-0.008467,0.006047,-0.312262,-0.035314,-0.109756,0.159434,-0.387121,0.389200,-0.253376
-0.000238,0.063657,-0.007604,0.003476,0.004101,-0.008619,0.007749,-0.317297,-0.062533,-0.107852,0.146018,-0.333000,0.400086,-0.252712
-0.000793,0.063259,-0.006236,0.003343,0.004724,-0.008545,0.008940,-0.338133,-0.069519,-0.100721,0.140112,-0.305022,0.378604,-0.234543
-0.001364,0.062803,-0.004805,0.003154,0.004965,-0.008263,0.001467,-0.323826,-0.091886,-0.090910,0.142526,-0.343443,0.357836,-0.223328
-0.001865,0.062490,-0.003521,0.002945,0.003650,-0.008016,-0.002760,-0.318275,-0.094042,-0.092173,0.131372,-0.382348,0.382623,-0.231647
-0.002350,0.062126,-0.002268,0.002630,0.003917,-0.007232,-0.004774,-0.325768,-0.097487,-0.089727,0.112820,-0.366741,0.403125,-0.231114
-0.002750,0.061893,-0.001246,0.002383,0.002676,-0.006394,0.000109,-0.341122,-0.090042,-0.093274,0.117659,-0.327018,0.406044,-0.238454
-0.003164,0.061713,-0.000260,0.002445,0.001882,-0.005682,-0.004678,-0.328027,-0.080144,-0.097564,0.132201,-0.331008,0.407030,-0.246502
-0.003449,0.061704,0.000404,0.001862,0.000029,-0.004155,-0.013032,-0.324621,-0.042568,-0.116038,0.136926,-0.352591,0.404358,-0.243089
-0.003684,0.061663,0.000938,0.001450,0.000383,-0.003081,-0.016022,-0.326290,-0.035235,-0.125123,0.141632,-0.343654,0.390134,-0.235450
-0.003938,0.061882,0.001551,0.001611,-0.002691,-0.003825,-0.013861,-0.328238,0.001346,-0.143004,0.160261,-0.322571,0.400117,-0.254840
-0.004217,0.062327,0.002242,0.001587,-0.004980,-0.003988,-0.019353,-0.311937,0.016356,-0.150608,0.166303,-0.333424,0.407697,-0.262225
-0.004446,0.062813,0.002808,0.001402,-0.005876,-0.003542,-0.006833,-0.345279,0.016019,-0.149861,0.171183,-0.337263,0.377208,-0.252729
-0.004632,0.063337,0.003257,0.001074,-0.005829,-0.002591,0.001209,-0.374801,0.022454,-0.148407,0.175254,-0.319419,0.357028,-0.245946
0.452688,-0.060796,-0.707019,0.000079,0.000130,0.000052,0.000000,0.000000,0.000000,0.000000,0.000000,0.000000,0.000000,0.000000
0.452641,-0.060809,-0.707011,0.000535,0.000271,-0.000046,-0.327946,1.000000,1.000000,0.255504,1.000000,0.104289,1.000000,-0.593238
0.452487,-0.060766,-0.706874,0.002137,0.001793,-0.000852,-0.328535,1.000000,1.000000,0.254477,1.000000,0.104220,1.000000,-0.593249
0.451917,-0.060679,-0.706458,0.007139,0.005561,-0.002404,-0.166155,1.000000,1.000000,0.365402,1.000000,0.416207,-0.383655,-0.087171
0.450663,-0.060538,-0.705758,0.016508,0.010150,-0.004378,-0.167576,1.000000,1.000000,0.360796,1.000000,0.413738,-0.386214,-0.085374
0.448085,-0.060226,-0.704556,0.030802,0.015271,-0.006931,-0.341573,1.000000,1.000000,0.336981,1.000000,-0.020015,-0.026229,-0.016830
0.444240,-0.059040,-0.702579,0.050121,0.019023,-0.012356,-0.366405,1.000000,1.000000,0.270634,1.000000,-0.033040,-0.031580,-0.003300
0.438219,-0.055936,-0.698867,0.073405,0.022858,-0.021415,-0.349481,1.000000,1.000000,0.209188,1.000000,0.117363,0.062010,-0.168514
0.430768,-0.051097,-0.693569,0.099056,0.029320,-0.033110,-0.389528,1.000000,1.000000,0.063825,1.000000,0.095434,0.054578,-0.150402
0.420545,-0.043527,-0.685374,0.125231,0.038858,-0.047283,-0.421613,1.000000,1.000000,-0.108068,1.000000,0.084023,-0.104248,-0.021410
0.408924,-0.034885,-0.675910,0.151508,0.046167,-0.059140,-0.447568,1.000000,1.000000,-0.263781,1.000000,0.050300,-0.127218,0.000990
0.393874,-0.023724,-0.663638,0.176831,0.050848,-0.070803,-0.478306,1.000000,1.000000,-0.410505,1.000000,-0.066929,-0.088241,0.006907
0.377623,-0.011473,-0.650199,0.201229,0.052321,-0.084001,-0.505552,1.000000,1.000000,-0.592465,1.000000,-0.110595,-0.113927,0.038053
0.357305,0.003869,-0.633154,0.224083,0.053691,-0.098339,-0.517265,0.973759,1.000000,-0.780358,1.000000,-0.104065,-0.148507,0.053527
0.335849,0.019652,-0.615076,0.245851,0.053468,-0.112946,-0.520291,0.820986,0.761813,-0.954667,0.908358,-0.149913,-0.192077,0.084590
0.309609,0.037801,-0.593124,0.264903,0.054398,-0.126739,-0.513908,0.654672,0.169914,-1.000000,0.747500,-0.224299,-0.252837,0.128897
0.282638,0.055242,-0.570271,0.279075,0.055568,-0.142716,-0.530217,0.483189,-0.384241,-1.000000,0.542768,-0.331620,-0.184112,0.146899
0.250555,0.074398,-0.542233,0.287366,0.060423,-0.161900,-0.591798,0.285225,-0.844620,-1.000000,0.265890,-0.471659,-0.063043,0.220967
0.218658,0.091365,-0.513158,0.286271,0.066335,-0.181568,-0.635517,0.067226,-1.000000,-1.000000,0.038740,-0.533649,0.025744,0.245269
0.182331,0.107538,-0.478811,0.277214,0.075250,-0.198238,-0.629854,-0.176948,-1.000000,-1.000000,-0.148255,-0.574840,0.171657,0.167730
0.148003,0.119186,-0.445297,0.261983,0.082320,-0.209371,-0.520598,-0.409137,-1.000000,-1.000000,-0.300409,-0.640365,0.318737,0.074652
0.111024,0.127195,-0.407881,0.241725,0.093760,-0.216028,-0.346825,-0.616481,-1.000000,-1.000000,-0.441959,-0.677368,0.433144,-0.010560
0.078016,0.129808,-0.372762,0.217970,0.105102,-0.219267,-0.184828,-0.774696,-1.000000,-1.000000,-0.566599,-0.667378,0.498196,-0.074011
0.044502,0.127476,-0.334475,0.191013,0.118251,-0.220987,-0.049161,-0.826540,-1.000000,-0.862697,-0.660838,-0.668394,0.518130,-0.117680
0.016462,0.121271,-0.299458,0.163918,0.122792,-0.218744,0.066422,-0.812938,-1.000000,-0.593136,-0.710220,-0.692541,0.527404,-0.155585
-0.010138,0.110998,-0.262377,0.136238,0.124937,-0.214023,0.177040,-0.780825,-1.000000,-0.271817,-0.757713,-0.720796,0.511425,-0.139009
-0.030888,0.099148,-0.229542,0.111566,0.121574,-0.205140,0.264981,-0.785084,-1.000000,0.008287,-0.803305,-0.723412,0.492594,-0.071460
-0.049290,0.084803,-0.196292,0.090478,0.116333,-0.191871,0.340948,-0.784921,-1.000000,0.284652,-0.831679,-0.737095,0.470486,-0.003691
-0.062902,0.071181,-0.168405,0.075946,0.106928,-0.174247,0.388143,-0.780707,-1.000000,0.472364,-0.822884,-0.761068,0.477712,0.019224
-0.074694,0.056821,-0.141579,0.066230,0.096896,-0.154854,0.394674,-0.760838,-1.000000,0.565881,-0.812764,-0.764956,0.493862,0.046073
-0.083521,0.044326,-0.119946,0.061163,0.086754,-0.135126,0.352263,-0.730033,-1.000000,0.515253,-0.796566,-0.727460,0.517494,0.065624
-0.091498,0.031820,-0.099804,0.058705,0.078425,-0.116231,0.284477,-0.683219,-1.000000,0.400245,-0.763424,-0.693922,0.538191,0.063682
-0.097843,0.021335,-0.084198,0.058299,0.071007,-0.097556,0.199882,-0.620621,-1.000000,0.234652,-0.704237,-0.675042,0.556387,0.028897
-0.104019,0.011291,-0.070502,0.058793,0.063923,-0.079043,0.106124,-0.537335,-1.000000,0.050463,-0.638502,-0.655542,0.571596,-0.014237
-0.109391,0.003440,-0.060832,0.060392,0.055749,-0.060386,-0.003794,-0.434262,-1.000000,-0.172064,-0.566654,-0.616550,0.587311,-0.057491
-0.115115,-0.003817,-0.053168,0.062395,0.050840,-0.044249,-0.126476,-0.317301,-1.000000,-0.415148,-0.483885,-0.568707,0.587388,-0.092445
-0.120431,-0.009213,-0.048653,0.064012,0.044764,-0.028199,-0.264289,-0.189276,-1.000000,-0.692601,-0.374287,-0.515659,0.562008,-0.122972
-0.126266,-0.013464,-0.046442,0.064896,0.037547,-0.012761,-0.387412,-0.031800,-1.000000,-0.926776,-0.250857,-0.476456,0.505880,-0.147797
-0.131629,-0.015897,-0.046649,0.063685,0.029910,0.001289,-0.505755,0.143481,-1.000000,-1.000000,-0.111774,-0.431326,0.433473,-0.164024
-0.137190,-0.016879,-0.048985,0.059909,0.021438,0.013491,-0.614724,0.298479,-1.000000,-1.000000,0.005888,-0.371193,0.339022,-0.135638
-0.141885,-0.016272,-0.052811,0.053561,0.012399,0.023893,-0.703033,0.395676,-1.000000,-1.000000,0.091751,-0.327775,0.268428,-0.067121
-0.146166,-0.014157,-0.058450,0.044123,0.004413,0.032532,-0.768577,0.440278,-0.881378,-1.000000,0.162254,-0.323774,0.242211,-0.015003
-0.149064,-0.011015,-0.064836,0.031467,-0.002463,0.039910,-0.805995,0.453287,-0.500208,-1.000000,0.245299,-0.330041,0.254719,-0.018879
-0.150763,-0.006582,-0.072658,0.016198,-0.008431,0.045143,-0.800956,0.463348,-0.168575,-1.000000,0.362080,-0.314546,0.290200,-0.076344
-0.150846,-0.002092,-0.080056,-0.000354,-0.011704,0.046181,-0.733015,0.489208,0.061095,-1.000000,0.543759,-0.269283,0.305236,-0.184797
-0.149418,0.002599,-0.087333,-0.015804,-0.013674,0.042033,-0.646451,0.518250,0.312110,-1.000000,0.709262,-0.194860,0.255284,-0.253454
-0.146937,0.005924,-0.092126,-0.028844,-0.012787,0.029932,-0.543474,0.541133,0.492719,-1.000000,0.807575,-0.125832,0.102685,-0.229769
-0.143334,0.008024,-0.094361,-0.039124,-0.011761,0.012905,-0.413438,0.506967,0.544450,-1.000000,0.851046,-0.126936,-0.066195,-0.190032
-0.139379,0.008384,-0.093313,-0.047371,-0.009896,-0.006543,-0.260345,0.388108,0.390621,-0.721818,0.799489,-0.231871,-0.191156,-0.146720
-0.134516,0.007157,-0.088937,-0.054579,-0.007584,-0.025261,-0.101645,0.226291,0.139798,-0.386592,0.679205,-0.354952,-0.235635,-0.113561
-0.129480,0.004885,-0.082317,-0.061388,-0.006267,-0.041373,0.032386,-0.004241,-0.059609,-0.087091,0.464007,-0.475033,-0.090627,-0.060874
-0.123476,0.001948,-0.073317,-0.066919,-0.007974,-0.051920,0.161773,-0.251611,-0.201050,0.235723,0.214108,-0.534166,0.101027,-0.022221
-0.117565,-0.000840,-0.064126,-0.070424,-0.009262,-0.057446,0.319608,-0.473361,-0.328155,0.568755,0.077901,-0.521704,0.281551,-0.108424
-0.111012,-0.003624,-0.053912,-0.071090,-0.010851,-0.058956,0.427110,-0.635284,-0.296906,0.765184,-0.016730,-0.488377,0.467795,-0.191260
-0.104948,-0.005873,-0.044507,-0.070275,-0.012235,-0.058731,0.433029,-0.689008,-0.130235,0.790912,-0.125637,-0.438838,0.585759,-0.150661
-0.098424,-0.007852,-0.034467,-0.069100,-0.014596,-0.057931,0.426023,-0.676574,-0.026247,0.761839,-0.124631,-0.391314,0.607394,-0.137844
-0.092471,-0.009177,-0.025454,-0.067730,-0.017353,-0.056318,0.461179,-0.665645,-0.083276,0.801549,-0.026091,-0.396960,0.565375,-0.202818
-0.086199,-0.009960,-0.016122,-0.065542,-0.021145,-0.053850,0.489431,-0.674520,-0.147811,0.854378,0.021846,-0.425625,0.496285,-0.219239
-0.080686,-0.010156,-0.008384,-0.062331,-0.022536,-0.048272,0.463591,-0.697289,-0.073792,0.830265,-0.050314,-0.420347,0.477181,-0.149004
-0.075196,-0.009651,-0.001544,-0.057823,-0.024617,-0.039531,0.430800,-0.736828,0.022645,0.774162,-0.138727,-0.410152,0.514031,-0.103248
-0.070707,-0.008423,0.002810,-0.051769,-0.026840,-0.027199,0.409844,-0.721996,0.051876,0.708814,-0.112345,-0.414358,0.565466,-0.160506
-0.066563,-0.006316,0.005003,-0.044892,-0.028517,-0.012658,0.359624,-0.667552,0.143527,0.568501,-0.044172,-0.388835,0.622074,-0.238374
-0.063349,-0.003674,0.004383,-0.038403,-0.029894,0.003876,0.249688,-0.574318,0.343751,0.333273,0.009596,-0.321509,0.631744,-0.243929
-0.060304,-0.000174,0.000922,-0.033863,-0.030903,0.019972,0.130387,-0.442783,0.529053,0.073806,0.115672,-0.263823,0.591520,-0.254155
-0.057643,0.003350,-0.004354,-0.031625,-0.030056,0.032977,0.026445,-0.273941,0.658283,-0.177475,0.304478,-0.254332,0.527121,-0.318573
-0.054707,0.007124,-0.011471,-0.031282,-0.027327,0.041071,-0.072161,-0.084759,0.806038,-0.403800,0.493838,-0.241716,0.429292,-0.361682
-0.051879,0.010253,-0.018315,-0.031686,-0.023261,0.042755,-0.146232,0.106236,0.916065,-0.544471,0.641648,-0.185423,0.278063,-0.353546
-0.048780,0.012995,-0.025002,-0.031565,-0.018179,0.038583,-0.170217,0.260175,0.915145,-0.560887,0.759375,-0.140269,0.091866,-0.323906
-0.046088,0.014681,-0.029705,-0.029684,-0.011512,0.029380,-0.160779,0.330452,0.823950,-0.483558,0.801773,-0.164188,-0.082297,-0.260971
-0.043610,0.015397,-0.032572,-0.025768,-0.003311,0.016545,-0.144389,0.320200,0.698015,-0.376266,0.740460,-0.235762,-0.183652,-0.162666
-0.041875,0.015136,-0.033077,-0.020366,0.003934,0.003158,-0.117083,0.244315,0.486633,-0.258167,0.607190,-0.331987,-0.161202,-0.085928
-0.040638,0.014086,-0.031577,-0.014367,0.009370,-0.008651,-0.061214,0.134385,0.159685,-0.107666,0.472384,-0.429524,-0.069664,-0.070772
-0.039990,0.012623,-0.028813,-0.009163,0.013214,-0.017285,-0.000010,0.020865,-0.167873,0.034670,0.354073,-0.476731,0.030304,-0.086233
-0.039592,0.010684,-0.024905,-0.006031,0.015887,-0.022531,0.020942,-0.091036,-0.378914,0.110159,0.196088,-0.469093,0.134507,-0.066290
-0.039355,0.008907,-0.020887,-0.004399,0.015199,-0.025123,0.003467,-0.175065,-0.480159,0.123626,0.035916,-0.458752,0.232930,-0.033249
-0.039093,0.007124,-0.016506,-0.004190,0.013640,-0.025282,-0.002883,-0.216358,-0.556712,0.139128,-0.034569,-0.481281,0.337295,-0.069173
-0.038815,0.005537,-0.012535,-0.004327,0.013072,-0.024796,0.006929,-0.257172,-0.592332,0.150695,-0.039172,-0.491934,0.430916,-0.139994
-0.038475,0.003743,-0.008277,-0.004504,0.014011,-0.024573,0.005803,-0.275413,-0.565892,0.147491,-0.038020,-0.442445,0.466755,-0.159374
-0.038125,0.002070,-0.004392,-0.004673,0.014311,-0.024273,0.002181,-0.263087,-0.544704,0.138741,-0.032273,-0.395144,0.472440,-0.157118
-0.037715,0.000327,-0.000274,-0.004777,0.013734,-0.023761,0.010925,-0.238563,-0.592970,0.167509,-0.006369,-0.422406,0.448445,-0.161266
-0.037299,-0.001143,0.003302,-0.004958,0.012454,-0.022345,0.018033,-0.227313,-0.639677,0.199805,0.014210,-0.456180,0.402952,-0.153711
-0.036785,-0.002512,0.006752,-0.005500,0.010615,-0.019921,0.007109,-0.241230,-0.627285,0.202436,-0.023219,-0.443438,0.391222,-0.120250
-0.036278,-0.003550,0.009453,-0.005766,0.008633,-0.016874,-0.012925,-0.254302,-0.569817,0.179670,-0.069476,-0.432933,0.418979,-0.100267
-0.035713,-0.004408,0.011774,-0.005905,0.006533,-0.013397,-0.022081,-0.253808,-0.508424,0.159027,-0.058718,-0.447208,0.461449,-0.129034
-0.035192,-0.004918,0.013286,-0.005950,0.004050,-0.009442,-0.024561,-0.239638,-0.459306,0.131323,-0.008273,-0.440429,0.486154,-0.174977
-0.034649,-0.005163,0.014287,-0.005793,0.001473,-0.005773,-0.033404,-0.213983,-0.397060,0.087398,0.038996,-0.396652,0.479413,-0.192698
-0.034165,-0.005147,0.014636,-0.005700,-0.000640,-0.002188,-0.055598,-0.181141,-0.308781,0.027470,0.077955,-0.361162,0.447013,-0.182452
-0.033644,-0.004955,0.014423,-0.005760,-0.001859,0.001233,-0.075318,-0.151905,-0.239194,-0.021973,0.122094,-0.365884,0.398361,-0.172502
-0.033145,-0.004579,0.013770,-0.006055,-0.003660,0.004082,-0.085472,-0.121885,-0.195070,-0.059478,0.175398,-0.382952,0.361052,-0.184176
-0.032569,-0.003946,0.012640,-0.006514,-0.005656,0.006513,-0.097471,-0.090742,-0.146664,-0.099597,0.206215,-0.381160,0.355544,-0.197763
-0.031968,-0.003300,0.011379,-0.007338,-0.006164,0.007887,-0.110558,-0.072194,-0.079965,-0.138908,0.220407,-0.358889,0.343924,-0.191126
-0.031217,-0.002461,0.009723,-0.008435,-0.007390,0.009554,-0.116284,-0.055827,-0.021473,-0.163766,0.256766,-0.336189,0.309589,-0.188357
-0.030448,-0.001608,0.008058,-0.009295,-0.008204,0.010399,-0.107665,-0.034749,-0.010867,-0.156249,0.300973,-0.344730,0.280004,-0.203557
-0.029580,-0.000499,0.006156,-0.009646,-0.010193,0.010978,-0.107065,-0.020010,0.040624,-0.162542,0.324959,-0.357086,0.261670,-0.203519
-0.028719,0.000608,0.004279,-0.010275,-0.011100,0.011731,-0.112813,-0.019383,0.096459,-0.169669,0.313828,-0.343521,0.247266,-0.174706
-0.027736,0.001854,0.002168,-0.010754,-0.011603,0.012184,-0.107242,-0.032528,0.135676,-0.179932,0.324809,-0.329362,0.237185,-0.173526
-0.026800,0.003038,0.000193,-0.010996,-0.012048,0.012338,-0.100343,-0.031868,0.166898,-0.182856,0.354993,-0.343451,0.242367,-0.199296
-0.025772,0.004312,-0.001949,-0.011069,-0.012017,0.012366,-0.097584,-0.024629,0.200781,-0.191705,0.368162,-0.351432,0.247136,-0.210471
-0.024819,0.005391,-0.003938,-0.011009,-0.010919,0.012420,-0.093074,-0.021887,0.221667,-0.195768,0.373659,-0.327493,0.235663,-0.203102
-0.023786,0.006448,-0.006070,-0.010961,-0.009799,0.012305,-0.086652,-0.016812,0.224467,-0.192932,0.388175,-0.311155,0.218183,-0.202766
-0.022809,0.007503,-0.008071,-0.011134,-0.010778,0.012497,-0.087573,-0.001323,0.221571,-0.190834,0.398589,-0.329358,0.202065,-0.200762
-0.021722,0.008734,-0.010282,-0.011374,-0.011790,0.012770,-0.091506,0.010663,0.227399,-0.189152,0.395048,-0.342847,0.191100,-0.188024
-0.020725,0.009871,-0.012232,-0.011217,-0.011948,0.012174,-0.093829,-0.000306,0.268238,-0.196206,0.389606,-0.327515,0.195031,-0.180095
-0.019668,0.011040,-0.014184,-0.010948,-0.011456,0.011262,-0.093867,-0.010892,0.310368,-0.202322,0.395070,-0.316543,0.202655,-0.184037
-0.018730,0.012053,-0.015796,-0.010495,-0.010870,0.010073,-0.082536,-0.014244,0.301336,-0.195447,0.413452,-0.328675,0.200722,-0.201197
-0.017775,0.013106,-0.017295,-0.009874,-0.010614,0.008653,-0.069097,-0.013610,0.274065,-0.181975,0.428013,-0.335958,0.191501,-0.211729
-0.016952,0.013926,-0.018418,-0.009245,-0.009012,0.007016,-0.065547,-0.020884,0.260878,-0.175362,0.409736,-0.326946,0.187538,-0.196466
-0.016127,0.014759,-0.019377,-0.008601,-0.008591,0.005532,-0.065538,-0.037781,0.255251,-0.170810,0.381395,-0.324360,0.183366,-0.173078
-0.015439,0.015527,-0.020045,-0.007820,-0.008736,0.004171,-0.058217,-0.043958,0.210772,-0.149801,0.372715,-0.343944,0.186695,-0.176313
-0.014778,0.016237,-0.020412,-0.007066,-0.007605,0.002118,-0.049360,-0.061217,0.184633,-0.138655,0.365777,-0.361501,0.209685,-0.193591
-0.014231,0.016831,-0.020500,-0.006460,-0.007020,0.000553,-0.050665,-0.086680,0.187288,-0.139398,0.336454,-0.350655,0.227209,-0.181981
-0.013717,0.017391,-0.020301,-0.005764,-0.006258,-0.001146,-0.040179,-0.101281,0.141477,-0.119242,0.317235,-0.338319,0.233691,-0.178544
-0.013316,0.017866,-0.019863,-0.005055,-0.005878,-0.002740,-0.026395,-0.113571,0.098464,-0.101177,0.320897,-0.354639,0.247599,-0.201010
0.000000,0.000000,0.000000,0.000000,0.000000,0.000000,0.000000,0.000000,0.000000,0.000000,0.000000,0.000000,0.000000,0.000000
