x,y,phi,u,v,r,n1,n2,n3,n4,alpha1,alpha2,alpha3,alpha4
-0.016875,0.052683,0.008680,-0.004491,-0.025063,0.018786,-0.062747,-0.267633,0.416867,-0.530576,0.377686,-0.077162,0.464010,-0.438693
-0.015712,0.054700,0.005639,-0.007231,-0.020411,0.017535,-0.092388,-0.146286,0.461808,-0.523209,0.468589,-0.181065,0.277841,-0.373991
-0.014337,0.056015,0.003081,-0.011138,-0.014191,0.016008,-0.089136,-0.161610,0.480351,-0.450311,0.438716,-0.289936,0.082160,-0.230476
-0.012756,0.057262,0.000935,-0.013224,-0.012657,0.012383,-0.057009,-0.152661,0.384934,-0.342220,0.414144,-0.293992,0.094783,-0.219533
-0.011431,0.058626,-0.000065,-0.013631,-0.015757,0.006244,-0.032822,-0.157101,0.345666,-0.269887,0.346916,-0.350874,0.294200,-0.290268
-0.010129,0.059704,-0.000457,-0.013519,-0.011694,0.002266,-0.013086,-0.207253,0.361515,-0.186497,0.306978,-0.354849,0.287391,-0.252809
-0.009142,0.060493,-0.000054,-0.012638,-0.009541,-0.002517,0.051340,-0.314935,0.300142,-0.082304,0.335211,-0.241883,0.203599,-0.239816
-0.008253,0.061151,0.000941,-0.011841,-0.007546,-0.005739,0.082448,-0.339637,0.194882,-0.020163,0.303900,-0.283354,0.255556,-0.260611
-0.007671,0.062084,0.002580,-0.010680,-0.011632,-0.010248,0.076914,-0.380380,0.182965,-0.007974,0.177072,-0.430395,0.330039,-0.214662
-0.007236,0.063615,0.004808,-0.009561,-0.017433,-0.012855,0.081315,-0.413969,0.146079,0.020307,0.126878,-0.396008,0.343677,-0.192842
-0.006997,0.065227,0.007146,-0.008399,-0.019831,-0.014612,0.136436,-0.530195,0.072585,0.048157,0.116967,-0.294572,0.421417,-0.273059
-0.006680,0.066161,0.009211,-0.008137,-0.010787,-0.011922,0.146011,-0.631733,0.116463,0.038578,0.082210,-0.320055,0.446120,-0.270599
-0.006260,0.065293,0.010521,-0.008244,0.009984,-0.008179,0.119131,-0.651984,0.203093,-0.019956,0.034640,-0.359555,0.470207,-0.239928
-0.005571,0.062577,0.010922,-0.008475,0.029788,-0.002315,0.105216,-0.522808,0.133586,-0.051553,0.059285,-0.361066,0.573535,-0.324461
-0.004743,0.059346,0.010660,-0.009244,0.038502,0.001638,0.107561,-0.264998,-0.167834,0.017668,0.157714,-0.370596,0.603265,-0.428839
-0.003682,0.055530,0.009681,-0.009650,0.042086,0.005648,0.053609,0.016577,-0.373853,0.088255,0.262450,-0.318806,0.429373,-0.379846
-0.002593,0.052119,0.008241,-0.009978,0.040802,0.008997,-0.030980,0.135632,-0.357827,0.143956,0.238966,-0.215595,0.159903,-0.139030
-0.001444,0.048521,0.006585,-0.009641,0.039683,0.009557,-0.104011,0.173425,-0.297039,0.196129,0.184922,-0.252540,-0.040970,0.071728
-0.000437,0.045052,0.004906,-0.008941,0.041364,0.010487,-0.145426,0.164115,-0.190279,0.197454,0.178724,-0.464488,0.031878,0.056589
0.000612,0.040589,0.003078,-0.008688,0.049096,0.010555,-0.144632,0.128122,-0.160613,0.190429,0.163141,-0.573142,0.207743,-0.033153
0.001507,0.035962,0.001233,-0.007857,0.055038,0.011531,-0.108512,0.159385,-0.221297,0.190431,0.219871,-0.427686,0.290360,-0.122934
0.002273,0.030952,-0.000687,-0.006036,0.054927,0.011077,-0.085052,0.273020,-0.348248,0.231479,0.301033,-0.307598,0.280748,-0.177375
0.002891,0.026486,-0.002253,-0.005542,0.053015,0.009780,-0.124391,0.393105,-0.402166,0.248810,0.348265,-0.342889,0.110531,-0.088340
0.003241,0.022533,-0.003161,-0.003011,0.043343,0.005241,-0.170165,0.405082,-0.394962,0.256140,0.313322,-0.377332,-0.097429,0.077651
0.003419,0.019487,-0.003670,-0.001689,0.036205,0.003182,-0.177443,0.352172,-0.400601,0.287283,0.249931,-0.429135,-0.100695,0.117575
0.003542,0.016536,-0.004389,-0.000871,0.032345,0.004149,-0.161788,0.195633,-0.372509,0.257769,0.157013,-0.528301,0.057404,0.073138
0.003511,0.013105,-0.005815,0.001251,0.040638,0.008907,-0.151609,0.107056,-0.298434,0.217830,0.123518,-0.515990,0.171450,0.028294
0.003369,0.008878,-0.007542,0.002342,0.046267,0.009970,-0.144742,0.113556,-0.213285,0.134406,0.159099,-0.412019,0.319960,-0.084833
0.003084,0.005246,-0.008930,0.003848,0.043051,0.008675,-0.182424,0.298654,-0.262882,0.049949,0.252018,-0.387270,0.364099,-0.159580
0.002677,0.001606,-0.010170,0.004703,0.039875,0.007152,-0.179645,0.437124,-0.414037,0.078566,0.377134,-0.377398,0.199754,-0.147078
0.002251,-0.001637,-0.011140,0.005133,0.038509,0.006064,-0.166416,0.400978,-0.508939,0.140401,0.413177,-0.319451,-0.076368,-0.018148
0.001743,-0.004722,-0.012001,0.005526,0.033838,0.004965,-0.199884,0.337601,-0.474747,0.149942,0.295664,-0.361329,-0.179951,0.128649
0.001335,-0.007401,-0.012673,0.004735,0.031839,0.004204,-0.255588,0.317827,-0.361379,0.079541,0.143269,-0.533387,0.005356,0.135888
0.000905,-0.010407,-0.013213,0.004592,0.033019,0.003112,-0.247708,0.255691,-0.297250,0.033373,0.118758,-0.592654,0.223580,0.024101
0.000517,-0.013066,-0.013412,0.004539,0.031636,0.001243,-0.175593,0.230995,-0.384065,0.086927,0.242076,-0.442602,0.265214,-0.112291
-0.000090,-0.015295,-0.012823,0.006944,0.024512,-0.003393,-0.132415,0.269023,-0.477138,0.125632,0.331577,-0.331976,0.225202,-0.169063
-0.000634,-0.016770,-0.012298,0.006773,0.017558,-0.003282,-0.158305,0.276065,-0.444634,0.133470,0.281041,-0.372659,0.102400,-0.032855
-0.001134,-0.017486,-0.011745,0.005812,0.007854,-0.003192,-0.170316,0.168664,-0.441636,0.135065,0.180098,-0.428053,-0.035794,0.115737
-0.001462,-0.017337,-0.011449,0.004099,-0.001794,-0.001851,-0.169217,0.079090,-0.342810,0.093215,0.155138,-0.478555,0.087349,0.054226
-0.001714,-0.016440,-0.011379,0.002818,-0.009856,-0.000404,-0.169591,-0.027012,-0.139625,-0.001053,0.086516,-0.527420,0.357710,-0.066436
-0.001902,-0.015143,-0.011151,0.002371,-0.015461,-0.001422,-0.138729,-0.090854,0.012784,-0.050570,0.139818,-0.431653,0.421870,-0.138834
-0.002092,-0.013634,-0.010853,0.002245,-0.016597,-0.001724,-0.075298,-0.106984,0.072050,-0.081261,0.303475,-0.271436,0.413337,-0.262419
-0.002276,-0.012259,-0.010623,0.002301,-0.016377,-0.001432,-0.040940,-0.134658,0.074088,-0.086265,0.358970,-0.292463,0.346238,-0.273351
-0.002480,-0.010656,-0.010446,0.002322,-0.017635,-0.001024,-0.049643,-0.113970,0.071806,-0.094616,0.340521,-0.357990,0.184489,-0.157737
-0.002702,-0.009290,-0.010453,0.002639,-0.016257,0.000046,-0.062498,-0.113567,0.095623,-0.132390,0.282791,-0.366228,0.220631,-0.141079
-0.002964,-0.007743,-0.010371,0.002911,-0.017017,-0.000472,-0.069390,-0.162031,0.120818,-0.159054,0.219329,-0.401811,0.325329,-0.171962
-0.003250,-0.006112,-0.010055,0.003492,-0.019447,-0.001979,-0.065915,-0.136490,0.089304,-0.164853,0.266050,-0.383342,0.322962,-0.214062
-0.003596,-0.004574,-0.009763,0.003869,-0.016938,-0.001684,-0.044863,-0.142917,0.072494,-0.169703,0.308989,-0.321747,0.349940,-0.272234
-0.003967,-0.003180,-0.009404,0.004473,-0.016643,-0.002242,-0.043458,-0.190459,0.074343,-0.162355,0.277105,-0.318820,0.297814,-0.215908
-0.004566,-0.001458,-0.008376,0.006691,-0.019054,-0.005932,-0.058979,-0.151037,0.055651,-0.168281,0.273625,-0.334813,0.233896,-0.167834
-0.005144,-0.000297,-0.007380,0.006935,-0.013992,-0.006227,-0.061270,-0.169946,0.056721,-0.192552,0.244405,-0.384332,0.321915,-0.210085
-0.005771,0.001269,-0.006249,0.006907,-0.017411,-0.006525,-0.041719,-0.267259,-0.037872,-0.166666,0.192340,-0.415273,0.307578,-0.189472
-0.006364,0.002798,-0.005202,0.007004,-0.018441,-0.006548,-0.027372,-0.215941,-0.146781,-0.139285,0.227111,-0.354726,0.298572,-0.221400
-0.007136,0.004382,-0.004179,0.008389,-0.017627,-0.005898,-0.047164,-0.270546,-0.010860,-0.210693,0.153112,-0.352632,0.453964,-0.260549
-0.007811,0.005801,-0.003262,0.007878,-0.017126,-0.005728,-0.080106,-0.294494,0.047292,-0.219054,0.108256,-0.371506,0.375395,-0.162275
-0.008550,0.007170,-0.002383,0.007959,-0.015288,-0.005075,-0.047593,-0.254630,-0.058187,-0.228740,0.228246,-0.320792,0.351896,-0.255597
-0.009263,0.008346,-0.001606,0.008271,-0.014240,-0.004850,-0.028018,-0.271044,-0.085258,-0.219253,0.231161,-0.371799,0.452204,-0.335397
-0.010041,0.009713,-0.000750,0.008300,-0.015308,-0.004941,-0.068437,-0.240087,-0.059088,-0.233644,0.170831,-0.379817,0.353595,-0.213911
-0.010748,0.011009,-0.000011,0.008148,-0.015703,-0.004619,-0.073197,-0.221997,-0.064765,-0.252362,0.177676,-0.290420,0.329740,-0.198115
-0.011659,0.012710,0.001308,0.009519,-0.019188,-0.007615,-0.060708,-0.271107,-0.089639,-0.238622,0.175627,-0.348820,0.386769,-0.250547
-0.012608,0.014548,0.002972,0.010501,-0.022594,-0.010395,-0.068836,-0.271807,-0.085184,-0.233318,0.184298,-0.415099,0.335635,-0.226758
-0.013723,0.016781,0.005057,0.011217,-0.025471,-0.012036,-0.051490,-0.349829,-0.096787,-0.249885,0.140019,-0.357394,0.373562,-0.226675
-0.014780,0.018749,0.006835,0.011464,-0.024330,-0.011107,-0.027068,-0.446477,-0.136086,-0.242045,0.081057,-0.345907,0.417819,-0.231921
-0.015992,0.020886,0.008867,0.012010,-0.024523,-0.011724,-0.020943,-0.491348,-0.124227,-0.267707,0.071824,-0.384431,0.447585,-0.259415
-0.017106,0.022911,0.010860,0.011711,-0.025308,-0.012457,-0.041876,-0.468710,-0.075126,-0.328007,0.060401,-0.386744,0.533554,-0.302764
-0.018521,0.025341,0.012953,0.012041,-0.024218,-0.010465,-0.031425,-0.481213,-0.110561,-0.343595,0.049844,-0.353629,0.566782,-0.328498
-0.019759,0.026985,0.014227,0.012493,-0.018884,-0.007343,0.001042,-0.493038,-0.194177,-0.300214,0.107067,-0.312566,0.488590,-0.337765
-0.020860,0.027700,0.014325,0.013008,-0.008580,-0.000616,-0.026982,-0.463454,-0.165879,-0.344877,0.112783,-0.310739,0.469430,-0.324435
-0.022032,0.027893,0.013415,0.013741,-0.001474,0.005248,-0.092457,-0.389636,-0.108053,-0.417432,0.046139,-0.360551,0.494537,-0.268343
-0.023280,0.028244,0.012291,0.012835,-0.002599,0.005622,-0.143969,-0.210849,-0.150167,-0.470116,0.108617,-0.364057,0.499182,-0.298808
-0.024330,0.028970,0.012034,0.012761,-0.008422,0.001608,-0.167890,-0.077984,-0.217457,-0.497551,0.225991,-0.317548,0.486948,-0.373100
-0.025413,0.029656,0.011964,0.011972,-0.007478,0.000402,-0.161111,-0.086723,-0.256236,-0.426889,0.265980,-0.264933,0.292698,-0.280527
-0.026263,0.030382,0.011937,0.010153,-0.008618,0.000166,-0.131356,-0.184427,-0.302755,-0.335563,0.229171,-0.248715,0.084267,-0.127423
-0.027022,0.031364,0.011968,0.008318,-0.010820,-0.000175,-0.153026,-0.227350,-0.263460,-0.340793,0.120940,-0.395455,0.184774,-0.099936
-0.027695,0.032195,0.012357,0.007551,-0.010286,-0.002430,-0.184767,-0.286372,-0.101532,-0.397385,-0.003404,-0.544703,0.432209,-0.158759
-0.028505,0.032248,0.013202,0.007964,-0.001395,-0.004874,-0.137184,-0.329588,-0.095307,-0.379711,0.054975,-0.426646,0.526484,-0.280048
-0.029629,0.032038,0.013857,0.012582,0.001808,-0.004097,-0.038847,-0.330158,-0.271552,-0.298921,0.194655,-0.253468,0.532137,-0.423152
-0.030907,0.031639,0.014472,0.013367,0.003755,-0.003550,-0.035428,-0.230980,-0.452285,-0.235859,0.208724,-0.297024,0.426511,-0.361925
-0.032047,0.030658,0.014426,0.013627,0.011723,0.000292,-0.144302,-0.160859,-0.406203,-0.365614,0.093752,-0.357725,0.258789,-0.129376
-0.033233,0.028884,0.013660,0.013845,0.020351,0.004420,-0.199754,-0.181370,-0.369383,-0.391272,0.000585,-0.361906,0.247461,-0.042555
-0.034543,0.026112,0.012033,0.013890,0.028017,0.008134,-0.201971,-0.092208,-0.506426,-0.367048,0.076584,-0.452600,0.371508,-0.216159
-0.035604,0.023266,0.009947,0.014673,0.036559,0.013036,-0.223741,0.046395,-0.563105,-0.387255,0.152762,-0.491985,0.475907,-0.329436
-0.036788,0.020369,0.008061,0.014520,0.034123,0.010872,-0.278731,0.181335,-0.559352,-0.409951,0.156850,-0.319297,0.372896,-0.211796
-0.037727,0.017065,0.006232,0.012578,0.041832,0.011430,-0.318836,0.337637,-0.622613,-0.415797,0.230214,-0.190592,0.176502,-0.112026
-0.038491,0.012924,0.004191,0.009619,0.048218,0.011785,-0.303869,0.303351,-0.694368,-0.326354,0.271533,-0.343127,0.012676,-0.052865
-0.038947,0.008632,0.001860,0.006566,0.054490,0.014581,-0.319147,0.387797,-0.788751,-0.218767,0.258823,-0.494028,-0.109763,0.041017
-0.039136,0.004222,-0.001460,0.003090,0.052886,0.019144,-0.348269,0.436973,-0.725015,-0.236814,0.157937,-0.503538,0.111988,0.000360
-0.038954,0.000446,-0.005118,-0.001558,0.050295,0.022854,-0.381790,0.490528,-0.635256,-0.243567,0.126317,-0.467822,0.215020,-0.016513
-0.038428,-0.002443,-0.009531,-0.005665,0.037664,0.025452,-0.362493,0.536122,-0.554743,-0.206749,0.294668,-0.352411,0.112789,-0.057809
-0.037646,-0.004048,-0.013449,-0.009633,0.024742,0.024493,-0.336695,0.572570,-0.445466,-0.149817,0.423514,-0.304073,0.037032,-0.077761
-0.036393,-0.005489,-0.017369,-0.014296,0.020942,0.022621,-0.343611,0.524598,-0.174073,-0.166774,0.409856,-0.346147,-0.035391,0.029435
-0.034969,-0.006780,-0.020291,-0.017531,0.019345,0.018261,-0.314370,0.409508,0.028319,-0.143694,0.386858,-0.364099,-0.091202,0.104003
-0.033247,-0.008179,-0.022407,-0.019408,0.017934,0.012211,-0.235015,0.359447,0.026306,-0.064928,0.453647,-0.412635,0.022132,-0.024230
-0.031768,-0.009880,-0.024245,-0.018161,0.022533,0.011482,-0.160292,0.313870,-0.028736,0.013159,0.465233,-0.481760,0.150038,-0.139180
-0.030190,-0.011940,-0.025539,-0.017791,0.024072,0.007468,-0.105674,0.269210,-0.069649,0.109382,0.439837,-0.403335,0.080492,-0.085587
-0.028786,-0.014188,-0.026113,-0.016958,0.027390,0.003588,-0.121229,0.332301,-0.086355,0.092563,0.428068,-0.296667,0.052652,-0.046088
-0.027130,-0.017199,-0.025907,-0.015684,0.028493,-0.001032,-0.124936,0.305109,-0.114506,0.124752,0.352041,-0.402656,0.083436,-0.015057
-0.025737,-0.019957,-0.024858,-0.014688,0.029342,-0.006050,-0.099609,0.302126,-0.289565,0.235814,0.358795,-0.496362,-0.033387,0.025918
-0.024575,-0.022847,-0.023825,-0.013062,0.033403,-0.006457,-0.059076,0.254067,-0.407329,0.300429,0.336822,-0.462685,0.039559,-0.025645
-0.023326,-0.025724,-0.022099,-0.012361,0.030160,-0.009959,-0.066020,0.175815,-0.422012,0.329893,0.176068,-0.477327,0.142702,0.015935
-0.022260,-0.028472,-0.020486,-0.011129,0.031304,-0.010079,-0.100550,0.226352,-0.427378,0.316068,0.146755,-0.478110,0.142375,0.043106
-0.021112,-0.031272,-0.018399,-0.010566,0.029191,-0.012046,-0.061412,0.154688,-0.456361,0.355037,0.163000,-0.468774,0.225521,-0.033824
-0.019987,-0.034279,-0.016338,-0.010967,0.034152,-0.012872,-0.057339,0.160214,-0.527714,0.385179,0.183942,-0.476834,0.194413,-0.036012
-0.018616,-0.036926,-0.014513,-0.012911,0.027845,-0.010536,-0.050421,0.137341,-0.515333,0.388495,0.158699,-0.454011,0.201570,-0.020986
-0.017249,-0.039155,-0.012913,-0.014052,0.025427,-0.010001,-0.054985,0.176386,-0.578709,0.437856,0.122623,-0.476195,0.210508,-0.007031
-0.015814,-0.041375,-0.011547,-0.013926,0.023585,-0.007879,-0.060145,0.153804,-0.423590,0.412233,0.139259,-0.473231,0.241624,-0.024704
-0.014662,-0.043253,-0.010861,-0.012648,0.021954,-0.004285,-0.064556,0.118616,-0.347616,0.431353,0.129036,-0.447092,0.234337,-0.009201
-0.013652,-0.045154,-0.010679,-0.010830,0.020791,-0.001053,-0.048564,0.148498,-0.347131,0.416295,0.189977,-0.429710,0.235684,-0.039602
-0.012915,-0.046507,-0.010775,-0.008931,0.016159,0.000599,-0.076732,0.186674,-0.259595,0.335265,0.214166,-0.443479,0.294599,-0.065726
-0.012421,-0.047834,-0.011327,-0.006318,0.014826,0.003188,-0.118939,0.227978,-0.197368,0.259120,0.228665,-0.429363,0.231702,-0.026059
-0.012222,-0.048641,-0.012214,-0.003956,0.010027,0.005546,-0.110595,0.221303,-0.198772,0.221618,0.305408,-0.379225,0.155429,-0.037587
-0.012227,-0.049183,-0.013515,-0.002131,0.006511,0.007506,-0.130997,0.248660,-0.210972,0.162335,0.334282,-0.407123,0.151832,-0.054403
-0.012371,-0.048323,-0.015716,-0.002329,-0.009209,0.013751,-0.180095,0.248671,-0.098007,0.046080,0.297623,-0.444203,0.160655,-0.018027
-0.012727,-0.046928,-0.017972,0.000159,-0.014364,0.013017,-0.203448,0.245130,-0.035702,-0.026411,0.305736,-0.406364,0.150822,-0.012001
-0.013285,-0.045996,-0.020263,0.002618,-0.009981,0.014318,-0.218987,0.173478,0.273691,-0.191835,0.392248,-0.332352,0.217639,-0.097597
-0.013831,-0.044703,-0.022437,0.002554,-0.013199,0.012542,-0.213877,0.127436,0.273864,-0.240580,0.411274,-0.354538,0.204722,-0.114172
-0.014400,-0.042839,-0.023566,0.004890,-0.021607,0.007054,-0.176300,0.255425,0.056571,-0.258245,0.546617,-0.371337,0.125838,-0.202257
-0.015045,-0.040375,-0.024228,0.006107,-0.026747,0.003823,-0.161827,0.215649,0.079701,-0.274848,0.522867,-0.364120,0.172289,-0.224451
-0.015745,-0.038140,-0.024678,0.007663,-0.026370,0.002810,-0.176433,0.057114,0.109597,-0.268587,0.355015,-0.322902,0.015301,-0.004259
-0.016575,-0.036182,-0.025122,0.008527,-0.021272,0.002561,-0.149748,-0.026072,0.100122,-0.275104,0.348134,-0.309993,0.008877,-0.014655
-0.017506,-0.034537,-0.025659,0.010358,-0.019244,0.003355,-0.160859,-0.074580,0.126456,-0.358149,0.297785,-0.495736,0.310511,-0.190934
-0.018562,-0.032321,-0.025792,0.011443,-0.024273,0.000767,-0.174534,-0.021608,0.082683,-0.388663,0.270620,-0.526382,0.380048,-0.219224
-0.019525,-0.030185,-0.025749,0.011526,-0.025456,-0.000269,-0.146347,0.044366,-0.002558,-0.415126,0.384318,-0.259933,0.354863,-0.297249
-0.020639,-0.027290,-0.024992,0.013020,-0.032314,-0.004366,-0.125304,-0.044621,-0.020894,-0.394945,0.389239,-0.195369,0.274782,-0.268669
-0.034078,0.003975,0.006278,0.010081,-0.020186,-0.017431,-0.013573,-0.429417,-0.252665,-0.287336,0.074160,-0.344052,0.412990,-0.248027
-0.035050,0.005142,0.009085,0.010312,-0.016122,-0.016190,-0.010493,-0.415661,-0.362112,-0.244264,0.092724,-0.504820,0.444620,-0.309215
-0.035924,0.005871,0.011151,0.010014,-0.011396,-0.012925,-0.036184,-0.438829,-0.377795,-0.276849,0.000462,-0.433204,0.487957,-0.261665
-0.036798,0.006261,0.012643,0.009307,-0.006146,-0.008609,-0.061494,-0.411146,-0.381056,-0.301326,-0.055994,-0.302341,0.536694,-0.237456
-0.037545,0.006559,0.013532,0.008696,-0.004772,-0.005556,-0.081639,-0.327311,-0.395252,-0.312771,0.014593,-0.351643,0.555319,-0.298815
-0.038389,0.006087,0.013376,0.009304,0.005391,0.000899,-0.113813,-0.217321,-0.399171,-0.315010,0.107242,-0.415944,0.484185,-0.306151
-0.039091,0.005487,0.012921,0.008460,0.007799,0.002848,-0.132541,-0.172510,-0.381170,-0.322420,0.125844,-0.338316,0.408026,-0.251265
-0.039950,0.004615,0.011847,0.009654,0.011034,0.006196,-0.191173,-0.011827,-0.422989,-0.361078,0.143421,-0.299875,0.367962,-0.208024
-0.040696,0.003457,0.010483,0.009116,0.015821,0.008522,-0.207848,0.036065,-0.424156,-0.351060,0.164364,-0.382670,0.333519,-0.194966
-0.041392,0.002008,0.008890,0.007853,0.018162,0.009195,-0.243624,0.100290,-0.462300,-0.348509,0.217532,-0.394236,0.187261,-0.131472
-0.041914,0.000494,0.007267,0.006340,0.020542,0.010146,-0.260032,0.163003,-0.479889,-0.354691,0.223870,-0.352844,0.208575,-0.136500
-0.042318,-0.001152,0.005432,0.004470,0.020736,0.010586,-0.275876,0.181811,-0.466475,-0.334180,0.182753,-0.410383,0.243034,-0.114480
-0.042583,-0.002737,0.003477,0.003089,0.021957,0.012212,-0.275027,0.229316,-0.484597,-0.287207,0.228878,-0.411127,0.151974,-0.082574
-0.042640,-0.004181,0.001125,0.000415,0.019338,0.013579,-0.260260,0.230872,-0.461117,-0.261401,0.268900,-0.368272,0.172822,-0.120487
-0.042495,-0.005297,-0.001236,-0.002076,0.017039,0.014745,-0.284490,0.254285,-0.396390,-0.269661,0.242070,-0.395766,0.180401,-0.081708
-0.042153,-0.006451,-0.004156,-0.004276,0.016968,0.016842,-0.284663,0.267160,-0.287982,-0.262987,0.264506,-0.388812,0.145702,-0.052141
-0.041732,-0.007649,-0.007189,-0.005724,0.019049,0.018963,-0.262422,0.259131,-0.228639,-0.238146,0.324992,-0.369427,0.159154,-0.099655
-0.041128,-0.009010,-0.010245,-0.007428,0.019366,0.017634,-0.254289,0.292775,-0.182311,-0.230834,0.371839,-0.384120,0.162310,-0.123330
-0.040617,-0.009953,-0.012514,-0.006826,0.014722,0.014178,-0.263349,0.362482,-0.138503,-0.239460,0.398312,-0.370920,0.137313,-0.102494
-0.040130,-0.010974,-0.014708,-0.006092,0.014283,0.012649,-0.234649,0.363570,-0.170002,-0.177678,0.414897,-0.349651,0.078014,-0.078541
-0.039733,-0.011887,-0.016508,-0.005467,0.013592,0.011261,-0.198425,0.278212,-0.224478,-0.121922,0.416215,-0.362796,-0.014762,-0.040858
-0.039272,-0.012398,-0.018228,-0.005759,0.007976,0.009922,-0.215289,0.253124,-0.199260,-0.137967,0.360874,-0.406279,-0.002388,0.000161
-0.039058,-0.013059,-0.019985,-0.003357,0.010449,0.010984,-0.244229,0.230248,-0.114946,-0.203016,0.264783,-0.461289,0.149215,-0.013663
-0.038913,-0.013944,-0.021895,-0.002449,0.012309,0.011018,-0.219343,0.159918,-0.057808,-0.209174,0.281104,-0.442585,0.214126,-0.074869
-0.038784,-0.014941,-0.023438,-0.002331,0.014114,0.009641,-0.201110,0.220274,-0.156456,-0.226119,0.399895,-0.360309,0.204967,-0.173480
-0.040541,-0.026245,-0.028884,0.008880,0.029113,0.009778,-0.289963,0.381017,-0.295284,-0.369795,0.286072,-0.410448,0.426302,-0.213717
-0.041547,-0.028654,-0.030073,0.009989,0.028155,0.006863,-0.352967,0.590218,-0.358819,-0.429331,0.397076,-0.316891,0.244666,-0.151918
-0.042528,-0.031264,-0.031049,0.010630,0.032584,0.006100,-0.260677,0.502729,-0.629043,-0.237174,0.508834,-0.232851,-0.161104,-0.043344
-0.043507,-0.034343,-0.031514,0.010248,0.034488,0.002676,-0.245914,0.443160,-0.763800,-0.125642,0.453980,-0.337824,-0.350038,0.097254
-0.044032,-0.038279,-0.030502,0.007563,0.045263,-0.006330,-0.379234,0.466961,-0.563221,-0.272485,0.156178,-0.575020,-0.089185,0.199218
-0.044200,-0.042825,-0.028329,0.004722,0.046663,-0.012538,-0.398830,0.426261,-0.494199,-0.303005,0.036528,-0.636918,0.171011,0.123896
-0.043988,-0.046235,-0.025332,0.002306,0.035655,-0.018724,-0.213382,0.414506,-1.000000,0.012430,0.253211,-0.521724,0.173421,-0.118704
-0.043339,-0.049375,-0.021701,-0.001303,0.029049,-0.020965,-0.102079,0.378969,-1.000000,0.214114,0.343731,-0.433530,0.108408,-0.204319
-0.042313,-0.051943,-0.018481,-0.006247,0.025351,-0.020104,-0.164919,0.194945,-0.943548,0.227089,0.052678,-0.414888,-0.033472,0.120051
-0.040610,-0.053887,-0.015348,-0.013065,0.016812,-0.018074,-0.160985,0.116896,-0.812157,0.283336,-0.077251,-0.459260,-0.056579,0.241041
-0.038528,-0.055200,-0.012821,-0.019675,0.011811,-0.015790,-0.136831,0.080738,-0.642613,0.280997,-0.047637,-0.639265,0.385620,-0.029134
-0.035937,-0.056321,-0.011153,-0.025307,0.010115,-0.009633,-0.084406,0.003478,-0.457037,0.321650,-0.016651,-0.633053,0.539325,-0.136179
-0.033275,-0.056960,-0.010638,-0.030589,0.006914,-0.003215,0.015963,-0.016993,-0.385409,0.441395,0.155294,-0.323607,0.404654,-0.161228
-0.030270,-0.057113,-0.011344,-0.034424,0.002504,0.004075,0.032574,0.075277,-0.196465,0.430338,0.275421,-0.225175,0.398070,-0.197152
-0.027766,-0.057239,-0.013528,-0.034445,0.003985,0.013644,-0.038885,0.164823,0.127624,0.386468,0.270185,-0.404006,0.299983,-0.062996
-0.025508,-0.057476,-0.017074,-0.031814,0.006041,0.020460,-0.051712,0.231467,0.315761,0.362092,0.386714,-0.392196,0.111138,-0.002002
-0.023619,-0.057574,-0.020583,-0.030013,0.004553,0.021928,-0.051680,0.336769,0.342688,0.280648,0.535621,-0.313448,0.194196,-0.146079
-0.021709,-0.057595,-0.024406,-0.028575,0.003399,0.022063,-0.110718,0.431682,0.381468,0.152357,0.544425,-0.368970,0.192813,-0.132983
-0.020162,-0.057645,-0.027580,-0.025241,0.003202,0.019844,-0.128967,0.467521,0.386576,0.134785,0.605417,-0.317954,-0.053672,-0.020792
-0.018785,-0.057187,-0.030600,-0.021138,-0.002896,0.017421,-0.106789,0.463555,0.315050,0.161426,0.664127,-0.269490,-0.118299,-0.041871
-0.017701,-0.056250,-0.032994,-0.018004,-0.009457,0.014950,-0.132559,0.409392,0.259085,0.124453,0.545504,-0.418488,-0.055172,-0.005066
-0.016734,-0.055857,-0.035190,-0.014887,-0.002957,0.012673,-0.168100,0.327370,0.341841,0.035540,0.447419,-0.455798,-0.053751,0.076133
-0.015806,-0.055221,-0.036528,-0.013837,-0.006731,0.008363,-0.145418,0.236175,0.378497,-0.005531,0.453588,-0.370284,0.074959,-0.015431
-0.014882,-0.054058,-0.037048,-0.011152,-0.012499,0.002999,-0.110081,0.286557,0.158244,0.013703,0.499316,-0.409415,0.172888,-0.152082
-0.014008,-0.052437,-0.037095,-0.010487,-0.019262,0.000293,-0.072012,0.254266,0.120564,0.037421,0.539449,-0.415106,0.122348,-0.170994
-0.013225,-0.050607,-0.036470,-0.007484,-0.020413,-0.003606,-0.073963,0.140188,0.148491,0.054628,0.452171,-0.310589,0.005828,-0.027624
-0.012886,-0.049372,-0.036130,-0.003388,-0.014872,-0.002122,-0.074472,0.035228,0.234602,0.020368,0.361451,-0.317002,0.037724,0.015860
-0.012672,-0.047440,-0.035105,-0.000607,-0.021695,-0.005918,-0.064801,-0.042381,0.178633,-0.005203,0.298629,-0.500163,0.188203,-0.061447
-0.012517,-0.044544,-0.033777,0.000516,-0.035073,-0.008297,-0.076131,0.038742,0.070888,-0.084159,0.342218,-0.524274,0.290049,-0.174624
-0.012405,-0.040788,-0.032147,0.001276,-0.042024,-0.009414,-0.040240,-0.076330,0.074666,-0.125838,0.315808,-0.347112,0.364911,-0.227055
-0.012310,-0.037013,-0.030811,0.000916,-0.045501,-0.008336,-0.028483,-0.241480,0.187065,-0.135942,0.300790,-0.231841,0.224351,-0.136431
-0.012299,-0.032576,-0.028768,0.002489,-0.049575,-0.011779,-0.031268,-0.299320,0.291932,-0.191648,0.306360,-0.306377,0.211100,-0.139329
-0.012403,-0.028223,-0.026690,0.003774,-0.052831,-0.013004,-0.035774,-0.327161,0.410573,-0.277040,0.258802,-0.477439,0.412736,-0.237596
-0.012621,-0.024197,-0.024228,0.004797,-0.045312,-0.014214,0.019174,-0.419807,0.307398,-0.268927,0.232623,-0.446435,0.465170,-0.291264
-0.012790,-0.021409,-0.021203,0.004752,-0.034594,-0.018895,0.077986,-0.464802,0.191751,-0.267724,0.308347,-0.240832,0.422357,-0.358258
-0.013061,-0.018466,-0.017575,0.005669,-0.033923,-0.020929,0.056814,-0.415071,0.131564,-0.280299,0.258193,-0.256382,0.458352,-0.352974
-0.013450,-0.015306,-0.013458,0.007489,-0.039596,-0.025723,0.052947,-0.355269,-0.050985,-0.174957,0.170515,-0.433409,0.360524,-0.249715
-0.013992,-0.011893,-0.008847,0.008406,-0.039640,-0.026607,0.070474,-0.402456,-0.151824,-0.120269,0.169434,-0.410588,0.307776,-0.234684
-0.014562,-0.008879,-0.004812,0.008599,-0.037966,-0.025208,0.079295,-0.614136,-0.143533,-0.110808,0.011806,-0.343608,0.415419,-0.206483
-0.015421,-0.006095,-0.001158,0.010576,-0.032436,-0.021092,0.053854,-0.658876,-0.102544,-0.141337,-0.082720,-0.392333,0.486034,-0.181083
-0.016310,-0.003490,0.001898,0.011278,-0.032769,-0.019096,0.044727,-0.609879,-0.042677,-0.215576,-0.040426,-0.438489,0.670353,-0.325133
-0.017318,-0.000670,0.004436,0.011389,-0.032416,-0.014647,0.025653,-0.526225,-0.102128,-0.281934,0.022883,-0.392474,0.732857,-0.413251
-0.018247,0.001532,0.006013,0.011106,-0.027235,-0.009856,0.030340,-0.491061,-0.159993,-0.293850,0.113765,-0.265212,0.582965,-0.385284
-0.019135,0.003528,0.007296,0.009690,-0.022751,-0.007401,-0.012280,-0.435654,-0.108532,-0.327177,0.157214,-0.226569,0.444673,-0.314345
-0.019765,0.004360,0.008392,0.007352,-0.010677,-0.006844,-0.076356,-0.348631,-0.046071,-0.378509,0.115983,-0.348755,0.416395,-0.248814
-0.014499,-0.042452,0.020970,-0.010167,-0.000502,-0.033617,0.162836,-0.569244,-0.465763,0.364403,-0.269187,-0.395530,0.749916,-0.205663
-0.012989,-0.043288,0.024918,-0.011689,0.007858,-0.024669,0.185495,-0.417791,-0.522774,0.402749,-0.068725,-0.318592,0.686535,-0.307256
-0.011545,-0.043778,0.027341,-0.012248,0.004314,-0.013983,0.168897,-0.272218,-0.621671,0.506449,0.031412,-0.425360,0.515957,-0.264921
-0.010500,-0.043720,0.027538,-0.012117,-0.000776,-0.001231,0.077260,-0.109423,-0.543003,0.477766,0.028550,-0.431550,0.341673,-0.100463
-0.009703,-0.042842,0.025608,-0.011670,-0.008945,0.011140,-0.028400,-0.107401,-0.217079,0.333864,-0.049689,-0.363411,0.382707,-0.016744
-0.009213,-0.041886,0.022742,-0.010425,-0.010322,0.017909,-0.106571,-0.073025,0.046047,0.196755,0.019228,-0.384069,0.405463,-0.040514
-0.008906,-0.040782,0.018900,-0.008920,-0.010872,0.022165,-0.132224,0.020558,0.285498,0.016752,0.265354,-0.373589,0.455922,-0.203625
-0.008824,-0.039704,0.014890,-0.007087,-0.011464,0.025069,-0.129286,0.127967,0.298454,-0.069451,0.432637,-0.327580,0.428185,-0.297140
-0.008847,-0.038203,0.010048,-0.006370,-0.014970,0.027939,-0.121304,0.227829,0.214309,-0.109828,0.567325,-0.250802,0.184189,-0.254853
-0.008868,-0.036675,0.005210,-0.006649,-0.016524,0.030211,-0.156574,0.280569,0.236050,-0.161831,0.581034,-0.218451,-0.006848,-0.137207
-0.008932,-0.035211,-0.000231,-0.006171,-0.014371,0.031402,-0.231671,0.272031,0.405699,-0.262536,0.469020,-0.310532,-0.041336,-0.004892
-0.008989,-0.033977,-0.005264,-0.005936,-0.012961,0.031465,-0.263446,0.257154,0.492572,-0.318775,0.436714,-0.404231,0.028673,-0.016994
-0.009111,-0.032874,-0.010670,-0.004983,-0.010384,0.031188,-0.226626,0.276825,0.395267,-0.315497,0.539082,-0.403399,0.152391,-0.198401
-0.009269,-0.032117,-0.015580,-0.004145,-0.007295,0.030665,-0.198560,0.307610,0.344963,-0.310591,0.611356,-0.320436,0.179660,-0.279288
-0.009576,-0.031744,-0.020913,-0.002524,-0.002339,0.030792,-0.223259,0.378635,0.381327,-0.329539,0.612365,-0.215228,0.061142,-0.171843
-0.009943,-0.031488,-0.025361,-0.000896,-0.001416,0.027757,-0.244937,0.434425,0.373922,-0.332873,0.601141,-0.215953,-0.061934,-0.071304
-0.010482,-0.031121,-0.029478,0.001455,-0.002594,0.023776,-0.268082,0.465396,0.290635,-0.333039,0.603294,-0.339322,-0.110227,-0.053185
-0.011179,-0.030540,-0.032345,0.004963,-0.005781,0.017911,-0.264731,0.408357,0.206473,-0.313439,0.554702,-0.414870,-0.082026,-0.047611
-0.012051,-0.029821,-0.034545,0.007263,-0.007045,0.012691,-0.254633,0.333507,0.155274,-0.312583,0.488322,-0.379232,-0.013715,-0.038632
-0.012886,-0.029746,-0.035628,0.008736,-0.000394,0.006771,-0.239983,0.241462,0.112548,-0.334964,0.432913,-0.359921,0.066342,-0.059391
-0.013726,-0.029677,-0.035797,0.009063,-0.000688,0.000974,-0.220906,0.192753,0.046969,-0.327801,0.428863,-0.390778,0.085876,-0.092000
-0.014495,-0.029222,-0.035152,0.009877,-0.005746,-0.004035,-0.185374,0.222395,-0.165543,-0.253638,0.429822,-0.421720,0.102344,-0.139045
-0.015289,-0.028608,-0.033740,0.010132,-0.007447,-0.008132,-0.150901,0.160432,-0.258420,-0.197025,0.368933,-0.418744,0.130277,-0.131752
-0.016012,-0.027416,-0.031766,0.010721,-0.015301,-0.012334,-0.158969,0.032439,-0.207119,-0.183815,0.248870,-0.376721,0.095564,-0.018926
-0.016782,-0.026179,-0.029492,0.010632,-0.014861,-0.013133,-0.150135,-0.044945,-0.210146,-0.169875,0.185536,-0.392100,0.145447,-0.018677
-0.017522,-0.025100,-0.027579,0.010683,-0.014035,-0.011954,-0.108461,-0.190257,-0.178993,-0.179363,0.156457,-0.495545,0.317114,-0.136223
-0.018339,-0.024177,-0.025526,0.010751,-0.011365,-0.011828,-0.096076,-0.202793,-0.191704,-0.183370,0.152233,-0.487516,0.394220,-0.191436
-0.019102,-0.023465,-0.023600,0.010838,-0.009815,-0.012056,-0.088345,-0.160293,-0.166595,-0.250627,0.174373,-0.348690,0.491430,-0.269171
-0.020025,-0.023080,-0.021830,0.011575,-0.005391,-0.010212,-0.088499,-0.126964,-0.218609,-0.240514,0.194036,-0.319370,0.451506,-0.259227
-0.020970,-0.023284,-0.020519,0.012391,0.001446,-0.008192,-0.078902,-0.080039,-0.327652,-0.186618,0.268479,-0.342635,0.245676,-0.197564
-0.021703,-0.024977,-0.018053,0.010050,0.016854,-0.014245,-0.113680,-0.026194,-0.356638,-0.203517,0.249945,-0.374337,0.216267,-0.156890
-0.022315,-0.028220,-0.015862,0.009325,0.036768,-0.013665,-0.180870,0.026496,-0.355309,-0.246111,0.121281,-0.450247,0.286965,-0.087312
-0.022882,-0.031761,-0.013589,0.008450,0.037162,-0.013113,-0.102320,0.100244,-0.768807,0.014915,0.127263,-0.504562,0.233817,-0.108156
-0.023281,-0.034526,-0.012047,0.006587,0.031598,-0.009641,-0.071510,0.295553,-1.000000,0.168547,0.241772,-0.489525,0.219474,-0.217930
-0.023283,-0.039071,-0.009947,0.002535,0.048273,-0.012111,-0.182316,0.237718,-0.860961,0.101235,0.038171,-0.440077,0.233264,-0.030339
-0.022809,-0.043829,-0.007835,-0.002563,0.054856,-0.013213,-0.248657,0.186551,-0.613509,0.082937,-0.038356,-0.352721,0.017945,0.178182
-0.022096,-0.048219,-0.006249,-0.005425,0.047020,-0.009153,-0.157721,0.324233,-0.962347,0.314480,0.114573,-0.503535,0.160422,-0.027288
-0.021175,-0.052183,-0.005697,-0.009970,0.046709,-0.003449,-0.083569,0.405971,-1.000000,0.473598,0.167632,-0.717946,0.349835,-0.175685
-0.019865,-0.056134,-0.006232,-0.015352,0.043804,0.003084,-0.165466,0.321144,-0.745422,0.405171,0.068127,-0.475764,0.159323,0.031968
-0.018470,-0.058920,-0.007254,-0.018761,0.033940,0.006391,-0.173422,0.322500,-0.557588,0.403096,0.097736,-0.229470,0.042305,0.088973
-0.016813,-0.061207,-0.008893,-0.021523,0.026172,0.009453,-0.183216,0.451081,-0.387437,0.397071,0.208410,-0.461231,0.256187,-0.036009
-0.015289,-0.062947,-0.011218,-0.023475,0.022199,0.014538,-0.191474,0.455413,-0.185034,0.381993,0.254847,-0.616955,0.241561,-0.007381
-0.013641,-0.064517,-0.014320,-0.024846,0.018929,0.017900,-0.125642,0.397927,-0.097639,0.423121,0.404922,-0.342587,0.048922,0.006911
-0.012231,-0.066163,-0.017419,-0.024232,0.021200,0.019350,-0.111410,0.428634,0.035558,0.361344,0.479592,-0.246770,0.119258,-0.069520
-0.010861,-0.067608,-0.020723,-0.022625,0.017323,0.019083,-0.181318,0.498099,0.233128,0.266624,0.428611,-0.444309,0.112415,0.013573
-0.009709,-0.068420,-0.023320,-0.020263,0.010748,0.016229,-0.176339,0.581896,0.162743,0.271592,0.519425,-0.439683,-0.060360,0.051598
-0.008715,-0.069166,-0.025283,-0.015563,0.008871,0.011320,-0.114138,0.526457,0.061089,0.291130,0.606266,-0.346387,-0.012734,-0.065351
-0.007799,-0.069658,-0.025760,-0.012136,0.006013,0.002982,-0.133392,0.410861,0.101684,0.260931,0.484000,-0.399895,-0.036667,0.032919
-0.006899,-0.069878,-0.025047,-0.008171,0.002225,-0.004116,-0.157499,0.384126,0.065649,0.217406,0.407236,-0.424591,-0.122777,0.134388
-0.006126,-0.069591,-0.023248,-0.004504,-0.003868,-0.011243,-0.086836,0.266320,-0.119879,0.266934,0.368826,-0.484047,0.039160,0.019833
-0.005291,-0.068230,-0.020098,-0.001607,-0.015591,-0.018182,-0.043261,0.135949,-0.275637,0.301560,0.292875,-0.551450,0.115151,-0.019893
-0.004558,-0.066604,-0.016276,0.001029,-0.020048,-0.023875,-0.029981,0.007321,-0.270447,0.287811,0.202194,-0.468312,0.136666,0.009289
-0.004046,-0.064568,-0.011574,0.005193,-0.023038,-0.027138,-0.006433,-0.200149,-0.186095,0.248139,0.075755,-0.411982,0.253625,-0.002307
-0.003903,-0.062926,-0.007529,0.008067,-0.020085,-0.025267,0.033096,-0.311357,-0.266688,0.263890,0.028471,-0.498011,0.336266,-0.053472
-0.004054,-0.061416,-0.003519,0.010381,-0.017085,-0.023144,0.064838,-0.361611,-0.350122,0.204191,0.035595,-0.532981,0.464370,-0.170955
-0.004707,-0.060718,-0.000908,0.013777,-0.008689,-0.016320,0.022522,-0.318095,-0.320223,0.086594,-0.007610,-0.448995,0.572130,-0.206924
-0.005911,-0.060253,0.000875,0.016956,-0.005382,-0.010282,-0.017806,-0.247619,-0.334534,0.004523,-0.001759,-0.361030,0.551732,-0.199936
-0.007379,-0.060159,0.001615,0.019137,-0.001280,-0.004625,-0.074404,-0.068321,-0.439986,-0.062638,0.132449,-0.362299,0.448649,-0.224157
-0.009233,-0.060349,0.001832,0.020832,0.002030,-0.001254,-0.144559,0.034295,-0.446786,-0.155403,0.182878,-0.402873,0.374516,-0.199531
-0.011111,-0.060345,0.001851,0.022402,-0.000048,-0.000118,-0.222007,0.123979,-0.447731,-0.214796,0.167031,-0.389330,0.240517,-0.079257
-0.013135,-0.060089,0.001531,0.021552,-0.002695,0.001845,-0.248310,0.187582,-0.513073,-0.242486,0.190240,-0.380027,0.204253,-0.074713
-0.014970,-0.059587,0.000986,0.020626,-0.005711,0.003410,-0.263446,0.156786,-0.519990,-0.266313,0.193514,-0.455164,0.220502,-0.093874
-0.016896,-0.058905,0.000287,0.019744,-0.007135,0.004032,-0.287896,0.146451,-0.428584,-0.295516,0.187048,-0.445626,0.187340,-0.055480
-0.018565,-0.058439,-0.000622,0.017858,-0.004959,0.005683,-0.294150,0.132095,-0.329133,-0.349802,0.183910,-0.385781,0.268805,-0.094637
-0.020387,-0.058059,-0.002211,0.016837,-0.003158,0.009172,-0.278250,0.126322,-0.329970,-0.352985,0.215327,-0.416486,0.306503,-0.142003
-0.022044,-0.057563,-0.004090,0.015644,-0.004454,0.011738,-0.256633,0.199466,-0.377268,-0.320338,0.312786,-0.412209,0.241454,-0.174776
-0.023760,-0.056371,-0.005763,0.015529,-0.011818,0.009653,-0.284635,0.267492,-0.304891,-0.377794,0.335892,-0.352709,0.236827,-0.167992
-0.025253,-0.054872,-0.007045,0.015071,-0.016698,0.008011,-0.324564,0.275835,-0.189855,-0.422824,0.292422,-0.333213,0.168467,-0.062966
-0.026709,-0.053461,-0.008273,0.013675,-0.014420,0.007078,-0.285514,0.187095,-0.206874,-0.383858,0.329031,-0.348863,0.050450,-0.033073
-0.027907,-0.052131,-0.009391,0.012034,-0.014733,0.006998,-0.247338,0.105622,-0.225332,-0.363329,0.362357,-0.417905,0.090917,-0.108202
-0.029272,-0.050963,-0.011067,0.011990,-0.011205,0.009669,-0.263055,0.105846,-0.182729,-0.398570,0.269414,-0.485378,0.239490,-0.125244
-0.030457,-0.050258,-0.012631,0.011119,-0.006675,0.009768,-0.265312,0.110794,-0.104455,-0.432361,0.232119,-0.418853,0.318268,-0.135058
-0.031576,-0.050116,-0.014000,0.009937,-0.000115,0.007906,-0.258900,0.184615,-0.140006,-0.447921,0.346793,-0.312851,0.299201,-0.212578
-0.032573,-0.049955,-0.014848,0.010271,-0.000918,0.005299,-0.236663,0.256405,-0.248106,-0.394928,0.439612,-0.322414,0.210477,-0.240958
-0.033703,-0.049913,-0.015559,0.011193,0.000339,0.004097,-0.226432,0.324083,-0.395702,-0.287594,0.425657,-0.364269,0.027848,-0.113651
-0.034729,-0.050096,-0.015909,0.011560,0.002619,0.002192,-0.240003,0.267658,-0.402552,-0.268801,0.315294,-0.373174,-0.033506,0.017965
-0.033847,0.000698,-0.015277,-0.001726,-0.005854,0.010057,-0.207839,-0.016129,0.106618,-0.354276,0.207775,-0.489506,0.422158,-0.185283
-0.033665,0.000774,-0.016919,-0.001960,0.001082,0.009478,-0.102000,-0.003219,-0.012059,-0.301333,0.432766,-0.219057,0.386202,-0.380635
-0.033452,0.000331,-0.018443,-0.001984,0.005755,0.007618,-0.120519,0.075017,-0.005729,-0.322815,0.489601,-0.198722,0.275311,-0.335466
-0.033331,0.000110,-0.019153,-0.001730,0.004225,0.005328,-0.178070,0.191091,-0.016971,-0.302856,0.384011,-0.308445,0.020688,-0.057885
-0.033203,-0.000763,-0.020317,-0.001205,0.009477,0.005822,-0.165024,0.210902,-0.158414,-0.223161,0.362269,-0.375083,-0.042621,-0.017065
-0.033001,-0.001747,-0.021100,-0.002429,0.012696,0.004898,-0.153548,0.078139,-0.213048,-0.184548,0.303937,-0.476833,0.102684,-0.092244
-0.032757,-0.003036,-0.021880,-0.002728,0.015045,0.004496,-0.199716,0.108333,-0.182862,-0.215045,0.228553,-0.469331,0.177056,-0.061788
-0.032541,-0.004295,-0.022424,-0.002638,0.015648,0.003400,-0.186262,0.150428,-0.156770,-0.211884,0.234245,-0.372085,0.322253,-0.145657
-0.032324,-0.005776,-0.022660,-0.002413,0.016549,0.001362,-0.156315,0.178746,-0.248599,-0.144811,0.325484,-0.365567,0.283207,-0.200770
-0.032090,-0.008003,-0.022659,-0.002784,0.026504,-0.000007,-0.136557,0.205921,-0.326353,-0.080673,0.407270,-0.341502,0.088991,-0.141195
-0.031696,-0.010281,-0.022500,-0.004284,0.024850,-0.000920,-0.150715,0.188730,-0.333021,-0.058379,0.321000,-0.346562,0.041131,-0.031416
-0.031261,-0.012120,-0.022363,-0.005121,0.021715,-0.000854,-0.180053,0.257770,-0.442370,-0.007231,0.208219,-0.470925,0.077576,0.030386
-0.030720,-0.013626,-0.022211,-0.005896,0.016402,-0.000877,-0.165824,0.220479,-0.409069,0.019610,0.212191,-0.524678,0.169955,-0.038140
-0.030162,-0.014107,-0.022219,-0.006632,0.005733,0.000048,-0.165532,0.152780,-0.322853,0.027716,0.216922,-0.432094,0.200084,-0.061712
-0.029540,-0.014914,-0.022138,-0.006795,0.008781,-0.000464,-0.147931,0.107975,-0.237148,0.014458,0.228221,-0.347860,0.217628,-0.070035
-0.028962,-0.016040,-0.022062,-0.006852,0.013344,-0.000481,-0.142429,0.037751,-0.049248,-0.039505,0.251799,-0.376825,0.259305,-0.086195
-0.028483,-0.017198,-0.022030,-0.006814,0.016482,-0.000234,-0.125834,0.091452,-0.133816,-0.005675,0.291826,-0.438994,0.230254,-0.104304
-0.027961,-0.018905,-0.022522,-0.006030,0.019252,0.002840,-0.079579,0.171075,-0.291047,0.026080,0.370774,-0.431854,0.245600,-0.198826
-0.027529,-0.021120,-0.023586,-0.004714,0.021983,0.005319,-0.101058,0.190537,-0.301568,0.033596,0.321729,-0.390626,0.217659,-0.136255
-0.027161,-0.022731,-0.024387,-0.005012,0.020000,0.005003,-0.173777,0.259619,-0.220075,-0.021165,0.273370,-0.327765,0.090676,0.006406
-0.026825,-0.024239,-0.024851,-0.005278,0.022119,0.003484,-0.208537,0.317553,-0.206618,-0.058508,0.300088,-0.376224,0.110910,-0.011992
-0.026321,-0.026090,-0.025335,-0.005941,0.020792,0.002791,-0.184986,0.285687,-0.256549,-0.007176,0.337017,-0.491736,0.125301,-0.060190
-0.025797,-0.027306,-0.025549,-0.006453,0.014682,0.001340,-0.151480,0.290619,-0.371032,0.069495,0.364480,-0.454260,0.066145,-0.056926
-0.025205,-0.027871,-0.025461,-0.006417,0.006136,-0.000508,-0.152554,0.267748,-0.302902,0.051446,0.311626,-0.375121,0.136342,-0.051098
-0.024544,-0.027432,-0.025696,-0.008112,-0.005007,0.001467,-0.178191,0.186162,-0.150301,0.026789,0.222041,-0.406235,0.145139,0.019715
-0.023807,-0.026813,-0.025828,-0.008228,-0.006693,0.000760,-0.144872,0.097338,-0.104692,0.039909,0.271378,-0.425093,0.102009,0.003626
-0.023366,-0.026986,-0.026646,-0.006066,0.002780,0.005107,-0.114018,0.011764,0.086486,-0.024233,0.330385,-0.409475,0.252630,-0.128225
-0.022980,-0.028150,-0.027670,-0.005198,0.013625,0.005911,-0.108323,-0.005380,0.129563,-0.060270,0.280668,-0.422644,0.344693,-0.150498
-0.022674,-0.029281,-0.028491,-0.004509,0.014167,0.005130,-0.118781,0.201076,-0.004872,-0.122669,0.408673,-0.363172,0.289371,-0.206050
-0.022583,-0.031087,-0.029813,-0.002022,0.018099,0.006611,-0.114460,0.345235,-0.189853,-0.087428,0.487246,-0.333894,0.251932,-0.256261
-0.022591,-0.032831,-0.030880,-0.001054,0.020008,0.006158,-0.133124,0.341756,-0.266042,-0.014020,0.454446,-0.328875,-0.024023,-0.062207
-0.022657,-0.034152,-0.031526,-0.000010,0.016268,0.004036,-0.197901,0.386283,-0.272612,-0.031917,0.387836,-0.310538,-0.186104,0.110979
-0.022853,-0.035465,-0.031717,0.001928,0.014581,0.001100,-0.250876,0.355097,-0.213660,-0.086039,0.256023,-0.483699,0.035177,0.081609
-0.023039,-0.036647,-0.031376,0.002667,0.013770,-0.002131,-0.239536,0.264395,-0.222769,-0.077948,0.226731,-0.593277,0.130197,0.030781
-0.023216,-0.037989,-0.030431,0.003147,0.014006,-0.005454,-0.171468,0.221963,-0.357265,-0.032874,0.332058,-0.438068,0.154185,-0.092413
-0.023504,-0.039417,-0.029537,0.004694,0.016225,-0.005584,-0.138585,0.188790,-0.404355,-0.025705,0.314848,-0.359674,0.237039,-0.148577
-0.023789,-0.040961,-0.028429,0.004645,0.016081,-0.006398,-0.163430,0.189761,-0.409679,-0.003097,0.231868,-0.426836,0.143307,-0.017849
-0.023975,-0.042117,-0.027175,0.004135,0.012642,-0.007834,-0.184185,0.235947,-0.447139,-0.019630,0.239691,-0.435462,0.080640,0.016573
-0.024104,-0.042546,-0.024953,0.004659,0.002886,-0.012825,-0.177470,0.194262,-0.457912,-0.014977,0.213298,-0.475539,0.206712,-0.056308
-0.024202,-0.042548,-0.022612,0.004895,-0.002067,-0.014619,-0.166440,0.134381,-0.450305,0.013484,0.183620,-0.492196,0.197189,-0.039821
-0.024295,-0.042301,-0.020099,0.004724,-0.004808,-0.014503,-0.113172,-0.020033,-0.441908,0.047402,0.167701,-0.416463,0.181283,-0.039049
-0.024274,-0.041786,-0.017906,0.003232,-0.008108,-0.013707,-0.099013,-0.099951,-0.398414,0.031277,0.124629,-0.424678,0.264164,-0.065910
-0.024402,-0.041391,-0.016416,0.003559,-0.005580,-0.008593,-0.115170,-0.111412,-0.293772,-0.036122,0.071321,-0.498551,0.398885,-0.104729
-0.024815,-0.041911,-0.016377,0.004971,0.006153,-0.000242,-0.095674,-0.126473,-0.229475,-0.051469,0.105478,-0.461190,0.448968,-0.163888
-0.025310,-0.043052,-0.016844,0.004768,0.012948,0.002693,-0.096794,-0.029776,-0.244775,-0.105625,0.227766,-0.345599,0.435612,-0.245334
-0.025747,-0.044198,-0.017445,0.004230,0.014209,0.003755,-0.173261,0.213321,-0.261065,-0.213645,0.312089,-0.327677,0.408752,-0.252262
-0.026139,-0.045473,-0.018180,0.003192,0.014659,0.004240,-0.207857,0.349558,-0.341931,-0.186632,0.346668,-0.359272,0.209691,-0.135818
-0.026481,-0.046397,-0.018935,0.002787,0.011737,0.004720,-0.187094,0.369002,-0.478166,-0.072976,0.416229,-0.321417,-0.076493,-0.025920
-0.026812,-0.046738,-0.019494,0.002744,0.004263,0.003227,-0.209717,0.331808,-0.451933,-0.043692,0.346510,-0.386827,-0.073131,0.028620
-0.027097,-0.046764,-0.019895,0.002693,0.000711,0.002501,-0.283230,0.276534,-0.243309,-0.131134,0.168207,-0.524607,0.071139,0.098812
-0.027358,-0.046643,-0.020432,0.001997,-0.000825,0.003102,-0.263198,0.170289,-0.147151,-0.158762,0.162361,-0.506999,0.190892,0.032100
-0.027753,-0.047019,-0.021620,0.002632,0.005695,0.007421,-0.176465,0.123437,-0.242116,-0.123958,0.311374,-0.413342,0.289326,-0.171466
-0.036495,-0.039982,-0.007480,0.001392,0.017571,-0.001098,-0.179397,0.088743,-0.360582,-0.188355,0.187295,-0.418684,0.274593,-0.109368
-0.036546,-0.041400,-0.007410,0.000663,0.015504,-0.000403,-0.156338,0.201144,-0.575517,-0.058013,0.175678,-0.499211,0.221823,-0.079578
-0.036519,-0.042309,-0.007469,-0.000420,0.010890,0.000367,-0.162117,0.266023,-0.613750,-0.037162,0.275061,-0.431382,0.215404,-0.151970
-0.036458,-0.042686,-0.007915,-0.001316,0.004712,0.002573,-0.215800,0.196441,-0.450264,-0.067996,0.177572,-0.372048,0.188700,-0.044529
-0.036301,-0.042915,-0.008804,-0.003281,0.003939,0.005551,-0.227155,0.171560,-0.352951,-0.057355,0.162136,-0.368665,0.079507,0.057867
-0.035974,-0.042299,-0.010511,-0.006124,-0.004624,0.009856,-0.210167,0.145988,-0.243900,-0.097976,0.240659,-0.449697,0.229122,-0.071620
-0.035579,-0.041461,-0.012320,-0.007556,-0.007530,0.011299,-0.216002,0.167599,-0.150991,-0.131642,0.256672,-0.513459,0.341255,-0.141319
-0.035125,-0.040651,-0.014435,-0.008004,-0.006292,0.012208,-0.201481,0.162035,0.061081,-0.196946,0.348772,-0.344272,0.298428,-0.159738
-0.034795,-0.040253,-0.016657,-0.007304,-0.001805,0.013881,-0.170577,0.164577,0.096266,-0.187616,0.433802,-0.226694,0.232480,-0.179132
-0.034380,-0.039795,-0.018803,-0.007526,-0.002446,0.012383,-0.151109,0.234121,0.013442,-0.162326,0.506511,-0.332444,0.108955,-0.167532
-0.033957,-0.039276,-0.020510,-0.007571,-0.003983,0.010671,-0.186712,0.315466,0.001738,-0.193398,0.489341,-0.416232,0.038732,-0.099325
-0.033462,-0.037113,-0.022420,-0.008024,-0.021513,0.011018,-0.199073,0.262343,0.024582,-0.190906,0.382612,-0.385774,0.059889,-0.025531
-0.033046,-0.034618,-0.024163,-0.007364,-0.027522,0.010892,-0.175683,0.197398,-0.020028,-0.147616,0.368723,-0.369132,0.065268,-0.035256
-0.032610,-0.031856,-0.025633,-0.006544,-0.028668,0.008483,-0.171019,0.020113,0.289096,-0.250384,0.390364,-0.370113,0.160352,-0.105270
-0.009165,-0.093919,0.021138,-0.011743,0.027493,-0.017724,0.066185,0.133941,-1.000000,0.867807,-0.053255,-0.628936,0.288224,-0.042534
-0.008108,-0.095789,0.021484,-0.010499,0.020440,-0.001993,0.010121,0.100721,-0.967749,0.807705,-0.132667,-0.587157,0.304340,0.023528
-0.008039,-0.096580,0.019292,-0.008668,0.010104,0.013699,-0.066643,0.073648,-0.603329,0.653005,-0.128196,-0.431604,0.316457,0.059851
-0.008950,-0.096425,0.014238,-0.006831,-0.000158,0.029149,-0.184878,0.180641,-0.201778,0.383319,-0.031321,-0.404912,0.447682,-0.010845
-0.010444,-0.096119,0.008168,-0.004087,-0.001402,0.037940,-0.273593,0.338522,0.154206,0.097184,0.182070,-0.419808,0.512753,-0.088811
-0.012757,-0.095102,0.000309,-0.000615,-0.008026,0.045321,-0.316907,0.514482,0.401059,-0.146896,0.522393,-0.286138,0.375949,-0.181542
-0.015151,-0.093798,-0.007252,0.001651,-0.011599,0.047286,-0.312633,0.671551,0.311624,-0.253613,0.781768,-0.185331,0.102833,-0.224649
-0.017666,-0.091950,-0.015053,0.002429,-0.015914,0.044997,-0.346134,0.723381,0.342222,-0.380478,0.846063,-0.188420,-0.193627,-0.099642
-0.019899,-0.090158,-0.021280,0.005210,-0.017011,0.038921,-0.413652,0.705497,0.407147,-0.466024,0.681839,-0.262157,-0.327265,0.120894
-0.022064,-0.090124,-0.026258,0.008315,0.003163,0.028706,-0.422625,0.590612,0.388515,-0.519057,0.557596,-0.378850,-0.212950,0.122106
-0.023682,-0.090631,-0.028844,0.010568,0.008216,0.016181,-0.375012,0.454065,0.223550,-0.496604,0.545306,-0.476629,-0.025369,-0.033505
-0.025073,-0.090612,-0.029989,0.011701,0.000727,0.006601,-0.309121,0.582289,-0.276409,-0.340685,0.580066,-0.477499,0.035261,-0.157173
-0.025890,-0.090406,-0.029191,0.012436,-0.003188,-0.004985,-0.247505,0.585620,-0.533708,-0.235409,0.535300,-0.405558,0.042270,-0.152598
-0.026434,-0.090214,-0.026113,0.015596,-0.004822,-0.017758,-0.264575,0.407114,-0.454937,-0.172154,0.347004,-0.334842,-0.154400,0.122616
-0.026503,-0.090261,-0.021247,0.017271,-0.004129,-0.030407,-0.235386,0.235295,-0.541733,-0.060523,0.213722,-0.395981,-0.249714,0.225849
-0.026161,-0.089490,-0.014726,0.016619,-0.014217,-0.037612,-0.163741,0.049529,-0.761895,0.014726,0.111550,-0.673237,0.064315,0.056021
-0.025472,-0.088494,-0.007712,0.015354,-0.018474,-0.043860,-0.089298,-0.110831,-0.941197,0.126805,-0.056223,-0.767617,0.316074,-0.035043
-0.024593,-0.088016,-0.000103,0.013669,-0.011670,-0.043906,-0.033159,-0.318165,-0.866794,0.146859,-0.167033,-0.505111,0.439755,-0.087364
-0.023599,-0.087376,0.006532,0.010063,-0.013479,-0.041436,0.012133,-0.451708,-0.850500,0.200555,-0.235738,-0.385674,0.520053,-0.115344
-0.022488,-0.085840,0.012388,0.005495,-0.021497,-0.033803,0.031615,-0.361079,-0.951614,0.267461,-0.194753,-0.534872,0.582532,-0.162750
-0.021500,-0.083674,0.016227,0.000586,-0.028934,-0.023986,0.029510,-0.338743,-0.821755,0.265357,-0.171415,-0.578308,0.642318,-0.189899
-0.020397,-0.081065,0.018955,-0.004231,-0.030656,-0.015733,-0.010345,-0.377338,-0.504042,0.192486,-0.161435,-0.396111,0.584201,-0.136758
-0.019514,-0.078363,0.020038,-0.007223,-0.032994,-0.006774,-0.028758,-0.360179,-0.201509,0.105464,-0.063157,-0.286031,0.576490,-0.163988
-0.018664,-0.075342,0.020090,-0.009201,-0.033220,-0.000298,-0.013493,-0.271727,-0.062915,0.101007,0.086319,-0.402359,0.617367,-0.267396
-0.017898,-0.072723,0.019557,-0.010629,-0.030816,0.003332,-0.016560,-0.165036,0.068730,0.042055,0.247847,-0.432122,0.541226,-0.314960
-0.017034,-0.069677,0.018266,-0.012736,-0.032683,0.007454,-0.028107,-0.101493,0.162627,-0.012525,0.316608,-0.277317,0.425765,-0.269812
-0.016366,-0.066793,0.016723,-0.011965,-0.033325,0.009638,-0.021855,-0.039715,0.120751,0.009236,0.353633,-0.241945,0.293011,-0.216069
-0.015674,-0.063476,0.014862,-0.011889,-0.035376,0.010735,-0.037417,-0.009703,0.216535,0.002576,0.399703,-0.353731,0.186776,-0.179028
-0.015046,-0.061204,0.013070,-0.011730,-0.026002,0.011204,-0.084815,-0.019197,0.315402,-0.056045,0.343654,-0.407769,0.179661,-0.114393
-0.014430,-0.058765,0.011037,-0.011070,-0.025738,0.011732,-0.076082,-0.056788,0.340973,-0.089623,0.318100,-0.367731,0.251327,-0.138761
-0.013791,-0.056524,0.009274,-0.011468,-0.025699,0.011014,-0.043930,0.038499,0.149295,-0.033027,0.394304,-0.374489,0.300624,-0.249553
-0.013057,-0.054053,0.007647,-0.011242,-0.026371,0.009386,-0.046273,0.064307,0.165211,-0.061032,0.442858,-0.366990,0.278212,-0.275894
-0.012281,-0.052089,0.006530,-0.011503,-0.022839,0.006983,-0.080574,0.044572,0.254743,-0.043392,0.382488,-0.286584,0.145075,-0.114902
-0.011228,-0.050953,0.005976,-0.012576,-0.012258,0.003201,-0.065007,0.019069,0.219603,-0.016103,0.367820,-0.287037,0.097349,-0.082325
-0.010006,-0.051366,0.006335,-0.013845,0.004761,-0.002242,-0.033445,-0.000955,0.106436,0.049785,0.371990,-0.457266,0.175056,-0.159389
-0.008601,-0.052293,0.007084,-0.014115,0.009932,-0.004323,-0.004532,0.049860,-0.085384,0.168631,0.332853,-0.519221,0.207851,-0.171485
-0.007305,-0.053395,0.007821,-0.013984,0.012885,-0.004607,0.040829,0.148310,-0.390091,0.344723,0.283421,-0.417925,0.230247,-0.165201
-0.006003,-0.054788,0.008599,-0.012869,0.015103,-0.004485,0.022139,0.144220,-0.406118,0.404000,0.213804,-0.366212,0.207918,-0.088788
-0.005135,-0.056171,0.008988,-0.009539,0.016387,-0.002436,-0.055408,0.132282,-0.289659,0.422715,0.135534,-0.401524,0.081747,0.067341
-0.004421,-0.058166,0.008931,-0.007960,0.021937,0.000328,-0.068237,0.142312,-0.300213,0.429076,0.139220,-0.472210,0.123777,0.046965
-0.003811,-0.060312,0.008990,-0.007133,0.025531,-0.000367,-0.075103,0.155017,-0.340495,0.369903,0.145491,-0.543494,0.301805,-0.054032
-0.003264,-0.062674,0.009128,-0.005725,0.025941,-0.000795,-0.100210,0.242594,-0.372382,0.335661,0.173714,-0.487729,0.314934,-0.070882
-0.002946,-0.064528,0.009278,-0.003437,0.022051,-0.000940,-0.080798,0.288222,-0.480353,0.375495,0.244983,-0.377244,0.220443,-0.080615
-0.002831,-0.066462,0.009368,-0.001060,0.021249,-0.000518,-0.085571,0.293049,-0.551922,0.409958,0.271499,-0.395494,0.091131,-0.026578
-0.002874,-0.068314,0.009271,0.000265,0.022044,0.000607,-0.141454,0.260639,-0.465762,0.355723,0.187985,-0.472733,0.027597,0.083552
-0.003091,-0.070983,0.009047,0.001862,0.029377,0.001290,-0.184350,0.251933,-0.412946,0.284312,0.104599,-0.522020,0.116562,0.092404
-0.003416,-0.073773,0.008699,0.002946,0.033229,0.002177,-0.172156,0.271238,-0.461625,0.249697,0.129858,-0.535468,0.270474,-0.019694
-0.003892,-0.076868,0.008158,0.003856,0.034108,0.003121,-0.155073,0.362412,-0.636422,0.275599,0.213638,-0.500427,0.282439,-0.097878
-0.004479,-0.079613,0.007345,0.004638,0.032761,0.005078,-0.165347,0.427384,-0.701615,0.278801,0.267452,-0.418744,0.166404,-0.069124
-0.005613,-0.082968,0.005285,0.006813,0.037220,0.011887,-0.214621,0.443796,-0.656070,0.260865,0.228130,-0.393589,0.023816,0.049754
-0.006821,-0.086027,0.002949,0.007118,0.036902,0.014593,-0.263198,0.468691,-0.583051,0.214886,0.192390,-0.462980,-0.014266,0.111455
-0.008083,-0.088911,0.000488,0.006573,0.032324,0.014201,-0.340240,0.600016,-0.514148,0.077220,0.214138,-0.542061,0.119930,0.056807
-0.009124,-0.091145,-0.001615,0.005397,0.027252,0.013146,-0.345168,0.629948,-0.496565,0.030387,0.257665,-0.521068,0.193545,-0.004140
-0.009918,-0.092965,-0.003341,0.003299,0.020561,0.009960,-0.282635,0.579252,-0.574647,0.102899,0.379868,-0.396906,0.016645,-0.005444
-0.010233,-0.094531,-0.004105,0.001099,0.018919,0.004773,-0.255217,0.544440,-0.559795,0.134441,0.419809,-0.355619,-0.087197,0.024456
-0.010115,-0.095472,-0.003425,0.000921,0.010109,-0.003923,-0.281039,0.493681,-0.419629,0.119692,0.282952,-0.480509,-0.048242,0.114066
-0.009500,-0.095689,-0.001627,-0.000896,0.001929,-0.011233,-0.246099,0.440647,-0.461586,0.194020,0.214573,-0.562480,-0.009631,0.126248
-0.008216,-0.095051,0.001172,-0.004867,-0.007897,-0.016157,-0.128325,0.243661,-0.596730,0.308647,0.229988,-0.539085,0.092887,0.010936
-0.006566,-0.093895,0.004348,-0.008344,-0.014666,-0.019840,-0.059480,0.065980,-0.584219,0.397953,0.164272,-0.499318,0.144400,-0.007643
-0.004384,-0.092658,0.008251,-0.011319,-0.014407,-0.022518,-0.035269,-0.068436,-0.373452,0.425211,0.045971,-0.477620,0.241920,0.009268
-0.002205,-0.091362,0.011768,-0.013758,-0.015942,-0.021982,0.009757,-0.173337,-0.249221,0.464771,-0.015939,-0.500552,0.383001,-0.032796
-0.000078,-0.089562,0.014839,-0.013682,-0.019971,-0.017719,0.101722,-0.199841,-0.343038,0.570012,0.045842,-0.508122,0.457895,-0.134137
0.001452,-0.087740,0.016655,-0.012127,-0.021670,-0.011349,0.143291,-0.195049,-0.298448,0.581785,0.110670,-0.437623,0.484177,-0.196422
0.002571,-0.086403,0.017547,-0.009598,-0.014654,-0.005149,0.069335,-0.193637,-0.034437,0.445064,0.069262,-0.350821,0.445107,-0.103895
0.002968,-0.085314,0.017237,-0.005736,-0.012991,0.001941,0.000012,-0.132607,0.129105,0.309704,0.097875,-0.336769,0.377263,-0.049260
0.002498,-0.084859,0.015228,-0.000744,-0.005179,0.011586,0.004134,0.020945,-0.036086,0.282722,0.257954,-0.429600,0.376276,-0.178177
0.001451,-0.083901,0.012594,0.004105,-0.011625,0.016473,-0.030733,0.126047,-0.083460,0.174763,0.361577,-0.456162,0.350569,-0.242226
0.000069,-0.081934,0.009225,0.005431,-0.021732,0.019433,-0.179232,0.300632,0.019946,-0.023273,0.340540,-0.317881,0.231020,-0.090943
-0.001276,-0.080213,0.006019,0.006179,-0.020439,0.020030,-0.252767,0.298767,0.147564,-0.194484,0.335744,-0.242865,0.143207,-0.011070
-0.002872,-0.078080,0.002110,0.006722,-0.023208,0.022559,-0.245305,0.230540,0.181099,-0.209515,0.457376,-0.356739,0.022190,-0.040246
-0.004410,-0.076148,-0.001616,0.007425,-0.022530,0.023289,-0.225289,0.269769,0.072799,-0.205874,0.522604,-0.459012,0.044984,-0.137426
-0.005967,-0.073855,-0.005621,0.006582,-0.024524,0.023099,-0.261495,0.262005,0.221160,-0.352748,0.435529,-0.426112,0.221127,-0.152356
-0.007276,-0.072486,-0.008970,0.006342,-0.015505,0.020935,-0.295404,0.275225,0.288134,-0.408698,0.381112,-0.309278,0.204644,-0.073899
-0.008835,-0.073704,-0.012798,0.007563,0.014404,0.022082,-0.233584,0.302950,0.206447,-0.360342,0.567851,-0.248811,0.094135,-0.187391
-0.009885,-0.077458,-0.014897,0.006713,0.045412,0.013120,-0.208411,0.374068,-0.002725,-0.266148,0.632188,-0.362278,0.035443,-0.235445
-0.010994,-0.082279,-0.016582,0.007689,0.053582,0.009723,-0.278067,0.694463,-0.355950,-0.214412,0.534588,-0.439058,-0.060300,-0.070475
-0.011707,-0.087181,-0.016843,0.007683,0.058440,0.001630,-0.241694,0.870535,-0.923037,0.063251,0.413613,-0.461195,-0.114155,0.038205
-0.011854,-0.092944,-0.015258,0.006376,0.062687,-0.009137,-0.250050,0.811114,-1.000000,0.202516,0.367671,-0.464123,-0.287770,0.142685
-0.011360,-0.097605,-0.012426,0.003980,0.054286,-0.017708,-0.286236,0.687350,-1.000000,0.292583,0.223573,-0.479266,-0.374977,0.246528
-0.009917,-0.102088,-0.007384,0.001144,0.047442,-0.029101,-0.236719,0.630312,-1.000000,0.426705,0.108097,-0.602949,-0.188440,0.198487
-0.007287,-0.106109,-0.000481,-0.004932,0.045591,-0.043132,-0.169799,0.482022,-1.000000,0.517665,0.031344,-0.681269,0.081888,0.093375
-0.003118,-0.109928,0.008523,-0.012806,0.040182,-0.051972,-0.045530,0.258890,-1.000000,0.748818,-0.012605,-0.605906,0.065501,0.077385
0.001903,-0.113310,0.017867,-0.021325,0.039709,-0.058344,0.125931,0.060902,-1.000000,1.000000,-0.049998,-0.556221,0.040723,0.047068
0.007925,-0.116705,0.027763,-0.027492,0.038559,-0.057102,0.214049,-0.070526,-1.000000,1.000000,-0.192985,-0.645337,0.208504,0.037908
0.013837,-0.120154,0.036417,-0.032644,0.044134,-0.054093,0.270951,-0.141997,-1.000000,1.000000,-0.330896,-0.696050,0.323324,0.056252
0.020133,-0.123958,0.044525,-0.035616,0.046123,-0.046793,0.315262,-0.138876,-1.000000,1.000000,-0.298740,-0.608449,0.349090,0.001499
0.024921,-0.127009,0.049486,-0.034016,0.040222,-0.030997,0.338646,-0.074460,-1.000000,1.000000,-0.250077,-0.555668,0.352775,-0.046193
0.028063,-0.129180,0.050955,-0.028103,0.025147,-0.008477,0.305385,0.022295,-1.000000,1.000000,-0.213398,-0.555262,0.300502,-0.029801
0.028811,-0.130611,0.048709,-0.019752,0.014709,0.014035,0.182713,0.128146,-0.901722,1.000000,-0.166901,-0.497408,0.256846,0.011113
0.027544,-0.132106,0.043063,-0.011592,0.011042,0.032583,-0.014855,0.215367,-0.313219,0.975336,-0.112969,-0.409377,0.296358,0.038377
0.024560,-0.133282,0.035056,-0.004142,0.006248,0.050025,-0.218767,0.362603,0.224472,0.541892,0.007270,-0.375087,0.372767,0.038959
0.018968,-0.134666,0.023475,0.008005,0.006360,0.066833,-0.318797,0.598365,0.476371,0.209097,0.302895,-0.337820,0.437285,-0.026436
0.011831,-0.137039,0.010919,0.021559,0.020589,0.078456,-0.371792,0.881872,0.487057,-0.084678,0.723520,-0.272502,0.282580,-0.191529
0.002763,-0.138494,-0.003248,0.032515,0.011700,0.081724,-0.501825,1.000000,0.506657,-0.457778,0.966667,-0.177876,-0.063591,-0.164111
-0.006215,-0.139470,-0.015733,0.042214,0.011597,0.078027,-0.624234,1.000000,0.281095,-0.675762,0.925060,-0.128278,-0.386962,0.064756
-0.015650,-0.139859,-0.026845,0.050232,0.007590,0.064114,-0.711732,1.000000,0.213596,-0.914167,0.765257,-0.239079,-0.368216,0.145477
-0.023653,-0.139585,-0.034076,0.057430,0.001403,0.045143,-0.774405,1.000000,0.045653,-1.000000,0.593245,-0.435162,-0.154653,0.123264
-0.031112,-0.138734,-0.037838,0.063949,-0.006187,0.021734,-0.700614,0.962999,-0.278883,-1.000000,0.582309,-0.430595,-0.105671,0.032825
-0.036708,-0.137588,-0.037304,0.069397,-0.014260,-0.003340,-0.603404,0.800074,-0.579275,-0.939156,0.593934,-0.324578,-0.140082,-0.021136
-0.040967,-0.136077,-0.031850,0.072785,-0.023304,-0.031474,-0.543517,0.601451,-0.892787,-0.865378,0.427948,-0.360924,-0.262075,0.113649
-0.043268,-0.134313,-0.022611,0.074543,-0.034439,-0.057695,-0.493293,0.370393,-1.000000,-0.795036,0.200125,-0.512299,-0.280057,0.221893
-0.044064,-0.132416,-0.008735,0.073496,-0.040152,-0.080024,-0.402690,0.017332,-1.000000,-0.680984,-0.043530,-0.650813,-0.078099,0.171226
-0.043334,-0.131055,0.006684,0.068286,-0.039768,-0.096412,-0.249613,-0.378833,-1.000000,-0.494583,-0.238860,-0.698613,0.174375,0.028984
-0.041057,-0.130665,0.025028,0.058748,-0.029347,-0.105885,-0.041543,-0.727911,-1.000000,-0.196108,-0.430118,-0.687369,0.422086,-0.123763
-0.038060,-0.130002,0.041437,0.045099,-0.030986,-0.102491,0.145953,-0.920682,-1.000000,0.108794,-0.590548,-0.692945,0.632703,-0.219765
-0.034646,-0.129628,0.057788,0.036395,-0.023708,-0.094364,0.272257,-0.892723,-1.000000,0.364729,-0.662098,-0.703299,0.754450,-0.242968
-0.031347,-0.129792,0.071528,0.027695,-0.014404,-0.085836,0.305965,-0.854113,-1.000000,0.444992,-0.641383,-0.622789,0.780495,-0.214484
-0.028218,-0.130075,0.083862,0.021147,-0.009170,-0.071225,0.288196,-0.748105,-1.000000,0.515794,-0.601380,-0.557499,0.674001,-0.129954
-0.025728,-0.129561,0.092863,0.014255,-0.014979,-0.056198,0.283718,-0.626789,-1.000000,0.632081,-0.534515,-0.591591,0.596937,-0.120567
-0.023701,-0.128182,0.099882,0.009188,-0.021053,-0.040510,0.222924,-0.541528,-1.000000,0.643745,-0.511804,-0.631429,0.583345,-0.101047
-0.022233,-0.126877,0.104501,0.004693,-0.019477,-0.028873,0.146310,-0.528594,-1.000000,0.564630,-0.513695,-0.561913,0.583069,-0.044841
-0.021469,-0.124791,0.106891,0.002083,-0.024708,-0.013780,0.075596,-0.492171,-1.000000,0.459970,-0.453972,-0.483691,0.619949,-0.062506
-0.021882,-0.121741,0.105999,0.000754,-0.035573,0.005570,0.034367,-0.391549,-1.000000,0.430780,-0.350939,-0.511475,0.665255,-0.142367
-0.023452,-0.117555,0.102103,0.000902,-0.043001,0.022500,-0.057267,-0.291249,-0.657308,0.268409,-0.229532,-0.487000,0.678648,-0.186494
-0.025882,-0.113139,0.096093,0.002553,-0.047028,0.037539,-0.208001,-0.211610,-0.079605,-0.049145,-0.132254,-0.332565,0.671271,-0.156789
-0.029318,-0.108278,0.087491,0.004269,-0.045294,0.049654,-0.290677,-0.082075,0.270062,-0.319883,0.079860,-0.241070,0.642815,-0.215335
-0.032934,-0.103552,0.078174,0.005470,-0.045471,0.058197,-0.311503,0.144462,0.344231,-0.520890,0.448195,-0.291922,0.534802,-0.398000
-0.036803,-0.099025,0.067550,0.004743,-0.037051,0.061323,-0.358372,0.365932,0.362936,-0.684658,0.673741,-0.269567,0.295518,-0.410685
-0.040279,-0.095143,0.057378,0.003938,-0.031602,0.063527,-0.400816,0.497752,0.429176,-0.768836,0.699503,-0.115016,0.002452,-0.229245
-0.043630,-0.090821,0.046368,0.000933,-0.031585,0.063590,-0.422620,0.612337,0.326273,-0.725207,0.667295,-0.138998,-0.172488,-0.091272
-0.046305,-0.086952,0.036588,-0.001118,-0.029565,0.061052,-0.463564,0.619280,0.290470,-0.742269,0.623473,-0.330852,-0.196497,-0.053918
-0.048794,-0.083038,0.026477,-0.002735,-0.026360,0.058313,-0.483225,0.539652,0.393131,-0.743908,0.561586,-0.380835,-0.125283,-0.017899
-0.050274,-0.080339,0.018671,-0.006452,-0.017597,0.048815,-0.453823,0.499261,0.389867,-0.717841,0.558104,-0.309651,0.022661,-0.091861
-0.051233,-0.077888,0.011589,-0.008970,-0.014424,0.040864,-0.419454,0.515843,0.361084,-0.698528,0.638286,-0.296738,0.105865,-0.215631
-0.051593,-0.075667,0.006155,-0.011447,-0.015890,0.033945,-0.339640,0.569588,0.151444,-0.502339,0.697516,-0.301278,-0.025098,-0.208544
-0.051405,-0.073603,0.002142,-0.012509,-0.015476,0.023167,-0.272740,0.568271,0.016691,-0.351773,0.689111,-0.257070,-0.167069,-0.123482
-0.050738,-0.071923,0.000196,-0.013285,-0.016242,0.012158,-0.278498,0.445434,0.078703,-0.299263,0.512094,-0.315980,-0.171213,0.050601
-0.049653,-0.070374,-0.000289,-0.013130,-0.016174,0.002800,-0.250904,0.296763,-0.002576,-0.199453,0.353318,-0.447476,-0.150958,0.137140
-0.048274,-0.069414,0.000749,-0.013673,-0.013340,-0.006479,-0.145394,0.139000,-0.183857,-0.055820,0.356324,-0.547646,0.028357,-0.038484
-0.046278,-0.069025,0.003601,-0.015067,-0.008994,-0.016446,-0.077279,0.012703,-0.277837,0.027998,0.276908,-0.551149,0.237836,-0.151348
-0.044065,-0.068905,0.007267,-0.016860,-0.007729,-0.022939,-0.033558,-0.055729,-0.350900,0.128011,0.148036,-0.444624,0.297664,-0.107668
-0.041061,-0.069507,0.012676,-0.020080,-0.001507,-0.031208,0.054367,-0.115204,-0.557425,0.319196,0.112624,-0.403688,0.286207,-0.114043
-0.038029,-0.069673,0.017647,-0.023100,-0.005553,-0.031051,0.105975,-0.188230,-0.643506,0.464942,0.086501,-0.496000,0.285416,-0.120067
-0.034465,-0.070580,0.023697,-0.024549,0.002164,-0.034927,0.135603,-0.242701,-0.724835,0.642944,-0.060322,-0.564589,0.302661,-0.041892
-0.031248,-0.071423,0.028961,-0.024340,0.003368,-0.032884,0.131540,-0.305939,-0.530455,0.630131,-0.146973,-0.501656,0.427768,-0.045038
-0.027844,-0.072040,0.034073,-0.024756,0.001370,-0.029489,0.163368,-0.319295,-0.639831,0.741105,-0.203101,-0.504826,0.512263,-0.072366
-0.024924,-0.072054,0.037889,-0.024451,-0.003742,-0.023847,0.195943,-0.270253,-0.696567,0.761332,-0.090733,-0.503761,0.500489,-0.134338
-0.022171,-0.071623,0.040878,-0.022819,-0.007281,-0.017250,0.149974,-0.271738,-0.517333,0.707865,-0.102489,-0.447689,0.500091,-0.094815
-0.019925,-0.071231,0.042886,-0.021359,-0.006315,-0.012550,0.089694,-0.261612,-0.312407,0.612191,-0.116070,-0.406860,0.436717,-0.026174
-0.018144,-0.070830,0.043803,-0.017321,-0.005040,-0.005294,0.072935,-0.226210,-0.220407,0.531259,-0.024893,-0.422153,0.456296,-0.079398
-0.017260,-0.069523,0.042685,-0.013479,-0.014777,0.006986,0.082913,-0.165840,-0.277059,0.513290,0.060406,-0.473340,0.486587,-0.163747
-0.016898,-0.067541,0.039876,-0.010701,-0.020076,0.016201,0.026271,-0.057101,-0.240859,0.376202,0.133855,-0.429602,0.437173,-0.169473
-0.017181,-0.065189,0.035975,-0.006475,-0.025489,0.024396,-0.115508,-0.025143,0.182597,0.059523,0.146699,-0.287932,0.418690,-0.098723
-0.017960,-0.062090,0.031255,-0.002042,-0.031186,0.027230,-0.197791,0.036152,0.378639,-0.115675,0.224147,-0.269401,0.344420,-0.075966
-0.018920,-0.059184,0.026420,0.000220,-0.031244,0.030204,-0.185223,0.149696,0.312035,-0.246096,0.502561,-0.357304,0.265876,-0.258317
-0.019955,-0.056124,0.020896,0.000121,-0.029927,0.031879,-0.189268,0.142164,0.285167,-0.353267,0.576655,-0.373329,0.215234,-0.300357
-0.020773,-0.053754,0.015933,-0.000649,-0.024425,0.031010,-0.238658,0.197091,0.326259,-0.437838,0.500696,-0.251494,0.082677,-0.140814
-0.021725,-0.051690,0.010222,-0.000095,-0.018498,0.032962,-0.261977,0.251447,0.376861,-0.492510,0.481109,-0.233039,0.102584,-0.132708
-0.022577,-0.050247,0.004974,0.000030,-0.012828,0.032794,-0.254081,0.276574,0.258448,-0.431485,0.518585,-0.391093,0.086420,-0.180860
-0.008953,-0.090525,0.017130,-0.025218,0.045549,-0.022272,0.057190,0.041998,-0.997990,0.953458,-0.175858,-0.564906,0.315809,0.046606
-0.006582,-0.094260,0.018342,-0.024130,0.044071,-0.007577,0.058138,0.079335,-0.906797,0.978075,-0.156090,-0.617860,0.425970,-0.018641
-0.005522,-0.098212,0.016206,-0.018600,0.043929,0.012322,0.034279,0.162461,-0.736885,0.950516,-0.068587,-0.518771,0.400508,-0.034537
-0.006070,-0.100448,0.012054,-0.008718,0.027583,0.025962,-0.061411,0.304772,-0.441934,0.754055,0.041638,-0.385443,0.387115,-0.035499
-0.008189,-0.102682,0.004952,-0.001328,0.026339,0.041002,-0.239914,0.562706,-0.100890,0.416085,0.183836,-0.362054,0.354693,-0.009295
-0.011215,-0.104240,-0.003184,0.004810,0.021410,0.050793,-0.360946,0.655603,0.173306,0.058747,0.376440,-0.347485,0.214831,0.026019
-0.015241,-0.106817,-0.012190,0.011887,0.032263,0.051946,-0.425681,0.866265,0.147771,-0.165373,0.658144,-0.296208,0.000247,-0.008224
-0.019341,-0.109369,-0.019734,0.018726,0.035049,0.047168,-0.471742,0.968220,0.134576,-0.380580,0.783176,-0.304638,-0.055141,-0.077066
-0.023770,-0.111620,-0.026071,0.024793,0.029206,0.036561,-0.510664,1.000000,-0.187131,-0.404930,0.693516,-0.363946,-0.262117,0.084688
-0.027577,-0.113181,-0.029570,0.030729,0.021763,0.021861,-0.492150,1.000000,-0.487684,-0.401014,0.641375,-0.351828,-0.393067,0.159112
-0.030784,-0.114045,-0.029552,0.035326,0.009488,-0.000103,-0.505305,0.858985,-0.577749,-0.445708,0.465450,-0.460470,-0.258260,0.184301
-0.032681,-0.114438,-0.026210,0.036839,0.000900,-0.020879,-0.496137,0.676110,-0.688407,-0.453180,0.299688,-0.543834,-0.233894,0.243336
-0.033392,-0.114814,-0.019279,0.035286,-0.003393,-0.039995,-0.375893,0.402885,-0.951316,-0.337344,0.247490,-0.541475,-0.162385,0.150495
-0.032638,-0.114416,-0.010234,0.030002,-0.015473,-0.056505,-0.256695,0.143290,-1.000000,-0.189664,0.133901,-0.589599,0.005092,0.040726
-0.030337,-0.113647,0.001598,0.021683,-0.020896,-0.068248,-0.158770,-0.072487,-1.000000,0.004800,-0.088574,-0.646243,0.154860,0.025448
-0.027043,-0.112912,0.013490,0.011586,-0.021312,-0.074346,0.005423,-0.398988,-1.000000,0.266355,-0.266172,-0.627040,0.299647,-0.014933
-0.022985,-0.111354,0.025578,0.002726,-0.027498,-0.069732,0.163474,-0.628910,-1.000000,0.545426,-0.369759,-0.610960,0.464086,-0.088892
-0.019211,-0.109163,0.035141,-0.004996,-0.033713,-0.059772,0.260161,-0.699149,-1.000000,0.719995,-0.456804,-0.634424,0.660939,-0.148616
-0.015179,-0.106373,0.043737,-0.011840,-0.035936,-0.049608,0.253755,-0.702749,-1.000000,0.679226,-0.469252,-0.563766,0.753475,-0.139682
-0.011732,-0.103540,0.049745,-0.017090,-0.036887,-0.037537,0.220899,-0.661328,-0.722204,0.606331,-0.386591,-0.423776,0.727939,-0.121924
-0.008775,-0.099811,0.053385,-0.019473,-0.042379,-0.020998,0.206037,-0.594253,-0.477380,0.616624,-0.266789,-0.402665,0.689002,-0.166414
-0.007026,-0.095018,0.053364,-0.020914,-0.057067,0.000134,0.194433,-0.504005,-0.275826,0.601145,-0.123612,-0.444290,0.653929,-0.220448
-0.005989,-0.089698,0.050446,-0.020976,-0.057742,0.016843,0.114122,-0.419681,0.121697,0.409038,-0.029242,-0.373069,0.662228,-0.217997
-0.005739,-0.085448,0.045625,-0.019125,-0.049364,0.030111,-0.016672,-0.372670,0.757415,0.056034,0.068201,-0.219366,0.675739,-0.200125
-0.006000,-0.081330,0.038852,-0.017106,-0.043721,0.039100,-0.067267,-0.181541,0.923163,-0.122898,0.329356,-0.204820,0.578778,-0.302858
-0.006302,-0.077732,0.032123,-0.016846,-0.041086,0.042032,-0.063105,0.103996,0.663719,-0.212718,0.660591,-0.293419,0.374704,-0.452033
-0.006380,-0.074300,0.025090,-0.018006,-0.035993,0.040586,-0.117656,0.270743,0.629851,-0.294442,0.750926,-0.255855,0.139413,-0.372212
-0.006400,-0.071302,0.018599,-0.017776,-0.033939,0.040555,-0.180155,0.360765,0.732741,-0.296274,0.658372,-0.136469,-0.072389,-0.136332
-0.006274,-0.068373,0.011821,-0.018056,-0.030532,0.039131,-0.185658,0.378062,0.651630,-0.226317,0.611179,-0.221577,-0.132726,-0.058825
-0.006028,-0.066208,0.006015,-0.017755,-0.024257,0.036258,-0.198220,0.331076,0.613665,-0.220941,0.619447,-0.409123,-0.089747,-0.104325
-0.005580,-0.064827,0.000681,-0.017108,-0.013965,0.030778,-0.205025,0.311337,0.636822,-0.211298,0.584260,-0.408240,0.015444,-0.120194
-0.004909,-0.063986,-0.003088,-0.017128,-0.009183,0.023567,-0.177415,0.344288,0.545834,-0.175208,0.572757,-0.306619,0.129583,-0.172497
-0.004196,-0.063286,-0.006146,-0.014585,-0.007133,0.017642,-0.126968,0.407496,0.304658,-0.051152,0.634242,-0.305425,0.072921,-0.208517
-0.003663,-0.063268,-0.008104,-0.010973,0.000108,0.012226,-0.084672,0.403400,0.147909,0.094470,0.652184,-0.324909,-0.104222,-0.131489
-0.003277,-0.064210,-0.009621,-0.007546,0.010551,0.008751,-0.109936,0.338425,0.114964,0.127707,0.497895,-0.343759,-0.163298,0.042810
-0.002940,-0.065111,-0.010220,-0.005461,0.010805,0.003747,-0.149803,0.298816,0.012685,0.122552,0.310209,-0.451850,-0.057122,0.117931
-0.002507,-0.066007,-0.010071,-0.004421,0.009844,-0.000859,-0.140567,0.337531,-0.209277,0.159123,0.298992,-0.562750,0.098608,0.003968
-0.002030,-0.067422,-0.009218,-0.003570,0.016742,-0.005327,-0.093953,0.281199,-0.326066,0.223690,0.324169,-0.515894,0.182739,-0.099929
-0.000760,-0.070566,-0.006051,-0.005710,0.029797,-0.015842,-0.083082,0.209562,-0.347618,0.280720,0.282221,-0.379604,0.108748,-0.034123
0.000848,-0.074514,-0.001886,-0.007522,0.043311,-0.024008,-0.080517,0.242879,-0.479436,0.353009,0.228508,-0.390396,0.071796,0.021235
0.002484,-0.078545,0.002427,-0.007451,0.048211,-0.026963,0.006662,0.261442,-0.865920,0.626074,0.167205,-0.594543,0.097233,0.002337
0.004074,-0.083297,0.006778,-0.005690,0.052706,-0.025115,0.068655,0.270784,-1.000000,0.865656,0.108605,-0.661840,0.068683,0.009610
0.005496,-0.087785,0.010827,-0.004310,0.054099,-0.025293,0.016410,0.209107,-1.000000,0.862304,-0.063266,-0.543126,0.131599,0.063502
0.006779,-0.092699,0.014769,-0.002155,0.054820,-0.022743,-0.043487,0.221292,-1.000000,0.806154,-0.157456,-0.518816,0.196574,0.098024
0.007522,-0.096877,0.017385,0.000221,0.050431,-0.016350,-0.043291,0.218440,-1.000000,0.825893,-0.132807,-0.590474,0.273084,0.054118
0.007641,-0.100986,0.018606,0.002780,0.045497,-0.007047,-0.053828,0.245190,-1.000000,0.813966,-0.074277,-0.594151,0.278144,0.017025
0.006886,-0.104529,0.018004,0.006707,0.042014,0.003767,-0.104732,0.275296,-0.941144,0.687576,-0.047539,-0.512522,0.290302,0.014211
0.005038,-0.108077,0.015167,0.010068,0.038342,0.016364,-0.192580,0.350245,-0.721523,0.508371,-0.016279,-0.468638,0.297690,0.028276
-0.015733,-0.124670,-0.000929,0.012174,-0.016344,-0.048108,-0.160731,0.111090,-0.840099,0.161252,0.086061,-0.501319,-0.114373,0.176713
-0.012298,-0.123880,0.008775,0.004430,-0.014415,-0.060618,-0.057261,-0.178005,-0.932172,0.343215,-0.105347,-0.629428,0.049478,0.137801
-0.007748,-0.122897,0.019592,-0.003667,-0.014601,-0.062387,0.070574,-0.350090,-1.000000,0.539990,-0.229353,-0.734715,0.402234,-0.045465
-0.003354,-0.122041,0.028645,-0.010679,-0.012222,-0.056582,0.213666,-0.494398,-1.000000,0.804767,-0.357531,-0.684193,0.621111,-0.147117
0.001139,-0.121269,0.036572,-0.015977,-0.009001,-0.045778,0.270350,-0.511372,-1.000000,0.910636,-0.343980,-0.506196,0.625234,-0.138097
0.004817,-0.120671,0.041884,-0.019698,-0.006692,-0.033200,0.240494,-0.429399,-0.843212,0.886140,-0.305625,-0.421917,0.628184,-0.094799
0.008108,-0.119707,0.044984,-0.023228,-0.009998,-0.017869,0.171250,-0.312799,-0.587734,0.854330,-0.254966,-0.480359,0.592332,-0.061823
0.009709,-0.118677,0.044367,-0.021831,-0.012457,0.003859,0.134269,-0.189244,-0.415379,0.833711,-0.119843,-0.487147,0.524641,-0.081401
0.009447,-0.117596,0.039464,-0.017216,-0.013365,0.028277,0.101474,-0.092513,-0.142695,0.746383,0.022190,-0.392475,0.532425,-0.131789
0.007496,-0.116293,0.031627,-0.011278,-0.017857,0.048987,-0.054527,0.106606,0.297079,0.436606,0.147500,-0.304454,0.528630,-0.118593
0.003703,-0.115881,0.020344,-0.003658,-0.006645,0.065151,-0.251349,0.412119,0.733348,0.007203,0.374428,-0.242795,0.449295,-0.117355
-0.000793,-0.116435,0.008581,0.002527,0.005902,0.073497,-0.359239,0.676263,0.882139,-0.325520,0.727477,-0.208289,0.245300,-0.204344
-0.005985,-0.117262,-0.004237,0.005543,0.010473,0.073937,-0.426823,0.967348,0.628542,-0.491910,1.000000,-0.186209,-0.082290,-0.241872
-0.010947,-0.117724,-0.015627,0.009170,0.008938,0.071157,-0.479096,1.000000,0.406269,-0.560000,1.000000,-0.156058,-0.322545,-0.122515
-0.016048,-0.117932,-0.026415,0.012293,0.007105,0.062245,-0.539221,1.000000,0.303182,-0.564782,0.792628,-0.203428,-0.430994,0.127985
-0.020167,-0.118146,-0.033853,0.016288,0.007403,0.046488,-0.590017,1.000000,0.292876,-0.655552,0.642706,-0.327698,-0.299928,0.175360
-0.023952,-0.118618,-0.038716,0.021774,0.008720,0.028053,-0.559197,0.882240,0.176216,-0.631564,0.608168,-0.434156,-0.132814,0.078325
-0.026986,-0.119952,-0.040486,0.028280,0.017489,0.011064,-0.446635,0.774631,-0.183292,-0.468630,0.652848,-0.401625,-0.160918,-0.012327
-0.029422,-0.121173,-0.038912,0.033300,0.011972,-0.009081,-0.367576,0.704022,-0.539189,-0.370294,0.610477,-0.375909,-0.185085,-0.017473
-0.030802,-0.121997,-0.034203,0.037802,0.004780,-0.029428,-0.376904,0.678154,-0.881583,-0.322635,0.384585,-0.489865,-0.203975,0.144971
-0.030978,-0.122006,-0.025293,0.039583,-0.008843,-0.051400,-0.333018,0.454132,-1.000000,-0.223113,0.172320,-0.576329,-0.231458,0.240673
-0.029687,-0.122058,-0.013710,0.037731,-0.011849,-0.072422,-0.254062,0.152545,-1.000000,-0.099788,0.040648,-0.603951,-0.133630,0.171497
-0.026898,-0.122215,0.001444,0.033530,-0.012267,-0.087362,-0.117851,-0.219281,-1.000000,0.065098,-0.156783,-0.666641,0.129483,0.057077
-0.023453,-0.122285,0.016401,0.027696,-0.012608,-0.093545,0.080138,-0.504162,-1.000000,0.408789,-0.359559,-0.729609,0.338214,-0.019089
-0.019052,-0.122576,0.032697,0.020744,-0.008232,-0.094013,0.244909,-0.685970,-1.000000,0.672162,-0.501100,-0.719168,0.542817,-0.110832
-0.014545,-0.122866,0.047154,0.012825,-0.005337,-0.090351,0.308207,-0.755679,-1.000000,0.755829,-0.598035,-0.660996,0.661927,-0.099009
-0.009729,-0.122637,0.061052,0.006163,-0.008202,-0.080157,0.333973,-0.701291,-1.000000,0.828122,-0.595928,-0.606307,0.657295,-0.062207
-0.005195,-0.122804,0.072575,-0.001061,-0.001248,-0.072026,0.362961,-0.642211,-1.000000,0.939147,-0.525373,-0.605592,0.613962,-0.082425
-0.001124,-0.122071,0.081969,-0.004894,-0.009159,-0.054199,0.338775,-0.624190,-1.000000,0.963599,-0.489220,-0.599705,0.558281,-0.058830
0.001214,-0.120819,0.087383,-0.003112,-0.014921,-0.033834,0.316139,-0.533269,-1.000000,1.000000,-0.483183,-0.587031,0.527262,-0.022647
0.002147,-0.119623,0.089946,0.000436,-0.012995,-0.014799,0.220414,-0.488088,-1.000000,0.864535,-0.455751,-0.543005,0.606085,-0.042778
0.001311,-0.118835,0.089096,0.006149,-0.009442,0.005308,0.070203,-0.414405,-0.705976,0.597716,-0.413353,-0.479830,0.625894,-0.021567
-0.001664,-0.117665,0.084329,0.013134,-0.012923,0.027502,-0.068468,-0.225197,-0.442901,0.354526,-0.272158,-0.429877,0.653857,-0.079655
-0.006360,-0.116411,0.076254,0.020388,-0.013986,0.050485,-0.187481,0.033808,-0.306455,0.074189,-0.034137,-0.409454,0.688433,-0.216424
-0.013190,-0.114972,0.064089,0.026239,-0.012211,0.070208,-0.359694,0.295555,-0.011329,-0.331034,0.233913,-0.323858,0.585294,-0.257184
-0.020223,-0.113178,0.051171,0.028309,-0.013843,0.080687,-0.556862,0.608379,0.284870,-0.766583,0.488730,-0.163906,0.337844,-0.195131
-0.028112,-0.111436,0.036253,0.028661,-0.007364,0.086036,-0.661570,0.929734,0.346136,-1.000000,0.756901,-0.100977,0.060426,-0.188864
-0.035682,-0.110099,0.021855,0.030474,0.000575,0.090020,-0.657291,1.000000,0.263863,-1.000000,0.868091,-0.151100,-0.221603,-0.145629
-0.043550,-0.107969,0.007070,0.030730,-0.003900,0.085338,-0.662472,1.000000,0.138176,-0.957127,0.793485,-0.189500,-0.392904,0.012797
-0.050324,-0.105552,-0.005335,0.030952,-0.007598,0.077537,-0.739230,1.000000,0.135574,-1.000000,0.646539,-0.255883,-0.272619,0.103136
-0.056834,-0.102342,-0.016605,0.030824,-0.014971,0.065016,-0.753169,0.906966,0.211763,-1.000000,0.554520,-0.328009,-0.118261,0.099270
-0.061694,-0.100243,-0.023726,0.030769,-0.009550,0.044490,-0.694824,0.817478,0.160854,-1.000000,0.638488,-0.295404,-0.082838,-0.009107
-0.065617,-0.098585,-0.027415,0.030386,-0.010291,0.021281,-0.619606,0.705835,0.094016,-1.000000,0.699592,-0.256021,-0.051588,-0.111719
-0.067652,-0.098505,-0.026252,0.028532,-0.003795,-0.007271,-0.520181,0.652760,-0.313777,-0.886624,0.614994,-0.328067,-0.146699,-0.047788
-0.067995,-0.099511,-0.019923,0.025423,-0.003508,-0.036499,-0.390292,0.511217,-0.715249,-0.658707,0.498921,-0.416279,-0.240890,0.018402
-0.066677,-0.100615,-0.010012,0.021586,-0.011490,-0.061954,-0.258307,0.286596,-1.000000,-0.326748,0.257930,-0.552818,-0.244729,0.109220
-0.063758,-0.101868,0.003910,0.016958,-0.017206,-0.080301,-0.121801,-0.032447,-1.000000,-0.006490,-0.030321,-0.656173,-0.122629,0.139930
-0.060137,-0.102919,0.018386,0.012815,-0.020742,-0.090485,0.032502,-0.438580,-1.000000,0.292850,-0.304360,-0.695035,0.151336,0.062509
-0.055936,-0.104187,0.033789,0.009316,-0.016715,-0.088890,0.216147,-0.756491,-1.000000,0.595535,-0.507417,-0.716792,0.434155,-0.042090
-0.051826,-0.105420,0.047196,0.003888,-0.012255,-0.083763,0.320200,-0.902362,-1.000000,0.720203,-0.628190,-0.702717,0.682029,-0.116599
-0.047081,-0.106461,0.060596,-0.002881,-0.011499,-0.077316,0.315047,-0.820364,-1.000000,0.668585,-0.632844,-0.623645,0.783269,-0.126298
-0.042664,-0.106824,0.071362,-0.009406,-0.013910,-0.067288,0.315375,-0.690944,-1.000000,0.684727,-0.535128,-0.551061,0.751357,-0.145648
-0.038346,-0.107417,0.080239,-0.014536,-0.006096,-0.051214,0.339350,-0.633796,-1.000000,0.819416,-0.429309,-0.548385,0.619521,-0.146434
-0.034741,-0.108863,0.086066,-0.019433,0.009071,-0.036417,0.310859,-0.604939,-1.000000,0.861570,-0.392744,-0.543646,0.519421,-0.089309
-0.031625,-0.109924,0.089420,-0.021606,0.007698,-0.019345,0.205026,-0.452023,-1.000000,0.776627,-0.413304,-0.534493,0.568066,-0.048648
-0.029795,-0.110319,0.089596,-0.021071,0.004498,-0.001098,0.125509,-0.231026,-1.000000,0.754013,-0.372967,-0.561837,0.648619,-0.091438
-0.029311,-0.109314,0.086059,-0.018775,-0.007330,0.020411,0.045576,-0.118182,-0.770693,0.671947,-0.225452,-0.496346,0.609690,-0.126867
-0.030496,-0.106468,0.078705,-0.015865,-0.025488,0.045967,-0.079280,-0.008842,-0.404663,0.486916,-0.084962,-0.352488,0.491178,-0.083270
-0.033201,-0.102017,0.067190,-0.012368,-0.036012,0.066415,-0.239720,0.136014,0.145632,0.113130,0.075674,-0.276432,0.493810,-0.078195
-0.036315,-0.097354,0.054738,-0.010116,-0.039117,0.077816,-0.425685,0.317583,0.844051,-0.394201,0.323420,-0.265486,0.525813,-0.129846
-0.039734,-0.092494,0.040507,-0.009848,-0.034514,0.082117,-0.494323,0.559259,1.000000,-0.746035,0.731383,-0.205664,0.355340,-0.284851
-0.042589,-0.088126,0.027551,-0.010426,-0.031846,0.080997,-0.432828,0.705959,0.861046,-0.805106,1.000000,-0.105796,0.023071,-0.410444
-0.045327,-0.083675,0.013865,-0.011112,-0.027905,0.078969,-0.412131,0.804430,0.738973,-0.741673,1.000000,-0.039177,-0.284488,-0.267501
-0.047339,-0.081937,0.002557,-0.011072,-0.000890,0.070601,-0.470463,0.816647,0.776518,-0.772115,0.826772,-0.115159,-0.369963,-0.010837
-0.049270,-0.080947,-0.008172,-0.008839,0.007164,0.061943,-0.526790,0.731682,0.815640,-0.820184,0.661850,-0.258842,-0.287062,0.095886
-0.050695,-0.080738,-0.015959,-0.006421,0.012148,0.048650,-0.466645,0.802982,0.314807,-0.609562,0.704245,-0.386882,-0.181023,-0.064422
-0.051543,-0.081710,-0.021025,-0.004736,0.019652,0.029215,-0.401769,0.800680,0.056772,-0.514395,0.774744,-0.382105,-0.050371,-0.241974
-0.051931,-0.083146,-0.022900,-0.001101,0.020735,0.011724,-0.387468,0.784661,-0.074602,-0.405471,0.638704,-0.296400,-0.139049,-0.011900
-0.051920,-0.084668,-0.021714,0.003298,0.014603,-0.006845,-0.293457,0.745189,-0.483847,-0.150594,0.529926,-0.293391,-0.339450,0.156728
-0.051735,-0.086577,-0.018326,0.008549,0.016209,-0.021163,-0.224038,0.550259,-0.814935,0.013766,0.436071,-0.509519,-0.339326,0.146688
-0.050945,-0.089214,-0.011802,0.010941,0.017519,-0.037631,-0.220235,0.271110,-0.870234,0.062607,0.159565,-0.669720,-0.222369,0.225314
-0.049460,-0.092406,-0.003308,0.010868,0.022203,-0.053099,-0.203457,0.139537,-0.978280,0.081376,-0.058297,-0.641120,0.040761,0.162740
-0.047125,-0.096360,0.007498,0.009127,0.025592,-0.062373,-0.071145,-0.036160,-1.000000,0.260438,-0.161489,-0.648152,0.347809,-0.036596
-0.044388,-0.099865,0.018051,0.005748,0.023762,-0.065944,0.070325,-0.183438,-1.000000,0.566922,-0.194902,-0.662007,0.344635,-0.091782
-0.040747,-0.103748,0.029607,0.000149,0.025691,-0.066679,0.164642,-0.270665,-1.000000,0.766772,-0.271536,-0.600135,0.319806,-0.045198
-0.036998,-0.107039,0.039596,-0.005636,0.024555,-0.062409,0.181603,-0.339484,-1.000000,0.813341,-0.417849,-0.604441,0.432792,0.016886
-0.032801,-0.110077,0.049005,-0.011185,0.021890,-0.054290,0.202539,-0.350826,-1.000000,0.908500,-0.468713,-0.664546,0.473897,0.035176
-0.028603,-0.113257,0.056887,-0.017406,0.028586,-0.049250,0.225194,-0.335093,-1.000000,0.964038,-0.399488,-0.638263,0.498420,-0.024339
-0.024773,-0.116166,0.062994,-0.018169,0.026189,-0.035272,0.207354,-0.306998,-1.000000,0.951810,-0.369884,-0.569078,0.528489,-0.040441
-0.022688,-0.117727,0.065543,-0.013732,0.016250,-0.015915,0.204093,-0.197096,-1.000000,1.000000,-0.329999,-0.560839,0.490871,-0.030969
-0.022393,-0.118508,0.064848,-0.006064,0.009129,0.004013,0.113557,-0.085377,-1.000000,0.911165,-0.254034,-0.540004,0.485757,-0.036443
-0.024341,-0.118267,0.060555,0.004186,0.000861,0.026823,-0.061021,-0.017557,-0.679332,0.577801,-0.218890,-0.463421,0.472547,0.016946
-0.028873,-0.117835,0.051968,0.014853,0.002940,0.049573,-0.248688,0.117379,-0.277835,0.198409,-0.118046,-0.401769,0.478609,0.019950
-0.034591,-0.117110,0.041552,0.022349,0.003359,0.065063,-0.427851,0.364204,0.053056,-0.297739,0.146068,-0.369959,0.541362,-0.103125
-0.059684,-0.082261,-0.027367,0.006964,-0.013492,-0.050322,-0.195575,0.143984,-0.529810,-0.212417,0.305063,-0.522044,-0.163615,0.114660
-0.057522,-0.082858,-0.016829,0.007070,-0.015860,-0.065829,0.030093,-0.086057,-1.000000,0.182993,0.217490,-0.724493,-0.048787,-0.057420
-0.054738,-0.083093,-0.003938,0.006774,-0.022237,-0.074255,0.102707,-0.416545,-1.000000,0.339626,-0.144395,-0.705334,0.244039,-0.046748
-0.051670,-0.084419,0.009109,0.004557,-0.010087,-0.081613,0.121169,-0.626641,-1.000000,0.430281,-0.509299,-0.561462,0.430956,0.046883
-0.048029,-0.086387,0.023385,0.002161,-0.002898,-0.082488,0.209347,-0.787749,-1.000000,0.482200,-0.534616,-0.558854,0.642882,-0.075116
-0.044425,-0.088358,0.036111,-0.001337,0.001423,-0.079396,0.300047,-0.758216,-1.000000,0.704573,-0.481207,-0.676653,0.725002,-0.177306
-0.040068,-0.091153,0.049414,-0.006889,0.011170,-0.076766,0.333394,-0.638547,-1.000000,0.772451,-0.426007,-0.636630,0.695600,-0.202257
-0.035668,-0.094066,0.060736,-0.013508,0.018428,-0.070848,0.317353,-0.575863,-1.000000,0.788726,-0.444546,-0.520835,0.622676,-0.108417
-0.030722,-0.097041,0.071464,-0.019293,0.020060,-0.061865,0.332449,-0.501237,-1.000000,0.961619,-0.440642,-0.541854,0.491901,-0.035549
-0.026908,-0.099226,0.078538,-0.019638,0.018163,-0.044203,0.342009,-0.432809,-1.000000,1.000000,-0.400271,-0.637009,0.447975,-0.044518
-0.024198,-0.100641,0.082661,-0.015639,0.011825,-0.023805,0.301839,-0.412453,-1.000000,1.000000,-0.439537,-0.637439,0.476017,-0.007247
-0.023231,-0.101974,0.083435,-0.008599,0.015164,-0.004840,0.184124,-0.303890,-1.000000,0.935009,-0.424378,-0.533196,0.510488,0.002742
-0.023939,-0.105200,0.081381,0.000555,0.037138,0.011855,0.028417,-0.200020,-0.801701,0.621005,-0.352317,-0.459179,0.583576,-0.024089
-0.026588,-0.108966,0.076464,0.012207,0.049333,0.030706,-0.142310,-0.009864,-0.565677,0.353328,-0.228107,-0.458518,0.584916,-0.035069
-0.031957,-0.111783,0.067302,0.024685,0.039885,0.052887,-0.266465,0.429128,-0.792102,0.166068,0.041032,-0.475822,0.515839,-0.149479
-0.038654,-0.112958,0.055852,0.032119,0.028536,0.071577,-0.423831,0.824574,-0.881475,-0.165117,0.308271,-0.439308,0.410425,-0.224054
-0.047137,-0.112628,0.040647,0.034424,0.018073,0.087703,-0.684386,0.955380,-0.432391,-0.666421,0.378823,-0.242411,0.060411,0.029671
-0.055487,-0.111261,0.024762,0.033212,0.013381,0.099261,-0.804462,1.000000,-0.128228,-0.956763,0.479429,-0.111730,-0.256165,0.193694
-0.064539,-0.108592,0.006693,0.031083,0.007239,0.104235,-0.834197,1.000000,-0.009700,-1.000000,0.646019,-0.265238,-0.147664,0.052297
-0.072377,-0.105298,-0.009380,0.029042,0.001210,0.100437,-0.856026,1.000000,0.136840,-1.000000,0.664487,-0.374381,-0.021985,-0.023685
-0.079975,-0.100847,-0.024935,0.027921,-0.008678,0.089766,-0.865422,1.000000,0.382926,-1.000000,0.740746,-0.203282,-0.001965,-0.047070
-0.085867,-0.096723,-0.036058,0.028772,-0.015099,0.069505,-0.817224,1.000000,0.455916,-1.000000,0.822479,-0.083012,-0.002038,-0.096474
-0.090899,-0.092635,-0.043466,0.030832,-0.022684,0.042758,-0.748943,0.960339,0.422839,-1.000000,0.849634,-0.142724,-0.112452,-0.080690
-0.094297,-0.089339,-0.045472,0.033521,-0.032392,0.012531,-0.648085,0.790182,0.165822,-1.000000,0.781179,-0.232090,-0.269146,0.002709
-0.097011,-0.087935,-0.043276,0.036624,-0.022558,-0.012671,-0.513298,0.511700,-0.230626,-1.000000,0.612694,-0.334739,-0.297051,0.064422
-0.097923,-0.088844,-0.036169,0.034473,-0.014682,-0.044357,-0.389655,0.160208,-0.605187,-0.868891,0.359914,-0.506124,-0.188973,0.091478
-0.097228,-0.092214,-0.024210,0.029830,-0.002707,-0.069079,-0.324404,0.038053,-1.000000,-0.725890,0.148728,-0.643252,-0.029760,0.036535
-0.095065,-0.096001,-0.010473,0.022676,-0.003821,-0.085804,-0.151526,-0.213193,-1.000000,-0.366950,-0.094798,-0.707960,0.231644,-0.104992
-0.091137,-0.100160,0.006247,0.013671,-0.007690,-0.096482,0.015060,-0.378194,-1.000000,0.073674,-0.281239,-0.649202,0.312776,-0.127877
-0.086550,-0.103724,0.022051,0.005909,-0.009957,-0.098768,0.199256,-0.621156,-1.000000,0.414454,-0.452984,-0.603763,0.455695,-0.133671
-0.081369,-0.107122,0.037749,0.000406,-0.008158,-0.090599,0.315889,-0.800904,-1.000000,0.682670,-0.588888,-0.666660,0.541088,-0.060290
-0.076418,-0.109446,0.050683,-0.006332,-0.010622,-0.080785,0.356358,-0.825064,-1.000000,0.762596,-0.625678,-0.683210,0.617577,-0.049312
-0.071104,-0.111025,0.062663,-0.012556,-0.013392,-0.069124,0.325952,-0.745458,-1.000000,0.704683,-0.606276,-0.637078,0.708425,-0.091517
-0.066504,-0.112054,0.071607,-0.017276,-0.011011,-0.055872,0.308991,-0.689463,-1.000000,0.703135,-0.544581,-0.581603,0.696648,-0.108760
-0.062137,-0.112625,0.078686,-0.020427,-0.009672,-0.040853,0.292266,-0.618424,-1.000000,0.741730,-0.438358,-0.535057,0.623485,-0.118084
-0.058702,-0.112462,0.082993,-0.022696,-0.011827,-0.026924,0.232099,-0.504046,-1.000000,0.713771,-0.380077,-0.525589,0.610850,-0.117035
-0.055733,-0.112026,0.085467,-0.022998,-0.009774,-0.014277,0.135472,-0.388900,-0.996880,0.612443,-0.353760,-0.521348,0.624510,-0.092863
-0.054111,-0.111335,0.085276,-0.020123,-0.007828,0.001199,0.058764,-0.309056,-0.724634,0.522394,-0.279450,-0.475657,0.605405,-0.089849
0.076916,0.152131,-0.044685,0.081251,-0.010873,0.040201,-0.522335,0.073588,0.513334,-1.000000,0.536286,-0.187239,0.092080,-0.254688
0.072117,0.152022,-0.050610,0.083652,-0.014817,0.034160,-0.561759,0.038755,0.647427,-1.000000,0.456212,-0.240246,0.084982,-0.157043
0.066354,0.153063,-0.053880,0.087222,-0.021329,0.020452,-0.531346,-0.047379,0.707093,-1.000000,0.463719,-0.185190,0.215061,-0.238744
0.058073,0.154772,-0.053904,0.091159,-0.018841,0.000141,-0.483002,-0.148357,0.570521,-1.000000,0.481213,-0.216740,0.295634,-0.326148
0.048372,0.156763,-0.050132,0.093582,-0.015626,-0.023567,-0.395730,-0.300703,0.346312,-1.000000,0.449354,-0.237402,0.215896,-0.299538
0.035984,0.158615,-0.042175,0.092870,-0.007604,-0.045887,-0.285368,-0.494475,-0.115897,-1.000000,0.302167,-0.277155,0.175327,-0.255531
0.023389,0.159820,-0.031923,0.088970,-0.001528,-0.064126,-0.166702,-0.764326,-0.645363,-1.000000,0.039386,-0.432078,0.233380,-0.226674
0.008736,0.160805,-0.017791,0.082826,-0.001145,-0.081530,-0.078158,-1.000000,-1.000000,-0.820251,-0.266459,-0.566144,0.337565,-0.212873
-0.004868,0.160388,-0.003167,0.073914,0.007715,-0.091383,-0.007703,-1.000000,-1.000000,-0.632686,-0.513288,-0.554969,0.536775,-0.274630
-0.018920,0.159665,0.012996,0.065038,0.002954,-0.093271,0.088898,-1.000000,-1.000000,-0.433988,-0.679134,-0.516170,0.728855,-0.309469
-0.031447,0.158313,0.028217,0.058520,0.003154,-0.095110,0.198870,-1.000000,-1.000000,-0.205730,-0.686672,-0.486604,0.679545,-0.264062
-0.044293,0.156044,0.044493,0.052706,0.005003,-0.093901,0.241716,-1.000000,-1.000000,-0.133484,-0.662968,-0.451457,0.583390,-0.199189
-0.055337,0.154091,0.058716,0.049029,-0.002162,-0.088924,0.255166,-1.000000,-1.000000,-0.078541,-0.737911,-0.498471,0.536791,-0.118091
-0.065800,0.151570,0.071781,0.045986,0.001325,-0.075332,0.259420,-1.000000,-1.000000,-0.038609,-0.789673,-0.567148,0.524524,-0.095252
-0.074017,0.149491,0.081146,0.045078,0.000933,-0.058528,0.242759,-1.000000,-1.000000,-0.087607,-0.813711,-0.555367,0.564138,-0.105128
-0.081202,0.148071,0.087744,0.045075,-0.001607,-0.038067,0.163988,-1.000000,-1.000000,-0.219112,-0.802610,-0.505771,0.631249,-0.125129
-0.086200,0.148765,0.090262,0.045599,-0.015974,-0.015735,0.053289,-1.000000,-1.000000,-0.437915,-0.745289,-0.462196,0.667857,-0.152938
-0.090319,0.151557,0.089812,0.047593,-0.029351,0.002600,-0.082674,-1.000000,-1.000000,-0.720028,-0.633414,-0.421035,0.718160,-0.217568
-0.092895,0.155280,0.086739,0.048123,-0.034012,0.019202,-0.238724,-1.000000,-0.854946,-1.000000,-0.509262,-0.355524,0.792630,-0.292074
-0.094362,0.160147,0.081155,0.046226,-0.035855,0.032224,-0.372489,-1.000000,-0.423809,-1.000000,-0.373618,-0.299454,0.836384,-0.357644
-0.094690,0.165872,0.074641,0.043113,-0.045530,0.040680,-0.459150,-0.841664,-0.123327,-1.000000,-0.176066,-0.264926,0.863604,-0.448322
-0.094513,0.172492,0.067516,0.039160,-0.049965,0.041149,-0.490317,-0.704230,0.183290,-1.000000,0.013791,-0.241848,0.973116,-0.532208
-0.093247,0.179037,0.060352,0.031401,-0.053076,0.044741,-0.501570,-0.684360,0.489511,-1.000000,0.143823,-0.184426,0.875025,-0.489450
-0.091002,0.185231,0.052704,0.022888,-0.044013,0.044123,-0.435295,-0.694182,0.510110,-1.000000,0.271767,-0.131881,0.633363,-0.431008
-0.088027,0.189890,0.045732,0.013142,-0.032261,0.043567,-0.383734,-0.684390,0.652660,-1.000000,0.346304,-0.168633,0.603184,-0.451167
-0.084035,0.193735,0.038536,0.003543,-0.020938,0.041542,-0.356854,-0.606838,0.707192,-1.000000,0.314419,-0.256872,0.634958,-0.457989
-0.079517,0.196859,0.031933,-0.005726,-0.016924,0.041254,-0.288319,-0.500276,0.631354,-1.000000,0.366210,-0.236100,0.580353,-0.475509
-0.073736,0.199895,0.024757,-0.014539,-0.014224,0.041410,-0.214707,-0.430644,0.532209,-1.000000,0.440373,-0.152842,0.508388,-0.501535
-0.068296,0.202081,0.019044,-0.021904,-0.010644,0.035683,-0.182525,-0.387692,0.637451,-1.000000,0.467805,-0.121020,0.369054,-0.451552
-0.061550,0.205900,0.013068,-0.032310,-0.028273,0.034478,-0.163701,-0.338525,0.804506,-0.963300,0.472563,-0.133117,0.236567,-0.381673
-0.055517,0.208711,0.009073,-0.040997,-0.024462,0.024970,-0.075617,-0.358178,0.720170,-0.753892,0.464718,-0.191048,0.194631,-0.372517
-0.049568,0.210994,0.006763,-0.048724,-0.020719,0.013325,0.003351,-0.512959,1.000000,-0.642526,0.475515,-0.180292,0.224679,-0.377173
-0.045818,0.211552,0.007888,-0.053515,-0.008748,-0.007027,0.103430,-0.635941,0.992412,-0.387755,0.386660,-0.186556,0.259614,-0.351322
-0.043777,0.210365,0.012658,-0.057258,0.005248,-0.027544,0.262629,-0.701051,0.734600,-0.107642,0.374817,-0.246390,0.270267,-0.383750
-0.043314,0.207559,0.019627,-0.060173,0.021378,-0.043526,0.436105,-0.858420,0.291412,0.276752,0.250716,-0.337907,0.293191,-0.373966
-0.043225,0.204066,0.028247,-0.062579,0.024669,-0.049745,0.562644,-0.995861,-0.091349,0.633352,0.044851,-0.389851,0.262802,-0.288237
-0.042617,0.200764,0.035712,-0.064017,0.026554,-0.046626,0.590234,-1.000000,-0.238814,0.831428,-0.212653,-0.413215,0.406758,-0.226141
-0.040351,0.197450,0.041667,-0.066131,0.027291,-0.034374,0.545847,-1.000000,-0.108574,0.846236,-0.416764,-0.417897,0.587018,-0.173314
-0.036626,0.194692,0.044822,-0.067619,0.027949,-0.019720,0.498741,-1.000000,-0.009543,0.819245,-0.394506,-0.354162,0.605598,-0.162243
-0.030765,0.192114,0.045533,-0.069213,0.027444,-0.004103,0.457137,-0.933091,0.163384,0.749236,-0.217988,-0.258248,0.624107,-0.262368
-0.023769,0.190156,0.043790,-0.070696,0.025255,0.010885,0.381279,-0.786969,0.419068,0.631391,-0.106339,-0.250834,0.672173,-0.318784
-0.014570,0.188290,0.039426,-0.072394,0.023888,0.025169,0.304667,-0.618514,0.695182,0.520984,0.023729,-0.251943,0.619594,-0.312335
-0.004519,0.187336,0.033072,-0.074891,0.014375,0.039720,0.267901,-0.481878,0.867988,0.454774,0.213742,-0.185836,0.499777,-0.329922
0.007757,0.186440,0.024217,-0.077665,0.010434,0.051115,0.240539,-0.342227,0.998571,0.412922,0.392492,-0.149213,0.371871,-0.345129
0.019707,0.185120,0.015164,-0.079141,0.012187,0.056556,0.176441,-0.258591,1.000000,0.301376,0.498034,-0.147974,0.260019,-0.305273
0.032151,0.182078,0.005813,-0.077103,0.026191,0.053956,0.123106,-0.137419,1.000000,0.245851,0.585499,-0.140840,0.156569,-0.266300
0.042309,0.178972,-0.001437,-0.071628,0.027684,0.045292,0.105237,-0.009579,1.000000,0.261710,0.670363,-0.148373,0.150160,-0.305823
0.051446,0.175571,-0.007460,-0.063314,0.028243,0.034773,0.124077,0.130248,1.000000,0.405227,0.723943,-0.191098,0.072664,-0.303531
0.057080,0.172623,-0.010127,-0.049569,0.029885,0.016659,0.164653,0.075729,1.000000,0.525722,0.709619,-0.179859,-0.079287,-0.217490
0.060546,0.169232,-0.010765,-0.034290,0.035999,0.003681,0.182789,-0.032775,1.000000,0.594278,0.609844,-0.176065,-0.174979,-0.085390
0.060727,0.166864,-0.008840,-0.014349,0.032503,-0.012028,0.235319,-0.224327,0.811597,0.640141,0.403133,-0.318257,-0.108087,-0.028231
0.058830,0.164871,-0.005972,0.004307,0.027848,-0.016553,0.263232,-0.318799,0.357269,0.630000,0.259212,-0.456720,0.003741,-0.049403
0.055321,0.162952,-0.002990,0.023347,0.029331,-0.018642,0.285552,-0.549590,-0.016408,0.525892,0.049313,-0.440705,0.174827,-0.068097
0.049987,0.160951,0.000412,0.039452,0.028387,-0.019629,0.167161,-0.697587,-0.013979,0.229893,-0.162190,-0.342391,0.314243,-0.014069
0.044338,0.159337,0.003207,0.050347,0.024326,-0.017443,0.015324,-0.688601,-0.081624,-0.144296,-0.285446,-0.351590,0.507885,-0.071747
0.037432,0.157806,0.006561,0.057446,0.021881,-0.019369,-0.034878,-0.659792,-0.377122,-0.379704,-0.197082,-0.441868,0.612048,-0.264928
0.031945,0.157345,0.007932,0.057210,0.007391,-0.008561,-0.072221,-0.635891,-0.572265,-0.546248,-0.072577,-0.382546,0.595472,-0.389868
0.026715,0.157087,0.008231,0.055875,0.003168,-0.001725,-0.128568,-0.644789,-0.697269,-0.647764,-0.138155,-0.281127,0.542343,-0.330980
0.022675,0.157413,0.007366,0.053120,-0.004749,0.005399,-0.262469,-0.624957,-0.236815,-0.907007,-0.151613,-0.227309,0.547240,-0.254398
0.019175,0.157730,0.005268,0.049913,-0.005172,0.012118,-0.336760,-0.585258,-0.007789,-1.000000,-0.136494,-0.287964,0.620442,-0.282172
0.016808,0.157576,0.002364,0.045289,-0.000323,0.018142,-0.260665,-0.544565,0.004530,-1.000000,0.109658,-0.308452,0.621974,-0.474223
0.015721,0.158028,-0.002608,0.038962,-0.008062,0.028683,-0.245042,-0.445252,0.064422,-1.000000,0.257843,-0.213732,0.615674,-0.545238
0.015321,0.158620,-0.007544,0.033904,-0.010179,0.030842,-0.284053,-0.281464,0.191442,-1.000000,0.269389,-0.131866,0.485697,-0.435910
0.015092,0.159113,-0.012392,0.029058,-0.008191,0.027984,-0.337773,-0.193367,0.595835,-1.000000,0.354332,-0.089688,0.331928,-0.341547
0.014974,0.159199,-0.015963,0.022633,-0.003154,0.022312,-0.319201,-0.197059,0.662814,-1.000000,0.425199,-0.137800,0.218317,-0.316871
0.014831,0.159201,-0.018554,0.015818,-0.001419,0.014951,-0.215671,-0.205633,0.473064,-0.918270,0.505030,-0.225995,0.154058,-0.350288
0.014438,0.159262,-0.019485,0.010203,-0.001257,0.005813,-0.135895,-0.213824,0.332407,-0.736977,0.473753,-0.268499,0.182028,-0.368247
0.013292,0.158873,-0.018304,0.006098,0.004858,-0.006815,-0.081831,-0.289473,0.318730,-0.576954,0.357611,-0.261095,0.180233,-0.307590
0.011638,0.157810,-0.015318,0.001937,0.014055,-0.018661,-0.011010,-0.434874,0.270241,-0.395149,0.258930,-0.249554,0.170388,-0.245395
0.009324,0.156217,-0.010257,-0.002162,0.019340,-0.029234,0.103705,-0.568966,-0.020921,-0.144284,0.170459,-0.336805,0.226724,-0.263841
0.006632,0.154691,-0.004091,-0.003987,0.019965,-0.038527,0.204471,-0.648234,-0.298923,0.089350,0.059402,-0.451833,0.348811,-0.301791
0.004182,0.153616,0.002341,-0.007440,0.012951,-0.037137,0.243370,-0.754540,-0.357998,0.236053,-0.134234,-0.432505,0.478472,-0.261437
0.003303,0.153935,0.006291,-0.012229,-0.003317,-0.024668,0.257547,-0.863631,-0.381747,0.301576,-0.281062,-0.341614,0.522880,-0.190574
0.003067,0.155560,0.009519,-0.014560,-0.017578,-0.018620,0.242016,-0.910051,-0.156560,0.244979,-0.260341,-0.309154,0.613360,-0.229854
0.003422,0.157749,0.011630,-0.016500,-0.025836,-0.013187,0.151125,-0.930924,0.438965,0.022116,-0.201698,-0.284281,0.760952,-0.295838
0.005156,0.160515,0.011965,-0.020905,-0.030394,-0.001935,0.153765,-0.972339,0.699004,-0.093686,-0.088298,-0.228011,0.759976,-0.354454
0.007954,0.163131,0.010754,-0.026031,-0.031383,0.007570,0.236327,-0.938331,0.597589,-0.102567,0.148874,-0.190871,0.663996,-0.461313
0.012996,0.165923,0.007047,-0.034548,-0.031825,0.021392,0.206913,-0.841478,0.799945,-0.201432,0.237229,-0.190202,0.640989,-0.474670
0.019409,0.168595,0.001753,-0.043476,-0.034627,0.033058,0.139334,-0.748543,1.000000,-0.277000,0.211019,-0.191490,0.576200,-0.400408
0.027846,0.171265,-0.005120,-0.052779,-0.034395,0.039664,0.123537,-0.599796,1.000000,-0.273245,0.361029,-0.137196,0.491802,-0.421498
0.036259,0.172754,-0.011230,-0.061088,-0.024462,0.038186,0.121216,-0.483165,1.000000,-0.251766,0.514053,-0.096054,0.490447,-0.481930
0.045357,0.173369,-0.016659,-0.067651,-0.013831,0.031316,0.124569,-0.392884,1.000000,-0.135193,0.598775,-0.097540,0.359400,-0.441625
0.052913,0.172864,-0.019650,-0.070622,0.000857,0.018707,0.190847,-0.311563,1.000000,0.129320,0.668953,-0.108237,0.168326,-0.394798
0.059604,0.171484,-0.020181,-0.070315,0.014183,0.003060,0.279945,-0.287877,1.000000,0.417285,0.663685,-0.162004,0.113671,-0.368554
0.063945,0.169711,-0.017880,-0.066471,0.026184,-0.014380,0.367389,-0.318094,1.000000,0.710418,0.537281,-0.251837,0.082161,-0.271480
0.066803,0.167105,-0.012998,-0.060080,0.039193,-0.028162,0.462477,-0.399603,1.000000,0.975617,0.407926,-0.293414,0.048057,-0.188516
0.067902,0.163903,-0.007052,-0.050393,0.052638,-0.037173,0.556788,-0.509871,0.567935,1.000000,0.268296,-0.327418,0.082421,-0.152290
0.067747,0.159962,0.000027,-0.038558,0.059487,-0.040861,0.598423,-0.560775,0.141749,1.000000,0.119545,-0.381846,0.142670,-0.117809
0.066634,0.155585,0.006183,-0.023712,0.067305,-0.038456,0.572069,-0.569837,-0.078781,1.000000,-0.056210,-0.414593,0.222070,-0.079773
0.064882,0.149953,0.011201,-0.007790,0.073222,-0.028947,0.493052,-0.579959,-0.224754,1.000000,-0.202984,-0.414251,0.271564,-0.031288
0.063118,0.143962,0.013386,0.008728,0.076576,-0.013660,0.374010,-0.507789,-0.410872,1.000000,-0.261236,-0.408271,0.314403,-0.012083
0.061244,0.136728,0.012440,0.025299,0.077456,0.005462,0.202268,-0.382911,-0.452523,0.690469,-0.279490,-0.412083,0.425229,-0.022487
0.059445,0.129543,0.008697,0.040509,0.076842,0.023392,-0.028415,-0.221058,-0.325869,0.289480,-0.266748,-0.393611,0.507860,0.001053
0.057530,0.121688,0.001870,0.051396,0.071950,0.039368,-0.240812,0.035922,-0.245859,-0.134743,-0.078885,-0.322422,0.485147,-0.076704
0.055529,0.114926,-0.005929,0.059064,0.063248,0.048715,-0.406260,0.324148,-0.234693,-0.529543,0.221789,-0.278088,0.417238,-0.228087
0.053074,0.107982,-0.015030,0.062887,0.058391,0.052549,-0.559655,0.582640,-0.143203,-0.854545,0.458578,-0.226621,0.220062,-0.230947
0.050523,0.101621,-0.023376,0.063870,0.058726,0.052176,-0.618376,0.687204,-0.112638,-0.991534,0.551157,-0.111886,-0.096040,-0.082492
0.047881,0.096361,-0.033122,0.062940,0.040281,0.056208,-0.601797,0.711642,-0.208843,-0.943955,0.575785,-0.134888,-0.290292,0.001724
0.045354,0.093029,-0.042170,0.062428,0.022994,0.056526,-0.610229,0.687675,-0.292748,-0.917377,0.488171,-0.323575,-0.267766,0.043063
0.042374,0.090011,-0.051329,0.061991,0.018416,0.052875,-0.674376,0.526372,0.148706,-1.000000,0.386435,-0.338839,-0.112566,0.088446
0.039546,0.087914,-0.059100,0.059668,0.012324,0.048558,-0.696176,0.361809,0.511521,-1.000000,0.369863,-0.219834,0.060060,0.027090
0.036321,0.086584,-0.066258,0.057040,0.004601,0.041293,-0.609286,0.368193,0.413589,-1.000000,0.572679,-0.224416,0.171676,-0.238707
0.033366,0.086426,-0.071563,0.052265,-0.005472,0.033134,-0.537958,0.382310,0.414994,-1.000000,0.725029,-0.245028,0.189268,-0.376498
0.030184,0.086966,-0.075357,0.046283,-0.010370,0.021898,-0.493321,0.353422,0.464937,-1.000000,0.680739,-0.118788,0.004290,-0.210004
0.027590,0.088604,-0.077595,0.038154,-0.022056,0.013993,-0.416317,0.247092,0.490560,-1.000000,0.628964,-0.063337,-0.116459,-0.105818
0.024982,0.091359,-0.078305,0.030838,-0.030959,0.004096,-0.335747,0.055638,0.393546,-0.928276,0.547028,-0.271761,-0.096298,-0.123164
0.022120,0.094087,-0.076015,0.026227,-0.030352,-0.014306,-0.261278,-0.139649,0.498184,-0.845454,0.477614,-0.398099,0.001482,-0.171161
0.018414,0.097166,-0.070407,0.022490,-0.029731,-0.032373,-0.170595,-0.343891,0.588392,-0.762522,0.367559,-0.335051,0.247255,-0.256381
0.014492,0.099734,-0.062554,0.018082,-0.025517,-0.049084,0.028312,-0.545678,0.204050,-0.472165,0.281949,-0.313613,0.338302,-0.337302
0.009604,0.101642,-0.051076,0.014104,-0.015937,-0.066219,0.219138,-0.745934,-0.197718,-0.180451,0.253621,-0.337594,0.290448,-0.377926
0.004732,0.102672,-0.038562,0.010346,-0.008698,-0.078160,0.289218,-0.970735,-0.333944,0.016183,-0.017386,-0.400291,0.365515,-0.275207
-0.000827,0.103426,-0.023808,0.008752,-0.007096,-0.085146,0.325947,-1.000000,-0.532052,0.209397,-0.350691,-0.486616,0.481301,-0.157345
-0.006107,0.103633,-0.010065,0.009719,-0.004026,-0.085844,0.403625,-1.000000,-0.765584,0.363661,-0.435371,-0.519154,0.664435,-0.263125
-0.011391,0.102794,0.003158,0.010832,0.005444,-0.076318,0.440495,-1.000000,-0.916346,0.465763,-0.489551,-0.475685,0.685199,-0.261087
-0.016108,0.102473,0.014811,0.011463,-0.001956,-0.072835,0.386157,-1.000000,-0.946831,0.429086,-0.523631,-0.399987,0.596863,-0.145925
-0.020661,0.103369,0.025763,0.011407,-0.016607,-0.063216,0.277179,-1.000000,-0.918359,0.322000,-0.544445,-0.415441,0.594996,-0.091090
-0.023993,0.104243,0.033363,0.010353,-0.016627,-0.047476,0.261959,-1.000000,-0.867349,0.276673,-0.569809,-0.503546,0.637323,-0.120337
-0.026605,0.105145,0.038581,0.009964,-0.014386,-0.030114,0.231896,-1.000000,-0.633572,0.129836,-0.521809,-0.473302,0.725756,-0.207506
-0.028138,0.105911,0.040573,0.010412,-0.011114,-0.012440,0.143164,-1.000000,-0.407882,-0.069232,-0.457390,-0.354138,0.795633,-0.259879
-0.028789,0.106907,0.039785,0.010044,-0.010199,0.004550,0.051366,-0.937546,-0.219380,-0.295727,-0.299729,-0.273270,0.803327,-0.338177
-0.028294,0.107719,0.036290,0.008096,-0.005971,0.021814,-0.048936,-0.714412,-0.032915,-0.514705,-0.098368,-0.275533,0.819325,-0.439890
-0.026557,0.108922,0.030005,0.004350,-0.007327,0.036307,-0.145030,-0.504522,0.191015,-0.719306,0.072927,-0.267687,0.791543,-0.487991
-0.023742,0.109976,0.022086,-0.001159,-0.005074,0.049451,-0.222315,-0.247836,0.354808,-0.828134,0.281797,-0.169518,0.600151,-0.469749
-0.019599,0.111033,0.011867,-0.006600,-0.003864,0.058964,-0.259308,-0.050394,0.570125,-0.881685,0.485352,-0.071238,0.403838,-0.455997
-0.015245,0.112191,0.002019,-0.010830,-0.007194,0.061517,-0.300417,0.157517,0.792522,-0.885924,0.631268,-0.068289,0.177869,-0.378371
-0.010156,0.113288,-0.008468,-0.015233,-0.007215,0.060540,-0.316806,0.301264,0.967917,-0.862059,0.722396,-0.091420,-0.009396,-0.294672
-0.005311,0.114274,-0.017401,-0.019785,-0.008876,0.055824,-0.292583,0.287321,1.000000,-0.783239,0.753526,-0.116134,-0.109222,-0.243007
-0.000031,0.115964,-0.025795,-0.024894,-0.017475,0.048437,-0.259095,0.255963,1.000000,-0.679380,0.753692,-0.152543,-0.142069,-0.221892
0.003938,0.117153,-0.030495,-0.026855,-0.014290,0.029362,-0.219901,0.187705,1.000000,-0.599312,0.716361,-0.202024,-0.070642,-0.230396
0.006957,0.117794,-0.031865,-0.027645,-0.007248,0.007907,-0.151778,0.046931,1.000000,-0.491662,0.679350,-0.212509,-0.010633,-0.231866
0.008096,0.118697,-0.029174,-0.025402,-0.010097,-0.016814,0.015688,-0.105267,0.868236,-0.176016,0.640970,-0.240592,-0.037425,-0.248906
0.007428,0.120932,-0.022448,-0.020258,-0.022983,-0.038832,0.195282,-0.269246,0.400599,0.159625,0.552882,-0.330752,-0.036566,-0.267850
0.005141,0.123705,-0.013550,-0.013037,-0.031077,-0.055570,0.345030,-0.630375,0.040464,0.416743,0.258595,-0.431548,0.023217,-0.155357
0.001359,0.126931,-0.002347,-0.006312,-0.034322,-0.064653,0.404607,-1.000000,0.031365,0.509825,-0.170888,-0.426827,0.170207,0.021135
-0.002798,0.129833,0.008440,-0.001715,-0.034862,-0.067410,0.427878,-1.000000,0.017833,0.446441,-0.465314,-0.432077,0.495306,-0.038979
-0.007591,0.132683,0.019893,0.001365,-0.033338,-0.066060,0.438865,-1.000000,-0.129662,0.319234,-0.496149,-0.460015,0.741324,-0.230651
-0.011472,0.135363,0.028894,0.001583,-0.035097,-0.056265,0.449180,-1.000000,-0.324203,0.276180,-0.402476,-0.344473,0.616092,-0.249706
-0.015119,0.137801,0.037025,0.002122,-0.030507,-0.046933,0.414869,-1.000000,-0.416251,0.213497,-0.355405,-0.253372,0.505212,-0.229036
-0.017280,0.140015,0.042059,-0.000195,-0.029388,-0.031442,0.303374,-1.000000,-0.208726,0.057435,-0.435246,-0.327347,0.538546,-0.167597
-0.018322,0.142390,0.044913,-0.002338,-0.027859,-0.016460,0.214980,-1.000000,-0.133374,-0.052283,-0.472226,-0.414211,0.595549,-0.160615
-0.018272,0.145076,0.045537,-0.003912,-0.032410,-0.003900,0.187516,-1.000000,0.011859,-0.179243,-0.305058,-0.318867,0.718230,-0.334262
-0.017023,0.148441,0.044078,-0.006425,-0.036090,0.008421,0.127137,-1.000000,0.237799,-0.327327,-0.170679,-0.208539,0.829872,-0.455026
-0.014761,0.152078,0.041078,-0.010250,-0.041450,0.018744,0.046099,-0.941317,0.530875,-0.509166,-0.030225,-0.173047,0.763800,-0.444644
-0.010908,0.155826,0.036060,-0.015987,-0.038841,0.028955,-0.002725,-0.812125,0.769835,-0.626656,0.129956,-0.173560,0.691340,-0.453511
-0.005817,0.159416,0.029795,-0.024079,-0.040547,0.039160,0.005047,-0.738543,0.927533,-0.663678,0.258924,-0.179419,0.649750,-0.492321
0.001481,0.162876,0.021464,-0.034319,-0.036949,0.048051,0.009100,-0.591896,1.000000,-0.630927,0.391981,-0.151949,0.528125,-0.493961
0.009202,0.165140,0.013578,-0.043883,-0.027967,0.049279,-0.003685,-0.470601,1.000000,-0.622932,0.486746,-0.099773,0.447267,-0.480096
0.017978,0.166183,0.005877,-0.052592,-0.014454,0.044450,-0.014075,-0.323428,1.000000,-0.544234,0.576021,-0.081521,0.341912,-0.445141
0.025941,0.166233,0.000224,-0.059681,-0.004703,0.035322,0.028573,-0.212467,1.000000,-0.338178,0.657029,-0.104229,0.220337,-0.427320
0.033327,0.165382,-0.003043,-0.062466,0.006335,0.018860,0.114549,-0.139496,1.000000,-0.021718,0.708326,-0.143009,0.085089,-0.394615
0.038498,0.164344,-0.003073,-0.061327,0.012309,0.000186,0.210283,-0.166245,1.000000,0.292802,0.660608,-0.183826,0.003140,-0.319288
0.042431,0.162981,-0.000491,-0.057901,0.018353,-0.014901,0.324926,-0.285902,0.998954,0.626717,0.510456,-0.260840,-0.045693,-0.205134
0.044137,0.161108,0.004422,-0.050308,0.029856,-0.030705,0.440570,-0.481343,0.628277,0.882330,0.331851,-0.345003,-0.016163,-0.135060
0.044313,0.158887,0.011685,-0.042455,0.035021,-0.041903,0.518476,-0.631455,0.312027,1.000000,0.148589,-0.391170,0.112744,-0.115820
0.042773,0.156894,0.020145,-0.032111,0.037071,-0.052867,0.539197,-0.745351,0.076888,1.000000,-0.101946,-0.421895,0.311389,-0.090450
0.040235,0.153827,0.029539,-0.023196,0.046835,-0.054209,0.529096,-0.819889,-0.097895,1.000000,-0.242866,-0.424146,0.394382,-0.075500
0.037985,0.150468,0.036700,-0.014526,0.050277,-0.044745,0.527218,-0.890603,-0.380965,1.000000,-0.302967,-0.419774,0.406991,-0.096268
0.036381,0.147048,0.041001,-0.004761,0.043093,-0.024824,0.468184,-0.818156,-0.609908,0.965025,-0.346440,-0.448664,0.458135,-0.112251
0.035700,0.143080,0.041252,0.006726,0.047565,-0.001571,0.308661,-0.713809,-0.495402,0.705370,-0.423005,-0.448055,0.578972,-0.093389
0.035655,0.138126,0.037386,0.019570,0.049570,0.022311,0.090311,-0.617755,-0.118274,0.301945,-0.412282,-0.349718,0.642056,-0.057229
0.036285,0.132473,0.029990,0.030583,0.056976,0.046218,-0.091383,-0.352143,0.027637,-0.065015,-0.188694,-0.251553,0.663657,-0.178492
0.037339,0.126150,0.019355,0.036822,0.055365,0.061365,-0.252418,-0.004284,0.105784,-0.481298,0.171994,-0.249344,0.666009,-0.400336
0.038549,0.120280,0.008166,0.038099,0.053318,0.069915,-0.476766,0.451711,0.222466,-0.875650,0.478046,-0.205814,0.449901,-0.395953
0.039608,0.114199,-0.004218,0.039447,0.049344,0.071441,-0.567706,0.735402,0.284595,-1.000000,0.685347,-0.002838,0.038946,-0.252027
0.040104,0.108945,-0.015249,0.040913,0.045387,0.068937,-0.539103,0.843451,0.211916,-0.900007,0.814708,0.050824,-0.335046,-0.133227
0.040152,0.103450,-0.026667,0.042128,0.043825,0.065885,-0.558108,0.770317,0.203658,-0.830236,0.698557,-0.170325,-0.454913,0.028557
0.039939,0.098634,-0.036736,0.041234,0.041583,0.062912,-0.600758,0.637074,0.258409,-0.892513,0.488712,-0.336434,-0.378781,0.179042
0.040158,0.095162,-0.048617,0.037772,0.021043,0.068610,-0.606995,0.548892,0.323310,-0.979084,0.447239,-0.341095,-0.073362,0.048735
0.040245,0.092760,-0.058837,0.035056,0.012645,0.063825,-0.574836,0.524401,0.349160,-0.988861,0.546946,-0.315075,0.146459,-0.194406
0.040194,0.090924,-0.068521,0.031363,0.006252,0.055869,-0.580838,0.536744,0.832208,-1.000000,0.748000,-0.115069,0.122656,-0.297374
0.039551,0.089826,-0.074963,0.029484,0.003168,0.040281,-0.528499,0.563884,0.937834,-1.000000,0.821687,0.034679,-0.029834,-0.229566
0.038106,0.089775,-0.079019,0.028402,-0.005049,0.023382,-0.411587,0.506428,0.809594,-0.911045,0.866344,-0.046083,-0.216888,-0.188311
0.036163,0.090576,-0.080042,0.026565,-0.011007,0.006398,-0.315649,0.338462,0.583512,-0.731230,0.768946,-0.222374,-0.325850,-0.121609
0.032833,0.092489,-0.077683,0.029218,-0.018109,-0.013616,-0.244912,0.097308,0.449251,-0.646249,0.566185,-0.329683,-0.242724,-0.051225
0.028562,0.094929,-0.072279,0.032097,-0.022563,-0.033776,-0.164414,-0.180351,0.360654,-0.548366,0.344848,-0.404284,0.019857,-0.056894
0.022987,0.097814,-0.063700,0.033042,-0.023642,-0.049514,-0.028320,-0.488065,0.094680,-0.404336,0.203352,-0.449551,0.192573,-0.158354
0.017265,0.100630,-0.053889,0.032090,-0.025632,-0.061285,0.140681,-0.792014,-0.276064,-0.225338,0.110472,-0.427610,0.287099,-0.275236
0.010748,0.102924,-0.041915,0.029908,-0.018863,-0.069110,0.213776,-1.000000,-0.441342,-0.144237,-0.124811,-0.410179,0.477469,-0.288406
0.004575,0.104011,-0.029749,0.026558,-0.008936,-0.075999,0.199952,-1.000000,-0.391617,-0.152197,-0.380761,-0.428098,0.660169,-0.236269
-0.002087,0.104613,-0.016023,0.023883,-0.005509,-0.079171,0.235075,-1.000000,-0.600745,-0.081878,-0.404295,-0.438760,0.737171,-0.299882
-0.008076,0.104681,-0.003400,0.021945,-0.002772,-0.078876,0.346127,-1.000000,-1.000000,0.144611,-0.319063,-0.428184,0.660492,-0.371516
-0.014138,0.103939,0.009570,0.019830,0.003588,-0.074842,0.344550,-1.000000,-1.000000,0.220040,-0.374619,-0.421228,0.601836,-0.299060
-0.019199,0.103119,0.020369,0.018375,0.003330,-0.067487,0.241338,-1.000000,-0.994512,0.167073,-0.570817,-0.437807,0.587165,-0.100057
-0.023440,0.102634,0.029116,0.015563,-0.000893,-0.050501,0.227390,-1.000000,-1.000000,0.189998,-0.595544,-0.485112,0.627507,-0.110118
-0.026358,0.102482,0.034374,0.014583,-0.002959,-0.032848,0.230626,-1.000000,-1.000000,0.192698,-0.525151,-0.519029,0.726042,-0.244187
-0.028268,0.103370,0.036361,0.013965,-0.011594,-0.011465,0.125365,-0.992223,-0.707723,-0.018739,-0.469173,-0.421087,0.799427,-0.272670
-0.028887,0.104579,0.034963,0.012777,-0.012923,0.008736,-0.015136,-0.834275,-0.338852,-0.292930,-0.398001,-0.286157,0.836150,-0.260099
-0.028332,0.106040,0.030291,0.010812,-0.011522,0.026973,-0.123600,-0.707965,0.086263,-0.603180,-0.172860,-0.235991,0.883177,-0.393725
-0.026700,0.107463,0.023565,0.007309,-0.010098,0.042022,-0.202416,-0.500648,0.324191,-0.799044,0.125395,-0.232034,0.780043,-0.493731
-0.023846,0.108031,0.014568,0.002131,0.001586,0.051916,-0.257526,-0.213812,0.482751,-0.948824,0.392143,-0.160340,0.618744,-0.528718
-0.020415,0.108077,0.005105,-0.002487,0.007312,0.059119,-0.299700,0.022924,0.679455,-1.000000,0.551185,-0.077275,0.415609,-0.477605
-0.016343,0.107430,-0.005337,-0.005677,0.013828,0.060245,-0.308321,0.305720,0.666724,-0.898950,0.700332,-0.042915,0.073388,-0.370531
-0.012585,0.107312,-0.014235,-0.008913,0.006340,0.055598,-0.315303,0.451962,0.711698,-0.826178,0.789650,-0.067992,-0.130021,-0.292913
-0.008852,0.106821,-0.022200,-0.011473,0.008492,0.045972,-0.342834,0.472544,0.717305,-0.730283,0.710657,-0.164254,-0.232670,-0.136846
-0.005963,0.106036,-0.027430,-0.013488,0.010910,0.032678,-0.306369,0.319433,0.780398,-0.640258,0.631894,-0.213959,-0.238622,-0.061428
-0.002872,0.105641,-0.031653,-0.018510,0.005104,0.024372,-0.228413,0.187690,0.643816,-0.468866,0.597561,-0.285946,-0.113755,-0.128712
-0.000402,0.104915,-0.033595,-0.021716,0.008817,0.012130,-0.118358,0.084377,0.429907,-0.296775,0.563064,-0.372294,0.020401,-0.229925
0.002127,0.104840,-0.034571,-0.024265,0.000835,0.005633,-0.047114,-0.029718,0.565494,-0.183359,0.521871,-0.314121,0.102204,-0.231468
0.003788,0.104514,-0.033729,-0.023080,0.003944,-0.005266,0.037275,-0.127166,0.470944,0.023250,0.413535,-0.246906,0.123007,-0.175624
0.005034,0.104245,-0.031534,-0.021617,0.003214,-0.012664,0.119031,-0.261005,0.486027,0.104578,0.422693,-0.279117,0.115886,-0.205165
0.005890,0.104743,-0.029116,-0.019608,-0.005506,-0.015105,0.172984,-0.392056,0.329019,0.235803,0.307939,-0.385308,0.153411,-0.169715
0.005873,0.105240,-0.025116,-0.014284,-0.004728,-0.023071,0.216742,-0.483396,0.217026,0.268198,0.189169,-0.403497,0.235534,-0.165453
0.005213,0.105649,-0.020539,-0.010165,-0.004003,-0.028609,0.198156,-0.628059,0.423547,0.161872,0.063667,-0.326701,0.432891,-0.190668
0.004151,0.106502,-0.015092,-0.008210,-0.008573,-0.031456,0.219513,-0.723775,0.241200,0.170920,-0.019528,-0.327373,0.465677,-0.196477
0.003227,0.108207,-0.010288,-0.008128,-0.019670,-0.029995,0.289178,-0.721868,-0.063839,0.199200,0.094507,-0.367084,0.443926,-0.316270
0.002319,0.110156,-0.005363,-0.008425,-0.020994,-0.028394,0.269964,-0.805525,0.009237,0.145604,0.003837,-0.364672,0.548863,-0.326434
0.001611,0.111482,-0.000968,-0.009676,-0.015536,-0.027459,0.188770,-0.914609,0.336581,0.009322,-0.158365,-0.288924,0.552356,-0.191925
0.001155,0.111721,0.003877,-0.013647,-0.002494,-0.027986,0.201243,-0.897826,0.331065,-0.020041,-0.088974,-0.264193,0.601467,-0.280734
0.001313,0.111745,0.007387,-0.016552,-0.000215,-0.021934,0.279835,-0.815087,0.075013,0.060488,0.052969,-0.357188,0.700400,-0.470028
0.002089,0.111407,0.009965,-0.018475,0.003792,-0.014879,0.307716,-0.694120,-0.126720,0.210782,0.083464,-0.383845,0.610568,-0.453780
0.003048,0.111500,0.011692,-0.018611,-0.000989,-0.010789,0.221265,-0.617592,0.105356,0.148954,0.040670,-0.237023,0.490663,-0.317961
0.005008,0.111811,0.011685,-0.021511,-0.003426,0.000038,0.131011,-0.563805,0.323540,0.100969,-0.034096,-0.194104,0.476383,-0.197279
0.007762,0.111725,0.009961,-0.025578,0.000678,0.010774,0.159724,-0.598974,0.320684,0.132178,0.058525,-0.329594,0.453772,-0.248187
0.011525,0.111177,0.006551,-0.028220,0.005046,0.019683,0.146560,-0.509658,0.485373,0.082035,0.239757,-0.337685,0.475658,-0.358828
0.016046,0.110746,0.001597,-0.033217,0.002836,0.030939,0.077724,-0.344266,0.768664,-0.041565,0.254344,-0.218776,0.597201,-0.394497
0.021429,0.109470,-0.004206,-0.037000,0.010604,0.033484,0.048426,-0.173897,0.841766,-0.060785,0.367820,-0.163204,0.458562,-0.358901
0.026310,0.107423,-0.009146,-0.037911,0.020247,0.030869,0.036749,-0.037347,0.947106,-0.039686,0.625259,-0.124924,0.178707,-0.347656
0.030992,0.103738,-0.013292,-0.036113,0.036651,0.023937,0.047445,0.089165,0.905173,0.089066,0.698312,-0.169191,0.020843,-0.296135
0.034247,0.099647,-0.014960,-0.032272,0.046741,0.010417,0.064221,0.173031,0.724966,0.207129,0.636418,-0.285271,-0.077521,-0.199144
0.036185,0.095576,-0.013627,-0.025899,0.046305,-0.007694,0.079656,0.237300,0.414702,0.372287,0.552700,-0.345518,-0.117543,-0.112620
0.037031,0.093628,-0.010808,-0.020148,0.026965,-0.017612,0.144586,0.150222,0.028955,0.600610,0.414814,-0.379376,-0.098710,-0.051667
0.037283,0.093240,-0.007120,-0.014721,0.008899,-0.021277,0.219403,-0.115033,-0.299526,0.817340,0.205097,-0.437420,-0.121517,0.064688
0.036991,0.093558,-0.003519,-0.009109,0.001171,-0.022500,0.201897,-0.474651,-0.054409,0.746788,-0.040013,-0.434542,0.013309,0.149635
0.036072,0.093771,0.000563,-0.003120,0.002788,-0.023539,0.148215,-0.717346,0.306038,0.517738,-0.278713,-0.448895,0.391959,0.093658
0.034450,0.094254,0.004565,0.005246,-0.000445,-0.025028,0.184839,-0.763625,0.297669,0.337284,-0.233870,-0.450579,0.693449,-0.155594
0.032313,0.095343,0.008292,0.011332,-0.007606,-0.021503,0.252101,-0.654800,0.019879,0.245375,0.026995,-0.350797,0.747095,-0.430773
0.030212,0.096703,0.010892,0.015728,-0.013082,-0.016250,0.214424,-0.644689,-0.095468,0.102131,0.088223,-0.248200,0.590865,-0.398665
0.028183,0.098728,0.012295,0.017617,-0.020812,-0.008095,0.083818,-0.671142,0.075737,-0.089943,-0.002131,-0.213287,0.353291,-0.159759
0.026587,0.100552,0.012577,0.017956,-0.021409,-0.001763,0.004113,-0.690103,0.205598,-0.257488,-0.070317,-0.309660,0.400199,-0.136361
0.024960,0.103008,0.012508,0.018120,-0.027065,0.000396,-0.008778,-0.706917,0.319377,-0.394067,-0.014321,-0.427789,0.633815,-0.335652
0.023894,0.104721,0.011585,0.016248,-0.021250,0.005769,-0.005055,-0.631723,0.327110,-0.475241,0.104243,-0.331470,0.717752,-0.474832
0.023487,0.106516,0.009231,0.012968,-0.021694,0.013578,0.013394,-0.627323,0.342138,-0.523422,0.196629,-0.139827,0.633493,-0.485488
0.023748,0.107838,0.006083,0.009424,-0.018573,0.019687,-0.026597,-0.487688,0.363500,-0.518232,0.274635,-0.129593,0.443361,-0.407813
0.024578,0.108343,0.002106,0.005664,-0.008902,0.022941,-0.089999,-0.382135,0.609473,-0.607561,0.303344,-0.235400,0.377417,-0.355892
0.026139,0.109753,-0.002734,0.000994,-0.021375,0.030234,-0.122001,-0.296588,0.733610,-0.610817,0.329048,-0.268992,0.362976,-0.332355
0.028146,0.112047,-0.008070,-0.001879,-0.030194,0.030784,-0.072779,-0.156072,0.544248,-0.496124,0.455584,-0.211235,0.323240,-0.406326
0.030013,0.114285,-0.012566,-0.003422,-0.031515,0.028105,-0.086129,-0.180715,0.870360,-0.562106,0.546869,-0.130666,0.295665,-0.412718
0.031316,0.116209,-0.015655,-0.002150,-0.024403,0.017819,-0.124008,-0.261631,1.000000,-0.566157,0.484589,-0.101236,0.138963,-0.230743
0.031159,0.117502,-0.015861,0.002771,-0.015635,0.001288,-0.048087,-0.256589,1.000000,-0.479187,0.551195,-0.175762,0.050403,-0.256812
0.029023,0.119790,-0.012644,0.010412,-0.021754,-0.018556,0.037870,-0.311146,0.683548,-0.345401,0.515716,-0.353509,0.185592,-0.354597
0.025366,0.122893,-0.007087,0.018573,-0.031104,-0.034714,0.130766,-0.431865,0.169446,-0.156178,0.347079,-0.403617,0.129668,-0.270136
0.020080,0.125615,0.000863,0.024287,-0.023388,-0.045889,0.225951,-0.791762,-0.126837,-0.028180,0.113692,-0.302608,0.120509,-0.177896
0.014544,0.127341,0.009102,0.027103,-0.014844,-0.051454,0.214824,-1.000000,-0.144330,-0.063212,-0.255687,-0.351308,0.296491,-0.077248
0.008490,0.129272,0.017791,0.028301,-0.017402,-0.050176,0.186202,-1.000000,-0.296272,-0.103201,-0.466606,-0.538820,0.603222,-0.164120
0.002934,0.132495,0.025421,0.029203,-0.036350,-0.047650,0.233549,-1.000000,-0.621946,-0.090352,-0.416951,-0.514198,0.765631,-0.356385
-0.002248,0.136448,0.031741,0.028047,-0.043114,-0.036479,0.230707,-1.000000,-0.643491,-0.154635,-0.344598,-0.294423,0.751636,-0.400693
-0.005956,0.139435,0.035485,0.025021,-0.035957,-0.023383,0.130352,-1.000000,-0.273692,-0.352558,-0.395220,-0.195926,0.672295,-0.259853
-0.008832,0.142421,0.037634,0.021252,-0.033273,-0.012393,0.018285,-1.000000,0.026835,-0.555830,-0.367426,-0.273711,0.626834,-0.207535
-0.010178,0.144885,0.037583,0.016301,-0.029342,0.000319,0.022340,-1.000000,-0.003675,-0.601087,-0.189380,-0.352605,0.691754,-0.382058
-0.010134,0.149941,0.035409,0.010390,-0.054832,0.012544,0.044775,-1.000000,0.015038,-0.638429,-0.043586,-0.300796,0.797005,-0.534679
-0.008573,0.154066,0.031753,0.001925,-0.047839,0.022846,-0.039731,-0.809996,0.308235,-0.756827,0.023342,-0.188218,0.813198,-0.530865
-0.005546,0.156915,0.026714,-0.006451,-0.030041,0.029090,-0.120566,-0.866965,1.000000,-0.972039,0.088637,-0.090466,0.752424,-0.459436
-0.001581,0.158289,0.021176,-0.014683,-0.015489,0.034604,-0.092600,-0.710402,1.000000,-0.854411,0.296946,-0.096040,0.546896,-0.457483
0.003468,0.158429,0.015328,-0.023522,-0.001515,0.033726,0.002203,-0.443132,0.746777,-0.673473,0.485346,-0.188485,0.505126,-0.560781
0.008498,0.156920,0.010336,-0.030325,0.017092,0.031221,-0.001722,-0.249453,0.805059,-0.558793,0.523540,-0.219230,0.417064,-0.518126
0.013698,0.154011,0.006304,-0.035292,0.030642,0.023250,0.019578,-0.140849,0.819804,-0.303714,0.530984,-0.108691,0.133093,-0.366595
0.017796,0.151299,0.004594,-0.038916,0.031360,0.010678,0.080046,-0.000694,0.566485,-0.014045,0.595617,-0.108349,-0.026535,-0.318378
0.021044,0.148162,0.005285,-0.039334,0.034909,-0.003990,0.134173,-0.000314,0.356566,0.254226,0.498820,-0.330991,-0.026206,-0.233620
0.023209,0.145680,0.007567,-0.038408,0.031289,-0.014254,0.192820,-0.195630,0.292861,0.524190,0.292888,-0.410308,-0.090501,-0.030944
0.024747,0.143894,0.011342,-0.035909,0.022544,-0.021785,0.290347,-0.404768,0.065387,0.771913,0.123772,-0.349487,0.015292,-0.004473
0.026099,0.142342,0.014899,-0.035261,0.021661,-0.022231,0.358675,-0.603225,0.032124,0.831028,-0.041199,-0.416023,0.297470,-0.096908
0.027751,0.140236,0.018641,-0.036566,0.026410,-0.021592,0.340139,-0.764606,0.215843,0.757318,-0.187991,-0.449343,0.460268,-0.075909
0.029424,0.137703,0.021733,-0.036140,0.033280,-0.019320,0.323523,-0.717480,0.315240,0.651890,-0.138508,-0.314988,0.548438,-0.154131
0.031733,0.135074,0.023881,-0.035610,0.031055,-0.012398,0.368620,-0.606189,0.198284,0.670260,-0.000790,-0.281641,0.630959,-0.336863
0.034358,0.132431,0.024426,-0.034008,0.032112,-0.003405,0.373668,-0.477144,0.038156,0.749008,0.119204,-0.344204,0.477681,-0.331406
0.037719,0.129745,0.023091,-0.030837,0.027921,0.007700,0.281941,-0.417194,0.253367,0.659752,0.118320,-0.268015,0.313730,-0.177762
0.041234,0.127231,0.019984,-0.026749,0.025432,0.019392,0.174033,-0.362380,0.487201,0.534037,0.033261,-0.220196,0.329057,-0.062569
0.045211,0.123965,0.014978,-0.021799,0.028629,0.028917,0.127988,-0.293619,0.608571,0.400060,0.134647,-0.305796,0.378820,-0.146608
0.048784,0.120840,0.009201,-0.015833,0.027183,0.036092,0.077490,-0.155123,0.686244,0.243126,0.348815,-0.314356,0.367597,-0.275030
0.051867,0.118002,0.003176,-0.008841,0.020796,0.034755,0.005401,0.026215,0.718470,0.081078,0.469606,-0.210134,0.310153,-0.300429
0.053980,0.115073,-0.001729,-0.003585,0.025189,0.030654,-0.069573,0.139335,0.766423,-0.063236,0.543953,-0.149525,0.146837,-0.230764
0.055063,0.112067,-0.005682,0.003761,0.025582,0.022814,-0.085986,0.108230,0.694109,-0.092609,0.586866,-0.187012,-0.083782,-0.132152
0.054793,0.109896,-0.007750,0.011861,0.021550,0.012924,-0.074221,0.135428,0.438509,-0.042546,0.581185,-0.297994,-0.161833,-0.116285
0.053409,0.108031,-0.008799,0.019182,0.018490,0.006050,-0.078129,0.047154,0.249061,-0.078950,0.410714,-0.427387,-0.000075,-0.115562
0.051232,0.106389,-0.008760,0.025769,0.019634,-0.000246,-0.085735,-0.137287,0.129976,-0.096034,0.207126,-0.417698,0.064868,-0.016975
0.048190,0.105393,-0.007984,0.030590,0.012317,-0.004476,-0.069929,-0.247216,0.003793,-0.139394,0.167451,-0.318971,0.146480,-0.083752
0.044756,0.105012,-0.006365,0.034493,0.007448,-0.010125,-0.064735,-0.303446,-0.144074,-0.199482,0.119233,-0.391965,0.339158,-0.221242
0.040442,0.105008,-0.003584,0.037261,0.004287,-0.016028,-0.092033,-0.399744,-0.108449,-0.298874,0.052144,-0.437388,0.389612,-0.210155
0.036142,0.105323,-0.000397,0.038685,0.001015,-0.019926,-0.080521,-0.498216,-0.187452,-0.331249,0.008510,-0.309899,0.380230,-0.195420
0.031429,0.106346,0.003212,0.038657,-0.006822,-0.020834,-0.019150,-0.585249,-0.382334,-0.311600,-0.000968,-0.312590,0.453581,-0.296492
0.027715,0.108716,0.005271,0.035979,-0.025790,-0.012856,-0.021920,-0.648666,-0.411571,-0.331828,-0.056574,-0.432315,0.503726,-0.306362
0.023782,0.111305,0.007222,0.035913,-0.026616,-0.011259,-0.070321,-0.722900,-0.229043,-0.446080,-0.155197,-0.374164,0.545258,-0.243007
0.020410,0.113305,0.008610,0.034373,-0.022596,-0.008677,-0.120758,-0.827842,0.252887,-0.666911,-0.143206,-0.215395,0.694147,-0.305415
0.017262,0.115145,0.009347,0.031695,-0.019704,-0.004253,-0.081425,-0.810165,0.169830,-0.678713,-0.033839,-0.264080,0.744212,-0.437699
0.015263,0.117097,0.008576,0.027119,-0.023735,0.004817,-0.008532,-0.668532,-0.056094,-0.638599,0.177931,-0.320021,0.657385,-0.536882
0.013961,0.119206,0.006505,0.022683,-0.024302,0.011950,-0.048489,-0.583979,0.036983,-0.675134,0.177500,-0.244337,0.602227,-0.487578
0.013383,0.120694,0.003952,0.018251,-0.019084,0.015950,-0.150265,-0.528549,0.421587,-0.792755,0.121736,-0.145918,0.478511,-0.334984
0.013392,0.121922,0.000871,0.012733,-0.014990,0.017784,-0.171034,-0.463954,0.584442,-0.814216,0.208621,-0.167145,0.435776,-0.341117
0.013653,0.122733,-0.001584,0.008078,-0.010920,0.015336,-0.110573,-0.367917,0.458730,-0.721811,0.365171,-0.271935,0.441302,-0.456143
0.014139,0.123028,-0.003699,0.003619,-0.004272,0.012206,-0.068440,-0.296107,0.421767,-0.616631,0.433366,-0.253828,0.374199,-0.459803
0.014551,0.122235,-0.004716,-0.000225,0.008902,0.006351,-0.041105,-0.288934,0.409479,-0.481804,0.389065,-0.159276,0.246776,-0.354857
0.014874,0.120718,-0.004612,-0.003990,0.016731,-0.000598,-0.011678,-0.274885,0.332509,-0.339754,0.353180,-0.193266,0.154917,-0.273241
0.014861,0.119269,-0.003159,-0.006399,0.018027,-0.009077,0.030617,-0.246656,0.107286,-0.148546,0.299666,-0.364067,0.168122,-0.253856
0.014657,0.117603,-0.000719,-0.007817,0.019532,-0.014085,0.088139,-0.289974,-0.070361,0.049430,0.215728,-0.435630,0.218279,-0.239917
0.014455,0.115987,0.001787,-0.008617,0.020561,-0.015655,0.137743,-0.440706,-0.143406,0.207427,0.074461,-0.349007,0.270142,-0.181753
0.014456,0.114051,0.004239,-0.009841,0.022482,-0.014157,0.143948,-0.520532,-0.122495,0.264597,-0.033199,-0.308929,0.342554,-0.141544
0.014793,0.112106,0.005950,-0.011305,0.024028,-0.010688,0.126764,-0.523920,-0.026028,0.242679,-0.068973,-0.390941,0.484932,-0.184591
0.015497,0.110015,0.007116,-0.012250,0.023568,-0.006724,0.123097,-0.474622,0.010401,0.235455,-0.018111,-0.413160,0.550610,-0.251570
0.016421,0.108804,0.007602,-0.013002,0.014700,-0.003040,0.137324,-0.396729,0.003389,0.232000,0.097108,-0.300376,0.528939,-0.316325
0.018178,0.108162,0.006693,-0.015901,0.006537,0.005248,0.118080,-0.341974,0.065474,0.208671,0.154589,-0.233572,0.456551,-0.290523
0.020418,0.108780,0.004624,-0.018292,-0.008792,0.012931,0.075592,-0.378903,0.280920,0.149176,0.158339,-0.253845,0.322926,-0.174406
0.022588,0.110872,0.002973,-0.017643,-0.024158,0.009520,0.031589,-0.364385,0.590247,0.059225,0.211094,-0.269279,0.303906,-0.160454
0.024560,0.112827,0.001496,-0.017361,-0.024542,0.009236,0.028427,-0.418666,0.923355,-0.086520,0.270073,-0.275852,0.457093,-0.282784
0.027039,0.115123,-0.000585,-0.019159,-0.027042,0.012013,0.124054,-0.576552,0.852431,-0.057071,0.334849,-0.265582,0.386244,-0.323496
0.029187,0.117137,-0.001910,-0.019856,-0.025308,0.008272,0.181299,-0.530959,0.651749,-0.031631,0.449461,-0.209766,0.256651,-0.359464
0.031108,0.119503,-0.002341,-0.019376,-0.026448,0.002491,0.137111,-0.502242,0.915482,-0.148961,0.350371,-0.228692,0.413503,-0.364391
0.032304,0.120784,-0.001390,-0.018480,-0.014148,-0.005940,0.125520,-0.539808,0.980973,-0.092331,0.223802,-0.288145,0.373923,-0.255128
0.032579,0.121505,0.001689,-0.015878,-0.004554,-0.017762,0.236091,-0.600939,0.649341,0.057744,0.361064,-0.238497,0.218062,-0.312511
0.031992,0.121404,0.006103,-0.013100,0.006450,-0.027584,0.316560,-0.601644,0.271913,0.222413,0.334278,-0.278894,0.293764,-0.376582
0.030866,0.120610,0.011775,-0.011463,0.014780,-0.032739,0.323411,-0.671809,0.109123,0.340663,0.067818,-0.419880,0.342684,-0.248638
0.029690,0.118988,0.017143,-0.010255,0.025291,-0.033529,0.312433,-0.718603,-0.069181,0.447149,-0.097749,-0.407779,0.304539,-0.126360
0.028602,0.116622,0.022395,-0.009669,0.031216,-0.030315,0.332568,-0.738075,-0.256250,0.503471,-0.159475,-0.356715,0.465957,-0.212828
0.028120,0.114298,0.025896,-0.009560,0.031339,-0.021887,0.302391,-0.683177,-0.360990,0.537533,-0.223047,-0.432010,0.589504,-0.244366
0.028365,0.111655,0.027467,-0.008884,0.030541,-0.009056,0.227033,-0.567682,-0.310446,0.489939,-0.200182,-0.406106,0.557135,-0.198118
0.028709,0.109717,0.027797,-0.005484,0.023414,-0.002067,0.152674,-0.487083,-0.134957,0.386569,-0.140094,-0.281305,0.555941,-0.190877
0.029283,0.108690,0.027000,-0.003290,0.010498,0.004600,0.071444,-0.386013,0.056556,0.262051,-0.042517,-0.265367,0.539724,-0.204526
0.030294,0.107986,0.024683,-0.002624,0.005811,0.014474,0.033262,-0.360361,0.148772,0.149252,0.082726,-0.315696,0.446282,-0.215235
0.031974,0.107506,0.020486,-0.002839,0.000782,0.024226,0.018022,-0.401234,0.304687,0.024686,0.192847,-0.282415,0.364302,-0.227833
0.034210,0.107487,0.014952,-0.004433,-0.006582,0.034575,-0.042269,-0.321691,0.530244,-0.153220,0.239378,-0.239055,0.420521,-0.267620
0.038534,0.109963,0.005298,-0.011866,-0.039161,0.055712,-0.099358,-0.211671,0.782864,-0.339184,0.306779,-0.252200,0.483523,-0.326436
0.042982,0.114608,-0.003836,-0.015571,-0.068947,0.057045,-0.125177,-0.109689,0.975245,-0.443650,0.502059,-0.188510,0.356984,-0.365049
0.046880,0.121114,-0.010987,-0.014673,-0.082457,0.041270,-0.208239,-0.108169,1.000000,-0.730665,0.713307,0.010139,0.273235,-0.386133
0.049945,0.126856,-0.015964,-0.014016,-0.077267,0.031113,-0.174727,-0.283643,1.000000,-0.758471,0.715901,0.015358,0.149483,-0.309687
0.052224,0.133678,-0.019168,-0.011046,-0.080584,0.018487,-0.026420,-0.462370,1.000000,-0.542623,0.695005,-0.138537,-0.011293,-0.283845
0.052185,0.140942,-0.018547,-0.002633,-0.085244,-0.003879,0.033351,-0.519892,1.000000,-0.477392,0.601134,-0.265747,0.169909,-0.351956
0.049168,0.149434,-0.013565,0.008846,-0.084550,-0.028747,0.075088,-0.709181,1.000000,-0.474045,0.346297,-0.276917,0.414188,-0.324709
0.043617,0.157058,-0.005173,0.018975,-0.075915,-0.052427,0.237524,-1.000000,1.000000,-0.274518,0.230673,-0.198667,0.329180,-0.289476
0.035259,0.164646,0.006897,0.026076,-0.066464,-0.069638,0.396401,-1.000000,0.556001,-0.119009,0.135316,-0.227413,0.308578,-0.321183
0.026179,0.170625,0.019557,0.029821,-0.056029,-0.079126,0.458054,-1.000000,-0.007914,-0.065292,-0.155324,-0.408629,0.432809,-0.256431
0.016343,0.176557,0.032858,0.029515,-0.054821,-0.076760,0.466741,-1.000000,-0.379309,0.009648,-0.439194,-0.438561,0.345935,-0.109282
0.007474,0.180872,0.044267,0.030154,-0.045764,-0.071316,0.458997,-1.000000,-0.642820,0.048627,-0.588083,-0.345437,0.348412,-0.111312
-0.001319,0.184667,0.054909,0.030122,-0.040043,-0.061356,0.389174,-1.000000,-0.592645,0.017662,-0.717307,-0.375091,0.475362,-0.106608
-0.008127,0.187249,0.062437,0.029063,-0.031726,-0.047055,0.291158,-1.000000,-0.605756,-0.045660,-0.772700,-0.439343,0.523517,-0.065783
-0.013821,0.189252,0.067875,0.027453,-0.023843,-0.031387,0.252015,-1.000000,-0.609116,-0.146705,-0.671966,-0.377670,0.567241,-0.143476
-0.017300,0.190799,0.070180,0.025059,-0.019652,-0.014393,0.179510,-1.000000,-0.516838,-0.280412,-0.579249,-0.324960,0.668657,-0.243438
-0.019272,0.191655,0.070104,0.022199,-0.009370,0.000440,0.064556,-1.000000,-0.361856,-0.476765,-0.492393,-0.309487,0.681071,-0.271168
-0.019421,0.191621,0.067809,0.018224,0.001998,0.014343,-0.038193,-1.000000,-0.119824,-0.678176,-0.331526,-0.255486,0.698356,-0.335011
-0.017937,0.191406,0.063299,0.013543,0.005176,0.026012,-0.095240,-0.940423,-0.035788,-0.780355,-0.164663,-0.241707,0.771523,-0.457478
-0.014858,0.191675,0.057202,0.007026,0.000467,0.038103,-0.135678,-0.642887,0.034688,-0.843493,0.029800,-0.253509,0.796327,-0.556084
-0.009952,0.191397,0.049111,-0.000323,0.006533,0.046719,-0.187020,-0.440325,0.271322,-0.897167,0.173948,-0.195566,0.734198,-0.559920
-0.004248,0.190500,0.040697,-0.007626,0.013010,0.052547,-0.226099,-0.326458,0.593249,-0.890960,0.329795,-0.049043,0.436909,-0.448358
0.003500,0.189716,0.030352,-0.017104,0.009032,0.059709,-0.210196,-0.136558,0.684575,-0.780311,0.499586,-0.016892,0.222059,-0.411189
0.011734,0.189103,0.020259,-0.026452,0.004831,0.063082,-0.187707,0.007848,0.758139,-0.692313,0.576551,-0.171644,0.169438,-0.399747
0.020629,0.188061,0.010314,-0.032892,0.006416,0.057375,-0.200807,0.066220,1.000000,-0.635130,0.612854,-0.181719,0.068623,-0.305313
0.028121,0.186791,0.003017,-0.037927,0.008891,0.045592,-0.167841,0.074484,1.000000,-0.517612,0.678612,-0.049026,0.025228,-0.292338
